ticker,original_sector,repaired_sector,repaired_industry,source_file_or_source_family,source_file,source_field,confidence,reason
A,Unknown,Health Care,Life Sciences Tools & Services,eodhd_raw_fundamentals(General.GicSector),research/data/eodhd/raw/fundamentals/A.json,General.GicSector,HIGH,owned EODHD fundamentals General.GicSector in the canonical 11-bucket GICS taxonomy - directly comparable to the curated map; current-as-of (not PIT) classification used only as a neutralisation grouping
ABNB,Unknown,Consumer Discretionary,"Hotels, Restaurants & Leisure",eodhd_raw_fundamentals(General.GicSector),research/data/eodhd/raw/fundamentals/ABNB.json,General.GicSector,HIGH,owned EODHD fundamentals General.GicSector in the canonical 11-bucket GICS taxonomy - directly comparable to the curated map; current-as-of (not PIT) classification used only as a neutralisation grouping
ACGL,Unknown,Financials,Insurance,eodhd_raw_fundamentals(General.GicSector),research/data/eodhd/raw/fundamentals/ACGL.json,General.GicSector,HIGH,owned EODHD fundamentals General.GicSector in the canonical 11-bucket GICS taxonomy - directly comparable to the curated map; current-as-of (not PIT) classification used only as a neutralisation grouping
ADM,Unknown,Consumer Staples,Food Products,eodhd_raw_fundamentals(General.GicSector),research/data/eodhd/raw/fundamentals/ADM.json,General.GicSector,HIGH,owned EODHD fundamentals General.GicSector in the canonical 11-bucket GICS taxonomy - directly comparable to the curated map; current-as-of (not PIT) classification used only as a neutralisation grouping
ADSK,Unknown,Information Technology,Software,eodhd_raw_fundamentals(General.GicSector),research/data/eodhd/raw/fundamentals/ADSK.json,General.GicSector,HIGH,owned EODHD fundamentals General.GicSector in the canonical 11-bucket GICS taxonomy - directly comparable to the curated map; current-as-of (not PIT) classification used only as a neutralisation grouping
AEE,Unknown,Utilities,Multi-Utilities,eodhd_raw_fundamentals(General.GicSector),research/data/eodhd/raw/fundamentals/AEE.json,General.GicSector,HIGH,owned EODHD fundamentals General.GicSector in the canonical 11-bucket GICS taxonomy - directly comparable to the curated map; current-as-of (not PIT) classification used only as a neutralisation grouping
AEM,Unknown,Materials,Metals & Mining,eodhd_raw_fundamentals(General.GicSector),research/data/eodhd/raw/fundamentals/AEM.json,General.GicSector,HIGH,owned EODHD fundamentals General.GicSector in the canonical 11-bucket GICS taxonomy - directly comparable to the curated map; current-as-of (not PIT) classification used only as a neutralisation grouping
AEP,Unknown,Utilities,Electric Utilities,eodhd_raw_fundamentals(General.GicSector),research/data/eodhd/raw/fundamentals/AEP.json,General.GicSector,HIGH,owned EODHD fundamentals General.GicSector in the canonical 11-bucket GICS taxonomy - directly comparable to the curated map; current-as-of (not PIT) classification used only as a neutralisation grouping
AES,Unknown,Utilities,Independent Power and Renewable Electricity Producers,eodhd_raw_fundamentals(General.GicSector),research/data/eodhd/raw/fundamentals/AES.json,General.GicSector,HIGH,owned EODHD fundamentals General.GicSector in the canonical 11-bucket GICS taxonomy - directly comparable to the curated map; current-as-of (not PIT) classification used only as a neutralisation grouping
AFL,Unknown,Financials,Insurance,eodhd_raw_fundamentals(General.GicSector),research/data/eodhd/raw/fundamentals/AFL.json,General.GicSector,HIGH,owned EODHD fundamentals General.GicSector in the canonical 11-bucket GICS taxonomy - directly comparable to the curated map; current-as-of (not PIT) classification used only as a neutralisation grouping
AIG,Unknown,Financials,Insurance,eodhd_raw_fundamentals(General.GicSector),research/data/eodhd/raw/fundamentals/AIG.json,General.GicSector,HIGH,owned EODHD fundamentals General.GicSector in the canonical 11-bucket GICS taxonomy - directly comparable to the curated map; current-as-of (not PIT) classification used only as a neutralisation grouping
AIZ,Unknown,Financials,Insurance,eodhd_raw_fundamentals(General.GicSector),research/data/eodhd/raw/fundamentals/AIZ.json,General.GicSector,HIGH,owned EODHD fundamentals General.GicSector in the canonical 11-bucket GICS taxonomy - directly comparable to the curated map; current-as-of (not PIT) classification used only as a neutralisation grouping
AJG,Unknown,Financials,Insurance,eodhd_raw_fundamentals(General.GicSector),research/data/eodhd/raw/fundamentals/AJG.json,General.GicSector,HIGH,owned EODHD fundamentals General.GicSector in the canonical 11-bucket GICS taxonomy - directly comparable to the curated map; current-as-of (not PIT) classification used only as a neutralisation grouping
AKAM,Unknown,Information Technology,IT Services,eodhd_raw_fundamentals(General.GicSector),research/data/eodhd/raw/fundamentals/AKAM.json,General.GicSector,HIGH,owned EODHD fundamentals General.GicSector in the canonical 11-bucket GICS taxonomy - directly comparable to the curated map; current-as-of (not PIT) classification used only as a neutralisation grouping
ALAB,Unknown,Information Technology,Semiconductors & Semiconductor Equipment,eodhd_raw_fundamentals(General.GicSector),research/data/eodhd/raw/fundamentals/ALAB.json,General.GicSector,HIGH,owned EODHD fundamentals General.GicSector in the canonical 11-bucket GICS taxonomy - directly comparable to the curated map; current-as-of (not PIT) classification used only as a neutralisation grouping
ALB,Unknown,Materials,Chemicals,eodhd_raw_fundamentals(General.GicSector),research/data/eodhd/raw/fundamentals/ALB.json,General.GicSector,HIGH,owned EODHD fundamentals General.GicSector in the canonical 11-bucket GICS taxonomy - directly comparable to the curated map; current-as-of (not PIT) classification used only as a neutralisation grouping
ALGN,Unknown,Health Care,Health Care Equipment & Supplies,eodhd_raw_fundamentals(General.GicSector),research/data/eodhd/raw/fundamentals/ALGN.json,General.GicSector,HIGH,owned EODHD fundamentals General.GicSector in the canonical 11-bucket GICS taxonomy - directly comparable to the curated map; current-as-of (not PIT) classification used only as a neutralisation grouping
ALL,Unknown,Financials,Insurance,eodhd_raw_fundamentals(General.GicSector),research/data/eodhd/raw/fundamentals/ALL.json,General.GicSector,HIGH,owned EODHD fundamentals General.GicSector in the canonical 11-bucket GICS taxonomy - directly comparable to the curated map; current-as-of (not PIT) classification used only as a neutralisation grouping
ALLE,Unknown,Industrials,Building Products,eodhd_raw_fundamentals(General.GicSector),research/data/eodhd/raw/fundamentals/ALLE.json,General.GicSector,HIGH,owned EODHD fundamentals General.GicSector in the canonical 11-bucket GICS taxonomy - directly comparable to the curated map; current-as-of (not PIT) classification used only as a neutralisation grouping
AMCR,Unknown,Materials,Containers & Packaging,eodhd_raw_fundamentals(General.GicSector),research/data/eodhd/raw/fundamentals/AMCR.json,General.GicSector,HIGH,owned EODHD fundamentals General.GicSector in the canonical 11-bucket GICS taxonomy - directly comparable to the curated map; current-as-of (not PIT) classification used only as a neutralisation grouping
AME,Unknown,Industrials,Electrical Equipment,eodhd_raw_fundamentals(General.GicSector),research/data/eodhd/raw/fundamentals/AME.json,General.GicSector,HIGH,owned EODHD fundamentals General.GicSector in the canonical 11-bucket GICS taxonomy - directly comparable to the curated map; current-as-of (not PIT) classification used only as a neutralisation grouping
AMP,Unknown,Financials,Capital Markets,eodhd_raw_fundamentals(General.GicSector),research/data/eodhd/raw/fundamentals/AMP.json,General.GicSector,HIGH,owned EODHD fundamentals General.GicSector in the canonical 11-bucket GICS taxonomy - directly comparable to the curated map; current-as-of (not PIT) classification used only as a neutralisation grouping
AMT,Unknown,Real Estate,Specialized REITs,eodhd_raw_fundamentals(General.GicSector),research/data/eodhd/raw/fundamentals/AMT.json,General.GicSector,HIGH,owned EODHD fundamentals General.GicSector in the canonical 11-bucket GICS taxonomy - directly comparable to the curated map; current-as-of (not PIT) classification used only as a neutralisation grouping
AMX,Unknown,Communication Services,Wireless Telecommunication Services,eodhd_raw_fundamentals(General.GicSector),research/data/eodhd/raw/fundamentals/AMX.json,General.GicSector,HIGH,owned EODHD fundamentals General.GicSector in the canonical 11-bucket GICS taxonomy - directly comparable to the curated map; current-as-of (not PIT) classification used only as a neutralisation grouping
ANET,Unknown,Information Technology,Communications Equipment,eodhd_raw_fundamentals(General.GicSector),research/data/eodhd/raw/fundamentals/ANET.json,General.GicSector,HIGH,owned EODHD fundamentals General.GicSector in the canonical 11-bucket GICS taxonomy - directly comparable to the curated map; current-as-of (not PIT) classification used only as a neutralisation grouping
AOS,Unknown,Industrials,Building Products,eodhd_raw_fundamentals(General.GicSector),research/data/eodhd/raw/fundamentals/AOS.json,General.GicSector,HIGH,owned EODHD fundamentals General.GicSector in the canonical 11-bucket GICS taxonomy - directly comparable to the curated map; current-as-of (not PIT) classification used only as a neutralisation grouping
APA,Unknown,Energy,"Oil, Gas & Consumable Fuels",eodhd_raw_fundamentals(General.GicSector),research/data/eodhd/raw/fundamentals/APA.json,General.GicSector,HIGH,owned EODHD fundamentals General.GicSector in the canonical 11-bucket GICS taxonomy - directly comparable to the curated map; current-as-of (not PIT) classification used only as a neutralisation grouping
APO,Unknown,Financials,Capital Markets,eodhd_raw_fundamentals(General.GicSector),research/data/eodhd/raw/fundamentals/APO.json,General.GicSector,HIGH,owned EODHD fundamentals General.GicSector in the canonical 11-bucket GICS taxonomy - directly comparable to the curated map; current-as-of (not PIT) classification used only as a neutralisation grouping
APP,Unknown,Information Technology,Software,eodhd_raw_fundamentals(General.GicSector),research/data/eodhd/raw/fundamentals/APP.json,General.GicSector,HIGH,owned EODHD fundamentals General.GicSector in the canonical 11-bucket GICS taxonomy - directly comparable to the curated map; current-as-of (not PIT) classification used only as a neutralisation grouping
APTV,Unknown,Consumer Discretionary,Automobile Components,eodhd_raw_fundamentals(General.GicSector),research/data/eodhd/raw/fundamentals/APTV.json,General.GicSector,HIGH,owned EODHD fundamentals General.GicSector in the canonical 11-bucket GICS taxonomy - directly comparable to the curated map; current-as-of (not PIT) classification used only as a neutralisation grouping
ARE,Unknown,Real Estate,Diversified REITs,eodhd_raw_fundamentals(General.GicSector),research/data/eodhd/raw/fundamentals/ARE.json,General.GicSector,HIGH,owned EODHD fundamentals General.GicSector in the canonical 11-bucket GICS taxonomy - directly comparable to the curated map; current-as-of (not PIT) classification used only as a neutralisation grouping
ARES,Unknown,Financials,Capital Markets,eodhd_raw_fundamentals(General.GicSector),research/data/eodhd/raw/fundamentals/ARES.json,General.GicSector,HIGH,owned EODHD fundamentals General.GicSector in the canonical 11-bucket GICS taxonomy - directly comparable to the curated map; current-as-of (not PIT) classification used only as a neutralisation grouping
ARM,Unknown,Information Technology,Semiconductors & Semiconductor Equipment,eodhd_raw_fundamentals(General.GicSector),research/data/eodhd/raw/fundamentals/ARM.json,General.GicSector,HIGH,owned EODHD fundamentals General.GicSector in the canonical 11-bucket GICS taxonomy - directly comparable to the curated map; current-as-of (not PIT) classification used only as a neutralisation grouping
ASML,Unknown,Information Technology,Semiconductors & Semiconductor Equipment,eodhd_raw_fundamentals(General.GicSector),research/data/eodhd/raw/fundamentals/ASML.json,General.GicSector,HIGH,owned EODHD fundamentals General.GicSector in the canonical 11-bucket GICS taxonomy - directly comparable to the curated map; current-as-of (not PIT) classification used only as a neutralisation grouping
ASX,Unknown,Information Technology,Semiconductors & Semiconductor Equipment,eodhd_raw_fundamentals(General.GicSector),research/data/eodhd/raw/fundamentals/ASX.json,General.GicSector,HIGH,owned EODHD fundamentals General.GicSector in the canonical 11-bucket GICS taxonomy - directly comparable to the curated map; current-as-of (not PIT) classification used only as a neutralisation grouping
ATEYY,Unknown,Information Technology,Semiconductors & Semiconductor Equipment,eodhd_raw_fundamentals(General.GicSector),research/data/eodhd/raw/fundamentals/ATEYY.json,General.GicSector,HIGH,owned EODHD fundamentals General.GicSector in the canonical 11-bucket GICS taxonomy - directly comparable to the curated map; current-as-of (not PIT) classification used only as a neutralisation grouping
ATO,Unknown,Utilities,Gas Utilities,eodhd_raw_fundamentals(General.GicSector),research/data/eodhd/raw/fundamentals/ATO.json,General.GicSector,HIGH,owned EODHD fundamentals General.GicSector in the canonical 11-bucket GICS taxonomy - directly comparable to the curated map; current-as-of (not PIT) classification used only as a neutralisation grouping
AVB,Unknown,Real Estate,Residential REITs,eodhd_raw_fundamentals(General.GicSector),research/data/eodhd/raw/fundamentals/AVB.json,General.GicSector,HIGH,owned EODHD fundamentals General.GicSector in the canonical 11-bucket GICS taxonomy - directly comparable to the curated map; current-as-of (not PIT) classification used only as a neutralisation grouping
AVY,Unknown,Materials,Containers & Packaging,eodhd_raw_fundamentals(General.GicSector),research/data/eodhd/raw/fundamentals/AVY.json,General.GicSector,HIGH,owned EODHD fundamentals General.GicSector in the canonical 11-bucket GICS taxonomy - directly comparable to the curated map; current-as-of (not PIT) classification used only as a neutralisation grouping
AWK,Unknown,Utilities,Water Utilities,eodhd_raw_fundamentals(General.GicSector),research/data/eodhd/raw/fundamentals/AWK.json,General.GicSector,HIGH,owned EODHD fundamentals General.GicSector in the canonical 11-bucket GICS taxonomy - directly comparable to the curated map; current-as-of (not PIT) classification used only as a neutralisation grouping
AXON,Unknown,Industrials,Aerospace & Defense,eodhd_raw_fundamentals(General.GicSector),research/data/eodhd/raw/fundamentals/AXON.json,General.GicSector,HIGH,owned EODHD fundamentals General.GicSector in the canonical 11-bucket GICS taxonomy - directly comparable to the curated map; current-as-of (not PIT) classification used only as a neutralisation grouping
AZN,Unknown,Health Care,Pharmaceuticals,eodhd_raw_fundamentals(General.GicSector),research/data/eodhd/raw/fundamentals/AZN.json,General.GicSector,HIGH,owned EODHD fundamentals General.GicSector in the canonical 11-bucket GICS taxonomy - directly comparable to the curated map; current-as-of (not PIT) classification used only as a neutralisation grouping
AZO,Unknown,Consumer Discretionary,Specialty Retail,eodhd_raw_fundamentals(General.GicSector),research/data/eodhd/raw/fundamentals/AZO.json,General.GicSector,HIGH,owned EODHD fundamentals General.GicSector in the canonical 11-bucket GICS taxonomy - directly comparable to the curated map; current-as-of (not PIT) classification used only as a neutralisation grouping
B,Unknown,Materials,Metals & Mining,eodhd_raw_fundamentals(General.GicSector),research/data/eodhd/raw/fundamentals/B.json,General.GicSector,HIGH,owned EODHD fundamentals General.GicSector in the canonical 11-bucket GICS taxonomy - directly comparable to the curated map; current-as-of (not PIT) classification used only as a neutralisation grouping
BABA,Unknown,Consumer Discretionary,Broadline Retail,eodhd_raw_fundamentals(General.GicSector),research/data/eodhd/raw/fundamentals/BABA.json,General.GicSector,HIGH,owned EODHD fundamentals General.GicSector in the canonical 11-bucket GICS taxonomy - directly comparable to the curated map; current-as-of (not PIT) classification used only as a neutralisation grouping
BAESY,Unknown,Industrials,Aerospace & Defense,eodhd_raw_fundamentals(General.GicSector),research/data/eodhd/raw/fundamentals/BAESY.json,General.GicSector,HIGH,owned EODHD fundamentals General.GicSector in the canonical 11-bucket GICS taxonomy - directly comparable to the curated map; current-as-of (not PIT) classification used only as a neutralisation grouping
BALL,Unknown,Materials,Containers & Packaging,eodhd_raw_fundamentals(General.GicSector),research/data/eodhd/raw/fundamentals/BALL.json,General.GicSector,HIGH,owned EODHD fundamentals General.GicSector in the canonical 11-bucket GICS taxonomy - directly comparable to the curated map; current-as-of (not PIT) classification used only as a neutralisation grouping
BAM,Unknown,Financials,Capital Markets,eodhd_raw_fundamentals(General.GicSector),research/data/eodhd/raw/fundamentals/BAM.json,General.GicSector,HIGH,owned EODHD fundamentals General.GicSector in the canonical 11-bucket GICS taxonomy - directly comparable to the curated map; current-as-of (not PIT) classification used only as a neutralisation grouping
BAX,Unknown,Health Care,Health Care Equipment & Supplies,eodhd_raw_fundamentals(General.GicSector),research/data/eodhd/raw/fundamentals/BAX.json,General.GicSector,HIGH,owned EODHD fundamentals General.GicSector in the canonical 11-bucket GICS taxonomy - directly comparable to the curated map; current-as-of (not PIT) classification used only as a neutralisation grouping
BBVA,Unknown,Financials,Banks,eodhd_raw_fundamentals(General.GicSector),research/data/eodhd/raw/fundamentals/BBVA.json,General.GicSector,HIGH,owned EODHD fundamentals General.GicSector in the canonical 11-bucket GICS taxonomy - directly comparable to the curated map; current-as-of (not PIT) classification used only as a neutralisation grouping
BBY,Unknown,Consumer Discretionary,Specialty Retail,eodhd_raw_fundamentals(General.GicSector),research/data/eodhd/raw/fundamentals/BBY.json,General.GicSector,HIGH,owned EODHD fundamentals General.GicSector in the canonical 11-bucket GICS taxonomy - directly comparable to the curated map; current-as-of (not PIT) classification used only as a neutralisation grouping
BCS,Unknown,Financials,Banks,eodhd_raw_fundamentals(General.GicSector),research/data/eodhd/raw/fundamentals/BCS.json,General.GicSector,HIGH,owned EODHD fundamentals General.GicSector in the canonical 11-bucket GICS taxonomy - directly comparable to the curated map; current-as-of (not PIT) classification used only as a neutralisation grouping
BDX,Unknown,Health Care,Health Care Equipment & Supplies,eodhd_raw_fundamentals(General.GicSector),research/data/eodhd/raw/fundamentals/BDX.json,General.GicSector,HIGH,owned EODHD fundamentals General.GicSector in the canonical 11-bucket GICS taxonomy - directly comparable to the curated map; current-as-of (not PIT) classification used only as a neutralisation grouping
BE,Unknown,Industrials,Electrical Equipment,eodhd_raw_fundamentals(General.GicSector),research/data/eodhd/raw/fundamentals/BE.json,General.GicSector,HIGH,owned EODHD fundamentals General.GicSector in the canonical 11-bucket GICS taxonomy - directly comparable to the curated map; current-as-of (not PIT) classification used only as a neutralisation grouping
BEN,Unknown,Financials,Capital Markets,eodhd_raw_fundamentals(General.GicSector),research/data/eodhd/raw/fundamentals/BEN.json,General.GicSector,HIGH,owned EODHD fundamentals General.GicSector in the canonical 11-bucket GICS taxonomy - directly comparable to the curated map; current-as-of (not PIT) classification used only as a neutralisation grouping
BG,Unknown,Consumer Staples,Food Products,eodhd_raw_fundamentals(General.GicSector),research/data/eodhd/raw/fundamentals/BG.json,General.GicSector,HIGH,owned EODHD fundamentals General.GicSector in the canonical 11-bucket GICS taxonomy - directly comparable to the curated map; current-as-of (not PIT) classification used only as a neutralisation grouping
BHP,Unknown,Materials,Metals & Mining,eodhd_raw_fundamentals(General.GicSector),research/data/eodhd/raw/fundamentals/BHP.json,General.GicSector,HIGH,owned EODHD fundamentals General.GicSector in the canonical 11-bucket GICS taxonomy - directly comparable to the curated map; current-as-of (not PIT) classification used only as a neutralisation grouping
BIIB,Unknown,Health Care,Biotechnology,eodhd_raw_fundamentals(General.GicSector),research/data/eodhd/raw/fundamentals/BIIB.json,General.GicSector,HIGH,owned EODHD fundamentals General.GicSector in the canonical 11-bucket GICS taxonomy - directly comparable to the curated map; current-as-of (not PIT) classification used only as a neutralisation grouping
BKR,Unknown,Energy,Energy Equipment & Services,eodhd_raw_fundamentals(General.GicSector),research/data/eodhd/raw/fundamentals/BKR.json,General.GicSector,HIGH,owned EODHD fundamentals General.GicSector in the canonical 11-bucket GICS taxonomy - directly comparable to the curated map; current-as-of (not PIT) classification used only as a neutralisation grouping
BLDR,Unknown,Industrials,Building Products,eodhd_raw_fundamentals(General.GicSector),research/data/eodhd/raw/fundamentals/BLDR.json,General.GicSector,HIGH,owned EODHD fundamentals General.GicSector in the canonical 11-bucket GICS taxonomy - directly comparable to the curated map; current-as-of (not PIT) classification used only as a neutralisation grouping
BMO,Unknown,Financials,Banks,eodhd_raw_fundamentals(General.GicSector),research/data/eodhd/raw/fundamentals/BMO.json,General.GicSector,HIGH,owned EODHD fundamentals General.GicSector in the canonical 11-bucket GICS taxonomy - directly comparable to the curated map; current-as-of (not PIT) classification used only as a neutralisation grouping
BN,Unknown,Financials,Capital Markets,eodhd_raw_fundamentals(General.GicSector),research/data/eodhd/raw/fundamentals/BN.json,General.GicSector,HIGH,owned EODHD fundamentals General.GicSector in the canonical 11-bucket GICS taxonomy - directly comparable to the curated map; current-as-of (not PIT) classification used only as a neutralisation grouping
BNS,Unknown,Financials,Banks,eodhd_raw_fundamentals(General.GicSector),research/data/eodhd/raw/fundamentals/BNS.json,General.GicSector,HIGH,owned EODHD fundamentals General.GicSector in the canonical 11-bucket GICS taxonomy - directly comparable to the curated map; current-as-of (not PIT) classification used only as a neutralisation grouping
BNY,Unknown,Financials,Banks - Diversified,eodhd_raw_fundamentals(General.Sector->GICS_crosswalk),research/data/eodhd/raw/fundamentals/BNY.json,General.Sector,MEDIUM,owned EODHD fundamentals General.Sector (Morningstar taxonomy) mapped to GICS via the documented 1:1 crosswalk (GicSector was blank); current-as-of (not PIT) classification used only as a grouping
BP,Unknown,Energy,"Oil, Gas & Consumable Fuels",eodhd_raw_fundamentals(General.GicSector),research/data/eodhd/raw/fundamentals/BP.json,General.GicSector,HIGH,owned EODHD fundamentals General.GicSector in the canonical 11-bucket GICS taxonomy - directly comparable to the curated map; current-as-of (not PIT) classification used only as a neutralisation grouping
BR,Unknown,Industrials,Professional Services,eodhd_raw_fundamentals(General.GicSector),research/data/eodhd/raw/fundamentals/BR.json,General.GicSector,HIGH,owned EODHD fundamentals General.GicSector in the canonical 11-bucket GICS taxonomy - directly comparable to the curated map; current-as-of (not PIT) classification used only as a neutralisation grouping
BRO,Unknown,Financials,Insurance,eodhd_raw_fundamentals(General.GicSector),research/data/eodhd/raw/fundamentals/BRO.json,General.GicSector,HIGH,owned EODHD fundamentals General.GicSector in the canonical 11-bucket GICS taxonomy - directly comparable to the curated map; current-as-of (not PIT) classification used only as a neutralisation grouping
BTI,Unknown,Consumer Staples,Tobacco,eodhd_raw_fundamentals(General.GicSector),research/data/eodhd/raw/fundamentals/BTI.json,General.GicSector,HIGH,owned EODHD fundamentals General.GicSector in the canonical 11-bucket GICS taxonomy - directly comparable to the curated map; current-as-of (not PIT) classification used only as a neutralisation grouping
BUD,Unknown,Consumer Staples,Beverages,eodhd_raw_fundamentals(General.GicSector),research/data/eodhd/raw/fundamentals/BUD.json,General.GicSector,HIGH,owned EODHD fundamentals General.GicSector in the canonical 11-bucket GICS taxonomy - directly comparable to the curated map; current-as-of (not PIT) classification used only as a neutralisation grouping
BX,Unknown,Financials,Capital Markets,eodhd_raw_fundamentals(General.GicSector),research/data/eodhd/raw/fundamentals/BX.json,General.GicSector,HIGH,owned EODHD fundamentals General.GicSector in the canonical 11-bucket GICS taxonomy - directly comparable to the curated map; current-as-of (not PIT) classification used only as a neutralisation grouping
BXP,Unknown,Real Estate,Diversified REITs,eodhd_raw_fundamentals(General.GicSector),research/data/eodhd/raw/fundamentals/BXP.json,General.GicSector,HIGH,owned EODHD fundamentals General.GicSector in the canonical 11-bucket GICS taxonomy - directly comparable to the curated map; current-as-of (not PIT) classification used only as a neutralisation grouping
CAG,Unknown,Consumer Staples,Food Products,eodhd_raw_fundamentals(General.GicSector),research/data/eodhd/raw/fundamentals/CAG.json,General.GicSector,HIGH,owned EODHD fundamentals General.GicSector in the canonical 11-bucket GICS taxonomy - directly comparable to the curated map; current-as-of (not PIT) classification used only as a neutralisation grouping
CAH,Unknown,Health Care,Health Care Providers & Services,eodhd_raw_fundamentals(General.GicSector),research/data/eodhd/raw/fundamentals/CAH.json,General.GicSector,HIGH,owned EODHD fundamentals General.GicSector in the canonical 11-bucket GICS taxonomy - directly comparable to the curated map; current-as-of (not PIT) classification used only as a neutralisation grouping
CARR,Unknown,Industrials,Building Products,eodhd_raw_fundamentals(General.GicSector),research/data/eodhd/raw/fundamentals/CARR.json,General.GicSector,HIGH,owned EODHD fundamentals General.GicSector in the canonical 11-bucket GICS taxonomy - directly comparable to the curated map; current-as-of (not PIT) classification used only as a neutralisation grouping
CASY,Unknown,Consumer Staples,Consumer Staples Distribution & Retail,eodhd_raw_fundamentals(General.GicSector),research/data/eodhd/raw/fundamentals/CASY.json,General.GicSector,HIGH,owned EODHD fundamentals General.GicSector in the canonical 11-bucket GICS taxonomy - directly comparable to the curated map; current-as-of (not PIT) classification used only as a neutralisation grouping
CBOE,Unknown,Financials,Capital Markets,eodhd_raw_fundamentals(General.GicSector),research/data/eodhd/raw/fundamentals/CBOE.json,General.GicSector,HIGH,owned EODHD fundamentals General.GicSector in the canonical 11-bucket GICS taxonomy - directly comparable to the curated map; current-as-of (not PIT) classification used only as a neutralisation grouping
CBRE,Unknown,Real Estate,Real Estate Management & Development,eodhd_raw_fundamentals(General.GicSector),research/data/eodhd/raw/fundamentals/CBRE.json,General.GicSector,HIGH,owned EODHD fundamentals General.GicSector in the canonical 11-bucket GICS taxonomy - directly comparable to the curated map; current-as-of (not PIT) classification used only as a neutralisation grouping
CCI,Unknown,Real Estate,Specialized REITs,eodhd_raw_fundamentals(General.GicSector),research/data/eodhd/raw/fundamentals/CCI.json,General.GicSector,HIGH,owned EODHD fundamentals General.GicSector in the canonical 11-bucket GICS taxonomy - directly comparable to the curated map; current-as-of (not PIT) classification used only as a neutralisation grouping
CCL,Unknown,Consumer Discretionary,"Hotels, Restaurants & Leisure",eodhd_raw_fundamentals(General.GicSector),research/data/eodhd/raw/fundamentals/CCL.json,General.GicSector,HIGH,owned EODHD fundamentals General.GicSector in the canonical 11-bucket GICS taxonomy - directly comparable to the curated map; current-as-of (not PIT) classification used only as a neutralisation grouping
CDW,Unknown,Information Technology,"Electronic Equipment, Instruments & Components",eodhd_raw_fundamentals(General.GicSector),research/data/eodhd/raw/fundamentals/CDW.json,General.GicSector,HIGH,owned EODHD fundamentals General.GicSector in the canonical 11-bucket GICS taxonomy - directly comparable to the curated map; current-as-of (not PIT) classification used only as a neutralisation grouping
CEG,Unknown,Utilities,Electric Utilities,eodhd_raw_fundamentals(General.GicSector),research/data/eodhd/raw/fundamentals/CEG.json,General.GicSector,HIGH,owned EODHD fundamentals General.GicSector in the canonical 11-bucket GICS taxonomy - directly comparable to the curated map; current-as-of (not PIT) classification used only as a neutralisation grouping
CF,Unknown,Materials,Chemicals,eodhd_raw_fundamentals(General.GicSector),research/data/eodhd/raw/fundamentals/CF.json,General.GicSector,HIGH,owned EODHD fundamentals General.GicSector in the canonical 11-bucket GICS taxonomy - directly comparable to the curated map; current-as-of (not PIT) classification used only as a neutralisation grouping
CFG,Unknown,Financials,Banks,eodhd_raw_fundamentals(General.GicSector),research/data/eodhd/raw/fundamentals/CFG.json,General.GicSector,HIGH,owned EODHD fundamentals General.GicSector in the canonical 11-bucket GICS taxonomy - directly comparable to the curated map; current-as-of (not PIT) classification used only as a neutralisation grouping
CHD,Unknown,Consumer Staples,Household Products,eodhd_raw_fundamentals(General.GicSector),research/data/eodhd/raw/fundamentals/CHD.json,General.GicSector,HIGH,owned EODHD fundamentals General.GicSector in the canonical 11-bucket GICS taxonomy - directly comparable to the curated map; current-as-of (not PIT) classification used only as a neutralisation grouping
CHRW,Unknown,Industrials,Air Freight & Logistics,eodhd_raw_fundamentals(General.GicSector),research/data/eodhd/raw/fundamentals/CHRW.json,General.GicSector,HIGH,owned EODHD fundamentals General.GicSector in the canonical 11-bucket GICS taxonomy - directly comparable to the curated map; current-as-of (not PIT) classification used only as a neutralisation grouping
CHTR,Unknown,Communication Services,Media,eodhd_raw_fundamentals(General.GicSector),research/data/eodhd/raw/fundamentals/CHTR.json,General.GicSector,HIGH,owned EODHD fundamentals General.GicSector in the canonical 11-bucket GICS taxonomy - directly comparable to the curated map; current-as-of (not PIT) classification used only as a neutralisation grouping
CIEN,Unknown,Information Technology,Communications Equipment,eodhd_raw_fundamentals(General.GicSector),research/data/eodhd/raw/fundamentals/CIEN.json,General.GicSector,HIGH,owned EODHD fundamentals General.GicSector in the canonical 11-bucket GICS taxonomy - directly comparable to the curated map; current-as-of (not PIT) classification used only as a neutralisation grouping
CINF,Unknown,Financials,Insurance,eodhd_raw_fundamentals(General.GicSector),research/data/eodhd/raw/fundamentals/CINF.json,General.GicSector,HIGH,owned EODHD fundamentals General.GicSector in the canonical 11-bucket GICS taxonomy - directly comparable to the curated map; current-as-of (not PIT) classification used only as a neutralisation grouping
CLX,Unknown,Consumer Staples,Household Products,eodhd_raw_fundamentals(General.GicSector),research/data/eodhd/raw/fundamentals/CLX.json,General.GicSector,HIGH,owned EODHD fundamentals General.GicSector in the canonical 11-bucket GICS taxonomy - directly comparable to the curated map; current-as-of (not PIT) classification used only as a neutralisation grouping
CM,Unknown,Financials,Banks,eodhd_raw_fundamentals(General.GicSector),research/data/eodhd/raw/fundamentals/CM.json,General.GicSector,HIGH,owned EODHD fundamentals General.GicSector in the canonical 11-bucket GICS taxonomy - directly comparable to the curated map; current-as-of (not PIT) classification used only as a neutralisation grouping
CMCSA,Unknown,Communication Services,Media,eodhd_raw_fundamentals(General.GicSector),research/data/eodhd/raw/fundamentals/CMCSA.json,General.GicSector,HIGH,owned EODHD fundamentals General.GicSector in the canonical 11-bucket GICS taxonomy - directly comparable to the curated map; current-as-of (not PIT) classification used only as a neutralisation grouping
CMI,Unknown,Industrials,Machinery,eodhd_raw_fundamentals(General.GicSector),research/data/eodhd/raw/fundamentals/CMI.json,General.GicSector,HIGH,owned EODHD fundamentals General.GicSector in the canonical 11-bucket GICS taxonomy - directly comparable to the curated map; current-as-of (not PIT) classification used only as a neutralisation grouping
CMS,Unknown,Utilities,Multi-Utilities,eodhd_raw_fundamentals(General.GicSector),research/data/eodhd/raw/fundamentals/CMS.json,General.GicSector,HIGH,owned EODHD fundamentals General.GicSector in the canonical 11-bucket GICS taxonomy - directly comparable to the curated map; current-as-of (not PIT) classification used only as a neutralisation grouping
CNC,Unknown,Health Care,Health Care Providers & Services,eodhd_raw_fundamentals(General.GicSector),research/data/eodhd/raw/fundamentals/CNC.json,General.GicSector,HIGH,owned EODHD fundamentals General.GicSector in the canonical 11-bucket GICS taxonomy - directly comparable to the curated map; current-as-of (not PIT) classification used only as a neutralisation grouping
CNI,Unknown,Industrials,Ground Transportation,eodhd_raw_fundamentals(General.GicSector),research/data/eodhd/raw/fundamentals/CNI.json,General.GicSector,HIGH,owned EODHD fundamentals General.GicSector in the canonical 11-bucket GICS taxonomy - directly comparable to the curated map; current-as-of (not PIT) classification used only as a neutralisation grouping
CNP,Unknown,Utilities,Multi-Utilities,eodhd_raw_fundamentals(General.GicSector),research/data/eodhd/raw/fundamentals/CNP.json,General.GicSector,HIGH,owned EODHD fundamentals General.GicSector in the canonical 11-bucket GICS taxonomy - directly comparable to the curated map; current-as-of (not PIT) classification used only as a neutralisation grouping
CNQ,Unknown,Energy,"Oil, Gas & Consumable Fuels",eodhd_raw_fundamentals(General.GicSector),research/data/eodhd/raw/fundamentals/CNQ.json,General.GicSector,HIGH,owned EODHD fundamentals General.GicSector in the canonical 11-bucket GICS taxonomy - directly comparable to the curated map; current-as-of (not PIT) classification used only as a neutralisation grouping
COF,Unknown,Financials,Consumer Finance,eodhd_raw_fundamentals(General.GicSector),research/data/eodhd/raw/fundamentals/COF.json,General.GicSector,HIGH,owned EODHD fundamentals General.GicSector in the canonical 11-bucket GICS taxonomy - directly comparable to the curated map; current-as-of (not PIT) classification used only as a neutralisation grouping
COHR,Unknown,Information Technology,"Electronic Equipment, Instruments & Components",eodhd_raw_fundamentals(General.GicSector),research/data/eodhd/raw/fundamentals/COHR.json,General.GicSector,HIGH,owned EODHD fundamentals General.GicSector in the canonical 11-bucket GICS taxonomy - directly comparable to the curated map; current-as-of (not PIT) classification used only as a neutralisation grouping
COIN,Unknown,Financials,Capital Markets,eodhd_raw_fundamentals(General.GicSector),research/data/eodhd/raw/fundamentals/COIN.json,General.GicSector,HIGH,owned EODHD fundamentals General.GicSector in the canonical 11-bucket GICS taxonomy - directly comparable to the curated map; current-as-of (not PIT) classification used only as a neutralisation grouping
COO,Unknown,Health Care,Health Care Equipment & Supplies,eodhd_raw_fundamentals(General.GicSector),research/data/eodhd/raw/fundamentals/COO.json,General.GicSector,HIGH,owned EODHD fundamentals General.GicSector in the canonical 11-bucket GICS taxonomy - directly comparable to the curated map; current-as-of (not PIT) classification used only as a neutralisation grouping
COR,Unknown,Health Care,Health Care Providers & Services,eodhd_raw_fundamentals(General.GicSector),research/data/eodhd/raw/fundamentals/COR.json,General.GicSector,HIGH,owned EODHD fundamentals General.GicSector in the canonical 11-bucket GICS taxonomy - directly comparable to the curated map; current-as-of (not PIT) classification used only as a neutralisation grouping
CP,Unknown,Industrials,Ground Transportation,eodhd_raw_fundamentals(General.GicSector),research/data/eodhd/raw/fundamentals/CP.json,General.GicSector,HIGH,owned EODHD fundamentals General.GicSector in the canonical 11-bucket GICS taxonomy - directly comparable to the curated map; current-as-of (not PIT) classification used only as a neutralisation grouping
CPAY,Unknown,Financials,Financial Services,eodhd_raw_fundamentals(General.GicSector),research/data/eodhd/raw/fundamentals/CPAY.json,General.GicSector,HIGH,owned EODHD fundamentals General.GicSector in the canonical 11-bucket GICS taxonomy - directly comparable to the curated map; current-as-of (not PIT) classification used only as a neutralisation grouping
CPRT,Unknown,Industrials,Commercial Services & Supplies,eodhd_raw_fundamentals(General.GicSector),research/data/eodhd/raw/fundamentals/CPRT.json,General.GicSector,HIGH,owned EODHD fundamentals General.GicSector in the canonical 11-bucket GICS taxonomy - directly comparable to the curated map; current-as-of (not PIT) classification used only as a neutralisation grouping
CPT,Unknown,Real Estate,Residential REITs,eodhd_raw_fundamentals(General.GicSector),research/data/eodhd/raw/fundamentals/CPT.json,General.GicSector,HIGH,owned EODHD fundamentals General.GicSector in the canonical 11-bucket GICS taxonomy - directly comparable to the curated map; current-as-of (not PIT) classification used only as a neutralisation grouping
CRH,Unknown,Materials,Construction Materials,eodhd_raw_fundamentals(General.GicSector),research/data/eodhd/raw/fundamentals/CRH.json,General.GicSector,HIGH,owned EODHD fundamentals General.GicSector in the canonical 11-bucket GICS taxonomy - directly comparable to the curated map; current-as-of (not PIT) classification used only as a neutralisation grouping
CRL,Unknown,Health Care,Life Sciences Tools & Services,eodhd_raw_fundamentals(General.GicSector),research/data/eodhd/raw/fundamentals/CRL.json,General.GicSector,HIGH,owned EODHD fundamentals General.GicSector in the canonical 11-bucket GICS taxonomy - directly comparable to the curated map; current-as-of (not PIT) classification used only as a neutralisation grouping
CRWD,Unknown,Information Technology,Software,eodhd_raw_fundamentals(General.GicSector),research/data/eodhd/raw/fundamentals/CRWD.json,General.GicSector,HIGH,owned EODHD fundamentals General.GicSector in the canonical 11-bucket GICS taxonomy - directly comparable to the curated map; current-as-of (not PIT) classification used only as a neutralisation grouping
CSGP,Unknown,Real Estate,Real Estate Management & Development,eodhd_raw_fundamentals(General.GicSector),research/data/eodhd/raw/fundamentals/CSGP.json,General.GicSector,HIGH,owned EODHD fundamentals General.GicSector in the canonical 11-bucket GICS taxonomy - directly comparable to the curated map; current-as-of (not PIT) classification used only as a neutralisation grouping
CSX,Unknown,Industrials,Ground Transportation,eodhd_raw_fundamentals(General.GicSector),research/data/eodhd/raw/fundamentals/CSX.json,General.GicSector,HIGH,owned EODHD fundamentals General.GicSector in the canonical 11-bucket GICS taxonomy - directly comparable to the curated map; current-as-of (not PIT) classification used only as a neutralisation grouping
CTAS,Unknown,Industrials,Commercial Services & Supplies,eodhd_raw_fundamentals(General.GicSector),research/data/eodhd/raw/fundamentals/CTAS.json,General.GicSector,HIGH,owned EODHD fundamentals General.GicSector in the canonical 11-bucket GICS taxonomy - directly comparable to the curated map; current-as-of (not PIT) classification used only as a neutralisation grouping
CTSH,Unknown,Information Technology,IT Services,eodhd_raw_fundamentals(General.GicSector),research/data/eodhd/raw/fundamentals/CTSH.json,General.GicSector,HIGH,owned EODHD fundamentals General.GicSector in the canonical 11-bucket GICS taxonomy - directly comparable to the curated map; current-as-of (not PIT) classification used only as a neutralisation grouping
CTVA,Unknown,Materials,Chemicals,eodhd_raw_fundamentals(General.GicSector),research/data/eodhd/raw/fundamentals/CTVA.json,General.GicSector,HIGH,owned EODHD fundamentals General.GicSector in the canonical 11-bucket GICS taxonomy - directly comparable to the curated map; current-as-of (not PIT) classification used only as a neutralisation grouping
CVNA,Unknown,Consumer Discretionary,Specialty Retail,eodhd_raw_fundamentals(General.GicSector),research/data/eodhd/raw/fundamentals/CVNA.json,General.GicSector,HIGH,owned EODHD fundamentals General.GicSector in the canonical 11-bucket GICS taxonomy - directly comparable to the curated map; current-as-of (not PIT) classification used only as a neutralisation grouping
CYATY,Unknown,Industrials,Electrical Equipment & Parts,eodhd_raw_fundamentals(General.Sector->GICS_crosswalk),research/data/eodhd/raw/fundamentals/CYATY.json,General.Sector,MEDIUM,owned EODHD fundamentals General.Sector (Morningstar taxonomy) mapped to GICS via the documented 1:1 crosswalk (GicSector was blank); current-as-of (not PIT) classification used only as a grouping
D,Unknown,Utilities,Multi-Utilities,eodhd_raw_fundamentals(General.GicSector),research/data/eodhd/raw/fundamentals/D.json,General.GicSector,HIGH,owned EODHD fundamentals General.GicSector in the canonical 11-bucket GICS taxonomy - directly comparable to the curated map; current-as-of (not PIT) classification used only as a neutralisation grouping
DAL,Unknown,Industrials,Passenger Airlines,eodhd_raw_fundamentals(General.GicSector),research/data/eodhd/raw/fundamentals/DAL.json,General.GicSector,HIGH,owned EODHD fundamentals General.GicSector in the canonical 11-bucket GICS taxonomy - directly comparable to the curated map; current-as-of (not PIT) classification used only as a neutralisation grouping
DASH,Unknown,Consumer Discretionary,"Hotels, Restaurants & Leisure",eodhd_raw_fundamentals(General.GicSector),research/data/eodhd/raw/fundamentals/DASH.json,General.GicSector,HIGH,owned EODHD fundamentals General.GicSector in the canonical 11-bucket GICS taxonomy - directly comparable to the curated map; current-as-of (not PIT) classification used only as a neutralisation grouping
DB,Unknown,Financials,Capital Markets,eodhd_raw_fundamentals(General.GicSector),research/data/eodhd/raw/fundamentals/DB.json,General.GicSector,HIGH,owned EODHD fundamentals General.GicSector in the canonical 11-bucket GICS taxonomy - directly comparable to the curated map; current-as-of (not PIT) classification used only as a neutralisation grouping
DD,Unknown,Materials,Chemicals,eodhd_raw_fundamentals(General.GicSector),research/data/eodhd/raw/fundamentals/DD.json,General.GicSector,HIGH,owned EODHD fundamentals General.GicSector in the canonical 11-bucket GICS taxonomy - directly comparable to the curated map; current-as-of (not PIT) classification used only as a neutralisation grouping
DDOG,Unknown,Information Technology,Software,eodhd_raw_fundamentals(General.GicSector),research/data/eodhd/raw/fundamentals/DDOG.json,General.GicSector,HIGH,owned EODHD fundamentals General.GicSector in the canonical 11-bucket GICS taxonomy - directly comparable to the curated map; current-as-of (not PIT) classification used only as a neutralisation grouping
DECK,Unknown,Consumer Discretionary,"Textiles, Apparel & Luxury Goods",eodhd_raw_fundamentals(General.GicSector),research/data/eodhd/raw/fundamentals/DECK.json,General.GicSector,HIGH,owned EODHD fundamentals General.GicSector in the canonical 11-bucket GICS taxonomy - directly comparable to the curated map; current-as-of (not PIT) classification used only as a neutralisation grouping
DELL,Unknown,Information Technology,"Technology Hardware, Storage & Peripherals",eodhd_raw_fundamentals(General.GicSector),research/data/eodhd/raw/fundamentals/DELL.json,General.GicSector,HIGH,owned EODHD fundamentals General.GicSector in the canonical 11-bucket GICS taxonomy - directly comparable to the curated map; current-as-of (not PIT) classification used only as a neutralisation grouping
DG,Unknown,Consumer Staples,Consumer Staples Distribution & Retail,eodhd_raw_fundamentals(General.GicSector),research/data/eodhd/raw/fundamentals/DG.json,General.GicSector,HIGH,owned EODHD fundamentals General.GicSector in the canonical 11-bucket GICS taxonomy - directly comparable to the curated map; current-as-of (not PIT) classification used only as a neutralisation grouping
DGX,Unknown,Health Care,Health Care Providers & Services,eodhd_raw_fundamentals(General.GicSector),research/data/eodhd/raw/fundamentals/DGX.json,General.GicSector,HIGH,owned EODHD fundamentals General.GicSector in the canonical 11-bucket GICS taxonomy - directly comparable to the curated map; current-as-of (not PIT) classification used only as a neutralisation grouping
DHI,Unknown,Consumer Discretionary,Household Durables,eodhd_raw_fundamentals(General.GicSector),research/data/eodhd/raw/fundamentals/DHI.json,General.GicSector,HIGH,owned EODHD fundamentals General.GicSector in the canonical 11-bucket GICS taxonomy - directly comparable to the curated map; current-as-of (not PIT) classification used only as a neutralisation grouping
DHR,Unknown,Health Care,Health Care Equipment & Supplies,eodhd_raw_fundamentals(General.GicSector),research/data/eodhd/raw/fundamentals/DHR.json,General.GicSector,HIGH,owned EODHD fundamentals General.GicSector in the canonical 11-bucket GICS taxonomy - directly comparable to the curated map; current-as-of (not PIT) classification used only as a neutralisation grouping
DLR,Unknown,Real Estate,Specialized REITs,eodhd_raw_fundamentals(General.GicSector),research/data/eodhd/raw/fundamentals/DLR.json,General.GicSector,HIGH,owned EODHD fundamentals General.GicSector in the canonical 11-bucket GICS taxonomy - directly comparable to the curated map; current-as-of (not PIT) classification used only as a neutralisation grouping
DLTR,Unknown,Consumer Staples,Consumer Staples Distribution & Retail,eodhd_raw_fundamentals(General.GicSector),research/data/eodhd/raw/fundamentals/DLTR.json,General.GicSector,HIGH,owned EODHD fundamentals General.GicSector in the canonical 11-bucket GICS taxonomy - directly comparable to the curated map; current-as-of (not PIT) classification used only as a neutralisation grouping
DOC,Unknown,Real Estate,Diversified REITs,eodhd_raw_fundamentals(General.GicSector),research/data/eodhd/raw/fundamentals/DOC.json,General.GicSector,HIGH,owned EODHD fundamentals General.GicSector in the canonical 11-bucket GICS taxonomy - directly comparable to the curated map; current-as-of (not PIT) classification used only as a neutralisation grouping
DOV,Unknown,Industrials,Machinery,eodhd_raw_fundamentals(General.GicSector),research/data/eodhd/raw/fundamentals/DOV.json,General.GicSector,HIGH,owned EODHD fundamentals General.GicSector in the canonical 11-bucket GICS taxonomy - directly comparable to the curated map; current-as-of (not PIT) classification used only as a neutralisation grouping
DOW,Unknown,Materials,Chemicals,eodhd_raw_fundamentals(General.GicSector),research/data/eodhd/raw/fundamentals/DOW.json,General.GicSector,HIGH,owned EODHD fundamentals General.GicSector in the canonical 11-bucket GICS taxonomy - directly comparable to the curated map; current-as-of (not PIT) classification used only as a neutralisation grouping
DPZ,Unknown,Consumer Discretionary,"Hotels, Restaurants & Leisure",eodhd_raw_fundamentals(General.GicSector),research/data/eodhd/raw/fundamentals/DPZ.json,General.GicSector,HIGH,owned EODHD fundamentals General.GicSector in the canonical 11-bucket GICS taxonomy - directly comparable to the curated map; current-as-of (not PIT) classification used only as a neutralisation grouping
DRI,Unknown,Consumer Discretionary,"Hotels, Restaurants & Leisure",eodhd_raw_fundamentals(General.GicSector),research/data/eodhd/raw/fundamentals/DRI.json,General.GicSector,HIGH,owned EODHD fundamentals General.GicSector in the canonical 11-bucket GICS taxonomy - directly comparable to the curated map; current-as-of (not PIT) classification used only as a neutralisation grouping
DTE,Unknown,Utilities,Multi-Utilities,eodhd_raw_fundamentals(General.GicSector),research/data/eodhd/raw/fundamentals/DTE.json,General.GicSector,HIGH,owned EODHD fundamentals General.GicSector in the canonical 11-bucket GICS taxonomy - directly comparable to the curated map; current-as-of (not PIT) classification used only as a neutralisation grouping
DTEGY,Unknown,Communication Services,Diversified Telecommunication Services,eodhd_raw_fundamentals(General.GicSector),research/data/eodhd/raw/fundamentals/DTEGY.json,General.GicSector,HIGH,owned EODHD fundamentals General.GicSector in the canonical 11-bucket GICS taxonomy - directly comparable to the curated map; current-as-of (not PIT) classification used only as a neutralisation grouping
DVA,Unknown,Health Care,Health Care Providers & Services,eodhd_raw_fundamentals(General.GicSector),research/data/eodhd/raw/fundamentals/DVA.json,General.GicSector,HIGH,owned EODHD fundamentals General.GicSector in the canonical 11-bucket GICS taxonomy - directly comparable to the curated map; current-as-of (not PIT) classification used only as a neutralisation grouping
DVN,Unknown,Energy,"Oil, Gas & Consumable Fuels",eodhd_raw_fundamentals(General.GicSector),research/data/eodhd/raw/fundamentals/DVN.json,General.GicSector,HIGH,owned EODHD fundamentals General.GicSector in the canonical 11-bucket GICS taxonomy - directly comparable to the curated map; current-as-of (not PIT) classification used only as a neutralisation grouping
DXCM,Unknown,Health Care,Health Care Equipment & Supplies,eodhd_raw_fundamentals(General.GicSector),research/data/eodhd/raw/fundamentals/DXCM.json,General.GicSector,HIGH,owned EODHD fundamentals General.GicSector in the canonical 11-bucket GICS taxonomy - directly comparable to the curated map; current-as-of (not PIT) classification used only as a neutralisation grouping
E,Unknown,Energy,"Oil, Gas & Consumable Fuels",eodhd_raw_fundamentals(General.GicSector),research/data/eodhd/raw/fundamentals/E.json,General.GicSector,HIGH,owned EODHD fundamentals General.GicSector in the canonical 11-bucket GICS taxonomy - directly comparable to the curated map; current-as-of (not PIT) classification used only as a neutralisation grouping
EA,Unknown,Communication Services,Entertainment,eodhd_raw_fundamentals(General.GicSector),research/data/eodhd/raw/fundamentals/EA.json,General.GicSector,HIGH,owned EODHD fundamentals General.GicSector in the canonical 11-bucket GICS taxonomy - directly comparable to the curated map; current-as-of (not PIT) classification used only as a neutralisation grouping
EBAY,Unknown,Consumer Discretionary,Broadline Retail,eodhd_raw_fundamentals(General.GicSector),research/data/eodhd/raw/fundamentals/EBAY.json,General.GicSector,HIGH,owned EODHD fundamentals General.GicSector in the canonical 11-bucket GICS taxonomy - directly comparable to the curated map; current-as-of (not PIT) classification used only as a neutralisation grouping
ECL,Unknown,Materials,Chemicals,eodhd_raw_fundamentals(General.GicSector),research/data/eodhd/raw/fundamentals/ECL.json,General.GicSector,HIGH,owned EODHD fundamentals General.GicSector in the canonical 11-bucket GICS taxonomy - directly comparable to the curated map; current-as-of (not PIT) classification used only as a neutralisation grouping
ED,Unknown,Utilities,Multi-Utilities,eodhd_raw_fundamentals(General.GicSector),research/data/eodhd/raw/fundamentals/ED.json,General.GicSector,HIGH,owned EODHD fundamentals General.GicSector in the canonical 11-bucket GICS taxonomy - directly comparable to the curated map; current-as-of (not PIT) classification used only as a neutralisation grouping
EFX,Unknown,Industrials,Professional Services,eodhd_raw_fundamentals(General.GicSector),research/data/eodhd/raw/fundamentals/EFX.json,General.GicSector,HIGH,owned EODHD fundamentals General.GicSector in the canonical 11-bucket GICS taxonomy - directly comparable to the curated map; current-as-of (not PIT) classification used only as a neutralisation grouping
EG,Unknown,Financials,Insurance,eodhd_raw_fundamentals(General.GicSector),research/data/eodhd/raw/fundamentals/EG.json,General.GicSector,HIGH,owned EODHD fundamentals General.GicSector in the canonical 11-bucket GICS taxonomy - directly comparable to the curated map; current-as-of (not PIT) classification used only as a neutralisation grouping
EIX,Unknown,Utilities,Electric Utilities,eodhd_raw_fundamentals(General.GicSector),research/data/eodhd/raw/fundamentals/EIX.json,General.GicSector,HIGH,owned EODHD fundamentals General.GicSector in the canonical 11-bucket GICS taxonomy - directly comparable to the curated map; current-as-of (not PIT) classification used only as a neutralisation grouping
EL,Unknown,Consumer Staples,Personal Care Products,eodhd_raw_fundamentals(General.GicSector),research/data/eodhd/raw/fundamentals/EL.json,General.GicSector,HIGH,owned EODHD fundamentals General.GicSector in the canonical 11-bucket GICS taxonomy - directly comparable to the curated map; current-as-of (not PIT) classification used only as a neutralisation grouping
EME,Unknown,Industrials,Construction & Engineering,eodhd_raw_fundamentals(General.GicSector),research/data/eodhd/raw/fundamentals/EME.json,General.GicSector,HIGH,owned EODHD fundamentals General.GicSector in the canonical 11-bucket GICS taxonomy - directly comparable to the curated map; current-as-of (not PIT) classification used only as a neutralisation grouping
ENB,Unknown,Energy,"Oil, Gas & Consumable Fuels",eodhd_raw_fundamentals(General.GicSector),research/data/eodhd/raw/fundamentals/ENB.json,General.GicSector,HIGH,owned EODHD fundamentals General.GicSector in the canonical 11-bucket GICS taxonomy - directly comparable to the curated map; current-as-of (not PIT) classification used only as a neutralisation grouping
EPD,Unknown,Energy,"Oil, Gas & Consumable Fuels",eodhd_raw_fundamentals(General.GicSector),research/data/eodhd/raw/fundamentals/EPD.json,General.GicSector,HIGH,owned EODHD fundamentals General.GicSector in the canonical 11-bucket GICS taxonomy - directly comparable to the curated map; current-as-of (not PIT) classification used only as a neutralisation grouping
EQNR,Unknown,Energy,"Oil, Gas & Consumable Fuels",eodhd_raw_fundamentals(General.GicSector),research/data/eodhd/raw/fundamentals/EQNR.json,General.GicSector,HIGH,owned EODHD fundamentals General.GicSector in the canonical 11-bucket GICS taxonomy - directly comparable to the curated map; current-as-of (not PIT) classification used only as a neutralisation grouping
EQR,Unknown,Real Estate,Residential REITs,eodhd_raw_fundamentals(General.GicSector),research/data/eodhd/raw/fundamentals/EQR.json,General.GicSector,HIGH,owned EODHD fundamentals General.GicSector in the canonical 11-bucket GICS taxonomy - directly comparable to the curated map; current-as-of (not PIT) classification used only as a neutralisation grouping
EQT,Unknown,Energy,"Oil, Gas & Consumable Fuels",eodhd_raw_fundamentals(General.GicSector),research/data/eodhd/raw/fundamentals/EQT.json,General.GicSector,HIGH,owned EODHD fundamentals General.GicSector in the canonical 11-bucket GICS taxonomy - directly comparable to the curated map; current-as-of (not PIT) classification used only as a neutralisation grouping
ERIE,Unknown,Financials,Insurance,eodhd_raw_fundamentals(General.GicSector),research/data/eodhd/raw/fundamentals/ERIE.json,General.GicSector,HIGH,owned EODHD fundamentals General.GicSector in the canonical 11-bucket GICS taxonomy - directly comparable to the curated map; current-as-of (not PIT) classification used only as a neutralisation grouping
ES,Unknown,Utilities,Electric Utilities,eodhd_raw_fundamentals(General.GicSector),research/data/eodhd/raw/fundamentals/ES.json,General.GicSector,HIGH,owned EODHD fundamentals General.GicSector in the canonical 11-bucket GICS taxonomy - directly comparable to the curated map; current-as-of (not PIT) classification used only as a neutralisation grouping
ESS,Unknown,Real Estate,Residential REITs,eodhd_raw_fundamentals(General.GicSector),research/data/eodhd/raw/fundamentals/ESS.json,General.GicSector,HIGH,owned EODHD fundamentals General.GicSector in the canonical 11-bucket GICS taxonomy - directly comparable to the curated map; current-as-of (not PIT) classification used only as a neutralisation grouping
ET,Unknown,Energy,"Oil, Gas & Consumable Fuels",eodhd_raw_fundamentals(General.GicSector),research/data/eodhd/raw/fundamentals/ET.json,General.GicSector,HIGH,owned EODHD fundamentals General.GicSector in the canonical 11-bucket GICS taxonomy - directly comparable to the curated map; current-as-of (not PIT) classification used only as a neutralisation grouping
ETR,Unknown,Utilities,Electric Utilities,eodhd_raw_fundamentals(General.GicSector),research/data/eodhd/raw/fundamentals/ETR.json,General.GicSector,HIGH,owned EODHD fundamentals General.GicSector in the canonical 11-bucket GICS taxonomy - directly comparable to the curated map; current-as-of (not PIT) classification used only as a neutralisation grouping
EVRG,Unknown,Utilities,Electric Utilities,eodhd_raw_fundamentals(General.GicSector),research/data/eodhd/raw/fundamentals/EVRG.json,General.GicSector,HIGH,owned EODHD fundamentals General.GicSector in the canonical 11-bucket GICS taxonomy - directly comparable to the curated map; current-as-of (not PIT) classification used only as a neutralisation grouping
EW,Unknown,Health Care,Health Care Equipment & Supplies,eodhd_raw_fundamentals(General.GicSector),research/data/eodhd/raw/fundamentals/EW.json,General.GicSector,HIGH,owned EODHD fundamentals General.GicSector in the canonical 11-bucket GICS taxonomy - directly comparable to the curated map; current-as-of (not PIT) classification used only as a neutralisation grouping
EXC,Unknown,Utilities,Electric Utilities,eodhd_raw_fundamentals(General.GicSector),research/data/eodhd/raw/fundamentals/EXC.json,General.GicSector,HIGH,owned EODHD fundamentals General.GicSector in the canonical 11-bucket GICS taxonomy - directly comparable to the curated map; current-as-of (not PIT) classification used only as a neutralisation grouping
EXE,Unknown,Energy,"Oil, Gas & Consumable Fuels",eodhd_raw_fundamentals(General.GicSector),research/data/eodhd/raw/fundamentals/EXE.json,General.GicSector,HIGH,owned EODHD fundamentals General.GicSector in the canonical 11-bucket GICS taxonomy - directly comparable to the curated map; current-as-of (not PIT) classification used only as a neutralisation grouping
EXPD,Unknown,Industrials,Air Freight & Logistics,eodhd_raw_fundamentals(General.GicSector),research/data/eodhd/raw/fundamentals/EXPD.json,General.GicSector,HIGH,owned EODHD fundamentals General.GicSector in the canonical 11-bucket GICS taxonomy - directly comparable to the curated map; current-as-of (not PIT) classification used only as a neutralisation grouping
EXPE,Unknown,Consumer Discretionary,"Hotels, Restaurants & Leisure",eodhd_raw_fundamentals(General.GicSector),research/data/eodhd/raw/fundamentals/EXPE.json,General.GicSector,HIGH,owned EODHD fundamentals General.GicSector in the canonical 11-bucket GICS taxonomy - directly comparable to the curated map; current-as-of (not PIT) classification used only as a neutralisation grouping
EXR,Unknown,Real Estate,Specialized REITs,eodhd_raw_fundamentals(General.GicSector),research/data/eodhd/raw/fundamentals/EXR.json,General.GicSector,HIGH,owned EODHD fundamentals General.GicSector in the canonical 11-bucket GICS taxonomy - directly comparable to the curated map; current-as-of (not PIT) classification used only as a neutralisation grouping
F,Unknown,Consumer Discretionary,Automobiles,eodhd_raw_fundamentals(General.GicSector),research/data/eodhd/raw/fundamentals/F.json,General.GicSector,HIGH,owned EODHD fundamentals General.GicSector in the canonical 11-bucket GICS taxonomy - directly comparable to the curated map; current-as-of (not PIT) classification used only as a neutralisation grouping
FANG,Unknown,Energy,"Oil, Gas & Consumable Fuels",eodhd_raw_fundamentals(General.GicSector),research/data/eodhd/raw/fundamentals/FANG.json,General.GicSector,HIGH,owned EODHD fundamentals General.GicSector in the canonical 11-bucket GICS taxonomy - directly comparable to the curated map; current-as-of (not PIT) classification used only as a neutralisation grouping
FAST,Unknown,Industrials,Trading Companies & Distributors,eodhd_raw_fundamentals(General.GicSector),research/data/eodhd/raw/fundamentals/FAST.json,General.GicSector,HIGH,owned EODHD fundamentals General.GicSector in the canonical 11-bucket GICS taxonomy - directly comparable to the curated map; current-as-of (not PIT) classification used only as a neutralisation grouping
FCX,Unknown,Materials,Metals & Mining,eodhd_raw_fundamentals(General.GicSector),research/data/eodhd/raw/fundamentals/FCX.json,General.GicSector,HIGH,owned EODHD fundamentals General.GicSector in the canonical 11-bucket GICS taxonomy - directly comparable to the curated map; current-as-of (not PIT) classification used only as a neutralisation grouping
FDS,Unknown,Financials,Capital Markets,eodhd_raw_fundamentals(General.GicSector),research/data/eodhd/raw/fundamentals/FDS.json,General.GicSector,HIGH,owned EODHD fundamentals General.GicSector in the canonical 11-bucket GICS taxonomy - directly comparable to the curated map; current-as-of (not PIT) classification used only as a neutralisation grouping
FE,Unknown,Utilities,Electric Utilities,eodhd_raw_fundamentals(General.GicSector),research/data/eodhd/raw/fundamentals/FE.json,General.GicSector,HIGH,owned EODHD fundamentals General.GicSector in the canonical 11-bucket GICS taxonomy - directly comparable to the curated map; current-as-of (not PIT) classification used only as a neutralisation grouping
FFIV,Unknown,Information Technology,Communications Equipment,eodhd_raw_fundamentals(General.GicSector),research/data/eodhd/raw/fundamentals/FFIV.json,General.GicSector,HIGH,owned EODHD fundamentals General.GicSector in the canonical 11-bucket GICS taxonomy - directly comparable to the curated map; current-as-of (not PIT) classification used only as a neutralisation grouping
FICO,Unknown,Information Technology,Software,eodhd_raw_fundamentals(General.GicSector),research/data/eodhd/raw/fundamentals/FICO.json,General.GicSector,HIGH,owned EODHD fundamentals General.GicSector in the canonical 11-bucket GICS taxonomy - directly comparable to the curated map; current-as-of (not PIT) classification used only as a neutralisation grouping
FIS,Unknown,Financials,Financial Services,eodhd_raw_fundamentals(General.GicSector),research/data/eodhd/raw/fundamentals/FIS.json,General.GicSector,HIGH,owned EODHD fundamentals General.GicSector in the canonical 11-bucket GICS taxonomy - directly comparable to the curated map; current-as-of (not PIT) classification used only as a neutralisation grouping
FISV,Unknown,Financials,Financial Services,eodhd_raw_fundamentals(General.GicSector),research/data/eodhd/raw/fundamentals/FISV.json,General.GicSector,HIGH,owned EODHD fundamentals General.GicSector in the canonical 11-bucket GICS taxonomy - directly comparable to the curated map; current-as-of (not PIT) classification used only as a neutralisation grouping
FITB,Unknown,Financials,Banks,eodhd_raw_fundamentals(General.GicSector),research/data/eodhd/raw/fundamentals/FITB.json,General.GicSector,HIGH,owned EODHD fundamentals General.GicSector in the canonical 11-bucket GICS taxonomy - directly comparable to the curated map; current-as-of (not PIT) classification used only as a neutralisation grouping
FIX,Unknown,Industrials,Construction & Engineering,eodhd_raw_fundamentals(General.GicSector),research/data/eodhd/raw/fundamentals/FIX.json,General.GicSector,HIGH,owned EODHD fundamentals General.GicSector in the canonical 11-bucket GICS taxonomy - directly comparable to the curated map; current-as-of (not PIT) classification used only as a neutralisation grouping
FLEX,Unknown,Information Technology,"Electronic Equipment, Instruments & Components",eodhd_raw_fundamentals(General.GicSector),research/data/eodhd/raw/fundamentals/FLEX.json,General.GicSector,HIGH,owned EODHD fundamentals General.GicSector in the canonical 11-bucket GICS taxonomy - directly comparable to the curated map; current-as-of (not PIT) classification used only as a neutralisation grouping
FOX,Unknown,Communication Services,Media,eodhd_raw_fundamentals(General.GicSector),research/data/eodhd/raw/fundamentals/FOX.json,General.GicSector,HIGH,owned EODHD fundamentals General.GicSector in the canonical 11-bucket GICS taxonomy - directly comparable to the curated map; current-as-of (not PIT) classification used only as a neutralisation grouping
FOXA,Unknown,Communication Services,Media,eodhd_raw_fundamentals(General.GicSector),research/data/eodhd/raw/fundamentals/FOXA.json,General.GicSector,HIGH,owned EODHD fundamentals General.GicSector in the canonical 11-bucket GICS taxonomy - directly comparable to the curated map; current-as-of (not PIT) classification used only as a neutralisation grouping
FRT,Unknown,Real Estate,Retail REITs,eodhd_raw_fundamentals(General.GicSector),research/data/eodhd/raw/fundamentals/FRT.json,General.GicSector,HIGH,owned EODHD fundamentals General.GicSector in the canonical 11-bucket GICS taxonomy - directly comparable to the curated map; current-as-of (not PIT) classification used only as a neutralisation grouping
FSLR,Unknown,Information Technology,Semiconductors & Semiconductor Equipment,eodhd_raw_fundamentals(General.GicSector),research/data/eodhd/raw/fundamentals/FSLR.json,General.GicSector,HIGH,owned EODHD fundamentals General.GicSector in the canonical 11-bucket GICS taxonomy - directly comparable to the curated map; current-as-of (not PIT) classification used only as a neutralisation grouping
FTNT,Unknown,Information Technology,Software,eodhd_raw_fundamentals(General.GicSector),research/data/eodhd/raw/fundamentals/FTNT.json,General.GicSector,HIGH,owned EODHD fundamentals General.GicSector in the canonical 11-bucket GICS taxonomy - directly comparable to the curated map; current-as-of (not PIT) classification used only as a neutralisation grouping
FTV,Unknown,Industrials,Machinery,eodhd_raw_fundamentals(General.GicSector),research/data/eodhd/raw/fundamentals/FTV.json,General.GicSector,HIGH,owned EODHD fundamentals General.GicSector in the canonical 11-bucket GICS taxonomy - directly comparable to the curated map; current-as-of (not PIT) classification used only as a neutralisation grouping
GDDY,Unknown,Information Technology,IT Services,eodhd_raw_fundamentals(General.GicSector),research/data/eodhd/raw/fundamentals/GDDY.json,General.GicSector,HIGH,owned EODHD fundamentals General.GicSector in the canonical 11-bucket GICS taxonomy - directly comparable to the curated map; current-as-of (not PIT) classification used only as a neutralisation grouping
GEHC,Unknown,Health Care,Health Care Equipment & Supplies,eodhd_raw_fundamentals(General.GicSector),research/data/eodhd/raw/fundamentals/GEHC.json,General.GicSector,HIGH,owned EODHD fundamentals General.GicSector in the canonical 11-bucket GICS taxonomy - directly comparable to the curated map; current-as-of (not PIT) classification used only as a neutralisation grouping
GEN,Unknown,Information Technology,Software,eodhd_raw_fundamentals(General.GicSector),research/data/eodhd/raw/fundamentals/GEN.json,General.GicSector,HIGH,owned EODHD fundamentals General.GicSector in the canonical 11-bucket GICS taxonomy - directly comparable to the curated map; current-as-of (not PIT) classification used only as a neutralisation grouping
GEV,Unknown,Utilities,Independent Power and Renewable Electricity Producers,eodhd_raw_fundamentals(General.GicSector),research/data/eodhd/raw/fundamentals/GEV.json,General.GicSector,HIGH,owned EODHD fundamentals General.GicSector in the canonical 11-bucket GICS taxonomy - directly comparable to the curated map; current-as-of (not PIT) classification used only as a neutralisation grouping
GIS,Unknown,Consumer Staples,Food Products,eodhd_raw_fundamentals(General.GicSector),research/data/eodhd/raw/fundamentals/GIS.json,General.GicSector,HIGH,owned EODHD fundamentals General.GicSector in the canonical 11-bucket GICS taxonomy - directly comparable to the curated map; current-as-of (not PIT) classification used only as a neutralisation grouping
GL,Unknown,Financials,Insurance,eodhd_raw_fundamentals(General.GicSector),research/data/eodhd/raw/fundamentals/GL.json,General.GicSector,HIGH,owned EODHD fundamentals General.GicSector in the canonical 11-bucket GICS taxonomy - directly comparable to the curated map; current-as-of (not PIT) classification used only as a neutralisation grouping
GLW,Unknown,Information Technology,"Electronic Equipment, Instruments & Components",eodhd_raw_fundamentals(General.GicSector),research/data/eodhd/raw/fundamentals/GLW.json,General.GicSector,HIGH,owned EODHD fundamentals General.GicSector in the canonical 11-bucket GICS taxonomy - directly comparable to the curated map; current-as-of (not PIT) classification used only as a neutralisation grouping
GM,Unknown,Consumer Discretionary,Automobiles,eodhd_raw_fundamentals(General.GicSector),research/data/eodhd/raw/fundamentals/GM.json,General.GicSector,HIGH,owned EODHD fundamentals General.GicSector in the canonical 11-bucket GICS taxonomy - directly comparable to the curated map; current-as-of (not PIT) classification used only as a neutralisation grouping
GNRC,Unknown,Industrials,Electrical Equipment,eodhd_raw_fundamentals(General.GicSector),research/data/eodhd/raw/fundamentals/GNRC.json,General.GicSector,HIGH,owned EODHD fundamentals General.GicSector in the canonical 11-bucket GICS taxonomy - directly comparable to the curated map; current-as-of (not PIT) classification used only as a neutralisation grouping
GPC,Unknown,Consumer Discretionary,Distributors,eodhd_raw_fundamentals(General.GicSector),research/data/eodhd/raw/fundamentals/GPC.json,General.GicSector,HIGH,owned EODHD fundamentals General.GicSector in the canonical 11-bucket GICS taxonomy - directly comparable to the curated map; current-as-of (not PIT) classification used only as a neutralisation grouping
GPN,Unknown,Financials,Financial Services,eodhd_raw_fundamentals(General.GicSector),research/data/eodhd/raw/fundamentals/GPN.json,General.GicSector,HIGH,owned EODHD fundamentals General.GicSector in the canonical 11-bucket GICS taxonomy - directly comparable to the curated map; current-as-of (not PIT) classification used only as a neutralisation grouping
GRMN,Unknown,Consumer Discretionary,Household Durables,eodhd_raw_fundamentals(General.GicSector),research/data/eodhd/raw/fundamentals/GRMN.json,General.GicSector,HIGH,owned EODHD fundamentals General.GicSector in the canonical 11-bucket GICS taxonomy - directly comparable to the curated map; current-as-of (not PIT) classification used only as a neutralisation grouping
GSK,Unknown,Health Care,Pharmaceuticals,eodhd_raw_fundamentals(General.GicSector),research/data/eodhd/raw/fundamentals/GSK.json,General.GicSector,HIGH,owned EODHD fundamentals General.GicSector in the canonical 11-bucket GICS taxonomy - directly comparable to the curated map; current-as-of (not PIT) classification used only as a neutralisation grouping
GWW,Unknown,Industrials,Trading Companies & Distributors,eodhd_raw_fundamentals(General.GicSector),research/data/eodhd/raw/fundamentals/GWW.json,General.GicSector,HIGH,owned EODHD fundamentals General.GicSector in the canonical 11-bucket GICS taxonomy - directly comparable to the curated map; current-as-of (not PIT) classification used only as a neutralisation grouping
HAL,Unknown,Energy,Energy Equipment & Services,eodhd_raw_fundamentals(General.GicSector),research/data/eodhd/raw/fundamentals/HAL.json,General.GicSector,HIGH,owned EODHD fundamentals General.GicSector in the canonical 11-bucket GICS taxonomy - directly comparable to the curated map; current-as-of (not PIT) classification used only as a neutralisation grouping
HAS,Unknown,Consumer Discretionary,Leisure Products,eodhd_raw_fundamentals(General.GicSector),research/data/eodhd/raw/fundamentals/HAS.json,General.GicSector,HIGH,owned EODHD fundamentals General.GicSector in the canonical 11-bucket GICS taxonomy - directly comparable to the curated map; current-as-of (not PIT) classification used only as a neutralisation grouping
HBAN,Unknown,Financials,Banks,eodhd_raw_fundamentals(General.GicSector),research/data/eodhd/raw/fundamentals/HBAN.json,General.GicSector,HIGH,owned EODHD fundamentals General.GicSector in the canonical 11-bucket GICS taxonomy - directly comparable to the curated map; current-as-of (not PIT) classification used only as a neutralisation grouping
HDB,Unknown,Financials,Banks,eodhd_raw_fundamentals(General.GicSector),research/data/eodhd/raw/fundamentals/HDB.json,General.GicSector,HIGH,owned EODHD fundamentals General.GicSector in the canonical 11-bucket GICS taxonomy - directly comparable to the curated map; current-as-of (not PIT) classification used only as a neutralisation grouping
HIG,Unknown,Financials,Insurance,eodhd_raw_fundamentals(General.GicSector),research/data/eodhd/raw/fundamentals/HIG.json,General.GicSector,HIGH,owned EODHD fundamentals General.GicSector in the canonical 11-bucket GICS taxonomy - directly comparable to the curated map; current-as-of (not PIT) classification used only as a neutralisation grouping
HII,Unknown,Industrials,Aerospace & Defense,eodhd_raw_fundamentals(General.GicSector),research/data/eodhd/raw/fundamentals/HII.json,General.GicSector,HIGH,owned EODHD fundamentals General.GicSector in the canonical 11-bucket GICS taxonomy - directly comparable to the curated map; current-as-of (not PIT) classification used only as a neutralisation grouping
HLT,Unknown,Consumer Discretionary,"Hotels, Restaurants & Leisure",eodhd_raw_fundamentals(General.GicSector),research/data/eodhd/raw/fundamentals/HLT.json,General.GicSector,HIGH,owned EODHD fundamentals General.GicSector in the canonical 11-bucket GICS taxonomy - directly comparable to the curated map; current-as-of (not PIT) classification used only as a neutralisation grouping
HOOD,Unknown,Financials,Capital Markets,eodhd_raw_fundamentals(General.GicSector),research/data/eodhd/raw/fundamentals/HOOD.json,General.GicSector,HIGH,owned EODHD fundamentals General.GicSector in the canonical 11-bucket GICS taxonomy - directly comparable to the curated map; current-as-of (not PIT) classification used only as a neutralisation grouping
HPE,Unknown,Information Technology,"Technology Hardware, Storage & Peripherals",eodhd_raw_fundamentals(General.GicSector),research/data/eodhd/raw/fundamentals/HPE.json,General.GicSector,HIGH,owned EODHD fundamentals General.GicSector in the canonical 11-bucket GICS taxonomy - directly comparable to the curated map; current-as-of (not PIT) classification used only as a neutralisation grouping
HPQ,Unknown,Information Technology,"Technology Hardware, Storage & Peripherals",eodhd_raw_fundamentals(General.GicSector),research/data/eodhd/raw/fundamentals/HPQ.json,General.GicSector,HIGH,owned EODHD fundamentals General.GicSector in the canonical 11-bucket GICS taxonomy - directly comparable to the curated map; current-as-of (not PIT) classification used only as a neutralisation grouping
HRL,Unknown,Consumer Staples,Food Products,eodhd_raw_fundamentals(General.GicSector),research/data/eodhd/raw/fundamentals/HRL.json,General.GicSector,HIGH,owned EODHD fundamentals General.GicSector in the canonical 11-bucket GICS taxonomy - directly comparable to the curated map; current-as-of (not PIT) classification used only as a neutralisation grouping
HSBC,Unknown,Financials,Banks,eodhd_raw_fundamentals(General.GicSector),research/data/eodhd/raw/fundamentals/HSBC.json,General.GicSector,HIGH,owned EODHD fundamentals General.GicSector in the canonical 11-bucket GICS taxonomy - directly comparable to the curated map; current-as-of (not PIT) classification used only as a neutralisation grouping
HSIC,Unknown,Health Care,Health Care Providers & Services,eodhd_raw_fundamentals(General.GicSector),research/data/eodhd/raw/fundamentals/HSIC.json,General.GicSector,HIGH,owned EODHD fundamentals General.GicSector in the canonical 11-bucket GICS taxonomy - directly comparable to the curated map; current-as-of (not PIT) classification used only as a neutralisation grouping
HST,Unknown,Real Estate,Diversified REITs,eodhd_raw_fundamentals(General.GicSector),research/data/eodhd/raw/fundamentals/HST.json,General.GicSector,HIGH,owned EODHD fundamentals General.GicSector in the canonical 11-bucket GICS taxonomy - directly comparable to the curated map; current-as-of (not PIT) classification used only as a neutralisation grouping
HSY,Unknown,Consumer Staples,Food Products,eodhd_raw_fundamentals(General.GicSector),research/data/eodhd/raw/fundamentals/HSY.json,General.GicSector,HIGH,owned EODHD fundamentals General.GicSector in the canonical 11-bucket GICS taxonomy - directly comparable to the curated map; current-as-of (not PIT) classification used only as a neutralisation grouping
HTHIY,Unknown,Information Technology,"Electronic Equipment, Instruments & Components",eodhd_raw_fundamentals(General.GicSector),research/data/eodhd/raw/fundamentals/HTHIY.json,General.GicSector,HIGH,owned EODHD fundamentals General.GicSector in the canonical 11-bucket GICS taxonomy - directly comparable to the curated map; current-as-of (not PIT) classification used only as a neutralisation grouping
HUBB,Unknown,Industrials,Electrical Equipment,eodhd_raw_fundamentals(General.GicSector),research/data/eodhd/raw/fundamentals/HUBB.json,General.GicSector,HIGH,owned EODHD fundamentals General.GicSector in the canonical 11-bucket GICS taxonomy - directly comparable to the curated map; current-as-of (not PIT) classification used only as a neutralisation grouping
HUM,Unknown,Health Care,Health Care Providers & Services,eodhd_raw_fundamentals(General.GicSector),research/data/eodhd/raw/fundamentals/HUM.json,General.GicSector,HIGH,owned EODHD fundamentals General.GicSector in the canonical 11-bucket GICS taxonomy - directly comparable to the curated map; current-as-of (not PIT) classification used only as a neutralisation grouping
HWM,Unknown,Industrials,Aerospace & Defense,eodhd_raw_fundamentals(General.GicSector),research/data/eodhd/raw/fundamentals/HWM.json,General.GicSector,HIGH,owned EODHD fundamentals General.GicSector in the canonical 11-bucket GICS taxonomy - directly comparable to the curated map; current-as-of (not PIT) classification used only as a neutralisation grouping
IBKR,Unknown,Financials,Capital Markets,eodhd_raw_fundamentals(General.GicSector),research/data/eodhd/raw/fundamentals/IBKR.json,General.GicSector,HIGH,owned EODHD fundamentals General.GicSector in the canonical 11-bucket GICS taxonomy - directly comparable to the curated map; current-as-of (not PIT) classification used only as a neutralisation grouping
IBN,Unknown,Financials,Banks,eodhd_raw_fundamentals(General.GicSector),research/data/eodhd/raw/fundamentals/IBN.json,General.GicSector,HIGH,owned EODHD fundamentals General.GicSector in the canonical 11-bucket GICS taxonomy - directly comparable to the curated map; current-as-of (not PIT) classification used only as a neutralisation grouping
IDXX,Unknown,Health Care,Health Care Equipment & Supplies,eodhd_raw_fundamentals(General.GicSector),research/data/eodhd/raw/fundamentals/IDXX.json,General.GicSector,HIGH,owned EODHD fundamentals General.GicSector in the canonical 11-bucket GICS taxonomy - directly comparable to the curated map; current-as-of (not PIT) classification used only as a neutralisation grouping
IEX,Unknown,Industrials,Machinery,eodhd_raw_fundamentals(General.GicSector),research/data/eodhd/raw/fundamentals/IEX.json,General.GicSector,HIGH,owned EODHD fundamentals General.GicSector in the canonical 11-bucket GICS taxonomy - directly comparable to the curated map; current-as-of (not PIT) classification used only as a neutralisation grouping
IFF,Unknown,Materials,Chemicals,eodhd_raw_fundamentals(General.GicSector),research/data/eodhd/raw/fundamentals/IFF.json,General.GicSector,HIGH,owned EODHD fundamentals General.GicSector in the canonical 11-bucket GICS taxonomy - directly comparable to the curated map; current-as-of (not PIT) classification used only as a neutralisation grouping
IFNNY,Unknown,Information Technology,Semiconductors & Semiconductor Equipment,eodhd_raw_fundamentals(General.GicSector),research/data/eodhd/raw/fundamentals/IFNNY.json,General.GicSector,HIGH,owned EODHD fundamentals General.GicSector in the canonical 11-bucket GICS taxonomy - directly comparable to the curated map; current-as-of (not PIT) classification used only as a neutralisation grouping
IMO,Unknown,Energy,"Oil, Gas & Consumable Fuels",eodhd_raw_fundamentals(General.GicSector),research/data/eodhd/raw/fundamentals/IMO.json,General.GicSector,HIGH,owned EODHD fundamentals General.GicSector in the canonical 11-bucket GICS taxonomy - directly comparable to the curated map; current-as-of (not PIT) classification used only as a neutralisation grouping
INCY,Unknown,Health Care,Biotechnology,eodhd_raw_fundamentals(General.GicSector),research/data/eodhd/raw/fundamentals/INCY.json,General.GicSector,HIGH,owned EODHD fundamentals General.GicSector in the canonical 11-bucket GICS taxonomy - directly comparable to the curated map; current-as-of (not PIT) classification used only as a neutralisation grouping
ING,Unknown,Financials,Banks,eodhd_raw_fundamentals(General.GicSector),research/data/eodhd/raw/fundamentals/ING.json,General.GicSector,HIGH,owned EODHD fundamentals General.GicSector in the canonical 11-bucket GICS taxonomy - directly comparable to the curated map; current-as-of (not PIT) classification used only as a neutralisation grouping
INVH,Unknown,Real Estate,Residential REITs,eodhd_raw_fundamentals(General.GicSector),research/data/eodhd/raw/fundamentals/INVH.json,General.GicSector,HIGH,owned EODHD fundamentals General.GicSector in the canonical 11-bucket GICS taxonomy - directly comparable to the curated map; current-as-of (not PIT) classification used only as a neutralisation grouping
IP,Unknown,Materials,Containers & Packaging,eodhd_raw_fundamentals(General.GicSector),research/data/eodhd/raw/fundamentals/IP.json,General.GicSector,HIGH,owned EODHD fundamentals General.GicSector in the canonical 11-bucket GICS taxonomy - directly comparable to the curated map; current-as-of (not PIT) classification used only as a neutralisation grouping
IQV,Unknown,Health Care,Life Sciences Tools & Services,eodhd_raw_fundamentals(General.GicSector),research/data/eodhd/raw/fundamentals/IQV.json,General.GicSector,HIGH,owned EODHD fundamentals General.GicSector in the canonical 11-bucket GICS taxonomy - directly comparable to the curated map; current-as-of (not PIT) classification used only as a neutralisation grouping
IR,Unknown,Industrials,Machinery,eodhd_raw_fundamentals(General.GicSector),research/data/eodhd/raw/fundamentals/IR.json,General.GicSector,HIGH,owned EODHD fundamentals General.GicSector in the canonical 11-bucket GICS taxonomy - directly comparable to the curated map; current-as-of (not PIT) classification used only as a neutralisation grouping
IRM,Unknown,Real Estate,Specialized REITs,eodhd_raw_fundamentals(General.GicSector),research/data/eodhd/raw/fundamentals/IRM.json,General.GicSector,HIGH,owned EODHD fundamentals General.GicSector in the canonical 11-bucket GICS taxonomy - directly comparable to the curated map; current-as-of (not PIT) classification used only as a neutralisation grouping
IT,Unknown,Information Technology,IT Services,eodhd_raw_fundamentals(General.GicSector),research/data/eodhd/raw/fundamentals/IT.json,General.GicSector,HIGH,owned EODHD fundamentals General.GicSector in the canonical 11-bucket GICS taxonomy - directly comparable to the curated map; current-as-of (not PIT) classification used only as a neutralisation grouping
ITUB,Unknown,Financials,Banks,eodhd_raw_fundamentals(General.GicSector),research/data/eodhd/raw/fundamentals/ITUB.json,General.GicSector,HIGH,owned EODHD fundamentals General.GicSector in the canonical 11-bucket GICS taxonomy - directly comparable to the curated map; current-as-of (not PIT) classification used only as a neutralisation grouping
IVZ,Unknown,Financials,Capital Markets,eodhd_raw_fundamentals(General.GicSector),research/data/eodhd/raw/fundamentals/IVZ.json,General.GicSector,HIGH,owned EODHD fundamentals General.GicSector in the canonical 11-bucket GICS taxonomy - directly comparable to the curated map; current-as-of (not PIT) classification used only as a neutralisation grouping
J,Unknown,Industrials,Construction & Engineering,eodhd_raw_fundamentals(General.GicSector),research/data/eodhd/raw/fundamentals/J.json,General.GicSector,HIGH,owned EODHD fundamentals General.GicSector in the canonical 11-bucket GICS taxonomy - directly comparable to the curated map; current-as-of (not PIT) classification used only as a neutralisation grouping
JBHT,Unknown,Industrials,Ground Transportation,eodhd_raw_fundamentals(General.GicSector),research/data/eodhd/raw/fundamentals/JBHT.json,General.GicSector,HIGH,owned EODHD fundamentals General.GicSector in the canonical 11-bucket GICS taxonomy - directly comparable to the curated map; current-as-of (not PIT) classification used only as a neutralisation grouping
JBL,Unknown,Information Technology,"Electronic Equipment, Instruments & Components",eodhd_raw_fundamentals(General.GicSector),research/data/eodhd/raw/fundamentals/JBL.json,General.GicSector,HIGH,owned EODHD fundamentals General.GicSector in the canonical 11-bucket GICS taxonomy - directly comparable to the curated map; current-as-of (not PIT) classification used only as a neutralisation grouping
JCI,Unknown,Industrials,Building Products,eodhd_raw_fundamentals(General.GicSector),research/data/eodhd/raw/fundamentals/JCI.json,General.GicSector,HIGH,owned EODHD fundamentals General.GicSector in the canonical 11-bucket GICS taxonomy - directly comparable to the curated map; current-as-of (not PIT) classification used only as a neutralisation grouping
JKHY,Unknown,Financials,Financial Services,eodhd_raw_fundamentals(General.GicSector),research/data/eodhd/raw/fundamentals/JKHY.json,General.GicSector,HIGH,owned EODHD fundamentals General.GicSector in the canonical 11-bucket GICS taxonomy - directly comparable to the curated map; current-as-of (not PIT) classification used only as a neutralisation grouping
KDP,Unknown,Consumer Staples,Beverages,eodhd_raw_fundamentals(General.GicSector),research/data/eodhd/raw/fundamentals/KDP.json,General.GicSector,HIGH,owned EODHD fundamentals General.GicSector in the canonical 11-bucket GICS taxonomy - directly comparable to the curated map; current-as-of (not PIT) classification used only as a neutralisation grouping
KEY,Unknown,Financials,Banks,eodhd_raw_fundamentals(General.GicSector),research/data/eodhd/raw/fundamentals/KEY.json,General.GicSector,HIGH,owned EODHD fundamentals General.GicSector in the canonical 11-bucket GICS taxonomy - directly comparable to the curated map; current-as-of (not PIT) classification used only as a neutralisation grouping
KEYS,Unknown,Information Technology,"Electronic Equipment, Instruments & Components",eodhd_raw_fundamentals(General.GicSector),research/data/eodhd/raw/fundamentals/KEYS.json,General.GicSector,HIGH,owned EODHD fundamentals General.GicSector in the canonical 11-bucket GICS taxonomy - directly comparable to the curated map; current-as-of (not PIT) classification used only as a neutralisation grouping
KHC,Unknown,Consumer Staples,Food Products,eodhd_raw_fundamentals(General.GicSector),research/data/eodhd/raw/fundamentals/KHC.json,General.GicSector,HIGH,owned EODHD fundamentals General.GicSector in the canonical 11-bucket GICS taxonomy - directly comparable to the curated map; current-as-of (not PIT) classification used only as a neutralisation grouping
KIM,Unknown,Real Estate,Retail REITs,eodhd_raw_fundamentals(General.GicSector),research/data/eodhd/raw/fundamentals/KIM.json,General.GicSector,HIGH,owned EODHD fundamentals General.GicSector in the canonical 11-bucket GICS taxonomy - directly comparable to the curated map; current-as-of (not PIT) classification used only as a neutralisation grouping
KKR,Unknown,Financials,Capital Markets,eodhd_raw_fundamentals(General.GicSector),research/data/eodhd/raw/fundamentals/KKR.json,General.GicSector,HIGH,owned EODHD fundamentals General.GicSector in the canonical 11-bucket GICS taxonomy - directly comparable to the curated map; current-as-of (not PIT) classification used only as a neutralisation grouping
KMB,Unknown,Consumer Staples,Household Products,eodhd_raw_fundamentals(General.GicSector),research/data/eodhd/raw/fundamentals/KMB.json,General.GicSector,HIGH,owned EODHD fundamentals General.GicSector in the canonical 11-bucket GICS taxonomy - directly comparable to the curated map; current-as-of (not PIT) classification used only as a neutralisation grouping
KMI,Unknown,Energy,"Oil, Gas & Consumable Fuels",eodhd_raw_fundamentals(General.GicSector),research/data/eodhd/raw/fundamentals/KMI.json,General.GicSector,HIGH,owned EODHD fundamentals General.GicSector in the canonical 11-bucket GICS taxonomy - directly comparable to the curated map; current-as-of (not PIT) classification used only as a neutralisation grouping
KR,Unknown,Consumer Staples,Consumer Staples Distribution & Retail,eodhd_raw_fundamentals(General.GicSector),research/data/eodhd/raw/fundamentals/KR.json,General.GicSector,HIGH,owned EODHD fundamentals General.GicSector in the canonical 11-bucket GICS taxonomy - directly comparable to the curated map; current-as-of (not PIT) classification used only as a neutralisation grouping
KVUE,Unknown,Consumer Staples,Personal Care Products,eodhd_raw_fundamentals(General.GicSector),research/data/eodhd/raw/fundamentals/KVUE.json,General.GicSector,HIGH,owned EODHD fundamentals General.GicSector in the canonical 11-bucket GICS taxonomy - directly comparable to the curated map; current-as-of (not PIT) classification used only as a neutralisation grouping
KXIAY,Unknown,Information Technology,Semiconductors,eodhd_raw_fundamentals(General.Sector->GICS_crosswalk),research/data/eodhd/raw/fundamentals/KXIAY.json,General.Sector,MEDIUM,owned EODHD fundamentals General.Sector (Morningstar taxonomy) mapped to GICS via the documented 1:1 crosswalk (GicSector was blank); current-as-of (not PIT) classification used only as a grouping
L,Unknown,Financials,Insurance,eodhd_raw_fundamentals(General.GicSector),research/data/eodhd/raw/fundamentals/L.json,General.GicSector,HIGH,owned EODHD fundamentals General.GicSector in the canonical 11-bucket GICS taxonomy - directly comparable to the curated map; current-as-of (not PIT) classification used only as a neutralisation grouping
LDOS,Unknown,Information Technology,IT Services,eodhd_raw_fundamentals(General.GicSector),research/data/eodhd/raw/fundamentals/LDOS.json,General.GicSector,HIGH,owned EODHD fundamentals General.GicSector in the canonical 11-bucket GICS taxonomy - directly comparable to the curated map; current-as-of (not PIT) classification used only as a neutralisation grouping
LEN,Unknown,Consumer Discretionary,Household Durables,eodhd_raw_fundamentals(General.GicSector),research/data/eodhd/raw/fundamentals/LEN.json,General.GicSector,HIGH,owned EODHD fundamentals General.GicSector in the canonical 11-bucket GICS taxonomy - directly comparable to the curated map; current-as-of (not PIT) classification used only as a neutralisation grouping
LH,Unknown,Health Care,Health Care Providers & Services,eodhd_raw_fundamentals(General.GicSector),research/data/eodhd/raw/fundamentals/LH.json,General.GicSector,HIGH,owned EODHD fundamentals General.GicSector in the canonical 11-bucket GICS taxonomy - directly comparable to the curated map; current-as-of (not PIT) classification used only as a neutralisation grouping
LHX,Unknown,Industrials,Aerospace & Defense,eodhd_raw_fundamentals(General.GicSector),research/data/eodhd/raw/fundamentals/LHX.json,General.GicSector,HIGH,owned EODHD fundamentals General.GicSector in the canonical 11-bucket GICS taxonomy - directly comparable to the curated map; current-as-of (not PIT) classification used only as a neutralisation grouping
LII,Unknown,Industrials,Building Products,eodhd_raw_fundamentals(General.GicSector),research/data/eodhd/raw/fundamentals/LII.json,General.GicSector,HIGH,owned EODHD fundamentals General.GicSector in the canonical 11-bucket GICS taxonomy - directly comparable to the curated map; current-as-of (not PIT) classification used only as a neutralisation grouping
LITE,Unknown,Information Technology,Communications Equipment,eodhd_raw_fundamentals(General.GicSector),research/data/eodhd/raw/fundamentals/LITE.json,General.GicSector,HIGH,owned EODHD fundamentals General.GicSector in the canonical 11-bucket GICS taxonomy - directly comparable to the curated map; current-as-of (not PIT) classification used only as a neutralisation grouping
LNT,Unknown,Utilities,Electric Utilities,eodhd_raw_fundamentals(General.GicSector),research/data/eodhd/raw/fundamentals/LNT.json,General.GicSector,HIGH,owned EODHD fundamentals General.GicSector in the canonical 11-bucket GICS taxonomy - directly comparable to the curated map; current-as-of (not PIT) classification used only as a neutralisation grouping
LRCX,Unknown,Information Technology,Semiconductors & Semiconductor Equipment,eodhd_raw_fundamentals(General.GicSector),research/data/eodhd/raw/fundamentals/LRCX.json,General.GicSector,HIGH,owned EODHD fundamentals General.GicSector in the canonical 11-bucket GICS taxonomy - directly comparable to the curated map; current-as-of (not PIT) classification used only as a neutralisation grouping
LSEGY,Unknown,Financials,Capital Markets,eodhd_raw_fundamentals(General.GicSector),research/data/eodhd/raw/fundamentals/LSEGY.json,General.GicSector,HIGH,owned EODHD fundamentals General.GicSector in the canonical 11-bucket GICS taxonomy - directly comparable to the curated map; current-as-of (not PIT) classification used only as a neutralisation grouping
LULU,Unknown,Consumer Discretionary,"Textiles, Apparel & Luxury Goods",eodhd_raw_fundamentals(General.GicSector),research/data/eodhd/raw/fundamentals/LULU.json,General.GicSector,HIGH,owned EODHD fundamentals General.GicSector in the canonical 11-bucket GICS taxonomy - directly comparable to the curated map; current-as-of (not PIT) classification used only as a neutralisation grouping
LUV,Unknown,Industrials,Passenger Airlines,eodhd_raw_fundamentals(General.GicSector),research/data/eodhd/raw/fundamentals/LUV.json,General.GicSector,HIGH,owned EODHD fundamentals General.GicSector in the canonical 11-bucket GICS taxonomy - directly comparable to the curated map; current-as-of (not PIT) classification used only as a neutralisation grouping
LVS,Unknown,Consumer Discretionary,"Hotels, Restaurants & Leisure",eodhd_raw_fundamentals(General.GicSector),research/data/eodhd/raw/fundamentals/LVS.json,General.GicSector,HIGH,owned EODHD fundamentals General.GicSector in the canonical 11-bucket GICS taxonomy - directly comparable to the curated map; current-as-of (not PIT) classification used only as a neutralisation grouping
LYB,Unknown,Materials,Chemicals,eodhd_raw_fundamentals(General.GicSector),research/data/eodhd/raw/fundamentals/LYB.json,General.GicSector,HIGH,owned EODHD fundamentals General.GicSector in the canonical 11-bucket GICS taxonomy - directly comparable to the curated map; current-as-of (not PIT) classification used only as a neutralisation grouping
LYG,Unknown,Financials,Banks,eodhd_raw_fundamentals(General.GicSector),research/data/eodhd/raw/fundamentals/LYG.json,General.GicSector,HIGH,owned EODHD fundamentals General.GicSector in the canonical 11-bucket GICS taxonomy - directly comparable to the curated map; current-as-of (not PIT) classification used only as a neutralisation grouping
LYV,Unknown,Communication Services,Entertainment,eodhd_raw_fundamentals(General.GicSector),research/data/eodhd/raw/fundamentals/LYV.json,General.GicSector,HIGH,owned EODHD fundamentals General.GicSector in the canonical 11-bucket GICS taxonomy - directly comparable to the curated map; current-as-of (not PIT) classification used only as a neutralisation grouping
MAA,Unknown,Real Estate,Residential REITs,eodhd_raw_fundamentals(General.GicSector),research/data/eodhd/raw/fundamentals/MAA.json,General.GicSector,HIGH,owned EODHD fundamentals General.GicSector in the canonical 11-bucket GICS taxonomy - directly comparable to the curated map; current-as-of (not PIT) classification used only as a neutralisation grouping
MAS,Unknown,Industrials,Building Products,eodhd_raw_fundamentals(General.GicSector),research/data/eodhd/raw/fundamentals/MAS.json,General.GicSector,HIGH,owned EODHD fundamentals General.GicSector in the canonical 11-bucket GICS taxonomy - directly comparable to the curated map; current-as-of (not PIT) classification used only as a neutralisation grouping
MCHP,Unknown,Information Technology,Semiconductors & Semiconductor Equipment,eodhd_raw_fundamentals(General.GicSector),research/data/eodhd/raw/fundamentals/MCHP.json,General.GicSector,HIGH,owned EODHD fundamentals General.GicSector in the canonical 11-bucket GICS taxonomy - directly comparable to the curated map; current-as-of (not PIT) classification used only as a neutralisation grouping
MCK,Unknown,Health Care,Health Care Providers & Services,eodhd_raw_fundamentals(General.GicSector),research/data/eodhd/raw/fundamentals/MCK.json,General.GicSector,HIGH,owned EODHD fundamentals General.GicSector in the canonical 11-bucket GICS taxonomy - directly comparable to the curated map; current-as-of (not PIT) classification used only as a neutralisation grouping
MDLN,Unknown,Health Care,Health Care Equipment & Supplies,eodhd_raw_fundamentals(General.GicSector),research/data/eodhd/raw/fundamentals/MDLN.json,General.GicSector,HIGH,owned EODHD fundamentals General.GicSector in the canonical 11-bucket GICS taxonomy - directly comparable to the curated map; current-as-of (not PIT) classification used only as a neutralisation grouping
MELI,Unknown,Consumer Discretionary,Broadline Retail,eodhd_raw_fundamentals(General.GicSector),research/data/eodhd/raw/fundamentals/MELI.json,General.GicSector,HIGH,owned EODHD fundamentals General.GicSector in the canonical 11-bucket GICS taxonomy - directly comparable to the curated map; current-as-of (not PIT) classification used only as a neutralisation grouping
MET,Unknown,Financials,Insurance,eodhd_raw_fundamentals(General.GicSector),research/data/eodhd/raw/fundamentals/MET.json,General.GicSector,HIGH,owned EODHD fundamentals General.GicSector in the canonical 11-bucket GICS taxonomy - directly comparable to the curated map; current-as-of (not PIT) classification used only as a neutralisation grouping
MFC,Unknown,Financials,Insurance,eodhd_raw_fundamentals(General.GicSector),research/data/eodhd/raw/fundamentals/MFC.json,General.GicSector,HIGH,owned EODHD fundamentals General.GicSector in the canonical 11-bucket GICS taxonomy - directly comparable to the curated map; current-as-of (not PIT) classification used only as a neutralisation grouping
MFG,Unknown,Financials,Banks,eodhd_raw_fundamentals(General.GicSector),research/data/eodhd/raw/fundamentals/MFG.json,General.GicSector,HIGH,owned EODHD fundamentals General.GicSector in the canonical 11-bucket GICS taxonomy - directly comparable to the curated map; current-as-of (not PIT) classification used only as a neutralisation grouping
MGCLY,Unknown,Consumer Discretionary,"Furnishings, Fixtures & Appliances",eodhd_raw_fundamentals(General.Sector->GICS_crosswalk),research/data/eodhd/raw/fundamentals/MGCLY.json,General.Sector,MEDIUM,owned EODHD fundamentals General.Sector (Morningstar taxonomy) mapped to GICS via the documented 1:1 crosswalk (GicSector was blank); current-as-of (not PIT) classification used only as a grouping
MGM,Unknown,Consumer Discretionary,"Hotels, Restaurants & Leisure",eodhd_raw_fundamentals(General.GicSector),research/data/eodhd/raw/fundamentals/MGM.json,General.GicSector,HIGH,owned EODHD fundamentals General.GicSector in the canonical 11-bucket GICS taxonomy - directly comparable to the curated map; current-as-of (not PIT) classification used only as a neutralisation grouping
MKC,Unknown,Consumer Staples,Food Products,eodhd_raw_fundamentals(General.GicSector),research/data/eodhd/raw/fundamentals/MKC.json,General.GicSector,HIGH,owned EODHD fundamentals General.GicSector in the canonical 11-bucket GICS taxonomy - directly comparable to the curated map; current-as-of (not PIT) classification used only as a neutralisation grouping
MLM,Unknown,Materials,Construction Materials,eodhd_raw_fundamentals(General.GicSector),research/data/eodhd/raw/fundamentals/MLM.json,General.GicSector,HIGH,owned EODHD fundamentals General.GicSector in the canonical 11-bucket GICS taxonomy - directly comparable to the curated map; current-as-of (not PIT) classification used only as a neutralisation grouping
MMM,Unknown,Industrials,Industrial Conglomerates,eodhd_raw_fundamentals(General.GicSector),research/data/eodhd/raw/fundamentals/MMM.json,General.GicSector,HIGH,owned EODHD fundamentals General.GicSector in the canonical 11-bucket GICS taxonomy - directly comparable to the curated map; current-as-of (not PIT) classification used only as a neutralisation grouping
MNST,Unknown,Consumer Staples,Beverages,eodhd_raw_fundamentals(General.GicSector),research/data/eodhd/raw/fundamentals/MNST.json,General.GicSector,HIGH,owned EODHD fundamentals General.GicSector in the canonical 11-bucket GICS taxonomy - directly comparable to the curated map; current-as-of (not PIT) classification used only as a neutralisation grouping
MOS,Unknown,Materials,Chemicals,eodhd_raw_fundamentals(General.GicSector),research/data/eodhd/raw/fundamentals/MOS.json,General.GicSector,HIGH,owned EODHD fundamentals General.GicSector in the canonical 11-bucket GICS taxonomy - directly comparable to the curated map; current-as-of (not PIT) classification used only as a neutralisation grouping
MPC,Unknown,Energy,"Oil, Gas & Consumable Fuels",eodhd_raw_fundamentals(General.GicSector),research/data/eodhd/raw/fundamentals/MPC.json,General.GicSector,HIGH,owned EODHD fundamentals General.GicSector in the canonical 11-bucket GICS taxonomy - directly comparable to the curated map; current-as-of (not PIT) classification used only as a neutralisation grouping
MPWR,Unknown,Information Technology,Semiconductors & Semiconductor Equipment,eodhd_raw_fundamentals(General.GicSector),research/data/eodhd/raw/fundamentals/MPWR.json,General.GicSector,HIGH,owned EODHD fundamentals General.GicSector in the canonical 11-bucket GICS taxonomy - directly comparable to the curated map; current-as-of (not PIT) classification used only as a neutralisation grouping
MRNA,Unknown,Health Care,Biotechnology,eodhd_raw_fundamentals(General.GicSector),research/data/eodhd/raw/fundamentals/MRNA.json,General.GicSector,HIGH,owned EODHD fundamentals General.GicSector in the canonical 11-bucket GICS taxonomy - directly comparable to the curated map; current-as-of (not PIT) classification used only as a neutralisation grouping
MRSH,Unknown,Financials,Insurance,eodhd_raw_fundamentals(General.GicSector),research/data/eodhd/raw/fundamentals/MRSH.json,General.GicSector,HIGH,owned EODHD fundamentals General.GicSector in the canonical 11-bucket GICS taxonomy - directly comparable to the curated map; current-as-of (not PIT) classification used only as a neutralisation grouping
MRVL,Unknown,Information Technology,Semiconductors & Semiconductor Equipment,eodhd_raw_fundamentals(General.GicSector),research/data/eodhd/raw/fundamentals/MRVL.json,General.GicSector,HIGH,owned EODHD fundamentals General.GicSector in the canonical 11-bucket GICS taxonomy - directly comparable to the curated map; current-as-of (not PIT) classification used only as a neutralisation grouping
MSCI,Unknown,Financials,Capital Markets,eodhd_raw_fundamentals(General.GicSector),research/data/eodhd/raw/fundamentals/MSCI.json,General.GicSector,HIGH,owned EODHD fundamentals General.GicSector in the canonical 11-bucket GICS taxonomy - directly comparable to the curated map; current-as-of (not PIT) classification used only as a neutralisation grouping
MSI,Unknown,Information Technology,Communications Equipment,eodhd_raw_fundamentals(General.GicSector),research/data/eodhd/raw/fundamentals/MSI.json,General.GicSector,HIGH,owned EODHD fundamentals General.GicSector in the canonical 11-bucket GICS taxonomy - directly comparable to the curated map; current-as-of (not PIT) classification used only as a neutralisation grouping
MTB,Unknown,Financials,Banks,eodhd_raw_fundamentals(General.GicSector),research/data/eodhd/raw/fundamentals/MTB.json,General.GicSector,HIGH,owned EODHD fundamentals General.GicSector in the canonical 11-bucket GICS taxonomy - directly comparable to the curated map; current-as-of (not PIT) classification used only as a neutralisation grouping
MTD,Unknown,Health Care,Life Sciences Tools & Services,eodhd_raw_fundamentals(General.GicSector),research/data/eodhd/raw/fundamentals/MTD.json,General.GicSector,HIGH,owned EODHD fundamentals General.GicSector in the canonical 11-bucket GICS taxonomy - directly comparable to the curated map; current-as-of (not PIT) classification used only as a neutralisation grouping
MUFG,Unknown,Financials,Banks,eodhd_raw_fundamentals(General.GicSector),research/data/eodhd/raw/fundamentals/MUFG.json,General.GicSector,HIGH,owned EODHD fundamentals General.GicSector in the canonical 11-bucket GICS taxonomy - directly comparable to the curated map; current-as-of (not PIT) classification used only as a neutralisation grouping
NBIS,Unknown,Information Technology,Software,eodhd_raw_fundamentals(General.GicSector),research/data/eodhd/raw/fundamentals/NBIS.json,General.GicSector,HIGH,owned EODHD fundamentals General.GicSector in the canonical 11-bucket GICS taxonomy - directly comparable to the curated map; current-as-of (not PIT) classification used only as a neutralisation grouping
NCLH,Unknown,Consumer Discretionary,"Hotels, Restaurants & Leisure",eodhd_raw_fundamentals(General.GicSector),research/data/eodhd/raw/fundamentals/NCLH.json,General.GicSector,HIGH,owned EODHD fundamentals General.GicSector in the canonical 11-bucket GICS taxonomy - directly comparable to the curated map; current-as-of (not PIT) classification used only as a neutralisation grouping
NDAQ,Unknown,Financials,Capital Markets,eodhd_raw_fundamentals(General.GicSector),research/data/eodhd/raw/fundamentals/NDAQ.json,General.GicSector,HIGH,owned EODHD fundamentals General.GicSector in the canonical 11-bucket GICS taxonomy - directly comparable to the curated map; current-as-of (not PIT) classification used only as a neutralisation grouping
NDSN,Unknown,Industrials,Machinery,eodhd_raw_fundamentals(General.GicSector),research/data/eodhd/raw/fundamentals/NDSN.json,General.GicSector,HIGH,owned EODHD fundamentals General.GicSector in the canonical 11-bucket GICS taxonomy - directly comparable to the curated map; current-as-of (not PIT) classification used only as a neutralisation grouping
NEM,Unknown,Materials,Metals & Mining,eodhd_raw_fundamentals(General.GicSector),research/data/eodhd/raw/fundamentals/NEM.json,General.GicSector,HIGH,owned EODHD fundamentals General.GicSector in the canonical 11-bucket GICS taxonomy - directly comparable to the curated map; current-as-of (not PIT) classification used only as a neutralisation grouping
NET,Unknown,Information Technology,Software,eodhd_raw_fundamentals(General.GicSector),research/data/eodhd/raw/fundamentals/NET.json,General.GicSector,HIGH,owned EODHD fundamentals General.GicSector in the canonical 11-bucket GICS taxonomy - directly comparable to the curated map; current-as-of (not PIT) classification used only as a neutralisation grouping
NGG,Unknown,Utilities,Multi-Utilities,eodhd_raw_fundamentals(General.GicSector),research/data/eodhd/raw/fundamentals/NGG.json,General.GicSector,HIGH,owned EODHD fundamentals General.GicSector in the canonical 11-bucket GICS taxonomy - directly comparable to the curated map; current-as-of (not PIT) classification used only as a neutralisation grouping
NI,Unknown,Utilities,Multi-Utilities,eodhd_raw_fundamentals(General.GicSector),research/data/eodhd/raw/fundamentals/NI.json,General.GicSector,HIGH,owned EODHD fundamentals General.GicSector in the canonical 11-bucket GICS taxonomy - directly comparable to the curated map; current-as-of (not PIT) classification used only as a neutralisation grouping
NOK,Unknown,Information Technology,Communications Equipment,eodhd_raw_fundamentals(General.GicSector),research/data/eodhd/raw/fundamentals/NOK.json,General.GicSector,HIGH,owned EODHD fundamentals General.GicSector in the canonical 11-bucket GICS taxonomy - directly comparable to the curated map; current-as-of (not PIT) classification used only as a neutralisation grouping
NRG,Unknown,Utilities,Electric Utilities,eodhd_raw_fundamentals(General.GicSector),research/data/eodhd/raw/fundamentals/NRG.json,General.GicSector,HIGH,owned EODHD fundamentals General.GicSector in the canonical 11-bucket GICS taxonomy - directly comparable to the curated map; current-as-of (not PIT) classification used only as a neutralisation grouping
NSC,Unknown,Industrials,Ground Transportation,eodhd_raw_fundamentals(General.GicSector),research/data/eodhd/raw/fundamentals/NSC.json,General.GicSector,HIGH,owned EODHD fundamentals General.GicSector in the canonical 11-bucket GICS taxonomy - directly comparable to the curated map; current-as-of (not PIT) classification used only as a neutralisation grouping
NTAP,Unknown,Information Technology,"Technology Hardware, Storage & Peripherals",eodhd_raw_fundamentals(General.GicSector),research/data/eodhd/raw/fundamentals/NTAP.json,General.GicSector,HIGH,owned EODHD fundamentals General.GicSector in the canonical 11-bucket GICS taxonomy - directly comparable to the curated map; current-as-of (not PIT) classification used only as a neutralisation grouping
NTES,Unknown,Communication Services,Entertainment,eodhd_raw_fundamentals(General.GicSector),research/data/eodhd/raw/fundamentals/NTES.json,General.GicSector,HIGH,owned EODHD fundamentals General.GicSector in the canonical 11-bucket GICS taxonomy - directly comparable to the curated map; current-as-of (not PIT) classification used only as a neutralisation grouping
NTRS,Unknown,Financials,Capital Markets,eodhd_raw_fundamentals(General.GicSector),research/data/eodhd/raw/fundamentals/NTRS.json,General.GicSector,HIGH,owned EODHD fundamentals General.GicSector in the canonical 11-bucket GICS taxonomy - directly comparable to the curated map; current-as-of (not PIT) classification used only as a neutralisation grouping
NU,Unknown,Financials,Banks,eodhd_raw_fundamentals(General.GicSector),research/data/eodhd/raw/fundamentals/NU.json,General.GicSector,HIGH,owned EODHD fundamentals General.GicSector in the canonical 11-bucket GICS taxonomy - directly comparable to the curated map; current-as-of (not PIT) classification used only as a neutralisation grouping
NUE,Unknown,Materials,Metals & Mining,eodhd_raw_fundamentals(General.GicSector),research/data/eodhd/raw/fundamentals/NUE.json,General.GicSector,HIGH,owned EODHD fundamentals General.GicSector in the canonical 11-bucket GICS taxonomy - directly comparable to the curated map; current-as-of (not PIT) classification used only as a neutralisation grouping
NVO,Unknown,Health Care,Pharmaceuticals,eodhd_raw_fundamentals(General.GicSector),research/data/eodhd/raw/fundamentals/NVO.json,General.GicSector,HIGH,owned EODHD fundamentals General.GicSector in the canonical 11-bucket GICS taxonomy - directly comparable to the curated map; current-as-of (not PIT) classification used only as a neutralisation grouping
NVR,Unknown,Consumer Discretionary,Household Durables,eodhd_raw_fundamentals(General.GicSector),research/data/eodhd/raw/fundamentals/NVR.json,General.GicSector,HIGH,owned EODHD fundamentals General.GicSector in the canonical 11-bucket GICS taxonomy - directly comparable to the curated map; current-as-of (not PIT) classification used only as a neutralisation grouping
NVS,Unknown,Health Care,Pharmaceuticals,eodhd_raw_fundamentals(General.GicSector),research/data/eodhd/raw/fundamentals/NVS.json,General.GicSector,HIGH,owned EODHD fundamentals General.GicSector in the canonical 11-bucket GICS taxonomy - directly comparable to the curated map; current-as-of (not PIT) classification used only as a neutralisation grouping
NWG,Unknown,Financials,Banks,eodhd_raw_fundamentals(General.GicSector),research/data/eodhd/raw/fundamentals/NWG.json,General.GicSector,HIGH,owned EODHD fundamentals General.GicSector in the canonical 11-bucket GICS taxonomy - directly comparable to the curated map; current-as-of (not PIT) classification used only as a neutralisation grouping
NWS,Unknown,Communication Services,Media,eodhd_raw_fundamentals(General.GicSector),research/data/eodhd/raw/fundamentals/NWS.json,General.GicSector,HIGH,owned EODHD fundamentals General.GicSector in the canonical 11-bucket GICS taxonomy - directly comparable to the curated map; current-as-of (not PIT) classification used only as a neutralisation grouping
NWSA,Unknown,Communication Services,Media,eodhd_raw_fundamentals(General.GicSector),research/data/eodhd/raw/fundamentals/NWSA.json,General.GicSector,HIGH,owned EODHD fundamentals General.GicSector in the canonical 11-bucket GICS taxonomy - directly comparable to the curated map; current-as-of (not PIT) classification used only as a neutralisation grouping
NXPI,Unknown,Information Technology,Semiconductors & Semiconductor Equipment,eodhd_raw_fundamentals(General.GicSector),research/data/eodhd/raw/fundamentals/NXPI.json,General.GicSector,HIGH,owned EODHD fundamentals General.GicSector in the canonical 11-bucket GICS taxonomy - directly comparable to the curated map; current-as-of (not PIT) classification used only as a neutralisation grouping
O,Unknown,Real Estate,Retail REITs,eodhd_raw_fundamentals(General.GicSector),research/data/eodhd/raw/fundamentals/O.json,General.GicSector,HIGH,owned EODHD fundamentals General.GicSector in the canonical 11-bucket GICS taxonomy - directly comparable to the curated map; current-as-of (not PIT) classification used only as a neutralisation grouping
ODFL,Unknown,Industrials,Ground Transportation,eodhd_raw_fundamentals(General.GicSector),research/data/eodhd/raw/fundamentals/ODFL.json,General.GicSector,HIGH,owned EODHD fundamentals General.GicSector in the canonical 11-bucket GICS taxonomy - directly comparable to the curated map; current-as-of (not PIT) classification used only as a neutralisation grouping
OKE,Unknown,Energy,"Oil, Gas & Consumable Fuels",eodhd_raw_fundamentals(General.GicSector),research/data/eodhd/raw/fundamentals/OKE.json,General.GicSector,HIGH,owned EODHD fundamentals General.GicSector in the canonical 11-bucket GICS taxonomy - directly comparable to the curated map; current-as-of (not PIT) classification used only as a neutralisation grouping
OMC,Unknown,Communication Services,Media,eodhd_raw_fundamentals(General.GicSector),research/data/eodhd/raw/fundamentals/OMC.json,General.GicSector,HIGH,owned EODHD fundamentals General.GicSector in the canonical 11-bucket GICS taxonomy - directly comparable to the curated map; current-as-of (not PIT) classification used only as a neutralisation grouping
ON,Unknown,Information Technology,Semiconductors & Semiconductor Equipment,eodhd_raw_fundamentals(General.GicSector),research/data/eodhd/raw/fundamentals/ON.json,General.GicSector,HIGH,owned EODHD fundamentals General.GicSector in the canonical 11-bucket GICS taxonomy - directly comparable to the curated map; current-as-of (not PIT) classification used only as a neutralisation grouping
OTIS,Unknown,Industrials,Machinery,eodhd_raw_fundamentals(General.GicSector),research/data/eodhd/raw/fundamentals/OTIS.json,General.GicSector,HIGH,owned EODHD fundamentals General.GicSector in the canonical 11-bucket GICS taxonomy - directly comparable to the curated map; current-as-of (not PIT) classification used only as a neutralisation grouping
OXY,Unknown,Energy,"Oil, Gas & Consumable Fuels",eodhd_raw_fundamentals(General.GicSector),research/data/eodhd/raw/fundamentals/OXY.json,General.GicSector,HIGH,owned EODHD fundamentals General.GicSector in the canonical 11-bucket GICS taxonomy - directly comparable to the curated map; current-as-of (not PIT) classification used only as a neutralisation grouping
PAYX,Unknown,Industrials,Professional Services,eodhd_raw_fundamentals(General.GicSector),research/data/eodhd/raw/fundamentals/PAYX.json,General.GicSector,HIGH,owned EODHD fundamentals General.GicSector in the canonical 11-bucket GICS taxonomy - directly comparable to the curated map; current-as-of (not PIT) classification used only as a neutralisation grouping
PBR,Unknown,Energy,"Oil, Gas & Consumable Fuels",eodhd_raw_fundamentals(General.GicSector),research/data/eodhd/raw/fundamentals/PBR.json,General.GicSector,HIGH,owned EODHD fundamentals General.GicSector in the canonical 11-bucket GICS taxonomy - directly comparable to the curated map; current-as-of (not PIT) classification used only as a neutralisation grouping
PCAR,Unknown,Industrials,Machinery,eodhd_raw_fundamentals(General.GicSector),research/data/eodhd/raw/fundamentals/PCAR.json,General.GicSector,HIGH,owned EODHD fundamentals General.GicSector in the canonical 11-bucket GICS taxonomy - directly comparable to the curated map; current-as-of (not PIT) classification used only as a neutralisation grouping
PCG,Unknown,Utilities,Electric Utilities,eodhd_raw_fundamentals(General.GicSector),research/data/eodhd/raw/fundamentals/PCG.json,General.GicSector,HIGH,owned EODHD fundamentals General.GicSector in the canonical 11-bucket GICS taxonomy - directly comparable to the curated map; current-as-of (not PIT) classification used only as a neutralisation grouping
PDD,Unknown,Consumer Discretionary,Broadline Retail,eodhd_raw_fundamentals(General.GicSector),research/data/eodhd/raw/fundamentals/PDD.json,General.GicSector,HIGH,owned EODHD fundamentals General.GicSector in the canonical 11-bucket GICS taxonomy - directly comparable to the curated map; current-as-of (not PIT) classification used only as a neutralisation grouping
PEG,Unknown,Utilities,Multi-Utilities,eodhd_raw_fundamentals(General.GicSector),research/data/eodhd/raw/fundamentals/PEG.json,General.GicSector,HIGH,owned EODHD fundamentals General.GicSector in the canonical 11-bucket GICS taxonomy - directly comparable to the curated map; current-as-of (not PIT) classification used only as a neutralisation grouping
PFG,Unknown,Financials,Insurance,eodhd_raw_fundamentals(General.GicSector),research/data/eodhd/raw/fundamentals/PFG.json,General.GicSector,HIGH,owned EODHD fundamentals General.GicSector in the canonical 11-bucket GICS taxonomy - directly comparable to the curated map; current-as-of (not PIT) classification used only as a neutralisation grouping
PGR,Unknown,Financials,Insurance,eodhd_raw_fundamentals(General.GicSector),research/data/eodhd/raw/fundamentals/PGR.json,General.GicSector,HIGH,owned EODHD fundamentals General.GicSector in the canonical 11-bucket GICS taxonomy - directly comparable to the curated map; current-as-of (not PIT) classification used only as a neutralisation grouping
PHM,Unknown,Consumer Discretionary,Household Durables,eodhd_raw_fundamentals(General.GicSector),research/data/eodhd/raw/fundamentals/PHM.json,General.GicSector,HIGH,owned EODHD fundamentals General.GicSector in the canonical 11-bucket GICS taxonomy - directly comparable to the curated map; current-as-of (not PIT) classification used only as a neutralisation grouping
PKG,Unknown,Materials,Containers & Packaging,eodhd_raw_fundamentals(General.GicSector),research/data/eodhd/raw/fundamentals/PKG.json,General.GicSector,HIGH,owned EODHD fundamentals General.GicSector in the canonical 11-bucket GICS taxonomy - directly comparable to the curated map; current-as-of (not PIT) classification used only as a neutralisation grouping
PLTR,Unknown,Information Technology,Software,eodhd_raw_fundamentals(General.GicSector),research/data/eodhd/raw/fundamentals/PLTR.json,General.GicSector,HIGH,owned EODHD fundamentals General.GicSector in the canonical 11-bucket GICS taxonomy - directly comparable to the curated map; current-as-of (not PIT) classification used only as a neutralisation grouping
PNR,Unknown,Industrials,Machinery,eodhd_raw_fundamentals(General.GicSector),research/data/eodhd/raw/fundamentals/PNR.json,General.GicSector,HIGH,owned EODHD fundamentals General.GicSector in the canonical 11-bucket GICS taxonomy - directly comparable to the curated map; current-as-of (not PIT) classification used only as a neutralisation grouping
PNW,Unknown,Utilities,Electric Utilities,eodhd_raw_fundamentals(General.GicSector),research/data/eodhd/raw/fundamentals/PNW.json,General.GicSector,HIGH,owned EODHD fundamentals General.GicSector in the canonical 11-bucket GICS taxonomy - directly comparable to the curated map; current-as-of (not PIT) classification used only as a neutralisation grouping
PODD,Unknown,Health Care,Health Care Equipment & Supplies,eodhd_raw_fundamentals(General.GicSector),research/data/eodhd/raw/fundamentals/PODD.json,General.GicSector,HIGH,owned EODHD fundamentals General.GicSector in the canonical 11-bucket GICS taxonomy - directly comparable to the curated map; current-as-of (not PIT) classification used only as a neutralisation grouping
PPG,Unknown,Materials,Chemicals,eodhd_raw_fundamentals(General.GicSector),research/data/eodhd/raw/fundamentals/PPG.json,General.GicSector,HIGH,owned EODHD fundamentals General.GicSector in the canonical 11-bucket GICS taxonomy - directly comparable to the curated map; current-as-of (not PIT) classification used only as a neutralisation grouping
PPL,Unknown,Utilities,Electric Utilities,eodhd_raw_fundamentals(General.GicSector),research/data/eodhd/raw/fundamentals/PPL.json,General.GicSector,HIGH,owned EODHD fundamentals General.GicSector in the canonical 11-bucket GICS taxonomy - directly comparable to the curated map; current-as-of (not PIT) classification used only as a neutralisation grouping
PRU,Unknown,Financials,Insurance,eodhd_raw_fundamentals(General.GicSector),research/data/eodhd/raw/fundamentals/PRU.json,General.GicSector,HIGH,owned EODHD fundamentals General.GicSector in the canonical 11-bucket GICS taxonomy - directly comparable to the curated map; current-as-of (not PIT) classification used only as a neutralisation grouping
PSA,Unknown,Real Estate,Specialized REITs,eodhd_raw_fundamentals(General.GicSector),research/data/eodhd/raw/fundamentals/PSA.json,General.GicSector,HIGH,owned EODHD fundamentals General.GicSector in the canonical 11-bucket GICS taxonomy - directly comparable to the curated map; current-as-of (not PIT) classification used only as a neutralisation grouping
PSKY,Unknown,Communication Services,Media,eodhd_raw_fundamentals(General.GicSector),research/data/eodhd/raw/fundamentals/PSKY.json,General.GicSector,HIGH,owned EODHD fundamentals General.GicSector in the canonical 11-bucket GICS taxonomy - directly comparable to the curated map; current-as-of (not PIT) classification used only as a neutralisation grouping
PSX,Unknown,Energy,"Oil, Gas & Consumable Fuels",eodhd_raw_fundamentals(General.GicSector),research/data/eodhd/raw/fundamentals/PSX.json,General.GicSector,HIGH,owned EODHD fundamentals General.GicSector in the canonical 11-bucket GICS taxonomy - directly comparable to the curated map; current-as-of (not PIT) classification used only as a neutralisation grouping
PTC,Unknown,Information Technology,Software,eodhd_raw_fundamentals(General.GicSector),research/data/eodhd/raw/fundamentals/PTC.json,General.GicSector,HIGH,owned EODHD fundamentals General.GicSector in the canonical 11-bucket GICS taxonomy - directly comparable to the curated map; current-as-of (not PIT) classification used only as a neutralisation grouping
PWR,Unknown,Industrials,Construction & Engineering,eodhd_raw_fundamentals(General.GicSector),research/data/eodhd/raw/fundamentals/PWR.json,General.GicSector,HIGH,owned EODHD fundamentals General.GicSector in the canonical 11-bucket GICS taxonomy - directly comparable to the curated map; current-as-of (not PIT) classification used only as a neutralisation grouping
Q,Unknown,Information Technology,"Electronic Equipment, Instruments & Components",eodhd_raw_fundamentals(General.GicSector),research/data/eodhd/raw/fundamentals/Q.json,General.GicSector,HIGH,owned EODHD fundamentals General.GicSector in the canonical 11-bucket GICS taxonomy - directly comparable to the curated map; current-as-of (not PIT) classification used only as a neutralisation grouping
RACE,Unknown,Consumer Discretionary,Automobiles,eodhd_raw_fundamentals(General.GicSector),research/data/eodhd/raw/fundamentals/RACE.json,General.GicSector,HIGH,owned EODHD fundamentals General.GicSector in the canonical 11-bucket GICS taxonomy - directly comparable to the curated map; current-as-of (not PIT) classification used only as a neutralisation grouping
RCL,Unknown,Consumer Discretionary,"Hotels, Restaurants & Leisure",eodhd_raw_fundamentals(General.GicSector),research/data/eodhd/raw/fundamentals/RCL.json,General.GicSector,HIGH,owned EODHD fundamentals General.GicSector in the canonical 11-bucket GICS taxonomy - directly comparable to the curated map; current-as-of (not PIT) classification used only as a neutralisation grouping
REG,Unknown,Real Estate,Retail REITs,eodhd_raw_fundamentals(General.GicSector),research/data/eodhd/raw/fundamentals/REG.json,General.GicSector,HIGH,owned EODHD fundamentals General.GicSector in the canonical 11-bucket GICS taxonomy - directly comparable to the curated map; current-as-of (not PIT) classification used only as a neutralisation grouping
RELX,Unknown,Industrials,Professional Services,eodhd_raw_fundamentals(General.GicSector),research/data/eodhd/raw/fundamentals/RELX.json,General.GicSector,HIGH,owned EODHD fundamentals General.GicSector in the canonical 11-bucket GICS taxonomy - directly comparable to the curated map; current-as-of (not PIT) classification used only as a neutralisation grouping
RF,Unknown,Financials,Banks,eodhd_raw_fundamentals(General.GicSector),research/data/eodhd/raw/fundamentals/RF.json,General.GicSector,HIGH,owned EODHD fundamentals General.GicSector in the canonical 11-bucket GICS taxonomy - directly comparable to the curated map; current-as-of (not PIT) classification used only as a neutralisation grouping
RIO,Unknown,Materials,Metals & Mining,eodhd_raw_fundamentals(General.GicSector),research/data/eodhd/raw/fundamentals/RIO.json,General.GicSector,HIGH,owned EODHD fundamentals General.GicSector in the canonical 11-bucket GICS taxonomy - directly comparable to the curated map; current-as-of (not PIT) classification used only as a neutralisation grouping
RJF,Unknown,Financials,Capital Markets,eodhd_raw_fundamentals(General.GicSector),research/data/eodhd/raw/fundamentals/RJF.json,General.GicSector,HIGH,owned EODHD fundamentals General.GicSector in the canonical 11-bucket GICS taxonomy - directly comparable to the curated map; current-as-of (not PIT) classification used only as a neutralisation grouping
RKLB,Unknown,Industrials,Machinery,eodhd_raw_fundamentals(General.GicSector),research/data/eodhd/raw/fundamentals/RKLB.json,General.GicSector,HIGH,owned EODHD fundamentals General.GicSector in the canonical 11-bucket GICS taxonomy - directly comparable to the curated map; current-as-of (not PIT) classification used only as a neutralisation grouping
RL,Unknown,Consumer Discretionary,"Textiles, Apparel & Luxury Goods",eodhd_raw_fundamentals(General.GicSector),research/data/eodhd/raw/fundamentals/RL.json,General.GicSector,HIGH,owned EODHD fundamentals General.GicSector in the canonical 11-bucket GICS taxonomy - directly comparable to the curated map; current-as-of (not PIT) classification used only as a neutralisation grouping
RMD,Unknown,Health Care,Health Care Equipment & Supplies,eodhd_raw_fundamentals(General.GicSector),research/data/eodhd/raw/fundamentals/RMD.json,General.GicSector,HIGH,owned EODHD fundamentals General.GicSector in the canonical 11-bucket GICS taxonomy - directly comparable to the curated map; current-as-of (not PIT) classification used only as a neutralisation grouping
ROK,Unknown,Industrials,Electrical Equipment,eodhd_raw_fundamentals(General.GicSector),research/data/eodhd/raw/fundamentals/ROK.json,General.GicSector,HIGH,owned EODHD fundamentals General.GicSector in the canonical 11-bucket GICS taxonomy - directly comparable to the curated map; current-as-of (not PIT) classification used only as a neutralisation grouping
ROL,Unknown,Industrials,Commercial Services & Supplies,eodhd_raw_fundamentals(General.GicSector),research/data/eodhd/raw/fundamentals/ROL.json,General.GicSector,HIGH,owned EODHD fundamentals General.GicSector in the canonical 11-bucket GICS taxonomy - directly comparable to the curated map; current-as-of (not PIT) classification used only as a neutralisation grouping
ROST,Unknown,Consumer Discretionary,Specialty Retail,eodhd_raw_fundamentals(General.GicSector),research/data/eodhd/raw/fundamentals/ROST.json,General.GicSector,HIGH,owned EODHD fundamentals General.GicSector in the canonical 11-bucket GICS taxonomy - directly comparable to the curated map; current-as-of (not PIT) classification used only as a neutralisation grouping
RSG,Unknown,Industrials,Commercial Services & Supplies,eodhd_raw_fundamentals(General.GicSector),research/data/eodhd/raw/fundamentals/RSG.json,General.GicSector,HIGH,owned EODHD fundamentals General.GicSector in the canonical 11-bucket GICS taxonomy - directly comparable to the curated map; current-as-of (not PIT) classification used only as a neutralisation grouping
RTNTF,Unknown,Materials,Metals & Mining,eodhd_raw_fundamentals(General.GicSector),research/data/eodhd/raw/fundamentals/RTNTF.json,General.GicSector,HIGH,owned EODHD fundamentals General.GicSector in the canonical 11-bucket GICS taxonomy - directly comparable to the curated map; current-as-of (not PIT) classification used only as a neutralisation grouping
RVTY,Unknown,Health Care,Life Sciences Tools & Services,eodhd_raw_fundamentals(General.GicSector),research/data/eodhd/raw/fundamentals/RVTY.json,General.GicSector,HIGH,owned EODHD fundamentals General.GicSector in the canonical 11-bucket GICS taxonomy - directly comparable to the curated map; current-as-of (not PIT) classification used only as a neutralisation grouping
RY,Unknown,Financials,Banks,eodhd_raw_fundamentals(General.GicSector),research/data/eodhd/raw/fundamentals/RY.json,General.GicSector,HIGH,owned EODHD fundamentals General.GicSector in the canonical 11-bucket GICS taxonomy - directly comparable to the curated map; current-as-of (not PIT) classification used only as a neutralisation grouping
SAN,Unknown,Financials,Banks,eodhd_raw_fundamentals(General.GicSector),research/data/eodhd/raw/fundamentals/SAN.json,General.GicSector,HIGH,owned EODHD fundamentals General.GicSector in the canonical 11-bucket GICS taxonomy - directly comparable to the curated map; current-as-of (not PIT) classification used only as a neutralisation grouping
SAP,Unknown,Information Technology,Software,eodhd_raw_fundamentals(General.GicSector),research/data/eodhd/raw/fundamentals/SAP.json,General.GicSector,HIGH,owned EODHD fundamentals General.GicSector in the canonical 11-bucket GICS taxonomy - directly comparable to the curated map; current-as-of (not PIT) classification used only as a neutralisation grouping
SATS,Unknown,Information Technology,Communications Equipment,eodhd_raw_fundamentals(General.GicSector),research/data/eodhd/raw/fundamentals/SATS.json,General.GicSector,HIGH,owned EODHD fundamentals General.GicSector in the canonical 11-bucket GICS taxonomy - directly comparable to the curated map; current-as-of (not PIT) classification used only as a neutralisation grouping
SBAC,Unknown,Real Estate,Specialized REITs,eodhd_raw_fundamentals(General.GicSector),research/data/eodhd/raw/fundamentals/SBAC.json,General.GicSector,HIGH,owned EODHD fundamentals General.GicSector in the canonical 11-bucket GICS taxonomy - directly comparable to the curated map; current-as-of (not PIT) classification used only as a neutralisation grouping
SCCO,Unknown,Materials,Metals & Mining,eodhd_raw_fundamentals(General.GicSector),research/data/eodhd/raw/fundamentals/SCCO.json,General.GicSector,HIGH,owned EODHD fundamentals General.GicSector in the canonical 11-bucket GICS taxonomy - directly comparable to the curated map; current-as-of (not PIT) classification used only as a neutralisation grouping
SHEL,Unknown,Energy,"Oil, Gas & Consumable Fuels",eodhd_raw_fundamentals(General.GicSector),research/data/eodhd/raw/fundamentals/SHEL.json,General.GicSector,HIGH,owned EODHD fundamentals General.GicSector in the canonical 11-bucket GICS taxonomy - directly comparable to the curated map; current-as-of (not PIT) classification used only as a neutralisation grouping
SHOP,Unknown,Information Technology,IT Services,eodhd_raw_fundamentals(General.GicSector),research/data/eodhd/raw/fundamentals/SHOP.json,General.GicSector,HIGH,owned EODHD fundamentals General.GicSector in the canonical 11-bucket GICS taxonomy - directly comparable to the curated map; current-as-of (not PIT) classification used only as a neutralisation grouping
SJM,Unknown,Consumer Staples,Food Products,eodhd_raw_fundamentals(General.GicSector),research/data/eodhd/raw/fundamentals/SJM.json,General.GicSector,HIGH,owned EODHD fundamentals General.GicSector in the canonical 11-bucket GICS taxonomy - directly comparable to the curated map; current-as-of (not PIT) classification used only as a neutralisation grouping
SMERY,Unknown,Industrials,Specialty Industrial Machinery,eodhd_raw_fundamentals(General.Sector->GICS_crosswalk),research/data/eodhd/raw/fundamentals/SMERY.json,General.Sector,MEDIUM,owned EODHD fundamentals General.Sector (Morningstar taxonomy) mapped to GICS via the documented 1:1 crosswalk (GicSector was blank); current-as-of (not PIT) classification used only as a grouping
SMFG,Unknown,Financials,Banks,eodhd_raw_fundamentals(General.GicSector),research/data/eodhd/raw/fundamentals/SMFG.json,General.GicSector,HIGH,owned EODHD fundamentals General.GicSector in the canonical 11-bucket GICS taxonomy - directly comparable to the curated map; current-as-of (not PIT) classification used only as a neutralisation grouping
SNA,Unknown,Industrials,Machinery,eodhd_raw_fundamentals(General.GicSector),research/data/eodhd/raw/fundamentals/SNA.json,General.GicSector,HIGH,owned EODHD fundamentals General.GicSector in the canonical 11-bucket GICS taxonomy - directly comparable to the curated map; current-as-of (not PIT) classification used only as a neutralisation grouping
SNDK,Unknown,Information Technology,"Technology Hardware, Storage & Peripherals",eodhd_raw_fundamentals(General.GicSector),research/data/eodhd/raw/fundamentals/SNDK.json,General.GicSector,HIGH,owned EODHD fundamentals General.GicSector in the canonical 11-bucket GICS taxonomy - directly comparable to the curated map; current-as-of (not PIT) classification used only as a neutralisation grouping
SNOW,Unknown,Information Technology,IT Services,eodhd_raw_fundamentals(General.GicSector),research/data/eodhd/raw/fundamentals/SNOW.json,General.GicSector,HIGH,owned EODHD fundamentals General.GicSector in the canonical 11-bucket GICS taxonomy - directly comparable to the curated map; current-as-of (not PIT) classification used only as a neutralisation grouping
SNY,Unknown,Health Care,Pharmaceuticals,eodhd_raw_fundamentals(General.GicSector),research/data/eodhd/raw/fundamentals/SNY.json,General.GicSector,HIGH,owned EODHD fundamentals General.GicSector in the canonical 11-bucket GICS taxonomy - directly comparable to the curated map; current-as-of (not PIT) classification used only as a neutralisation grouping
SOLV,Unknown,Health Care,Health Care Equipment & Supplies,eodhd_raw_fundamentals(General.GicSector),research/data/eodhd/raw/fundamentals/SOLV.json,General.GicSector,HIGH,owned EODHD fundamentals General.GicSector in the canonical 11-bucket GICS taxonomy - directly comparable to the curated map; current-as-of (not PIT) classification used only as a neutralisation grouping
SONY,Unknown,Consumer Discretionary,Household Durables,eodhd_raw_fundamentals(General.GicSector),research/data/eodhd/raw/fundamentals/SONY.json,General.GicSector,HIGH,owned EODHD fundamentals General.GicSector in the canonical 11-bucket GICS taxonomy - directly comparable to the curated map; current-as-of (not PIT) classification used only as a neutralisation grouping
SPG,Unknown,Real Estate,Retail REITs,eodhd_raw_fundamentals(General.GicSector),research/data/eodhd/raw/fundamentals/SPG.json,General.GicSector,HIGH,owned EODHD fundamentals General.GicSector in the canonical 11-bucket GICS taxonomy - directly comparable to the curated map; current-as-of (not PIT) classification used only as a neutralisation grouping
SPOT,Unknown,Communication Services,Entertainment,eodhd_raw_fundamentals(General.GicSector),research/data/eodhd/raw/fundamentals/SPOT.json,General.GicSector,HIGH,owned EODHD fundamentals General.GicSector in the canonical 11-bucket GICS taxonomy - directly comparable to the curated map; current-as-of (not PIT) classification used only as a neutralisation grouping
SRE,Unknown,Utilities,Multi-Utilities,eodhd_raw_fundamentals(General.GicSector),research/data/eodhd/raw/fundamentals/SRE.json,General.GicSector,HIGH,owned EODHD fundamentals General.GicSector in the canonical 11-bucket GICS taxonomy - directly comparable to the curated map; current-as-of (not PIT) classification used only as a neutralisation grouping
STE,Unknown,Health Care,Health Care Equipment & Supplies,eodhd_raw_fundamentals(General.GicSector),research/data/eodhd/raw/fundamentals/STE.json,General.GicSector,HIGH,owned EODHD fundamentals General.GicSector in the canonical 11-bucket GICS taxonomy - directly comparable to the curated map; current-as-of (not PIT) classification used only as a neutralisation grouping
STLD,Unknown,Materials,Metals & Mining,eodhd_raw_fundamentals(General.GicSector),research/data/eodhd/raw/fundamentals/STLD.json,General.GicSector,HIGH,owned EODHD fundamentals General.GicSector in the canonical 11-bucket GICS taxonomy - directly comparable to the curated map; current-as-of (not PIT) classification used only as a neutralisation grouping
STM,Unknown,Information Technology,Semiconductors & Semiconductor Equipment,eodhd_raw_fundamentals(General.GicSector),research/data/eodhd/raw/fundamentals/STM.json,General.GicSector,HIGH,owned EODHD fundamentals General.GicSector in the canonical 11-bucket GICS taxonomy - directly comparable to the curated map; current-as-of (not PIT) classification used only as a neutralisation grouping
STT,Unknown,Financials,Capital Markets,eodhd_raw_fundamentals(General.GicSector),research/data/eodhd/raw/fundamentals/STT.json,General.GicSector,HIGH,owned EODHD fundamentals General.GicSector in the canonical 11-bucket GICS taxonomy - directly comparable to the curated map; current-as-of (not PIT) classification used only as a neutralisation grouping
STX,Unknown,Information Technology,"Technology Hardware, Storage & Peripherals",eodhd_raw_fundamentals(General.GicSector),research/data/eodhd/raw/fundamentals/STX.json,General.GicSector,HIGH,owned EODHD fundamentals General.GicSector in the canonical 11-bucket GICS taxonomy - directly comparable to the curated map; current-as-of (not PIT) classification used only as a neutralisation grouping
STZ,Unknown,Consumer Staples,Beverages,eodhd_raw_fundamentals(General.GicSector),research/data/eodhd/raw/fundamentals/STZ.json,General.GicSector,HIGH,owned EODHD fundamentals General.GicSector in the canonical 11-bucket GICS taxonomy - directly comparable to the curated map; current-as-of (not PIT) classification used only as a neutralisation grouping
SU,Unknown,Energy,"Oil, Gas & Consumable Fuels",eodhd_raw_fundamentals(General.GicSector),research/data/eodhd/raw/fundamentals/SU.json,General.GicSector,HIGH,owned EODHD fundamentals General.GicSector in the canonical 11-bucket GICS taxonomy - directly comparable to the curated map; current-as-of (not PIT) classification used only as a neutralisation grouping
SW,Unknown,Materials,Containers & Packaging,eodhd_raw_fundamentals(General.GicSector),research/data/eodhd/raw/fundamentals/SW.json,General.GicSector,HIGH,owned EODHD fundamentals General.GicSector in the canonical 11-bucket GICS taxonomy - directly comparable to the curated map; current-as-of (not PIT) classification used only as a neutralisation grouping
SWK,Unknown,Industrials,Machinery,eodhd_raw_fundamentals(General.GicSector),research/data/eodhd/raw/fundamentals/SWK.json,General.GicSector,HIGH,owned EODHD fundamentals General.GicSector in the canonical 11-bucket GICS taxonomy - directly comparable to the curated map; current-as-of (not PIT) classification used only as a neutralisation grouping
SWKS,Unknown,Information Technology,Semiconductors & Semiconductor Equipment,eodhd_raw_fundamentals(General.GicSector),research/data/eodhd/raw/fundamentals/SWKS.json,General.GicSector,HIGH,owned EODHD fundamentals General.GicSector in the canonical 11-bucket GICS taxonomy - directly comparable to the curated map; current-as-of (not PIT) classification used only as a neutralisation grouping
TAP,Unknown,Consumer Staples,Beverages,eodhd_raw_fundamentals(General.GicSector),research/data/eodhd/raw/fundamentals/TAP.json,General.GicSector,HIGH,owned EODHD fundamentals General.GicSector in the canonical 11-bucket GICS taxonomy - directly comparable to the curated map; current-as-of (not PIT) classification used only as a neutralisation grouping
TD,Unknown,Financials,Banks,eodhd_raw_fundamentals(General.GicSector),research/data/eodhd/raw/fundamentals/TD.json,General.GicSector,HIGH,owned EODHD fundamentals General.GicSector in the canonical 11-bucket GICS taxonomy - directly comparable to the curated map; current-as-of (not PIT) classification used only as a neutralisation grouping
TECH,Unknown,Health Care,Life Sciences Tools & Services,eodhd_raw_fundamentals(General.GicSector),research/data/eodhd/raw/fundamentals/TECH.json,General.GicSector,HIGH,owned EODHD fundamentals General.GicSector in the canonical 11-bucket GICS taxonomy - directly comparable to the curated map; current-as-of (not PIT) classification used only as a neutralisation grouping
TEL,Unknown,Information Technology,"Electronic Equipment, Instruments & Components",eodhd_raw_fundamentals(General.GicSector),research/data/eodhd/raw/fundamentals/TEL.json,General.GicSector,HIGH,owned EODHD fundamentals General.GicSector in the canonical 11-bucket GICS taxonomy - directly comparable to the curated map; current-as-of (not PIT) classification used only as a neutralisation grouping
TER,Unknown,Information Technology,Semiconductors & Semiconductor Equipment,eodhd_raw_fundamentals(General.GicSector),research/data/eodhd/raw/fundamentals/TER.json,General.GicSector,HIGH,owned EODHD fundamentals General.GicSector in the canonical 11-bucket GICS taxonomy - directly comparable to the curated map; current-as-of (not PIT) classification used only as a neutralisation grouping
TFC,Unknown,Financials,Banks,eodhd_raw_fundamentals(General.GicSector),research/data/eodhd/raw/fundamentals/TFC.json,General.GicSector,HIGH,owned EODHD fundamentals General.GicSector in the canonical 11-bucket GICS taxonomy - directly comparable to the curated map; current-as-of (not PIT) classification used only as a neutralisation grouping
TGT,Unknown,Consumer Staples,Consumer Staples Distribution & Retail,eodhd_raw_fundamentals(General.GicSector),research/data/eodhd/raw/fundamentals/TGT.json,General.GicSector,HIGH,owned EODHD fundamentals General.GicSector in the canonical 11-bucket GICS taxonomy - directly comparable to the curated map; current-as-of (not PIT) classification used only as a neutralisation grouping
TM,Unknown,Consumer Discretionary,Automobiles,eodhd_raw_fundamentals(General.GicSector),research/data/eodhd/raw/fundamentals/TM.json,General.GicSector,HIGH,owned EODHD fundamentals General.GicSector in the canonical 11-bucket GICS taxonomy - directly comparable to the curated map; current-as-of (not PIT) classification used only as a neutralisation grouping
TMUS,Unknown,Communication Services,Wireless Telecommunication Services,eodhd_raw_fundamentals(General.GicSector),research/data/eodhd/raw/fundamentals/TMUS.json,General.GicSector,HIGH,owned EODHD fundamentals General.GicSector in the canonical 11-bucket GICS taxonomy - directly comparable to the curated map; current-as-of (not PIT) classification used only as a neutralisation grouping
TRGP,Unknown,Energy,"Oil, Gas & Consumable Fuels",eodhd_raw_fundamentals(General.GicSector),research/data/eodhd/raw/fundamentals/TRGP.json,General.GicSector,HIGH,owned EODHD fundamentals General.GicSector in the canonical 11-bucket GICS taxonomy - directly comparable to the curated map; current-as-of (not PIT) classification used only as a neutralisation grouping
TRP,Unknown,Energy,"Oil, Gas & Consumable Fuels",eodhd_raw_fundamentals(General.GicSector),research/data/eodhd/raw/fundamentals/TRP.json,General.GicSector,HIGH,owned EODHD fundamentals General.GicSector in the canonical 11-bucket GICS taxonomy - directly comparable to the curated map; current-as-of (not PIT) classification used only as a neutralisation grouping
TRV,Unknown,Financials,Insurance,eodhd_raw_fundamentals(General.GicSector),research/data/eodhd/raw/fundamentals/TRV.json,General.GicSector,HIGH,owned EODHD fundamentals General.GicSector in the canonical 11-bucket GICS taxonomy - directly comparable to the curated map; current-as-of (not PIT) classification used only as a neutralisation grouping
TT,Unknown,Industrials,Building Products,eodhd_raw_fundamentals(General.GicSector),research/data/eodhd/raw/fundamentals/TT.json,General.GicSector,HIGH,owned EODHD fundamentals General.GicSector in the canonical 11-bucket GICS taxonomy - directly comparable to the curated map; current-as-of (not PIT) classification used only as a neutralisation grouping
TTE,Unknown,Energy,"Oil, Gas & Consumable Fuels",eodhd_raw_fundamentals(General.GicSector),research/data/eodhd/raw/fundamentals/TTE.json,General.GicSector,HIGH,owned EODHD fundamentals General.GicSector in the canonical 11-bucket GICS taxonomy - directly comparable to the curated map; current-as-of (not PIT) classification used only as a neutralisation grouping
UBS,Unknown,Financials,Capital Markets,eodhd_raw_fundamentals(General.GicSector),research/data/eodhd/raw/fundamentals/UBS.json,General.GicSector,HIGH,owned EODHD fundamentals General.GicSector in the canonical 11-bucket GICS taxonomy - directly comparable to the curated map; current-as-of (not PIT) classification used only as a neutralisation grouping
UL,Unknown,Consumer Staples,Personal Care Products,eodhd_raw_fundamentals(General.GicSector),research/data/eodhd/raw/fundamentals/UL.json,General.GicSector,HIGH,owned EODHD fundamentals General.GicSector in the canonical 11-bucket GICS taxonomy - directly comparable to the curated map; current-as-of (not PIT) classification used only as a neutralisation grouping
URI,Unknown,Industrials,Trading Companies & Distributors,eodhd_raw_fundamentals(General.GicSector),research/data/eodhd/raw/fundamentals/URI.json,General.GicSector,HIGH,owned EODHD fundamentals General.GicSector in the canonical 11-bucket GICS taxonomy - directly comparable to the curated map; current-as-of (not PIT) classification used only as a neutralisation grouping
VALE,Unknown,Materials,Metals & Mining,eodhd_raw_fundamentals(General.GicSector),research/data/eodhd/raw/fundamentals/VALE.json,General.GicSector,HIGH,owned EODHD fundamentals General.GicSector in the canonical 11-bucket GICS taxonomy - directly comparable to the curated map; current-as-of (not PIT) classification used only as a neutralisation grouping
VLO,Unknown,Energy,"Oil, Gas & Consumable Fuels",eodhd_raw_fundamentals(General.GicSector),research/data/eodhd/raw/fundamentals/VLO.json,General.GicSector,HIGH,owned EODHD fundamentals General.GicSector in the canonical 11-bucket GICS taxonomy - directly comparable to the curated map; current-as-of (not PIT) classification used only as a neutralisation grouping
VRT,Unknown,Industrials,Electrical Equipment,eodhd_raw_fundamentals(General.GicSector),research/data/eodhd/raw/fundamentals/VRT.json,General.GicSector,HIGH,owned EODHD fundamentals General.GicSector in the canonical 11-bucket GICS taxonomy - directly comparable to the curated map; current-as-of (not PIT) classification used only as a neutralisation grouping
WBD,Unknown,Communication Services,Entertainment,eodhd_raw_fundamentals(General.GicSector),research/data/eodhd/raw/fundamentals/WBD.json,General.GicSector,HIGH,owned EODHD fundamentals General.GicSector in the canonical 11-bucket GICS taxonomy - directly comparable to the curated map; current-as-of (not PIT) classification used only as a neutralisation grouping
WDC,Unknown,Information Technology,"Technology Hardware, Storage & Peripherals",eodhd_raw_fundamentals(General.GicSector),research/data/eodhd/raw/fundamentals/WDC.json,General.GicSector,HIGH,owned EODHD fundamentals General.GicSector in the canonical 11-bucket GICS taxonomy - directly comparable to the curated map; current-as-of (not PIT) classification used only as a neutralisation grouping
WELL,Unknown,Real Estate,Diversified REITs,eodhd_raw_fundamentals(General.GicSector),research/data/eodhd/raw/fundamentals/WELL.json,General.GicSector,HIGH,owned EODHD fundamentals General.GicSector in the canonical 11-bucket GICS taxonomy - directly comparable to the curated map; current-as-of (not PIT) classification used only as a neutralisation grouping
WMB,Unknown,Energy,"Oil, Gas & Consumable Fuels",eodhd_raw_fundamentals(General.GicSector),research/data/eodhd/raw/fundamentals/WMB.json,General.GicSector,HIGH,owned EODHD fundamentals General.GicSector in the canonical 11-bucket GICS taxonomy - directly comparable to the curated map; current-as-of (not PIT) classification used only as a neutralisation grouping
XYZ,Unknown,Industrials,Professional Services,eodhd_raw_fundamentals(General.GicSector),research/data/eodhd/raw/fundamentals/XYZ.json,General.GicSector,HIGH,owned EODHD fundamentals General.GicSector in the canonical 11-bucket GICS taxonomy - directly comparable to the curated map; current-as-of (not PIT) classification used only as a neutralisation grouping
