ticker,sector,feature_name,non_null_count,total_snapshot_count,coverage_fraction,latest_feature_asof_date,earliest_feature_asof_date
AAPL,Information Technology,operating_margin,0,144,0.0,2026-05-01T10:01:00.000Z,2017-08-02T20:31:28.000Z
AAPL,Information Technology,net_margin,0,144,0.0,2026-05-01T10:01:00.000Z,2017-08-02T20:31:28.000Z
AAPL,Information Technology,fcf_margin,0,144,0.0,2026-05-01T10:01:00.000Z,2017-08-02T20:31:28.000Z
AAPL,Information Technology,operating_cash_flow_margin,1,144,0.0069,2026-05-01T10:01:00.000Z,2017-08-02T20:31:28.000Z
AAPL,Information Technology,debt_proxy_total_liabilities_to_assets,60,144,0.4167,2026-05-01T10:01:00.000Z,2017-08-02T20:31:28.000Z
AAPL,Information Technology,equity_to_assets,28,144,0.1944,2026-05-01T10:01:00.000Z,2017-08-02T20:31:28.000Z
AAPL,Information Technology,asset_turnover_proxy,1,144,0.0069,2026-05-01T10:01:00.000Z,2017-08-02T20:31:28.000Z
AAPL,Information Technology,liability_to_equity,28,144,0.1944,2026-05-01T10:01:00.000Z,2017-08-02T20:31:28.000Z
AAPL,Information Technology,revenue_yoy_growth,0,144,0.0,2026-05-01T10:01:00.000Z,2017-08-02T20:31:28.000Z
AAPL,Information Technology,net_income_yoy_growth,19,144,0.1319,2026-05-01T10:01:00.000Z,2017-08-02T20:31:28.000Z
AAPL,Information Technology,operating_income_yoy_growth,21,144,0.1458,2026-05-01T10:01:00.000Z,2017-08-02T20:31:28.000Z
AAPL,Information Technology,eps_diluted_yoy_growth,19,144,0.1319,2026-05-01T10:01:00.000Z,2017-08-02T20:31:28.000Z
AAPL,Information Technology,total_assets_yoy_growth,53,144,0.3681,2026-05-01T10:01:00.000Z,2017-08-02T20:31:28.000Z
AAPL,Information Technology,operating_cash_flow_yoy_growth,32,144,0.2222,2026-05-01T10:01:00.000Z,2017-08-02T20:31:28.000Z
AAPL,Information Technology,free_cash_flow_yoy_growth,0,144,0.0,2026-05-01T10:01:00.000Z,2017-08-02T20:31:28.000Z
AAPL,Information Technology,cash_conversion,23,144,0.1597,2026-05-01T10:01:00.000Z,2017-08-02T20:31:28.000Z
AAPL,Information Technology,fcf_to_net_income,0,144,0.0,2026-05-01T10:01:00.000Z,2017-08-02T20:31:28.000Z
AAPL,Information Technology,capex_intensity,1,144,0.0069,2026-05-01T10:01:00.000Z,2017-08-02T20:31:28.000Z
AAPL,Information Technology,accrual_proxy,23,144,0.1597,2026-05-01T10:01:00.000Z,2017-08-02T20:31:28.000Z
AAPL,Information Technology,log_total_assets,60,144,0.4167,2026-05-01T10:01:00.000Z,2017-08-02T20:31:28.000Z
AAPL,Information Technology,log_revenue_abs,9,144,0.0625,2026-05-01T10:01:00.000Z,2017-08-02T20:31:28.000Z
AAPL,Information Technology,log_total_liabilities_abs,60,144,0.4167,2026-05-01T10:01:00.000Z,2017-08-02T20:31:28.000Z
AAPL,Information Technology,filing_lag_days,144,144,1.0,2026-05-01T10:01:00.000Z,2017-08-02T20:31:28.000Z
ABBV,Health Care,operating_margin,26,123,0.2114,2026-05-08T16:28:48.000Z,2016-11-07
ABBV,Health Care,net_margin,28,123,0.2276,2026-05-08T16:28:48.000Z,2016-11-07
ABBV,Health Care,fcf_margin,0,123,0.0,2026-05-08T16:28:48.000Z,2016-11-07
ABBV,Health Care,operating_cash_flow_margin,23,123,0.187,2026-05-08T16:28:48.000Z,2016-11-07
ABBV,Health Care,debt_proxy_total_liabilities_to_assets,0,123,0.0,2026-05-08T16:28:48.000Z,2016-11-07
ABBV,Health Care,equity_to_assets,54,123,0.439,2026-05-08T16:28:48.000Z,2016-11-07
ABBV,Health Care,asset_turnover_proxy,23,123,0.187,2026-05-08T16:28:48.000Z,2016-11-07
ABBV,Health Care,liability_to_equity,0,123,0.0,2026-05-08T16:28:48.000Z,2016-11-07
ABBV,Health Care,revenue_yoy_growth,19,123,0.1545,2026-05-08T16:28:48.000Z,2016-11-07
ABBV,Health Care,net_income_yoy_growth,19,123,0.1545,2026-05-08T16:28:48.000Z,2016-11-07
ABBV,Health Care,operating_income_yoy_growth,21,123,0.1707,2026-05-08T16:28:48.000Z,2016-11-07
ABBV,Health Care,eps_diluted_yoy_growth,19,123,0.1545,2026-05-08T16:28:48.000Z,2016-11-07
ABBV,Health Care,total_assets_yoy_growth,54,123,0.439,2026-05-08T16:28:48.000Z,2016-11-07
ABBV,Health Care,operating_cash_flow_yoy_growth,32,123,0.2602,2026-05-08T16:28:48.000Z,2016-11-07
ABBV,Health Care,free_cash_flow_yoy_growth,0,123,0.0,2026-05-08T16:28:48.000Z,2016-11-07
ABBV,Health Care,cash_conversion,23,123,0.187,2026-05-08T16:28:48.000Z,2016-11-07
ABBV,Health Care,fcf_to_net_income,0,123,0.0,2026-05-08T16:28:48.000Z,2016-11-07
ABBV,Health Care,capex_intensity,23,123,0.187,2026-05-08T16:28:48.000Z,2016-11-07
ABBV,Health Care,accrual_proxy,23,123,0.187,2026-05-08T16:28:48.000Z,2016-11-07
ABBV,Health Care,log_total_assets,60,123,0.4878,2026-05-08T16:28:48.000Z,2016-11-07
ABBV,Health Care,log_revenue_abs,28,123,0.2276,2026-05-08T16:28:48.000Z,2016-11-07
ABBV,Health Care,log_total_liabilities_abs,0,123,0.0,2026-05-08T16:28:48.000Z,2016-11-07
ABBV,Health Care,filing_lag_days,123,123,1.0,2026-05-08T16:28:48.000Z,2016-11-07
ABT,Health Care,operating_margin,0,141,0.0,2026-04-29T20:05:05.000Z,2014-08-05
ABT,Health Care,net_margin,0,141,0.0,2026-04-29T20:05:05.000Z,2014-08-05
ABT,Health Care,fcf_margin,0,141,0.0,2026-04-29T20:05:05.000Z,2014-08-05
ABT,Health Care,operating_cash_flow_margin,3,141,0.0213,2026-04-29T20:05:05.000Z,2014-08-05
ABT,Health Care,debt_proxy_total_liabilities_to_assets,0,141,0.0,2026-04-29T20:05:05.000Z,2014-08-05
ABT,Health Care,equity_to_assets,60,141,0.4255,2026-04-29T20:05:05.000Z,2014-08-05
ABT,Health Care,asset_turnover_proxy,2,141,0.0142,2026-04-29T20:05:05.000Z,2014-08-05
ABT,Health Care,liability_to_equity,0,141,0.0,2026-04-29T20:05:05.000Z,2014-08-05
ABT,Health Care,revenue_yoy_growth,20,141,0.1418,2026-04-29T20:05:05.000Z,2014-08-05
ABT,Health Care,net_income_yoy_growth,21,141,0.1489,2026-04-29T20:05:05.000Z,2014-08-05
ABT,Health Care,operating_income_yoy_growth,21,141,0.1489,2026-04-29T20:05:05.000Z,2014-08-05
ABT,Health Care,eps_diluted_yoy_growth,21,141,0.1489,2026-04-29T20:05:05.000Z,2014-08-05
ABT,Health Care,total_assets_yoy_growth,54,141,0.383,2026-04-29T20:05:05.000Z,2014-08-05
ABT,Health Care,operating_cash_flow_yoy_growth,32,141,0.227,2026-04-29T20:05:05.000Z,2014-08-05
ABT,Health Care,free_cash_flow_yoy_growth,0,141,0.0,2026-04-29T20:05:05.000Z,2014-08-05
ABT,Health Care,cash_conversion,25,141,0.1773,2026-04-29T20:05:05.000Z,2014-08-05
ABT,Health Care,fcf_to_net_income,0,141,0.0,2026-04-29T20:05:05.000Z,2014-08-05
ABT,Health Care,capex_intensity,3,141,0.0213,2026-04-29T20:05:05.000Z,2014-08-05
ABT,Health Care,accrual_proxy,25,141,0.1773,2026-04-29T20:05:05.000Z,2014-08-05
ABT,Health Care,log_total_assets,60,141,0.4255,2026-04-29T20:05:05.000Z,2014-08-05
ABT,Health Care,log_revenue_abs,34,141,0.2411,2026-04-29T20:05:05.000Z,2014-08-05
ABT,Health Care,log_total_liabilities_abs,0,141,0.0,2026-04-29T20:05:05.000Z,2014-08-05
ABT,Health Care,filing_lag_days,141,141,1.0,2026-04-29T20:05:05.000Z,2014-08-05
ACN,Information Technology,operating_margin,32,121,0.2645,2026-06-18T10:42:48.000Z,2017-10-26
ACN,Information Technology,net_margin,32,121,0.2645,2026-06-18T10:42:48.000Z,2017-10-26
ACN,Information Technology,fcf_margin,0,121,0.0,2026-06-18T10:42:48.000Z,2017-10-26
ACN,Information Technology,operating_cash_flow_margin,16,121,0.1322,2026-06-18T10:42:48.000Z,2017-10-26
ACN,Information Technology,debt_proxy_total_liabilities_to_assets,0,121,0.0,2026-06-18T10:42:48.000Z,2017-10-26
ACN,Information Technology,equity_to_assets,60,121,0.4959,2026-06-18T10:42:48.000Z,2017-10-26
ACN,Information Technology,asset_turnover_proxy,16,121,0.1322,2026-06-18T10:42:48.000Z,2017-10-26
ACN,Information Technology,liability_to_equity,0,121,0.0,2026-06-18T10:42:48.000Z,2017-10-26
ACN,Information Technology,revenue_yoy_growth,21,121,0.1736,2026-06-18T10:42:48.000Z,2017-10-26
ACN,Information Technology,net_income_yoy_growth,21,121,0.1736,2026-06-18T10:42:48.000Z,2017-10-26
ACN,Information Technology,operating_income_yoy_growth,21,121,0.1736,2026-06-18T10:42:48.000Z,2017-10-26
ACN,Information Technology,eps_diluted_yoy_growth,21,121,0.1736,2026-06-18T10:42:48.000Z,2017-10-26
ACN,Information Technology,total_assets_yoy_growth,53,121,0.438,2026-06-18T10:42:48.000Z,2017-10-26
ACN,Information Technology,operating_cash_flow_yoy_growth,31,121,0.2562,2026-06-18T10:42:48.000Z,2017-10-26
ACN,Information Technology,free_cash_flow_yoy_growth,0,121,0.0,2026-06-18T10:42:48.000Z,2017-10-26
ACN,Information Technology,cash_conversion,16,121,0.1322,2026-06-18T10:42:48.000Z,2017-10-26
ACN,Information Technology,fcf_to_net_income,0,121,0.0,2026-06-18T10:42:48.000Z,2017-10-26
ACN,Information Technology,capex_intensity,16,121,0.1322,2026-06-18T10:42:48.000Z,2017-10-26
ACN,Information Technology,accrual_proxy,16,121,0.1322,2026-06-18T10:42:48.000Z,2017-10-26
ACN,Information Technology,log_total_assets,60,121,0.4959,2026-06-18T10:42:48.000Z,2017-10-26
ACN,Information Technology,log_revenue_abs,32,121,0.2645,2026-06-18T10:42:48.000Z,2017-10-26
ACN,Information Technology,log_total_liabilities_abs,0,121,0.0,2026-06-18T10:42:48.000Z,2017-10-26
ACN,Information Technology,filing_lag_days,121,121,1.0,2026-06-18T10:42:48.000Z,2017-10-26
ADBE,Information Technology,operating_margin,25,136,0.1838,2026-06-15T10:04:47.000Z,2017-09-27
ADBE,Information Technology,net_margin,32,136,0.2353,2026-06-15T10:04:47.000Z,2017-09-27
ADBE,Information Technology,fcf_margin,0,136,0.0,2026-06-15T10:04:47.000Z,2017-09-27
ADBE,Information Technology,operating_cash_flow_margin,23,136,0.1691,2026-06-15T10:04:47.000Z,2017-09-27
ADBE,Information Technology,debt_proxy_total_liabilities_to_assets,60,136,0.4412,2026-06-15T10:04:47.000Z,2017-09-27
ADBE,Information Technology,equity_to_assets,28,136,0.2059,2026-06-15T10:04:47.000Z,2017-09-27
ADBE,Information Technology,asset_turnover_proxy,23,136,0.1691,2026-06-15T10:04:47.000Z,2017-09-27
ADBE,Information Technology,liability_to_equity,28,136,0.2059,2026-06-15T10:04:47.000Z,2017-09-27
ADBE,Information Technology,revenue_yoy_growth,19,136,0.1397,2026-06-15T10:04:47.000Z,2017-09-27
ADBE,Information Technology,net_income_yoy_growth,19,136,0.1397,2026-06-15T10:04:47.000Z,2017-09-27
ADBE,Information Technology,operating_income_yoy_growth,21,136,0.1544,2026-06-15T10:04:47.000Z,2017-09-27
ADBE,Information Technology,eps_diluted_yoy_growth,19,136,0.1397,2026-06-15T10:04:47.000Z,2017-09-27
ADBE,Information Technology,total_assets_yoy_growth,53,136,0.3897,2026-06-15T10:04:47.000Z,2017-09-27
ADBE,Information Technology,operating_cash_flow_yoy_growth,32,136,0.2353,2026-06-15T10:04:47.000Z,2017-09-27
ADBE,Information Technology,free_cash_flow_yoy_growth,0,136,0.0,2026-06-15T10:04:47.000Z,2017-09-27
ADBE,Information Technology,cash_conversion,23,136,0.1691,2026-06-15T10:04:47.000Z,2017-09-27
ADBE,Information Technology,fcf_to_net_income,0,136,0.0,2026-06-15T10:04:47.000Z,2017-09-27
ADBE,Information Technology,capex_intensity,23,136,0.1691,2026-06-15T10:04:47.000Z,2017-09-27
ADBE,Information Technology,accrual_proxy,23,136,0.1691,2026-06-15T10:04:47.000Z,2017-09-27
ADBE,Information Technology,log_total_assets,60,136,0.4412,2026-06-15T10:04:47.000Z,2017-09-27
ADBE,Information Technology,log_revenue_abs,32,136,0.2353,2026-06-15T10:04:47.000Z,2017-09-27
ADBE,Information Technology,log_total_liabilities_abs,60,136,0.4412,2026-06-15T10:04:47.000Z,2017-09-27
ADBE,Information Technology,filing_lag_days,136,136,1.0,2026-06-15T10:04:47.000Z,2017-09-27
ADI,Information Technology,operating_margin,0,124,0.0,2026-05-20T11:04:44.000Z,2017-08-30
ADI,Information Technology,net_margin,0,124,0.0,2026-05-20T11:04:44.000Z,2017-08-30
ADI,Information Technology,fcf_margin,0,124,0.0,2026-05-20T11:04:44.000Z,2017-08-30
ADI,Information Technology,operating_cash_flow_margin,2,124,0.0161,2026-05-20T11:04:44.000Z,2017-08-30
ADI,Information Technology,debt_proxy_total_liabilities_to_assets,0,124,0.0,2026-05-20T11:04:44.000Z,2017-08-30
ADI,Information Technology,equity_to_assets,60,124,0.4839,2026-05-20T11:04:44.000Z,2017-08-30
ADI,Information Technology,asset_turnover_proxy,2,124,0.0161,2026-05-20T11:04:44.000Z,2017-08-30
ADI,Information Technology,liability_to_equity,0,124,0.0,2026-05-20T11:04:44.000Z,2017-08-30
ADI,Information Technology,revenue_yoy_growth,0,124,0.0,2026-05-20T11:04:44.000Z,2017-08-30
ADI,Information Technology,net_income_yoy_growth,21,124,0.1694,2026-05-20T11:04:44.000Z,2017-08-30
ADI,Information Technology,operating_income_yoy_growth,21,124,0.1694,2026-05-20T11:04:44.000Z,2017-08-30
ADI,Information Technology,eps_diluted_yoy_growth,20,124,0.1613,2026-05-20T11:04:44.000Z,2017-08-30
ADI,Information Technology,total_assets_yoy_growth,53,124,0.4274,2026-05-20T11:04:44.000Z,2017-08-30
ADI,Information Technology,operating_cash_flow_yoy_growth,32,124,0.2581,2026-05-20T11:04:44.000Z,2017-08-30
ADI,Information Technology,free_cash_flow_yoy_growth,0,124,0.0,2026-05-20T11:04:44.000Z,2017-08-30
ADI,Information Technology,cash_conversion,25,124,0.2016,2026-05-20T11:04:44.000Z,2017-08-30
ADI,Information Technology,fcf_to_net_income,0,124,0.0,2026-05-20T11:04:44.000Z,2017-08-30
ADI,Information Technology,capex_intensity,2,124,0.0161,2026-05-20T11:04:44.000Z,2017-08-30
ADI,Information Technology,accrual_proxy,25,124,0.2016,2026-05-20T11:04:44.000Z,2017-08-30
ADI,Information Technology,log_total_assets,60,124,0.4839,2026-05-20T11:04:44.000Z,2017-08-30
ADI,Information Technology,log_revenue_abs,11,124,0.0887,2026-05-20T11:04:44.000Z,2017-08-30
ADI,Information Technology,log_total_liabilities_abs,0,124,0.0,2026-05-20T11:04:44.000Z,2017-08-30
ADI,Information Technology,filing_lag_days,124,124,1.0,2026-05-20T11:04:44.000Z,2017-08-30
ADP,Industrials,operating_margin,0,102,0.0,2026-04-30T19:14:06.000Z,2017-08-04
ADP,Industrials,net_margin,10,102,0.098,2026-04-30T19:14:06.000Z,2017-08-04
ADP,Industrials,fcf_margin,0,102,0.0,2026-04-30T19:14:06.000Z,2017-08-04
ADP,Industrials,operating_cash_flow_margin,20,102,0.1961,2026-04-30T19:14:06.000Z,2017-08-04
ADP,Industrials,debt_proxy_total_liabilities_to_assets,60,102,0.5882,2026-04-30T19:14:06.000Z,2017-08-04
ADP,Industrials,equity_to_assets,31,102,0.3039,2026-04-30T19:14:06.000Z,2017-08-04
ADP,Industrials,asset_turnover_proxy,19,102,0.1863,2026-04-30T19:14:06.000Z,2017-08-04
ADP,Industrials,liability_to_equity,31,102,0.3039,2026-04-30T19:14:06.000Z,2017-08-04
ADP,Industrials,revenue_yoy_growth,21,102,0.2059,2026-04-30T19:14:06.000Z,2017-08-04
ADP,Industrials,net_income_yoy_growth,21,102,0.2059,2026-04-30T19:14:06.000Z,2017-08-04
ADP,Industrials,operating_income_yoy_growth,0,102,0.0,2026-04-30T19:14:06.000Z,2017-08-04
ADP,Industrials,eps_diluted_yoy_growth,21,102,0.2059,2026-04-30T19:14:06.000Z,2017-08-04
ADP,Industrials,total_assets_yoy_growth,55,102,0.5392,2026-04-30T19:14:06.000Z,2017-08-04
ADP,Industrials,operating_cash_flow_yoy_growth,32,102,0.3137,2026-04-30T19:14:06.000Z,2017-08-04
ADP,Industrials,free_cash_flow_yoy_growth,0,102,0.0,2026-04-30T19:14:06.000Z,2017-08-04
ADP,Industrials,cash_conversion,24,102,0.2353,2026-04-30T19:14:06.000Z,2017-08-04
ADP,Industrials,fcf_to_net_income,0,102,0.0,2026-04-30T19:14:06.000Z,2017-08-04
ADP,Industrials,capex_intensity,0,102,0.0,2026-04-30T19:14:06.000Z,2017-08-04
ADP,Industrials,accrual_proxy,24,102,0.2353,2026-04-30T19:14:06.000Z,2017-08-04
ADP,Industrials,log_total_assets,60,102,0.5882,2026-04-30T19:14:06.000Z,2017-08-04
ADP,Industrials,log_revenue_abs,35,102,0.3431,2026-04-30T19:14:06.000Z,2017-08-04
ADP,Industrials,log_total_liabilities_abs,60,102,0.5882,2026-04-30T19:14:06.000Z,2017-08-04
ADP,Industrials,filing_lag_days,102,102,1.0,2026-04-30T19:14:06.000Z,2017-08-04
AMAT,Information Technology,operating_margin,3,152,0.0197,2026-05-21T20:01:47.000Z,2011-08-26
AMAT,Information Technology,net_margin,1,152,0.0066,2026-05-21T20:01:47.000Z,2011-08-26
AMAT,Information Technology,fcf_margin,0,152,0.0,2026-05-21T20:01:47.000Z,2011-08-26
AMAT,Information Technology,operating_cash_flow_margin,10,152,0.0658,2026-05-21T20:01:47.000Z,2011-08-26
AMAT,Information Technology,debt_proxy_total_liabilities_to_assets,60,152,0.3947,2026-05-21T20:01:47.000Z,2011-08-26
AMAT,Information Technology,equity_to_assets,28,152,0.1842,2026-05-21T20:01:47.000Z,2011-08-26
AMAT,Information Technology,asset_turnover_proxy,10,152,0.0658,2026-05-21T20:01:47.000Z,2011-08-26
AMAT,Information Technology,liability_to_equity,28,152,0.1842,2026-05-21T20:01:47.000Z,2011-08-26
AMAT,Information Technology,revenue_yoy_growth,9,152,0.0592,2026-05-21T20:01:47.000Z,2011-08-26
AMAT,Information Technology,net_income_yoy_growth,19,152,0.125,2026-05-21T20:01:47.000Z,2011-08-26
AMAT,Information Technology,operating_income_yoy_growth,21,152,0.1382,2026-05-21T20:01:47.000Z,2011-08-26
AMAT,Information Technology,eps_diluted_yoy_growth,19,152,0.125,2026-05-21T20:01:47.000Z,2011-08-26
AMAT,Information Technology,total_assets_yoy_growth,53,152,0.3487,2026-05-21T20:01:47.000Z,2011-08-26
AMAT,Information Technology,operating_cash_flow_yoy_growth,32,152,0.2105,2026-05-21T20:01:47.000Z,2011-08-26
AMAT,Information Technology,free_cash_flow_yoy_growth,0,152,0.0,2026-05-21T20:01:47.000Z,2011-08-26
AMAT,Information Technology,cash_conversion,23,152,0.1513,2026-05-21T20:01:47.000Z,2011-08-26
AMAT,Information Technology,fcf_to_net_income,0,152,0.0,2026-05-21T20:01:47.000Z,2011-08-26
AMAT,Information Technology,capex_intensity,10,152,0.0658,2026-05-21T20:01:47.000Z,2011-08-26
AMAT,Information Technology,accrual_proxy,23,152,0.1513,2026-05-21T20:01:47.000Z,2011-08-26
AMAT,Information Technology,log_total_assets,60,152,0.3947,2026-05-21T20:01:47.000Z,2011-08-26
AMAT,Information Technology,log_revenue_abs,26,152,0.1711,2026-05-21T20:01:47.000Z,2011-08-26
AMAT,Information Technology,log_total_liabilities_abs,60,152,0.3947,2026-05-21T20:01:47.000Z,2011-08-26
AMAT,Information Technology,filing_lag_days,152,152,1.0,2026-05-21T20:01:47.000Z,2011-08-26
AMD,Information Technology,operating_margin,0,121,0.0,2026-05-05T22:06:27.000Z,2017-08-03T20:43:29.000Z
AMD,Information Technology,net_margin,0,121,0.0,2026-05-05T22:06:27.000Z,2017-08-03T20:43:29.000Z
AMD,Information Technology,fcf_margin,0,121,0.0,2026-05-05T22:06:27.000Z,2017-08-03T20:43:29.000Z
AMD,Information Technology,operating_cash_flow_margin,0,121,0.0,2026-05-05T22:06:27.000Z,2017-08-03T20:43:29.000Z
AMD,Information Technology,debt_proxy_total_liabilities_to_assets,0,121,0.0,2026-05-05T22:06:27.000Z,2017-08-03T20:43:29.000Z
AMD,Information Technology,equity_to_assets,47,121,0.3884,2026-05-05T22:06:27.000Z,2017-08-03T20:43:29.000Z
AMD,Information Technology,asset_turnover_proxy,0,121,0.0,2026-05-05T22:06:27.000Z,2017-08-03T20:43:29.000Z
AMD,Information Technology,liability_to_equity,0,121,0.0,2026-05-05T22:06:27.000Z,2017-08-03T20:43:29.000Z
AMD,Information Technology,revenue_yoy_growth,0,121,0.0,2026-05-05T22:06:27.000Z,2017-08-03T20:43:29.000Z
AMD,Information Technology,net_income_yoy_growth,19,121,0.157,2026-05-05T22:06:27.000Z,2017-08-03T20:43:29.000Z
AMD,Information Technology,operating_income_yoy_growth,19,121,0.157,2026-05-05T22:06:27.000Z,2017-08-03T20:43:29.000Z
AMD,Information Technology,eps_diluted_yoy_growth,19,121,0.157,2026-05-05T22:06:27.000Z,2017-08-03T20:43:29.000Z
AMD,Information Technology,total_assets_yoy_growth,54,121,0.4463,2026-05-05T22:06:27.000Z,2017-08-03T20:43:29.000Z
AMD,Information Technology,operating_cash_flow_yoy_growth,32,121,0.2645,2026-05-05T22:06:27.000Z,2017-08-03T20:43:29.000Z
AMD,Information Technology,free_cash_flow_yoy_growth,0,121,0.0,2026-05-05T22:06:27.000Z,2017-08-03T20:43:29.000Z
AMD,Information Technology,cash_conversion,23,121,0.1901,2026-05-05T22:06:27.000Z,2017-08-03T20:43:29.000Z
AMD,Information Technology,fcf_to_net_income,0,121,0.0,2026-05-05T22:06:27.000Z,2017-08-03T20:43:29.000Z
AMD,Information Technology,capex_intensity,0,121,0.0,2026-05-05T22:06:27.000Z,2017-08-03T20:43:29.000Z
AMD,Information Technology,accrual_proxy,23,121,0.1901,2026-05-05T22:06:27.000Z,2017-08-03T20:43:29.000Z
AMD,Information Technology,log_total_assets,60,121,0.4959,2026-05-05T22:06:27.000Z,2017-08-03T20:43:29.000Z
AMD,Information Technology,log_revenue_abs,2,121,0.0165,2026-05-05T22:06:27.000Z,2017-08-03T20:43:29.000Z
AMD,Information Technology,log_total_liabilities_abs,0,121,0.0,2026-05-05T22:06:27.000Z,2017-08-03T20:43:29.000Z
AMD,Information Technology,filing_lag_days,121,121,1.0,2026-05-05T22:06:27.000Z,2017-08-03T20:43:29.000Z
AMGN,Health Care,operating_margin,6,161,0.0373,2026-04-30T23:04:10.000Z,2015-08-05
AMGN,Health Care,net_margin,0,161,0.0,2026-04-30T23:04:10.000Z,2015-08-05
AMGN,Health Care,fcf_margin,0,161,0.0,2026-04-30T23:04:10.000Z,2015-08-05
AMGN,Health Care,operating_cash_flow_margin,17,161,0.1056,2026-04-30T23:04:10.000Z,2015-08-05
AMGN,Health Care,debt_proxy_total_liabilities_to_assets,0,161,0.0,2026-04-30T23:04:10.000Z,2015-08-05
AMGN,Health Care,equity_to_assets,26,161,0.1615,2026-04-30T23:04:10.000Z,2015-08-05
AMGN,Health Care,asset_turnover_proxy,16,161,0.0994,2026-04-30T23:04:10.000Z,2015-08-05
AMGN,Health Care,liability_to_equity,0,161,0.0,2026-04-30T23:04:10.000Z,2015-08-05
AMGN,Health Care,revenue_yoy_growth,21,161,0.1304,2026-04-30T23:04:10.000Z,2015-08-05
AMGN,Health Care,net_income_yoy_growth,23,161,0.1429,2026-04-30T23:04:10.000Z,2015-08-05
AMGN,Health Care,operating_income_yoy_growth,21,161,0.1304,2026-04-30T23:04:10.000Z,2015-08-05
AMGN,Health Care,eps_diluted_yoy_growth,19,161,0.118,2026-04-30T23:04:10.000Z,2015-08-05
AMGN,Health Care,total_assets_yoy_growth,54,161,0.3354,2026-04-30T23:04:10.000Z,2015-08-05
AMGN,Health Care,operating_cash_flow_yoy_growth,32,161,0.1988,2026-04-30T23:04:10.000Z,2015-08-05
AMGN,Health Care,free_cash_flow_yoy_growth,0,161,0.0,2026-04-30T23:04:10.000Z,2015-08-05
AMGN,Health Care,cash_conversion,19,161,0.118,2026-04-30T23:04:10.000Z,2015-08-05
AMGN,Health Care,fcf_to_net_income,0,161,0.0,2026-04-30T23:04:10.000Z,2015-08-05
AMGN,Health Care,capex_intensity,17,161,0.1056,2026-04-30T23:04:10.000Z,2015-08-05
AMGN,Health Care,accrual_proxy,19,161,0.118,2026-04-30T23:04:10.000Z,2015-08-05
AMGN,Health Care,log_total_assets,60,161,0.3727,2026-04-30T23:04:10.000Z,2015-08-05
AMGN,Health Care,log_revenue_abs,29,161,0.1801,2026-04-30T23:04:10.000Z,2015-08-05
AMGN,Health Care,log_total_liabilities_abs,0,161,0.0,2026-04-30T23:04:10.000Z,2015-08-05
AMGN,Health Care,filing_lag_days,161,161,1.0,2026-04-30T23:04:10.000Z,2015-08-05
AMZN,Consumer Discretionary,operating_margin,0,133,0.0,2026-04-29T18:48:09.000Z,2013-04-26
AMZN,Consumer Discretionary,net_margin,0,133,0.0,2026-04-29T18:48:09.000Z,2013-04-26
AMZN,Consumer Discretionary,fcf_margin,0,133,0.0,2026-04-29T18:48:09.000Z,2013-04-26
AMZN,Consumer Discretionary,operating_cash_flow_margin,0,133,0.0,2026-04-29T18:48:09.000Z,2013-04-26
AMZN,Consumer Discretionary,debt_proxy_total_liabilities_to_assets,0,133,0.0,2026-04-29T18:48:09.000Z,2013-04-26
AMZN,Consumer Discretionary,equity_to_assets,28,133,0.2105,2026-04-29T18:48:09.000Z,2013-04-26
AMZN,Consumer Discretionary,asset_turnover_proxy,4,133,0.0301,2026-04-29T18:48:09.000Z,2013-04-26
AMZN,Consumer Discretionary,liability_to_equity,0,133,0.0,2026-04-29T18:48:09.000Z,2013-04-26
AMZN,Consumer Discretionary,revenue_yoy_growth,20,133,0.1504,2026-04-29T18:48:09.000Z,2013-04-26
AMZN,Consumer Discretionary,net_income_yoy_growth,13,133,0.0977,2026-04-29T18:48:09.000Z,2013-04-26
AMZN,Consumer Discretionary,operating_income_yoy_growth,19,133,0.1429,2026-04-29T18:48:09.000Z,2013-04-26
AMZN,Consumer Discretionary,eps_diluted_yoy_growth,19,133,0.1429,2026-04-29T18:48:09.000Z,2013-04-26
AMZN,Consumer Discretionary,total_assets_yoy_growth,54,133,0.406,2026-04-29T18:48:09.000Z,2013-04-26
AMZN,Consumer Discretionary,operating_cash_flow_yoy_growth,13,133,0.0977,2026-04-29T18:48:09.000Z,2013-04-26
AMZN,Consumer Discretionary,free_cash_flow_yoy_growth,0,133,0.0,2026-04-29T18:48:09.000Z,2013-04-26
AMZN,Consumer Discretionary,cash_conversion,22,133,0.1654,2026-04-29T18:48:09.000Z,2013-04-26
AMZN,Consumer Discretionary,fcf_to_net_income,0,133,0.0,2026-04-29T18:48:09.000Z,2013-04-26
AMZN,Consumer Discretionary,capex_intensity,10,133,0.0752,2026-04-29T18:48:09.000Z,2013-04-26
AMZN,Consumer Discretionary,accrual_proxy,17,133,0.1278,2026-04-29T18:48:09.000Z,2013-04-26
AMZN,Consumer Discretionary,log_total_assets,60,133,0.4511,2026-04-29T18:48:09.000Z,2013-04-26
AMZN,Consumer Discretionary,log_revenue_abs,35,133,0.2632,2026-04-29T18:48:09.000Z,2013-04-26
AMZN,Consumer Discretionary,log_total_liabilities_abs,0,133,0.0,2026-04-29T18:48:09.000Z,2013-04-26
AMZN,Consumer Discretionary,filing_lag_days,133,133,1.0,2026-04-29T18:48:09.000Z,2013-04-26
AON,Financials,operating_margin,1,156,0.0064,2026-05-01T20:07:40.000Z,2010-11-04
AON,Financials,net_margin,0,156,0.0,2026-05-01T20:07:40.000Z,2010-11-04
AON,Financials,fcf_margin,0,156,0.0,2026-05-01T20:07:40.000Z,2010-11-04
AON,Financials,operating_cash_flow_margin,9,156,0.0577,2026-05-01T20:07:40.000Z,2010-11-04
AON,Financials,debt_proxy_total_liabilities_to_assets,60,156,0.3846,2026-05-01T20:07:40.000Z,2010-11-04
AON,Financials,equity_to_assets,60,156,0.3846,2026-05-01T20:07:40.000Z,2010-11-04
AON,Financials,asset_turnover_proxy,10,156,0.0641,2026-05-01T20:07:40.000Z,2010-11-04
AON,Financials,liability_to_equity,60,156,0.3846,2026-05-01T20:07:40.000Z,2010-11-04
AON,Financials,revenue_yoy_growth,23,156,0.1474,2026-05-01T20:07:40.000Z,2010-11-04
AON,Financials,net_income_yoy_growth,15,156,0.0962,2026-05-01T20:07:40.000Z,2010-11-04
AON,Financials,operating_income_yoy_growth,21,156,0.1346,2026-05-01T20:07:40.000Z,2010-11-04
AON,Financials,eps_diluted_yoy_growth,21,156,0.1346,2026-05-01T20:07:40.000Z,2010-11-04
AON,Financials,total_assets_yoy_growth,54,156,0.3462,2026-05-01T20:07:40.000Z,2010-11-04
AON,Financials,operating_cash_flow_yoy_growth,33,156,0.2115,2026-05-01T20:07:40.000Z,2010-11-04
AON,Financials,free_cash_flow_yoy_growth,0,156,0.0,2026-05-01T20:07:40.000Z,2010-11-04
AON,Financials,cash_conversion,18,156,0.1154,2026-05-01T20:07:40.000Z,2010-11-04
AON,Financials,fcf_to_net_income,0,156,0.0,2026-05-01T20:07:40.000Z,2010-11-04
AON,Financials,capex_intensity,11,156,0.0705,2026-05-01T20:07:40.000Z,2010-11-04
AON,Financials,accrual_proxy,18,156,0.1154,2026-05-01T20:07:40.000Z,2010-11-04
AON,Financials,log_total_assets,60,156,0.3846,2026-05-01T20:07:40.000Z,2010-11-04
AON,Financials,log_revenue_abs,33,156,0.2115,2026-05-01T20:07:40.000Z,2010-11-04
AON,Financials,log_total_liabilities_abs,60,156,0.3846,2026-05-01T20:07:40.000Z,2010-11-04
AON,Financials,filing_lag_days,156,156,1.0,2026-05-01T20:07:40.000Z,2010-11-04
APD,Materials,operating_margin,32,122,0.2623,2026-04-30T15:07:07.000Z,2009-07-24
APD,Materials,net_margin,32,122,0.2623,2026-04-30T15:07:07.000Z,2009-07-24
APD,Materials,fcf_margin,0,122,0.0,2026-04-30T15:07:07.000Z,2009-07-24
APD,Materials,operating_cash_flow_margin,13,122,0.1066,2026-04-30T15:07:07.000Z,2009-07-24
APD,Materials,debt_proxy_total_liabilities_to_assets,60,122,0.4918,2026-04-30T15:07:07.000Z,2009-07-24
APD,Materials,equity_to_assets,56,122,0.459,2026-04-30T15:07:07.000Z,2009-07-24
APD,Materials,asset_turnover_proxy,23,122,0.1885,2026-04-30T15:07:07.000Z,2009-07-24
APD,Materials,liability_to_equity,56,122,0.459,2026-04-30T15:07:07.000Z,2009-07-24
APD,Materials,revenue_yoy_growth,19,122,0.1557,2026-04-30T15:07:07.000Z,2009-07-24
APD,Materials,net_income_yoy_growth,19,122,0.1557,2026-04-30T15:07:07.000Z,2009-07-24
APD,Materials,operating_income_yoy_growth,19,122,0.1557,2026-04-30T15:07:07.000Z,2009-07-24
APD,Materials,eps_diluted_yoy_growth,19,122,0.1557,2026-04-30T15:07:07.000Z,2009-07-24
APD,Materials,total_assets_yoy_growth,53,122,0.4344,2026-04-30T15:07:07.000Z,2009-07-24
APD,Materials,operating_cash_flow_yoy_growth,19,122,0.1557,2026-04-30T15:07:07.000Z,2009-07-24
APD,Materials,free_cash_flow_yoy_growth,0,122,0.0,2026-04-30T15:07:07.000Z,2009-07-24
APD,Materials,cash_conversion,13,122,0.1066,2026-04-30T15:07:07.000Z,2009-07-24
APD,Materials,fcf_to_net_income,0,122,0.0,2026-04-30T15:07:07.000Z,2009-07-24
APD,Materials,capex_intensity,23,122,0.1885,2026-04-30T15:07:07.000Z,2009-07-24
APD,Materials,accrual_proxy,13,122,0.1066,2026-04-30T15:07:07.000Z,2009-07-24
APD,Materials,log_total_assets,60,122,0.4918,2026-04-30T15:07:07.000Z,2009-07-24
APD,Materials,log_revenue_abs,32,122,0.2623,2026-04-30T15:07:07.000Z,2009-07-24
APD,Materials,log_total_liabilities_abs,60,122,0.4918,2026-04-30T15:07:07.000Z,2009-07-24
APD,Materials,filing_lag_days,122,122,1.0,2026-04-30T15:07:07.000Z,2009-07-24
APH,Information Technology,operating_margin,0,117,0.0,2026-05-01T20:09:45.000Z,2017-08-03T21:00:09.000Z
APH,Information Technology,net_margin,0,117,0.0,2026-05-01T20:09:45.000Z,2017-08-03T21:00:09.000Z
APH,Information Technology,fcf_margin,0,117,0.0,2026-05-01T20:09:45.000Z,2017-08-03T21:00:09.000Z
APH,Information Technology,operating_cash_flow_margin,3,117,0.0256,2026-05-01T20:09:45.000Z,2017-08-03T21:00:09.000Z
APH,Information Technology,debt_proxy_total_liabilities_to_assets,31,117,0.265,2026-05-01T20:09:45.000Z,2017-08-03T21:00:09.000Z
APH,Information Technology,equity_to_assets,60,117,0.5128,2026-05-01T20:09:45.000Z,2017-08-03T21:00:09.000Z
APH,Information Technology,asset_turnover_proxy,2,117,0.0171,2026-05-01T20:09:45.000Z,2017-08-03T21:00:09.000Z
APH,Information Technology,liability_to_equity,31,117,0.265,2026-05-01T20:09:45.000Z,2017-08-03T21:00:09.000Z
APH,Information Technology,revenue_yoy_growth,0,117,0.0,2026-05-01T20:09:45.000Z,2017-08-03T21:00:09.000Z
APH,Information Technology,net_income_yoy_growth,19,117,0.1624,2026-05-01T20:09:45.000Z,2017-08-03T21:00:09.000Z
APH,Information Technology,operating_income_yoy_growth,19,117,0.1624,2026-05-01T20:09:45.000Z,2017-08-03T21:00:09.000Z
APH,Information Technology,eps_diluted_yoy_growth,19,117,0.1624,2026-05-01T20:09:45.000Z,2017-08-03T21:00:09.000Z
APH,Information Technology,total_assets_yoy_growth,54,117,0.4615,2026-05-01T20:09:45.000Z,2017-08-03T21:00:09.000Z
APH,Information Technology,operating_cash_flow_yoy_growth,32,117,0.2735,2026-05-01T20:09:45.000Z,2017-08-03T21:00:09.000Z
APH,Information Technology,free_cash_flow_yoy_growth,0,117,0.0,2026-05-01T20:09:45.000Z,2017-08-03T21:00:09.000Z
APH,Information Technology,cash_conversion,23,117,0.1966,2026-05-01T20:09:45.000Z,2017-08-03T21:00:09.000Z
APH,Information Technology,fcf_to_net_income,0,117,0.0,2026-05-01T20:09:45.000Z,2017-08-03T21:00:09.000Z
APH,Information Technology,capex_intensity,3,117,0.0256,2026-05-01T20:09:45.000Z,2017-08-03T21:00:09.000Z
APH,Information Technology,accrual_proxy,23,117,0.1966,2026-05-01T20:09:45.000Z,2017-08-03T21:00:09.000Z
APH,Information Technology,log_total_assets,60,117,0.5128,2026-05-01T20:09:45.000Z,2017-08-03T21:00:09.000Z
APH,Information Technology,log_revenue_abs,4,117,0.0342,2026-05-01T20:09:45.000Z,2017-08-03T21:00:09.000Z
APH,Information Technology,log_total_liabilities_abs,32,117,0.2735,2026-05-01T20:09:45.000Z,2017-08-03T21:00:09.000Z
APH,Information Technology,filing_lag_days,117,117,1.0,2026-05-01T20:09:45.000Z,2017-08-03T21:00:09.000Z
AVGO,Information Technology,operating_margin,0,118,0.0,2026-06-09T13:06:09.000Z,2018-06-14T20:44:41.000Z
AVGO,Information Technology,net_margin,13,118,0.1102,2026-06-09T13:06:09.000Z,2018-06-14T20:44:41.000Z
AVGO,Information Technology,fcf_margin,0,118,0.0,2026-06-09T13:06:09.000Z,2018-06-14T20:44:41.000Z
AVGO,Information Technology,operating_cash_flow_margin,7,118,0.0593,2026-06-09T13:06:09.000Z,2018-06-14T20:44:41.000Z
AVGO,Information Technology,debt_proxy_total_liabilities_to_assets,59,118,0.5,2026-06-09T13:06:09.000Z,2018-06-14T20:44:41.000Z
AVGO,Information Technology,equity_to_assets,13,118,0.1102,2026-06-09T13:06:09.000Z,2018-06-14T20:44:41.000Z
AVGO,Information Technology,asset_turnover_proxy,4,118,0.0339,2026-06-09T13:06:09.000Z,2018-06-14T20:44:41.000Z
AVGO,Information Technology,liability_to_equity,13,118,0.1102,2026-06-09T13:06:09.000Z,2018-06-14T20:44:41.000Z
AVGO,Information Technology,revenue_yoy_growth,0,118,0.0,2026-06-09T13:06:09.000Z,2018-06-14T20:44:41.000Z
AVGO,Information Technology,net_income_yoy_growth,2,118,0.0169,2026-06-09T13:06:09.000Z,2018-06-14T20:44:41.000Z
AVGO,Information Technology,operating_income_yoy_growth,19,118,0.161,2026-06-09T13:06:09.000Z,2018-06-14T20:44:41.000Z
AVGO,Information Technology,eps_diluted_yoy_growth,19,118,0.161,2026-06-09T13:06:09.000Z,2018-06-14T20:44:41.000Z
AVGO,Information Technology,total_assets_yoy_growth,51,118,0.4322,2026-06-09T13:06:09.000Z,2018-06-14T20:44:41.000Z
AVGO,Information Technology,operating_cash_flow_yoy_growth,29,118,0.2458,2026-06-09T13:06:09.000Z,2018-06-14T20:44:41.000Z
AVGO,Information Technology,free_cash_flow_yoy_growth,0,118,0.0,2026-06-09T13:06:09.000Z,2018-06-14T20:44:41.000Z
AVGO,Information Technology,cash_conversion,12,118,0.1017,2026-06-09T13:06:09.000Z,2018-06-14T20:44:41.000Z
AVGO,Information Technology,fcf_to_net_income,0,118,0.0,2026-06-09T13:06:09.000Z,2018-06-14T20:44:41.000Z
AVGO,Information Technology,capex_intensity,7,118,0.0593,2026-06-09T13:06:09.000Z,2018-06-14T20:44:41.000Z
AVGO,Information Technology,accrual_proxy,8,118,0.0678,2026-06-09T13:06:09.000Z,2018-06-14T20:44:41.000Z
AVGO,Information Technology,log_total_assets,59,118,0.5,2026-06-09T13:06:09.000Z,2018-06-14T20:44:41.000Z
AVGO,Information Technology,log_revenue_abs,13,118,0.1102,2026-06-09T13:06:09.000Z,2018-06-14T20:44:41.000Z
AVGO,Information Technology,log_total_liabilities_abs,59,118,0.5,2026-06-09T13:06:09.000Z,2018-06-14T20:44:41.000Z
AVGO,Information Technology,filing_lag_days,118,118,1.0,2026-06-09T13:06:09.000Z,2018-06-14T20:44:41.000Z
AXP,Financials,operating_margin,0,159,0.0,2026-04-23T15:06:02.000Z,2009-09-02
AXP,Financials,net_margin,0,159,0.0,2026-04-23T15:06:02.000Z,2009-09-02
AXP,Financials,fcf_margin,0,159,0.0,2026-04-23T15:06:02.000Z,2009-09-02
AXP,Financials,operating_cash_flow_margin,2,159,0.0126,2026-04-23T15:06:02.000Z,2009-09-02
AXP,Financials,debt_proxy_total_liabilities_to_assets,47,159,0.2956,2026-04-23T15:06:02.000Z,2009-09-02
AXP,Financials,equity_to_assets,28,159,0.1761,2026-04-23T15:06:02.000Z,2009-09-02
AXP,Financials,asset_turnover_proxy,0,159,0.0,2026-04-23T15:06:02.000Z,2009-09-02
AXP,Financials,liability_to_equity,28,159,0.1761,2026-04-23T15:06:02.000Z,2009-09-02
AXP,Financials,revenue_yoy_growth,0,159,0.0,2026-04-23T15:06:02.000Z,2009-09-02
AXP,Financials,net_income_yoy_growth,19,159,0.1195,2026-04-23T15:06:02.000Z,2009-09-02
AXP,Financials,operating_income_yoy_growth,3,159,0.0189,2026-04-23T15:06:02.000Z,2009-09-02
AXP,Financials,eps_diluted_yoy_growth,20,159,0.1258,2026-04-23T15:06:02.000Z,2009-09-02
AXP,Financials,total_assets_yoy_growth,40,159,0.2516,2026-04-23T15:06:02.000Z,2009-09-02
AXP,Financials,operating_cash_flow_yoy_growth,28,159,0.1761,2026-04-23T15:06:02.000Z,2009-09-02
AXP,Financials,free_cash_flow_yoy_growth,0,159,0.0,2026-04-23T15:06:02.000Z,2009-09-02
AXP,Financials,cash_conversion,23,159,0.1447,2026-04-23T15:06:02.000Z,2009-09-02
AXP,Financials,fcf_to_net_income,0,159,0.0,2026-04-23T15:06:02.000Z,2009-09-02
AXP,Financials,capex_intensity,0,159,0.0,2026-04-23T15:06:02.000Z,2009-09-02
AXP,Financials,accrual_proxy,23,159,0.1447,2026-04-23T15:06:02.000Z,2009-09-02
AXP,Financials,log_total_assets,51,159,0.3208,2026-04-23T15:06:02.000Z,2009-09-02
AXP,Financials,log_revenue_abs,3,159,0.0189,2026-04-23T15:06:02.000Z,2009-09-02
AXP,Financials,log_total_liabilities_abs,60,159,0.3774,2026-04-23T15:06:02.000Z,2009-09-02
AXP,Financials,filing_lag_days,159,159,1.0,2026-04-23T15:06:02.000Z,2009-09-02
BA,Industrials,operating_margin,33,130,0.2538,2026-04-22T16:38:40.000Z,2010-07-28
BA,Industrials,net_margin,33,130,0.2538,2026-04-22T16:38:40.000Z,2010-07-28
BA,Industrials,fcf_margin,0,130,0.0,2026-04-22T16:38:40.000Z,2010-07-28
BA,Industrials,operating_cash_flow_margin,23,130,0.1769,2026-04-22T16:38:40.000Z,2010-07-28
BA,Industrials,debt_proxy_total_liabilities_to_assets,44,130,0.3385,2026-04-22T16:38:40.000Z,2010-07-28
BA,Industrials,equity_to_assets,60,130,0.4615,2026-04-22T16:38:40.000Z,2010-07-28
BA,Industrials,asset_turnover_proxy,23,130,0.1769,2026-04-22T16:38:40.000Z,2010-07-28
BA,Industrials,liability_to_equity,44,130,0.3385,2026-04-22T16:38:40.000Z,2010-07-28
BA,Industrials,revenue_yoy_growth,19,130,0.1462,2026-04-22T16:38:40.000Z,2010-07-28
BA,Industrials,net_income_yoy_growth,19,130,0.1462,2026-04-22T16:38:40.000Z,2010-07-28
BA,Industrials,operating_income_yoy_growth,19,130,0.1462,2026-04-22T16:38:40.000Z,2010-07-28
BA,Industrials,eps_diluted_yoy_growth,19,130,0.1462,2026-04-22T16:38:40.000Z,2010-07-28
BA,Industrials,total_assets_yoy_growth,54,130,0.4154,2026-04-22T16:38:40.000Z,2010-07-28
BA,Industrials,operating_cash_flow_yoy_growth,32,130,0.2462,2026-04-22T16:38:40.000Z,2010-07-28
BA,Industrials,free_cash_flow_yoy_growth,0,130,0.0,2026-04-22T16:38:40.000Z,2010-07-28
BA,Industrials,cash_conversion,23,130,0.1769,2026-04-22T16:38:40.000Z,2010-07-28
BA,Industrials,fcf_to_net_income,0,130,0.0,2026-04-22T16:38:40.000Z,2010-07-28
BA,Industrials,capex_intensity,23,130,0.1769,2026-04-22T16:38:40.000Z,2010-07-28
BA,Industrials,accrual_proxy,23,130,0.1769,2026-04-22T16:38:40.000Z,2010-07-28
BA,Industrials,log_total_assets,60,130,0.4615,2026-04-22T16:38:40.000Z,2010-07-28
BA,Industrials,log_revenue_abs,33,130,0.2538,2026-04-22T16:38:40.000Z,2010-07-28
BA,Industrials,log_total_liabilities_abs,60,130,0.4615,2026-04-22T16:38:40.000Z,2010-07-28
BA,Industrials,filing_lag_days,130,130,1.0,2026-04-22T16:38:40.000Z,2010-07-28
BAC,Financials,operating_margin,0,99,0.0,2026-05-01T20:39:01.000Z,2013-10-30
BAC,Financials,net_margin,30,99,0.303,2026-05-01T20:39:01.000Z,2013-10-30
BAC,Financials,fcf_margin,0,99,0.0,2026-05-01T20:39:01.000Z,2013-10-30
BAC,Financials,operating_cash_flow_margin,25,99,0.2525,2026-05-01T20:39:01.000Z,2013-10-30
BAC,Financials,debt_proxy_total_liabilities_to_assets,51,99,0.5152,2026-05-01T20:39:01.000Z,2013-10-30
BAC,Financials,equity_to_assets,28,99,0.2828,2026-05-01T20:39:01.000Z,2013-10-30
BAC,Financials,asset_turnover_proxy,25,99,0.2525,2026-05-01T20:39:01.000Z,2013-10-30
BAC,Financials,liability_to_equity,28,99,0.2828,2026-05-01T20:39:01.000Z,2013-10-30
BAC,Financials,revenue_yoy_growth,21,99,0.2121,2026-05-01T20:39:01.000Z,2013-10-30
BAC,Financials,net_income_yoy_growth,21,99,0.2121,2026-05-01T20:39:01.000Z,2013-10-30
BAC,Financials,operating_income_yoy_growth,0,99,0.0,2026-05-01T20:39:01.000Z,2013-10-30
BAC,Financials,eps_diluted_yoy_growth,21,99,0.2121,2026-05-01T20:39:01.000Z,2013-10-30
BAC,Financials,total_assets_yoy_growth,44,99,0.4444,2026-05-01T20:39:01.000Z,2013-10-30
BAC,Financials,operating_cash_flow_yoy_growth,29,99,0.2929,2026-05-01T20:39:01.000Z,2013-10-30
BAC,Financials,free_cash_flow_yoy_growth,0,99,0.0,2026-05-01T20:39:01.000Z,2013-10-30
BAC,Financials,cash_conversion,25,99,0.2525,2026-05-01T20:39:01.000Z,2013-10-30
BAC,Financials,fcf_to_net_income,0,99,0.0,2026-05-01T20:39:01.000Z,2013-10-30
BAC,Financials,capex_intensity,0,99,0.0,2026-05-01T20:39:01.000Z,2013-10-30
BAC,Financials,accrual_proxy,25,99,0.2525,2026-05-01T20:39:01.000Z,2013-10-30
BAC,Financials,log_total_assets,55,99,0.5556,2026-05-01T20:39:01.000Z,2013-10-30
BAC,Financials,log_revenue_abs,30,99,0.303,2026-05-01T20:39:01.000Z,2013-10-30
BAC,Financials,log_total_liabilities_abs,60,99,0.6061,2026-05-01T20:39:01.000Z,2013-10-30
BAC,Financials,filing_lag_days,99,99,1.0,2026-05-01T20:39:01.000Z,2013-10-30
BKNG,Consumer Discretionary,operating_margin,30,166,0.1807,2026-04-28T21:12:46.000Z,2010-08-04
BKNG,Consumer Discretionary,net_margin,0,166,0.0,2026-04-28T21:12:46.000Z,2010-08-04
BKNG,Consumer Discretionary,fcf_margin,0,166,0.0,2026-04-28T21:12:46.000Z,2010-08-04
BKNG,Consumer Discretionary,operating_cash_flow_margin,25,166,0.1506,2026-04-28T21:12:46.000Z,2010-08-04
BKNG,Consumer Discretionary,debt_proxy_total_liabilities_to_assets,60,166,0.3614,2026-04-28T21:12:46.000Z,2010-08-04
BKNG,Consumer Discretionary,equity_to_assets,28,166,0.1687,2026-04-28T21:12:46.000Z,2010-08-04
BKNG,Consumer Discretionary,asset_turnover_proxy,25,166,0.1506,2026-04-28T21:12:46.000Z,2010-08-04
BKNG,Consumer Discretionary,liability_to_equity,28,166,0.1687,2026-04-28T21:12:46.000Z,2010-08-04
BKNG,Consumer Discretionary,revenue_yoy_growth,21,166,0.1265,2026-04-28T21:12:46.000Z,2010-08-04
BKNG,Consumer Discretionary,net_income_yoy_growth,16,166,0.0964,2026-04-28T21:12:46.000Z,2010-08-04
BKNG,Consumer Discretionary,operating_income_yoy_growth,21,166,0.1265,2026-04-28T21:12:46.000Z,2010-08-04
BKNG,Consumer Discretionary,eps_diluted_yoy_growth,21,166,0.1265,2026-04-28T21:12:46.000Z,2010-08-04
BKNG,Consumer Discretionary,total_assets_yoy_growth,54,166,0.3253,2026-04-28T21:12:46.000Z,2010-08-04
BKNG,Consumer Discretionary,operating_cash_flow_yoy_growth,28,166,0.1687,2026-04-28T21:12:46.000Z,2010-08-04
BKNG,Consumer Discretionary,free_cash_flow_yoy_growth,0,166,0.0,2026-04-28T21:12:46.000Z,2010-08-04
BKNG,Consumer Discretionary,cash_conversion,2,166,0.012,2026-04-28T21:12:46.000Z,2010-08-04
BKNG,Consumer Discretionary,fcf_to_net_income,0,166,0.0,2026-04-28T21:12:46.000Z,2010-08-04
BKNG,Consumer Discretionary,capex_intensity,25,166,0.1506,2026-04-28T21:12:46.000Z,2010-08-04
BKNG,Consumer Discretionary,accrual_proxy,0,166,0.0,2026-04-28T21:12:46.000Z,2010-08-04
BKNG,Consumer Discretionary,log_total_assets,60,166,0.3614,2026-04-28T21:12:46.000Z,2010-08-04
BKNG,Consumer Discretionary,log_revenue_abs,30,166,0.1807,2026-04-28T21:12:46.000Z,2010-08-04
BKNG,Consumer Discretionary,log_total_liabilities_abs,60,166,0.3614,2026-04-28T21:12:46.000Z,2010-08-04
BKNG,Consumer Discretionary,filing_lag_days,166,166,1.0,2026-04-28T21:12:46.000Z,2010-08-04
BLK,Financials,operating_margin,3,29,0.1034,2026-05-06T19:25:15.000Z,2024-11-06
BLK,Financials,net_margin,3,29,0.1034,2026-05-06T19:25:15.000Z,2024-11-06
BLK,Financials,fcf_margin,0,29,0.0,2026-05-06T19:25:15.000Z,2024-11-06
BLK,Financials,operating_cash_flow_margin,3,29,0.1034,2026-05-06T19:25:15.000Z,2024-11-06
BLK,Financials,debt_proxy_total_liabilities_to_assets,13,29,0.4483,2026-05-06T19:25:15.000Z,2024-11-06
BLK,Financials,equity_to_assets,13,29,0.4483,2026-05-06T19:25:15.000Z,2024-11-06
BLK,Financials,asset_turnover_proxy,2,29,0.069,2026-05-06T19:25:15.000Z,2024-11-06
BLK,Financials,liability_to_equity,13,29,0.4483,2026-05-06T19:25:15.000Z,2024-11-06
BLK,Financials,revenue_yoy_growth,0,29,0.0,2026-05-06T19:25:15.000Z,2024-11-06
BLK,Financials,net_income_yoy_growth,3,29,0.1034,2026-05-06T19:25:15.000Z,2024-11-06
BLK,Financials,operating_income_yoy_growth,3,29,0.1034,2026-05-06T19:25:15.000Z,2024-11-06
BLK,Financials,eps_diluted_yoy_growth,3,29,0.1034,2026-05-06T19:25:15.000Z,2024-11-06
BLK,Financials,total_assets_yoy_growth,5,29,0.1724,2026-05-06T19:25:15.000Z,2024-11-06
BLK,Financials,operating_cash_flow_yoy_growth,3,29,0.1034,2026-05-06T19:25:15.000Z,2024-11-06
BLK,Financials,free_cash_flow_yoy_growth,0,29,0.0,2026-05-06T19:25:15.000Z,2024-11-06
BLK,Financials,cash_conversion,12,29,0.4138,2026-05-06T19:25:15.000Z,2024-11-06
BLK,Financials,fcf_to_net_income,0,29,0.0,2026-05-06T19:25:15.000Z,2024-11-06
BLK,Financials,capex_intensity,3,29,0.1034,2026-05-06T19:25:15.000Z,2024-11-06
BLK,Financials,accrual_proxy,8,29,0.2759,2026-05-06T19:25:15.000Z,2024-11-06
BLK,Financials,log_total_assets,13,29,0.4483,2026-05-06T19:25:15.000Z,2024-11-06
BLK,Financials,log_revenue_abs,3,29,0.1034,2026-05-06T19:25:15.000Z,2024-11-06
BLK,Financials,log_total_liabilities_abs,13,29,0.4483,2026-05-06T19:25:15.000Z,2024-11-06
BLK,Financials,filing_lag_days,29,29,1.0,2026-05-06T19:25:15.000Z,2024-11-06
BMY,Health Care,operating_margin,0,121,0.0,2026-04-30T15:44:13.000Z,2012-04-26
BMY,Health Care,net_margin,33,121,0.2727,2026-04-30T15:44:13.000Z,2012-04-26
BMY,Health Care,fcf_margin,0,121,0.0,2026-04-30T15:44:13.000Z,2012-04-26
BMY,Health Care,operating_cash_flow_margin,23,121,0.1901,2026-04-30T15:44:13.000Z,2012-04-26
BMY,Health Care,debt_proxy_total_liabilities_to_assets,53,121,0.438,2026-04-30T15:44:13.000Z,2012-04-26
BMY,Health Care,equity_to_assets,53,121,0.438,2026-04-30T15:44:13.000Z,2012-04-26
BMY,Health Care,asset_turnover_proxy,26,121,0.2149,2026-04-30T15:44:13.000Z,2012-04-26
BMY,Health Care,liability_to_equity,60,121,0.4959,2026-04-30T15:44:13.000Z,2012-04-26
BMY,Health Care,revenue_yoy_growth,19,121,0.157,2026-04-30T15:44:13.000Z,2012-04-26
BMY,Health Care,net_income_yoy_growth,19,121,0.157,2026-04-30T15:44:13.000Z,2012-04-26
BMY,Health Care,operating_income_yoy_growth,0,121,0.0,2026-04-30T15:44:13.000Z,2012-04-26
BMY,Health Care,eps_diluted_yoy_growth,19,121,0.157,2026-04-30T15:44:13.000Z,2012-04-26
BMY,Health Care,total_assets_yoy_growth,53,121,0.438,2026-04-30T15:44:13.000Z,2012-04-26
BMY,Health Care,operating_cash_flow_yoy_growth,32,121,0.2645,2026-04-30T15:44:13.000Z,2012-04-26
BMY,Health Care,free_cash_flow_yoy_growth,0,121,0.0,2026-04-30T15:44:13.000Z,2012-04-26
BMY,Health Care,cash_conversion,23,121,0.1901,2026-04-30T15:44:13.000Z,2012-04-26
BMY,Health Care,fcf_to_net_income,0,121,0.0,2026-04-30T15:44:13.000Z,2012-04-26
BMY,Health Care,capex_intensity,23,121,0.1901,2026-04-30T15:44:13.000Z,2012-04-26
BMY,Health Care,accrual_proxy,23,121,0.1901,2026-04-30T15:44:13.000Z,2012-04-26
BMY,Health Care,log_total_assets,60,121,0.4959,2026-04-30T15:44:13.000Z,2012-04-26
BMY,Health Care,log_revenue_abs,33,121,0.2727,2026-04-30T15:44:13.000Z,2012-04-26
BMY,Health Care,log_total_liabilities_abs,60,121,0.4959,2026-04-30T15:44:13.000Z,2012-04-26
BMY,Health Care,filing_lag_days,121,121,1.0,2026-04-30T15:44:13.000Z,2012-04-26
BSX,Health Care,operating_margin,0,137,0.0,2026-05-01T10:25:23.000Z,2010-08-05
BSX,Health Care,net_margin,0,137,0.0,2026-05-01T10:25:23.000Z,2010-08-05
BSX,Health Care,fcf_margin,0,137,0.0,2026-05-01T10:25:23.000Z,2010-08-05
BSX,Health Care,operating_cash_flow_margin,2,137,0.0146,2026-05-01T10:25:23.000Z,2010-08-05
BSX,Health Care,debt_proxy_total_liabilities_to_assets,0,137,0.0,2026-05-01T10:25:23.000Z,2010-08-05
BSX,Health Care,equity_to_assets,23,137,0.1679,2026-05-01T10:25:23.000Z,2010-08-05
BSX,Health Care,asset_turnover_proxy,1,137,0.0073,2026-05-01T10:25:23.000Z,2010-08-05
BSX,Health Care,liability_to_equity,0,137,0.0,2026-05-01T10:25:23.000Z,2010-08-05
BSX,Health Care,revenue_yoy_growth,9,137,0.0657,2026-05-01T10:25:23.000Z,2010-08-05
BSX,Health Care,net_income_yoy_growth,0,137,0.0,2026-05-01T10:25:23.000Z,2010-08-05
BSX,Health Care,operating_income_yoy_growth,21,137,0.1533,2026-05-01T10:25:23.000Z,2010-08-05
BSX,Health Care,eps_diluted_yoy_growth,21,137,0.1533,2026-05-01T10:25:23.000Z,2010-08-05
BSX,Health Care,total_assets_yoy_growth,54,137,0.3942,2026-05-01T10:25:23.000Z,2010-08-05
BSX,Health Care,operating_cash_flow_yoy_growth,32,137,0.2336,2026-05-01T10:25:23.000Z,2010-08-05
BSX,Health Care,free_cash_flow_yoy_growth,0,137,0.0,2026-05-01T10:25:23.000Z,2010-08-05
BSX,Health Care,cash_conversion,0,137,0.0,2026-05-01T10:25:23.000Z,2010-08-05
BSX,Health Care,fcf_to_net_income,0,137,0.0,2026-05-01T10:25:23.000Z,2010-08-05
BSX,Health Care,capex_intensity,2,137,0.0146,2026-05-01T10:25:23.000Z,2010-08-05
BSX,Health Care,accrual_proxy,0,137,0.0,2026-05-01T10:25:23.000Z,2010-08-05
BSX,Health Care,log_total_assets,60,137,0.438,2026-05-01T10:25:23.000Z,2010-08-05
BSX,Health Care,log_revenue_abs,20,137,0.146,2026-05-01T10:25:23.000Z,2010-08-05
BSX,Health Care,log_total_liabilities_abs,0,137,0.0,2026-05-01T10:25:23.000Z,2010-08-05
BSX,Health Care,filing_lag_days,137,137,1.0,2026-05-01T10:25:23.000Z,2010-08-05
C,Financials,operating_margin,0,101,0.0,2026-02-20T22:06:54.000Z,2017-05-01
C,Financials,net_margin,31,101,0.3069,2026-02-20T22:06:54.000Z,2017-05-01
C,Financials,fcf_margin,0,101,0.0,2026-02-20T22:06:54.000Z,2017-05-01
C,Financials,operating_cash_flow_margin,25,101,0.2475,2026-02-20T22:06:54.000Z,2017-05-01
C,Financials,debt_proxy_total_liabilities_to_assets,60,101,0.5941,2026-02-20T22:06:54.000Z,2017-05-01
C,Financials,equity_to_assets,60,101,0.5941,2026-02-20T22:06:54.000Z,2017-05-01
C,Financials,asset_turnover_proxy,21,101,0.2079,2026-02-20T22:06:54.000Z,2017-05-01
C,Financials,liability_to_equity,60,101,0.5941,2026-02-20T22:06:54.000Z,2017-05-01
C,Financials,revenue_yoy_growth,20,101,0.198,2026-02-20T22:06:54.000Z,2017-05-01
C,Financials,net_income_yoy_growth,20,101,0.198,2026-02-20T22:06:54.000Z,2017-05-01
C,Financials,operating_income_yoy_growth,0,101,0.0,2026-02-20T22:06:54.000Z,2017-05-01
C,Financials,eps_diluted_yoy_growth,20,101,0.198,2026-02-20T22:06:54.000Z,2017-05-01
C,Financials,total_assets_yoy_growth,56,101,0.5545,2026-02-20T22:06:54.000Z,2017-05-01
C,Financials,operating_cash_flow_yoy_growth,17,101,0.1683,2026-02-20T22:06:54.000Z,2017-05-01
C,Financials,free_cash_flow_yoy_growth,0,101,0.0,2026-02-20T22:06:54.000Z,2017-05-01
C,Financials,cash_conversion,25,101,0.2475,2026-02-20T22:06:54.000Z,2017-05-01
C,Financials,fcf_to_net_income,0,101,0.0,2026-02-20T22:06:54.000Z,2017-05-01
C,Financials,capex_intensity,21,101,0.2079,2026-02-20T22:06:54.000Z,2017-05-01
C,Financials,accrual_proxy,21,101,0.2079,2026-02-20T22:06:54.000Z,2017-05-01
C,Financials,log_total_assets,60,101,0.5941,2026-02-20T22:06:54.000Z,2017-05-01
C,Financials,log_revenue_abs,31,101,0.3069,2026-02-20T22:06:54.000Z,2017-05-01
C,Financials,log_total_liabilities_abs,60,101,0.5941,2026-02-20T22:06:54.000Z,2017-05-01
C,Financials,filing_lag_days,101,101,1.0,2026-02-20T22:06:54.000Z,2017-05-01
CAT,Industrials,operating_margin,25,128,0.1953,2026-05-06T15:08:09.000Z,2009-08-12
CAT,Industrials,net_margin,0,128,0.0,2026-05-06T15:08:09.000Z,2009-08-12
CAT,Industrials,fcf_margin,0,128,0.0,2026-05-06T15:08:09.000Z,2009-08-12
CAT,Industrials,operating_cash_flow_margin,23,128,0.1797,2026-05-06T15:08:09.000Z,2009-08-12
CAT,Industrials,debt_proxy_total_liabilities_to_assets,60,128,0.4688,2026-05-06T15:08:09.000Z,2009-08-12
CAT,Industrials,equity_to_assets,0,128,0.0,2026-05-06T15:08:09.000Z,2009-08-12
CAT,Industrials,asset_turnover_proxy,23,128,0.1797,2026-05-06T15:08:09.000Z,2009-08-12
CAT,Industrials,liability_to_equity,0,128,0.0,2026-05-06T15:08:09.000Z,2009-08-12
CAT,Industrials,revenue_yoy_growth,19,128,0.1484,2026-05-06T15:08:09.000Z,2009-08-12
CAT,Industrials,net_income_yoy_growth,13,128,0.1016,2026-05-06T15:08:09.000Z,2009-08-12
CAT,Industrials,operating_income_yoy_growth,21,128,0.1641,2026-05-06T15:08:09.000Z,2009-08-12
CAT,Industrials,eps_diluted_yoy_growth,19,128,0.1484,2026-05-06T15:08:09.000Z,2009-08-12
CAT,Industrials,total_assets_yoy_growth,54,128,0.4219,2026-05-06T15:08:09.000Z,2009-08-12
CAT,Industrials,operating_cash_flow_yoy_growth,29,128,0.2266,2026-05-06T15:08:09.000Z,2009-08-12
CAT,Industrials,free_cash_flow_yoy_growth,0,128,0.0,2026-05-06T15:08:09.000Z,2009-08-12
CAT,Industrials,cash_conversion,14,128,0.1094,2026-05-06T15:08:09.000Z,2009-08-12
CAT,Industrials,fcf_to_net_income,0,128,0.0,2026-05-06T15:08:09.000Z,2009-08-12
CAT,Industrials,capex_intensity,25,128,0.1953,2026-05-06T15:08:09.000Z,2009-08-12
CAT,Industrials,accrual_proxy,0,128,0.0,2026-05-06T15:08:09.000Z,2009-08-12
CAT,Industrials,log_total_assets,60,128,0.4688,2026-05-06T15:08:09.000Z,2009-08-12
CAT,Industrials,log_revenue_abs,33,128,0.2578,2026-05-06T15:08:09.000Z,2009-08-12
CAT,Industrials,log_total_liabilities_abs,60,128,0.4688,2026-05-06T15:08:09.000Z,2009-08-12
CAT,Industrials,filing_lag_days,128,128,1.0,2026-05-06T15:08:09.000Z,2009-08-12
CB,Financials,operating_margin,0,82,0.0,2026-04-28T19:42:33.000Z,2014-05-02
CB,Financials,net_margin,30,82,0.3659,2026-04-28T19:42:33.000Z,2014-05-02
CB,Financials,fcf_margin,0,82,0.0,2026-04-28T19:42:33.000Z,2014-05-02
CB,Financials,operating_cash_flow_margin,27,82,0.3293,2026-04-28T19:42:33.000Z,2014-05-02
CB,Financials,debt_proxy_total_liabilities_to_assets,60,82,0.7317,2026-04-28T19:42:33.000Z,2014-05-02
CB,Financials,equity_to_assets,50,82,0.6098,2026-04-28T19:42:33.000Z,2014-05-02
CB,Financials,asset_turnover_proxy,25,82,0.3049,2026-04-28T19:42:33.000Z,2014-05-02
CB,Financials,liability_to_equity,50,82,0.6098,2026-04-28T19:42:33.000Z,2014-05-02
CB,Financials,revenue_yoy_growth,21,82,0.2561,2026-04-28T19:42:33.000Z,2014-05-02
CB,Financials,net_income_yoy_growth,21,82,0.2561,2026-04-28T19:42:33.000Z,2014-05-02
CB,Financials,operating_income_yoy_growth,0,82,0.0,2026-04-28T19:42:33.000Z,2014-05-02
CB,Financials,eps_diluted_yoy_growth,21,82,0.2561,2026-04-28T19:42:33.000Z,2014-05-02
CB,Financials,total_assets_yoy_growth,54,82,0.6585,2026-04-28T19:42:33.000Z,2014-05-02
CB,Financials,operating_cash_flow_yoy_growth,28,82,0.3415,2026-04-28T19:42:33.000Z,2014-05-02
CB,Financials,free_cash_flow_yoy_growth,0,82,0.0,2026-04-28T19:42:33.000Z,2014-05-02
CB,Financials,cash_conversion,27,82,0.3293,2026-04-28T19:42:33.000Z,2014-05-02
CB,Financials,fcf_to_net_income,0,82,0.0,2026-04-28T19:42:33.000Z,2014-05-02
CB,Financials,capex_intensity,0,82,0.0,2026-04-28T19:42:33.000Z,2014-05-02
CB,Financials,accrual_proxy,25,82,0.3049,2026-04-28T19:42:33.000Z,2014-05-02
CB,Financials,log_total_assets,60,82,0.7317,2026-04-28T19:42:33.000Z,2014-05-02
CB,Financials,log_revenue_abs,30,82,0.3659,2026-04-28T19:42:33.000Z,2014-05-02
CB,Financials,log_total_liabilities_abs,60,82,0.7317,2026-04-28T19:42:33.000Z,2014-05-02
CB,Financials,filing_lag_days,82,82,1.0,2026-04-28T19:42:33.000Z,2014-05-02
CDNS,Information Technology,operating_margin,0,159,0.0,2026-05-01T20:30:51.000Z,2012-07-26
CDNS,Information Technology,net_margin,0,159,0.0,2026-05-01T20:30:51.000Z,2012-07-26
CDNS,Information Technology,fcf_margin,0,159,0.0,2026-05-01T20:30:51.000Z,2012-07-26
CDNS,Information Technology,operating_cash_flow_margin,3,159,0.0189,2026-05-01T20:30:51.000Z,2012-07-26
CDNS,Information Technology,debt_proxy_total_liabilities_to_assets,0,159,0.0,2026-05-01T20:30:51.000Z,2012-07-26
CDNS,Information Technology,equity_to_assets,28,159,0.1761,2026-05-01T20:30:51.000Z,2012-07-26
CDNS,Information Technology,asset_turnover_proxy,2,159,0.0126,2026-05-01T20:30:51.000Z,2012-07-26
CDNS,Information Technology,liability_to_equity,0,159,0.0,2026-05-01T20:30:51.000Z,2012-07-26
CDNS,Information Technology,revenue_yoy_growth,21,159,0.1321,2026-05-01T20:30:51.000Z,2012-07-26
CDNS,Information Technology,net_income_yoy_growth,20,159,0.1258,2026-05-01T20:30:51.000Z,2012-07-26
CDNS,Information Technology,operating_income_yoy_growth,20,159,0.1258,2026-05-01T20:30:51.000Z,2012-07-26
CDNS,Information Technology,eps_diluted_yoy_growth,20,159,0.1258,2026-05-01T20:30:51.000Z,2012-07-26
CDNS,Information Technology,total_assets_yoy_growth,53,159,0.3333,2026-05-01T20:30:51.000Z,2012-07-26
CDNS,Information Technology,operating_cash_flow_yoy_growth,33,159,0.2075,2026-05-01T20:30:51.000Z,2012-07-26
CDNS,Information Technology,free_cash_flow_yoy_growth,0,159,0.0,2026-05-01T20:30:51.000Z,2012-07-26
CDNS,Information Technology,cash_conversion,27,159,0.1698,2026-05-01T20:30:51.000Z,2012-07-26
CDNS,Information Technology,fcf_to_net_income,0,159,0.0,2026-05-01T20:30:51.000Z,2012-07-26
CDNS,Information Technology,capex_intensity,3,159,0.0189,2026-05-01T20:30:51.000Z,2012-07-26
CDNS,Information Technology,accrual_proxy,26,159,0.1635,2026-05-01T20:30:51.000Z,2012-07-26
CDNS,Information Technology,log_total_assets,60,159,0.3774,2026-05-01T20:30:51.000Z,2012-07-26
CDNS,Information Technology,log_revenue_abs,29,159,0.1824,2026-05-01T20:30:51.000Z,2012-07-26
CDNS,Information Technology,log_total_liabilities_abs,0,159,0.0,2026-05-01T20:30:51.000Z,2012-07-26
CDNS,Information Technology,filing_lag_days,159,159,1.0,2026-05-01T20:30:51.000Z,2012-07-26
CI,Health Care,operating_margin,30,75,0.4,2026-04-30T15:47:07.000Z,2019-02-28T21:54:00.000Z
CI,Health Care,net_margin,2,75,0.0267,2026-04-30T15:47:07.000Z,2019-02-28T21:54:00.000Z
CI,Health Care,fcf_margin,0,75,0.0,2026-04-30T15:47:07.000Z,2019-02-28T21:54:00.000Z
CI,Health Care,operating_cash_flow_margin,25,75,0.3333,2026-04-30T15:47:07.000Z,2019-02-28T21:54:00.000Z
CI,Health Care,debt_proxy_total_liabilities_to_assets,53,75,0.7067,2026-04-30T15:47:07.000Z,2019-02-28T21:54:00.000Z
CI,Health Care,equity_to_assets,53,75,0.7067,2026-04-30T15:47:07.000Z,2019-02-28T21:54:00.000Z
CI,Health Care,asset_turnover_proxy,25,75,0.3333,2026-04-30T15:47:07.000Z,2019-02-28T21:54:00.000Z
CI,Health Care,liability_to_equity,53,75,0.7067,2026-04-30T15:47:07.000Z,2019-02-28T21:54:00.000Z
CI,Health Care,revenue_yoy_growth,21,75,0.28,2026-04-30T15:47:07.000Z,2019-02-28T21:54:00.000Z
CI,Health Care,net_income_yoy_growth,0,75,0.0,2026-04-30T15:47:07.000Z,2019-02-28T21:54:00.000Z
CI,Health Care,operating_income_yoy_growth,21,75,0.28,2026-04-30T15:47:07.000Z,2019-02-28T21:54:00.000Z
CI,Health Care,eps_diluted_yoy_growth,21,75,0.28,2026-04-30T15:47:07.000Z,2019-02-28T21:54:00.000Z
CI,Health Care,total_assets_yoy_growth,45,75,0.6,2026-04-30T15:47:07.000Z,2019-02-28T21:54:00.000Z
CI,Health Care,operating_cash_flow_yoy_growth,26,75,0.3467,2026-04-30T15:47:07.000Z,2019-02-28T21:54:00.000Z
CI,Health Care,free_cash_flow_yoy_growth,0,75,0.0,2026-04-30T15:47:07.000Z,2019-02-28T21:54:00.000Z
CI,Health Care,cash_conversion,2,75,0.0267,2026-04-30T15:47:07.000Z,2019-02-28T21:54:00.000Z
CI,Health Care,fcf_to_net_income,0,75,0.0,2026-04-30T15:47:07.000Z,2019-02-28T21:54:00.000Z
CI,Health Care,capex_intensity,0,75,0.0,2026-04-30T15:47:07.000Z,2019-02-28T21:54:00.000Z
CI,Health Care,accrual_proxy,2,75,0.0267,2026-04-30T15:47:07.000Z,2019-02-28T21:54:00.000Z
CI,Health Care,log_total_assets,53,75,0.7067,2026-04-30T15:47:07.000Z,2019-02-28T21:54:00.000Z
CI,Health Care,log_revenue_abs,30,75,0.4,2026-04-30T15:47:07.000Z,2019-02-28T21:54:00.000Z
CI,Health Care,log_total_liabilities_abs,53,75,0.7067,2026-04-30T15:47:07.000Z,2019-02-28T21:54:00.000Z
CI,Health Care,filing_lag_days,75,75,1.0,2026-04-30T15:47:07.000Z,2019-02-28T21:54:00.000Z
CL,Consumer Staples,operating_margin,0,114,0.0,2026-05-01T12:16:09.000Z,2013-07-25
CL,Consumer Staples,net_margin,0,114,0.0,2026-05-01T12:16:09.000Z,2013-07-25
CL,Consumer Staples,fcf_margin,0,114,0.0,2026-05-01T12:16:09.000Z,2013-07-25
CL,Consumer Staples,operating_cash_flow_margin,5,114,0.0439,2026-05-01T12:16:09.000Z,2013-07-25
CL,Consumer Staples,debt_proxy_total_liabilities_to_assets,60,114,0.5263,2026-05-01T12:16:09.000Z,2013-07-25
CL,Consumer Staples,equity_to_assets,60,114,0.5263,2026-05-01T12:16:09.000Z,2013-07-25
CL,Consumer Staples,asset_turnover_proxy,3,114,0.0263,2026-05-01T12:16:09.000Z,2013-07-25
CL,Consumer Staples,liability_to_equity,60,114,0.5263,2026-05-01T12:16:09.000Z,2013-07-25
CL,Consumer Staples,revenue_yoy_growth,19,114,0.1667,2026-05-01T12:16:09.000Z,2013-07-25
CL,Consumer Staples,net_income_yoy_growth,19,114,0.1667,2026-05-01T12:16:09.000Z,2013-07-25
CL,Consumer Staples,operating_income_yoy_growth,21,114,0.1842,2026-05-01T12:16:09.000Z,2013-07-25
CL,Consumer Staples,eps_diluted_yoy_growth,19,114,0.1667,2026-05-01T12:16:09.000Z,2013-07-25
CL,Consumer Staples,total_assets_yoy_growth,52,114,0.4561,2026-05-01T12:16:09.000Z,2013-07-25
CL,Consumer Staples,operating_cash_flow_yoy_growth,30,114,0.2632,2026-05-01T12:16:09.000Z,2013-07-25
CL,Consumer Staples,free_cash_flow_yoy_growth,0,114,0.0,2026-05-01T12:16:09.000Z,2013-07-25
CL,Consumer Staples,cash_conversion,23,114,0.2018,2026-05-01T12:16:09.000Z,2013-07-25
CL,Consumer Staples,fcf_to_net_income,0,114,0.0,2026-05-01T12:16:09.000Z,2013-07-25
CL,Consumer Staples,capex_intensity,10,114,0.0877,2026-05-01T12:16:09.000Z,2013-07-25
CL,Consumer Staples,accrual_proxy,23,114,0.2018,2026-05-01T12:16:09.000Z,2013-07-25
CL,Consumer Staples,log_total_assets,60,114,0.5263,2026-05-01T12:16:09.000Z,2013-07-25
CL,Consumer Staples,log_revenue_abs,28,114,0.2456,2026-05-01T12:16:09.000Z,2013-07-25
CL,Consumer Staples,log_total_liabilities_abs,60,114,0.5263,2026-05-01T12:16:09.000Z,2013-07-25
CL,Consumer Staples,filing_lag_days,114,114,1.0,2026-05-01T12:16:09.000Z,2013-07-25
CME,Financials,operating_margin,33,137,0.2409,2026-04-24T18:38:14.000Z,2017-08-02
CME,Financials,net_margin,16,137,0.1168,2026-04-24T18:38:14.000Z,2017-08-02
CME,Financials,fcf_margin,0,137,0.0,2026-04-24T18:38:14.000Z,2017-08-02
CME,Financials,operating_cash_flow_margin,23,137,0.1679,2026-04-24T18:38:14.000Z,2017-08-02
CME,Financials,debt_proxy_total_liabilities_to_assets,60,137,0.438,2026-04-24T18:38:14.000Z,2017-08-02
CME,Financials,equity_to_assets,47,137,0.3431,2026-04-24T18:38:14.000Z,2017-08-02
CME,Financials,asset_turnover_proxy,23,137,0.1679,2026-04-24T18:38:14.000Z,2017-08-02
CME,Financials,liability_to_equity,47,137,0.3431,2026-04-24T18:38:14.000Z,2017-08-02
CME,Financials,revenue_yoy_growth,19,137,0.1387,2026-04-24T18:38:14.000Z,2017-08-02
CME,Financials,net_income_yoy_growth,26,137,0.1898,2026-04-24T18:38:14.000Z,2017-08-02
CME,Financials,operating_income_yoy_growth,19,137,0.1387,2026-04-24T18:38:14.000Z,2017-08-02
CME,Financials,eps_diluted_yoy_growth,19,137,0.1387,2026-04-24T18:38:14.000Z,2017-08-02
CME,Financials,total_assets_yoy_growth,54,137,0.3942,2026-04-24T18:38:14.000Z,2017-08-02
CME,Financials,operating_cash_flow_yoy_growth,32,137,0.2336,2026-04-24T18:38:14.000Z,2017-08-02
CME,Financials,free_cash_flow_yoy_growth,0,137,0.0,2026-04-24T18:38:14.000Z,2017-08-02
CME,Financials,cash_conversion,20,137,0.146,2026-04-24T18:38:14.000Z,2017-08-02
CME,Financials,fcf_to_net_income,0,137,0.0,2026-04-24T18:38:14.000Z,2017-08-02
CME,Financials,capex_intensity,23,137,0.1679,2026-04-24T18:38:14.000Z,2017-08-02
CME,Financials,accrual_proxy,20,137,0.146,2026-04-24T18:38:14.000Z,2017-08-02
CME,Financials,log_total_assets,60,137,0.438,2026-04-24T18:38:14.000Z,2017-08-02
CME,Financials,log_revenue_abs,33,137,0.2409,2026-04-24T18:38:14.000Z,2017-08-02
CME,Financials,log_total_liabilities_abs,60,137,0.438,2026-04-24T18:38:14.000Z,2017-08-02
CME,Financials,filing_lag_days,137,137,1.0,2026-04-24T18:38:14.000Z,2017-08-02
CMG,Consumer Discretionary,operating_margin,33,150,0.22,2026-04-29T22:02:31.000Z,2013-10-17T22:16:19.000Z
CMG,Consumer Discretionary,net_margin,18,150,0.12,2026-04-29T22:02:31.000Z,2013-10-17T22:16:19.000Z
CMG,Consumer Discretionary,fcf_margin,0,150,0.0,2026-04-29T22:02:31.000Z,2013-10-17T22:16:19.000Z
CMG,Consumer Discretionary,operating_cash_flow_margin,23,150,0.1533,2026-04-29T22:02:31.000Z,2013-10-17T22:16:19.000Z
CMG,Consumer Discretionary,debt_proxy_total_liabilities_to_assets,60,150,0.4,2026-04-29T22:02:31.000Z,2013-10-17T22:16:19.000Z
CMG,Consumer Discretionary,equity_to_assets,26,150,0.1733,2026-04-29T22:02:31.000Z,2013-10-17T22:16:19.000Z
CMG,Consumer Discretionary,asset_turnover_proxy,23,150,0.1533,2026-04-29T22:02:31.000Z,2013-10-17T22:16:19.000Z
CMG,Consumer Discretionary,liability_to_equity,26,150,0.1733,2026-04-29T22:02:31.000Z,2013-10-17T22:16:19.000Z
CMG,Consumer Discretionary,revenue_yoy_growth,19,150,0.1267,2026-04-29T22:02:31.000Z,2013-10-17T22:16:19.000Z
CMG,Consumer Discretionary,net_income_yoy_growth,23,150,0.1533,2026-04-29T22:02:31.000Z,2013-10-17T22:16:19.000Z
CMG,Consumer Discretionary,operating_income_yoy_growth,19,150,0.1267,2026-04-29T22:02:31.000Z,2013-10-17T22:16:19.000Z
CMG,Consumer Discretionary,eps_diluted_yoy_growth,19,150,0.1267,2026-04-29T22:02:31.000Z,2013-10-17T22:16:19.000Z
CMG,Consumer Discretionary,total_assets_yoy_growth,54,150,0.36,2026-04-29T22:02:31.000Z,2013-10-17T22:16:19.000Z
CMG,Consumer Discretionary,operating_cash_flow_yoy_growth,29,150,0.1933,2026-04-29T22:02:31.000Z,2013-10-17T22:16:19.000Z
CMG,Consumer Discretionary,free_cash_flow_yoy_growth,0,150,0.0,2026-04-29T22:02:31.000Z,2013-10-17T22:16:19.000Z
CMG,Consumer Discretionary,cash_conversion,18,150,0.12,2026-04-29T22:02:31.000Z,2013-10-17T22:16:19.000Z
CMG,Consumer Discretionary,fcf_to_net_income,0,150,0.0,2026-04-29T22:02:31.000Z,2013-10-17T22:16:19.000Z
CMG,Consumer Discretionary,capex_intensity,23,150,0.1533,2026-04-29T22:02:31.000Z,2013-10-17T22:16:19.000Z
CMG,Consumer Discretionary,accrual_proxy,18,150,0.12,2026-04-29T22:02:31.000Z,2013-10-17T22:16:19.000Z
CMG,Consumer Discretionary,log_total_assets,60,150,0.4,2026-04-29T22:02:31.000Z,2013-10-17T22:16:19.000Z
CMG,Consumer Discretionary,log_revenue_abs,33,150,0.22,2026-04-29T22:02:31.000Z,2013-10-17T22:16:19.000Z
CMG,Consumer Discretionary,log_total_liabilities_abs,60,150,0.4,2026-04-29T22:02:31.000Z,2013-10-17T22:16:19.000Z
CMG,Consumer Discretionary,filing_lag_days,150,150,1.0,2026-04-29T22:02:31.000Z,2013-10-17T22:16:19.000Z
COP,Energy,operating_margin,0,93,0.0,2026-04-30T11:41:30.000Z,2017-10-31
COP,Energy,net_margin,30,93,0.3226,2026-04-30T11:41:30.000Z,2017-10-31
COP,Energy,fcf_margin,0,93,0.0,2026-04-30T11:41:30.000Z,2017-10-31
COP,Energy,operating_cash_flow_margin,25,93,0.2688,2026-04-30T11:41:30.000Z,2017-10-31
COP,Energy,debt_proxy_total_liabilities_to_assets,58,93,0.6237,2026-04-30T11:41:30.000Z,2017-10-31
COP,Energy,equity_to_assets,29,93,0.3118,2026-04-30T11:41:30.000Z,2017-10-31
COP,Energy,asset_turnover_proxy,25,93,0.2688,2026-04-30T11:41:30.000Z,2017-10-31
COP,Energy,liability_to_equity,29,93,0.3118,2026-04-30T11:41:30.000Z,2017-10-31
COP,Energy,revenue_yoy_growth,21,93,0.2258,2026-04-30T11:41:30.000Z,2017-10-31
COP,Energy,net_income_yoy_growth,21,93,0.2258,2026-04-30T11:41:30.000Z,2017-10-31
COP,Energy,operating_income_yoy_growth,0,93,0.0,2026-04-30T11:41:30.000Z,2017-10-31
COP,Energy,eps_diluted_yoy_growth,21,93,0.2258,2026-04-30T11:41:30.000Z,2017-10-31
COP,Energy,total_assets_yoy_growth,51,93,0.5484,2026-04-30T11:41:30.000Z,2017-10-31
COP,Energy,operating_cash_flow_yoy_growth,31,93,0.3333,2026-04-30T11:41:30.000Z,2017-10-31
COP,Energy,free_cash_flow_yoy_growth,0,93,0.0,2026-04-30T11:41:30.000Z,2017-10-31
COP,Energy,cash_conversion,25,93,0.2688,2026-04-30T11:41:30.000Z,2017-10-31
COP,Energy,fcf_to_net_income,0,93,0.0,2026-04-30T11:41:30.000Z,2017-10-31
COP,Energy,capex_intensity,0,93,0.0,2026-04-30T11:41:30.000Z,2017-10-31
COP,Energy,accrual_proxy,25,93,0.2688,2026-04-30T11:41:30.000Z,2017-10-31
COP,Energy,log_total_assets,60,93,0.6452,2026-04-30T11:41:30.000Z,2017-10-31
COP,Energy,log_revenue_abs,30,93,0.3226,2026-04-30T11:41:30.000Z,2017-10-31
COP,Energy,log_total_liabilities_abs,60,93,0.6452,2026-04-30T11:41:30.000Z,2017-10-31
COP,Energy,filing_lag_days,93,93,1.0,2026-04-30T11:41:30.000Z,2017-10-31
COST,Consumer Staples,operating_margin,36,132,0.2727,2026-06-03T16:43:00.000Z,2013-10-16
COST,Consumer Staples,net_margin,23,132,0.1742,2026-06-03T16:43:00.000Z,2013-10-16
COST,Consumer Staples,fcf_margin,0,132,0.0,2026-06-03T16:43:00.000Z,2013-10-16
COST,Consumer Staples,operating_cash_flow_margin,21,132,0.1591,2026-06-03T16:43:00.000Z,2013-10-16
COST,Consumer Staples,debt_proxy_total_liabilities_to_assets,59,132,0.447,2026-06-03T16:43:00.000Z,2013-10-16
COST,Consumer Staples,equity_to_assets,54,132,0.4091,2026-06-03T16:43:00.000Z,2013-10-16
COST,Consumer Staples,asset_turnover_proxy,34,132,0.2576,2026-06-03T16:43:00.000Z,2013-10-16
COST,Consumer Staples,liability_to_equity,54,132,0.4091,2026-06-03T16:43:00.000Z,2013-10-16
COST,Consumer Staples,revenue_yoy_growth,28,132,0.2121,2026-06-03T16:43:00.000Z,2013-10-16
COST,Consumer Staples,net_income_yoy_growth,21,132,0.1591,2026-06-03T16:43:00.000Z,2013-10-16
COST,Consumer Staples,operating_income_yoy_growth,27,132,0.2045,2026-06-03T16:43:00.000Z,2013-10-16
COST,Consumer Staples,eps_diluted_yoy_growth,21,132,0.1591,2026-06-03T16:43:00.000Z,2013-10-16
COST,Consumer Staples,total_assets_yoy_growth,49,132,0.3712,2026-06-03T16:43:00.000Z,2013-10-16
COST,Consumer Staples,operating_cash_flow_yoy_growth,27,132,0.2045,2026-06-03T16:43:00.000Z,2013-10-16
COST,Consumer Staples,free_cash_flow_yoy_growth,0,132,0.0,2026-06-03T16:43:00.000Z,2013-10-16
COST,Consumer Staples,cash_conversion,24,132,0.1818,2026-06-03T16:43:00.000Z,2013-10-16
COST,Consumer Staples,fcf_to_net_income,0,132,0.0,2026-06-03T16:43:00.000Z,2013-10-16
COST,Consumer Staples,capex_intensity,21,132,0.1591,2026-06-03T16:43:00.000Z,2013-10-16
COST,Consumer Staples,accrual_proxy,24,132,0.1818,2026-06-03T16:43:00.000Z,2013-10-16
COST,Consumer Staples,log_total_assets,60,132,0.4545,2026-06-03T16:43:00.000Z,2013-10-16
COST,Consumer Staples,log_revenue_abs,38,132,0.2879,2026-06-03T16:43:00.000Z,2013-10-16
COST,Consumer Staples,log_total_liabilities_abs,60,132,0.4545,2026-06-03T16:43:00.000Z,2013-10-16
COST,Consumer Staples,filing_lag_days,132,132,1.0,2026-06-03T16:43:00.000Z,2013-10-16
CRM,Information Technology,operating_margin,0,156,0.0,2026-05-27T22:15:51.000Z,2012-08-31
CRM,Information Technology,net_margin,0,156,0.0,2026-05-27T22:15:51.000Z,2012-08-31
CRM,Information Technology,fcf_margin,0,156,0.0,2026-05-27T22:15:51.000Z,2012-08-31
CRM,Information Technology,operating_cash_flow_margin,0,156,0.0,2026-05-27T22:15:51.000Z,2012-08-31
CRM,Information Technology,debt_proxy_total_liabilities_to_assets,60,156,0.3846,2026-05-27T22:15:51.000Z,2012-08-31
CRM,Information Technology,equity_to_assets,26,156,0.1667,2026-05-27T22:15:51.000Z,2012-08-31
CRM,Information Technology,asset_turnover_proxy,0,156,0.0,2026-05-27T22:15:51.000Z,2012-08-31
CRM,Information Technology,liability_to_equity,26,156,0.1667,2026-05-27T22:15:51.000Z,2012-08-31
CRM,Information Technology,revenue_yoy_growth,15,156,0.0962,2026-05-27T22:15:51.000Z,2012-08-31
CRM,Information Technology,net_income_yoy_growth,23,156,0.1474,2026-05-27T22:15:51.000Z,2012-08-31
CRM,Information Technology,operating_income_yoy_growth,19,156,0.1218,2026-05-27T22:15:51.000Z,2012-08-31
CRM,Information Technology,eps_diluted_yoy_growth,19,156,0.1218,2026-05-27T22:15:51.000Z,2012-08-31
CRM,Information Technology,total_assets_yoy_growth,53,156,0.3397,2026-05-27T22:15:51.000Z,2012-08-31
CRM,Information Technology,operating_cash_flow_yoy_growth,19,156,0.1218,2026-05-27T22:15:51.000Z,2012-08-31
CRM,Information Technology,free_cash_flow_yoy_growth,0,156,0.0,2026-05-27T22:15:51.000Z,2012-08-31
CRM,Information Technology,cash_conversion,18,156,0.1154,2026-05-27T22:15:51.000Z,2012-08-31
CRM,Information Technology,fcf_to_net_income,0,156,0.0,2026-05-27T22:15:51.000Z,2012-08-31
CRM,Information Technology,capex_intensity,0,156,0.0,2026-05-27T22:15:51.000Z,2012-08-31
CRM,Information Technology,accrual_proxy,18,156,0.1154,2026-05-27T22:15:51.000Z,2012-08-31
CRM,Information Technology,log_total_assets,60,156,0.3846,2026-05-27T22:15:51.000Z,2012-08-31
CRM,Information Technology,log_revenue_abs,36,156,0.2308,2026-05-27T22:15:51.000Z,2012-08-31
CRM,Information Technology,log_total_liabilities_abs,60,156,0.3846,2026-05-27T22:15:51.000Z,2012-08-31
CRM,Information Technology,filing_lag_days,156,156,1.0,2026-05-27T22:15:51.000Z,2012-08-31
CSCO,Information Technology,operating_margin,0,170,0.0,2026-05-19T20:36:11.000Z,2012-02-21
CSCO,Information Technology,net_margin,0,170,0.0,2026-05-19T20:36:11.000Z,2012-02-21
CSCO,Information Technology,fcf_margin,0,170,0.0,2026-05-19T20:36:11.000Z,2012-02-21
CSCO,Information Technology,operating_cash_flow_margin,2,170,0.0118,2026-05-19T20:36:11.000Z,2012-02-21
CSCO,Information Technology,debt_proxy_total_liabilities_to_assets,56,170,0.3294,2026-05-19T20:36:11.000Z,2012-02-21
CSCO,Information Technology,equity_to_assets,28,170,0.1647,2026-05-19T20:36:11.000Z,2012-02-21
CSCO,Information Technology,asset_turnover_proxy,1,170,0.0059,2026-05-19T20:36:11.000Z,2012-02-21
CSCO,Information Technology,liability_to_equity,28,170,0.1647,2026-05-19T20:36:11.000Z,2012-02-21
CSCO,Information Technology,revenue_yoy_growth,16,170,0.0941,2026-05-19T20:36:11.000Z,2012-02-21
CSCO,Information Technology,net_income_yoy_growth,21,170,0.1235,2026-05-19T20:36:11.000Z,2012-02-21
CSCO,Information Technology,operating_income_yoy_growth,21,170,0.1235,2026-05-19T20:36:11.000Z,2012-02-21
CSCO,Information Technology,eps_diluted_yoy_growth,21,170,0.1235,2026-05-19T20:36:11.000Z,2012-02-21
CSCO,Information Technology,total_assets_yoy_growth,50,170,0.2941,2026-05-19T20:36:11.000Z,2012-02-21
CSCO,Information Technology,operating_cash_flow_yoy_growth,32,170,0.1882,2026-05-19T20:36:11.000Z,2012-02-21
CSCO,Information Technology,free_cash_flow_yoy_growth,0,170,0.0,2026-05-19T20:36:11.000Z,2012-02-21
CSCO,Information Technology,cash_conversion,24,170,0.1412,2026-05-19T20:36:11.000Z,2012-02-21
CSCO,Information Technology,fcf_to_net_income,0,170,0.0,2026-05-19T20:36:11.000Z,2012-02-21
CSCO,Information Technology,capex_intensity,1,170,0.0059,2026-05-19T20:36:11.000Z,2012-02-21
CSCO,Information Technology,accrual_proxy,24,170,0.1412,2026-05-19T20:36:11.000Z,2012-02-21
CSCO,Information Technology,log_total_assets,60,170,0.3529,2026-05-19T20:36:11.000Z,2012-02-21
CSCO,Information Technology,log_revenue_abs,33,170,0.1941,2026-05-19T20:36:11.000Z,2012-02-21
CSCO,Information Technology,log_total_liabilities_abs,60,170,0.3529,2026-05-19T20:36:11.000Z,2012-02-21
CSCO,Information Technology,filing_lag_days,170,170,1.0,2026-05-19T20:36:11.000Z,2012-02-21
CVS,Health Care,operating_margin,30,113,0.2655,2026-05-06T10:33:38.000Z,2017-08-08
CVS,Health Care,net_margin,30,113,0.2655,2026-05-06T10:33:38.000Z,2017-08-08
CVS,Health Care,fcf_margin,0,113,0.0,2026-05-06T10:33:38.000Z,2017-08-08
CVS,Health Care,operating_cash_flow_margin,25,113,0.2212,2026-05-06T10:33:38.000Z,2017-08-08
CVS,Health Care,debt_proxy_total_liabilities_to_assets,59,113,0.5221,2026-05-06T10:33:38.000Z,2017-08-08
CVS,Health Care,equity_to_assets,59,113,0.5221,2026-05-06T10:33:38.000Z,2017-08-08
CVS,Health Care,asset_turnover_proxy,25,113,0.2212,2026-05-06T10:33:38.000Z,2017-08-08
CVS,Health Care,liability_to_equity,60,113,0.531,2026-05-06T10:33:38.000Z,2017-08-08
CVS,Health Care,revenue_yoy_growth,21,113,0.1858,2026-05-06T10:33:38.000Z,2017-08-08
CVS,Health Care,net_income_yoy_growth,21,113,0.1858,2026-05-06T10:33:38.000Z,2017-08-08
CVS,Health Care,operating_income_yoy_growth,21,113,0.1858,2026-05-06T10:33:38.000Z,2017-08-08
CVS,Health Care,eps_diluted_yoy_growth,21,113,0.1858,2026-05-06T10:33:38.000Z,2017-08-08
CVS,Health Care,total_assets_yoy_growth,55,113,0.4867,2026-05-06T10:33:38.000Z,2017-08-08
CVS,Health Care,operating_cash_flow_yoy_growth,32,113,0.2832,2026-05-06T10:33:38.000Z,2017-08-08
CVS,Health Care,free_cash_flow_yoy_growth,0,113,0.0,2026-05-06T10:33:38.000Z,2017-08-08
CVS,Health Care,cash_conversion,25,113,0.2212,2026-05-06T10:33:38.000Z,2017-08-08
CVS,Health Care,fcf_to_net_income,0,113,0.0,2026-05-06T10:33:38.000Z,2017-08-08
CVS,Health Care,capex_intensity,25,113,0.2212,2026-05-06T10:33:38.000Z,2017-08-08
CVS,Health Care,accrual_proxy,25,113,0.2212,2026-05-06T10:33:38.000Z,2017-08-08
CVS,Health Care,log_total_assets,60,113,0.531,2026-05-06T10:33:38.000Z,2017-08-08
CVS,Health Care,log_revenue_abs,30,113,0.2655,2026-05-06T10:33:38.000Z,2017-08-08
CVS,Health Care,log_total_liabilities_abs,60,113,0.531,2026-05-06T10:33:38.000Z,2017-08-08
CVS,Health Care,filing_lag_days,113,113,1.0,2026-05-06T10:33:38.000Z,2017-08-08
CVX,Energy,operating_margin,0,72,0.0,2026-05-07T15:39:23.000Z,2017-11-02
CVX,Energy,net_margin,31,72,0.4306,2026-05-07T15:39:23.000Z,2017-11-02
CVX,Energy,fcf_margin,0,72,0.0,2026-05-07T15:39:23.000Z,2017-11-02
CVX,Energy,operating_cash_flow_margin,26,72,0.3611,2026-05-07T15:39:23.000Z,2017-11-02
CVX,Energy,debt_proxy_total_liabilities_to_assets,60,72,0.8333,2026-05-07T15:39:23.000Z,2017-11-02
CVX,Energy,equity_to_assets,60,72,0.8333,2026-05-07T15:39:23.000Z,2017-11-02
CVX,Energy,asset_turnover_proxy,25,72,0.3472,2026-05-07T15:39:23.000Z,2017-11-02
CVX,Energy,liability_to_equity,60,72,0.8333,2026-05-07T15:39:23.000Z,2017-11-02
CVX,Energy,revenue_yoy_growth,22,72,0.3056,2026-05-07T15:39:23.000Z,2017-11-02
CVX,Energy,net_income_yoy_growth,22,72,0.3056,2026-05-07T15:39:23.000Z,2017-11-02
CVX,Energy,operating_income_yoy_growth,0,72,0.0,2026-05-07T15:39:23.000Z,2017-11-02
CVX,Energy,eps_diluted_yoy_growth,22,72,0.3056,2026-05-07T15:39:23.000Z,2017-11-02
CVX,Energy,total_assets_yoy_growth,53,72,0.7361,2026-05-07T15:39:23.000Z,2017-11-02
CVX,Energy,operating_cash_flow_yoy_growth,33,72,0.4583,2026-05-07T15:39:23.000Z,2017-11-02
CVX,Energy,free_cash_flow_yoy_growth,0,72,0.0,2026-05-07T15:39:23.000Z,2017-11-02
CVX,Energy,cash_conversion,26,72,0.3611,2026-05-07T15:39:23.000Z,2017-11-02
CVX,Energy,fcf_to_net_income,0,72,0.0,2026-05-07T15:39:23.000Z,2017-11-02
CVX,Energy,capex_intensity,0,72,0.0,2026-05-07T15:39:23.000Z,2017-11-02
CVX,Energy,accrual_proxy,25,72,0.3472,2026-05-07T15:39:23.000Z,2017-11-02
CVX,Energy,log_total_assets,60,72,0.8333,2026-05-07T15:39:23.000Z,2017-11-02
CVX,Energy,log_revenue_abs,31,72,0.4306,2026-05-07T15:39:23.000Z,2017-11-02
CVX,Energy,log_total_liabilities_abs,60,72,0.8333,2026-05-07T15:39:23.000Z,2017-11-02
CVX,Energy,filing_lag_days,72,72,1.0,2026-05-07T15:39:23.000Z,2017-11-02
DE,Industrials,operating_margin,14,120,0.1167,2026-05-28T14:21:51.000Z,2017-08-31T19:04:10.000Z
DE,Industrials,net_margin,32,120,0.2667,2026-05-28T14:21:51.000Z,2017-08-31T19:04:10.000Z
DE,Industrials,fcf_margin,0,120,0.0,2026-05-28T14:21:51.000Z,2017-08-31T19:04:10.000Z
DE,Industrials,operating_cash_flow_margin,23,120,0.1917,2026-05-28T14:21:51.000Z,2017-08-31T19:04:10.000Z
DE,Industrials,debt_proxy_total_liabilities_to_assets,49,120,0.4083,2026-05-28T14:21:51.000Z,2017-08-31T19:04:10.000Z
DE,Industrials,equity_to_assets,49,120,0.4083,2026-05-28T14:21:51.000Z,2017-08-31T19:04:10.000Z
DE,Industrials,asset_turnover_proxy,23,120,0.1917,2026-05-28T14:21:51.000Z,2017-08-31T19:04:10.000Z
DE,Industrials,liability_to_equity,55,120,0.4583,2026-05-28T14:21:51.000Z,2017-08-31T19:04:10.000Z
DE,Industrials,revenue_yoy_growth,19,120,0.1583,2026-05-28T14:21:51.000Z,2017-08-31T19:04:10.000Z
DE,Industrials,net_income_yoy_growth,19,120,0.1583,2026-05-28T14:21:51.000Z,2017-08-31T19:04:10.000Z
DE,Industrials,operating_income_yoy_growth,21,120,0.175,2026-05-28T14:21:51.000Z,2017-08-31T19:04:10.000Z
DE,Industrials,eps_diluted_yoy_growth,19,120,0.1583,2026-05-28T14:21:51.000Z,2017-08-31T19:04:10.000Z
DE,Industrials,total_assets_yoy_growth,40,120,0.3333,2026-05-28T14:21:51.000Z,2017-08-31T19:04:10.000Z
DE,Industrials,operating_cash_flow_yoy_growth,32,120,0.2667,2026-05-28T14:21:51.000Z,2017-08-31T19:04:10.000Z
DE,Industrials,free_cash_flow_yoy_growth,0,120,0.0,2026-05-28T14:21:51.000Z,2017-08-31T19:04:10.000Z
DE,Industrials,cash_conversion,23,120,0.1917,2026-05-28T14:21:51.000Z,2017-08-31T19:04:10.000Z
DE,Industrials,fcf_to_net_income,0,120,0.0,2026-05-28T14:21:51.000Z,2017-08-31T19:04:10.000Z
DE,Industrials,capex_intensity,23,120,0.1917,2026-05-28T14:21:51.000Z,2017-08-31T19:04:10.000Z
DE,Industrials,accrual_proxy,23,120,0.1917,2026-05-28T14:21:51.000Z,2017-08-31T19:04:10.000Z
DE,Industrials,log_total_assets,51,120,0.425,2026-05-28T14:21:51.000Z,2017-08-31T19:04:10.000Z
DE,Industrials,log_revenue_abs,32,120,0.2667,2026-05-28T14:21:51.000Z,2017-08-31T19:04:10.000Z
DE,Industrials,log_total_liabilities_abs,55,120,0.4583,2026-05-28T14:21:51.000Z,2017-08-31T19:04:10.000Z
DE,Industrials,filing_lag_days,120,120,1.0,2026-05-28T14:21:51.000Z,2017-08-31T19:04:10.000Z
DIS,Communication Services,operating_margin,38,91,0.4176,2026-05-06T10:41:43.000Z,2019-05-08
DIS,Communication Services,net_margin,36,91,0.3956,2026-05-06T10:41:43.000Z,2019-05-08
DIS,Communication Services,fcf_margin,0,91,0.0,2026-05-06T10:41:43.000Z,2019-05-08
DIS,Communication Services,operating_cash_flow_margin,9,91,0.0989,2026-05-06T10:41:43.000Z,2019-05-08
DIS,Communication Services,debt_proxy_total_liabilities_to_assets,0,91,0.0,2026-05-06T10:41:43.000Z,2019-05-08
DIS,Communication Services,equity_to_assets,50,91,0.5495,2026-05-06T10:41:43.000Z,2019-05-08
DIS,Communication Services,asset_turnover_proxy,23,91,0.2527,2026-05-06T10:41:43.000Z,2019-05-08
DIS,Communication Services,liability_to_equity,0,91,0.0,2026-05-06T10:41:43.000Z,2019-05-08
DIS,Communication Services,revenue_yoy_growth,13,91,0.1429,2026-05-06T10:41:43.000Z,2019-05-08
DIS,Communication Services,net_income_yoy_growth,16,91,0.1758,2026-05-06T10:41:43.000Z,2019-05-08
DIS,Communication Services,operating_income_yoy_growth,13,91,0.1429,2026-05-06T10:41:43.000Z,2019-05-08
DIS,Communication Services,eps_diluted_yoy_growth,13,91,0.1429,2026-05-06T10:41:43.000Z,2019-05-08
DIS,Communication Services,total_assets_yoy_growth,32,91,0.3516,2026-05-06T10:41:43.000Z,2019-05-08
DIS,Communication Services,operating_cash_flow_yoy_growth,5,91,0.0549,2026-05-06T10:41:43.000Z,2019-05-08
DIS,Communication Services,free_cash_flow_yoy_growth,0,91,0.0,2026-05-06T10:41:43.000Z,2019-05-08
DIS,Communication Services,cash_conversion,9,91,0.0989,2026-05-06T10:41:43.000Z,2019-05-08
DIS,Communication Services,fcf_to_net_income,0,91,0.0,2026-05-06T10:41:43.000Z,2019-05-08
DIS,Communication Services,capex_intensity,29,91,0.3187,2026-05-06T10:41:43.000Z,2019-05-08
DIS,Communication Services,accrual_proxy,9,91,0.0989,2026-05-06T10:41:43.000Z,2019-05-08
DIS,Communication Services,log_total_assets,50,91,0.5495,2026-05-06T10:41:43.000Z,2019-05-08
DIS,Communication Services,log_revenue_abs,38,91,0.4176,2026-05-06T10:41:43.000Z,2019-05-08
DIS,Communication Services,log_total_liabilities_abs,0,91,0.0,2026-05-06T10:41:43.000Z,2019-05-08
DIS,Communication Services,filing_lag_days,91,91,1.0,2026-05-06T10:41:43.000Z,2019-05-08
DUK,Utilities,operating_margin,0,157,0.0,2026-05-05T15:59:24.000Z,2009-08-07
DUK,Utilities,net_margin,0,157,0.0,2026-05-05T15:59:24.000Z,2009-08-07
DUK,Utilities,fcf_margin,0,157,0.0,2026-05-05T15:59:24.000Z,2009-08-07
DUK,Utilities,operating_cash_flow_margin,0,157,0.0,2026-05-05T15:59:24.000Z,2009-08-07
DUK,Utilities,debt_proxy_total_liabilities_to_assets,0,157,0.0,2026-05-05T15:59:24.000Z,2009-08-07
DUK,Utilities,equity_to_assets,59,157,0.3758,2026-05-05T15:59:24.000Z,2009-08-07
DUK,Utilities,asset_turnover_proxy,0,157,0.0,2026-05-05T15:59:24.000Z,2009-08-07
DUK,Utilities,liability_to_equity,0,157,0.0,2026-05-05T15:59:24.000Z,2009-08-07
DUK,Utilities,revenue_yoy_growth,23,157,0.1465,2026-05-05T15:59:24.000Z,2009-08-07
DUK,Utilities,net_income_yoy_growth,21,157,0.1338,2026-05-05T15:59:24.000Z,2009-08-07
DUK,Utilities,operating_income_yoy_growth,25,157,0.1592,2026-05-05T15:59:24.000Z,2009-08-07
DUK,Utilities,eps_diluted_yoy_growth,25,157,0.1592,2026-05-05T15:59:24.000Z,2009-08-07
DUK,Utilities,total_assets_yoy_growth,52,157,0.3312,2026-05-05T15:59:24.000Z,2009-08-07
DUK,Utilities,operating_cash_flow_yoy_growth,30,157,0.1911,2026-05-05T15:59:24.000Z,2009-08-07
DUK,Utilities,free_cash_flow_yoy_growth,0,157,0.0,2026-05-05T15:59:24.000Z,2009-08-07
DUK,Utilities,cash_conversion,25,157,0.1592,2026-05-05T15:59:24.000Z,2009-08-07
DUK,Utilities,fcf_to_net_income,0,157,0.0,2026-05-05T15:59:24.000Z,2009-08-07
DUK,Utilities,capex_intensity,0,157,0.0,2026-05-05T15:59:24.000Z,2009-08-07
DUK,Utilities,accrual_proxy,25,157,0.1592,2026-05-05T15:59:24.000Z,2009-08-07
DUK,Utilities,log_total_assets,60,157,0.3822,2026-05-05T15:59:24.000Z,2009-08-07
DUK,Utilities,log_revenue_abs,34,157,0.2166,2026-05-05T15:59:24.000Z,2009-08-07
DUK,Utilities,log_total_liabilities_abs,0,157,0.0,2026-05-05T15:59:24.000Z,2009-08-07
DUK,Utilities,filing_lag_days,157,157,1.0,2026-05-05T15:59:24.000Z,2009-08-07
ELV,Health Care,operating_margin,30,131,0.229,2026-04-22T14:09:12.000Z,2018-02-21T19:02:53.000Z
ELV,Health Care,net_margin,34,131,0.2595,2026-04-22T14:09:12.000Z,2018-02-21T19:02:53.000Z
ELV,Health Care,fcf_margin,0,131,0.0,2026-04-22T14:09:12.000Z,2018-02-21T19:02:53.000Z
ELV,Health Care,operating_cash_flow_margin,27,131,0.2061,2026-04-22T14:09:12.000Z,2018-02-21T19:02:53.000Z
ELV,Health Care,debt_proxy_total_liabilities_to_assets,60,131,0.458,2026-04-22T14:09:12.000Z,2018-02-21T19:02:53.000Z
ELV,Health Care,equity_to_assets,49,131,0.374,2026-04-22T14:09:12.000Z,2018-02-21T19:02:53.000Z
ELV,Health Care,asset_turnover_proxy,24,131,0.1832,2026-04-22T14:09:12.000Z,2018-02-21T19:02:53.000Z
ELV,Health Care,liability_to_equity,49,131,0.374,2026-04-22T14:09:12.000Z,2018-02-21T19:02:53.000Z
ELV,Health Care,revenue_yoy_growth,23,131,0.1756,2026-04-22T14:09:12.000Z,2018-02-21T19:02:53.000Z
ELV,Health Care,net_income_yoy_growth,23,131,0.1756,2026-04-22T14:09:12.000Z,2018-02-21T19:02:53.000Z
ELV,Health Care,operating_income_yoy_growth,24,131,0.1832,2026-04-22T14:09:12.000Z,2018-02-21T19:02:53.000Z
ELV,Health Care,eps_diluted_yoy_growth,23,131,0.1756,2026-04-22T14:09:12.000Z,2018-02-21T19:02:53.000Z
ELV,Health Care,total_assets_yoy_growth,53,131,0.4046,2026-04-22T14:09:12.000Z,2018-02-21T19:02:53.000Z
ELV,Health Care,operating_cash_flow_yoy_growth,36,131,0.2748,2026-04-22T14:09:12.000Z,2018-02-21T19:02:53.000Z
ELV,Health Care,free_cash_flow_yoy_growth,0,131,0.0,2026-04-22T14:09:12.000Z,2018-02-21T19:02:53.000Z
ELV,Health Care,cash_conversion,27,131,0.2061,2026-04-22T14:09:12.000Z,2018-02-21T19:02:53.000Z
ELV,Health Care,fcf_to_net_income,0,131,0.0,2026-04-22T14:09:12.000Z,2018-02-21T19:02:53.000Z
ELV,Health Care,capex_intensity,27,131,0.2061,2026-04-22T14:09:12.000Z,2018-02-21T19:02:53.000Z
ELV,Health Care,accrual_proxy,24,131,0.1832,2026-04-22T14:09:12.000Z,2018-02-21T19:02:53.000Z
ELV,Health Care,log_total_assets,60,131,0.458,2026-04-22T14:09:12.000Z,2018-02-21T19:02:53.000Z
ELV,Health Care,log_revenue_abs,34,131,0.2595,2026-04-22T14:09:12.000Z,2018-02-21T19:02:53.000Z
ELV,Health Care,log_total_liabilities_abs,60,131,0.458,2026-04-22T14:09:12.000Z,2018-02-21T19:02:53.000Z
ELV,Health Care,filing_lag_days,131,131,1.0,2026-04-22T14:09:12.000Z,2018-02-21T19:02:53.000Z
EMR,Industrials,operating_margin,0,135,0.0,2026-05-05T20:08:11.000Z,2012-11-20
EMR,Industrials,net_margin,0,135,0.0,2026-05-05T20:08:11.000Z,2012-11-20
EMR,Industrials,fcf_margin,0,135,0.0,2026-05-05T20:08:11.000Z,2012-11-20
EMR,Industrials,operating_cash_flow_margin,0,135,0.0,2026-05-05T20:08:11.000Z,2012-11-20
EMR,Industrials,debt_proxy_total_liabilities_to_assets,0,135,0.0,2026-05-05T20:08:11.000Z,2012-11-20
EMR,Industrials,equity_to_assets,54,135,0.4,2026-05-05T20:08:11.000Z,2012-11-20
EMR,Industrials,asset_turnover_proxy,1,135,0.0074,2026-05-05T20:08:11.000Z,2012-11-20
EMR,Industrials,liability_to_equity,0,135,0.0,2026-05-05T20:08:11.000Z,2012-11-20
EMR,Industrials,revenue_yoy_growth,0,135,0.0,2026-05-05T20:08:11.000Z,2012-11-20
EMR,Industrials,net_income_yoy_growth,20,135,0.1481,2026-05-05T20:08:11.000Z,2012-11-20
EMR,Industrials,operating_income_yoy_growth,0,135,0.0,2026-05-05T20:08:11.000Z,2012-11-20
EMR,Industrials,eps_diluted_yoy_growth,20,135,0.1481,2026-05-05T20:08:11.000Z,2012-11-20
EMR,Industrials,total_assets_yoy_growth,53,135,0.3926,2026-05-05T20:08:11.000Z,2012-11-20
EMR,Industrials,operating_cash_flow_yoy_growth,32,135,0.237,2026-05-05T20:08:11.000Z,2012-11-20
EMR,Industrials,free_cash_flow_yoy_growth,0,135,0.0,2026-05-05T20:08:11.000Z,2012-11-20
EMR,Industrials,cash_conversion,15,135,0.1111,2026-05-05T20:08:11.000Z,2012-11-20
EMR,Industrials,fcf_to_net_income,0,135,0.0,2026-05-05T20:08:11.000Z,2012-11-20
EMR,Industrials,capex_intensity,0,135,0.0,2026-05-05T20:08:11.000Z,2012-11-20
EMR,Industrials,accrual_proxy,15,135,0.1111,2026-05-05T20:08:11.000Z,2012-11-20
EMR,Industrials,log_total_assets,60,135,0.4444,2026-05-05T20:08:11.000Z,2012-11-20
EMR,Industrials,log_revenue_abs,5,135,0.037,2026-05-05T20:08:11.000Z,2012-11-20
EMR,Industrials,log_total_liabilities_abs,0,135,0.0,2026-05-05T20:08:11.000Z,2012-11-20
EMR,Industrials,filing_lag_days,135,135,1.0,2026-05-05T20:08:11.000Z,2012-11-20
EOG,Energy,operating_margin,33,95,0.3474,2026-05-05T20:25:14.000Z,2009-08-06
EOG,Energy,net_margin,33,95,0.3474,2026-05-05T20:25:14.000Z,2009-08-06
EOG,Energy,fcf_margin,0,95,0.0,2026-05-05T20:25:14.000Z,2009-08-06
EOG,Energy,operating_cash_flow_margin,23,95,0.2421,2026-05-05T20:25:14.000Z,2009-08-06
EOG,Energy,debt_proxy_total_liabilities_to_assets,0,95,0.0,2026-05-05T20:25:14.000Z,2009-08-06
EOG,Energy,equity_to_assets,26,95,0.2737,2026-05-05T20:25:14.000Z,2009-08-06
EOG,Energy,asset_turnover_proxy,23,95,0.2421,2026-05-05T20:25:14.000Z,2009-08-06
EOG,Energy,liability_to_equity,0,95,0.0,2026-05-05T20:25:14.000Z,2009-08-06
EOG,Energy,revenue_yoy_growth,19,95,0.2,2026-05-05T20:25:14.000Z,2009-08-06
EOG,Energy,net_income_yoy_growth,19,95,0.2,2026-05-05T20:25:14.000Z,2009-08-06
EOG,Energy,operating_income_yoy_growth,19,95,0.2,2026-05-05T20:25:14.000Z,2009-08-06
EOG,Energy,eps_diluted_yoy_growth,19,95,0.2,2026-05-05T20:25:14.000Z,2009-08-06
EOG,Energy,total_assets_yoy_growth,52,95,0.5474,2026-05-05T20:25:14.000Z,2009-08-06
EOG,Energy,operating_cash_flow_yoy_growth,32,95,0.3368,2026-05-05T20:25:14.000Z,2009-08-06
EOG,Energy,free_cash_flow_yoy_growth,0,95,0.0,2026-05-05T20:25:14.000Z,2009-08-06
EOG,Energy,cash_conversion,23,95,0.2421,2026-05-05T20:25:14.000Z,2009-08-06
EOG,Energy,fcf_to_net_income,0,95,0.0,2026-05-05T20:25:14.000Z,2009-08-06
EOG,Energy,capex_intensity,0,95,0.0,2026-05-05T20:25:14.000Z,2009-08-06
EOG,Energy,accrual_proxy,23,95,0.2421,2026-05-05T20:25:14.000Z,2009-08-06
EOG,Energy,log_total_assets,60,95,0.6316,2026-05-05T20:25:14.000Z,2009-08-06
EOG,Energy,log_revenue_abs,33,95,0.3474,2026-05-05T20:25:14.000Z,2009-08-06
EOG,Energy,log_total_liabilities_abs,0,95,0.0,2026-05-05T20:25:14.000Z,2009-08-06
EOG,Energy,filing_lag_days,95,95,1.0,2026-05-05T20:25:14.000Z,2009-08-06
EQIX,Real Estate,operating_margin,1,130,0.0077,2026-04-29T20:20:02.000Z,2010-08-04
EQIX,Real Estate,net_margin,4,130,0.0308,2026-04-29T20:20:02.000Z,2010-08-04
EQIX,Real Estate,fcf_margin,0,130,0.0,2026-04-29T20:20:02.000Z,2010-08-04
EQIX,Real Estate,operating_cash_flow_margin,12,130,0.0923,2026-04-29T20:20:02.000Z,2010-08-04
EQIX,Real Estate,debt_proxy_total_liabilities_to_assets,60,130,0.4615,2026-04-29T20:20:02.000Z,2010-08-04
EQIX,Real Estate,equity_to_assets,55,130,0.4231,2026-04-29T20:20:02.000Z,2010-08-04
EQIX,Real Estate,asset_turnover_proxy,11,130,0.0846,2026-04-29T20:20:02.000Z,2010-08-04
EQIX,Real Estate,liability_to_equity,55,130,0.4231,2026-04-29T20:20:02.000Z,2010-08-04
EQIX,Real Estate,revenue_yoy_growth,25,130,0.1923,2026-04-29T20:20:02.000Z,2010-08-04
EQIX,Real Estate,net_income_yoy_growth,19,130,0.1462,2026-04-29T20:20:02.000Z,2010-08-04
EQIX,Real Estate,operating_income_yoy_growth,21,130,0.1615,2026-04-29T20:20:02.000Z,2010-08-04
EQIX,Real Estate,eps_diluted_yoy_growth,19,130,0.1462,2026-04-29T20:20:02.000Z,2010-08-04
EQIX,Real Estate,total_assets_yoy_growth,54,130,0.4154,2026-04-29T20:20:02.000Z,2010-08-04
EQIX,Real Estate,operating_cash_flow_yoy_growth,32,130,0.2462,2026-04-29T20:20:02.000Z,2010-08-04
EQIX,Real Estate,free_cash_flow_yoy_growth,0,130,0.0,2026-04-29T20:20:02.000Z,2010-08-04
EQIX,Real Estate,cash_conversion,22,130,0.1692,2026-04-29T20:20:02.000Z,2010-08-04
EQIX,Real Estate,fcf_to_net_income,0,130,0.0,2026-04-29T20:20:02.000Z,2010-08-04
EQIX,Real Estate,capex_intensity,8,130,0.0615,2026-04-29T20:20:02.000Z,2010-08-04
EQIX,Real Estate,accrual_proxy,22,130,0.1692,2026-04-29T20:20:02.000Z,2010-08-04
EQIX,Real Estate,log_total_assets,60,130,0.4615,2026-04-29T20:20:02.000Z,2010-08-04
EQIX,Real Estate,log_revenue_abs,35,130,0.2692,2026-04-29T20:20:02.000Z,2010-08-04
EQIX,Real Estate,log_total_liabilities_abs,60,130,0.4615,2026-04-29T20:20:02.000Z,2010-08-04
EQIX,Real Estate,filing_lag_days,130,130,1.0,2026-04-29T20:20:02.000Z,2010-08-04
ETN,Industrials,operating_margin,0,129,0.0,2026-05-05T16:23:07.000Z,2013-02-28
ETN,Industrials,net_margin,0,129,0.0,2026-05-05T16:23:07.000Z,2013-02-28
ETN,Industrials,fcf_margin,0,129,0.0,2026-05-05T16:23:07.000Z,2013-02-28
ETN,Industrials,operating_cash_flow_margin,0,129,0.0,2026-05-05T16:23:07.000Z,2013-02-28
ETN,Industrials,debt_proxy_total_liabilities_to_assets,0,129,0.0,2026-05-05T16:23:07.000Z,2013-02-28
ETN,Industrials,equity_to_assets,56,129,0.4341,2026-05-05T16:23:07.000Z,2013-02-28
ETN,Industrials,asset_turnover_proxy,0,129,0.0,2026-05-05T16:23:07.000Z,2013-02-28
ETN,Industrials,liability_to_equity,0,129,0.0,2026-05-05T16:23:07.000Z,2013-02-28
ETN,Industrials,revenue_yoy_growth,0,129,0.0,2026-05-05T16:23:07.000Z,2013-02-28
ETN,Industrials,net_income_yoy_growth,21,129,0.1628,2026-05-05T16:23:07.000Z,2013-02-28
ETN,Industrials,operating_income_yoy_growth,7,129,0.0543,2026-05-05T16:23:07.000Z,2013-02-28
ETN,Industrials,eps_diluted_yoy_growth,21,129,0.1628,2026-05-05T16:23:07.000Z,2013-02-28
ETN,Industrials,total_assets_yoy_growth,54,129,0.4186,2026-05-05T16:23:07.000Z,2013-02-28
ETN,Industrials,operating_cash_flow_yoy_growth,32,129,0.2481,2026-05-05T16:23:07.000Z,2013-02-28
ETN,Industrials,free_cash_flow_yoy_growth,0,129,0.0,2026-05-05T16:23:07.000Z,2013-02-28
ETN,Industrials,cash_conversion,25,129,0.1938,2026-05-05T16:23:07.000Z,2013-02-28
ETN,Industrials,fcf_to_net_income,0,129,0.0,2026-05-05T16:23:07.000Z,2013-02-28
ETN,Industrials,capex_intensity,0,129,0.0,2026-05-05T16:23:07.000Z,2013-02-28
ETN,Industrials,accrual_proxy,25,129,0.1938,2026-05-05T16:23:07.000Z,2013-02-28
ETN,Industrials,log_total_assets,60,129,0.4651,2026-05-05T16:23:07.000Z,2013-02-28
ETN,Industrials,log_revenue_abs,0,129,0.0,2026-05-05T16:23:07.000Z,2013-02-28
ETN,Industrials,log_total_liabilities_abs,0,129,0.0,2026-05-05T16:23:07.000Z,2013-02-28
ETN,Industrials,filing_lag_days,129,129,1.0,2026-05-05T16:23:07.000Z,2013-02-28
FDX,Industrials,operating_margin,0,103,0.0,2026-03-19T20:15:45.000Z,2015-03-19T19:41:08.000Z
FDX,Industrials,net_margin,0,103,0.0,2026-03-19T20:15:45.000Z,2015-03-19T19:41:08.000Z
FDX,Industrials,fcf_margin,0,103,0.0,2026-03-19T20:15:45.000Z,2015-03-19T19:41:08.000Z
FDX,Industrials,operating_cash_flow_margin,11,103,0.1068,2026-03-19T20:15:45.000Z,2015-03-19T19:41:08.000Z
FDX,Industrials,debt_proxy_total_liabilities_to_assets,0,103,0.0,2026-03-19T20:15:45.000Z,2015-03-19T19:41:08.000Z
FDX,Industrials,equity_to_assets,44,103,0.4272,2026-03-19T20:15:45.000Z,2015-03-19T19:41:08.000Z
FDX,Industrials,asset_turnover_proxy,9,103,0.0874,2026-03-19T20:15:45.000Z,2015-03-19T19:41:08.000Z
FDX,Industrials,liability_to_equity,0,103,0.0,2026-03-19T20:15:45.000Z,2015-03-19T19:41:08.000Z
FDX,Industrials,revenue_yoy_growth,27,103,0.2621,2026-03-19T20:15:45.000Z,2015-03-19T19:41:08.000Z
FDX,Industrials,net_income_yoy_growth,21,103,0.2039,2026-03-19T20:15:45.000Z,2015-03-19T19:41:08.000Z
FDX,Industrials,operating_income_yoy_growth,21,103,0.2039,2026-03-19T20:15:45.000Z,2015-03-19T19:41:08.000Z
FDX,Industrials,eps_diluted_yoy_growth,21,103,0.2039,2026-03-19T20:15:45.000Z,2015-03-19T19:41:08.000Z
FDX,Industrials,total_assets_yoy_growth,55,103,0.534,2026-03-19T20:15:45.000Z,2015-03-19T19:41:08.000Z
FDX,Industrials,operating_cash_flow_yoy_growth,28,103,0.2718,2026-03-19T20:15:45.000Z,2015-03-19T19:41:08.000Z
FDX,Industrials,free_cash_flow_yoy_growth,0,103,0.0,2026-03-19T20:15:45.000Z,2015-03-19T19:41:08.000Z
FDX,Industrials,cash_conversion,24,103,0.233,2026-03-19T20:15:45.000Z,2015-03-19T19:41:08.000Z
FDX,Industrials,fcf_to_net_income,0,103,0.0,2026-03-19T20:15:45.000Z,2015-03-19T19:41:08.000Z
FDX,Industrials,capex_intensity,0,103,0.0,2026-03-19T20:15:45.000Z,2015-03-19T19:41:08.000Z
FDX,Industrials,accrual_proxy,24,103,0.233,2026-03-19T20:15:45.000Z,2015-03-19T19:41:08.000Z
FDX,Industrials,log_total_assets,60,103,0.5825,2026-03-19T20:15:45.000Z,2015-03-19T19:41:08.000Z
FDX,Industrials,log_revenue_abs,34,103,0.3301,2026-03-19T20:15:45.000Z,2015-03-19T19:41:08.000Z
FDX,Industrials,log_total_liabilities_abs,0,103,0.0,2026-03-19T20:15:45.000Z,2015-03-19T19:41:08.000Z
FDX,Industrials,filing_lag_days,103,103,1.0,2026-03-19T20:15:45.000Z,2015-03-19T19:41:08.000Z
GD,Industrials,operating_margin,6,142,0.0423,2026-04-29T15:24:08.000Z,2014-07-23
GD,Industrials,net_margin,6,142,0.0423,2026-04-29T15:24:08.000Z,2014-07-23
GD,Industrials,fcf_margin,0,142,0.0,2026-04-29T15:24:08.000Z,2014-07-23
GD,Industrials,operating_cash_flow_margin,20,142,0.1408,2026-04-29T15:24:08.000Z,2014-07-23
GD,Industrials,debt_proxy_total_liabilities_to_assets,0,142,0.0,2026-04-29T15:24:08.000Z,2014-07-23
GD,Industrials,equity_to_assets,28,142,0.1972,2026-04-29T15:24:08.000Z,2014-07-23
GD,Industrials,asset_turnover_proxy,11,142,0.0775,2026-04-29T15:24:08.000Z,2014-07-23
GD,Industrials,liability_to_equity,0,142,0.0,2026-04-29T15:24:08.000Z,2014-07-23
GD,Industrials,revenue_yoy_growth,21,142,0.1479,2026-04-29T15:24:08.000Z,2014-07-23
GD,Industrials,net_income_yoy_growth,21,142,0.1479,2026-04-29T15:24:08.000Z,2014-07-23
GD,Industrials,operating_income_yoy_growth,21,142,0.1479,2026-04-29T15:24:08.000Z,2014-07-23
GD,Industrials,eps_diluted_yoy_growth,21,142,0.1479,2026-04-29T15:24:08.000Z,2014-07-23
GD,Industrials,total_assets_yoy_growth,52,142,0.3662,2026-04-29T15:24:08.000Z,2014-07-23
GD,Industrials,operating_cash_flow_yoy_growth,28,142,0.1972,2026-04-29T15:24:08.000Z,2014-07-23
GD,Industrials,free_cash_flow_yoy_growth,0,142,0.0,2026-04-29T15:24:08.000Z,2014-07-23
GD,Industrials,cash_conversion,27,142,0.1901,2026-04-29T15:24:08.000Z,2014-07-23
GD,Industrials,fcf_to_net_income,0,142,0.0,2026-04-29T15:24:08.000Z,2014-07-23
GD,Industrials,capex_intensity,13,142,0.0915,2026-04-29T15:24:08.000Z,2014-07-23
GD,Industrials,accrual_proxy,25,142,0.1761,2026-04-29T15:24:08.000Z,2014-07-23
GD,Industrials,log_total_assets,60,142,0.4225,2026-04-29T15:24:08.000Z,2014-07-23
GD,Industrials,log_revenue_abs,30,142,0.2113,2026-04-29T15:24:08.000Z,2014-07-23
GD,Industrials,log_total_liabilities_abs,0,142,0.0,2026-04-29T15:24:08.000Z,2014-07-23
GD,Industrials,filing_lag_days,142,142,1.0,2026-04-29T15:24:08.000Z,2014-07-23
GE,Industrials,operating_margin,0,154,0.0,2026-04-21T10:36:02.000Z,2011-07-29
GE,Industrials,net_margin,34,154,0.2208,2026-04-21T10:36:02.000Z,2011-07-29
GE,Industrials,fcf_margin,0,154,0.0,2026-04-21T10:36:02.000Z,2011-07-29
GE,Industrials,operating_cash_flow_margin,18,154,0.1169,2026-04-21T10:36:02.000Z,2011-07-29
GE,Industrials,debt_proxy_total_liabilities_to_assets,60,154,0.3896,2026-04-21T10:36:02.000Z,2011-07-29
GE,Industrials,equity_to_assets,54,154,0.3506,2026-04-21T10:36:02.000Z,2011-07-29
GE,Industrials,asset_turnover_proxy,18,154,0.1169,2026-04-21T10:36:02.000Z,2011-07-29
GE,Industrials,liability_to_equity,54,154,0.3506,2026-04-21T10:36:02.000Z,2011-07-29
GE,Industrials,revenue_yoy_growth,27,154,0.1753,2026-04-21T10:36:02.000Z,2011-07-29
GE,Industrials,net_income_yoy_growth,27,154,0.1753,2026-04-21T10:36:02.000Z,2011-07-29
GE,Industrials,operating_income_yoy_growth,8,154,0.0519,2026-04-21T10:36:02.000Z,2011-07-29
GE,Industrials,eps_diluted_yoy_growth,27,154,0.1753,2026-04-21T10:36:02.000Z,2011-07-29
GE,Industrials,total_assets_yoy_growth,53,154,0.3442,2026-04-21T10:36:02.000Z,2011-07-29
GE,Industrials,operating_cash_flow_yoy_growth,32,154,0.2078,2026-04-21T10:36:02.000Z,2011-07-29
GE,Industrials,free_cash_flow_yoy_growth,0,154,0.0,2026-04-21T10:36:02.000Z,2011-07-29
GE,Industrials,cash_conversion,18,154,0.1169,2026-04-21T10:36:02.000Z,2011-07-29
GE,Industrials,fcf_to_net_income,0,154,0.0,2026-04-21T10:36:02.000Z,2011-07-29
GE,Industrials,capex_intensity,6,154,0.039,2026-04-21T10:36:02.000Z,2011-07-29
GE,Industrials,accrual_proxy,18,154,0.1169,2026-04-21T10:36:02.000Z,2011-07-29
GE,Industrials,log_total_assets,60,154,0.3896,2026-04-21T10:36:02.000Z,2011-07-29
GE,Industrials,log_revenue_abs,34,154,0.2208,2026-04-21T10:36:02.000Z,2011-07-29
GE,Industrials,log_total_liabilities_abs,60,154,0.3896,2026-04-21T10:36:02.000Z,2011-07-29
GE,Industrials,filing_lag_days,154,154,1.0,2026-04-21T10:36:02.000Z,2011-07-29
GILD,Health Care,operating_margin,4,149,0.0268,2026-05-07T21:12:20.000Z,2012-11-06
GILD,Health Care,net_margin,5,149,0.0336,2026-05-07T21:12:20.000Z,2012-11-06
GILD,Health Care,fcf_margin,0,149,0.0,2026-05-07T21:12:20.000Z,2012-11-06
GILD,Health Care,operating_cash_flow_margin,11,149,0.0738,2026-05-07T21:12:20.000Z,2012-11-06
GILD,Health Care,debt_proxy_total_liabilities_to_assets,0,149,0.0,2026-05-07T21:12:20.000Z,2012-11-06
GILD,Health Care,equity_to_assets,60,149,0.4027,2026-05-07T21:12:20.000Z,2012-11-06
GILD,Health Care,asset_turnover_proxy,11,149,0.0738,2026-05-07T21:12:20.000Z,2012-11-06
GILD,Health Care,liability_to_equity,0,149,0.0,2026-05-07T21:12:20.000Z,2012-11-06
GILD,Health Care,revenue_yoy_growth,13,149,0.0872,2026-05-07T21:12:20.000Z,2012-11-06
GILD,Health Care,net_income_yoy_growth,19,149,0.1275,2026-05-07T21:12:20.000Z,2012-11-06
GILD,Health Care,operating_income_yoy_growth,21,149,0.1409,2026-05-07T21:12:20.000Z,2012-11-06
GILD,Health Care,eps_diluted_yoy_growth,19,149,0.1275,2026-05-07T21:12:20.000Z,2012-11-06
GILD,Health Care,total_assets_yoy_growth,54,149,0.3624,2026-05-07T21:12:20.000Z,2012-11-06
GILD,Health Care,operating_cash_flow_yoy_growth,32,149,0.2148,2026-05-07T21:12:20.000Z,2012-11-06
GILD,Health Care,free_cash_flow_yoy_growth,0,149,0.0,2026-05-07T21:12:20.000Z,2012-11-06
GILD,Health Care,cash_conversion,23,149,0.1544,2026-05-07T21:12:20.000Z,2012-11-06
GILD,Health Care,fcf_to_net_income,0,149,0.0,2026-05-07T21:12:20.000Z,2012-11-06
GILD,Health Care,capex_intensity,9,149,0.0604,2026-05-07T21:12:20.000Z,2012-11-06
GILD,Health Care,accrual_proxy,23,149,0.1544,2026-05-07T21:12:20.000Z,2012-11-06
GILD,Health Care,log_total_assets,60,149,0.4027,2026-05-07T21:12:20.000Z,2012-11-06
GILD,Health Care,log_revenue_abs,42,149,0.2819,2026-05-07T21:12:20.000Z,2012-11-06
GILD,Health Care,log_total_liabilities_abs,0,149,0.0,2026-05-07T21:12:20.000Z,2012-11-06
GILD,Health Care,filing_lag_days,149,149,1.0,2026-05-07T21:12:20.000Z,2012-11-06
GOOG,Communication Services,operating_margin,10,149,0.0671,2026-04-30T01:02:11.000Z,2015-10-29
GOOG,Communication Services,net_margin,10,149,0.0671,2026-04-30T01:02:11.000Z,2015-10-29
GOOG,Communication Services,fcf_margin,0,149,0.0,2026-04-30T01:02:11.000Z,2015-10-29
GOOG,Communication Services,operating_cash_flow_margin,15,149,0.1007,2026-04-30T01:02:11.000Z,2015-10-29
GOOG,Communication Services,debt_proxy_total_liabilities_to_assets,60,149,0.4027,2026-04-30T01:02:11.000Z,2015-10-29
GOOG,Communication Services,equity_to_assets,28,149,0.1879,2026-04-30T01:02:11.000Z,2015-10-29
GOOG,Communication Services,asset_turnover_proxy,14,149,0.094,2026-04-30T01:02:11.000Z,2015-10-29
GOOG,Communication Services,liability_to_equity,28,149,0.1879,2026-04-30T01:02:11.000Z,2015-10-29
GOOG,Communication Services,revenue_yoy_growth,11,149,0.0738,2026-04-30T01:02:11.000Z,2015-10-29
GOOG,Communication Services,net_income_yoy_growth,21,149,0.1409,2026-04-30T01:02:11.000Z,2015-10-29
GOOG,Communication Services,operating_income_yoy_growth,21,149,0.1409,2026-04-30T01:02:11.000Z,2015-10-29
GOOG,Communication Services,eps_diluted_yoy_growth,21,149,0.1409,2026-04-30T01:02:11.000Z,2015-10-29
GOOG,Communication Services,total_assets_yoy_growth,54,149,0.3624,2026-04-30T01:02:11.000Z,2015-10-29
GOOG,Communication Services,operating_cash_flow_yoy_growth,32,149,0.2148,2026-04-30T01:02:11.000Z,2015-10-29
GOOG,Communication Services,free_cash_flow_yoy_growth,0,149,0.0,2026-04-30T01:02:11.000Z,2015-10-29
GOOG,Communication Services,cash_conversion,25,149,0.1678,2026-04-30T01:02:11.000Z,2015-10-29
GOOG,Communication Services,fcf_to_net_income,0,149,0.0,2026-04-30T01:02:11.000Z,2015-10-29
GOOG,Communication Services,capex_intensity,10,149,0.0671,2026-04-30T01:02:11.000Z,2015-10-29
GOOG,Communication Services,accrual_proxy,25,149,0.1678,2026-04-30T01:02:11.000Z,2015-10-29
GOOG,Communication Services,log_total_assets,60,149,0.4027,2026-04-30T01:02:11.000Z,2015-10-29
GOOG,Communication Services,log_revenue_abs,36,149,0.2416,2026-04-30T01:02:11.000Z,2015-10-29
GOOG,Communication Services,log_total_liabilities_abs,60,149,0.4027,2026-04-30T01:02:11.000Z,2015-10-29
GOOG,Communication Services,filing_lag_days,149,149,1.0,2026-04-30T01:02:11.000Z,2015-10-29
GOOGL,Communication Services,operating_margin,10,149,0.0671,2026-04-30T01:02:11.000Z,2015-10-29
GOOGL,Communication Services,net_margin,10,149,0.0671,2026-04-30T01:02:11.000Z,2015-10-29
GOOGL,Communication Services,fcf_margin,0,149,0.0,2026-04-30T01:02:11.000Z,2015-10-29
GOOGL,Communication Services,operating_cash_flow_margin,15,149,0.1007,2026-04-30T01:02:11.000Z,2015-10-29
GOOGL,Communication Services,debt_proxy_total_liabilities_to_assets,60,149,0.4027,2026-04-30T01:02:11.000Z,2015-10-29
GOOGL,Communication Services,equity_to_assets,28,149,0.1879,2026-04-30T01:02:11.000Z,2015-10-29
GOOGL,Communication Services,asset_turnover_proxy,14,149,0.094,2026-04-30T01:02:11.000Z,2015-10-29
GOOGL,Communication Services,liability_to_equity,28,149,0.1879,2026-04-30T01:02:11.000Z,2015-10-29
GOOGL,Communication Services,revenue_yoy_growth,11,149,0.0738,2026-04-30T01:02:11.000Z,2015-10-29
GOOGL,Communication Services,net_income_yoy_growth,21,149,0.1409,2026-04-30T01:02:11.000Z,2015-10-29
GOOGL,Communication Services,operating_income_yoy_growth,21,149,0.1409,2026-04-30T01:02:11.000Z,2015-10-29
GOOGL,Communication Services,eps_diluted_yoy_growth,21,149,0.1409,2026-04-30T01:02:11.000Z,2015-10-29
GOOGL,Communication Services,total_assets_yoy_growth,54,149,0.3624,2026-04-30T01:02:11.000Z,2015-10-29
GOOGL,Communication Services,operating_cash_flow_yoy_growth,32,149,0.2148,2026-04-30T01:02:11.000Z,2015-10-29
GOOGL,Communication Services,free_cash_flow_yoy_growth,0,149,0.0,2026-04-30T01:02:11.000Z,2015-10-29
GOOGL,Communication Services,cash_conversion,25,149,0.1678,2026-04-30T01:02:11.000Z,2015-10-29
GOOGL,Communication Services,fcf_to_net_income,0,149,0.0,2026-04-30T01:02:11.000Z,2015-10-29
GOOGL,Communication Services,capex_intensity,10,149,0.0671,2026-04-30T01:02:11.000Z,2015-10-29
GOOGL,Communication Services,accrual_proxy,25,149,0.1678,2026-04-30T01:02:11.000Z,2015-10-29
GOOGL,Communication Services,log_total_assets,60,149,0.4027,2026-04-30T01:02:11.000Z,2015-10-29
GOOGL,Communication Services,log_revenue_abs,36,149,0.2416,2026-04-30T01:02:11.000Z,2015-10-29
GOOGL,Communication Services,log_total_liabilities_abs,60,149,0.4027,2026-04-30T01:02:11.000Z,2015-10-29
GOOGL,Communication Services,filing_lag_days,149,149,1.0,2026-04-30T01:02:11.000Z,2015-10-29
GS,Financials,operating_margin,0,122,0.0,2026-05-01T20:14:24.000Z,2017-08-04
GS,Financials,net_margin,0,122,0.0,2026-05-01T20:14:24.000Z,2017-08-04
GS,Financials,fcf_margin,0,122,0.0,2026-05-01T20:14:24.000Z,2017-08-04
GS,Financials,operating_cash_flow_margin,0,122,0.0,2026-05-01T20:14:24.000Z,2017-08-04
GS,Financials,debt_proxy_total_liabilities_to_assets,59,122,0.4836,2026-05-01T20:14:24.000Z,2017-08-04
GS,Financials,equity_to_assets,46,122,0.377,2026-05-01T20:14:24.000Z,2017-08-04
GS,Financials,asset_turnover_proxy,0,122,0.0,2026-05-01T20:14:24.000Z,2017-08-04
GS,Financials,liability_to_equity,46,122,0.377,2026-05-01T20:14:24.000Z,2017-08-04
GS,Financials,revenue_yoy_growth,0,122,0.0,2026-05-01T20:14:24.000Z,2017-08-04
GS,Financials,net_income_yoy_growth,21,122,0.1721,2026-05-01T20:14:24.000Z,2017-08-04
GS,Financials,operating_income_yoy_growth,0,122,0.0,2026-05-01T20:14:24.000Z,2017-08-04
GS,Financials,eps_diluted_yoy_growth,21,122,0.1721,2026-05-01T20:14:24.000Z,2017-08-04
GS,Financials,total_assets_yoy_growth,54,122,0.4426,2026-05-01T20:14:24.000Z,2017-08-04
GS,Financials,operating_cash_flow_yoy_growth,28,122,0.2295,2026-05-01T20:14:24.000Z,2017-08-04
GS,Financials,free_cash_flow_yoy_growth,0,122,0.0,2026-05-01T20:14:24.000Z,2017-08-04
GS,Financials,cash_conversion,25,122,0.2049,2026-05-01T20:14:24.000Z,2017-08-04
GS,Financials,fcf_to_net_income,0,122,0.0,2026-05-01T20:14:24.000Z,2017-08-04
GS,Financials,capex_intensity,0,122,0.0,2026-05-01T20:14:24.000Z,2017-08-04
GS,Financials,accrual_proxy,25,122,0.2049,2026-05-01T20:14:24.000Z,2017-08-04
GS,Financials,log_total_assets,60,122,0.4918,2026-05-01T20:14:24.000Z,2017-08-04
GS,Financials,log_revenue_abs,0,122,0.0,2026-05-01T20:14:24.000Z,2017-08-04
GS,Financials,log_total_liabilities_abs,60,122,0.4918,2026-05-01T20:14:24.000Z,2017-08-04
GS,Financials,filing_lag_days,122,122,1.0,2026-05-01T20:14:24.000Z,2017-08-04
HCA,Health Care,operating_margin,0,159,0.0,2026-04-29T20:02:37.000Z,2012-05-09
HCA,Health Care,net_margin,18,159,0.1132,2026-04-29T20:02:37.000Z,2012-05-09
HCA,Health Care,fcf_margin,0,159,0.0,2026-04-29T20:02:37.000Z,2012-05-09
HCA,Health Care,operating_cash_flow_margin,18,159,0.1132,2026-04-29T20:02:37.000Z,2012-05-09
HCA,Health Care,debt_proxy_total_liabilities_to_assets,16,159,0.1006,2026-04-29T20:02:37.000Z,2012-05-09
HCA,Health Care,equity_to_assets,60,159,0.3774,2026-04-29T20:02:37.000Z,2012-05-09
HCA,Health Care,asset_turnover_proxy,18,159,0.1132,2026-04-29T20:02:37.000Z,2012-05-09
HCA,Health Care,liability_to_equity,16,159,0.1006,2026-04-29T20:02:37.000Z,2012-05-09
HCA,Health Care,revenue_yoy_growth,14,159,0.0881,2026-04-29T20:02:37.000Z,2012-05-09
HCA,Health Care,net_income_yoy_growth,21,159,0.1321,2026-04-29T20:02:37.000Z,2012-05-09
HCA,Health Care,operating_income_yoy_growth,0,159,0.0,2026-04-29T20:02:37.000Z,2012-05-09
HCA,Health Care,eps_diluted_yoy_growth,21,159,0.1321,2026-04-29T20:02:37.000Z,2012-05-09
HCA,Health Care,total_assets_yoy_growth,54,159,0.3396,2026-04-29T20:02:37.000Z,2012-05-09
HCA,Health Care,operating_cash_flow_yoy_growth,29,159,0.1824,2026-04-29T20:02:37.000Z,2012-05-09
HCA,Health Care,free_cash_flow_yoy_growth,0,159,0.0,2026-04-29T20:02:37.000Z,2012-05-09
HCA,Health Care,cash_conversion,25,159,0.1572,2026-04-29T20:02:37.000Z,2012-05-09
HCA,Health Care,fcf_to_net_income,0,159,0.0,2026-04-29T20:02:37.000Z,2012-05-09
HCA,Health Care,capex_intensity,18,159,0.1132,2026-04-29T20:02:37.000Z,2012-05-09
HCA,Health Care,accrual_proxy,25,159,0.1572,2026-04-29T20:02:37.000Z,2012-05-09
HCA,Health Care,log_total_assets,60,159,0.3774,2026-04-29T20:02:37.000Z,2012-05-09
HCA,Health Care,log_revenue_abs,23,159,0.1447,2026-04-29T20:02:37.000Z,2012-05-09
HCA,Health Care,log_total_liabilities_abs,56,159,0.3522,2026-04-29T20:02:37.000Z,2012-05-09
HCA,Health Care,filing_lag_days,159,159,1.0,2026-04-29T20:02:37.000Z,2012-05-09
HD,Consumer Discretionary,operating_margin,0,83,0.0,2026-05-26T21:48:01.000Z,2009-09-03
HD,Consumer Discretionary,net_margin,0,83,0.0,2026-05-26T21:48:01.000Z,2009-09-03
HD,Consumer Discretionary,fcf_margin,0,83,0.0,2026-05-26T21:48:01.000Z,2009-09-03
HD,Consumer Discretionary,operating_cash_flow_margin,0,83,0.0,2026-05-26T21:48:01.000Z,2009-09-03
HD,Consumer Discretionary,debt_proxy_total_liabilities_to_assets,60,83,0.7229,2026-05-26T21:48:01.000Z,2009-09-03
HD,Consumer Discretionary,equity_to_assets,47,83,0.5663,2026-05-26T21:48:01.000Z,2009-09-03
HD,Consumer Discretionary,asset_turnover_proxy,0,83,0.0,2026-05-26T21:48:01.000Z,2009-09-03
HD,Consumer Discretionary,liability_to_equity,47,83,0.5663,2026-05-26T21:48:01.000Z,2009-09-03
HD,Consumer Discretionary,revenue_yoy_growth,2,83,0.0241,2026-05-26T21:48:01.000Z,2009-09-03
HD,Consumer Discretionary,net_income_yoy_growth,21,83,0.253,2026-05-26T21:48:01.000Z,2009-09-03
HD,Consumer Discretionary,operating_income_yoy_growth,21,83,0.253,2026-05-26T21:48:01.000Z,2009-09-03
HD,Consumer Discretionary,eps_diluted_yoy_growth,21,83,0.253,2026-05-26T21:48:01.000Z,2009-09-03
HD,Consumer Discretionary,total_assets_yoy_growth,54,83,0.6506,2026-05-26T21:48:01.000Z,2009-09-03
HD,Consumer Discretionary,operating_cash_flow_yoy_growth,32,83,0.3855,2026-05-26T21:48:01.000Z,2009-09-03
HD,Consumer Discretionary,free_cash_flow_yoy_growth,0,83,0.0,2026-05-26T21:48:01.000Z,2009-09-03
HD,Consumer Discretionary,cash_conversion,25,83,0.3012,2026-05-26T21:48:01.000Z,2009-09-03
HD,Consumer Discretionary,fcf_to_net_income,0,83,0.0,2026-05-26T21:48:01.000Z,2009-09-03
HD,Consumer Discretionary,capex_intensity,0,83,0.0,2026-05-26T21:48:01.000Z,2009-09-03
HD,Consumer Discretionary,accrual_proxy,25,83,0.3012,2026-05-26T21:48:01.000Z,2009-09-03
HD,Consumer Discretionary,log_total_assets,60,83,0.7229,2026-05-26T21:48:01.000Z,2009-09-03
HD,Consumer Discretionary,log_revenue_abs,11,83,0.1325,2026-05-26T21:48:01.000Z,2009-09-03
HD,Consumer Discretionary,log_total_liabilities_abs,60,83,0.7229,2026-05-26T21:48:01.000Z,2009-09-03
HD,Consumer Discretionary,filing_lag_days,83,83,1.0,2026-05-26T21:48:01.000Z,2009-09-03
HON,Industrials,operating_margin,0,154,0.0,2026-04-23T13:54:52.000Z,2009-08-03
HON,Industrials,net_margin,0,154,0.0,2026-04-23T13:54:52.000Z,2009-08-03
HON,Industrials,fcf_margin,0,154,0.0,2026-04-23T13:54:52.000Z,2009-08-03
HON,Industrials,operating_cash_flow_margin,0,154,0.0,2026-04-23T13:54:52.000Z,2009-08-03
HON,Industrials,debt_proxy_total_liabilities_to_assets,0,154,0.0,2026-04-23T13:54:52.000Z,2009-08-03
HON,Industrials,equity_to_assets,60,154,0.3896,2026-04-23T13:54:52.000Z,2009-08-03
HON,Industrials,asset_turnover_proxy,0,154,0.0,2026-04-23T13:54:52.000Z,2009-08-03
HON,Industrials,liability_to_equity,0,154,0.0,2026-04-23T13:54:52.000Z,2009-08-03
HON,Industrials,revenue_yoy_growth,19,154,0.1234,2026-04-23T13:54:52.000Z,2009-08-03
HON,Industrials,net_income_yoy_growth,21,154,0.1364,2026-04-23T13:54:52.000Z,2009-08-03
HON,Industrials,operating_income_yoy_growth,11,154,0.0714,2026-04-23T13:54:52.000Z,2009-08-03
HON,Industrials,eps_diluted_yoy_growth,21,154,0.1364,2026-04-23T13:54:52.000Z,2009-08-03
HON,Industrials,total_assets_yoy_growth,52,154,0.3377,2026-04-23T13:54:52.000Z,2009-08-03
HON,Industrials,operating_cash_flow_yoy_growth,30,154,0.1948,2026-04-23T13:54:52.000Z,2009-08-03
HON,Industrials,free_cash_flow_yoy_growth,0,154,0.0,2026-04-23T13:54:52.000Z,2009-08-03
HON,Industrials,cash_conversion,24,154,0.1558,2026-04-23T13:54:52.000Z,2009-08-03
HON,Industrials,fcf_to_net_income,0,154,0.0,2026-04-23T13:54:52.000Z,2009-08-03
HON,Industrials,capex_intensity,0,154,0.0,2026-04-23T13:54:52.000Z,2009-08-03
HON,Industrials,accrual_proxy,22,154,0.1429,2026-04-23T13:54:52.000Z,2009-08-03
HON,Industrials,log_total_assets,60,154,0.3896,2026-04-23T13:54:52.000Z,2009-08-03
HON,Industrials,log_revenue_abs,28,154,0.1818,2026-04-23T13:54:52.000Z,2009-08-03
HON,Industrials,log_total_liabilities_abs,0,154,0.0,2026-04-23T13:54:52.000Z,2009-08-03
HON,Industrials,filing_lag_days,154,154,1.0,2026-04-23T13:54:52.000Z,2009-08-03
IBM,Information Technology,operating_margin,0,111,0.0,2026-04-23T10:22:26.000Z,2017-07-25
IBM,Information Technology,net_margin,28,111,0.2523,2026-04-23T10:22:26.000Z,2017-07-25
IBM,Information Technology,fcf_margin,0,111,0.0,2026-04-23T10:22:26.000Z,2017-07-25
IBM,Information Technology,operating_cash_flow_margin,24,111,0.2162,2026-04-23T10:22:26.000Z,2017-07-25
IBM,Information Technology,debt_proxy_total_liabilities_to_assets,60,111,0.5405,2026-04-23T10:22:26.000Z,2017-07-25
IBM,Information Technology,equity_to_assets,60,111,0.5405,2026-04-23T10:22:26.000Z,2017-07-25
IBM,Information Technology,asset_turnover_proxy,26,111,0.2342,2026-04-23T10:22:26.000Z,2017-07-25
IBM,Information Technology,liability_to_equity,60,111,0.5405,2026-04-23T10:22:26.000Z,2017-07-25
IBM,Information Technology,revenue_yoy_growth,20,111,0.1802,2026-04-23T10:22:26.000Z,2017-07-25
IBM,Information Technology,net_income_yoy_growth,21,111,0.1892,2026-04-23T10:22:26.000Z,2017-07-25
IBM,Information Technology,operating_income_yoy_growth,0,111,0.0,2026-04-23T10:22:26.000Z,2017-07-25
IBM,Information Technology,eps_diluted_yoy_growth,21,111,0.1892,2026-04-23T10:22:26.000Z,2017-07-25
IBM,Information Technology,total_assets_yoy_growth,54,111,0.4865,2026-04-23T10:22:26.000Z,2017-07-25
IBM,Information Technology,operating_cash_flow_yoy_growth,32,111,0.2883,2026-04-23T10:22:26.000Z,2017-07-25
IBM,Information Technology,free_cash_flow_yoy_growth,0,111,0.0,2026-04-23T10:22:26.000Z,2017-07-25
IBM,Information Technology,cash_conversion,25,111,0.2252,2026-04-23T10:22:26.000Z,2017-07-25
IBM,Information Technology,fcf_to_net_income,0,111,0.0,2026-04-23T10:22:26.000Z,2017-07-25
IBM,Information Technology,capex_intensity,24,111,0.2162,2026-04-23T10:22:26.000Z,2017-07-25
IBM,Information Technology,accrual_proxy,25,111,0.2252,2026-04-23T10:22:26.000Z,2017-07-25
IBM,Information Technology,log_total_assets,60,111,0.5405,2026-04-23T10:22:26.000Z,2017-07-25
IBM,Information Technology,log_revenue_abs,31,111,0.2793,2026-04-23T10:22:26.000Z,2017-07-25
IBM,Information Technology,log_total_liabilities_abs,60,111,0.5405,2026-04-23T10:22:26.000Z,2017-07-25
IBM,Information Technology,filing_lag_days,111,111,1.0,2026-04-23T10:22:26.000Z,2017-07-25
ICE,Financials,operating_margin,0,138,0.0,2026-04-30T12:33:14.000Z,2014-02-14
ICE,Financials,net_margin,0,138,0.0,2026-04-30T12:33:14.000Z,2014-02-14
ICE,Financials,fcf_margin,0,138,0.0,2026-04-30T12:33:14.000Z,2014-02-14
ICE,Financials,operating_cash_flow_margin,4,138,0.029,2026-04-30T12:33:14.000Z,2014-02-14
ICE,Financials,debt_proxy_total_liabilities_to_assets,60,138,0.4348,2026-04-30T12:33:14.000Z,2014-02-14
ICE,Financials,equity_to_assets,60,138,0.4348,2026-04-30T12:33:14.000Z,2014-02-14
ICE,Financials,asset_turnover_proxy,2,138,0.0145,2026-04-30T12:33:14.000Z,2014-02-14
ICE,Financials,liability_to_equity,60,138,0.4348,2026-04-30T12:33:14.000Z,2014-02-14
ICE,Financials,revenue_yoy_growth,15,138,0.1087,2026-04-30T12:33:14.000Z,2014-02-14
ICE,Financials,net_income_yoy_growth,19,138,0.1377,2026-04-30T12:33:14.000Z,2014-02-14
ICE,Financials,operating_income_yoy_growth,19,138,0.1377,2026-04-30T12:33:14.000Z,2014-02-14
ICE,Financials,eps_diluted_yoy_growth,19,138,0.1377,2026-04-30T12:33:14.000Z,2014-02-14
ICE,Financials,total_assets_yoy_growth,53,138,0.3841,2026-04-30T12:33:14.000Z,2014-02-14
ICE,Financials,operating_cash_flow_yoy_growth,33,138,0.2391,2026-04-30T12:33:14.000Z,2014-02-14
ICE,Financials,free_cash_flow_yoy_growth,0,138,0.0,2026-04-30T12:33:14.000Z,2014-02-14
ICE,Financials,cash_conversion,23,138,0.1667,2026-04-30T12:33:14.000Z,2014-02-14
ICE,Financials,fcf_to_net_income,0,138,0.0,2026-04-30T12:33:14.000Z,2014-02-14
ICE,Financials,capex_intensity,4,138,0.029,2026-04-30T12:33:14.000Z,2014-02-14
ICE,Financials,accrual_proxy,23,138,0.1667,2026-04-30T12:33:14.000Z,2014-02-14
ICE,Financials,log_total_assets,60,138,0.4348,2026-04-30T12:33:14.000Z,2014-02-14
ICE,Financials,log_revenue_abs,24,138,0.1739,2026-04-30T12:33:14.000Z,2014-02-14
ICE,Financials,log_total_liabilities_abs,60,138,0.4348,2026-04-30T12:33:14.000Z,2014-02-14
ICE,Financials,filing_lag_days,138,138,1.0,2026-04-30T12:33:14.000Z,2014-02-14
INTC,Information Technology,operating_margin,0,151,0.0,2026-04-23T18:49:27.000Z,2011-05-09
INTC,Information Technology,net_margin,0,151,0.0,2026-04-23T18:49:27.000Z,2011-05-09
INTC,Information Technology,fcf_margin,0,151,0.0,2026-04-23T18:49:27.000Z,2011-05-09
INTC,Information Technology,operating_cash_flow_margin,4,151,0.0265,2026-04-23T18:49:27.000Z,2011-05-09
INTC,Information Technology,debt_proxy_total_liabilities_to_assets,0,151,0.0,2026-04-23T18:49:27.000Z,2011-05-09
INTC,Information Technology,equity_to_assets,42,151,0.2781,2026-04-23T18:49:27.000Z,2011-05-09
INTC,Information Technology,asset_turnover_proxy,4,151,0.0265,2026-04-23T18:49:27.000Z,2011-05-09
INTC,Information Technology,liability_to_equity,0,151,0.0,2026-04-23T18:49:27.000Z,2011-05-09
INTC,Information Technology,revenue_yoy_growth,21,151,0.1391,2026-04-23T18:49:27.000Z,2011-05-09
INTC,Information Technology,net_income_yoy_growth,21,151,0.1391,2026-04-23T18:49:27.000Z,2011-05-09
INTC,Information Technology,operating_income_yoy_growth,21,151,0.1391,2026-04-23T18:49:27.000Z,2011-05-09
INTC,Information Technology,eps_diluted_yoy_growth,21,151,0.1391,2026-04-23T18:49:27.000Z,2011-05-09
INTC,Information Technology,total_assets_yoy_growth,54,151,0.3576,2026-04-23T18:49:27.000Z,2011-05-09
INTC,Information Technology,operating_cash_flow_yoy_growth,28,151,0.1854,2026-04-23T18:49:27.000Z,2011-05-09
INTC,Information Technology,free_cash_flow_yoy_growth,0,151,0.0,2026-04-23T18:49:27.000Z,2011-05-09
INTC,Information Technology,cash_conversion,27,151,0.1788,2026-04-23T18:49:27.000Z,2011-05-09
INTC,Information Technology,fcf_to_net_income,0,151,0.0,2026-04-23T18:49:27.000Z,2011-05-09
INTC,Information Technology,capex_intensity,5,151,0.0331,2026-04-23T18:49:27.000Z,2011-05-09
INTC,Information Technology,accrual_proxy,25,151,0.1656,2026-04-23T18:49:27.000Z,2011-05-09
INTC,Information Technology,log_total_assets,60,151,0.3974,2026-04-23T18:49:27.000Z,2011-05-09
INTC,Information Technology,log_revenue_abs,29,151,0.1921,2026-04-23T18:49:27.000Z,2011-05-09
INTC,Information Technology,log_total_liabilities_abs,0,151,0.0,2026-04-23T18:49:27.000Z,2011-05-09
INTC,Information Technology,filing_lag_days,151,151,1.0,2026-04-23T18:49:27.000Z,2011-05-09
INTU,Information Technology,operating_margin,15,145,0.1034,2026-05-20T20:08:16.000Z,2017-09-01
INTU,Information Technology,net_margin,15,145,0.1034,2026-05-20T20:08:16.000Z,2017-09-01
INTU,Information Technology,fcf_margin,0,145,0.0,2026-05-20T20:08:16.000Z,2017-09-01
INTU,Information Technology,operating_cash_flow_margin,14,145,0.0966,2026-05-20T20:08:16.000Z,2017-09-01
INTU,Information Technology,debt_proxy_total_liabilities_to_assets,60,145,0.4138,2026-05-20T20:08:16.000Z,2017-09-01
INTU,Information Technology,equity_to_assets,28,145,0.1931,2026-05-20T20:08:16.000Z,2017-09-01
INTU,Information Technology,asset_turnover_proxy,14,145,0.0966,2026-05-20T20:08:16.000Z,2017-09-01
INTU,Information Technology,liability_to_equity,28,145,0.1931,2026-05-20T20:08:16.000Z,2017-09-01
INTU,Information Technology,revenue_yoy_growth,16,145,0.1103,2026-05-20T20:08:16.000Z,2017-09-01
INTU,Information Technology,net_income_yoy_growth,21,145,0.1448,2026-05-20T20:08:16.000Z,2017-09-01
INTU,Information Technology,operating_income_yoy_growth,21,145,0.1448,2026-05-20T20:08:16.000Z,2017-09-01
INTU,Information Technology,eps_diluted_yoy_growth,21,145,0.1448,2026-05-20T20:08:16.000Z,2017-09-01
INTU,Information Technology,total_assets_yoy_growth,55,145,0.3793,2026-05-20T20:08:16.000Z,2017-09-01
INTU,Information Technology,operating_cash_flow_yoy_growth,32,145,0.2207,2026-05-20T20:08:16.000Z,2017-09-01
INTU,Information Technology,free_cash_flow_yoy_growth,0,145,0.0,2026-05-20T20:08:16.000Z,2017-09-01
INTU,Information Technology,cash_conversion,24,145,0.1655,2026-05-20T20:08:16.000Z,2017-09-01
INTU,Information Technology,fcf_to_net_income,0,145,0.0,2026-05-20T20:08:16.000Z,2017-09-01
INTU,Information Technology,capex_intensity,14,145,0.0966,2026-05-20T20:08:16.000Z,2017-09-01
INTU,Information Technology,accrual_proxy,24,145,0.1655,2026-05-20T20:08:16.000Z,2017-09-01
INTU,Information Technology,log_total_assets,60,145,0.4138,2026-05-20T20:08:16.000Z,2017-09-01
INTU,Information Technology,log_revenue_abs,31,145,0.2138,2026-05-20T20:08:16.000Z,2017-09-01
INTU,Information Technology,log_total_liabilities_abs,60,145,0.4138,2026-05-20T20:08:16.000Z,2017-09-01
INTU,Information Technology,filing_lag_days,145,145,1.0,2026-05-20T20:08:16.000Z,2017-09-01
ISRG,Health Care,operating_margin,0,112,0.0,2026-04-22T17:03:01.000Z,2011-07-20
ISRG,Health Care,net_margin,0,112,0.0,2026-04-22T17:03:01.000Z,2011-07-20
ISRG,Health Care,fcf_margin,0,112,0.0,2026-04-22T17:03:01.000Z,2011-07-20
ISRG,Health Care,operating_cash_flow_margin,5,112,0.0446,2026-04-22T17:03:01.000Z,2011-07-20
ISRG,Health Care,debt_proxy_total_liabilities_to_assets,60,112,0.5357,2026-04-22T17:03:01.000Z,2011-07-20
ISRG,Health Care,equity_to_assets,60,112,0.5357,2026-04-22T17:03:01.000Z,2011-07-20
ISRG,Health Care,asset_turnover_proxy,4,112,0.0357,2026-04-22T17:03:01.000Z,2011-07-20
ISRG,Health Care,liability_to_equity,60,112,0.5357,2026-04-22T17:03:01.000Z,2011-07-20
ISRG,Health Care,revenue_yoy_growth,20,112,0.1786,2026-04-22T17:03:01.000Z,2011-07-20
ISRG,Health Care,net_income_yoy_growth,22,112,0.1964,2026-04-22T17:03:01.000Z,2011-07-20
ISRG,Health Care,operating_income_yoy_growth,21,112,0.1875,2026-04-22T17:03:01.000Z,2011-07-20
ISRG,Health Care,eps_diluted_yoy_growth,22,112,0.1964,2026-04-22T17:03:01.000Z,2011-07-20
ISRG,Health Care,total_assets_yoy_growth,54,112,0.4821,2026-04-22T17:03:01.000Z,2011-07-20
ISRG,Health Care,operating_cash_flow_yoy_growth,32,112,0.2857,2026-04-22T17:03:01.000Z,2011-07-20
ISRG,Health Care,free_cash_flow_yoy_growth,0,112,0.0,2026-04-22T17:03:01.000Z,2011-07-20
ISRG,Health Care,cash_conversion,22,112,0.1964,2026-04-22T17:03:01.000Z,2011-07-20
ISRG,Health Care,fcf_to_net_income,0,112,0.0,2026-04-22T17:03:01.000Z,2011-07-20
ISRG,Health Care,capex_intensity,0,112,0.0,2026-04-22T17:03:01.000Z,2011-07-20
ISRG,Health Care,accrual_proxy,22,112,0.1964,2026-04-22T17:03:01.000Z,2011-07-20
ISRG,Health Care,log_total_assets,60,112,0.5357,2026-04-22T17:03:01.000Z,2011-07-20
ISRG,Health Care,log_revenue_abs,35,112,0.3125,2026-04-22T17:03:01.000Z,2011-07-20
ISRG,Health Care,log_total_liabilities_abs,60,112,0.5357,2026-04-22T17:03:01.000Z,2011-07-20
ISRG,Health Care,filing_lag_days,112,112,1.0,2026-04-22T17:03:01.000Z,2011-07-20
ITW,Industrials,operating_margin,0,132,0.0,2026-05-07T20:05:23.000Z,2009-08-07
ITW,Industrials,net_margin,0,132,0.0,2026-05-07T20:05:23.000Z,2009-08-07
ITW,Industrials,fcf_margin,0,132,0.0,2026-05-07T20:05:23.000Z,2009-08-07
ITW,Industrials,operating_cash_flow_margin,4,132,0.0303,2026-05-07T20:05:23.000Z,2009-08-07
ITW,Industrials,debt_proxy_total_liabilities_to_assets,0,132,0.0,2026-05-07T20:05:23.000Z,2009-08-07
ITW,Industrials,equity_to_assets,0,132,0.0,2026-05-07T20:05:23.000Z,2009-08-07
ITW,Industrials,asset_turnover_proxy,3,132,0.0227,2026-05-07T20:05:23.000Z,2009-08-07
ITW,Industrials,liability_to_equity,0,132,0.0,2026-05-07T20:05:23.000Z,2009-08-07
ITW,Industrials,revenue_yoy_growth,0,132,0.0,2026-05-07T20:05:23.000Z,2009-08-07
ITW,Industrials,net_income_yoy_growth,0,132,0.0,2026-05-07T20:05:23.000Z,2009-08-07
ITW,Industrials,operating_income_yoy_growth,18,132,0.1364,2026-05-07T20:05:23.000Z,2009-08-07
ITW,Industrials,eps_diluted_yoy_growth,18,132,0.1364,2026-05-07T20:05:23.000Z,2009-08-07
ITW,Industrials,total_assets_yoy_growth,51,132,0.3864,2026-05-07T20:05:23.000Z,2009-08-07
ITW,Industrials,operating_cash_flow_yoy_growth,33,132,0.25,2026-05-07T20:05:23.000Z,2009-08-07
ITW,Industrials,free_cash_flow_yoy_growth,0,132,0.0,2026-05-07T20:05:23.000Z,2009-08-07
ITW,Industrials,cash_conversion,0,132,0.0,2026-05-07T20:05:23.000Z,2009-08-07
ITW,Industrials,fcf_to_net_income,0,132,0.0,2026-05-07T20:05:23.000Z,2009-08-07
ITW,Industrials,capex_intensity,4,132,0.0303,2026-05-07T20:05:23.000Z,2009-08-07
ITW,Industrials,accrual_proxy,0,132,0.0,2026-05-07T20:05:23.000Z,2009-08-07
ITW,Industrials,log_total_assets,60,132,0.4545,2026-05-07T20:05:23.000Z,2009-08-07
ITW,Industrials,log_revenue_abs,13,132,0.0985,2026-05-07T20:05:23.000Z,2009-08-07
ITW,Industrials,log_total_liabilities_abs,0,132,0.0,2026-05-07T20:05:23.000Z,2009-08-07
ITW,Industrials,filing_lag_days,132,132,1.0,2026-05-07T20:05:23.000Z,2009-08-07
JNJ,Health Care,operating_margin,5,139,0.036,2026-04-22T16:02:41.000Z,2011-08-09
JNJ,Health Care,net_margin,0,139,0.0,2026-04-22T16:02:41.000Z,2011-08-09
JNJ,Health Care,fcf_margin,0,139,0.0,2026-04-22T16:02:41.000Z,2011-08-09
JNJ,Health Care,operating_cash_flow_margin,0,139,0.0,2026-04-22T16:02:41.000Z,2011-08-09
JNJ,Health Care,debt_proxy_total_liabilities_to_assets,60,139,0.4317,2026-04-22T16:02:41.000Z,2011-08-09
JNJ,Health Care,equity_to_assets,18,139,0.1295,2026-04-22T16:02:41.000Z,2011-08-09
JNJ,Health Care,asset_turnover_proxy,0,139,0.0,2026-04-22T16:02:41.000Z,2011-08-09
JNJ,Health Care,liability_to_equity,18,139,0.1295,2026-04-22T16:02:41.000Z,2011-08-09
JNJ,Health Care,revenue_yoy_growth,2,139,0.0144,2026-04-22T16:02:41.000Z,2011-08-09
JNJ,Health Care,net_income_yoy_growth,25,139,0.1799,2026-04-22T16:02:41.000Z,2011-08-09
JNJ,Health Care,operating_income_yoy_growth,12,139,0.0863,2026-04-22T16:02:41.000Z,2011-08-09
JNJ,Health Care,eps_diluted_yoy_growth,25,139,0.1799,2026-04-22T16:02:41.000Z,2011-08-09
JNJ,Health Care,total_assets_yoy_growth,54,139,0.3885,2026-04-22T16:02:41.000Z,2011-08-09
JNJ,Health Care,operating_cash_flow_yoy_growth,32,139,0.2302,2026-04-22T16:02:41.000Z,2011-08-09
JNJ,Health Care,free_cash_flow_yoy_growth,0,139,0.0,2026-04-22T16:02:41.000Z,2011-08-09
JNJ,Health Care,cash_conversion,23,139,0.1655,2026-04-22T16:02:41.000Z,2011-08-09
JNJ,Health Care,fcf_to_net_income,0,139,0.0,2026-04-22T16:02:41.000Z,2011-08-09
JNJ,Health Care,capex_intensity,0,139,0.0,2026-04-22T16:02:41.000Z,2011-08-09
JNJ,Health Care,accrual_proxy,23,139,0.1655,2026-04-22T16:02:41.000Z,2011-08-09
JNJ,Health Care,log_total_assets,60,139,0.4317,2026-04-22T16:02:41.000Z,2011-08-09
JNJ,Health Care,log_revenue_abs,8,139,0.0576,2026-04-22T16:02:41.000Z,2011-08-09
JNJ,Health Care,log_total_liabilities_abs,60,139,0.4317,2026-04-22T16:02:41.000Z,2011-08-09
JNJ,Health Care,filing_lag_days,139,139,1.0,2026-04-22T16:02:41.000Z,2011-08-09
JPM,Financials,operating_margin,0,95,0.0,2026-05-01T20:18:43.000Z,2011-11-04
JPM,Financials,net_margin,6,95,0.0632,2026-05-01T20:18:43.000Z,2011-11-04
JPM,Financials,fcf_margin,0,95,0.0,2026-05-01T20:18:43.000Z,2011-11-04
JPM,Financials,operating_cash_flow_margin,9,95,0.0947,2026-05-01T20:18:43.000Z,2011-11-04
JPM,Financials,debt_proxy_total_liabilities_to_assets,47,95,0.4947,2026-05-01T20:18:43.000Z,2011-11-04
JPM,Financials,equity_to_assets,51,95,0.5368,2026-05-01T20:18:43.000Z,2011-11-04
JPM,Financials,asset_turnover_proxy,7,95,0.0737,2026-05-01T20:18:43.000Z,2011-11-04
JPM,Financials,liability_to_equity,47,95,0.4947,2026-05-01T20:18:43.000Z,2011-11-04
JPM,Financials,revenue_yoy_growth,21,95,0.2211,2026-05-01T20:18:43.000Z,2011-11-04
JPM,Financials,net_income_yoy_growth,21,95,0.2211,2026-05-01T20:18:43.000Z,2011-11-04
JPM,Financials,operating_income_yoy_growth,0,95,0.0,2026-05-01T20:18:43.000Z,2011-11-04
JPM,Financials,eps_diluted_yoy_growth,21,95,0.2211,2026-05-01T20:18:43.000Z,2011-11-04
JPM,Financials,total_assets_yoy_growth,40,95,0.4211,2026-05-01T20:18:43.000Z,2011-11-04
JPM,Financials,operating_cash_flow_yoy_growth,32,95,0.3368,2026-05-01T20:18:43.000Z,2011-11-04
JPM,Financials,free_cash_flow_yoy_growth,0,95,0.0,2026-05-01T20:18:43.000Z,2011-11-04
JPM,Financials,cash_conversion,25,95,0.2632,2026-05-01T20:18:43.000Z,2011-11-04
JPM,Financials,fcf_to_net_income,0,95,0.0,2026-05-01T20:18:43.000Z,2011-11-04
JPM,Financials,capex_intensity,0,95,0.0,2026-05-01T20:18:43.000Z,2011-11-04
JPM,Financials,accrual_proxy,25,95,0.2632,2026-05-01T20:18:43.000Z,2011-11-04
JPM,Financials,log_total_assets,51,95,0.5368,2026-05-01T20:18:43.000Z,2011-11-04
JPM,Financials,log_revenue_abs,32,95,0.3368,2026-05-01T20:18:43.000Z,2011-11-04
JPM,Financials,log_total_liabilities_abs,60,95,0.6316,2026-05-01T20:18:43.000Z,2011-11-04
JPM,Financials,filing_lag_days,95,95,1.0,2026-05-01T20:18:43.000Z,2011-11-04
KLAC,Information Technology,operating_margin,0,174,0.0,2026-04-29T18:14:12.000Z,2010-11-24
KLAC,Information Technology,net_margin,0,174,0.0,2026-04-29T18:14:12.000Z,2010-11-24
KLAC,Information Technology,fcf_margin,0,174,0.0,2026-04-29T18:14:12.000Z,2010-11-24
KLAC,Information Technology,operating_cash_flow_margin,0,174,0.0,2026-04-29T18:14:12.000Z,2010-11-24
KLAC,Information Technology,debt_proxy_total_liabilities_to_assets,60,174,0.3448,2026-04-29T18:14:12.000Z,2010-11-24
KLAC,Information Technology,equity_to_assets,54,174,0.3103,2026-04-29T18:14:12.000Z,2010-11-24
KLAC,Information Technology,asset_turnover_proxy,0,174,0.0,2026-04-29T18:14:12.000Z,2010-11-24
KLAC,Information Technology,liability_to_equity,54,174,0.3103,2026-04-29T18:14:12.000Z,2010-11-24
KLAC,Information Technology,revenue_yoy_growth,0,174,0.0,2026-04-29T18:14:12.000Z,2010-11-24
KLAC,Information Technology,net_income_yoy_growth,24,174,0.1379,2026-04-29T18:14:12.000Z,2010-11-24
KLAC,Information Technology,operating_income_yoy_growth,21,174,0.1207,2026-04-29T18:14:12.000Z,2010-11-24
KLAC,Information Technology,eps_diluted_yoy_growth,18,174,0.1034,2026-04-29T18:14:12.000Z,2010-11-24
KLAC,Information Technology,total_assets_yoy_growth,55,174,0.3161,2026-04-29T18:14:12.000Z,2010-11-24
KLAC,Information Technology,operating_cash_flow_yoy_growth,32,174,0.1839,2026-04-29T18:14:12.000Z,2010-11-24
KLAC,Information Technology,free_cash_flow_yoy_growth,0,174,0.0,2026-04-29T18:14:12.000Z,2010-11-24
KLAC,Information Technology,cash_conversion,17,174,0.0977,2026-04-29T18:14:12.000Z,2010-11-24
KLAC,Information Technology,fcf_to_net_income,0,174,0.0,2026-04-29T18:14:12.000Z,2010-11-24
KLAC,Information Technology,capex_intensity,0,174,0.0,2026-04-29T18:14:12.000Z,2010-11-24
KLAC,Information Technology,accrual_proxy,17,174,0.0977,2026-04-29T18:14:12.000Z,2010-11-24
KLAC,Information Technology,log_total_assets,60,174,0.3448,2026-04-29T18:14:12.000Z,2010-11-24
KLAC,Information Technology,log_revenue_abs,4,174,0.023,2026-04-29T18:14:12.000Z,2010-11-24
KLAC,Information Technology,log_total_liabilities_abs,60,174,0.3448,2026-04-29T18:14:12.000Z,2010-11-24
KLAC,Information Technology,filing_lag_days,174,174,1.0,2026-04-29T18:14:12.000Z,2010-11-24
KO,Consumer Staples,operating_margin,30,118,0.2542,2026-04-30T19:17:45.000Z,2016-07-28
KO,Consumer Staples,net_margin,30,118,0.2542,2026-04-30T19:17:45.000Z,2016-07-28
KO,Consumer Staples,fcf_margin,0,118,0.0,2026-04-30T19:17:45.000Z,2016-07-28
KO,Consumer Staples,operating_cash_flow_margin,27,118,0.2288,2026-04-30T19:17:45.000Z,2016-07-28
KO,Consumer Staples,debt_proxy_total_liabilities_to_assets,0,118,0.0,2026-04-30T19:17:45.000Z,2016-07-28
KO,Consumer Staples,equity_to_assets,60,118,0.5085,2026-04-30T19:17:45.000Z,2016-07-28
KO,Consumer Staples,asset_turnover_proxy,25,118,0.2119,2026-04-30T19:17:45.000Z,2016-07-28
KO,Consumer Staples,liability_to_equity,0,118,0.0,2026-04-30T19:17:45.000Z,2016-07-28
KO,Consumer Staples,revenue_yoy_growth,21,118,0.178,2026-04-30T19:17:45.000Z,2016-07-28
KO,Consumer Staples,net_income_yoy_growth,21,118,0.178,2026-04-30T19:17:45.000Z,2016-07-28
KO,Consumer Staples,operating_income_yoy_growth,21,118,0.178,2026-04-30T19:17:45.000Z,2016-07-28
KO,Consumer Staples,eps_diluted_yoy_growth,21,118,0.178,2026-04-30T19:17:45.000Z,2016-07-28
KO,Consumer Staples,total_assets_yoy_growth,54,118,0.4576,2026-04-30T19:17:45.000Z,2016-07-28
KO,Consumer Staples,operating_cash_flow_yoy_growth,28,118,0.2373,2026-04-30T19:17:45.000Z,2016-07-28
KO,Consumer Staples,free_cash_flow_yoy_growth,0,118,0.0,2026-04-30T19:17:45.000Z,2016-07-28
KO,Consumer Staples,cash_conversion,27,118,0.2288,2026-04-30T19:17:45.000Z,2016-07-28
KO,Consumer Staples,fcf_to_net_income,0,118,0.0,2026-04-30T19:17:45.000Z,2016-07-28
KO,Consumer Staples,capex_intensity,25,118,0.2119,2026-04-30T19:17:45.000Z,2016-07-28
KO,Consumer Staples,accrual_proxy,25,118,0.2119,2026-04-30T19:17:45.000Z,2016-07-28
KO,Consumer Staples,log_total_assets,60,118,0.5085,2026-04-30T19:17:45.000Z,2016-07-28
KO,Consumer Staples,log_revenue_abs,30,118,0.2542,2026-04-30T19:17:45.000Z,2016-07-28
KO,Consumer Staples,log_total_liabilities_abs,0,118,0.0,2026-04-30T19:17:45.000Z,2016-07-28
KO,Consumer Staples,filing_lag_days,118,118,1.0,2026-04-30T19:17:45.000Z,2016-07-28
LIN,Materials,operating_margin,30,98,0.3061,2026-05-01T14:38:23.000Z,2017-10-30T20:19:54.000Z
LIN,Materials,net_margin,30,98,0.3061,2026-05-01T14:38:23.000Z,2017-10-30T20:19:54.000Z
LIN,Materials,fcf_margin,0,98,0.0,2026-05-01T14:38:23.000Z,2017-10-30T20:19:54.000Z
LIN,Materials,operating_cash_flow_margin,20,98,0.2041,2026-05-01T14:38:23.000Z,2017-10-30T20:19:54.000Z
LIN,Materials,debt_proxy_total_liabilities_to_assets,53,98,0.5408,2026-05-01T14:38:23.000Z,2017-10-30T20:19:54.000Z
LIN,Materials,equity_to_assets,57,98,0.5816,2026-05-01T14:38:23.000Z,2017-10-30T20:19:54.000Z
LIN,Materials,asset_turnover_proxy,25,98,0.2551,2026-05-01T14:38:23.000Z,2017-10-30T20:19:54.000Z
LIN,Materials,liability_to_equity,53,98,0.5408,2026-05-01T14:38:23.000Z,2017-10-30T20:19:54.000Z
LIN,Materials,revenue_yoy_growth,21,98,0.2143,2026-05-01T14:38:23.000Z,2017-10-30T20:19:54.000Z
LIN,Materials,net_income_yoy_growth,21,98,0.2143,2026-05-01T14:38:23.000Z,2017-10-30T20:19:54.000Z
LIN,Materials,operating_income_yoy_growth,21,98,0.2143,2026-05-01T14:38:23.000Z,2017-10-30T20:19:54.000Z
LIN,Materials,eps_diluted_yoy_growth,21,98,0.2143,2026-05-01T14:38:23.000Z,2017-10-30T20:19:54.000Z
LIN,Materials,total_assets_yoy_growth,49,98,0.5,2026-05-01T14:38:23.000Z,2017-10-30T20:19:54.000Z
LIN,Materials,operating_cash_flow_yoy_growth,17,98,0.1735,2026-05-01T14:38:23.000Z,2017-10-30T20:19:54.000Z
LIN,Materials,free_cash_flow_yoy_growth,0,98,0.0,2026-05-01T14:38:23.000Z,2017-10-30T20:19:54.000Z
LIN,Materials,cash_conversion,20,98,0.2041,2026-05-01T14:38:23.000Z,2017-10-30T20:19:54.000Z
LIN,Materials,fcf_to_net_income,0,98,0.0,2026-05-01T14:38:23.000Z,2017-10-30T20:19:54.000Z
LIN,Materials,capex_intensity,25,98,0.2551,2026-05-01T14:38:23.000Z,2017-10-30T20:19:54.000Z
LIN,Materials,accrual_proxy,20,98,0.2041,2026-05-01T14:38:23.000Z,2017-10-30T20:19:54.000Z
LIN,Materials,log_total_assets,57,98,0.5816,2026-05-01T14:38:23.000Z,2017-10-30T20:19:54.000Z
LIN,Materials,log_revenue_abs,30,98,0.3061,2026-05-01T14:38:23.000Z,2017-10-30T20:19:54.000Z
LIN,Materials,log_total_liabilities_abs,53,98,0.5408,2026-05-01T14:38:23.000Z,2017-10-30T20:19:54.000Z
LIN,Materials,filing_lag_days,98,98,1.0,2026-05-01T14:38:23.000Z,2017-10-30T20:19:54.000Z
LLY,Health Care,operating_margin,0,70,0.0,2026-04-30T15:25:48.000Z,2017-07-28
LLY,Health Care,net_margin,30,70,0.4286,2026-04-30T15:25:48.000Z,2017-07-28
LLY,Health Care,fcf_margin,0,70,0.0,2026-04-30T15:25:48.000Z,2017-07-28
LLY,Health Care,operating_cash_flow_margin,25,70,0.3571,2026-04-30T15:25:48.000Z,2017-07-28
LLY,Health Care,debt_proxy_total_liabilities_to_assets,0,70,0.0,2026-04-30T15:25:48.000Z,2017-07-28
LLY,Health Care,equity_to_assets,60,70,0.8571,2026-04-30T15:25:48.000Z,2017-07-28
LLY,Health Care,asset_turnover_proxy,25,70,0.3571,2026-04-30T15:25:48.000Z,2017-07-28
LLY,Health Care,liability_to_equity,0,70,0.0,2026-04-30T15:25:48.000Z,2017-07-28
LLY,Health Care,revenue_yoy_growth,21,70,0.3,2026-04-30T15:25:48.000Z,2017-07-28
LLY,Health Care,net_income_yoy_growth,21,70,0.3,2026-04-30T15:25:48.000Z,2017-07-28
LLY,Health Care,operating_income_yoy_growth,0,70,0.0,2026-04-30T15:25:48.000Z,2017-07-28
LLY,Health Care,eps_diluted_yoy_growth,21,70,0.3,2026-04-30T15:25:48.000Z,2017-07-28
LLY,Health Care,total_assets_yoy_growth,54,70,0.7714,2026-04-30T15:25:48.000Z,2017-07-28
LLY,Health Care,operating_cash_flow_yoy_growth,32,70,0.4571,2026-04-30T15:25:48.000Z,2017-07-28
LLY,Health Care,free_cash_flow_yoy_growth,0,70,0.0,2026-04-30T15:25:48.000Z,2017-07-28
LLY,Health Care,cash_conversion,25,70,0.3571,2026-04-30T15:25:48.000Z,2017-07-28
LLY,Health Care,fcf_to_net_income,0,70,0.0,2026-04-30T15:25:48.000Z,2017-07-28
LLY,Health Care,capex_intensity,0,70,0.0,2026-04-30T15:25:48.000Z,2017-07-28
LLY,Health Care,accrual_proxy,25,70,0.3571,2026-04-30T15:25:48.000Z,2017-07-28
LLY,Health Care,log_total_assets,60,70,0.8571,2026-04-30T15:25:48.000Z,2017-07-28
LLY,Health Care,log_revenue_abs,30,70,0.4286,2026-04-30T15:25:48.000Z,2017-07-28
LLY,Health Care,log_total_liabilities_abs,0,70,0.0,2026-04-30T15:25:48.000Z,2017-07-28
LLY,Health Care,filing_lag_days,70,70,1.0,2026-04-30T15:25:48.000Z,2017-07-28
LMT,Industrials,operating_margin,33,107,0.3084,2026-04-23T20:09:05.000Z,2009-07-22
LMT,Industrials,net_margin,33,107,0.3084,2026-04-23T20:09:05.000Z,2009-07-22
LMT,Industrials,fcf_margin,0,107,0.0,2026-04-23T20:09:05.000Z,2009-07-22
LMT,Industrials,operating_cash_flow_margin,23,107,0.215,2026-04-23T20:09:05.000Z,2009-07-22
LMT,Industrials,debt_proxy_total_liabilities_to_assets,60,107,0.5607,2026-04-23T20:09:05.000Z,2009-07-22
LMT,Industrials,equity_to_assets,47,107,0.4393,2026-04-23T20:09:05.000Z,2009-07-22
LMT,Industrials,asset_turnover_proxy,23,107,0.215,2026-04-23T20:09:05.000Z,2009-07-22
LMT,Industrials,liability_to_equity,47,107,0.4393,2026-04-23T20:09:05.000Z,2009-07-22
LMT,Industrials,revenue_yoy_growth,19,107,0.1776,2026-04-23T20:09:05.000Z,2009-07-22
LMT,Industrials,net_income_yoy_growth,19,107,0.1776,2026-04-23T20:09:05.000Z,2009-07-22
LMT,Industrials,operating_income_yoy_growth,19,107,0.1776,2026-04-23T20:09:05.000Z,2009-07-22
LMT,Industrials,eps_diluted_yoy_growth,19,107,0.1776,2026-04-23T20:09:05.000Z,2009-07-22
LMT,Industrials,total_assets_yoy_growth,52,107,0.486,2026-04-23T20:09:05.000Z,2009-07-22
LMT,Industrials,operating_cash_flow_yoy_growth,30,107,0.2804,2026-04-23T20:09:05.000Z,2009-07-22
LMT,Industrials,free_cash_flow_yoy_growth,0,107,0.0,2026-04-23T20:09:05.000Z,2009-07-22
LMT,Industrials,cash_conversion,23,107,0.215,2026-04-23T20:09:05.000Z,2009-07-22
LMT,Industrials,fcf_to_net_income,0,107,0.0,2026-04-23T20:09:05.000Z,2009-07-22
LMT,Industrials,capex_intensity,0,107,0.0,2026-04-23T20:09:05.000Z,2009-07-22
LMT,Industrials,accrual_proxy,23,107,0.215,2026-04-23T20:09:05.000Z,2009-07-22
LMT,Industrials,log_total_assets,60,107,0.5607,2026-04-23T20:09:05.000Z,2009-07-22
LMT,Industrials,log_revenue_abs,33,107,0.3084,2026-04-23T20:09:05.000Z,2009-07-22
LMT,Industrials,log_total_liabilities_abs,60,107,0.5607,2026-04-23T20:09:05.000Z,2009-07-22
LMT,Industrials,filing_lag_days,107,107,1.0,2026-04-23T20:09:05.000Z,2009-07-22
LOW,Consumer Discretionary,operating_margin,0,153,0.0,2026-05-28T20:49:18.000Z,2012-06-06
LOW,Consumer Discretionary,net_margin,0,153,0.0,2026-05-28T20:49:18.000Z,2012-06-06
LOW,Consumer Discretionary,fcf_margin,0,153,0.0,2026-05-28T20:49:18.000Z,2012-06-06
LOW,Consumer Discretionary,operating_cash_flow_margin,4,153,0.0261,2026-05-28T20:49:18.000Z,2012-06-06
LOW,Consumer Discretionary,debt_proxy_total_liabilities_to_assets,55,153,0.3595,2026-05-28T20:49:18.000Z,2012-06-06
LOW,Consumer Discretionary,equity_to_assets,30,153,0.1961,2026-05-28T20:49:18.000Z,2012-06-06
LOW,Consumer Discretionary,asset_turnover_proxy,0,153,0.0,2026-05-28T20:49:18.000Z,2012-06-06
LOW,Consumer Discretionary,liability_to_equity,30,153,0.1961,2026-05-28T20:49:18.000Z,2012-06-06
LOW,Consumer Discretionary,revenue_yoy_growth,21,153,0.1373,2026-05-28T20:49:18.000Z,2012-06-06
LOW,Consumer Discretionary,net_income_yoy_growth,21,153,0.1373,2026-05-28T20:49:18.000Z,2012-06-06
LOW,Consumer Discretionary,operating_income_yoy_growth,21,153,0.1373,2026-05-28T20:49:18.000Z,2012-06-06
LOW,Consumer Discretionary,eps_diluted_yoy_growth,21,153,0.1373,2026-05-28T20:49:18.000Z,2012-06-06
LOW,Consumer Discretionary,total_assets_yoy_growth,44,153,0.2876,2026-05-28T20:49:18.000Z,2012-06-06
LOW,Consumer Discretionary,operating_cash_flow_yoy_growth,32,153,0.2092,2026-05-28T20:49:18.000Z,2012-06-06
LOW,Consumer Discretionary,free_cash_flow_yoy_growth,0,153,0.0,2026-05-28T20:49:18.000Z,2012-06-06
LOW,Consumer Discretionary,cash_conversion,25,153,0.1634,2026-05-28T20:49:18.000Z,2012-06-06
LOW,Consumer Discretionary,fcf_to_net_income,0,153,0.0,2026-05-28T20:49:18.000Z,2012-06-06
LOW,Consumer Discretionary,capex_intensity,4,153,0.0261,2026-05-28T20:49:18.000Z,2012-06-06
LOW,Consumer Discretionary,accrual_proxy,25,153,0.1634,2026-05-28T20:49:18.000Z,2012-06-06
LOW,Consumer Discretionary,log_total_assets,55,153,0.3595,2026-05-28T20:49:18.000Z,2012-06-06
LOW,Consumer Discretionary,log_revenue_abs,30,153,0.1961,2026-05-28T20:49:18.000Z,2012-06-06
LOW,Consumer Discretionary,log_total_liabilities_abs,55,153,0.3595,2026-05-28T20:49:18.000Z,2012-06-06
LOW,Consumer Discretionary,filing_lag_days,153,153,1.0,2026-05-28T20:49:18.000Z,2012-06-06
MA,Financials,operating_margin,30,149,0.2013,2026-04-30T14:15:29.000Z,2010-11-02
MA,Financials,net_margin,0,149,0.0,2026-04-30T14:15:29.000Z,2010-11-02
MA,Financials,fcf_margin,0,149,0.0,2026-04-30T14:15:29.000Z,2010-11-02
MA,Financials,operating_cash_flow_margin,25,149,0.1678,2026-04-30T14:15:29.000Z,2010-11-02
MA,Financials,debt_proxy_total_liabilities_to_assets,60,149,0.4027,2026-04-30T14:15:29.000Z,2010-11-02
MA,Financials,equity_to_assets,60,149,0.4027,2026-04-30T14:15:29.000Z,2010-11-02
MA,Financials,asset_turnover_proxy,25,149,0.1678,2026-04-30T14:15:29.000Z,2010-11-02
MA,Financials,liability_to_equity,60,149,0.4027,2026-04-30T14:15:29.000Z,2010-11-02
MA,Financials,revenue_yoy_growth,21,149,0.1409,2026-04-30T14:15:29.000Z,2010-11-02
MA,Financials,net_income_yoy_growth,20,149,0.1342,2026-04-30T14:15:29.000Z,2010-11-02
MA,Financials,operating_income_yoy_growth,21,149,0.1409,2026-04-30T14:15:29.000Z,2010-11-02
MA,Financials,eps_diluted_yoy_growth,21,149,0.1409,2026-04-30T14:15:29.000Z,2010-11-02
MA,Financials,total_assets_yoy_growth,51,149,0.3423,2026-04-30T14:15:29.000Z,2010-11-02
MA,Financials,operating_cash_flow_yoy_growth,31,149,0.2081,2026-04-30T14:15:29.000Z,2010-11-02
MA,Financials,free_cash_flow_yoy_growth,0,149,0.0,2026-04-30T14:15:29.000Z,2010-11-02
MA,Financials,cash_conversion,0,149,0.0,2026-04-30T14:15:29.000Z,2010-11-02
MA,Financials,fcf_to_net_income,0,149,0.0,2026-04-30T14:15:29.000Z,2010-11-02
MA,Financials,capex_intensity,25,149,0.1678,2026-04-30T14:15:29.000Z,2010-11-02
MA,Financials,accrual_proxy,0,149,0.0,2026-04-30T14:15:29.000Z,2010-11-02
MA,Financials,log_total_assets,60,149,0.4027,2026-04-30T14:15:29.000Z,2010-11-02
MA,Financials,log_revenue_abs,30,149,0.2013,2026-04-30T14:15:29.000Z,2010-11-02
MA,Financials,log_total_liabilities_abs,60,149,0.4027,2026-04-30T14:15:29.000Z,2010-11-02
MA,Financials,filing_lag_days,149,149,1.0,2026-04-30T14:15:29.000Z,2010-11-02
MAR,Consumer Discretionary,operating_margin,33,145,0.2276,2026-05-06T12:52:17.000Z,2017-02-21
MAR,Consumer Discretionary,net_margin,18,145,0.1241,2026-05-06T12:52:17.000Z,2017-02-21
MAR,Consumer Discretionary,fcf_margin,0,145,0.0,2026-05-06T12:52:17.000Z,2017-02-21
MAR,Consumer Discretionary,operating_cash_flow_margin,23,145,0.1586,2026-05-06T12:52:17.000Z,2017-02-21
MAR,Consumer Discretionary,debt_proxy_total_liabilities_to_assets,0,145,0.0,2026-05-06T12:52:17.000Z,2017-02-21
MAR,Consumer Discretionary,equity_to_assets,26,145,0.1793,2026-05-06T12:52:17.000Z,2017-02-21
MAR,Consumer Discretionary,asset_turnover_proxy,23,145,0.1586,2026-05-06T12:52:17.000Z,2017-02-21
MAR,Consumer Discretionary,liability_to_equity,0,145,0.0,2026-05-06T12:52:17.000Z,2017-02-21
MAR,Consumer Discretionary,revenue_yoy_growth,19,145,0.131,2026-05-06T12:52:17.000Z,2017-02-21
MAR,Consumer Discretionary,net_income_yoy_growth,23,145,0.1586,2026-05-06T12:52:17.000Z,2017-02-21
MAR,Consumer Discretionary,operating_income_yoy_growth,19,145,0.131,2026-05-06T12:52:17.000Z,2017-02-21
MAR,Consumer Discretionary,eps_diluted_yoy_growth,19,145,0.131,2026-05-06T12:52:17.000Z,2017-02-21
MAR,Consumer Discretionary,total_assets_yoy_growth,54,145,0.3724,2026-05-06T12:52:17.000Z,2017-02-21
MAR,Consumer Discretionary,operating_cash_flow_yoy_growth,32,145,0.2207,2026-05-06T12:52:17.000Z,2017-02-21
MAR,Consumer Discretionary,free_cash_flow_yoy_growth,0,145,0.0,2026-05-06T12:52:17.000Z,2017-02-21
MAR,Consumer Discretionary,cash_conversion,18,145,0.1241,2026-05-06T12:52:17.000Z,2017-02-21
MAR,Consumer Discretionary,fcf_to_net_income,0,145,0.0,2026-05-06T12:52:17.000Z,2017-02-21
MAR,Consumer Discretionary,capex_intensity,22,145,0.1517,2026-05-06T12:52:17.000Z,2017-02-21
MAR,Consumer Discretionary,accrual_proxy,18,145,0.1241,2026-05-06T12:52:17.000Z,2017-02-21
MAR,Consumer Discretionary,log_total_assets,60,145,0.4138,2026-05-06T12:52:17.000Z,2017-02-21
MAR,Consumer Discretionary,log_revenue_abs,33,145,0.2276,2026-05-06T12:52:17.000Z,2017-02-21
MAR,Consumer Discretionary,log_total_liabilities_abs,0,145,0.0,2026-05-06T12:52:17.000Z,2017-02-21
MAR,Consumer Discretionary,filing_lag_days,145,145,1.0,2026-05-06T12:52:17.000Z,2017-02-21
MCD,Consumer Discretionary,operating_margin,30,114,0.2632,2026-05-07T18:31:30.000Z,2017-11-02T16:45:45.000Z
MCD,Consumer Discretionary,net_margin,30,114,0.2632,2026-05-07T18:31:30.000Z,2017-11-02T16:45:45.000Z
MCD,Consumer Discretionary,fcf_margin,0,114,0.0,2026-05-07T18:31:30.000Z,2017-11-02T16:45:45.000Z
MCD,Consumer Discretionary,operating_cash_flow_margin,30,114,0.2632,2026-05-07T18:31:30.000Z,2017-11-02T16:45:45.000Z
MCD,Consumer Discretionary,debt_proxy_total_liabilities_to_assets,0,114,0.0,2026-05-07T18:31:30.000Z,2017-11-02T16:45:45.000Z
MCD,Consumer Discretionary,equity_to_assets,28,114,0.2456,2026-05-07T18:31:30.000Z,2017-11-02T16:45:45.000Z
MCD,Consumer Discretionary,asset_turnover_proxy,25,114,0.2193,2026-05-07T18:31:30.000Z,2017-11-02T16:45:45.000Z
MCD,Consumer Discretionary,liability_to_equity,0,114,0.0,2026-05-07T18:31:30.000Z,2017-11-02T16:45:45.000Z
MCD,Consumer Discretionary,revenue_yoy_growth,21,114,0.1842,2026-05-07T18:31:30.000Z,2017-11-02T16:45:45.000Z
MCD,Consumer Discretionary,net_income_yoy_growth,21,114,0.1842,2026-05-07T18:31:30.000Z,2017-11-02T16:45:45.000Z
MCD,Consumer Discretionary,operating_income_yoy_growth,21,114,0.1842,2026-05-07T18:31:30.000Z,2017-11-02T16:45:45.000Z
MCD,Consumer Discretionary,eps_diluted_yoy_growth,21,114,0.1842,2026-05-07T18:31:30.000Z,2017-11-02T16:45:45.000Z
MCD,Consumer Discretionary,total_assets_yoy_growth,54,114,0.4737,2026-05-07T18:31:30.000Z,2017-11-02T16:45:45.000Z
MCD,Consumer Discretionary,operating_cash_flow_yoy_growth,21,114,0.1842,2026-05-07T18:31:30.000Z,2017-11-02T16:45:45.000Z
MCD,Consumer Discretionary,free_cash_flow_yoy_growth,0,114,0.0,2026-05-07T18:31:30.000Z,2017-11-02T16:45:45.000Z
MCD,Consumer Discretionary,cash_conversion,30,114,0.2632,2026-05-07T18:31:30.000Z,2017-11-02T16:45:45.000Z
MCD,Consumer Discretionary,fcf_to_net_income,0,114,0.0,2026-05-07T18:31:30.000Z,2017-11-02T16:45:45.000Z
MCD,Consumer Discretionary,capex_intensity,30,114,0.2632,2026-05-07T18:31:30.000Z,2017-11-02T16:45:45.000Z
MCD,Consumer Discretionary,accrual_proxy,25,114,0.2193,2026-05-07T18:31:30.000Z,2017-11-02T16:45:45.000Z
MCD,Consumer Discretionary,log_total_assets,60,114,0.5263,2026-05-07T18:31:30.000Z,2017-11-02T16:45:45.000Z
MCD,Consumer Discretionary,log_revenue_abs,30,114,0.2632,2026-05-07T18:31:30.000Z,2017-11-02T16:45:45.000Z
MCD,Consumer Discretionary,log_total_liabilities_abs,0,114,0.0,2026-05-07T18:31:30.000Z,2017-11-02T16:45:45.000Z
MCD,Consumer Discretionary,filing_lag_days,114,114,1.0,2026-05-07T18:31:30.000Z,2017-11-02T16:45:45.000Z
MCO,Financials,operating_margin,0,138,0.0,2026-04-23T20:17:18.000Z,2015-02-26
MCO,Financials,net_margin,0,138,0.0,2026-04-23T20:17:18.000Z,2015-02-26
MCO,Financials,fcf_margin,0,138,0.0,2026-04-23T20:17:18.000Z,2015-02-26
MCO,Financials,operating_cash_flow_margin,7,138,0.0507,2026-04-23T20:17:18.000Z,2015-02-26
MCO,Financials,debt_proxy_total_liabilities_to_assets,60,138,0.4348,2026-04-23T20:17:18.000Z,2015-02-26
MCO,Financials,equity_to_assets,60,138,0.4348,2026-04-23T20:17:18.000Z,2015-02-26
MCO,Financials,asset_turnover_proxy,6,138,0.0435,2026-04-23T20:17:18.000Z,2015-02-26
MCO,Financials,liability_to_equity,60,138,0.4348,2026-04-23T20:17:18.000Z,2015-02-26
MCO,Financials,revenue_yoy_growth,22,138,0.1594,2026-04-23T20:17:18.000Z,2015-02-26
MCO,Financials,net_income_yoy_growth,21,138,0.1522,2026-04-23T20:17:18.000Z,2015-02-26
MCO,Financials,operating_income_yoy_growth,21,138,0.1522,2026-04-23T20:17:18.000Z,2015-02-26
MCO,Financials,eps_diluted_yoy_growth,21,138,0.1522,2026-04-23T20:17:18.000Z,2015-02-26
MCO,Financials,total_assets_yoy_growth,54,138,0.3913,2026-04-23T20:17:18.000Z,2015-02-26
MCO,Financials,operating_cash_flow_yoy_growth,32,138,0.2319,2026-04-23T20:17:18.000Z,2015-02-26
MCO,Financials,free_cash_flow_yoy_growth,0,138,0.0,2026-04-23T20:17:18.000Z,2015-02-26
MCO,Financials,cash_conversion,25,138,0.1812,2026-04-23T20:17:18.000Z,2015-02-26
MCO,Financials,fcf_to_net_income,0,138,0.0,2026-04-23T20:17:18.000Z,2015-02-26
MCO,Financials,capex_intensity,7,138,0.0507,2026-04-23T20:17:18.000Z,2015-02-26
MCO,Financials,accrual_proxy,25,138,0.1812,2026-04-23T20:17:18.000Z,2015-02-26
MCO,Financials,log_total_assets,60,138,0.4348,2026-04-23T20:17:18.000Z,2015-02-26
MCO,Financials,log_revenue_abs,35,138,0.2536,2026-04-23T20:17:18.000Z,2015-02-26
MCO,Financials,log_total_liabilities_abs,60,138,0.4348,2026-04-23T20:17:18.000Z,2015-02-26
MCO,Financials,filing_lag_days,138,138,1.0,2026-04-23T20:17:18.000Z,2015-02-26
MDLZ,Consumer Staples,operating_margin,25,118,0.2119,2026-04-28T20:15:15.000Z,2017-08-02T16:53:57.000Z
MDLZ,Consumer Staples,net_margin,33,118,0.2797,2026-04-28T20:15:15.000Z,2017-08-02T16:53:57.000Z
MDLZ,Consumer Staples,fcf_margin,0,118,0.0,2026-04-28T20:15:15.000Z,2017-08-02T16:53:57.000Z
MDLZ,Consumer Staples,operating_cash_flow_margin,23,118,0.1949,2026-04-28T20:15:15.000Z,2017-08-02T16:53:57.000Z
MDLZ,Consumer Staples,debt_proxy_total_liabilities_to_assets,60,118,0.5085,2026-04-28T20:15:15.000Z,2017-08-02T16:53:57.000Z
MDLZ,Consumer Staples,equity_to_assets,60,118,0.5085,2026-04-28T20:15:15.000Z,2017-08-02T16:53:57.000Z
MDLZ,Consumer Staples,asset_turnover_proxy,23,118,0.1949,2026-04-28T20:15:15.000Z,2017-08-02T16:53:57.000Z
MDLZ,Consumer Staples,liability_to_equity,60,118,0.5085,2026-04-28T20:15:15.000Z,2017-08-02T16:53:57.000Z
MDLZ,Consumer Staples,revenue_yoy_growth,19,118,0.161,2026-04-28T20:15:15.000Z,2017-08-02T16:53:57.000Z
MDLZ,Consumer Staples,net_income_yoy_growth,19,118,0.161,2026-04-28T20:15:15.000Z,2017-08-02T16:53:57.000Z
MDLZ,Consumer Staples,operating_income_yoy_growth,21,118,0.178,2026-04-28T20:15:15.000Z,2017-08-02T16:53:57.000Z
MDLZ,Consumer Staples,eps_diluted_yoy_growth,19,118,0.161,2026-04-28T20:15:15.000Z,2017-08-02T16:53:57.000Z
MDLZ,Consumer Staples,total_assets_yoy_growth,54,118,0.4576,2026-04-28T20:15:15.000Z,2017-08-02T16:53:57.000Z
MDLZ,Consumer Staples,operating_cash_flow_yoy_growth,32,118,0.2712,2026-04-28T20:15:15.000Z,2017-08-02T16:53:57.000Z
MDLZ,Consumer Staples,free_cash_flow_yoy_growth,0,118,0.0,2026-04-28T20:15:15.000Z,2017-08-02T16:53:57.000Z
MDLZ,Consumer Staples,cash_conversion,23,118,0.1949,2026-04-28T20:15:15.000Z,2017-08-02T16:53:57.000Z
MDLZ,Consumer Staples,fcf_to_net_income,0,118,0.0,2026-04-28T20:15:15.000Z,2017-08-02T16:53:57.000Z
MDLZ,Consumer Staples,capex_intensity,23,118,0.1949,2026-04-28T20:15:15.000Z,2017-08-02T16:53:57.000Z
MDLZ,Consumer Staples,accrual_proxy,23,118,0.1949,2026-04-28T20:15:15.000Z,2017-08-02T16:53:57.000Z
MDLZ,Consumer Staples,log_total_assets,60,118,0.5085,2026-04-28T20:15:15.000Z,2017-08-02T16:53:57.000Z
MDLZ,Consumer Staples,log_revenue_abs,33,118,0.2797,2026-04-28T20:15:15.000Z,2017-08-02T16:53:57.000Z
MDLZ,Consumer Staples,log_total_liabilities_abs,60,118,0.5085,2026-04-28T20:15:15.000Z,2017-08-02T16:53:57.000Z
MDLZ,Consumer Staples,filing_lag_days,118,118,1.0,2026-04-28T20:15:15.000Z,2017-08-02T16:53:57.000Z
MDT,Health Care,operating_margin,0,138,0.0,2026-06-18T20:27:27.000Z,2015-02-27
MDT,Health Care,net_margin,0,138,0.0,2026-06-18T20:27:27.000Z,2015-02-27
MDT,Health Care,fcf_margin,0,138,0.0,2026-06-18T20:27:27.000Z,2015-02-27
MDT,Health Care,operating_cash_flow_margin,4,138,0.029,2026-06-18T20:27:27.000Z,2015-02-27
MDT,Health Care,debt_proxy_total_liabilities_to_assets,60,138,0.4348,2026-06-18T20:27:27.000Z,2015-02-27
MDT,Health Care,equity_to_assets,60,138,0.4348,2026-06-18T20:27:27.000Z,2015-02-27
MDT,Health Care,asset_turnover_proxy,4,138,0.029,2026-06-18T20:27:27.000Z,2015-02-27
MDT,Health Care,liability_to_equity,60,138,0.4348,2026-06-18T20:27:27.000Z,2015-02-27
MDT,Health Care,revenue_yoy_growth,18,138,0.1304,2026-06-18T20:27:27.000Z,2015-02-27
MDT,Health Care,net_income_yoy_growth,22,138,0.1594,2026-06-18T20:27:27.000Z,2015-02-27
MDT,Health Care,operating_income_yoy_growth,21,138,0.1522,2026-06-18T20:27:27.000Z,2015-02-27
MDT,Health Care,eps_diluted_yoy_growth,22,138,0.1594,2026-06-18T20:27:27.000Z,2015-02-27
MDT,Health Care,total_assets_yoy_growth,56,138,0.4058,2026-06-18T20:27:27.000Z,2015-02-27
MDT,Health Care,operating_cash_flow_yoy_growth,32,138,0.2319,2026-06-18T20:27:27.000Z,2015-02-27
MDT,Health Care,free_cash_flow_yoy_growth,0,138,0.0,2026-06-18T20:27:27.000Z,2015-02-27
MDT,Health Care,cash_conversion,25,138,0.1812,2026-06-18T20:27:27.000Z,2015-02-27
MDT,Health Care,fcf_to_net_income,0,138,0.0,2026-06-18T20:27:27.000Z,2015-02-27
MDT,Health Care,capex_intensity,4,138,0.029,2026-06-18T20:27:27.000Z,2015-02-27
MDT,Health Care,accrual_proxy,25,138,0.1812,2026-06-18T20:27:27.000Z,2015-02-27
MDT,Health Care,log_total_assets,60,138,0.4348,2026-06-18T20:27:27.000Z,2015-02-27
MDT,Health Care,log_revenue_abs,32,138,0.2319,2026-06-18T20:27:27.000Z,2015-02-27
MDT,Health Care,log_total_liabilities_abs,60,138,0.4348,2026-06-18T20:27:27.000Z,2015-02-27
MDT,Health Care,filing_lag_days,138,138,1.0,2026-06-18T20:27:27.000Z,2015-02-27
META,Communication Services,operating_margin,0,152,0.0,2026-04-29T23:54:11.000Z,2012-10-24
META,Communication Services,net_margin,0,152,0.0,2026-04-29T23:54:11.000Z,2012-10-24
META,Communication Services,fcf_margin,0,152,0.0,2026-04-29T23:54:11.000Z,2012-10-24
META,Communication Services,operating_cash_flow_margin,6,152,0.0395,2026-04-29T23:54:11.000Z,2012-10-24
META,Communication Services,debt_proxy_total_liabilities_to_assets,60,152,0.3947,2026-04-29T23:54:11.000Z,2012-10-24
META,Communication Services,equity_to_assets,28,152,0.1842,2026-04-29T23:54:11.000Z,2012-10-24
META,Communication Services,asset_turnover_proxy,5,152,0.0329,2026-04-29T23:54:11.000Z,2012-10-24
META,Communication Services,liability_to_equity,28,152,0.1842,2026-04-29T23:54:11.000Z,2012-10-24
META,Communication Services,revenue_yoy_growth,21,152,0.1382,2026-04-29T23:54:11.000Z,2012-10-24
META,Communication Services,net_income_yoy_growth,21,152,0.1382,2026-04-29T23:54:11.000Z,2012-10-24
META,Communication Services,operating_income_yoy_growth,21,152,0.1382,2026-04-29T23:54:11.000Z,2012-10-24
META,Communication Services,eps_diluted_yoy_growth,21,152,0.1382,2026-04-29T23:54:11.000Z,2012-10-24
META,Communication Services,total_assets_yoy_growth,54,152,0.3553,2026-04-29T23:54:11.000Z,2012-10-24
META,Communication Services,operating_cash_flow_yoy_growth,32,152,0.2105,2026-04-29T23:54:11.000Z,2012-10-24
META,Communication Services,free_cash_flow_yoy_growth,0,152,0.0,2026-04-29T23:54:11.000Z,2012-10-24
META,Communication Services,cash_conversion,25,152,0.1645,2026-04-29T23:54:11.000Z,2012-10-24
META,Communication Services,fcf_to_net_income,0,152,0.0,2026-04-29T23:54:11.000Z,2012-10-24
META,Communication Services,capex_intensity,6,152,0.0395,2026-04-29T23:54:11.000Z,2012-10-24
META,Communication Services,accrual_proxy,25,152,0.1645,2026-04-29T23:54:11.000Z,2012-10-24
META,Communication Services,log_total_assets,60,152,0.3947,2026-04-29T23:54:11.000Z,2012-10-24
META,Communication Services,log_revenue_abs,29,152,0.1908,2026-04-29T23:54:11.000Z,2012-10-24
META,Communication Services,log_total_liabilities_abs,60,152,0.3947,2026-04-29T23:54:11.000Z,2012-10-24
META,Communication Services,filing_lag_days,152,152,1.0,2026-04-29T23:54:11.000Z,2012-10-24
MO,Consumer Staples,operating_margin,0,152,0.0,2026-04-30T11:20:08.000Z,2014-10-30T14:20:23.000Z
MO,Consumer Staples,net_margin,0,152,0.0,2026-04-30T11:20:08.000Z,2014-10-30T14:20:23.000Z
MO,Consumer Staples,fcf_margin,0,152,0.0,2026-04-30T11:20:08.000Z,2014-10-30T14:20:23.000Z
MO,Consumer Staples,operating_cash_flow_margin,4,152,0.0263,2026-04-30T11:20:08.000Z,2014-10-30T14:20:23.000Z
MO,Consumer Staples,debt_proxy_total_liabilities_to_assets,60,152,0.3947,2026-04-30T11:20:08.000Z,2014-10-30T14:20:23.000Z
MO,Consumer Staples,equity_to_assets,54,152,0.3553,2026-04-30T11:20:08.000Z,2014-10-30T14:20:23.000Z
MO,Consumer Staples,asset_turnover_proxy,3,152,0.0197,2026-04-30T11:20:08.000Z,2014-10-30T14:20:23.000Z
MO,Consumer Staples,liability_to_equity,54,152,0.3553,2026-04-30T11:20:08.000Z,2014-10-30T14:20:23.000Z
MO,Consumer Staples,revenue_yoy_growth,20,152,0.1316,2026-04-30T11:20:08.000Z,2014-10-30T14:20:23.000Z
MO,Consumer Staples,net_income_yoy_growth,19,152,0.125,2026-04-30T11:20:08.000Z,2014-10-30T14:20:23.000Z
MO,Consumer Staples,operating_income_yoy_growth,21,152,0.1382,2026-04-30T11:20:08.000Z,2014-10-30T14:20:23.000Z
MO,Consumer Staples,eps_diluted_yoy_growth,24,152,0.1579,2026-04-30T11:20:08.000Z,2014-10-30T14:20:23.000Z
MO,Consumer Staples,total_assets_yoy_growth,54,152,0.3553,2026-04-30T11:20:08.000Z,2014-10-30T14:20:23.000Z
MO,Consumer Staples,operating_cash_flow_yoy_growth,32,152,0.2105,2026-04-30T11:20:08.000Z,2014-10-30T14:20:23.000Z
MO,Consumer Staples,free_cash_flow_yoy_growth,0,152,0.0,2026-04-30T11:20:08.000Z,2014-10-30T14:20:23.000Z
MO,Consumer Staples,cash_conversion,23,152,0.1513,2026-04-30T11:20:08.000Z,2014-10-30T14:20:23.000Z
MO,Consumer Staples,fcf_to_net_income,0,152,0.0,2026-04-30T11:20:08.000Z,2014-10-30T14:20:23.000Z
MO,Consumer Staples,capex_intensity,4,152,0.0263,2026-04-30T11:20:08.000Z,2014-10-30T14:20:23.000Z
MO,Consumer Staples,accrual_proxy,23,152,0.1513,2026-04-30T11:20:08.000Z,2014-10-30T14:20:23.000Z
MO,Consumer Staples,log_total_assets,60,152,0.3947,2026-04-30T11:20:08.000Z,2014-10-30T14:20:23.000Z
MO,Consumer Staples,log_revenue_abs,35,152,0.2303,2026-04-30T11:20:08.000Z,2014-10-30T14:20:23.000Z
MO,Consumer Staples,log_total_liabilities_abs,60,152,0.3947,2026-04-30T11:20:08.000Z,2014-10-30T14:20:23.000Z
MO,Consumer Staples,filing_lag_days,152,152,1.0,2026-04-30T11:20:08.000Z,2014-10-30T14:20:23.000Z
MRK,Health Care,operating_margin,0,103,0.0,2026-05-04T20:10:32.000Z,2015-08-06
MRK,Health Care,net_margin,30,103,0.2913,2026-05-04T20:10:32.000Z,2015-08-06
MRK,Health Care,fcf_margin,0,103,0.0,2026-05-04T20:10:32.000Z,2015-08-06
MRK,Health Care,operating_cash_flow_margin,17,103,0.165,2026-05-04T20:10:32.000Z,2015-08-06
MRK,Health Care,debt_proxy_total_liabilities_to_assets,0,103,0.0,2026-05-04T20:10:32.000Z,2015-08-06
MRK,Health Care,equity_to_assets,60,103,0.5825,2026-05-04T20:10:32.000Z,2015-08-06
MRK,Health Care,asset_turnover_proxy,25,103,0.2427,2026-05-04T20:10:32.000Z,2015-08-06
MRK,Health Care,liability_to_equity,0,103,0.0,2026-05-04T20:10:32.000Z,2015-08-06
MRK,Health Care,revenue_yoy_growth,21,103,0.2039,2026-05-04T20:10:32.000Z,2015-08-06
MRK,Health Care,net_income_yoy_growth,21,103,0.2039,2026-05-04T20:10:32.000Z,2015-08-06
MRK,Health Care,operating_income_yoy_growth,0,103,0.0,2026-05-04T20:10:32.000Z,2015-08-06
MRK,Health Care,eps_diluted_yoy_growth,21,103,0.2039,2026-05-04T20:10:32.000Z,2015-08-06
MRK,Health Care,total_assets_yoy_growth,54,103,0.5243,2026-05-04T20:10:32.000Z,2015-08-06
MRK,Health Care,operating_cash_flow_yoy_growth,28,103,0.2718,2026-05-04T20:10:32.000Z,2015-08-06
MRK,Health Care,free_cash_flow_yoy_growth,0,103,0.0,2026-05-04T20:10:32.000Z,2015-08-06
MRK,Health Care,cash_conversion,17,103,0.165,2026-05-04T20:10:32.000Z,2015-08-06
MRK,Health Care,fcf_to_net_income,0,103,0.0,2026-05-04T20:10:32.000Z,2015-08-06
MRK,Health Care,capex_intensity,11,103,0.1068,2026-05-04T20:10:32.000Z,2015-08-06
MRK,Health Care,accrual_proxy,17,103,0.165,2026-05-04T20:10:32.000Z,2015-08-06
MRK,Health Care,log_total_assets,60,103,0.5825,2026-05-04T20:10:32.000Z,2015-08-06
MRK,Health Care,log_revenue_abs,30,103,0.2913,2026-05-04T20:10:32.000Z,2015-08-06
MRK,Health Care,log_total_liabilities_abs,0,103,0.0,2026-05-04T20:10:32.000Z,2015-08-06
MRK,Health Care,filing_lag_days,103,103,1.0,2026-05-04T20:10:32.000Z,2015-08-06
MS,Financials,operating_margin,0,110,0.0,2026-05-05T20:15:42.000Z,2012-02-27
MS,Financials,net_margin,0,110,0.0,2026-05-05T20:15:42.000Z,2012-02-27
MS,Financials,fcf_margin,0,110,0.0,2026-05-05T20:15:42.000Z,2012-02-27
MS,Financials,operating_cash_flow_margin,1,110,0.0091,2026-05-05T20:15:42.000Z,2012-02-27
MS,Financials,debt_proxy_total_liabilities_to_assets,60,110,0.5455,2026-05-05T20:15:42.000Z,2012-02-27
MS,Financials,equity_to_assets,60,110,0.5455,2026-05-05T20:15:42.000Z,2012-02-27
MS,Financials,asset_turnover_proxy,0,110,0.0,2026-05-05T20:15:42.000Z,2012-02-27
MS,Financials,liability_to_equity,60,110,0.5455,2026-05-05T20:15:42.000Z,2012-02-27
MS,Financials,revenue_yoy_growth,20,110,0.1818,2026-05-05T20:15:42.000Z,2012-02-27
MS,Financials,net_income_yoy_growth,19,110,0.1727,2026-05-05T20:15:42.000Z,2012-02-27
MS,Financials,operating_income_yoy_growth,0,110,0.0,2026-05-05T20:15:42.000Z,2012-02-27
MS,Financials,eps_diluted_yoy_growth,19,110,0.1727,2026-05-05T20:15:42.000Z,2012-02-27
MS,Financials,total_assets_yoy_growth,54,110,0.4909,2026-05-05T20:15:42.000Z,2012-02-27
MS,Financials,operating_cash_flow_yoy_growth,31,110,0.2818,2026-05-05T20:15:42.000Z,2012-02-27
MS,Financials,free_cash_flow_yoy_growth,0,110,0.0,2026-05-05T20:15:42.000Z,2012-02-27
MS,Financials,cash_conversion,23,110,0.2091,2026-05-05T20:15:42.000Z,2012-02-27
MS,Financials,fcf_to_net_income,0,110,0.0,2026-05-05T20:15:42.000Z,2012-02-27
MS,Financials,capex_intensity,0,110,0.0,2026-05-05T20:15:42.000Z,2012-02-27
MS,Financials,accrual_proxy,23,110,0.2091,2026-05-05T20:15:42.000Z,2012-02-27
MS,Financials,log_total_assets,60,110,0.5455,2026-05-05T20:15:42.000Z,2012-02-27
MS,Financials,log_revenue_abs,35,110,0.3182,2026-05-05T20:15:42.000Z,2012-02-27
MS,Financials,log_total_liabilities_abs,60,110,0.5455,2026-05-05T20:15:42.000Z,2012-02-27
MS,Financials,filing_lag_days,110,110,1.0,2026-05-05T20:15:42.000Z,2012-02-27
MSFT,Information Technology,operating_margin,0,120,0.0,2026-04-29T20:06:24.000Z,2009-10-23
MSFT,Information Technology,net_margin,0,120,0.0,2026-04-29T20:06:24.000Z,2009-10-23
MSFT,Information Technology,fcf_margin,0,120,0.0,2026-04-29T20:06:24.000Z,2009-10-23
MSFT,Information Technology,operating_cash_flow_margin,0,120,0.0,2026-04-29T20:06:24.000Z,2009-10-23
MSFT,Information Technology,debt_proxy_total_liabilities_to_assets,60,120,0.5,2026-04-29T20:06:24.000Z,2009-10-23
MSFT,Information Technology,equity_to_assets,48,120,0.4,2026-04-29T20:06:24.000Z,2009-10-23
MSFT,Information Technology,asset_turnover_proxy,0,120,0.0,2026-04-29T20:06:24.000Z,2009-10-23
MSFT,Information Technology,liability_to_equity,48,120,0.4,2026-04-29T20:06:24.000Z,2009-10-23
MSFT,Information Technology,revenue_yoy_growth,2,120,0.0167,2026-04-29T20:06:24.000Z,2009-10-23
MSFT,Information Technology,net_income_yoy_growth,21,120,0.175,2026-04-29T20:06:24.000Z,2009-10-23
MSFT,Information Technology,operating_income_yoy_growth,21,120,0.175,2026-04-29T20:06:24.000Z,2009-10-23
MSFT,Information Technology,eps_diluted_yoy_growth,21,120,0.175,2026-04-29T20:06:24.000Z,2009-10-23
MSFT,Information Technology,total_assets_yoy_growth,55,120,0.4583,2026-04-29T20:06:24.000Z,2009-10-23
MSFT,Information Technology,operating_cash_flow_yoy_growth,21,120,0.175,2026-04-29T20:06:24.000Z,2009-10-23
MSFT,Information Technology,free_cash_flow_yoy_growth,0,120,0.0,2026-04-29T20:06:24.000Z,2009-10-23
MSFT,Information Technology,cash_conversion,26,120,0.2167,2026-04-29T20:06:24.000Z,2009-10-23
MSFT,Information Technology,fcf_to_net_income,0,120,0.0,2026-04-29T20:06:24.000Z,2009-10-23
MSFT,Information Technology,capex_intensity,0,120,0.0,2026-04-29T20:06:24.000Z,2009-10-23
MSFT,Information Technology,accrual_proxy,24,120,0.2,2026-04-29T20:06:24.000Z,2009-10-23
MSFT,Information Technology,log_total_assets,60,120,0.5,2026-04-29T20:06:24.000Z,2009-10-23
MSFT,Information Technology,log_revenue_abs,20,120,0.1667,2026-04-29T20:06:24.000Z,2009-10-23
MSFT,Information Technology,log_total_liabilities_abs,60,120,0.5,2026-04-29T20:06:24.000Z,2009-10-23
MSFT,Information Technology,filing_lag_days,120,120,1.0,2026-04-29T20:06:24.000Z,2009-10-23
MU,Information Technology,operating_margin,0,153,0.0,2026-03-18T23:00:06.000Z,2013-07-08
MU,Information Technology,net_margin,0,153,0.0,2026-03-18T23:00:06.000Z,2013-07-08
MU,Information Technology,fcf_margin,0,153,0.0,2026-03-18T23:00:06.000Z,2013-07-08
MU,Information Technology,operating_cash_flow_margin,1,153,0.0065,2026-03-18T23:00:06.000Z,2013-07-08
MU,Information Technology,debt_proxy_total_liabilities_to_assets,60,153,0.3922,2026-03-18T23:00:06.000Z,2013-07-08
MU,Information Technology,equity_to_assets,27,153,0.1765,2026-03-18T23:00:06.000Z,2013-07-08
MU,Information Technology,asset_turnover_proxy,1,153,0.0065,2026-03-18T23:00:06.000Z,2013-07-08
MU,Information Technology,liability_to_equity,27,153,0.1765,2026-03-18T23:00:06.000Z,2013-07-08
MU,Information Technology,revenue_yoy_growth,0,153,0.0,2026-03-18T23:00:06.000Z,2013-07-08
MU,Information Technology,net_income_yoy_growth,22,153,0.1438,2026-03-18T23:00:06.000Z,2013-07-08
MU,Information Technology,operating_income_yoy_growth,19,153,0.1242,2026-03-18T23:00:06.000Z,2013-07-08
MU,Information Technology,eps_diluted_yoy_growth,19,153,0.1242,2026-03-18T23:00:06.000Z,2013-07-08
MU,Information Technology,total_assets_yoy_growth,53,153,0.3464,2026-03-18T23:00:06.000Z,2013-07-08
MU,Information Technology,operating_cash_flow_yoy_growth,31,153,0.2026,2026-03-18T23:00:06.000Z,2013-07-08
MU,Information Technology,free_cash_flow_yoy_growth,0,153,0.0,2026-03-18T23:00:06.000Z,2013-07-08
MU,Information Technology,cash_conversion,17,153,0.1111,2026-03-18T23:00:06.000Z,2013-07-08
MU,Information Technology,fcf_to_net_income,0,153,0.0,2026-03-18T23:00:06.000Z,2013-07-08
MU,Information Technology,capex_intensity,1,153,0.0065,2026-03-18T23:00:06.000Z,2013-07-08
MU,Information Technology,accrual_proxy,17,153,0.1111,2026-03-18T23:00:06.000Z,2013-07-08
MU,Information Technology,log_total_assets,60,153,0.3922,2026-03-18T23:00:06.000Z,2013-07-08
MU,Information Technology,log_revenue_abs,9,153,0.0588,2026-03-18T23:00:06.000Z,2013-07-08
MU,Information Technology,log_total_liabilities_abs,60,153,0.3922,2026-03-18T23:00:06.000Z,2013-07-08
MU,Information Technology,filing_lag_days,153,153,1.0,2026-03-18T23:00:06.000Z,2013-07-08
NEE,Utilities,operating_margin,0,112,0.0,2026-04-23T20:52:23.000Z,2009-10-30
NEE,Utilities,net_margin,0,112,0.0,2026-04-23T20:52:23.000Z,2009-10-30
NEE,Utilities,fcf_margin,0,112,0.0,2026-04-23T20:52:23.000Z,2009-10-30
NEE,Utilities,operating_cash_flow_margin,0,112,0.0,2026-04-23T20:52:23.000Z,2009-10-30
NEE,Utilities,debt_proxy_total_liabilities_to_assets,38,112,0.3393,2026-04-23T20:52:23.000Z,2009-10-30
NEE,Utilities,equity_to_assets,60,112,0.5357,2026-04-23T20:52:23.000Z,2009-10-30
NEE,Utilities,asset_turnover_proxy,0,112,0.0,2026-04-23T20:52:23.000Z,2009-10-30
NEE,Utilities,liability_to_equity,38,112,0.3393,2026-04-23T20:52:23.000Z,2009-10-30
NEE,Utilities,revenue_yoy_growth,25,112,0.2232,2026-04-23T20:52:23.000Z,2009-10-30
NEE,Utilities,net_income_yoy_growth,21,112,0.1875,2026-04-23T20:52:23.000Z,2009-10-30
NEE,Utilities,operating_income_yoy_growth,21,112,0.1875,2026-04-23T20:52:23.000Z,2009-10-30
NEE,Utilities,eps_diluted_yoy_growth,19,112,0.1696,2026-04-23T20:52:23.000Z,2009-10-30
NEE,Utilities,total_assets_yoy_growth,54,112,0.4821,2026-04-23T20:52:23.000Z,2009-10-30
NEE,Utilities,operating_cash_flow_yoy_growth,32,112,0.2857,2026-04-23T20:52:23.000Z,2009-10-30
NEE,Utilities,free_cash_flow_yoy_growth,0,112,0.0,2026-04-23T20:52:23.000Z,2009-10-30
NEE,Utilities,cash_conversion,25,112,0.2232,2026-04-23T20:52:23.000Z,2009-10-30
NEE,Utilities,fcf_to_net_income,0,112,0.0,2026-04-23T20:52:23.000Z,2009-10-30
NEE,Utilities,capex_intensity,0,112,0.0,2026-04-23T20:52:23.000Z,2009-10-30
NEE,Utilities,accrual_proxy,25,112,0.2232,2026-04-23T20:52:23.000Z,2009-10-30
NEE,Utilities,log_total_assets,60,112,0.5357,2026-04-23T20:52:23.000Z,2009-10-30
NEE,Utilities,log_revenue_abs,34,112,0.3036,2026-04-23T20:52:23.000Z,2009-10-30
NEE,Utilities,log_total_liabilities_abs,39,112,0.3482,2026-04-23T20:52:23.000Z,2009-10-30
NEE,Utilities,filing_lag_days,112,112,1.0,2026-04-23T20:52:23.000Z,2009-10-30
NFLX,Communication Services,operating_margin,25,122,0.2049,2026-04-17T20:02:05.000Z,2018-01-29
NFLX,Communication Services,net_margin,33,122,0.2705,2026-04-17T20:02:05.000Z,2018-01-29
NFLX,Communication Services,fcf_margin,0,122,0.0,2026-04-17T20:02:05.000Z,2018-01-29
NFLX,Communication Services,operating_cash_flow_margin,25,122,0.2049,2026-04-17T20:02:05.000Z,2018-01-29
NFLX,Communication Services,debt_proxy_total_liabilities_to_assets,60,122,0.4918,2026-04-17T20:02:05.000Z,2018-01-29
NFLX,Communication Services,equity_to_assets,28,122,0.2295,2026-04-17T20:02:05.000Z,2018-01-29
NFLX,Communication Services,asset_turnover_proxy,23,122,0.1885,2026-04-17T20:02:05.000Z,2018-01-29
NFLX,Communication Services,liability_to_equity,28,122,0.2295,2026-04-17T20:02:05.000Z,2018-01-29
NFLX,Communication Services,revenue_yoy_growth,19,122,0.1557,2026-04-17T20:02:05.000Z,2018-01-29
NFLX,Communication Services,net_income_yoy_growth,19,122,0.1557,2026-04-17T20:02:05.000Z,2018-01-29
NFLX,Communication Services,operating_income_yoy_growth,21,122,0.1721,2026-04-17T20:02:05.000Z,2018-01-29
NFLX,Communication Services,eps_diluted_yoy_growth,19,122,0.1557,2026-04-17T20:02:05.000Z,2018-01-29
NFLX,Communication Services,total_assets_yoy_growth,52,122,0.4262,2026-04-17T20:02:05.000Z,2018-01-29
NFLX,Communication Services,operating_cash_flow_yoy_growth,21,122,0.1721,2026-04-17T20:02:05.000Z,2018-01-29
NFLX,Communication Services,free_cash_flow_yoy_growth,0,122,0.0,2026-04-17T20:02:05.000Z,2018-01-29
NFLX,Communication Services,cash_conversion,25,122,0.2049,2026-04-17T20:02:05.000Z,2018-01-29
NFLX,Communication Services,fcf_to_net_income,0,122,0.0,2026-04-17T20:02:05.000Z,2018-01-29
NFLX,Communication Services,capex_intensity,25,122,0.2049,2026-04-17T20:02:05.000Z,2018-01-29
NFLX,Communication Services,accrual_proxy,23,122,0.1885,2026-04-17T20:02:05.000Z,2018-01-29
NFLX,Communication Services,log_total_assets,60,122,0.4918,2026-04-17T20:02:05.000Z,2018-01-29
NFLX,Communication Services,log_revenue_abs,33,122,0.2705,2026-04-17T20:02:05.000Z,2018-01-29
NFLX,Communication Services,log_total_liabilities_abs,60,122,0.4918,2026-04-17T20:02:05.000Z,2018-01-29
NFLX,Communication Services,filing_lag_days,122,122,1.0,2026-04-17T20:02:05.000Z,2018-01-29
NKE,Consumer Discretionary,operating_margin,0,150,0.0,2026-04-01T20:16:39.000Z,2013-01-09
NKE,Consumer Discretionary,net_margin,0,150,0.0,2026-04-01T20:16:39.000Z,2013-01-09
NKE,Consumer Discretionary,fcf_margin,0,150,0.0,2026-04-01T20:16:39.000Z,2013-01-09
NKE,Consumer Discretionary,operating_cash_flow_margin,7,150,0.0467,2026-04-01T20:16:39.000Z,2013-01-09
NKE,Consumer Discretionary,debt_proxy_total_liabilities_to_assets,0,150,0.0,2026-04-01T20:16:39.000Z,2013-01-09
NKE,Consumer Discretionary,equity_to_assets,28,150,0.1867,2026-04-01T20:16:39.000Z,2013-01-09
NKE,Consumer Discretionary,asset_turnover_proxy,6,150,0.04,2026-04-01T20:16:39.000Z,2013-01-09
NKE,Consumer Discretionary,liability_to_equity,0,150,0.0,2026-04-01T20:16:39.000Z,2013-01-09
NKE,Consumer Discretionary,revenue_yoy_growth,21,150,0.14,2026-04-01T20:16:39.000Z,2013-01-09
NKE,Consumer Discretionary,net_income_yoy_growth,21,150,0.14,2026-04-01T20:16:39.000Z,2013-01-09
NKE,Consumer Discretionary,operating_income_yoy_growth,0,150,0.0,2026-04-01T20:16:39.000Z,2013-01-09
NKE,Consumer Discretionary,eps_diluted_yoy_growth,21,150,0.14,2026-04-01T20:16:39.000Z,2013-01-09
NKE,Consumer Discretionary,total_assets_yoy_growth,55,150,0.3667,2026-04-01T20:16:39.000Z,2013-01-09
NKE,Consumer Discretionary,operating_cash_flow_yoy_growth,32,150,0.2133,2026-04-01T20:16:39.000Z,2013-01-09
NKE,Consumer Discretionary,free_cash_flow_yoy_growth,0,150,0.0,2026-04-01T20:16:39.000Z,2013-01-09
NKE,Consumer Discretionary,cash_conversion,25,150,0.1667,2026-04-01T20:16:39.000Z,2013-01-09
NKE,Consumer Discretionary,fcf_to_net_income,0,150,0.0,2026-04-01T20:16:39.000Z,2013-01-09
NKE,Consumer Discretionary,capex_intensity,7,150,0.0467,2026-04-01T20:16:39.000Z,2013-01-09
NKE,Consumer Discretionary,accrual_proxy,25,150,0.1667,2026-04-01T20:16:39.000Z,2013-01-09
NKE,Consumer Discretionary,log_total_assets,60,150,0.4,2026-04-01T20:16:39.000Z,2013-01-09
NKE,Consumer Discretionary,log_revenue_abs,29,150,0.1933,2026-04-01T20:16:39.000Z,2013-01-09
NKE,Consumer Discretionary,log_total_liabilities_abs,0,150,0.0,2026-04-01T20:16:39.000Z,2013-01-09
NKE,Consumer Discretionary,filing_lag_days,150,150,1.0,2026-04-01T20:16:39.000Z,2013-01-09
NOC,Industrials,operating_margin,33,119,0.2773,2026-04-21T20:03:48.000Z,2017-07-26T10:39:01.000Z
NOC,Industrials,net_margin,33,119,0.2773,2026-04-21T20:03:48.000Z,2017-07-26T10:39:01.000Z
NOC,Industrials,fcf_margin,0,119,0.0,2026-04-21T20:03:48.000Z,2017-07-26T10:39:01.000Z
NOC,Industrials,operating_cash_flow_margin,23,119,0.1933,2026-04-21T20:03:48.000Z,2017-07-26T10:39:01.000Z
NOC,Industrials,debt_proxy_total_liabilities_to_assets,60,119,0.5042,2026-04-21T20:03:48.000Z,2017-07-26T10:39:01.000Z
NOC,Industrials,equity_to_assets,47,119,0.395,2026-04-21T20:03:48.000Z,2017-07-26T10:39:01.000Z
NOC,Industrials,asset_turnover_proxy,23,119,0.1933,2026-04-21T20:03:48.000Z,2017-07-26T10:39:01.000Z
NOC,Industrials,liability_to_equity,47,119,0.395,2026-04-21T20:03:48.000Z,2017-07-26T10:39:01.000Z
NOC,Industrials,revenue_yoy_growth,19,119,0.1597,2026-04-21T20:03:48.000Z,2017-07-26T10:39:01.000Z
NOC,Industrials,net_income_yoy_growth,19,119,0.1597,2026-04-21T20:03:48.000Z,2017-07-26T10:39:01.000Z
NOC,Industrials,operating_income_yoy_growth,19,119,0.1597,2026-04-21T20:03:48.000Z,2017-07-26T10:39:01.000Z
NOC,Industrials,eps_diluted_yoy_growth,19,119,0.1597,2026-04-21T20:03:48.000Z,2017-07-26T10:39:01.000Z
NOC,Industrials,total_assets_yoy_growth,54,119,0.4538,2026-04-21T20:03:48.000Z,2017-07-26T10:39:01.000Z
NOC,Industrials,operating_cash_flow_yoy_growth,32,119,0.2689,2026-04-21T20:03:48.000Z,2017-07-26T10:39:01.000Z
NOC,Industrials,free_cash_flow_yoy_growth,0,119,0.0,2026-04-21T20:03:48.000Z,2017-07-26T10:39:01.000Z
NOC,Industrials,cash_conversion,23,119,0.1933,2026-04-21T20:03:48.000Z,2017-07-26T10:39:01.000Z
NOC,Industrials,fcf_to_net_income,0,119,0.0,2026-04-21T20:03:48.000Z,2017-07-26T10:39:01.000Z
NOC,Industrials,capex_intensity,23,119,0.1933,2026-04-21T20:03:48.000Z,2017-07-26T10:39:01.000Z
NOC,Industrials,accrual_proxy,23,119,0.1933,2026-04-21T20:03:48.000Z,2017-07-26T10:39:01.000Z
NOC,Industrials,log_total_assets,60,119,0.5042,2026-04-21T20:03:48.000Z,2017-07-26T10:39:01.000Z
NOC,Industrials,log_revenue_abs,33,119,0.2773,2026-04-21T20:03:48.000Z,2017-07-26T10:39:01.000Z
NOC,Industrials,log_total_liabilities_abs,60,119,0.5042,2026-04-21T20:03:48.000Z,2017-07-26T10:39:01.000Z
NOC,Industrials,filing_lag_days,119,119,1.0,2026-04-21T20:03:48.000Z,2017-07-26T10:39:01.000Z
NOW,Information Technology,operating_margin,0,151,0.0,2026-04-22T23:11:30.000Z,2013-11-04
NOW,Information Technology,net_margin,0,151,0.0,2026-04-22T23:11:30.000Z,2013-11-04
NOW,Information Technology,fcf_margin,0,151,0.0,2026-04-22T23:11:30.000Z,2013-11-04
NOW,Information Technology,operating_cash_flow_margin,5,151,0.0331,2026-04-22T23:11:30.000Z,2013-11-04
NOW,Information Technology,debt_proxy_total_liabilities_to_assets,60,151,0.3974,2026-04-22T23:11:30.000Z,2013-11-04
NOW,Information Technology,equity_to_assets,28,151,0.1854,2026-04-22T23:11:30.000Z,2013-11-04
NOW,Information Technology,asset_turnover_proxy,4,151,0.0265,2026-04-22T23:11:30.000Z,2013-11-04
NOW,Information Technology,liability_to_equity,28,151,0.1854,2026-04-22T23:11:30.000Z,2013-11-04
NOW,Information Technology,revenue_yoy_growth,16,151,0.106,2026-04-22T23:11:30.000Z,2013-11-04
NOW,Information Technology,net_income_yoy_growth,21,151,0.1391,2026-04-22T23:11:30.000Z,2013-11-04
NOW,Information Technology,operating_income_yoy_growth,21,151,0.1391,2026-04-22T23:11:30.000Z,2013-11-04
NOW,Information Technology,eps_diluted_yoy_growth,21,151,0.1391,2026-04-22T23:11:30.000Z,2013-11-04
NOW,Information Technology,total_assets_yoy_growth,54,151,0.3576,2026-04-22T23:11:30.000Z,2013-11-04
NOW,Information Technology,operating_cash_flow_yoy_growth,32,151,0.2119,2026-04-22T23:11:30.000Z,2013-11-04
NOW,Information Technology,free_cash_flow_yoy_growth,0,151,0.0,2026-04-22T23:11:30.000Z,2013-11-04
NOW,Information Technology,cash_conversion,25,151,0.1656,2026-04-22T23:11:30.000Z,2013-11-04
NOW,Information Technology,fcf_to_net_income,0,151,0.0,2026-04-22T23:11:30.000Z,2013-11-04
NOW,Information Technology,capex_intensity,5,151,0.0331,2026-04-22T23:11:30.000Z,2013-11-04
NOW,Information Technology,accrual_proxy,25,151,0.1656,2026-04-22T23:11:30.000Z,2013-11-04
NOW,Information Technology,log_total_assets,60,151,0.3974,2026-04-22T23:11:30.000Z,2013-11-04
NOW,Information Technology,log_revenue_abs,27,151,0.1788,2026-04-22T23:11:30.000Z,2013-11-04
NOW,Information Technology,log_total_liabilities_abs,60,151,0.3974,2026-04-22T23:11:30.000Z,2013-11-04
NOW,Information Technology,filing_lag_days,151,151,1.0,2026-04-22T23:11:30.000Z,2013-11-04
NVDA,Information Technology,operating_margin,26,124,0.2097,2026-05-20T20:35:52.000Z,2012-03-13
NVDA,Information Technology,net_margin,26,124,0.2097,2026-05-20T20:35:52.000Z,2012-03-13
NVDA,Information Technology,fcf_margin,0,124,0.0,2026-05-20T20:35:52.000Z,2012-03-13
NVDA,Information Technology,operating_cash_flow_margin,27,124,0.2177,2026-05-20T20:35:52.000Z,2012-03-13
NVDA,Information Technology,debt_proxy_total_liabilities_to_assets,60,124,0.4839,2026-05-20T20:35:52.000Z,2012-03-13
NVDA,Information Technology,equity_to_assets,28,124,0.2258,2026-05-20T20:35:52.000Z,2012-03-13
NVDA,Information Technology,asset_turnover_proxy,27,124,0.2177,2026-05-20T20:35:52.000Z,2012-03-13
NVDA,Information Technology,liability_to_equity,28,124,0.2258,2026-05-20T20:35:52.000Z,2012-03-13
NVDA,Information Technology,revenue_yoy_growth,19,124,0.1532,2026-05-20T20:35:52.000Z,2012-03-13
NVDA,Information Technology,net_income_yoy_growth,19,124,0.1532,2026-05-20T20:35:52.000Z,2012-03-13
NVDA,Information Technology,operating_income_yoy_growth,19,124,0.1532,2026-05-20T20:35:52.000Z,2012-03-13
NVDA,Information Technology,eps_diluted_yoy_growth,19,124,0.1532,2026-05-20T20:35:52.000Z,2012-03-13
NVDA,Information Technology,total_assets_yoy_growth,50,124,0.4032,2026-05-20T20:35:52.000Z,2012-03-13
NVDA,Information Technology,operating_cash_flow_yoy_growth,30,124,0.2419,2026-05-20T20:35:52.000Z,2012-03-13
NVDA,Information Technology,free_cash_flow_yoy_growth,0,124,0.0,2026-05-20T20:35:52.000Z,2012-03-13
NVDA,Information Technology,cash_conversion,27,124,0.2177,2026-05-20T20:35:52.000Z,2012-03-13
NVDA,Information Technology,fcf_to_net_income,0,124,0.0,2026-05-20T20:35:52.000Z,2012-03-13
NVDA,Information Technology,capex_intensity,5,124,0.0403,2026-05-20T20:35:52.000Z,2012-03-13
NVDA,Information Technology,accrual_proxy,27,124,0.2177,2026-05-20T20:35:52.000Z,2012-03-13
NVDA,Information Technology,log_total_assets,60,124,0.4839,2026-05-20T20:35:52.000Z,2012-03-13
NVDA,Information Technology,log_revenue_abs,30,124,0.2419,2026-05-20T20:35:52.000Z,2012-03-13
NVDA,Information Technology,log_total_liabilities_abs,60,124,0.4839,2026-05-20T20:35:52.000Z,2012-03-13
NVDA,Information Technology,filing_lag_days,124,124,1.0,2026-05-20T20:35:52.000Z,2012-03-13
ORCL,Information Technology,operating_margin,6,137,0.0438,2026-03-11T10:38:49.000Z,2012-09-24
ORCL,Information Technology,net_margin,6,137,0.0438,2026-03-11T10:38:49.000Z,2012-09-24
ORCL,Information Technology,fcf_margin,0,137,0.0,2026-03-11T10:38:49.000Z,2012-09-24
ORCL,Information Technology,operating_cash_flow_margin,8,137,0.0584,2026-03-11T10:38:49.000Z,2012-09-24
ORCL,Information Technology,debt_proxy_total_liabilities_to_assets,0,137,0.0,2026-03-11T10:38:49.000Z,2012-09-24
ORCL,Information Technology,equity_to_assets,60,137,0.438,2026-03-11T10:38:49.000Z,2012-09-24
ORCL,Information Technology,asset_turnover_proxy,11,137,0.0803,2026-03-11T10:38:49.000Z,2012-09-24
ORCL,Information Technology,liability_to_equity,0,137,0.0,2026-03-11T10:38:49.000Z,2012-09-24
ORCL,Information Technology,revenue_yoy_growth,21,137,0.1533,2026-03-11T10:38:49.000Z,2012-09-24
ORCL,Information Technology,net_income_yoy_growth,21,137,0.1533,2026-03-11T10:38:49.000Z,2012-09-24
ORCL,Information Technology,operating_income_yoy_growth,21,137,0.1533,2026-03-11T10:38:49.000Z,2012-09-24
ORCL,Information Technology,eps_diluted_yoy_growth,21,137,0.1533,2026-03-11T10:38:49.000Z,2012-09-24
ORCL,Information Technology,total_assets_yoy_growth,55,137,0.4015,2026-03-11T10:38:49.000Z,2012-09-24
ORCL,Information Technology,operating_cash_flow_yoy_growth,28,137,0.2044,2026-03-11T10:38:49.000Z,2012-09-24
ORCL,Information Technology,free_cash_flow_yoy_growth,0,137,0.0,2026-03-11T10:38:49.000Z,2012-09-24
ORCL,Information Technology,cash_conversion,25,137,0.1825,2026-03-11T10:38:49.000Z,2012-09-24
ORCL,Information Technology,fcf_to_net_income,0,137,0.0,2026-03-11T10:38:49.000Z,2012-09-24
ORCL,Information Technology,capex_intensity,12,137,0.0876,2026-03-11T10:38:49.000Z,2012-09-24
ORCL,Information Technology,accrual_proxy,25,137,0.1825,2026-03-11T10:38:49.000Z,2012-09-24
ORCL,Information Technology,log_total_assets,60,137,0.438,2026-03-11T10:38:49.000Z,2012-09-24
ORCL,Information Technology,log_revenue_abs,30,137,0.219,2026-03-11T10:38:49.000Z,2012-09-24
ORCL,Information Technology,log_total_liabilities_abs,0,137,0.0,2026-03-11T10:38:49.000Z,2012-09-24
ORCL,Information Technology,filing_lag_days,137,137,1.0,2026-03-11T10:38:49.000Z,2012-09-24
ORLY,Consumer Discretionary,operating_margin,0,171,0.0,2026-05-08T20:37:22.000Z,2014-11-07
ORLY,Consumer Discretionary,net_margin,0,171,0.0,2026-05-08T20:37:22.000Z,2014-11-07
ORLY,Consumer Discretionary,fcf_margin,0,171,0.0,2026-05-08T20:37:22.000Z,2014-11-07
ORLY,Consumer Discretionary,operating_cash_flow_margin,3,171,0.0175,2026-05-08T20:37:22.000Z,2014-11-07
ORLY,Consumer Discretionary,debt_proxy_total_liabilities_to_assets,0,171,0.0,2026-05-08T20:37:22.000Z,2014-11-07
ORLY,Consumer Discretionary,equity_to_assets,28,171,0.1637,2026-05-08T20:37:22.000Z,2014-11-07
ORLY,Consumer Discretionary,asset_turnover_proxy,2,171,0.0117,2026-05-08T20:37:22.000Z,2014-11-07
ORLY,Consumer Discretionary,liability_to_equity,0,171,0.0,2026-05-08T20:37:22.000Z,2014-11-07
ORLY,Consumer Discretionary,revenue_yoy_growth,21,171,0.1228,2026-05-08T20:37:22.000Z,2014-11-07
ORLY,Consumer Discretionary,net_income_yoy_growth,18,171,0.1053,2026-05-08T20:37:22.000Z,2014-11-07
ORLY,Consumer Discretionary,operating_income_yoy_growth,18,171,0.1053,2026-05-08T20:37:22.000Z,2014-11-07
ORLY,Consumer Discretionary,eps_diluted_yoy_growth,18,171,0.1053,2026-05-08T20:37:22.000Z,2014-11-07
ORLY,Consumer Discretionary,total_assets_yoy_growth,52,171,0.3041,2026-05-08T20:37:22.000Z,2014-11-07
ORLY,Consumer Discretionary,operating_cash_flow_yoy_growth,31,171,0.1813,2026-05-08T20:37:22.000Z,2014-11-07
ORLY,Consumer Discretionary,free_cash_flow_yoy_growth,0,171,0.0,2026-05-08T20:37:22.000Z,2014-11-07
ORLY,Consumer Discretionary,cash_conversion,18,171,0.1053,2026-05-08T20:37:22.000Z,2014-11-07
ORLY,Consumer Discretionary,fcf_to_net_income,0,171,0.0,2026-05-08T20:37:22.000Z,2014-11-07
ORLY,Consumer Discretionary,capex_intensity,3,171,0.0175,2026-05-08T20:37:22.000Z,2014-11-07
ORLY,Consumer Discretionary,accrual_proxy,18,171,0.1053,2026-05-08T20:37:22.000Z,2014-11-07
ORLY,Consumer Discretionary,log_total_assets,60,171,0.3509,2026-05-08T20:37:22.000Z,2014-11-07
ORLY,Consumer Discretionary,log_revenue_abs,36,171,0.2105,2026-05-08T20:37:22.000Z,2014-11-07
ORLY,Consumer Discretionary,log_total_liabilities_abs,0,171,0.0,2026-05-08T20:37:22.000Z,2014-11-07
ORLY,Consumer Discretionary,filing_lag_days,171,171,1.0,2026-05-08T20:37:22.000Z,2014-11-07
PANW,Information Technology,operating_margin,0,103,0.0,2026-06-02T23:39:01.000Z,2013-06-04
PANW,Information Technology,net_margin,0,103,0.0,2026-06-02T23:39:01.000Z,2013-06-04
PANW,Information Technology,fcf_margin,0,103,0.0,2026-06-02T23:39:01.000Z,2013-06-04
PANW,Information Technology,operating_cash_flow_margin,2,103,0.0194,2026-06-02T23:39:01.000Z,2013-06-04
PANW,Information Technology,debt_proxy_total_liabilities_to_assets,28,103,0.2718,2026-06-02T23:39:01.000Z,2013-06-04
PANW,Information Technology,equity_to_assets,49,103,0.4757,2026-06-02T23:39:01.000Z,2013-06-04
PANW,Information Technology,asset_turnover_proxy,1,103,0.0097,2026-06-02T23:39:01.000Z,2013-06-04
PANW,Information Technology,liability_to_equity,28,103,0.2718,2026-06-02T23:39:01.000Z,2013-06-04
PANW,Information Technology,revenue_yoy_growth,5,103,0.0485,2026-06-02T23:39:01.000Z,2013-06-04
PANW,Information Technology,net_income_yoy_growth,21,103,0.2039,2026-06-02T23:39:01.000Z,2013-06-04
PANW,Information Technology,operating_income_yoy_growth,21,103,0.2039,2026-06-02T23:39:01.000Z,2013-06-04
PANW,Information Technology,eps_diluted_yoy_growth,14,103,0.1359,2026-06-02T23:39:01.000Z,2013-06-04
PANW,Information Technology,total_assets_yoy_growth,55,103,0.534,2026-06-02T23:39:01.000Z,2013-06-04
PANW,Information Technology,operating_cash_flow_yoy_growth,32,103,0.3107,2026-06-02T23:39:01.000Z,2013-06-04
PANW,Information Technology,free_cash_flow_yoy_growth,0,103,0.0,2026-06-02T23:39:01.000Z,2013-06-04
PANW,Information Technology,cash_conversion,24,103,0.233,2026-06-02T23:39:01.000Z,2013-06-04
PANW,Information Technology,fcf_to_net_income,0,103,0.0,2026-06-02T23:39:01.000Z,2013-06-04
PANW,Information Technology,capex_intensity,0,103,0.0,2026-06-02T23:39:01.000Z,2013-06-04
PANW,Information Technology,accrual_proxy,24,103,0.233,2026-06-02T23:39:01.000Z,2013-06-04
PANW,Information Technology,log_total_assets,60,103,0.5825,2026-06-02T23:39:01.000Z,2013-06-04
PANW,Information Technology,log_revenue_abs,8,103,0.0777,2026-06-02T23:39:01.000Z,2013-06-04
PANW,Information Technology,log_total_liabilities_abs,29,103,0.2816,2026-06-02T23:39:01.000Z,2013-06-04
PANW,Information Technology,filing_lag_days,103,103,1.0,2026-06-02T23:39:01.000Z,2013-06-04
PEP,Consumer Staples,operating_margin,30,70,0.4286,2026-04-15T21:56:59.000Z,2017-07-11T20:19:57.000Z
PEP,Consumer Staples,net_margin,30,70,0.4286,2026-04-15T21:56:59.000Z,2017-07-11T20:19:57.000Z
PEP,Consumer Staples,fcf_margin,0,70,0.0,2026-04-15T21:56:59.000Z,2017-07-11T20:19:57.000Z
PEP,Consumer Staples,operating_cash_flow_margin,25,70,0.3571,2026-04-15T21:56:59.000Z,2017-07-11T20:19:57.000Z
PEP,Consumer Staples,debt_proxy_total_liabilities_to_assets,60,70,0.8571,2026-04-15T21:56:59.000Z,2017-07-11T20:19:57.000Z
PEP,Consumer Staples,equity_to_assets,60,70,0.8571,2026-04-15T21:56:59.000Z,2017-07-11T20:19:57.000Z
PEP,Consumer Staples,asset_turnover_proxy,25,70,0.3571,2026-04-15T21:56:59.000Z,2017-07-11T20:19:57.000Z
PEP,Consumer Staples,liability_to_equity,60,70,0.8571,2026-04-15T21:56:59.000Z,2017-07-11T20:19:57.000Z
PEP,Consumer Staples,revenue_yoy_growth,21,70,0.3,2026-04-15T21:56:59.000Z,2017-07-11T20:19:57.000Z
PEP,Consumer Staples,net_income_yoy_growth,21,70,0.3,2026-04-15T21:56:59.000Z,2017-07-11T20:19:57.000Z
PEP,Consumer Staples,operating_income_yoy_growth,21,70,0.3,2026-04-15T21:56:59.000Z,2017-07-11T20:19:57.000Z
PEP,Consumer Staples,eps_diluted_yoy_growth,21,70,0.3,2026-04-15T21:56:59.000Z,2017-07-11T20:19:57.000Z
PEP,Consumer Staples,total_assets_yoy_growth,54,70,0.7714,2026-04-15T21:56:59.000Z,2017-07-11T20:19:57.000Z
PEP,Consumer Staples,operating_cash_flow_yoy_growth,32,70,0.4571,2026-04-15T21:56:59.000Z,2017-07-11T20:19:57.000Z
PEP,Consumer Staples,free_cash_flow_yoy_growth,0,70,0.0,2026-04-15T21:56:59.000Z,2017-07-11T20:19:57.000Z
PEP,Consumer Staples,cash_conversion,25,70,0.3571,2026-04-15T21:56:59.000Z,2017-07-11T20:19:57.000Z
PEP,Consumer Staples,fcf_to_net_income,0,70,0.0,2026-04-15T21:56:59.000Z,2017-07-11T20:19:57.000Z
PEP,Consumer Staples,capex_intensity,0,70,0.0,2026-04-15T21:56:59.000Z,2017-07-11T20:19:57.000Z
PEP,Consumer Staples,accrual_proxy,25,70,0.3571,2026-04-15T21:56:59.000Z,2017-07-11T20:19:57.000Z
PEP,Consumer Staples,log_total_assets,60,70,0.8571,2026-04-15T21:56:59.000Z,2017-07-11T20:19:57.000Z
PEP,Consumer Staples,log_revenue_abs,30,70,0.4286,2026-04-15T21:56:59.000Z,2017-07-11T20:19:57.000Z
PEP,Consumer Staples,log_total_liabilities_abs,60,70,0.8571,2026-04-15T21:56:59.000Z,2017-07-11T20:19:57.000Z
PEP,Consumer Staples,filing_lag_days,70,70,1.0,2026-04-15T21:56:59.000Z,2017-07-11T20:19:57.000Z
PFE,Health Care,operating_margin,0,115,0.0,2026-05-05T11:03:03.000Z,2017-08-10
PFE,Health Care,net_margin,14,115,0.1217,2026-05-05T11:03:03.000Z,2017-08-10
PFE,Health Care,fcf_margin,0,115,0.0,2026-05-05T11:03:03.000Z,2017-08-10
PFE,Health Care,operating_cash_flow_margin,14,115,0.1217,2026-05-05T11:03:03.000Z,2017-08-10
PFE,Health Care,debt_proxy_total_liabilities_to_assets,60,115,0.5217,2026-05-05T11:03:03.000Z,2017-08-10
PFE,Health Care,equity_to_assets,60,115,0.5217,2026-05-05T11:03:03.000Z,2017-08-10
PFE,Health Care,asset_turnover_proxy,14,115,0.1217,2026-05-05T11:03:03.000Z,2017-08-10
PFE,Health Care,liability_to_equity,60,115,0.5217,2026-05-05T11:03:03.000Z,2017-08-10
PFE,Health Care,revenue_yoy_growth,10,115,0.087,2026-05-05T11:03:03.000Z,2017-08-10
PFE,Health Care,net_income_yoy_growth,21,115,0.1826,2026-05-05T11:03:03.000Z,2017-08-10
PFE,Health Care,operating_income_yoy_growth,0,115,0.0,2026-05-05T11:03:03.000Z,2017-08-10
PFE,Health Care,eps_diluted_yoy_growth,21,115,0.1826,2026-05-05T11:03:03.000Z,2017-08-10
PFE,Health Care,total_assets_yoy_growth,54,115,0.4696,2026-05-05T11:03:03.000Z,2017-08-10
PFE,Health Care,operating_cash_flow_yoy_growth,32,115,0.2783,2026-05-05T11:03:03.000Z,2017-08-10
PFE,Health Care,free_cash_flow_yoy_growth,0,115,0.0,2026-05-05T11:03:03.000Z,2017-08-10
PFE,Health Care,cash_conversion,25,115,0.2174,2026-05-05T11:03:03.000Z,2017-08-10
PFE,Health Care,fcf_to_net_income,0,115,0.0,2026-05-05T11:03:03.000Z,2017-08-10
PFE,Health Care,capex_intensity,14,115,0.1217,2026-05-05T11:03:03.000Z,2017-08-10
PFE,Health Care,accrual_proxy,25,115,0.2174,2026-05-05T11:03:03.000Z,2017-08-10
PFE,Health Care,log_total_assets,60,115,0.5217,2026-05-05T11:03:03.000Z,2017-08-10
PFE,Health Care,log_revenue_abs,19,115,0.1652,2026-05-05T11:03:03.000Z,2017-08-10
PFE,Health Care,log_total_liabilities_abs,60,115,0.5217,2026-05-05T11:03:03.000Z,2017-08-10
PFE,Health Care,filing_lag_days,115,115,1.0,2026-05-05T11:03:03.000Z,2017-08-10
PG,Consumer Staples,operating_margin,32,117,0.2735,2026-04-24T20:14:30.000Z,2017-10-20
PG,Consumer Staples,net_margin,30,117,0.2564,2026-04-24T20:14:30.000Z,2017-10-20
PG,Consumer Staples,fcf_margin,0,117,0.0,2026-04-24T20:14:30.000Z,2017-10-20
PG,Consumer Staples,operating_cash_flow_margin,24,117,0.2051,2026-04-24T20:14:30.000Z,2017-10-20
PG,Consumer Staples,debt_proxy_total_liabilities_to_assets,59,117,0.5043,2026-04-24T20:14:30.000Z,2017-10-20
PG,Consumer Staples,equity_to_assets,0,117,0.0,2026-04-24T20:14:30.000Z,2017-10-20
PG,Consumer Staples,asset_turnover_proxy,24,117,0.2051,2026-04-24T20:14:30.000Z,2017-10-20
PG,Consumer Staples,liability_to_equity,0,117,0.0,2026-04-24T20:14:30.000Z,2017-10-20
PG,Consumer Staples,revenue_yoy_growth,19,117,0.1624,2026-04-24T20:14:30.000Z,2017-10-20
PG,Consumer Staples,net_income_yoy_growth,18,117,0.1538,2026-04-24T20:14:30.000Z,2017-10-20
PG,Consumer Staples,operating_income_yoy_growth,19,117,0.1624,2026-04-24T20:14:30.000Z,2017-10-20
PG,Consumer Staples,eps_diluted_yoy_growth,19,117,0.1624,2026-04-24T20:14:30.000Z,2017-10-20
PG,Consumer Staples,total_assets_yoy_growth,54,117,0.4615,2026-04-24T20:14:30.000Z,2017-10-20
PG,Consumer Staples,operating_cash_flow_yoy_growth,34,117,0.2906,2026-04-24T20:14:30.000Z,2017-10-20
PG,Consumer Staples,free_cash_flow_yoy_growth,0,117,0.0,2026-04-24T20:14:30.000Z,2017-10-20
PG,Consumer Staples,cash_conversion,24,117,0.2051,2026-04-24T20:14:30.000Z,2017-10-20
PG,Consumer Staples,fcf_to_net_income,0,117,0.0,2026-04-24T20:14:30.000Z,2017-10-20
PG,Consumer Staples,capex_intensity,24,117,0.2051,2026-04-24T20:14:30.000Z,2017-10-20
PG,Consumer Staples,accrual_proxy,24,117,0.2051,2026-04-24T20:14:30.000Z,2017-10-20
PG,Consumer Staples,log_total_assets,60,117,0.5128,2026-04-24T20:14:30.000Z,2017-10-20
PG,Consumer Staples,log_revenue_abs,32,117,0.2735,2026-04-24T20:14:30.000Z,2017-10-20
PG,Consumer Staples,log_total_liabilities_abs,60,117,0.5128,2026-04-24T20:14:30.000Z,2017-10-20
PG,Consumer Staples,filing_lag_days,117,117,1.0,2026-04-24T20:14:30.000Z,2017-10-20
PH,Industrials,operating_margin,0,148,0.0,2026-05-01T11:57:36.000Z,2014-08-22
PH,Industrials,net_margin,6,148,0.0405,2026-05-01T11:57:36.000Z,2014-08-22
PH,Industrials,fcf_margin,0,148,0.0,2026-05-01T11:57:36.000Z,2014-08-22
PH,Industrials,operating_cash_flow_margin,2,148,0.0135,2026-05-01T11:57:36.000Z,2014-08-22
PH,Industrials,debt_proxy_total_liabilities_to_assets,60,148,0.4054,2026-05-01T11:57:36.000Z,2014-08-22
PH,Industrials,equity_to_assets,60,148,0.4054,2026-05-01T11:57:36.000Z,2014-08-22
PH,Industrials,asset_turnover_proxy,1,148,0.0068,2026-05-01T11:57:36.000Z,2014-08-22
PH,Industrials,liability_to_equity,60,148,0.4054,2026-05-01T11:57:36.000Z,2014-08-22
PH,Industrials,revenue_yoy_growth,10,148,0.0676,2026-05-01T11:57:36.000Z,2014-08-22
PH,Industrials,net_income_yoy_growth,24,148,0.1622,2026-05-01T11:57:36.000Z,2014-08-22
PH,Industrials,operating_income_yoy_growth,21,148,0.1419,2026-05-01T11:57:36.000Z,2014-08-22
PH,Industrials,eps_diluted_yoy_growth,19,148,0.1284,2026-05-01T11:57:36.000Z,2014-08-22
PH,Industrials,total_assets_yoy_growth,55,148,0.3716,2026-05-01T11:57:36.000Z,2014-08-22
PH,Industrials,operating_cash_flow_yoy_growth,32,148,0.2162,2026-05-01T11:57:36.000Z,2014-08-22
PH,Industrials,free_cash_flow_yoy_growth,0,148,0.0,2026-05-01T11:57:36.000Z,2014-08-22
PH,Industrials,cash_conversion,9,148,0.0608,2026-05-01T11:57:36.000Z,2014-08-22
PH,Industrials,fcf_to_net_income,0,148,0.0,2026-05-01T11:57:36.000Z,2014-08-22
PH,Industrials,capex_intensity,2,148,0.0135,2026-05-01T11:57:36.000Z,2014-08-22
PH,Industrials,accrual_proxy,8,148,0.0541,2026-05-01T11:57:36.000Z,2014-08-22
PH,Industrials,log_total_assets,60,148,0.4054,2026-05-01T11:57:36.000Z,2014-08-22
PH,Industrials,log_revenue_abs,13,148,0.0878,2026-05-01T11:57:36.000Z,2014-08-22
PH,Industrials,log_total_liabilities_abs,60,148,0.4054,2026-05-01T11:57:36.000Z,2014-08-22
PH,Industrials,filing_lag_days,148,148,1.0,2026-05-01T11:57:36.000Z,2014-08-22
PLD,Real Estate,operating_margin,35,98,0.3571,2026-04-30T21:18:09.000Z,2014-08-06
PLD,Real Estate,net_margin,15,98,0.1531,2026-04-30T21:18:09.000Z,2014-08-06
PLD,Real Estate,fcf_margin,0,98,0.0,2026-04-30T21:18:09.000Z,2014-08-06
PLD,Real Estate,operating_cash_flow_margin,15,98,0.1531,2026-04-30T21:18:09.000Z,2014-08-06
PLD,Real Estate,debt_proxy_total_liabilities_to_assets,60,98,0.6122,2026-04-30T21:18:09.000Z,2014-08-06
PLD,Real Estate,equity_to_assets,60,98,0.6122,2026-04-30T21:18:09.000Z,2014-08-06
PLD,Real Estate,asset_turnover_proxy,15,98,0.1531,2026-04-30T21:18:09.000Z,2014-08-06
PLD,Real Estate,liability_to_equity,60,98,0.6122,2026-04-30T21:18:09.000Z,2014-08-06
PLD,Real Estate,revenue_yoy_growth,20,98,0.2041,2026-04-30T21:18:09.000Z,2014-08-06
PLD,Real Estate,net_income_yoy_growth,21,98,0.2143,2026-04-30T21:18:09.000Z,2014-08-06
PLD,Real Estate,operating_income_yoy_growth,20,98,0.2041,2026-04-30T21:18:09.000Z,2014-08-06
PLD,Real Estate,eps_diluted_yoy_growth,20,98,0.2041,2026-04-30T21:18:09.000Z,2014-08-06
PLD,Real Estate,total_assets_yoy_growth,54,98,0.551,2026-04-30T21:18:09.000Z,2014-08-06
PLD,Real Estate,operating_cash_flow_yoy_growth,28,98,0.2857,2026-04-30T21:18:09.000Z,2014-08-06
PLD,Real Estate,free_cash_flow_yoy_growth,0,98,0.0,2026-04-30T21:18:09.000Z,2014-08-06
PLD,Real Estate,cash_conversion,25,98,0.2551,2026-04-30T21:18:09.000Z,2014-08-06
PLD,Real Estate,fcf_to_net_income,0,98,0.0,2026-04-30T21:18:09.000Z,2014-08-06
PLD,Real Estate,capex_intensity,0,98,0.0,2026-04-30T21:18:09.000Z,2014-08-06
PLD,Real Estate,accrual_proxy,25,98,0.2551,2026-04-30T21:18:09.000Z,2014-08-06
PLD,Real Estate,log_total_assets,60,98,0.6122,2026-04-30T21:18:09.000Z,2014-08-06
PLD,Real Estate,log_revenue_abs,35,98,0.3571,2026-04-30T21:18:09.000Z,2014-08-06
PLD,Real Estate,log_total_liabilities_abs,60,98,0.6122,2026-04-30T21:18:09.000Z,2014-08-06
PLD,Real Estate,filing_lag_days,98,98,1.0,2026-04-30T21:18:09.000Z,2014-08-06
PM,Consumer Staples,operating_margin,0,149,0.0,2026-04-24T11:09:14.000Z,2014-07-31
PM,Consumer Staples,net_margin,0,149,0.0,2026-04-24T11:09:14.000Z,2014-07-31
PM,Consumer Staples,fcf_margin,0,149,0.0,2026-04-24T11:09:14.000Z,2014-07-31
PM,Consumer Staples,operating_cash_flow_margin,3,149,0.0201,2026-04-24T11:09:14.000Z,2014-07-31
PM,Consumer Staples,debt_proxy_total_liabilities_to_assets,60,149,0.4027,2026-04-24T11:09:14.000Z,2014-07-31
PM,Consumer Staples,equity_to_assets,60,149,0.4027,2026-04-24T11:09:14.000Z,2014-07-31
PM,Consumer Staples,asset_turnover_proxy,2,149,0.0134,2026-04-24T11:09:14.000Z,2014-07-31
PM,Consumer Staples,liability_to_equity,60,149,0.4027,2026-04-24T11:09:14.000Z,2014-07-31
PM,Consumer Staples,revenue_yoy_growth,20,149,0.1342,2026-04-24T11:09:14.000Z,2014-07-31
PM,Consumer Staples,net_income_yoy_growth,19,149,0.1275,2026-04-24T11:09:14.000Z,2014-07-31
PM,Consumer Staples,operating_income_yoy_growth,21,149,0.1409,2026-04-24T11:09:14.000Z,2014-07-31
PM,Consumer Staples,eps_diluted_yoy_growth,19,149,0.1275,2026-04-24T11:09:14.000Z,2014-07-31
PM,Consumer Staples,total_assets_yoy_growth,54,149,0.3624,2026-04-24T11:09:14.000Z,2014-07-31
PM,Consumer Staples,operating_cash_flow_yoy_growth,32,149,0.2148,2026-04-24T11:09:14.000Z,2014-07-31
PM,Consumer Staples,free_cash_flow_yoy_growth,0,149,0.0,2026-04-24T11:09:14.000Z,2014-07-31
PM,Consumer Staples,cash_conversion,23,149,0.1544,2026-04-24T11:09:14.000Z,2014-07-31
PM,Consumer Staples,fcf_to_net_income,0,149,0.0,2026-04-24T11:09:14.000Z,2014-07-31
PM,Consumer Staples,capex_intensity,3,149,0.0201,2026-04-24T11:09:14.000Z,2014-07-31
PM,Consumer Staples,accrual_proxy,23,149,0.1544,2026-04-24T11:09:14.000Z,2014-07-31
PM,Consumer Staples,log_total_assets,60,149,0.4027,2026-04-24T11:09:14.000Z,2014-07-31
PM,Consumer Staples,log_revenue_abs,34,149,0.2282,2026-04-24T11:09:14.000Z,2014-07-31
PM,Consumer Staples,log_total_liabilities_abs,60,149,0.4027,2026-04-24T11:09:14.000Z,2014-07-31
PM,Consumer Staples,filing_lag_days,149,149,1.0,2026-04-24T11:09:14.000Z,2014-07-31
PNC,Financials,operating_margin,0,86,0.0,2026-05-05T18:31:27.000Z,2009-08-10
PNC,Financials,net_margin,0,86,0.0,2026-05-05T18:31:27.000Z,2009-08-10
PNC,Financials,fcf_margin,0,86,0.0,2026-05-05T18:31:27.000Z,2009-08-10
PNC,Financials,operating_cash_flow_margin,25,86,0.2907,2026-05-05T18:31:27.000Z,2009-08-10
PNC,Financials,debt_proxy_total_liabilities_to_assets,60,86,0.6977,2026-05-05T18:31:27.000Z,2009-08-10
PNC,Financials,equity_to_assets,60,86,0.6977,2026-05-05T18:31:27.000Z,2009-08-10
PNC,Financials,asset_turnover_proxy,25,86,0.2907,2026-05-05T18:31:27.000Z,2009-08-10
PNC,Financials,liability_to_equity,60,86,0.6977,2026-05-05T18:31:27.000Z,2009-08-10
PNC,Financials,revenue_yoy_growth,18,86,0.2093,2026-05-05T18:31:27.000Z,2009-08-10
PNC,Financials,net_income_yoy_growth,0,86,0.0,2026-05-05T18:31:27.000Z,2009-08-10
PNC,Financials,operating_income_yoy_growth,0,86,0.0,2026-05-05T18:31:27.000Z,2009-08-10
PNC,Financials,eps_diluted_yoy_growth,21,86,0.2442,2026-05-05T18:31:27.000Z,2009-08-10
PNC,Financials,total_assets_yoy_growth,54,86,0.6279,2026-05-05T18:31:27.000Z,2009-08-10
PNC,Financials,operating_cash_flow_yoy_growth,30,86,0.3488,2026-05-05T18:31:27.000Z,2009-08-10
PNC,Financials,free_cash_flow_yoy_growth,0,86,0.0,2026-05-05T18:31:27.000Z,2009-08-10
PNC,Financials,cash_conversion,0,86,0.0,2026-05-05T18:31:27.000Z,2009-08-10
PNC,Financials,fcf_to_net_income,0,86,0.0,2026-05-05T18:31:27.000Z,2009-08-10
PNC,Financials,capex_intensity,0,86,0.0,2026-05-05T18:31:27.000Z,2009-08-10
PNC,Financials,accrual_proxy,0,86,0.0,2026-05-05T18:31:27.000Z,2009-08-10
PNC,Financials,log_total_assets,60,86,0.6977,2026-05-05T18:31:27.000Z,2009-08-10
PNC,Financials,log_revenue_abs,33,86,0.3837,2026-05-05T18:31:27.000Z,2009-08-10
PNC,Financials,log_total_liabilities_abs,60,86,0.6977,2026-05-05T18:31:27.000Z,2009-08-10
PNC,Financials,filing_lag_days,86,86,1.0,2026-05-05T18:31:27.000Z,2009-08-10
PYPL,Financials,operating_margin,25,140,0.1786,2026-05-05T21:13:16.000Z,2017-07-27T20:47:23.000Z
PYPL,Financials,net_margin,18,140,0.1286,2026-05-05T21:13:16.000Z,2017-07-27T20:47:23.000Z
PYPL,Financials,fcf_margin,0,140,0.0,2026-05-05T21:13:16.000Z,2017-07-27T20:47:23.000Z
PYPL,Financials,operating_cash_flow_margin,23,140,0.1643,2026-05-05T21:13:16.000Z,2017-07-27T20:47:23.000Z
PYPL,Financials,debt_proxy_total_liabilities_to_assets,60,140,0.4286,2026-05-05T21:13:16.000Z,2017-07-27T20:47:23.000Z
PYPL,Financials,equity_to_assets,38,140,0.2714,2026-05-05T21:13:16.000Z,2017-07-27T20:47:23.000Z
PYPL,Financials,asset_turnover_proxy,23,140,0.1643,2026-05-05T21:13:16.000Z,2017-07-27T20:47:23.000Z
PYPL,Financials,liability_to_equity,38,140,0.2714,2026-05-05T21:13:16.000Z,2017-07-27T20:47:23.000Z
PYPL,Financials,revenue_yoy_growth,19,140,0.1357,2026-05-05T21:13:16.000Z,2017-07-27T20:47:23.000Z
PYPL,Financials,net_income_yoy_growth,23,140,0.1643,2026-05-05T21:13:16.000Z,2017-07-27T20:47:23.000Z
PYPL,Financials,operating_income_yoy_growth,21,140,0.15,2026-05-05T21:13:16.000Z,2017-07-27T20:47:23.000Z
PYPL,Financials,eps_diluted_yoy_growth,19,140,0.1357,2026-05-05T21:13:16.000Z,2017-07-27T20:47:23.000Z
PYPL,Financials,total_assets_yoy_growth,54,140,0.3857,2026-05-05T21:13:16.000Z,2017-07-27T20:47:23.000Z
PYPL,Financials,operating_cash_flow_yoy_growth,32,140,0.2286,2026-05-05T21:13:16.000Z,2017-07-27T20:47:23.000Z
PYPL,Financials,free_cash_flow_yoy_growth,0,140,0.0,2026-05-05T21:13:16.000Z,2017-07-27T20:47:23.000Z
PYPL,Financials,cash_conversion,18,140,0.1286,2026-05-05T21:13:16.000Z,2017-07-27T20:47:23.000Z
PYPL,Financials,fcf_to_net_income,0,140,0.0,2026-05-05T21:13:16.000Z,2017-07-27T20:47:23.000Z
PYPL,Financials,capex_intensity,23,140,0.1643,2026-05-05T21:13:16.000Z,2017-07-27T20:47:23.000Z
PYPL,Financials,accrual_proxy,18,140,0.1286,2026-05-05T21:13:16.000Z,2017-07-27T20:47:23.000Z
PYPL,Financials,log_total_assets,60,140,0.4286,2026-05-05T21:13:16.000Z,2017-07-27T20:47:23.000Z
PYPL,Financials,log_revenue_abs,33,140,0.2357,2026-05-05T21:13:16.000Z,2017-07-27T20:47:23.000Z
PYPL,Financials,log_total_liabilities_abs,60,140,0.4286,2026-05-05T21:13:16.000Z,2017-07-27T20:47:23.000Z
PYPL,Financials,filing_lag_days,140,140,1.0,2026-05-05T21:13:16.000Z,2017-07-27T20:47:23.000Z
QCOM,Information Technology,operating_margin,32,133,0.2406,2026-04-29T20:03:22.000Z,2010-04-21
QCOM,Information Technology,net_margin,25,133,0.188,2026-04-29T20:03:22.000Z,2010-04-21
QCOM,Information Technology,fcf_margin,0,133,0.0,2026-04-29T20:03:22.000Z,2010-04-21
QCOM,Information Technology,operating_cash_flow_margin,23,133,0.1729,2026-04-29T20:03:22.000Z,2010-04-21
QCOM,Information Technology,debt_proxy_total_liabilities_to_assets,60,133,0.4511,2026-04-29T20:03:22.000Z,2010-04-21
QCOM,Information Technology,equity_to_assets,7,133,0.0526,2026-04-29T20:03:22.000Z,2010-04-21
QCOM,Information Technology,asset_turnover_proxy,23,133,0.1729,2026-04-29T20:03:22.000Z,2010-04-21
QCOM,Information Technology,liability_to_equity,7,133,0.0526,2026-04-29T20:03:22.000Z,2010-04-21
QCOM,Information Technology,revenue_yoy_growth,19,133,0.1429,2026-04-29T20:03:22.000Z,2010-04-21
QCOM,Information Technology,net_income_yoy_growth,21,133,0.1579,2026-04-29T20:03:22.000Z,2010-04-21
QCOM,Information Technology,operating_income_yoy_growth,19,133,0.1429,2026-04-29T20:03:22.000Z,2010-04-21
QCOM,Information Technology,eps_diluted_yoy_growth,19,133,0.1429,2026-04-29T20:03:22.000Z,2010-04-21
QCOM,Information Technology,total_assets_yoy_growth,53,133,0.3985,2026-04-29T20:03:22.000Z,2010-04-21
QCOM,Information Technology,operating_cash_flow_yoy_growth,27,133,0.203,2026-04-29T20:03:22.000Z,2010-04-21
QCOM,Information Technology,free_cash_flow_yoy_growth,0,133,0.0,2026-04-29T20:03:22.000Z,2010-04-21
QCOM,Information Technology,cash_conversion,26,133,0.1955,2026-04-29T20:03:22.000Z,2010-04-21
QCOM,Information Technology,fcf_to_net_income,0,133,0.0,2026-04-29T20:03:22.000Z,2010-04-21
QCOM,Information Technology,capex_intensity,0,133,0.0,2026-04-29T20:03:22.000Z,2010-04-21
QCOM,Information Technology,accrual_proxy,25,133,0.188,2026-04-29T20:03:22.000Z,2010-04-21
QCOM,Information Technology,log_total_assets,60,133,0.4511,2026-04-29T20:03:22.000Z,2010-04-21
QCOM,Information Technology,log_revenue_abs,32,133,0.2406,2026-04-29T20:03:22.000Z,2010-04-21
QCOM,Information Technology,log_total_liabilities_abs,60,133,0.4511,2026-04-29T20:03:22.000Z,2010-04-21
QCOM,Information Technology,filing_lag_days,133,133,1.0,2026-04-29T20:03:22.000Z,2010-04-21
REGN,Health Care,operating_margin,0,136,0.0,2026-04-29T10:54:54.000Z,2014-11-04
REGN,Health Care,net_margin,0,136,0.0,2026-04-29T10:54:54.000Z,2014-11-04
REGN,Health Care,fcf_margin,0,136,0.0,2026-04-29T10:54:54.000Z,2014-11-04
REGN,Health Care,operating_cash_flow_margin,4,136,0.0294,2026-04-29T10:54:54.000Z,2014-11-04
REGN,Health Care,debt_proxy_total_liabilities_to_assets,60,136,0.4412,2026-04-29T10:54:54.000Z,2014-11-04
REGN,Health Care,equity_to_assets,26,136,0.1912,2026-04-29T10:54:54.000Z,2014-11-04
REGN,Health Care,asset_turnover_proxy,3,136,0.0221,2026-04-29T10:54:54.000Z,2014-11-04
REGN,Health Care,liability_to_equity,26,136,0.1912,2026-04-29T10:54:54.000Z,2014-11-04
REGN,Health Care,revenue_yoy_growth,20,136,0.1471,2026-04-29T10:54:54.000Z,2014-11-04
REGN,Health Care,net_income_yoy_growth,23,136,0.1691,2026-04-29T10:54:54.000Z,2014-11-04
REGN,Health Care,operating_income_yoy_growth,21,136,0.1544,2026-04-29T10:54:54.000Z,2014-11-04
REGN,Health Care,eps_diluted_yoy_growth,19,136,0.1397,2026-04-29T10:54:54.000Z,2014-11-04
REGN,Health Care,total_assets_yoy_growth,54,136,0.3971,2026-04-29T10:54:54.000Z,2014-11-04
REGN,Health Care,operating_cash_flow_yoy_growth,32,136,0.2353,2026-04-29T10:54:54.000Z,2014-11-04
REGN,Health Care,free_cash_flow_yoy_growth,0,136,0.0,2026-04-29T10:54:54.000Z,2014-11-04
REGN,Health Care,cash_conversion,18,136,0.1324,2026-04-29T10:54:54.000Z,2014-11-04
REGN,Health Care,fcf_to_net_income,0,136,0.0,2026-04-29T10:54:54.000Z,2014-11-04
REGN,Health Care,capex_intensity,0,136,0.0,2026-04-29T10:54:54.000Z,2014-11-04
REGN,Health Care,accrual_proxy,18,136,0.1324,2026-04-29T10:54:54.000Z,2014-11-04
REGN,Health Care,log_total_assets,60,136,0.4412,2026-04-29T10:54:54.000Z,2014-11-04
REGN,Health Care,log_revenue_abs,35,136,0.2574,2026-04-29T10:54:54.000Z,2014-11-04
REGN,Health Care,log_total_liabilities_abs,60,136,0.4412,2026-04-29T10:54:54.000Z,2014-11-04
REGN,Health Care,filing_lag_days,136,136,1.0,2026-04-29T10:54:54.000Z,2014-11-04
ROP,Information Technology,operating_margin,0,128,0.0,2026-05-01T21:21:43.000Z,2015-02-20T17:20:17.000Z
ROP,Information Technology,net_margin,0,128,0.0,2026-05-01T21:21:43.000Z,2015-02-20T17:20:17.000Z
ROP,Information Technology,fcf_margin,0,128,0.0,2026-05-01T21:21:43.000Z,2015-02-20T17:20:17.000Z
ROP,Information Technology,operating_cash_flow_margin,6,128,0.0469,2026-05-01T21:21:43.000Z,2015-02-20T17:20:17.000Z
ROP,Information Technology,debt_proxy_total_liabilities_to_assets,60,128,0.4688,2026-05-01T21:21:43.000Z,2015-02-20T17:20:17.000Z
ROP,Information Technology,equity_to_assets,28,128,0.2188,2026-05-01T21:21:43.000Z,2015-02-20T17:20:17.000Z
ROP,Information Technology,asset_turnover_proxy,4,128,0.0312,2026-05-01T21:21:43.000Z,2015-02-20T17:20:17.000Z
ROP,Information Technology,liability_to_equity,28,128,0.2188,2026-05-01T21:21:43.000Z,2015-02-20T17:20:17.000Z
ROP,Information Technology,revenue_yoy_growth,20,128,0.1562,2026-05-01T21:21:43.000Z,2015-02-20T17:20:17.000Z
ROP,Information Technology,net_income_yoy_growth,27,128,0.2109,2026-05-01T21:21:43.000Z,2015-02-20T17:20:17.000Z
ROP,Information Technology,operating_income_yoy_growth,27,128,0.2109,2026-05-01T21:21:43.000Z,2015-02-20T17:20:17.000Z
ROP,Information Technology,eps_diluted_yoy_growth,27,128,0.2109,2026-05-01T21:21:43.000Z,2015-02-20T17:20:17.000Z
ROP,Information Technology,total_assets_yoy_growth,54,128,0.4219,2026-05-01T21:21:43.000Z,2015-02-20T17:20:17.000Z
ROP,Information Technology,operating_cash_flow_yoy_growth,31,128,0.2422,2026-05-01T21:21:43.000Z,2015-02-20T17:20:17.000Z
ROP,Information Technology,free_cash_flow_yoy_growth,0,128,0.0,2026-05-01T21:21:43.000Z,2015-02-20T17:20:17.000Z
ROP,Information Technology,cash_conversion,18,128,0.1406,2026-05-01T21:21:43.000Z,2015-02-20T17:20:17.000Z
ROP,Information Technology,fcf_to_net_income,0,128,0.0,2026-05-01T21:21:43.000Z,2015-02-20T17:20:17.000Z
ROP,Information Technology,capex_intensity,0,128,0.0,2026-05-01T21:21:43.000Z,2015-02-20T17:20:17.000Z
ROP,Information Technology,accrual_proxy,18,128,0.1406,2026-05-01T21:21:43.000Z,2015-02-20T17:20:17.000Z
ROP,Information Technology,log_total_assets,60,128,0.4688,2026-05-01T21:21:43.000Z,2015-02-20T17:20:17.000Z
ROP,Information Technology,log_revenue_abs,35,128,0.2734,2026-05-01T21:21:43.000Z,2015-02-20T17:20:17.000Z
ROP,Information Technology,log_total_liabilities_abs,60,128,0.4688,2026-05-01T21:21:43.000Z,2015-02-20T17:20:17.000Z
ROP,Information Technology,filing_lag_days,128,128,1.0,2026-05-01T21:21:43.000Z,2015-02-20T17:20:17.000Z
RTX,Industrials,operating_margin,26,121,0.2149,2026-04-21T20:32:34.000Z,2009-07-24
RTX,Industrials,net_margin,27,121,0.2231,2026-04-21T20:32:34.000Z,2009-07-24
RTX,Industrials,fcf_margin,0,121,0.0,2026-04-21T20:32:34.000Z,2009-07-24
RTX,Industrials,operating_cash_flow_margin,7,121,0.0579,2026-04-21T20:32:34.000Z,2009-07-24
RTX,Industrials,debt_proxy_total_liabilities_to_assets,59,121,0.4876,2026-04-21T20:32:34.000Z,2009-07-24
RTX,Industrials,equity_to_assets,58,121,0.4793,2026-04-21T20:32:34.000Z,2009-07-24
RTX,Industrials,asset_turnover_proxy,22,121,0.1818,2026-04-21T20:32:34.000Z,2009-07-24
RTX,Industrials,liability_to_equity,57,121,0.4711,2026-04-21T20:32:34.000Z,2009-07-24
RTX,Industrials,revenue_yoy_growth,20,121,0.1653,2026-04-21T20:32:34.000Z,2009-07-24
RTX,Industrials,net_income_yoy_growth,19,121,0.157,2026-04-21T20:32:34.000Z,2009-07-24
RTX,Industrials,operating_income_yoy_growth,22,121,0.1818,2026-04-21T20:32:34.000Z,2009-07-24
RTX,Industrials,eps_diluted_yoy_growth,19,121,0.157,2026-04-21T20:32:34.000Z,2009-07-24
RTX,Industrials,total_assets_yoy_growth,54,121,0.4463,2026-04-21T20:32:34.000Z,2009-07-24
RTX,Industrials,operating_cash_flow_yoy_growth,18,121,0.1488,2026-04-21T20:32:34.000Z,2009-07-24
RTX,Industrials,free_cash_flow_yoy_growth,0,121,0.0,2026-04-21T20:32:34.000Z,2009-07-24
RTX,Industrials,cash_conversion,12,121,0.0992,2026-04-21T20:32:34.000Z,2009-07-24
RTX,Industrials,fcf_to_net_income,0,121,0.0,2026-04-21T20:32:34.000Z,2009-07-24
RTX,Industrials,capex_intensity,10,121,0.0826,2026-04-21T20:32:34.000Z,2009-07-24
RTX,Industrials,accrual_proxy,12,121,0.0992,2026-04-21T20:32:34.000Z,2009-07-24
RTX,Industrials,log_total_assets,60,121,0.4959,2026-04-21T20:32:34.000Z,2009-07-24
RTX,Industrials,log_revenue_abs,36,121,0.2975,2026-04-21T20:32:34.000Z,2009-07-24
RTX,Industrials,log_total_liabilities_abs,60,121,0.4959,2026-04-21T20:32:34.000Z,2009-07-24
RTX,Industrials,filing_lag_days,121,121,1.0,2026-04-21T20:32:34.000Z,2009-07-24
SBUX,Consumer Discretionary,operating_margin,32,115,0.2783,2026-04-28T20:11:54.000Z,2017-08-01T21:00:02.000Z
SBUX,Consumer Discretionary,net_margin,32,115,0.2783,2026-04-28T20:11:54.000Z,2017-08-01T21:00:02.000Z
SBUX,Consumer Discretionary,fcf_margin,0,115,0.0,2026-04-28T20:11:54.000Z,2017-08-01T21:00:02.000Z
SBUX,Consumer Discretionary,operating_cash_flow_margin,23,115,0.2,2026-04-28T20:11:54.000Z,2017-08-01T21:00:02.000Z
SBUX,Consumer Discretionary,debt_proxy_total_liabilities_to_assets,60,115,0.5217,2026-04-28T20:11:54.000Z,2017-08-01T21:00:02.000Z
SBUX,Consumer Discretionary,equity_to_assets,60,115,0.5217,2026-04-28T20:11:54.000Z,2017-08-01T21:00:02.000Z
SBUX,Consumer Discretionary,asset_turnover_proxy,23,115,0.2,2026-04-28T20:11:54.000Z,2017-08-01T21:00:02.000Z
SBUX,Consumer Discretionary,liability_to_equity,60,115,0.5217,2026-04-28T20:11:54.000Z,2017-08-01T21:00:02.000Z
SBUX,Consumer Discretionary,revenue_yoy_growth,19,115,0.1652,2026-04-28T20:11:54.000Z,2017-08-01T21:00:02.000Z
SBUX,Consumer Discretionary,net_income_yoy_growth,19,115,0.1652,2026-04-28T20:11:54.000Z,2017-08-01T21:00:02.000Z
SBUX,Consumer Discretionary,operating_income_yoy_growth,19,115,0.1652,2026-04-28T20:11:54.000Z,2017-08-01T21:00:02.000Z
SBUX,Consumer Discretionary,eps_diluted_yoy_growth,19,115,0.1652,2026-04-28T20:11:54.000Z,2017-08-01T21:00:02.000Z
SBUX,Consumer Discretionary,total_assets_yoy_growth,53,115,0.4609,2026-04-28T20:11:54.000Z,2017-08-01T21:00:02.000Z
SBUX,Consumer Discretionary,operating_cash_flow_yoy_growth,32,115,0.2783,2026-04-28T20:11:54.000Z,2017-08-01T21:00:02.000Z
SBUX,Consumer Discretionary,free_cash_flow_yoy_growth,0,115,0.0,2026-04-28T20:11:54.000Z,2017-08-01T21:00:02.000Z
SBUX,Consumer Discretionary,cash_conversion,23,115,0.2,2026-04-28T20:11:54.000Z,2017-08-01T21:00:02.000Z
SBUX,Consumer Discretionary,fcf_to_net_income,0,115,0.0,2026-04-28T20:11:54.000Z,2017-08-01T21:00:02.000Z
SBUX,Consumer Discretionary,capex_intensity,23,115,0.2,2026-04-28T20:11:54.000Z,2017-08-01T21:00:02.000Z
SBUX,Consumer Discretionary,accrual_proxy,23,115,0.2,2026-04-28T20:11:54.000Z,2017-08-01T21:00:02.000Z
SBUX,Consumer Discretionary,log_total_assets,60,115,0.5217,2026-04-28T20:11:54.000Z,2017-08-01T21:00:02.000Z
SBUX,Consumer Discretionary,log_revenue_abs,32,115,0.2783,2026-04-28T20:11:54.000Z,2017-08-01T21:00:02.000Z
SBUX,Consumer Discretionary,log_total_liabilities_abs,60,115,0.5217,2026-04-28T20:11:54.000Z,2017-08-01T21:00:02.000Z
SBUX,Consumer Discretionary,filing_lag_days,115,115,1.0,2026-04-28T20:11:54.000Z,2017-08-01T21:00:02.000Z
SCHW,Financials,operating_margin,0,144,0.0,2026-05-08T20:17:08.000Z,2012-08-06
SCHW,Financials,net_margin,33,144,0.2292,2026-05-08T20:17:08.000Z,2012-08-06
SCHW,Financials,fcf_margin,0,144,0.0,2026-05-08T20:17:08.000Z,2012-08-06
SCHW,Financials,operating_cash_flow_margin,23,144,0.1597,2026-05-08T20:17:08.000Z,2012-08-06
SCHW,Financials,debt_proxy_total_liabilities_to_assets,60,144,0.4167,2026-05-08T20:17:08.000Z,2012-08-06
SCHW,Financials,equity_to_assets,28,144,0.1944,2026-05-08T20:17:08.000Z,2012-08-06
SCHW,Financials,asset_turnover_proxy,23,144,0.1597,2026-05-08T20:17:08.000Z,2012-08-06
SCHW,Financials,liability_to_equity,28,144,0.1944,2026-05-08T20:17:08.000Z,2012-08-06
SCHW,Financials,revenue_yoy_growth,19,144,0.1319,2026-05-08T20:17:08.000Z,2012-08-06
SCHW,Financials,net_income_yoy_growth,19,144,0.1319,2026-05-08T20:17:08.000Z,2012-08-06
SCHW,Financials,operating_income_yoy_growth,0,144,0.0,2026-05-08T20:17:08.000Z,2012-08-06
SCHW,Financials,eps_diluted_yoy_growth,19,144,0.1319,2026-05-08T20:17:08.000Z,2012-08-06
SCHW,Financials,total_assets_yoy_growth,54,144,0.375,2026-05-08T20:17:08.000Z,2012-08-06
SCHW,Financials,operating_cash_flow_yoy_growth,28,144,0.1944,2026-05-08T20:17:08.000Z,2012-08-06
SCHW,Financials,free_cash_flow_yoy_growth,0,144,0.0,2026-05-08T20:17:08.000Z,2012-08-06
SCHW,Financials,cash_conversion,23,144,0.1597,2026-05-08T20:17:08.000Z,2012-08-06
SCHW,Financials,fcf_to_net_income,0,144,0.0,2026-05-08T20:17:08.000Z,2012-08-06
SCHW,Financials,capex_intensity,23,144,0.1597,2026-05-08T20:17:08.000Z,2012-08-06
SCHW,Financials,accrual_proxy,23,144,0.1597,2026-05-08T20:17:08.000Z,2012-08-06
SCHW,Financials,log_total_assets,60,144,0.4167,2026-05-08T20:17:08.000Z,2012-08-06
SCHW,Financials,log_revenue_abs,33,144,0.2292,2026-05-08T20:17:08.000Z,2012-08-06
SCHW,Financials,log_total_liabilities_abs,60,144,0.4167,2026-05-08T20:17:08.000Z,2012-08-06
SCHW,Financials,filing_lag_days,144,144,1.0,2026-05-08T20:17:08.000Z,2012-08-06
SHW,Materials,operating_margin,6,140,0.0429,2026-04-28T18:38:54.000Z,2009-07-31
SHW,Materials,net_margin,0,140,0.0,2026-04-28T18:38:54.000Z,2009-07-31
SHW,Materials,fcf_margin,0,140,0.0,2026-04-28T18:38:54.000Z,2009-07-31
SHW,Materials,operating_cash_flow_margin,11,140,0.0786,2026-04-28T18:38:54.000Z,2009-07-31
SHW,Materials,debt_proxy_total_liabilities_to_assets,0,140,0.0,2026-04-28T18:38:54.000Z,2009-07-31
SHW,Materials,equity_to_assets,26,140,0.1857,2026-04-28T18:38:54.000Z,2009-07-31
SHW,Materials,asset_turnover_proxy,2,140,0.0143,2026-04-28T18:38:54.000Z,2009-07-31
SHW,Materials,liability_to_equity,0,140,0.0,2026-04-28T18:38:54.000Z,2009-07-31
SHW,Materials,revenue_yoy_growth,25,140,0.1786,2026-04-28T18:38:54.000Z,2009-07-31
SHW,Materials,net_income_yoy_growth,24,140,0.1714,2026-04-28T18:38:54.000Z,2009-07-31
SHW,Materials,operating_income_yoy_growth,21,140,0.15,2026-04-28T18:38:54.000Z,2009-07-31
SHW,Materials,eps_diluted_yoy_growth,22,140,0.1571,2026-04-28T18:38:54.000Z,2009-07-31
SHW,Materials,total_assets_yoy_growth,40,140,0.2857,2026-04-28T18:38:54.000Z,2009-07-31
SHW,Materials,operating_cash_flow_yoy_growth,32,140,0.2286,2026-04-28T18:38:54.000Z,2009-07-31
SHW,Materials,free_cash_flow_yoy_growth,0,140,0.0,2026-04-28T18:38:54.000Z,2009-07-31
SHW,Materials,cash_conversion,18,140,0.1286,2026-04-28T18:38:54.000Z,2009-07-31
SHW,Materials,fcf_to_net_income,0,140,0.0,2026-04-28T18:38:54.000Z,2009-07-31
SHW,Materials,capex_intensity,0,140,0.0,2026-04-28T18:38:54.000Z,2009-07-31
SHW,Materials,accrual_proxy,18,140,0.1286,2026-04-28T18:38:54.000Z,2009-07-31
SHW,Materials,log_total_assets,51,140,0.3643,2026-04-28T18:38:54.000Z,2009-07-31
SHW,Materials,log_revenue_abs,33,140,0.2357,2026-04-28T18:38:54.000Z,2009-07-31
SHW,Materials,log_total_liabilities_abs,0,140,0.0,2026-04-28T18:38:54.000Z,2009-07-31
SHW,Materials,filing_lag_days,140,140,1.0,2026-04-28T18:38:54.000Z,2009-07-31
SLB,Energy,operating_margin,1,141,0.0071,2026-04-29T15:42:59.000Z,2012-04-25
SLB,Energy,net_margin,0,141,0.0,2026-04-29T15:42:59.000Z,2012-04-25
SLB,Energy,fcf_margin,0,141,0.0,2026-04-29T15:42:59.000Z,2012-04-25
SLB,Energy,operating_cash_flow_margin,5,141,0.0355,2026-04-29T15:42:59.000Z,2012-04-25
SLB,Energy,debt_proxy_total_liabilities_to_assets,60,141,0.4255,2026-04-29T15:42:59.000Z,2012-04-25
SLB,Energy,equity_to_assets,60,141,0.4255,2026-04-29T15:42:59.000Z,2012-04-25
SLB,Energy,asset_turnover_proxy,3,141,0.0213,2026-04-29T15:42:59.000Z,2012-04-25
SLB,Energy,liability_to_equity,60,141,0.4255,2026-04-29T15:42:59.000Z,2012-04-25
SLB,Energy,revenue_yoy_growth,21,141,0.1489,2026-04-29T15:42:59.000Z,2012-04-25
SLB,Energy,net_income_yoy_growth,21,141,0.1489,2026-04-29T15:42:59.000Z,2012-04-25
SLB,Energy,operating_income_yoy_growth,21,141,0.1489,2026-04-29T15:42:59.000Z,2012-04-25
SLB,Energy,eps_diluted_yoy_growth,21,141,0.1489,2026-04-29T15:42:59.000Z,2012-04-25
SLB,Energy,total_assets_yoy_growth,54,141,0.383,2026-04-29T15:42:59.000Z,2012-04-25
SLB,Energy,operating_cash_flow_yoy_growth,29,141,0.2057,2026-04-29T15:42:59.000Z,2012-04-25
SLB,Energy,free_cash_flow_yoy_growth,0,141,0.0,2026-04-29T15:42:59.000Z,2012-04-25
SLB,Energy,cash_conversion,25,141,0.1773,2026-04-29T15:42:59.000Z,2012-04-25
SLB,Energy,fcf_to_net_income,0,141,0.0,2026-04-29T15:42:59.000Z,2012-04-25
SLB,Energy,capex_intensity,4,141,0.0284,2026-04-29T15:42:59.000Z,2012-04-25
SLB,Energy,accrual_proxy,25,141,0.1773,2026-04-29T15:42:59.000Z,2012-04-25
SLB,Energy,log_total_assets,60,141,0.4255,2026-04-29T15:42:59.000Z,2012-04-25
SLB,Energy,log_revenue_abs,30,141,0.2128,2026-04-29T15:42:59.000Z,2012-04-25
SLB,Energy,log_total_liabilities_abs,60,141,0.4255,2026-04-29T15:42:59.000Z,2012-04-25
SLB,Energy,filing_lag_days,141,141,1.0,2026-04-29T15:42:59.000Z,2012-04-25
SNPS,Information Technology,operating_margin,3,144,0.0208,2026-05-27T20:31:21.000Z,2012-12-20
SNPS,Information Technology,net_margin,3,144,0.0208,2026-05-27T20:31:21.000Z,2012-12-20
SNPS,Information Technology,fcf_margin,0,144,0.0,2026-05-27T20:31:21.000Z,2012-12-20
SNPS,Information Technology,operating_cash_flow_margin,4,144,0.0278,2026-05-27T20:31:21.000Z,2012-12-20
SNPS,Information Technology,debt_proxy_total_liabilities_to_assets,60,144,0.4167,2026-05-27T20:31:21.000Z,2012-12-20
SNPS,Information Technology,equity_to_assets,60,144,0.4167,2026-05-27T20:31:21.000Z,2012-12-20
SNPS,Information Technology,asset_turnover_proxy,8,144,0.0556,2026-05-27T20:31:21.000Z,2012-12-20
SNPS,Information Technology,liability_to_equity,60,144,0.4167,2026-05-27T20:31:21.000Z,2012-12-20
SNPS,Information Technology,revenue_yoy_growth,19,144,0.1319,2026-05-27T20:31:21.000Z,2012-12-20
SNPS,Information Technology,net_income_yoy_growth,21,144,0.1458,2026-05-27T20:31:21.000Z,2012-12-20
SNPS,Information Technology,operating_income_yoy_growth,21,144,0.1458,2026-05-27T20:31:21.000Z,2012-12-20
SNPS,Information Technology,eps_diluted_yoy_growth,21,144,0.1458,2026-05-27T20:31:21.000Z,2012-12-20
SNPS,Information Technology,total_assets_yoy_growth,53,144,0.3681,2026-05-27T20:31:21.000Z,2012-12-20
SNPS,Information Technology,operating_cash_flow_yoy_growth,27,144,0.1875,2026-05-27T20:31:21.000Z,2012-12-20
SNPS,Information Technology,free_cash_flow_yoy_growth,0,144,0.0,2026-05-27T20:31:21.000Z,2012-12-20
SNPS,Information Technology,cash_conversion,25,144,0.1736,2026-05-27T20:31:21.000Z,2012-12-20
SNPS,Information Technology,fcf_to_net_income,0,144,0.0,2026-05-27T20:31:21.000Z,2012-12-20
SNPS,Information Technology,capex_intensity,10,144,0.0694,2026-05-27T20:31:21.000Z,2012-12-20
SNPS,Information Technology,accrual_proxy,25,144,0.1736,2026-05-27T20:31:21.000Z,2012-12-20
SNPS,Information Technology,log_total_assets,60,144,0.4167,2026-05-27T20:31:21.000Z,2012-12-20
SNPS,Information Technology,log_revenue_abs,34,144,0.2361,2026-05-27T20:31:21.000Z,2012-12-20
SNPS,Information Technology,log_total_liabilities_abs,60,144,0.4167,2026-05-27T20:31:21.000Z,2012-12-20
SNPS,Information Technology,filing_lag_days,144,144,1.0,2026-05-27T20:31:21.000Z,2012-12-20
SO,Utilities,operating_margin,30,148,0.2027,2026-04-29T21:37:06.000Z,2013-08-06
SO,Utilities,net_margin,8,148,0.0541,2026-04-29T21:37:06.000Z,2013-08-06
SO,Utilities,fcf_margin,0,148,0.0,2026-04-29T21:37:06.000Z,2013-08-06
SO,Utilities,operating_cash_flow_margin,25,148,0.1689,2026-04-29T21:37:06.000Z,2013-08-06
SO,Utilities,debt_proxy_total_liabilities_to_assets,60,148,0.4054,2026-04-29T21:37:06.000Z,2013-08-06
SO,Utilities,equity_to_assets,16,148,0.1081,2026-04-29T21:37:06.000Z,2013-08-06
SO,Utilities,asset_turnover_proxy,25,148,0.1689,2026-04-29T21:37:06.000Z,2013-08-06
SO,Utilities,liability_to_equity,16,148,0.1081,2026-04-29T21:37:06.000Z,2013-08-06
SO,Utilities,revenue_yoy_growth,21,148,0.1419,2026-04-29T21:37:06.000Z,2013-08-06
SO,Utilities,net_income_yoy_growth,6,148,0.0405,2026-04-29T21:37:06.000Z,2013-08-06
SO,Utilities,operating_income_yoy_growth,21,148,0.1419,2026-04-29T21:37:06.000Z,2013-08-06
SO,Utilities,eps_diluted_yoy_growth,21,148,0.1419,2026-04-29T21:37:06.000Z,2013-08-06
SO,Utilities,total_assets_yoy_growth,54,148,0.3649,2026-04-29T21:37:06.000Z,2013-08-06
SO,Utilities,operating_cash_flow_yoy_growth,32,148,0.2162,2026-04-29T21:37:06.000Z,2013-08-06
SO,Utilities,free_cash_flow_yoy_growth,0,148,0.0,2026-04-29T21:37:06.000Z,2013-08-06
SO,Utilities,cash_conversion,10,148,0.0676,2026-04-29T21:37:06.000Z,2013-08-06
SO,Utilities,fcf_to_net_income,0,148,0.0,2026-04-29T21:37:06.000Z,2013-08-06
SO,Utilities,capex_intensity,25,148,0.1689,2026-04-29T21:37:06.000Z,2013-08-06
SO,Utilities,accrual_proxy,10,148,0.0676,2026-04-29T21:37:06.000Z,2013-08-06
SO,Utilities,log_total_assets,60,148,0.4054,2026-04-29T21:37:06.000Z,2013-08-06
SO,Utilities,log_revenue_abs,30,148,0.2027,2026-04-29T21:37:06.000Z,2013-08-06
SO,Utilities,log_total_liabilities_abs,60,148,0.4054,2026-04-29T21:37:06.000Z,2013-08-06
SO,Utilities,filing_lag_days,148,148,1.0,2026-04-29T21:37:06.000Z,2013-08-06
SPGI,Financials,operating_margin,0,119,0.0,2026-04-28T21:18:00.000Z,2009-07-29
SPGI,Financials,net_margin,0,119,0.0,2026-04-28T21:18:00.000Z,2009-07-29
SPGI,Financials,fcf_margin,0,119,0.0,2026-04-28T21:18:00.000Z,2009-07-29
SPGI,Financials,operating_cash_flow_margin,5,119,0.042,2026-04-28T21:18:00.000Z,2009-07-29
SPGI,Financials,debt_proxy_total_liabilities_to_assets,60,119,0.5042,2026-04-28T21:18:00.000Z,2009-07-29
SPGI,Financials,equity_to_assets,60,119,0.5042,2026-04-28T21:18:00.000Z,2009-07-29
SPGI,Financials,asset_turnover_proxy,3,119,0.0252,2026-04-28T21:18:00.000Z,2009-07-29
SPGI,Financials,liability_to_equity,60,119,0.5042,2026-04-28T21:18:00.000Z,2009-07-29
SPGI,Financials,revenue_yoy_growth,20,119,0.1681,2026-04-28T21:18:00.000Z,2009-07-29
SPGI,Financials,net_income_yoy_growth,18,119,0.1513,2026-04-28T21:18:00.000Z,2009-07-29
SPGI,Financials,operating_income_yoy_growth,18,119,0.1513,2026-04-28T21:18:00.000Z,2009-07-29
SPGI,Financials,eps_diluted_yoy_growth,18,119,0.1513,2026-04-28T21:18:00.000Z,2009-07-29
SPGI,Financials,total_assets_yoy_growth,52,119,0.437,2026-04-28T21:18:00.000Z,2009-07-29
SPGI,Financials,operating_cash_flow_yoy_growth,31,119,0.2605,2026-04-28T21:18:00.000Z,2009-07-29
SPGI,Financials,free_cash_flow_yoy_growth,0,119,0.0,2026-04-28T21:18:00.000Z,2009-07-29
SPGI,Financials,cash_conversion,24,119,0.2017,2026-04-28T21:18:00.000Z,2009-07-29
SPGI,Financials,fcf_to_net_income,0,119,0.0,2026-04-28T21:18:00.000Z,2009-07-29
SPGI,Financials,capex_intensity,0,119,0.0,2026-04-28T21:18:00.000Z,2009-07-29
SPGI,Financials,accrual_proxy,24,119,0.2017,2026-04-28T21:18:00.000Z,2009-07-29
SPGI,Financials,log_total_assets,60,119,0.5042,2026-04-28T21:18:00.000Z,2009-07-29
SPGI,Financials,log_revenue_abs,35,119,0.2941,2026-04-28T21:18:00.000Z,2009-07-29
SPGI,Financials,log_total_liabilities_abs,60,119,0.5042,2026-04-28T21:18:00.000Z,2009-07-29
SPGI,Financials,filing_lag_days,119,119,1.0,2026-04-28T21:18:00.000Z,2009-07-29
SYK,Health Care,operating_margin,15,180,0.0833,2026-05-11T15:10:33.000Z,2011-02-18
SYK,Health Care,net_margin,35,180,0.1944,2026-05-11T15:10:33.000Z,2011-02-18
SYK,Health Care,fcf_margin,0,180,0.0,2026-05-11T15:10:33.000Z,2011-02-18
SYK,Health Care,operating_cash_flow_margin,15,180,0.0833,2026-05-11T15:10:33.000Z,2011-02-18
SYK,Health Care,debt_proxy_total_liabilities_to_assets,60,180,0.3333,2026-05-11T15:10:33.000Z,2011-02-18
SYK,Health Care,equity_to_assets,9,180,0.05,2026-05-11T15:10:33.000Z,2011-02-18
SYK,Health Care,asset_turnover_proxy,15,180,0.0833,2026-05-11T15:10:33.000Z,2011-02-18
SYK,Health Care,liability_to_equity,9,180,0.05,2026-05-11T15:10:33.000Z,2011-02-18
SYK,Health Care,revenue_yoy_growth,20,180,0.1111,2026-05-11T15:10:33.000Z,2011-02-18
SYK,Health Care,net_income_yoy_growth,20,180,0.1111,2026-05-11T15:10:33.000Z,2011-02-18
SYK,Health Care,operating_income_yoy_growth,21,180,0.1167,2026-05-11T15:10:33.000Z,2011-02-18
SYK,Health Care,eps_diluted_yoy_growth,20,180,0.1111,2026-05-11T15:10:33.000Z,2011-02-18
SYK,Health Care,total_assets_yoy_growth,54,180,0.3,2026-05-11T15:10:33.000Z,2011-02-18
SYK,Health Care,operating_cash_flow_yoy_growth,32,180,0.1778,2026-05-11T15:10:33.000Z,2011-02-18
SYK,Health Care,free_cash_flow_yoy_growth,0,180,0.0,2026-05-11T15:10:33.000Z,2011-02-18
SYK,Health Care,cash_conversion,15,180,0.0833,2026-05-11T15:10:33.000Z,2011-02-18
SYK,Health Care,fcf_to_net_income,0,180,0.0,2026-05-11T15:10:33.000Z,2011-02-18
SYK,Health Care,capex_intensity,15,180,0.0833,2026-05-11T15:10:33.000Z,2011-02-18
SYK,Health Care,accrual_proxy,15,180,0.0833,2026-05-11T15:10:33.000Z,2011-02-18
SYK,Health Care,log_total_assets,60,180,0.3333,2026-05-11T15:10:33.000Z,2011-02-18
SYK,Health Care,log_revenue_abs,35,180,0.1944,2026-05-11T15:10:33.000Z,2011-02-18
SYK,Health Care,log_total_liabilities_abs,60,180,0.3333,2026-05-11T15:10:33.000Z,2011-02-18
SYK,Health Care,filing_lag_days,180,180,1.0,2026-05-11T15:10:33.000Z,2011-02-18
T,Communication Services,operating_margin,35,114,0.307,2026-04-27T20:17:53.000Z,2014-02-21
T,Communication Services,net_margin,22,114,0.193,2026-04-27T20:17:53.000Z,2014-02-21
T,Communication Services,fcf_margin,0,114,0.0,2026-04-27T20:17:53.000Z,2014-02-21
T,Communication Services,operating_cash_flow_margin,12,114,0.1053,2026-04-27T20:17:53.000Z,2014-02-21
T,Communication Services,debt_proxy_total_liabilities_to_assets,0,114,0.0,2026-04-27T20:17:53.000Z,2014-02-21
T,Communication Services,equity_to_assets,0,114,0.0,2026-04-27T20:17:53.000Z,2014-02-21
T,Communication Services,asset_turnover_proxy,20,114,0.1754,2026-04-27T20:17:53.000Z,2014-02-21
T,Communication Services,liability_to_equity,0,114,0.0,2026-04-27T20:17:53.000Z,2014-02-21
T,Communication Services,revenue_yoy_growth,24,114,0.2105,2026-04-27T20:17:53.000Z,2014-02-21
T,Communication Services,net_income_yoy_growth,21,114,0.1842,2026-04-27T20:17:53.000Z,2014-02-21
T,Communication Services,operating_income_yoy_growth,24,114,0.2105,2026-04-27T20:17:53.000Z,2014-02-21
T,Communication Services,eps_diluted_yoy_growth,21,114,0.1842,2026-04-27T20:17:53.000Z,2014-02-21
T,Communication Services,total_assets_yoy_growth,53,114,0.4649,2026-04-27T20:17:53.000Z,2014-02-21
T,Communication Services,operating_cash_flow_yoy_growth,24,114,0.2105,2026-04-27T20:17:53.000Z,2014-02-21
T,Communication Services,free_cash_flow_yoy_growth,0,114,0.0,2026-04-27T20:17:53.000Z,2014-02-21
T,Communication Services,cash_conversion,17,114,0.1491,2026-04-27T20:17:53.000Z,2014-02-21
T,Communication Services,fcf_to_net_income,0,114,0.0,2026-04-27T20:17:53.000Z,2014-02-21
T,Communication Services,capex_intensity,0,114,0.0,2026-04-27T20:17:53.000Z,2014-02-21
T,Communication Services,accrual_proxy,16,114,0.1404,2026-04-27T20:17:53.000Z,2014-02-21
T,Communication Services,log_total_assets,60,114,0.5263,2026-04-27T20:17:53.000Z,2014-02-21
T,Communication Services,log_revenue_abs,35,114,0.307,2026-04-27T20:17:53.000Z,2014-02-21
T,Communication Services,log_total_liabilities_abs,3,114,0.0263,2026-04-27T20:17:53.000Z,2014-02-21
T,Communication Services,filing_lag_days,114,114,1.0,2026-04-27T20:17:53.000Z,2014-02-21
TDG,Industrials,operating_margin,29,145,0.2,2026-05-05T20:10:31.000Z,2012-02-08
TDG,Industrials,net_margin,17,145,0.1172,2026-05-05T20:10:31.000Z,2012-02-08
TDG,Industrials,fcf_margin,0,145,0.0,2026-05-05T20:10:31.000Z,2012-02-08
TDG,Industrials,operating_cash_flow_margin,26,145,0.1793,2026-05-05T20:10:31.000Z,2012-02-08
TDG,Industrials,debt_proxy_total_liabilities_to_assets,60,145,0.4138,2026-05-05T20:10:31.000Z,2012-02-08
TDG,Industrials,equity_to_assets,56,145,0.3862,2026-05-05T20:10:31.000Z,2012-02-08
TDG,Industrials,asset_turnover_proxy,25,145,0.1724,2026-05-05T20:10:31.000Z,2012-02-08
TDG,Industrials,liability_to_equity,56,145,0.3862,2026-05-05T20:10:31.000Z,2012-02-08
TDG,Industrials,revenue_yoy_growth,21,145,0.1448,2026-05-05T20:10:31.000Z,2012-02-08
TDG,Industrials,net_income_yoy_growth,23,145,0.1586,2026-05-05T20:10:31.000Z,2012-02-08
TDG,Industrials,operating_income_yoy_growth,21,145,0.1448,2026-05-05T20:10:31.000Z,2012-02-08
TDG,Industrials,eps_diluted_yoy_growth,11,145,0.0759,2026-05-05T20:10:31.000Z,2012-02-08
TDG,Industrials,total_assets_yoy_growth,53,145,0.3655,2026-05-05T20:10:31.000Z,2012-02-08
TDG,Industrials,operating_cash_flow_yoy_growth,28,145,0.1931,2026-05-05T20:10:31.000Z,2012-02-08
TDG,Industrials,free_cash_flow_yoy_growth,0,145,0.0,2026-05-05T20:10:31.000Z,2012-02-08
TDG,Industrials,cash_conversion,17,145,0.1172,2026-05-05T20:10:31.000Z,2012-02-08
TDG,Industrials,fcf_to_net_income,0,145,0.0,2026-05-05T20:10:31.000Z,2012-02-08
TDG,Industrials,capex_intensity,25,145,0.1724,2026-05-05T20:10:31.000Z,2012-02-08
TDG,Industrials,accrual_proxy,17,145,0.1172,2026-05-05T20:10:31.000Z,2012-02-08
TDG,Industrials,log_total_assets,60,145,0.4138,2026-05-05T20:10:31.000Z,2012-02-08
TDG,Industrials,log_revenue_abs,29,145,0.2,2026-05-05T20:10:31.000Z,2012-02-08
TDG,Industrials,log_total_liabilities_abs,60,145,0.4138,2026-05-05T20:10:31.000Z,2012-02-08
TDG,Industrials,filing_lag_days,145,145,1.0,2026-05-05T20:10:31.000Z,2012-02-08
TJX,Consumer Discretionary,operating_margin,6,186,0.0323,2026-05-29T14:15:22.000Z,2012-03-27
TJX,Consumer Discretionary,net_margin,0,186,0.0,2026-05-29T14:15:22.000Z,2012-03-27
TJX,Consumer Discretionary,fcf_margin,0,186,0.0,2026-05-29T14:15:22.000Z,2012-03-27
TJX,Consumer Discretionary,operating_cash_flow_margin,4,186,0.0215,2026-05-29T14:15:22.000Z,2012-03-27
TJX,Consumer Discretionary,debt_proxy_total_liabilities_to_assets,0,186,0.0,2026-05-29T14:15:22.000Z,2012-03-27
TJX,Consumer Discretionary,equity_to_assets,28,186,0.1505,2026-05-29T14:15:22.000Z,2012-03-27
TJX,Consumer Discretionary,asset_turnover_proxy,0,186,0.0,2026-05-29T14:15:22.000Z,2012-03-27
TJX,Consumer Discretionary,liability_to_equity,0,186,0.0,2026-05-29T14:15:22.000Z,2012-03-27
TJX,Consumer Discretionary,revenue_yoy_growth,20,186,0.1075,2026-05-29T14:15:22.000Z,2012-03-27
TJX,Consumer Discretionary,net_income_yoy_growth,18,186,0.0968,2026-05-29T14:15:22.000Z,2012-03-27
TJX,Consumer Discretionary,operating_income_yoy_growth,13,186,0.0699,2026-05-29T14:15:22.000Z,2012-03-27
TJX,Consumer Discretionary,eps_diluted_yoy_growth,18,186,0.0968,2026-05-29T14:15:22.000Z,2012-03-27
TJX,Consumer Discretionary,total_assets_yoy_growth,39,186,0.2097,2026-05-29T14:15:22.000Z,2012-03-27
TJX,Consumer Discretionary,operating_cash_flow_yoy_growth,26,186,0.1398,2026-05-29T14:15:22.000Z,2012-03-27
TJX,Consumer Discretionary,free_cash_flow_yoy_growth,0,186,0.0,2026-05-29T14:15:22.000Z,2012-03-27
TJX,Consumer Discretionary,cash_conversion,23,186,0.1237,2026-05-29T14:15:22.000Z,2012-03-27
TJX,Consumer Discretionary,fcf_to_net_income,0,186,0.0,2026-05-29T14:15:22.000Z,2012-03-27
TJX,Consumer Discretionary,capex_intensity,0,186,0.0,2026-05-29T14:15:22.000Z,2012-03-27
TJX,Consumer Discretionary,accrual_proxy,23,186,0.1237,2026-05-29T14:15:22.000Z,2012-03-27
TJX,Consumer Discretionary,log_total_assets,51,186,0.2742,2026-05-29T14:15:22.000Z,2012-03-27
TJX,Consumer Discretionary,log_revenue_abs,35,186,0.1882,2026-05-29T14:15:22.000Z,2012-03-27
TJX,Consumer Discretionary,log_total_liabilities_abs,0,186,0.0,2026-05-29T14:15:22.000Z,2012-03-27
TJX,Consumer Discretionary,filing_lag_days,186,186,1.0,2026-05-29T14:15:22.000Z,2012-03-27
TMO,Health Care,operating_margin,0,187,0.0,2026-05-01T15:00:48.000Z,2011-02-24
TMO,Health Care,net_margin,0,187,0.0,2026-05-01T15:00:48.000Z,2011-02-24
TMO,Health Care,fcf_margin,0,187,0.0,2026-05-01T15:00:48.000Z,2011-02-24
TMO,Health Care,operating_cash_flow_margin,4,187,0.0214,2026-05-01T15:00:48.000Z,2011-02-24
TMO,Health Care,debt_proxy_total_liabilities_to_assets,0,187,0.0,2026-05-01T15:00:48.000Z,2011-02-24
TMO,Health Care,equity_to_assets,47,187,0.2513,2026-05-01T15:00:48.000Z,2011-02-24
TMO,Health Care,asset_turnover_proxy,2,187,0.0107,2026-05-01T15:00:48.000Z,2011-02-24
TMO,Health Care,liability_to_equity,0,187,0.0,2026-05-01T15:00:48.000Z,2011-02-24
TMO,Health Care,revenue_yoy_growth,20,187,0.107,2026-05-01T15:00:48.000Z,2011-02-24
TMO,Health Care,net_income_yoy_growth,23,187,0.123,2026-05-01T15:00:48.000Z,2011-02-24
TMO,Health Care,operating_income_yoy_growth,21,187,0.1123,2026-05-01T15:00:48.000Z,2011-02-24
TMO,Health Care,eps_diluted_yoy_growth,21,187,0.1123,2026-05-01T15:00:48.000Z,2011-02-24
TMO,Health Care,total_assets_yoy_growth,52,187,0.2781,2026-05-01T15:00:48.000Z,2011-02-24
TMO,Health Care,operating_cash_flow_yoy_growth,32,187,0.1711,2026-05-01T15:00:48.000Z,2011-02-24
TMO,Health Care,free_cash_flow_yoy_growth,0,187,0.0,2026-05-01T15:00:48.000Z,2011-02-24
TMO,Health Care,cash_conversion,4,187,0.0214,2026-05-01T15:00:48.000Z,2011-02-24
TMO,Health Care,fcf_to_net_income,0,187,0.0,2026-05-01T15:00:48.000Z,2011-02-24
TMO,Health Care,capex_intensity,4,187,0.0214,2026-05-01T15:00:48.000Z,2011-02-24
TMO,Health Care,accrual_proxy,4,187,0.0214,2026-05-01T15:00:48.000Z,2011-02-24
TMO,Health Care,log_total_assets,60,187,0.3209,2026-05-01T15:00:48.000Z,2011-02-24
TMO,Health Care,log_revenue_abs,35,187,0.1872,2026-05-01T15:00:48.000Z,2011-02-24
TMO,Health Care,log_total_liabilities_abs,0,187,0.0,2026-05-01T15:00:48.000Z,2011-02-24
TMO,Health Care,filing_lag_days,187,187,1.0,2026-05-01T15:00:48.000Z,2011-02-24
TSLA,Consumer Discretionary,operating_margin,25,132,0.1894,2026-04-23T01:43:00.000Z,2013-08-09
TSLA,Consumer Discretionary,net_margin,31,132,0.2348,2026-04-23T01:43:00.000Z,2013-08-09
TSLA,Consumer Discretionary,fcf_margin,0,132,0.0,2026-04-23T01:43:00.000Z,2013-08-09
TSLA,Consumer Discretionary,operating_cash_flow_margin,23,132,0.1742,2026-04-23T01:43:00.000Z,2013-08-09
TSLA,Consumer Discretionary,debt_proxy_total_liabilities_to_assets,60,132,0.4545,2026-04-23T01:43:00.000Z,2013-08-09
TSLA,Consumer Discretionary,equity_to_assets,60,132,0.4545,2026-04-23T01:43:00.000Z,2013-08-09
TSLA,Consumer Discretionary,asset_turnover_proxy,23,132,0.1742,2026-04-23T01:43:00.000Z,2013-08-09
TSLA,Consumer Discretionary,liability_to_equity,60,132,0.4545,2026-04-23T01:43:00.000Z,2013-08-09
TSLA,Consumer Discretionary,revenue_yoy_growth,19,132,0.1439,2026-04-23T01:43:00.000Z,2013-08-09
TSLA,Consumer Discretionary,net_income_yoy_growth,21,132,0.1591,2026-04-23T01:43:00.000Z,2013-08-09
TSLA,Consumer Discretionary,operating_income_yoy_growth,21,132,0.1591,2026-04-23T01:43:00.000Z,2013-08-09
TSLA,Consumer Discretionary,eps_diluted_yoy_growth,23,132,0.1742,2026-04-23T01:43:00.000Z,2013-08-09
TSLA,Consumer Discretionary,total_assets_yoy_growth,54,132,0.4091,2026-04-23T01:43:00.000Z,2013-08-09
TSLA,Consumer Discretionary,operating_cash_flow_yoy_growth,28,132,0.2121,2026-04-23T01:43:00.000Z,2013-08-09
TSLA,Consumer Discretionary,free_cash_flow_yoy_growth,0,132,0.0,2026-04-23T01:43:00.000Z,2013-08-09
TSLA,Consumer Discretionary,cash_conversion,22,132,0.1667,2026-04-23T01:43:00.000Z,2013-08-09
TSLA,Consumer Discretionary,fcf_to_net_income,0,132,0.0,2026-04-23T01:43:00.000Z,2013-08-09
TSLA,Consumer Discretionary,capex_intensity,23,132,0.1742,2026-04-23T01:43:00.000Z,2013-08-09
TSLA,Consumer Discretionary,accrual_proxy,22,132,0.1667,2026-04-23T01:43:00.000Z,2013-08-09
TSLA,Consumer Discretionary,log_total_assets,60,132,0.4545,2026-04-23T01:43:00.000Z,2013-08-09
TSLA,Consumer Discretionary,log_revenue_abs,33,132,0.25,2026-04-23T01:43:00.000Z,2013-08-09
TSLA,Consumer Discretionary,log_total_liabilities_abs,60,132,0.4545,2026-04-23T01:43:00.000Z,2013-08-09
TSLA,Consumer Discretionary,filing_lag_days,132,132,1.0,2026-04-23T01:43:00.000Z,2013-08-09
TXN,Information Technology,operating_margin,0,152,0.0,2026-04-24T13:34:09.000Z,2009-07-29
TXN,Information Technology,net_margin,0,152,0.0,2026-04-24T13:34:09.000Z,2009-07-29
TXN,Information Technology,fcf_margin,0,152,0.0,2026-04-24T13:34:09.000Z,2009-07-29
TXN,Information Technology,operating_cash_flow_margin,0,152,0.0,2026-04-24T13:34:09.000Z,2009-07-29
TXN,Information Technology,debt_proxy_total_liabilities_to_assets,60,152,0.3947,2026-04-24T13:34:09.000Z,2009-07-29
TXN,Information Technology,equity_to_assets,60,152,0.3947,2026-04-24T13:34:09.000Z,2009-07-29
TXN,Information Technology,asset_turnover_proxy,3,152,0.0197,2026-04-24T13:34:09.000Z,2009-07-29
TXN,Information Technology,liability_to_equity,60,152,0.3947,2026-04-24T13:34:09.000Z,2009-07-29
TXN,Information Technology,revenue_yoy_growth,20,152,0.1316,2026-04-24T13:34:09.000Z,2009-07-29
TXN,Information Technology,net_income_yoy_growth,19,152,0.125,2026-04-24T13:34:09.000Z,2009-07-29
TXN,Information Technology,operating_income_yoy_growth,19,152,0.125,2026-04-24T13:34:09.000Z,2009-07-29
TXN,Information Technology,eps_diluted_yoy_growth,19,152,0.125,2026-04-24T13:34:09.000Z,2009-07-29
TXN,Information Technology,total_assets_yoy_growth,54,152,0.3553,2026-04-24T13:34:09.000Z,2009-07-29
TXN,Information Technology,operating_cash_flow_yoy_growth,28,152,0.1842,2026-04-24T13:34:09.000Z,2009-07-29
TXN,Information Technology,free_cash_flow_yoy_growth,0,152,0.0,2026-04-24T13:34:09.000Z,2009-07-29
TXN,Information Technology,cash_conversion,23,152,0.1513,2026-04-24T13:34:09.000Z,2009-07-29
TXN,Information Technology,fcf_to_net_income,0,152,0.0,2026-04-24T13:34:09.000Z,2009-07-29
TXN,Information Technology,capex_intensity,4,152,0.0263,2026-04-24T13:34:09.000Z,2009-07-29
TXN,Information Technology,accrual_proxy,23,152,0.1513,2026-04-24T13:34:09.000Z,2009-07-29
TXN,Information Technology,log_total_assets,60,152,0.3947,2026-04-24T13:34:09.000Z,2009-07-29
TXN,Information Technology,log_revenue_abs,35,152,0.2303,2026-04-24T13:34:09.000Z,2009-07-29
TXN,Information Technology,log_total_liabilities_abs,60,152,0.3947,2026-04-24T13:34:09.000Z,2009-07-29
TXN,Information Technology,filing_lag_days,152,152,1.0,2026-04-24T13:34:09.000Z,2009-07-29
UBER,Industrials,operating_margin,30,99,0.303,2026-05-06T20:06:23.000Z,2019-06-04
UBER,Industrials,net_margin,30,99,0.303,2026-05-06T20:06:23.000Z,2019-06-04
UBER,Industrials,fcf_margin,0,99,0.0,2026-05-06T20:06:23.000Z,2019-06-04
UBER,Industrials,operating_cash_flow_margin,25,99,0.2525,2026-05-06T20:06:23.000Z,2019-06-04
UBER,Industrials,debt_proxy_total_liabilities_to_assets,52,99,0.5253,2026-05-06T20:06:23.000Z,2019-06-04
UBER,Industrials,equity_to_assets,52,99,0.5253,2026-05-06T20:06:23.000Z,2019-06-04
UBER,Industrials,asset_turnover_proxy,25,99,0.2525,2026-05-06T20:06:23.000Z,2019-06-04
UBER,Industrials,liability_to_equity,52,99,0.5253,2026-05-06T20:06:23.000Z,2019-06-04
UBER,Industrials,revenue_yoy_growth,21,99,0.2121,2026-05-06T20:06:23.000Z,2019-06-04
UBER,Industrials,net_income_yoy_growth,21,99,0.2121,2026-05-06T20:06:23.000Z,2019-06-04
UBER,Industrials,operating_income_yoy_growth,21,99,0.2121,2026-05-06T20:06:23.000Z,2019-06-04
UBER,Industrials,eps_diluted_yoy_growth,21,99,0.2121,2026-05-06T20:06:23.000Z,2019-06-04
UBER,Industrials,total_assets_yoy_growth,44,99,0.4444,2026-05-06T20:06:23.000Z,2019-06-04
UBER,Industrials,operating_cash_flow_yoy_growth,25,99,0.2525,2026-05-06T20:06:23.000Z,2019-06-04
UBER,Industrials,free_cash_flow_yoy_growth,0,99,0.0,2026-05-06T20:06:23.000Z,2019-06-04
UBER,Industrials,cash_conversion,25,99,0.2525,2026-05-06T20:06:23.000Z,2019-06-04
UBER,Industrials,fcf_to_net_income,0,99,0.0,2026-05-06T20:06:23.000Z,2019-06-04
UBER,Industrials,capex_intensity,25,99,0.2525,2026-05-06T20:06:23.000Z,2019-06-04
UBER,Industrials,accrual_proxy,25,99,0.2525,2026-05-06T20:06:23.000Z,2019-06-04
UBER,Industrials,log_total_assets,52,99,0.5253,2026-05-06T20:06:23.000Z,2019-06-04
UBER,Industrials,log_revenue_abs,30,99,0.303,2026-05-06T20:06:23.000Z,2019-06-04
UBER,Industrials,log_total_liabilities_abs,52,99,0.5253,2026-05-06T20:06:23.000Z,2019-06-04
UBER,Industrials,filing_lag_days,99,99,1.0,2026-05-06T20:06:23.000Z,2019-06-04
UNH,Health Care,operating_margin,30,158,0.1899,2026-05-05T20:38:11.000Z,2010-05-05
UNH,Health Care,net_margin,30,158,0.1899,2026-05-05T20:38:11.000Z,2010-05-05
UNH,Health Care,fcf_margin,0,158,0.0,2026-05-05T20:38:11.000Z,2010-05-05
UNH,Health Care,operating_cash_flow_margin,25,158,0.1582,2026-05-05T20:38:11.000Z,2010-05-05
UNH,Health Care,debt_proxy_total_liabilities_to_assets,59,158,0.3734,2026-05-05T20:38:11.000Z,2010-05-05
UNH,Health Care,equity_to_assets,0,158,0.0,2026-05-05T20:38:11.000Z,2010-05-05
UNH,Health Care,asset_turnover_proxy,25,158,0.1582,2026-05-05T20:38:11.000Z,2010-05-05
UNH,Health Care,liability_to_equity,0,158,0.0,2026-05-05T20:38:11.000Z,2010-05-05
UNH,Health Care,revenue_yoy_growth,21,158,0.1329,2026-05-05T20:38:11.000Z,2010-05-05
UNH,Health Care,net_income_yoy_growth,21,158,0.1329,2026-05-05T20:38:11.000Z,2010-05-05
UNH,Health Care,operating_income_yoy_growth,21,158,0.1329,2026-05-05T20:38:11.000Z,2010-05-05
UNH,Health Care,eps_diluted_yoy_growth,21,158,0.1329,2026-05-05T20:38:11.000Z,2010-05-05
UNH,Health Care,total_assets_yoy_growth,52,158,0.3291,2026-05-05T20:38:11.000Z,2010-05-05
UNH,Health Care,operating_cash_flow_yoy_growth,32,158,0.2025,2026-05-05T20:38:11.000Z,2010-05-05
UNH,Health Care,free_cash_flow_yoy_growth,0,158,0.0,2026-05-05T20:38:11.000Z,2010-05-05
UNH,Health Care,cash_conversion,25,158,0.1582,2026-05-05T20:38:11.000Z,2010-05-05
UNH,Health Care,fcf_to_net_income,0,158,0.0,2026-05-05T20:38:11.000Z,2010-05-05
UNH,Health Care,capex_intensity,25,158,0.1582,2026-05-05T20:38:11.000Z,2010-05-05
UNH,Health Care,accrual_proxy,25,158,0.1582,2026-05-05T20:38:11.000Z,2010-05-05
UNH,Health Care,log_total_assets,60,158,0.3797,2026-05-05T20:38:11.000Z,2010-05-05
UNH,Health Care,log_revenue_abs,30,158,0.1899,2026-05-05T20:38:11.000Z,2010-05-05
UNH,Health Care,log_total_liabilities_abs,60,158,0.3797,2026-05-05T20:38:11.000Z,2010-05-05
UNH,Health Care,filing_lag_days,158,158,1.0,2026-05-05T20:38:11.000Z,2010-05-05
UNP,Industrials,operating_margin,8,155,0.0516,2026-04-23T19:07:37.000Z,2011-10-21
UNP,Industrials,net_margin,8,155,0.0516,2026-04-23T19:07:37.000Z,2011-10-21
UNP,Industrials,fcf_margin,0,155,0.0,2026-04-23T19:07:37.000Z,2011-10-21
UNP,Industrials,operating_cash_flow_margin,10,155,0.0645,2026-04-23T19:07:37.000Z,2011-10-21
UNP,Industrials,debt_proxy_total_liabilities_to_assets,60,155,0.3871,2026-04-23T19:07:37.000Z,2011-10-21
UNP,Industrials,equity_to_assets,28,155,0.1806,2026-04-23T19:07:37.000Z,2011-10-21
UNP,Industrials,asset_turnover_proxy,16,155,0.1032,2026-04-23T19:07:37.000Z,2011-10-21
UNP,Industrials,liability_to_equity,28,155,0.1806,2026-04-23T19:07:37.000Z,2011-10-21
UNP,Industrials,revenue_yoy_growth,21,155,0.1355,2026-04-23T19:07:37.000Z,2011-10-21
UNP,Industrials,net_income_yoy_growth,19,155,0.1226,2026-04-23T19:07:37.000Z,2011-10-21
UNP,Industrials,operating_income_yoy_growth,19,155,0.1226,2026-04-23T19:07:37.000Z,2011-10-21
UNP,Industrials,eps_diluted_yoy_growth,19,155,0.1226,2026-04-23T19:07:37.000Z,2011-10-21
UNP,Industrials,total_assets_yoy_growth,54,155,0.3484,2026-04-23T19:07:37.000Z,2011-10-21
UNP,Industrials,operating_cash_flow_yoy_growth,28,155,0.1806,2026-04-23T19:07:37.000Z,2011-10-21
UNP,Industrials,free_cash_flow_yoy_growth,0,155,0.0,2026-04-23T19:07:37.000Z,2011-10-21
UNP,Industrials,cash_conversion,23,155,0.1484,2026-04-23T19:07:37.000Z,2011-10-21
UNP,Industrials,fcf_to_net_income,0,155,0.0,2026-04-23T19:07:37.000Z,2011-10-21
UNP,Industrials,capex_intensity,18,155,0.1161,2026-04-23T19:07:37.000Z,2011-10-21
UNP,Industrials,accrual_proxy,23,155,0.1484,2026-04-23T19:07:37.000Z,2011-10-21
UNP,Industrials,log_total_assets,60,155,0.3871,2026-04-23T19:07:37.000Z,2011-10-21
UNP,Industrials,log_revenue_abs,32,155,0.2065,2026-04-23T19:07:37.000Z,2011-10-21
UNP,Industrials,log_total_liabilities_abs,60,155,0.3871,2026-04-23T19:07:37.000Z,2011-10-21
UNP,Industrials,filing_lag_days,155,155,1.0,2026-04-23T19:07:37.000Z,2011-10-21
UPS,Industrials,operating_margin,4,134,0.0299,2026-05-06T19:00:22.000Z,2016-08-05T13:27:01.000Z
UPS,Industrials,net_margin,5,134,0.0373,2026-05-06T19:00:22.000Z,2016-08-05T13:27:01.000Z
UPS,Industrials,fcf_margin,0,134,0.0,2026-05-06T19:00:22.000Z,2016-08-05T13:27:01.000Z
UPS,Industrials,operating_cash_flow_margin,15,134,0.1119,2026-05-06T19:00:22.000Z,2016-08-05T13:27:01.000Z
UPS,Industrials,debt_proxy_total_liabilities_to_assets,0,134,0.0,2026-05-06T19:00:22.000Z,2016-08-05T13:27:01.000Z
UPS,Industrials,equity_to_assets,60,134,0.4478,2026-05-06T19:00:22.000Z,2016-08-05T13:27:01.000Z
UPS,Industrials,asset_turnover_proxy,14,134,0.1045,2026-05-06T19:00:22.000Z,2016-08-05T13:27:01.000Z
UPS,Industrials,liability_to_equity,0,134,0.0,2026-05-06T19:00:22.000Z,2016-08-05T13:27:01.000Z
UPS,Industrials,revenue_yoy_growth,18,134,0.1343,2026-05-06T19:00:22.000Z,2016-08-05T13:27:01.000Z
UPS,Industrials,net_income_yoy_growth,20,134,0.1493,2026-05-06T19:00:22.000Z,2016-08-05T13:27:01.000Z
UPS,Industrials,operating_income_yoy_growth,19,134,0.1418,2026-05-06T19:00:22.000Z,2016-08-05T13:27:01.000Z
UPS,Industrials,eps_diluted_yoy_growth,19,134,0.1418,2026-05-06T19:00:22.000Z,2016-08-05T13:27:01.000Z
UPS,Industrials,total_assets_yoy_growth,54,134,0.403,2026-05-06T19:00:22.000Z,2016-08-05T13:27:01.000Z
UPS,Industrials,operating_cash_flow_yoy_growth,32,134,0.2388,2026-05-06T19:00:22.000Z,2016-08-05T13:27:01.000Z
UPS,Industrials,free_cash_flow_yoy_growth,0,134,0.0,2026-05-06T19:00:22.000Z,2016-08-05T13:27:01.000Z
UPS,Industrials,cash_conversion,24,134,0.1791,2026-05-06T19:00:22.000Z,2016-08-05T13:27:01.000Z
UPS,Industrials,fcf_to_net_income,0,134,0.0,2026-05-06T19:00:22.000Z,2016-08-05T13:27:01.000Z
UPS,Industrials,capex_intensity,15,134,0.1119,2026-05-06T19:00:22.000Z,2016-08-05T13:27:01.000Z
UPS,Industrials,accrual_proxy,24,134,0.1791,2026-05-06T19:00:22.000Z,2016-08-05T13:27:01.000Z
UPS,Industrials,log_total_assets,60,134,0.4478,2026-05-06T19:00:22.000Z,2016-08-05T13:27:01.000Z
UPS,Industrials,log_revenue_abs,33,134,0.2463,2026-05-06T19:00:22.000Z,2016-08-05T13:27:01.000Z
UPS,Industrials,log_total_liabilities_abs,0,134,0.0,2026-05-06T19:00:22.000Z,2016-08-05T13:27:01.000Z
UPS,Industrials,filing_lag_days,134,134,1.0,2026-05-06T19:00:22.000Z,2016-08-05T13:27:01.000Z
USB,Financials,operating_margin,0,92,0.0,2026-05-04T20:17:15.000Z,2012-08-03
USB,Financials,net_margin,11,92,0.1196,2026-05-04T20:17:15.000Z,2012-08-03
USB,Financials,fcf_margin,0,92,0.0,2026-05-04T20:17:15.000Z,2012-08-03
USB,Financials,operating_cash_flow_margin,17,92,0.1848,2026-05-04T20:17:15.000Z,2012-08-03
USB,Financials,debt_proxy_total_liabilities_to_assets,60,92,0.6522,2026-05-04T20:17:15.000Z,2012-08-03
USB,Financials,equity_to_assets,60,92,0.6522,2026-05-04T20:17:15.000Z,2012-08-03
USB,Financials,asset_turnover_proxy,20,92,0.2174,2026-05-04T20:17:15.000Z,2012-08-03
USB,Financials,liability_to_equity,60,92,0.6522,2026-05-04T20:17:15.000Z,2012-08-03
USB,Financials,revenue_yoy_growth,18,92,0.1957,2026-05-04T20:17:15.000Z,2012-08-03
USB,Financials,net_income_yoy_growth,21,92,0.2283,2026-05-04T20:17:15.000Z,2012-08-03
USB,Financials,operating_income_yoy_growth,0,92,0.0,2026-05-04T20:17:15.000Z,2012-08-03
USB,Financials,eps_diluted_yoy_growth,21,92,0.2283,2026-05-04T20:17:15.000Z,2012-08-03
USB,Financials,total_assets_yoy_growth,54,92,0.587,2026-05-04T20:17:15.000Z,2012-08-03
USB,Financials,operating_cash_flow_yoy_growth,28,92,0.3043,2026-05-04T20:17:15.000Z,2012-08-03
USB,Financials,free_cash_flow_yoy_growth,0,92,0.0,2026-05-04T20:17:15.000Z,2012-08-03
USB,Financials,cash_conversion,25,92,0.2717,2026-05-04T20:17:15.000Z,2012-08-03
USB,Financials,fcf_to_net_income,0,92,0.0,2026-05-04T20:17:15.000Z,2012-08-03
USB,Financials,capex_intensity,0,92,0.0,2026-05-04T20:17:15.000Z,2012-08-03
USB,Financials,accrual_proxy,25,92,0.2717,2026-05-04T20:17:15.000Z,2012-08-03
USB,Financials,log_total_assets,60,92,0.6522,2026-05-04T20:17:15.000Z,2012-08-03
USB,Financials,log_revenue_abs,34,92,0.3696,2026-05-04T20:17:15.000Z,2012-08-03
USB,Financials,log_total_liabilities_abs,60,92,0.6522,2026-05-04T20:17:15.000Z,2012-08-03
USB,Financials,filing_lag_days,92,92,1.0,2026-05-04T20:17:15.000Z,2012-08-03
V,Financials,operating_margin,1,108,0.0093,2026-04-28T22:11:07.000Z,2009-07-30
V,Financials,net_margin,1,108,0.0093,2026-04-28T22:11:07.000Z,2009-07-30
V,Financials,fcf_margin,0,108,0.0,2026-04-28T22:11:07.000Z,2009-07-30
V,Financials,operating_cash_flow_margin,11,108,0.1019,2026-04-28T22:11:07.000Z,2009-07-30
V,Financials,debt_proxy_total_liabilities_to_assets,60,108,0.5556,2026-04-28T22:11:07.000Z,2009-07-30
V,Financials,equity_to_assets,0,108,0.0,2026-04-28T22:11:07.000Z,2009-07-30
V,Financials,asset_turnover_proxy,9,108,0.0833,2026-04-28T22:11:07.000Z,2009-07-30
V,Financials,liability_to_equity,0,108,0.0,2026-04-28T22:11:07.000Z,2009-07-30
V,Financials,revenue_yoy_growth,21,108,0.1944,2026-04-28T22:11:07.000Z,2009-07-30
V,Financials,net_income_yoy_growth,21,108,0.1944,2026-04-28T22:11:07.000Z,2009-07-30
V,Financials,operating_income_yoy_growth,21,108,0.1944,2026-04-28T22:11:07.000Z,2009-07-30
V,Financials,eps_diluted_yoy_growth,0,108,0.0,2026-04-28T22:11:07.000Z,2009-07-30
V,Financials,total_assets_yoy_growth,53,108,0.4907,2026-04-28T22:11:07.000Z,2009-07-30
V,Financials,operating_cash_flow_yoy_growth,32,108,0.2963,2026-04-28T22:11:07.000Z,2009-07-30
V,Financials,free_cash_flow_yoy_growth,0,108,0.0,2026-04-28T22:11:07.000Z,2009-07-30
V,Financials,cash_conversion,25,108,0.2315,2026-04-28T22:11:07.000Z,2009-07-30
V,Financials,fcf_to_net_income,0,108,0.0,2026-04-28T22:11:07.000Z,2009-07-30
V,Financials,capex_intensity,0,108,0.0,2026-04-28T22:11:07.000Z,2009-07-30
V,Financials,accrual_proxy,25,108,0.2315,2026-04-28T22:11:07.000Z,2009-07-30
V,Financials,log_total_assets,60,108,0.5556,2026-04-28T22:11:07.000Z,2009-07-30
V,Financials,log_revenue_abs,29,108,0.2685,2026-04-28T22:11:07.000Z,2009-07-30
V,Financials,log_total_liabilities_abs,60,108,0.5556,2026-04-28T22:11:07.000Z,2009-07-30
V,Financials,filing_lag_days,108,108,1.0,2026-04-28T22:11:07.000Z,2009-07-30
VRTX,Health Care,operating_margin,0,170,0.0,2026-05-05T20:08:44.000Z,2014-11-06
VRTX,Health Care,net_margin,0,170,0.0,2026-05-05T20:08:44.000Z,2014-11-06
VRTX,Health Care,fcf_margin,0,170,0.0,2026-05-05T20:08:44.000Z,2014-11-06
VRTX,Health Care,operating_cash_flow_margin,4,170,0.0235,2026-05-05T20:08:44.000Z,2014-11-06
VRTX,Health Care,debt_proxy_total_liabilities_to_assets,55,170,0.3235,2026-05-05T20:08:44.000Z,2014-11-06
VRTX,Health Care,equity_to_assets,28,170,0.1647,2026-05-05T20:08:44.000Z,2014-11-06
VRTX,Health Care,asset_turnover_proxy,1,170,0.0059,2026-05-05T20:08:44.000Z,2014-11-06
VRTX,Health Care,liability_to_equity,28,170,0.1647,2026-05-05T20:08:44.000Z,2014-11-06
VRTX,Health Care,revenue_yoy_growth,20,170,0.1176,2026-05-05T20:08:44.000Z,2014-11-06
VRTX,Health Care,net_income_yoy_growth,19,170,0.1118,2026-05-05T20:08:44.000Z,2014-11-06
VRTX,Health Care,operating_income_yoy_growth,19,170,0.1118,2026-05-05T20:08:44.000Z,2014-11-06
VRTX,Health Care,eps_diluted_yoy_growth,19,170,0.1118,2026-05-05T20:08:44.000Z,2014-11-06
VRTX,Health Care,total_assets_yoy_growth,55,170,0.3235,2026-05-05T20:08:44.000Z,2014-11-06
VRTX,Health Care,operating_cash_flow_yoy_growth,32,170,0.1882,2026-05-05T20:08:44.000Z,2014-11-06
VRTX,Health Care,free_cash_flow_yoy_growth,0,170,0.0,2026-05-05T20:08:44.000Z,2014-11-06
VRTX,Health Care,cash_conversion,23,170,0.1353,2026-05-05T20:08:44.000Z,2014-11-06
VRTX,Health Care,fcf_to_net_income,0,170,0.0,2026-05-05T20:08:44.000Z,2014-11-06
VRTX,Health Care,capex_intensity,4,170,0.0235,2026-05-05T20:08:44.000Z,2014-11-06
VRTX,Health Care,accrual_proxy,23,170,0.1353,2026-05-05T20:08:44.000Z,2014-11-06
VRTX,Health Care,log_total_assets,60,170,0.3529,2026-05-05T20:08:44.000Z,2014-11-06
VRTX,Health Care,log_revenue_abs,35,170,0.2059,2026-05-05T20:08:44.000Z,2014-11-06
VRTX,Health Care,log_total_liabilities_abs,60,170,0.3529,2026-05-05T20:08:44.000Z,2014-11-06
VRTX,Health Care,filing_lag_days,170,170,1.0,2026-05-05T20:08:44.000Z,2014-11-06
VZ,Communication Services,operating_margin,30,70,0.4286,2026-05-01T14:05:53.000Z,2017-08-03
VZ,Communication Services,net_margin,30,70,0.4286,2026-05-01T14:05:53.000Z,2017-08-03
VZ,Communication Services,fcf_margin,0,70,0.0,2026-05-01T14:05:53.000Z,2017-08-03
VZ,Communication Services,operating_cash_flow_margin,25,70,0.3571,2026-05-01T14:05:53.000Z,2017-08-03
VZ,Communication Services,debt_proxy_total_liabilities_to_assets,0,70,0.0,2026-05-01T14:05:53.000Z,2017-08-03
VZ,Communication Services,equity_to_assets,0,70,0.0,2026-05-01T14:05:53.000Z,2017-08-03
VZ,Communication Services,asset_turnover_proxy,25,70,0.3571,2026-05-01T14:05:53.000Z,2017-08-03
VZ,Communication Services,liability_to_equity,0,70,0.0,2026-05-01T14:05:53.000Z,2017-08-03
VZ,Communication Services,revenue_yoy_growth,21,70,0.3,2026-05-01T14:05:53.000Z,2017-08-03
VZ,Communication Services,net_income_yoy_growth,21,70,0.3,2026-05-01T14:05:53.000Z,2017-08-03
VZ,Communication Services,operating_income_yoy_growth,21,70,0.3,2026-05-01T14:05:53.000Z,2017-08-03
VZ,Communication Services,eps_diluted_yoy_growth,21,70,0.3,2026-05-01T14:05:53.000Z,2017-08-03
VZ,Communication Services,total_assets_yoy_growth,54,70,0.7714,2026-05-01T14:05:53.000Z,2017-08-03
VZ,Communication Services,operating_cash_flow_yoy_growth,32,70,0.4571,2026-05-01T14:05:53.000Z,2017-08-03
VZ,Communication Services,free_cash_flow_yoy_growth,0,70,0.0,2026-05-01T14:05:53.000Z,2017-08-03
VZ,Communication Services,cash_conversion,25,70,0.3571,2026-05-01T14:05:53.000Z,2017-08-03
VZ,Communication Services,fcf_to_net_income,0,70,0.0,2026-05-01T14:05:53.000Z,2017-08-03
VZ,Communication Services,capex_intensity,0,70,0.0,2026-05-01T14:05:53.000Z,2017-08-03
VZ,Communication Services,accrual_proxy,25,70,0.3571,2026-05-01T14:05:53.000Z,2017-08-03
VZ,Communication Services,log_total_assets,60,70,0.8571,2026-05-01T14:05:53.000Z,2017-08-03
VZ,Communication Services,log_revenue_abs,30,70,0.4286,2026-05-01T14:05:53.000Z,2017-08-03
VZ,Communication Services,log_total_liabilities_abs,0,70,0.0,2026-05-01T14:05:53.000Z,2017-08-03
VZ,Communication Services,filing_lag_days,70,70,1.0,2026-05-01T14:05:53.000Z,2017-08-03
WFC,Financials,operating_margin,0,86,0.0,2026-04-29T21:05:34.000Z,2012-05-08
WFC,Financials,net_margin,3,86,0.0349,2026-04-29T21:05:34.000Z,2012-05-08
WFC,Financials,fcf_margin,0,86,0.0,2026-04-29T21:05:34.000Z,2012-05-08
WFC,Financials,operating_cash_flow_margin,5,86,0.0581,2026-04-29T21:05:34.000Z,2012-05-08
WFC,Financials,debt_proxy_total_liabilities_to_assets,56,86,0.6512,2026-04-29T21:05:34.000Z,2012-05-08
WFC,Financials,equity_to_assets,56,86,0.6512,2026-04-29T21:05:34.000Z,2012-05-08
WFC,Financials,asset_turnover_proxy,10,86,0.1163,2026-04-29T21:05:34.000Z,2012-05-08
WFC,Financials,liability_to_equity,60,86,0.6977,2026-04-29T21:05:34.000Z,2012-05-08
WFC,Financials,revenue_yoy_growth,9,86,0.1047,2026-04-29T21:05:34.000Z,2012-05-08
WFC,Financials,net_income_yoy_growth,21,86,0.2442,2026-04-29T21:05:34.000Z,2012-05-08
WFC,Financials,operating_income_yoy_growth,0,86,0.0,2026-04-29T21:05:34.000Z,2012-05-08
WFC,Financials,eps_diluted_yoy_growth,21,86,0.2442,2026-04-29T21:05:34.000Z,2012-05-08
WFC,Financials,total_assets_yoy_growth,49,86,0.5698,2026-04-29T21:05:34.000Z,2012-05-08
WFC,Financials,operating_cash_flow_yoy_growth,28,86,0.3256,2026-04-29T21:05:34.000Z,2012-05-08
WFC,Financials,free_cash_flow_yoy_growth,0,86,0.0,2026-04-29T21:05:34.000Z,2012-05-08
WFC,Financials,cash_conversion,27,86,0.314,2026-04-29T21:05:34.000Z,2012-05-08
WFC,Financials,fcf_to_net_income,0,86,0.0,2026-04-29T21:05:34.000Z,2012-05-08
WFC,Financials,capex_intensity,0,86,0.0,2026-04-29T21:05:34.000Z,2012-05-08
WFC,Financials,accrual_proxy,25,86,0.2907,2026-04-29T21:05:34.000Z,2012-05-08
WFC,Financials,log_total_assets,57,86,0.6628,2026-04-29T21:05:34.000Z,2012-05-08
WFC,Financials,log_revenue_abs,16,86,0.186,2026-04-29T21:05:34.000Z,2012-05-08
WFC,Financials,log_total_liabilities_abs,60,86,0.6977,2026-04-29T21:05:34.000Z,2012-05-08
WFC,Financials,filing_lag_days,86,86,1.0,2026-04-29T21:05:34.000Z,2012-05-08
WM,Industrials,operating_margin,0,114,0.0,2026-04-29T16:57:14.000Z,2014-02-18
WM,Industrials,net_margin,0,114,0.0,2026-04-29T16:57:14.000Z,2014-02-18
WM,Industrials,fcf_margin,0,114,0.0,2026-04-29T16:57:14.000Z,2014-02-18
WM,Industrials,operating_cash_flow_margin,3,114,0.0263,2026-04-29T16:57:14.000Z,2014-02-18
WM,Industrials,debt_proxy_total_liabilities_to_assets,60,114,0.5263,2026-04-29T16:57:14.000Z,2014-02-18
WM,Industrials,equity_to_assets,60,114,0.5263,2026-04-29T16:57:14.000Z,2014-02-18
WM,Industrials,asset_turnover_proxy,3,114,0.0263,2026-04-29T16:57:14.000Z,2014-02-18
WM,Industrials,liability_to_equity,60,114,0.5263,2026-04-29T16:57:14.000Z,2014-02-18
WM,Industrials,revenue_yoy_growth,20,114,0.1754,2026-04-29T16:57:14.000Z,2014-02-18
WM,Industrials,net_income_yoy_growth,21,114,0.1842,2026-04-29T16:57:14.000Z,2014-02-18
WM,Industrials,operating_income_yoy_growth,21,114,0.1842,2026-04-29T16:57:14.000Z,2014-02-18
WM,Industrials,eps_diluted_yoy_growth,21,114,0.1842,2026-04-29T16:57:14.000Z,2014-02-18
WM,Industrials,total_assets_yoy_growth,54,114,0.4737,2026-04-29T16:57:14.000Z,2014-02-18
WM,Industrials,operating_cash_flow_yoy_growth,31,114,0.2719,2026-04-29T16:57:14.000Z,2014-02-18
WM,Industrials,free_cash_flow_yoy_growth,0,114,0.0,2026-04-29T16:57:14.000Z,2014-02-18
WM,Industrials,cash_conversion,25,114,0.2193,2026-04-29T16:57:14.000Z,2014-02-18
WM,Industrials,fcf_to_net_income,0,114,0.0,2026-04-29T16:57:14.000Z,2014-02-18
WM,Industrials,capex_intensity,3,114,0.0263,2026-04-29T16:57:14.000Z,2014-02-18
WM,Industrials,accrual_proxy,25,114,0.2193,2026-04-29T16:57:14.000Z,2014-02-18
WM,Industrials,log_total_assets,60,114,0.5263,2026-04-29T16:57:14.000Z,2014-02-18
WM,Industrials,log_revenue_abs,35,114,0.307,2026-04-29T16:57:14.000Z,2014-02-18
WM,Industrials,log_total_liabilities_abs,60,114,0.5263,2026-04-29T16:57:14.000Z,2014-02-18
WM,Industrials,filing_lag_days,114,114,1.0,2026-04-29T16:57:14.000Z,2014-02-18
WMT,Consumer Staples,operating_margin,30,112,0.2679,2026-05-29T20:17:26.000Z,2017-08-31
WMT,Consumer Staples,net_margin,30,112,0.2679,2026-05-29T20:17:26.000Z,2017-08-31
WMT,Consumer Staples,fcf_margin,0,112,0.0,2026-05-29T20:17:26.000Z,2017-08-31
WMT,Consumer Staples,operating_cash_flow_margin,25,112,0.2232,2026-05-29T20:17:26.000Z,2017-08-31
WMT,Consumer Staples,debt_proxy_total_liabilities_to_assets,0,112,0.0,2026-05-29T20:17:26.000Z,2017-08-31
WMT,Consumer Staples,equity_to_assets,48,112,0.4286,2026-05-29T20:17:26.000Z,2017-08-31
WMT,Consumer Staples,asset_turnover_proxy,27,112,0.2411,2026-05-29T20:17:26.000Z,2017-08-31
WMT,Consumer Staples,liability_to_equity,0,112,0.0,2026-05-29T20:17:26.000Z,2017-08-31
WMT,Consumer Staples,revenue_yoy_growth,21,112,0.1875,2026-05-29T20:17:26.000Z,2017-08-31
WMT,Consumer Staples,net_income_yoy_growth,21,112,0.1875,2026-05-29T20:17:26.000Z,2017-08-31
WMT,Consumer Staples,operating_income_yoy_growth,21,112,0.1875,2026-05-29T20:17:26.000Z,2017-08-31
WMT,Consumer Staples,eps_diluted_yoy_growth,21,112,0.1875,2026-05-29T20:17:26.000Z,2017-08-31
WMT,Consumer Staples,total_assets_yoy_growth,40,112,0.3571,2026-05-29T20:17:26.000Z,2017-08-31
WMT,Consumer Staples,operating_cash_flow_yoy_growth,32,112,0.2857,2026-05-29T20:17:26.000Z,2017-08-31
WMT,Consumer Staples,free_cash_flow_yoy_growth,0,112,0.0,2026-05-29T20:17:26.000Z,2017-08-31
WMT,Consumer Staples,cash_conversion,25,112,0.2232,2026-05-29T20:17:26.000Z,2017-08-31
WMT,Consumer Staples,fcf_to_net_income,0,112,0.0,2026-05-29T20:17:26.000Z,2017-08-31
WMT,Consumer Staples,capex_intensity,25,112,0.2232,2026-05-29T20:17:26.000Z,2017-08-31
WMT,Consumer Staples,accrual_proxy,25,112,0.2232,2026-05-29T20:17:26.000Z,2017-08-31
WMT,Consumer Staples,log_total_assets,51,112,0.4554,2026-05-29T20:17:26.000Z,2017-08-31
WMT,Consumer Staples,log_revenue_abs,30,112,0.2679,2026-05-29T20:17:26.000Z,2017-08-31
WMT,Consumer Staples,log_total_liabilities_abs,0,112,0.0,2026-05-29T20:17:26.000Z,2017-08-31
WMT,Consumer Staples,filing_lag_days,112,112,1.0,2026-05-29T20:17:26.000Z,2017-08-31
XOM,Energy,operating_margin,0,112,0.0,2026-05-04T16:40:35.000Z,2013-08-06
XOM,Energy,net_margin,30,112,0.2679,2026-05-04T16:40:35.000Z,2013-08-06
XOM,Energy,fcf_margin,0,112,0.0,2026-05-04T16:40:35.000Z,2013-08-06
XOM,Energy,operating_cash_flow_margin,25,112,0.2232,2026-05-04T16:40:35.000Z,2013-08-06
XOM,Energy,debt_proxy_total_liabilities_to_assets,60,112,0.5357,2026-05-04T16:40:35.000Z,2013-08-06
XOM,Energy,equity_to_assets,60,112,0.5357,2026-05-04T16:40:35.000Z,2013-08-06
XOM,Energy,asset_turnover_proxy,25,112,0.2232,2026-05-04T16:40:35.000Z,2013-08-06
XOM,Energy,liability_to_equity,60,112,0.5357,2026-05-04T16:40:35.000Z,2013-08-06
XOM,Energy,revenue_yoy_growth,21,112,0.1875,2026-05-04T16:40:35.000Z,2013-08-06
XOM,Energy,net_income_yoy_growth,21,112,0.1875,2026-05-04T16:40:35.000Z,2013-08-06
XOM,Energy,operating_income_yoy_growth,0,112,0.0,2026-05-04T16:40:35.000Z,2013-08-06
XOM,Energy,eps_diluted_yoy_growth,21,112,0.1875,2026-05-04T16:40:35.000Z,2013-08-06
XOM,Energy,total_assets_yoy_growth,54,112,0.4821,2026-05-04T16:40:35.000Z,2013-08-06
XOM,Energy,operating_cash_flow_yoy_growth,31,112,0.2768,2026-05-04T16:40:35.000Z,2013-08-06
XOM,Energy,free_cash_flow_yoy_growth,0,112,0.0,2026-05-04T16:40:35.000Z,2013-08-06
XOM,Energy,cash_conversion,25,112,0.2232,2026-05-04T16:40:35.000Z,2013-08-06
XOM,Energy,fcf_to_net_income,0,112,0.0,2026-05-04T16:40:35.000Z,2013-08-06
XOM,Energy,capex_intensity,25,112,0.2232,2026-05-04T16:40:35.000Z,2013-08-06
XOM,Energy,accrual_proxy,25,112,0.2232,2026-05-04T16:40:35.000Z,2013-08-06
XOM,Energy,log_total_assets,60,112,0.5357,2026-05-04T16:40:35.000Z,2013-08-06
XOM,Energy,log_revenue_abs,30,112,0.2679,2026-05-04T16:40:35.000Z,2013-08-06
XOM,Energy,log_total_liabilities_abs,60,112,0.5357,2026-05-04T16:40:35.000Z,2013-08-06
XOM,Energy,filing_lag_days,112,112,1.0,2026-05-04T16:40:35.000Z,2013-08-06
ZTS,Health Care,operating_margin,0,117,0.0,2026-05-07T20:26:02.000Z,2016-08-05
ZTS,Health Care,net_margin,30,117,0.2564,2026-05-07T20:26:02.000Z,2016-08-05
ZTS,Health Care,fcf_margin,0,117,0.0,2026-05-07T20:26:02.000Z,2016-08-05
ZTS,Health Care,operating_cash_flow_margin,25,117,0.2137,2026-05-07T20:26:02.000Z,2016-08-05
ZTS,Health Care,debt_proxy_total_liabilities_to_assets,60,117,0.5128,2026-05-07T20:26:02.000Z,2016-08-05
ZTS,Health Care,equity_to_assets,51,117,0.4359,2026-05-07T20:26:02.000Z,2016-08-05
ZTS,Health Care,asset_turnover_proxy,25,117,0.2137,2026-05-07T20:26:02.000Z,2016-08-05
ZTS,Health Care,liability_to_equity,51,117,0.4359,2026-05-07T20:26:02.000Z,2016-08-05
ZTS,Health Care,revenue_yoy_growth,21,117,0.1795,2026-05-07T20:26:02.000Z,2016-08-05
ZTS,Health Care,net_income_yoy_growth,21,117,0.1795,2026-05-07T20:26:02.000Z,2016-08-05
ZTS,Health Care,operating_income_yoy_growth,0,117,0.0,2026-05-07T20:26:02.000Z,2016-08-05
ZTS,Health Care,eps_diluted_yoy_growth,21,117,0.1795,2026-05-07T20:26:02.000Z,2016-08-05
ZTS,Health Care,total_assets_yoy_growth,54,117,0.4615,2026-05-07T20:26:02.000Z,2016-08-05
ZTS,Health Care,operating_cash_flow_yoy_growth,32,117,0.2735,2026-05-07T20:26:02.000Z,2016-08-05
ZTS,Health Care,free_cash_flow_yoy_growth,0,117,0.0,2026-05-07T20:26:02.000Z,2016-08-05
ZTS,Health Care,cash_conversion,25,117,0.2137,2026-05-07T20:26:02.000Z,2016-08-05
ZTS,Health Care,fcf_to_net_income,0,117,0.0,2026-05-07T20:26:02.000Z,2016-08-05
ZTS,Health Care,capex_intensity,25,117,0.2137,2026-05-07T20:26:02.000Z,2016-08-05
ZTS,Health Care,accrual_proxy,25,117,0.2137,2026-05-07T20:26:02.000Z,2016-08-05
ZTS,Health Care,log_total_assets,60,117,0.5128,2026-05-07T20:26:02.000Z,2016-08-05
ZTS,Health Care,log_revenue_abs,30,117,0.2564,2026-05-07T20:26:02.000Z,2016-08-05
ZTS,Health Care,log_total_liabilities_abs,60,117,0.5128,2026-05-07T20:26:02.000Z,2016-08-05
ZTS,Health Care,filing_lag_days,117,117,1.0,2026-05-07T20:26:02.000Z,2016-08-05
