ticker,fiscal_date_ending,reported_date,availability_date,point_in_time_usable,provider,eps_surprise,eps_surprise_pct,positive_surprise_flag,negative_surprise_flag,surprise_magnitude_abs,trailing_4q_avg_surprise_pct,trailing_4q_positive_surprise_rate,trailing_8q_avg_surprise_pct,surprise_acceleration,days_since_last_earnings,earnings_event_recency_bucket,estimate_revision_proxy
AAPL,1996-03-31,1996-04-17,1996-04-17,True,alpha_vantage,-0.02,-40.0,0,1,0.02,,,,,,0,
AAPL,1996-06-30,1996-07-17,1996-07-17,True,alpha_vantage,0.02,50.0,1,0,0.02,-40.0,0.0,-40.0,90.0,91,0,
AAPL,1996-09-30,1996-10-16,1996-10-16,True,alpha_vantage,0.0118,118.0,1,0,0.0118,5.0,0.5,5.0,68.0,91,0,
AAPL,1996-12-31,1997-01-15,1997-01-15,True,alpha_vantage,-0.01,-50.0,0,1,0.01,42.666667,0.6667,42.666667,-168.0,91,0,
AAPL,1997-03-31,1997-04-16,1997-04-16,True,alpha_vantage,-0.01,-25.0,0,1,0.01,19.5,0.5,19.5,25.0,91,0,
AAPL,1997-06-30,1997-07-16,1997-07-16,True,alpha_vantage,0.0,0.0,0,0,0.0,23.25,0.5,10.6,25.0,91,0,
AAPL,1997-09-30,1997-10-15,1997-10-15,True,alpha_vantage,0.0,,0,0,0.0,10.75,0.25,8.833333,,91,0,
AAPL,1997-12-31,1998-01-14,1998-01-14,True,alpha_vantage,0.0,0.0,0,0,0.0,10.75,0.25,8.833333,0.0,91,0,
AAPL,1998-03-31,1998-04-15,1998-04-15,True,alpha_vantage,0.0,0.0,0,0,0.0,-18.75,0.0,7.571429,0.0,91,0,
AAPL,1998-06-30,1998-07-15,1998-07-15,True,alpha_vantage,0.0,0.0,0,0,0.0,-6.25,0.0,6.625,0.0,91,0,
AAPL,1998-09-30,1998-10-14,1998-10-14,True,alpha_vantage,-0.01,-50.0,0,1,0.01,0.0,0.0,11.625,-50.0,91,0,
AAPL,1998-12-31,1999-01-13,1999-01-13,True,alpha_vantage,0.0,0.0,0,0,0.0,-12.5,0.0,-0.875,50.0,91,0,
AAPL,1999-03-31,1999-04-14,1999-04-14,True,alpha_vantage,0.0,0.0,0,0,0.0,-12.5,0.0,-15.625,0.0,91,0,
AAPL,1999-06-30,1999-07-14,1999-07-14,True,alpha_vantage,0.0,0.0,0,0,0.0,-12.5,0.0,-9.375,0.0,91,0,
AAPL,1999-09-30,1999-10-13,1999-10-13,True,alpha_vantage,0.0,0.0,0,0,0.0,-12.5,0.0,-6.25,0.0,91,0,
AAPL,1999-12-31,2000-01-19,2000-01-19,True,alpha_vantage,0.0,0.0,0,0,0.0,0.0,0.0,-6.25,0.0,98,0,
AAPL,2000-03-31,2000-04-19,2000-04-19,True,alpha_vantage,0.0,0.0,0,0,0.0,0.0,0.0,-6.25,0.0,91,0,
AAPL,2000-06-30,2000-07-18,2000-07-18,True,alpha_vantage,0.0,0.0,0,0,0.0,0.0,0.0,-6.25,0.0,90,0,
AAPL,2000-09-30,2000-10-18,2000-10-18,True,alpha_vantage,-0.01,-50.0,0,1,0.01,0.0,0.0,-6.25,-50.0,92,0,
AAPL,2000-12-31,2001-01-17,2001-01-17,True,alpha_vantage,0.0,0.0,0,0,0.0,-12.5,0.0,-6.25,50.0,91,0,
AAPL,2001-03-31,2001-04-18,2001-04-18,True,alpha_vantage,0.0,,0,0,0.0,-12.5,0.0,-6.25,,91,0,
AAPL,2001-06-30,2001-07-18,2001-07-18,True,alpha_vantage,0.0,,0,0,0.0,-12.5,0.0,-6.25,,91,0,
AAPL,2001-09-30,2001-10-17,2001-10-17,True,alpha_vantage,0.0,,0,0,0.0,-12.5,0.0,-6.25,,91,0,
AAPL,2001-12-31,2002-01-16,2002-01-16,True,alpha_vantage,0.0,0.0,0,0,0.0,-12.5,0.0,-6.25,0.0,91,0,
AAPL,2002-03-31,2002-04-17,2002-04-17,True,alpha_vantage,0.0,,0,0,0.0,-12.5,0.0,-6.25,,91,0,
AAPL,2002-06-30,2002-07-16,2002-07-16,True,alpha_vantage,0.0,0.0,0,0,0.0,-12.5,0.0,-6.25,0.0,90,0,
AAPL,2002-09-30,2002-10-16,2002-10-16,True,alpha_vantage,0.0,,0,0,0.0,-12.5,0.0,-6.25,,92,0,
AAPL,2002-12-31,2003-01-15,2003-01-15,True,alpha_vantage,0.0,,0,0,0.0,-12.5,0.0,-6.25,,91,0,
AAPL,2003-03-31,2003-04-16,2003-04-16,True,alpha_vantage,0.0,,0,0,0.0,-12.5,0.0,-6.25,,91,0,
AAPL,2003-06-30,2003-07-16,2003-07-16,True,alpha_vantage,0.0,,0,0,0.0,-12.5,0.0,-6.25,,91,0,
AAPL,2003-09-30,2003-10-15,2003-10-15,True,alpha_vantage,0.0,,0,0,0.0,-12.5,0.0,-6.25,,91,0,
AAPL,2003-12-31,2004-01-14,2004-01-14,True,alpha_vantage,0.0,0.0,0,0,0.0,-12.5,0.0,-6.25,0.0,91,0,
AAPL,2004-03-31,2004-04-14,2004-04-14,True,alpha_vantage,0.0,0.0,0,0,0.0,0.0,0.0,-6.25,0.0,91,0,
AAPL,2004-06-30,2004-07-14,2004-07-14,True,alpha_vantage,0.0,0.0,0,0,0.0,0.0,0.0,-6.25,0.0,91,0,
AAPL,2004-09-30,2004-10-13,2004-10-13,True,alpha_vantage,0.01,100.0,1,0,0.01,0.0,0.0,-6.25,100.0,91,0,
AAPL,2004-12-31,2005-01-12,2005-01-12,True,alpha_vantage,0.0,0.0,0,0,0.0,25.0,0.25,6.25,-100.0,91,0,
AAPL,2005-03-31,2005-04-13,2005-04-13,True,alpha_vantage,0.0,0.0,0,0,0.0,25.0,0.25,12.5,0.0,91,0,
AAPL,2005-06-30,2005-07-13,2005-07-13,True,alpha_vantage,0.0,0.0,0,0,0.0,25.0,0.25,12.5,0.0,91,0,
AAPL,2005-09-30,2005-10-11,2005-10-11,True,alpha_vantage,0.0,0.0,0,0,0.0,25.0,0.25,12.5,0.0,90,0,
AAPL,2005-12-31,2006-01-18,2006-01-18,True,alpha_vantage,0.0,0.0,0,0,0.0,0.0,0.0,12.5,0.0,99,0,
AAPL,2006-03-31,2006-04-19,2006-04-19,True,alpha_vantage,0.01,100.0,1,0,0.01,0.0,0.0,12.5,100.0,91,0,
AAPL,2006-06-30,2006-07-19,2006-07-19,True,alpha_vantage,0.0,0.0,0,0,0.0,25.0,0.25,25.0,-100.0,91,0,
AAPL,2006-09-30,2006-10-18,2006-10-18,True,alpha_vantage,0.0,0.0,0,0,0.0,25.0,0.25,25.0,0.0,91,0,
AAPL,2006-12-31,2007-01-17,2007-01-17,True,alpha_vantage,0.01,33.3333,1,0,0.01,25.0,0.25,12.5,33.3333,91,0,
AAPL,2007-03-31,2007-04-25,2007-04-25,True,alpha_vantage,0.01,50.0,1,0,0.01,33.333325,0.5,16.666663,16.6667,98,0,
AAPL,2007-06-30,2007-07-25,2007-07-25,True,alpha_vantage,0.0,0.0,0,0,0.0,20.833325,0.5,22.916663,-50.0,91,0,
AAPL,2007-09-30,2007-10-22,2007-10-22,True,alpha_vantage,0.01,33.3333,1,0,0.01,20.833325,0.5,22.916663,33.3333,89,0,
AAPL,2007-12-31,2008-01-22,2008-01-22,True,alpha_vantage,0.0,0.0,0,0,0.0,29.16665,0.75,27.083325,-33.3333,92,0,
AAPL,2008-03-31,2008-04-23,2008-04-23,True,alpha_vantage,0.005,13.3333,1,0,0.005,20.833325,0.5,27.083325,13.3333,92,0,
AAPL,2008-06-30,2008-07-21,2008-07-21,True,alpha_vantage,0.005,13.3333,1,0,0.005,11.66665,0.5,16.249987,0.0,89,0,
AAPL,2008-09-30,2008-10-21,2008-10-21,True,alpha_vantage,0.005,12.5,1,0,0.005,14.999975,0.75,17.91665,-0.8333,92,0,
AAPL,2008-12-31,2009-01-21,2009-01-21,True,alpha_vantage,0.0125,25.0,1,0,0.0125,9.79165,0.75,19.47915,12.5,92,0,
AAPL,2009-03-31,2009-04-22,2009-04-22,True,alpha_vantage,0.0075,18.75,1,0,0.0075,16.04165,1.0,18.437487,-6.25,91,0,
AAPL,2009-06-30,2009-07-21,2009-07-21,True,alpha_vantage,0.005,11.7647,1,0,0.005,17.395825,1.0,14.531237,-6.9853,90,0,
AAPL,2009-09-30,2009-10-19,2009-10-19,True,alpha_vantage,0.015,30.0,1,0,0.015,17.003675,1.0,16.001825,18.2353,90,0,
AAPL,2009-12-31,2010-01-25,2010-01-25,True,alpha_vantage,0.055,73.3333,1,0,0.055,21.378675,1.0,15.585162,43.3333,98,0,
AAPL,2010-03-31,2010-04-20,2010-04-20,True,alpha_vantage,0.0325,37.1429,1,0,0.0325,33.462,1.0,24.751825,-36.1904,85,0,
AAPL,2010-06-30,2010-07-20,2010-07-20,True,alpha_vantage,0.015,13.6364,1,0,0.015,38.060225,1.0,27.728025,-23.5065,91,0,
AAPL,2010-09-30,2010-10-18,2010-10-18,True,alpha_vantage,0.02,13.7931,1,0,0.02,38.52815,1.0,27.765912,0.1567,90,0,
AAPL,2010-12-31,2011-01-18,2011-01-18,True,alpha_vantage,0.0375,19.4805,1,0,0.0375,34.476425,1.0,27.92755,5.6874,92,0,
AAPL,2011-03-31,2011-04-20,2011-04-20,True,alpha_vantage,0.035,18.1818,1,0,0.035,21.013225,1.0,27.237612,-1.2987,92,0,
AAPL,2011-06-30,2011-07-19,2011-07-19,True,alpha_vantage,0.07,33.7349,1,0,0.07,16.27295,1.0,27.166587,15.5531,90,0,
AAPL,2011-09-30,2011-10-18,2011-10-18,True,alpha_vantage,-0.0125,-4.717,0,1,0.0125,21.297575,1.0,29.912862,-38.4519,91,0,
AAPL,2011-12-31,2012-01-24,2012-01-24,True,alpha_vantage,0.1325,36.5517,1,0,0.1325,16.67005,0.75,25.573237,41.2687,98,0,
AAPL,2012-03-31,2012-04-24,2012-04-24,True,alpha_vantage,0.0825,23.0769,1,0,0.0825,20.93785,0.75,20.975537,-13.4748,91,0,
AAPL,2012-06-30,2012-07-24,2012-07-24,True,alpha_vantage,-0.0375,-10.1351,0,1,0.0375,22.161625,0.75,19.217288,-33.212,91,0,
AAPL,2012-09-30,2012-10-25,2012-10-25,True,alpha_vantage,-0.0025,-0.8,0,1,0.0025,11.194125,0.5,16.24585,9.3351,93,0,
AAPL,2012-12-31,2013-01-23,2013-01-23,True,alpha_vantage,0.0125,2.6042,1,0,0.0125,12.173375,0.5,14.421712,3.4042,90,0,
AAPL,2013-03-31,2013-04-23,2013-04-23,True,alpha_vantage,0.0025,0.6993,1,0,0.0025,3.6865,0.5,12.312175,-1.9049,90,0,
AAPL,2013-06-30,2013-07-23,2013-07-23,True,alpha_vantage,0.005,1.9048,1,0,0.005,-1.9079,0.5,10.126862,1.2055,91,0,
AAPL,2013-09-30,2013-10-28,2013-10-28,True,alpha_vantage,0.01,3.5088,1,0,0.01,1.102075,0.75,6.1481,1.604,97,0,
AAPL,2013-12-31,2014-01-27,2014-01-27,True,alpha_vantage,0.015,2.9851,1,0,0.015,2.179275,1.0,7.176325,-0.5237,91,0,
AAPL,2014-03-31,2014-04-23,2014-04-23,True,alpha_vantage,0.05,13.6986,1,0,0.05,2.2745,1.0,2.9805,10.7135,86,0,
AAPL,2014-06-30,2014-07-22,2014-07-22,True,alpha_vantage,0.0125,4.065,1,0,0.0125,5.524325,1.0,1.808213,-9.6336,90,0,
AAPL,2014-09-30,2014-10-20,2014-10-20,True,alpha_vantage,0.0275,8.3969,1,0,0.0275,6.064375,1.0,3.583225,4.3319,90,0,
AAPL,2014-12-31,2015-01-27,2015-01-27,True,alpha_vantage,0.115,17.6923,1,0,0.115,7.2864,1.0,4.732838,9.2954,99,0,
AAPL,2015-03-31,2015-04-27,2015-04-27,True,alpha_vantage,0.0425,7.8704,1,0,0.0425,10.9632,1.0,6.61885,-9.8219,90,0,
AAPL,2015-06-30,2015-07-21,2015-07-21,True,alpha_vantage,0.01,2.2099,1,0,0.01,9.50615,1.0,7.515238,-5.6605,85,0,
AAPL,2015-09-30,2015-10-27,2015-10-27,True,alpha_vantage,0.02,4.2553,1,0,0.02,9.042375,1.0,7.553375,2.0454,98,0,
AAPL,2015-12-31,2016-01-26,2016-01-26,True,alpha_vantage,0.0125,1.548,1,0,0.0125,8.006975,1.0,7.646688,-2.7073,91,0,
AAPL,2016-03-31,2016-04-26,2016-04-26,True,alpha_vantage,-0.025,-5.0,0,1,0.025,3.9709,1.0,7.46705,-6.548,91,0,
AAPL,2016-06-30,2016-07-26,2016-07-26,True,alpha_vantage,0.01,2.8986,1,0,0.01,0.7533,0.75,5.129725,7.8986,91,0,
AAPL,2016-09-30,2016-10-25,2016-10-25,True,alpha_vantage,0.0025,0.6024,1,0,0.0025,0.925475,0.75,4.983925,-2.2962,91,0,
AAPL,2016-12-31,2017-01-31,2017-01-31,True,alpha_vantage,0.0375,4.6729,1,0,0.0375,0.01225,0.75,4.009613,4.0705,98,0,
AAPL,2017-03-31,2017-05-02,2017-05-02,True,alpha_vantage,0.02,3.9604,1,0,0.02,0.793475,0.75,2.382188,-0.7125,91,0,
AAPL,2017-06-30,2017-08-01,2017-08-01,True,alpha_vantage,0.025,6.3694,1,0,0.025,3.033575,1.0,1.893438,2.409,91,0,
AAPL,2017-09-30,2017-11-02,2017-11-02,True,alpha_vantage,0.05,10.6952,1,0,0.05,3.901275,1.0,2.413375,4.3258,93,0,
AAPL,2017-12-31,2018-02-01,2018-02-01,True,alpha_vantage,0.0075,0.7772,1,0,0.0075,6.424475,1.0,3.218363,-9.918,91,0,
AAPL,2018-03-31,2018-05-01,2018-05-01,True,alpha_vantage,0.01,1.487,1,0,0.01,5.45055,1.0,3.122012,0.7098,89,0,
AAPL,2018-06-30,2018-07-31,2018-07-31,True,alpha_vantage,0.04,7.3394,1,0,0.04,4.8322,1.0,3.932888,5.8524,91,0,
AAPL,2018-09-30,2018-11-01,2018-11-01,True,alpha_vantage,0.03,4.2857,1,0,0.03,5.0747,1.0,4.487988,-3.0537,93,0,
AAPL,2018-12-31,2019-01-29,2019-01-29,True,alpha_vantage,0.01,0.9615,1,0,0.01,3.472325,1.0,4.9484,-3.3242,89,0,
AAPL,2019-03-31,2019-04-30,2019-04-30,True,alpha_vantage,0.03,5.0847,1,0,0.03,3.5184,1.0,4.484475,4.1232,91,0,
AAPL,2019-06-30,2019-07-30,2019-07-30,True,alpha_vantage,0.02,3.7736,1,0,0.02,4.417825,1.0,4.625013,-1.3111,91,0,
AAPL,2019-09-30,2019-10-30,2019-10-30,True,alpha_vantage,0.05,7.0423,1,0,0.05,3.526375,1.0,4.300537,3.2687,92,0,
AAPL,2019-12-31,2020-01-28,2020-01-28,True,alpha_vantage,0.11,9.6491,1,0,0.11,4.215525,1.0,3.843925,2.6068,90,0,
AAPL,2020-03-31,2020-04-30,2020-04-30,True,alpha_vantage,0.08,14.2857,1,0,0.08,6.387425,1.0,4.952913,4.6366,93,0,
AAPL,2020-06-30,2020-07-30,2020-07-30,True,alpha_vantage,0.14,27.451,1,0,0.14,8.687675,1.0,6.55275,13.1653,91,0,
AAPL,2020-09-30,2020-10-29,2020-10-29,True,alpha_vantage,0.03,4.2857,1,0,0.03,14.607025,1.0,9.0667,-23.1653,91,0,
AAPL,2020-12-31,2021-01-27,2021-01-27,True,alpha_vantage,0.26,18.3099,1,0,0.26,13.917875,1.0,9.0667,14.0242,90,0,
AAPL,2021-03-31,2021-04-28,2021-04-28,True,alpha_vantage,0.42,42.8571,1,0,0.42,16.083075,1.0,11.23525,24.5472,91,0,
AAPL,2021-06-30,2021-07-27,2021-07-27,True,alpha_vantage,0.29,28.7129,1,0,0.29,23.225925,1.0,15.9568,-14.1442,90,0,
AAPL,2021-09-30,2021-10-28,2021-10-28,True,alpha_vantage,0.0,0.0,0,0,0.0,23.5414,1.0,19.074213,-28.7129,93,0,
AAPL,2021-12-31,2022-01-27,2022-01-27,True,alpha_vantage,0.21,11.1111,1,0,0.21,22.469975,0.75,18.193925,11.1111,91,0,
AAPL,2022-03-31,2022-04-28,2022-04-28,True,alpha_vantage,0.09,6.2937,1,0,0.09,20.670275,0.75,18.376675,-4.8174,91,0,
AAPL,2022-06-30,2022-07-28,2022-07-28,True,alpha_vantage,0.05,4.3478,1,0,0.05,11.529425,0.75,17.377675,-1.9459,91,0,
AAPL,2022-09-30,2022-10-27,2022-10-27,True,alpha_vantage,0.02,1.5748,1,0,0.02,5.43815,0.75,14.489775,-2.773,91,0,
AAPL,2022-12-31,2023-02-02,2023-02-02,True,alpha_vantage,-0.07,-3.5897,0,1,0.07,5.83185,1.0,14.150913,-5.1645,98,0,
AAPL,2023-03-31,2023-05-04,2023-05-04,True,alpha_vantage,0.09,6.2937,1,0,0.09,2.15665,0.75,11.413463,9.8834,91,0,
AAPL,2023-06-30,2023-08-03,2023-08-03,True,alpha_vantage,0.07,5.8824,1,0,0.07,2.15665,0.75,6.843038,-0.4113,91,0,
AAPL,2023-09-30,2023-11-02,2023-11-02,True,alpha_vantage,0.07,5.036,1,0,0.07,2.5403,0.75,3.989225,-0.8464,91,0,
AAPL,2023-12-31,2024-02-01,2024-02-01,True,alpha_vantage,0.07,3.3175,1,0,0.07,3.4056,0.75,4.618725,-1.7185,91,0,
AAPL,2024-03-31,2024-05-02,2024-05-02,True,alpha_vantage,0.03,2.0,1,0,0.03,5.1324,1.0,3.644525,-1.3175,91,0,
AAPL,2024-06-30,2024-08-01,2024-08-01,True,alpha_vantage,0.06,4.4776,1,0,0.06,4.058975,1.0,3.107813,2.4776,91,0,
AAPL,2024-09-30,2024-10-31,2024-10-31,True,alpha_vantage,0.02,2.1053,1,0,0.02,3.707775,1.0,3.124038,-2.3723,91,0,
AAPL,2024-12-31,2025-01-30,2025-01-30,True,alpha_vantage,0.06,2.5641,1,0,0.06,2.9751,1.0,3.19035,0.4588,91,0,
AAPL,2025-03-31,2025-05-01,2025-05-01,True,alpha_vantage,0.03,1.8519,1,0,0.03,2.78675,1.0,3.959575,-0.7122,91,0,
AAPL,2025-06-30,2025-07-31,2025-07-31,True,alpha_vantage,0.14,9.7902,1,0,0.14,2.749725,1.0,3.40435,7.9383,91,0,
AAPL,2025-09-30,2025-10-30,2025-10-30,True,alpha_vantage,0.08,4.5198,1,0,0.08,4.077875,1.0,3.892825,-5.2704,91,0,
AAPL,2025-12-31,2026-01-29,2026-01-29,True,alpha_vantage,0.17,6.367,1,0,0.17,4.6815,1.0,3.8283,1.8472,91,0,
AAPL,2026-03-31,2026-04-30,2026-04-30,True,alpha_vantage,0.07,3.6082,1,0,0.07,5.632225,1.0,4.209487,-2.7588,91,0,
ABBV,2012-12-31,2013-01-23,2013-01-23,True,alpha_vantage,-0.0139,-1.404,0,1,0.0139,,,,,,0,
ABBV,2013-03-31,2013-04-26,2013-04-26,True,alpha_vantage,0.01,1.4925,1,0,0.01,-1.404,0.0,-1.404,2.8965,93,0,
ABBV,2013-06-30,2013-07-26,2013-07-26,True,alpha_vantage,0.03,3.7975,1,0,0.03,0.04425,0.5,0.04425,2.305,91,0,
ABBV,2013-09-30,2013-10-25,2013-10-25,True,alpha_vantage,0.05,6.4935,1,0,0.05,1.295333,0.6667,1.295333,2.696,91,0,
ABBV,2013-12-31,2014-01-31,2014-01-31,True,alpha_vantage,0.0,0.0,0,0,0.0,2.594875,0.75,2.594875,-6.4935,98,0,
ABBV,2014-03-31,2014-04-25,2014-04-25,True,alpha_vantage,0.03,4.4118,1,0,0.03,2.945875,0.75,2.0759,4.4118,84,0,
ABBV,2014-06-30,2014-07-25,2014-07-25,True,alpha_vantage,0.06,7.8947,1,0,0.06,3.6757,0.75,2.465217,3.4829,91,0,
ABBV,2014-09-30,2014-10-31,2014-10-31,True,alpha_vantage,0.12,15.5844,1,0,0.12,4.7,0.75,3.240857,7.6897,98,0,
ABBV,2014-12-31,2015-01-30,2015-01-30,True,alpha_vantage,0.03,3.4884,1,0,0.03,6.972725,0.75,4.7838,-12.096,91,0,
ABBV,2015-03-31,2015-04-23,2015-04-23,True,alpha_vantage,0.09,10.5882,1,0,0.09,7.844825,1.0,5.39535,7.0998,83,0,
ABBV,2015-06-30,2015-07-24,2015-07-24,True,alpha_vantage,0.02,1.8868,1,0,0.02,9.388925,1.0,6.532312,-8.7014,92,0,
ABBV,2015-09-30,2015-10-30,2015-10-30,True,alpha_vantage,0.05,4.6296,1,0,0.05,7.88695,1.0,6.293475,2.7428,98,0,
ABBV,2015-12-31,2016-01-29,2016-01-29,True,alpha_vantage,0.01,0.8929,1,0,0.01,5.14825,1.0,6.060487,-3.7367,91,0,
ABBV,2016-03-31,2016-04-28,2016-04-28,True,alpha_vantage,0.01,0.8772,1,0,0.01,4.499375,1.0,6.1721,-0.0157,90,0,
ABBV,2016-06-30,2016-07-29,2016-07-29,True,alpha_vantage,0.06,5.0,1,0,0.06,2.071625,1.0,5.730275,4.1228,92,0,
ABBV,2016-09-30,2016-10-28,2016-10-28,True,alpha_vantage,0.01,0.8333,1,0,0.01,2.849925,1.0,5.368437,-4.1667,91,0,
ABBV,2016-12-31,2017-01-27,2017-01-27,True,alpha_vantage,0.0,0.0,0,0,0.0,1.90085,1.0,3.52455,-0.8333,91,0,
ABBV,2017-03-31,2017-04-27,2017-04-27,True,alpha_vantage,0.02,1.5873,1,0,0.02,1.677625,0.75,3.0885,1.5873,90,0,
ABBV,2017-06-30,2017-07-28,2017-07-28,True,alpha_vantage,0.02,1.4286,1,0,0.02,1.85515,0.75,1.963388,-0.1587,92,0,
ABBV,2017-09-30,2017-10-27,2017-10-27,True,alpha_vantage,0.02,1.4388,1,0,0.02,0.9623,0.75,1.906113,0.0102,91,0,
ABBV,2017-12-31,2018-01-26,2018-01-26,True,alpha_vantage,0.05,3.4965,1,0,0.05,1.113675,0.75,1.507262,2.0577,91,0,
ABBV,2018-03-31,2018-04-26,2018-04-26,True,alpha_vantage,0.08,4.4693,1,0,0.08,1.9878,1.0,1.832712,0.9728,90,0,
ABBV,2018-06-30,2018-07-27,2018-07-27,True,alpha_vantage,0.03,1.5228,1,0,0.03,2.7083,1.0,2.281725,-2.9465,92,0,
ABBV,2018-09-30,2018-11-02,2018-11-02,True,alpha_vantage,0.14,7.0,1,0,0.14,2.73185,1.0,1.847075,5.4772,98,0,
ABBV,2018-12-31,2019-01-25,2019-01-25,True,alpha_vantage,-0.03,-1.5544,0,1,0.03,4.12215,1.0,2.617913,-8.5544,84,0,
ABBV,2019-03-31,2019-04-25,2019-04-25,True,alpha_vantage,0.07,3.3816,1,0,0.07,2.859425,0.75,2.423612,4.936,90,0,
ABBV,2019-06-30,2019-07-26,2019-07-26,True,alpha_vantage,0.05,2.2624,1,0,0.05,2.5875,0.75,2.6479,-1.1192,92,0,
ABBV,2019-09-30,2019-11-01,2019-11-01,True,alpha_vantage,0.03,1.3043,1,0,0.03,2.7724,0.75,2.752125,-0.9581,98,0,
ABBV,2019-12-31,2020-02-07,2020-02-07,True,alpha_vantage,0.02,0.9132,1,0,0.02,1.348475,0.75,2.735313,-0.3911,98,0,
ABBV,2020-03-31,2020-05-01,2020-05-01,True,alpha_vantage,0.17,7.5556,1,0,0.17,1.965375,1.0,2.4124,6.6424,84,0,
ABBV,2020-06-30,2020-07-31,2020-07-31,True,alpha_vantage,0.14,6.3636,1,0,0.14,3.008875,1.0,2.798188,-1.192,91,0,
ABBV,2020-09-30,2020-10-30,2020-10-30,True,alpha_vantage,0.06,2.1661,1,0,0.06,4.034175,1.0,3.403288,-4.1975,91,0,
ABBV,2020-12-31,2021-02-03,2021-02-03,True,alpha_vantage,0.07,2.4561,1,0,0.07,4.249625,1.0,2.79905,0.29,96,0,
ABBV,2021-03-31,2021-04-30,2021-04-30,True,alpha_vantage,0.12,4.2403,1,0,0.12,4.63535,1.0,3.300362,1.7842,86,0,
ABBV,2021-06-30,2021-07-30,2021-07-30,True,alpha_vantage,0.08,2.6403,1,0,0.08,3.806525,1.0,3.4077,-1.6,91,0,
ABBV,2021-09-30,2021-10-29,2021-10-29,True,alpha_vantage,0.11,3.4161,1,0,0.11,2.8757,1.0,3.454938,0.7758,91,0,
ABBV,2021-12-31,2022-02-02,2022-02-02,True,alpha_vantage,0.03,0.9146,1,0,0.03,3.1882,1.0,3.718913,-2.5015,96,0,
ABBV,2022-03-31,2022-04-29,2022-04-29,True,alpha_vantage,0.02,0.6369,1,0,0.02,2.802825,1.0,3.719088,-0.2777,86,0,
ABBV,2022-06-30,2022-07-29,2022-07-29,True,alpha_vantage,0.06,1.8127,1,0,0.06,1.901975,1.0,2.85425,1.1758,91,0,
ABBV,2022-09-30,2022-10-28,2022-10-28,True,alpha_vantage,0.09,2.521,1,0,0.09,1.695075,1.0,2.285388,0.7083,91,0,
ABBV,2022-12-31,2023-02-09,2023-02-09,True,alpha_vantage,0.02,0.5587,1,0,0.02,1.4713,1.0,2.32975,-1.9623,104,0,
ABBV,2023-03-31,2023-04-27,2023-04-27,True,alpha_vantage,-0.03,-1.2048,0,1,0.03,1.382325,1.0,2.092575,-1.7635,77,0,
ABBV,2023-06-30,2023-07-27,2023-07-27,True,alpha_vantage,0.1,3.5587,1,0,0.1,0.9219,0.75,1.411938,4.7635,91,0,
ABBV,2023-09-30,2023-10-27,2023-10-27,True,alpha_vantage,0.08,2.7875,1,0,0.08,1.3584,0.75,1.526738,-0.7712,92,0,
ABBV,2023-12-31,2024-02-02,2024-02-02,True,alpha_vantage,0.02,0.722,1,0,0.02,1.425025,0.75,1.448163,-2.0655,98,0,
ABBV,2024-03-31,2024-04-26,2024-04-26,True,alpha_vantage,0.08,3.5874,1,0,0.08,1.46585,0.75,1.424087,2.8654,84,0,
ABBV,2024-06-30,2024-07-25,2024-07-25,True,alpha_vantage,-0.01,-0.3759,0,1,0.01,2.6639,1.0,1.7929,-3.9633,90,0,
ABBV,2024-09-30,2024-10-30,2024-10-30,True,alpha_vantage,0.08,2.7397,1,0,0.08,1.68025,0.75,1.519325,3.1156,97,0,
ABBV,2024-12-31,2025-01-31,2025-01-31,True,alpha_vantage,0.04,1.8868,1,0,0.04,1.6683,0.75,1.546663,-0.8529,93,0,
ABBV,2025-03-31,2025-04-25,2025-04-25,True,alpha_vantage,0.06,2.5,1,0,0.06,1.9595,0.75,1.712675,0.6132,84,0,
ABBV,2025-06-30,2025-07-31,2025-07-31,True,alpha_vantage,0.06,2.0619,1,0,0.06,1.68765,0.75,2.175775,-0.4381,97,0,
ABBV,2025-09-30,2025-10-31,2025-10-31,True,alpha_vantage,0.08,4.4944,1,0,0.08,2.2971,1.0,1.988675,2.4325,92,0,
ABBV,2025-12-31,2026-02-04,2026-02-04,True,alpha_vantage,0.06,2.2642,1,0,0.06,2.735775,1.0,2.202037,-2.2302,96,0,
ABBV,2026-03-31,2026-04-29,2026-04-29,True,alpha_vantage,-0.02,-0.7491,0,1,0.02,2.830125,1.0,2.394813,-3.0133,84,0,
ABT,1996-03-31,1996-04-08,1996-04-08,True,alpha_vantage,0.02,6.8966,1,0,0.02,,,,,,0,
ABT,1996-06-30,1996-07-10,1996-07-10,True,alpha_vantage,0.0,0.0,0,0,0.0,6.8966,1.0,6.8966,-6.8966,93,0,
ABT,1996-09-30,1996-10-08,1996-10-08,True,alpha_vantage,0.0,0.0,0,0,0.0,3.4483,0.5,3.4483,0.0,90,0,
ABT,1996-12-31,1997-01-16,1997-01-16,True,alpha_vantage,0.0,0.0,0,0,0.0,2.298867,0.3333,2.298867,0.0,100,0,
ABT,1997-03-31,1997-04-09,1997-04-09,True,alpha_vantage,0.01,2.9412,1,0,0.01,1.72415,0.25,1.72415,2.9412,83,0,
ABT,1997-06-30,1997-07-10,1997-07-10,True,alpha_vantage,0.0,0.0,0,0,0.0,0.7353,0.25,1.96756,-2.9412,92,0,
ABT,1997-09-30,1997-10-08,1997-10-08,True,alpha_vantage,0.0,0.0,0,0,0.0,0.7353,0.25,1.639633,0.0,90,0,
ABT,1997-12-31,1998-01-16,1998-01-16,True,alpha_vantage,0.0,0.0,0,0,0.0,0.7353,0.25,1.4054,0.0,100,0,
ABT,1998-03-31,1998-04-09,1998-04-09,True,alpha_vantage,0.0,0.0,0,0,0.0,0.7353,0.25,1.229725,0.0,83,0,
ABT,1998-06-30,1998-07-09,1998-07-09,True,alpha_vantage,0.01,2.7027,1,0,0.01,0.0,0.0,0.36765,2.7027,91,0,
ABT,1998-09-30,1998-10-08,1998-10-08,True,alpha_vantage,0.0,0.0,0,0,0.0,0.675675,0.25,0.705488,-2.7027,91,0,
ABT,1998-12-31,1999-01-15,1999-01-15,True,alpha_vantage,0.0,0.0,0,0,0.0,0.675675,0.25,0.705488,0.0,99,0,
ABT,1999-03-31,1999-04-08,1999-04-08,True,alpha_vantage,0.01,2.3256,1,0,0.01,0.675675,0.25,0.705488,2.3256,83,0,
ABT,1999-06-30,1999-07-09,1999-07-09,True,alpha_vantage,0.0,0.0,0,0,0.0,1.257075,0.5,0.628537,-2.3256,92,0,
ABT,1999-09-30,1999-10-11,1999-10-11,True,alpha_vantage,0.0,0.0,0,0,0.0,0.5814,0.25,0.628537,0.0,94,0,
ABT,1999-12-31,2000-01-18,2000-01-18,True,alpha_vantage,0.0,0.0,0,0,0.0,0.5814,0.25,0.628537,0.0,99,0,
ABT,2000-03-31,2000-04-11,2000-04-11,True,alpha_vantage,0.0,0.0,0,0,0.0,0.5814,0.25,0.628537,0.0,84,0,
ABT,2000-06-30,2000-07-12,2000-07-12,True,alpha_vantage,0.0,0.0,0,0,0.0,0.0,0.0,0.628537,0.0,92,0,
ABT,2000-09-30,2000-10-10,2000-10-10,True,alpha_vantage,0.0,0.0,0,0,0.0,0.0,0.0,0.2907,0.0,90,0,
ABT,2000-12-31,2001-01-16,2001-01-16,True,alpha_vantage,0.0,0.0,0,0,0.0,0.0,0.0,0.2907,0.0,98,0,
ABT,2001-03-31,2001-04-12,2001-04-12,True,alpha_vantage,0.0,0.0,0,0,0.0,0.0,0.0,0.2907,0.0,86,0,
ABT,2001-06-30,2001-07-12,2001-07-12,True,alpha_vantage,0.0,0.0,0,0,0.0,0.0,0.0,0.0,0.0,91,0,
ABT,2001-09-30,2001-10-10,2001-10-10,True,alpha_vantage,0.0,0.0,0,0,0.0,0.0,0.0,0.0,0.0,90,0,
ABT,2001-12-31,2002-01-16,2002-01-16,True,alpha_vantage,0.0,0.0,0,0,0.0,0.0,0.0,0.0,0.0,98,0,
ABT,2002-03-31,2002-04-09,2002-04-09,True,alpha_vantage,0.0,0.0,0,0,0.0,0.0,0.0,0.0,0.0,83,0,
ABT,2002-06-30,2002-07-11,2002-07-11,True,alpha_vantage,0.0,0.0,0,0,0.0,0.0,0.0,0.0,0.0,93,0,
ABT,2002-09-30,2002-10-09,2002-10-09,True,alpha_vantage,0.0,0.0,0,0,0.0,0.0,0.0,0.0,0.0,90,0,
ABT,2002-12-31,2003-01-16,2003-01-16,True,alpha_vantage,-0.01,-1.7857,0,1,0.01,0.0,0.0,0.0,-1.7857,99,0,
ABT,2003-03-31,2003-04-09,2003-04-09,True,alpha_vantage,0.0,0.0,0,0,0.0,-0.446425,0.0,-0.223213,1.7857,83,0,
ABT,2003-06-30,2003-07-10,2003-07-10,True,alpha_vantage,0.0,0.0,0,0,0.0,-0.446425,0.0,-0.223213,0.0,92,0,
ABT,2003-09-30,2003-10-09,2003-10-09,True,alpha_vantage,0.0,0.0,0,0,0.0,-0.446425,0.0,-0.223213,0.0,91,0,
ABT,2003-12-31,2004-01-16,2004-01-16,True,alpha_vantage,0.0,0.0,0,0,0.0,-0.446425,0.0,-0.223213,0.0,99,0,
ABT,2004-03-31,2004-04-08,2004-04-08,True,alpha_vantage,0.01,1.7857,1,0,0.01,0.0,0.0,-0.223213,1.7857,83,0,
ABT,2004-06-30,2004-07-09,2004-07-09,True,alpha_vantage,0.0,0.0,0,0,0.0,0.446425,0.25,0.0,-1.7857,92,0,
ABT,2004-09-30,2004-10-14,2004-10-14,True,alpha_vantage,0.0,0.0,0,0,0.0,0.446425,0.25,0.0,0.0,97,0,
ABT,2004-12-31,2005-01-18,2005-01-18,True,alpha_vantage,0.0,0.0,0,0,0.0,0.446425,0.25,0.0,0.0,96,0,
ABT,2005-03-31,2005-04-12,2005-04-12,True,alpha_vantage,0.0,0.0,0,0,0.0,0.446425,0.25,0.223213,0.0,84,0,
ABT,2005-06-30,2005-07-13,2005-07-13,True,alpha_vantage,0.01,1.7544,1,0,0.01,0.0,0.0,0.223213,1.7544,92,0,
ABT,2005-09-30,2005-10-19,2005-10-19,True,alpha_vantage,0.0,0.0,0,0,0.0,0.4386,0.25,0.442512,-1.7544,98,0,
ABT,2005-12-31,2006-01-25,2006-01-25,True,alpha_vantage,0.01,1.3333,1,0,0.01,0.4386,0.25,0.442512,1.3333,98,0,
ABT,2006-03-31,2006-04-19,2006-04-19,True,alpha_vantage,0.0,0.0,0,0,0.0,0.771925,0.5,0.609175,-1.3333,84,0,
ABT,2006-06-30,2006-07-19,2006-07-19,True,alpha_vantage,0.09,15.7895,1,0,0.09,0.771925,0.5,0.385962,15.7895,91,0,
ABT,2006-09-30,2006-10-18,2006-10-18,True,alpha_vantage,0.0,0.0,0,0,0.0,4.2807,0.5,2.35965,-15.7895,91,0,
ABT,2006-12-31,2007-01-24,2007-01-24,True,alpha_vantage,0.01,1.3514,1,0,0.01,4.2807,0.5,2.35965,1.3514,98,0,
ABT,2007-03-31,2007-04-18,2007-04-18,True,alpha_vantage,0.01,1.9231,1,0,0.01,4.285225,0.5,2.528575,0.5717,84,0,
ABT,2007-06-30,2007-07-18,2007-07-18,True,alpha_vantage,0.02,2.9851,1,0,0.02,4.766,0.75,2.768963,1.062,91,0,
ABT,2007-09-30,2007-10-17,2007-10-17,True,alpha_vantage,0.01,1.5152,1,0,0.01,1.5649,0.75,2.9228,-1.4699,91,0,
ABT,2007-12-31,2008-01-23,2008-01-23,True,alpha_vantage,0.01,1.087,1,0,0.01,1.9437,1.0,3.1122,-0.4282,98,0,
ABT,2008-03-31,2008-04-16,2008-04-16,True,alpha_vantage,0.01,1.6129,1,0,0.01,1.8776,1.0,3.081412,0.5259,84,0,
ABT,2008-06-30,2008-07-16,2008-07-16,True,alpha_vantage,0.05,6.3291,1,0,0.05,1.80005,1.0,3.283025,4.7162,91,0,
ABT,2008-09-30,2008-10-15,2008-10-15,True,alpha_vantage,0.02,2.5974,1,0,0.02,2.63605,1.0,2.100475,-3.7317,91,0,
ABT,2008-12-31,2009-01-21,2009-01-21,True,alpha_vantage,0.0,0.0,0,0,0.0,2.9066,1.0,2.42515,-2.5974,98,0,
ABT,2009-03-31,2009-04-15,2009-04-15,True,alpha_vantage,0.03,4.2857,1,0,0.03,2.63485,0.75,2.256225,4.2857,84,0,
ABT,2009-06-30,2009-07-15,2009-07-15,True,alpha_vantage,0.0,0.0,0,0,0.0,3.30305,0.75,2.55155,-4.2857,91,0,
ABT,2009-09-30,2009-10-14,2009-10-14,True,alpha_vantage,0.02,2.2222,1,0,0.02,1.720775,0.5,2.178413,2.2222,91,0,
ABT,2009-12-31,2010-01-27,2010-01-27,True,alpha_vantage,0.01,0.8547,1,0,0.01,1.626975,0.5,2.266787,-1.3675,105,0,
ABT,2010-03-31,2010-04-21,2010-04-21,True,alpha_vantage,0.01,1.25,1,0,0.01,1.84065,0.75,2.23775,0.3953,84,0,
ABT,2010-06-30,2010-07-21,2010-07-21,True,alpha_vantage,0.01,1.0,1,0,0.01,1.081725,0.75,2.192388,-0.25,91,0,
ABT,2010-09-30,2010-10-20,2010-10-20,True,alpha_vantage,0.0,0.0,0,0,0.0,1.331725,1.0,1.52625,-1.0,91,0,
ABT,2010-12-31,2011-01-26,2011-01-26,True,alpha_vantage,0.01,0.7752,1,0,0.01,0.776175,0.75,1.201575,0.7752,98,0,
ABT,2011-03-31,2011-04-20,2011-04-20,True,alpha_vantage,0.01,1.1111,1,0,0.01,0.7563,0.75,1.298475,0.3359,84,0,
ABT,2011-06-30,2011-07-20,2011-07-20,True,alpha_vantage,0.0,0.0,0,0,0.0,0.721575,0.75,0.90165,-1.1111,91,0,
ABT,2011-09-30,2011-10-19,2011-10-19,True,alpha_vantage,0.01,0.8547,1,0,0.01,0.471575,0.5,0.90165,0.8547,91,0,
ABT,2011-12-31,2012-01-25,2012-01-25,True,alpha_vantage,0.01,0.6944,1,0,0.01,0.68525,0.75,0.730712,-0.1603,98,0,
ABT,2012-03-31,2012-04-18,2012-04-18,True,alpha_vantage,0.03,3.0,1,0,0.03,0.66505,0.75,0.710675,2.3056,84,0,
ABT,2012-06-30,2012-07-18,2012-07-18,True,alpha_vantage,0.01,0.8197,1,0,0.01,1.137275,0.75,0.929425,-2.1803,91,0,
ABT,2012-09-30,2012-10-17,2012-10-17,True,alpha_vantage,0.02,1.5625,1,0,0.02,1.3422,1.0,0.906887,0.7428,91,0,
ABT,2012-12-31,2013-01-23,2013-01-23,True,alpha_vantage,0.01,0.6667,1,0,0.01,1.51915,1.0,1.1022,-0.8958,98,0,
ABT,2013-03-31,2013-04-17,2013-04-17,True,alpha_vantage,0.01,2.439,1,0,0.01,1.512225,1.0,1.088637,1.7723,84,0,
ABT,2013-06-30,2013-07-17,2013-07-17,True,alpha_vantage,0.02,4.5455,1,0,0.02,1.371975,1.0,1.254625,2.1065,91,0,
ABT,2013-09-30,2013-10-16,2013-10-16,True,alpha_vantage,0.04,7.8431,1,0,0.04,2.303425,1.0,1.822812,3.2976,91,0,
ABT,2013-12-31,2014-01-22,2014-01-22,True,alpha_vantage,0.0,0.0,0,0,0.0,3.873575,1.0,2.696362,-7.8431,98,0,
ABT,2014-03-31,2014-04-16,2014-04-16,True,alpha_vantage,0.05,13.8889,1,0,0.05,3.7069,0.75,2.609563,13.8889,84,0,
ABT,2014-06-30,2014-07-16,2014-07-16,True,alpha_vantage,0.03,5.8824,1,0,0.03,6.569375,0.75,3.970675,-8.0065,91,0,
ABT,2014-09-30,2014-10-22,2014-10-22,True,alpha_vantage,0.02,3.3333,1,0,0.02,6.9036,0.75,4.603512,-2.5491,98,0,
ABT,2014-12-31,2015-01-29,2015-01-29,True,alpha_vantage,-0.01,-1.5873,0,1,0.01,5.77615,0.75,4.824863,-4.9206,99,0,
ABT,2015-03-31,2015-04-22,2015-04-22,True,alpha_vantage,0.05,11.9048,1,0,0.05,5.379325,0.75,4.543112,13.4921,83,0,
ABT,2015-06-30,2015-07-22,2015-07-22,True,alpha_vantage,0.02,4.0,1,0,0.02,4.8833,0.75,5.726337,-7.9048,91,0,
ABT,2015-09-30,2015-10-21,2015-10-21,True,alpha_vantage,0.01,1.8868,1,0,0.01,4.4127,0.75,5.65815,-2.1132,91,0,
ABT,2015-12-31,2016-01-28,2016-01-28,True,alpha_vantage,0.01,1.6393,1,0,0.01,4.051075,0.75,4.913613,-0.2475,99,0,
ABT,2016-03-31,2016-04-20,2016-04-20,True,alpha_vantage,0.02,5.1282,1,0,0.02,4.857725,1.0,5.118525,3.4889,83,0,
ABT,2016-06-30,2016-07-20,2016-07-20,True,alpha_vantage,0.02,3.7736,1,0,0.02,3.163575,1.0,4.023438,-1.3546,91,0,
ABT,2016-09-30,2016-10-19,2016-10-19,True,alpha_vantage,0.01,1.7241,1,0,0.01,3.106975,1.0,3.759837,-2.0495,91,0,
ABT,2016-12-31,2017-01-25,2017-01-25,True,alpha_vantage,0.0,0.0,0,0,0.0,3.0663,1.0,3.558688,-1.7241,98,0,
ABT,2017-03-31,2017-04-19,2017-04-19,True,alpha_vantage,0.05,11.6279,1,0,0.05,2.656475,0.75,3.7571,11.6279,84,0,
ABT,2017-06-30,2017-07-20,2017-07-20,True,alpha_vantage,0.01,1.6393,1,0,0.01,4.2814,0.75,3.722488,-9.9886,92,0,
ABT,2017-09-30,2017-10-18,2017-10-18,True,alpha_vantage,0.01,1.5385,1,0,0.01,3.747825,0.75,3.4274,-0.1008,90,0,
ABT,2017-12-31,2018-01-24,2018-01-24,True,alpha_vantage,0.01,1.3699,1,0,0.01,3.701425,0.75,3.383863,-0.1686,98,0,
ABT,2018-03-31,2018-04-18,2018-04-18,True,alpha_vantage,0.01,1.7241,1,0,0.01,4.0439,1.0,3.350188,0.3542,84,0,
ABT,2018-06-30,2018-07-18,2018-07-18,True,alpha_vantage,0.02,2.8169,1,0,0.02,1.56795,1.0,2.924675,1.0928,91,0,
ABT,2018-09-30,2018-10-17,2018-10-17,True,alpha_vantage,0.0,0.0,0,0,0.0,1.86235,1.0,2.805087,-2.8169,91,0,
ABT,2018-12-31,2019-01-23,2019-01-23,True,alpha_vantage,0.0,0.0,0,0,0.0,1.477725,0.75,2.589575,0.0,98,0,
ABT,2019-03-31,2019-04-17,2019-04-17,True,alpha_vantage,0.01,1.6129,1,0,0.01,1.13525,0.5,2.589575,1.6129,84,0,
ABT,2019-06-30,2019-07-17,2019-07-17,True,alpha_vantage,0.02,2.5,1,0,0.02,1.10745,0.5,1.3377,0.8871,91,0,
ABT,2019-09-30,2019-10-16,2019-10-16,True,alpha_vantage,0.0,0.0,0,0,0.0,1.028225,0.5,1.445288,-2.5,91,0,
ABT,2019-12-31,2020-01-22,2020-01-22,True,alpha_vantage,0.0,0.0,0,0,0.0,1.028225,0.5,1.252975,0.0,98,0,
ABT,2020-03-31,2020-04-16,2020-04-16,True,alpha_vantage,0.04,6.5574,1,0,0.04,1.028225,0.5,1.081738,6.5574,85,0,
ABT,2020-06-30,2020-07-16,2020-07-16,True,alpha_vantage,0.15,35.7143,1,0,0.15,2.26435,0.5,1.6859,29.1569,91,0,
ABT,2020-09-30,2020-10-21,2020-10-21,True,alpha_vantage,0.07,7.6923,1,0,0.07,10.567925,0.5,5.798075,-28.022,97,0,
ABT,2020-12-31,2021-01-27,2021-01-27,True,alpha_vantage,0.1,7.4074,1,0,0.1,12.491,0.75,6.759613,-0.2849,98,0,
ABT,2021-03-31,2021-04-20,2021-04-20,True,alpha_vantage,0.05,3.937,1,0,0.05,14.34285,1.0,7.685538,-3.4704,83,0,
ABT,2021-06-30,2021-07-22,2021-07-22,True,alpha_vantage,0.15,14.7059,1,0,0.15,13.68775,1.0,7.97605,10.7689,93,0,
ABT,2021-09-30,2021-10-20,2021-10-20,True,alpha_vantage,0.45,47.3684,1,0,0.45,8.43565,1.0,9.501788,32.6625,90,0,
ABT,2021-12-31,2022-01-26,2022-01-26,True,alpha_vantage,0.11,9.0909,1,0,0.11,18.354675,1.0,15.422837,-38.2775,98,0,
ABT,2022-03-31,2022-04-20,2022-04-20,True,alpha_vantage,0.27,18.4932,1,0,0.27,18.77555,1.0,16.5592,9.4023,84,0,
ABT,2022-06-30,2022-07-20,2022-07-20,True,alpha_vantage,0.29,25.4386,1,0,0.29,22.4146,1.0,18.051175,6.9454,91,0,
ABT,2022-09-30,2022-10-19,2022-10-19,True,alpha_vantage,0.21,22.3404,1,0,0.21,25.097775,1.0,16.766713,-3.0982,91,0,
ABT,2022-12-31,2023-01-25,2023-01-25,True,alpha_vantage,0.09,9.5745,1,0,0.09,18.840775,1.0,18.597725,-12.7659,98,0,
ABT,2023-03-31,2023-04-19,2023-04-19,True,alpha_vantage,0.04,4.0404,1,0,0.04,18.961675,1.0,18.868613,-5.5341,84,0,
ABT,2023-06-30,2023-07-20,2023-07-20,True,alpha_vantage,0.03,2.8571,1,0,0.03,15.348475,1.0,18.881538,-1.1833,92,0,
ABT,2023-09-30,2023-10-18,2023-10-18,True,alpha_vantage,0.04,3.6364,1,0,0.04,9.7031,1.0,17.400437,0.7793,90,0,
ABT,2023-12-31,2024-01-24,2024-01-24,True,alpha_vantage,0.0,0.0,0,0,0.0,5.0271,1.0,11.933938,-3.6364,98,0,
ABT,2024-03-31,2024-04-17,2024-04-17,True,alpha_vantage,0.03,3.1579,1,0,0.03,2.633475,0.75,10.797575,3.1579,84,0,
ABT,2024-06-30,2024-07-18,2024-07-18,True,alpha_vantage,0.04,3.6364,1,0,0.04,2.41285,0.75,8.880662,0.4785,92,0,
ABT,2024-09-30,2024-10-16,2024-10-16,True,alpha_vantage,0.01,0.8333,1,0,0.01,2.607675,0.75,6.155387,-2.8031,90,0,
ABT,2024-12-31,2025-01-22,2025-01-22,True,alpha_vantage,0.0,0.0,0,0,0.0,1.9069,0.75,3.467,-0.8333,98,0,
ABT,2025-03-31,2025-04-16,2025-04-16,True,alpha_vantage,0.02,1.8692,1,0,0.02,1.9069,0.75,2.270188,1.8692,84,0,
ABT,2025-06-30,2025-07-17,2025-07-17,True,alpha_vantage,0.0,0.0,0,0,0.0,1.584725,0.75,1.998787,-1.8692,92,0,
ABT,2025-09-30,2025-10-15,2025-10-15,True,alpha_vantage,0.0,0.0,0,0,0.0,0.675625,0.5,1.64165,0.0,90,0,
ABT,2025-12-31,2026-01-22,2026-01-22,True,alpha_vantage,0.01,0.6711,1,0,0.01,0.4673,0.25,1.1871,0.6711,99,0,
ABT,2026-03-31,2026-04-16,2026-04-16,True,alpha_vantage,0.0,0.0,0,0,0.0,0.635075,0.5,1.270987,-0.6711,84,0,
ACN,2001-08-31,2001-10-11,2001-10-11,True,alpha_vantage,0.01,9.0909,1,0,0.01,,,,,,0,
ACN,2001-11-30,2002-01-09,2002-01-09,True,alpha_vantage,0.01,4.1667,1,0,0.01,9.0909,1.0,9.0909,-4.9242,90,0,
ACN,2002-02-28,2002-04-11,2002-04-11,True,alpha_vantage,0.01,4.5455,1,0,0.01,6.6288,1.0,6.6288,0.3788,92,0,
ACN,2002-05-31,2002-07-12,2002-07-12,True,alpha_vantage,0.01,3.8462,1,0,0.01,5.934367,1.0,5.934367,-0.6993,92,0,
ACN,2002-08-31,2002-10-10,2002-10-10,True,alpha_vantage,0.0,0.0,0,0,0.0,5.412325,1.0,5.412325,-3.8462,90,0,
ACN,2002-11-30,2003-01-09,2003-01-09,True,alpha_vantage,0.0,0.0,0,0,0.0,3.1396,0.75,4.32986,0.0,91,0,
ACN,2003-02-28,2003-04-14,2003-04-14,True,alpha_vantage,0.01,4.1667,1,0,0.01,2.097925,0.5,3.608217,4.1667,95,0,
ACN,2003-05-31,2003-07-15,2003-07-15,True,alpha_vantage,0.03,12.0,1,0,0.03,2.003225,0.5,3.688,7.8333,92,0,
ACN,2003-08-31,2003-10-09,2003-10-09,True,alpha_vantage,0.0,0.0,0,0,0.0,4.041675,0.5,4.727,-12.0,86,0,
ACN,2003-11-30,2004-01-13,2004-01-13,True,alpha_vantage,-0.01,-3.5714,0,1,0.01,4.041675,0.5,3.590637,-3.5714,96,0,
ACN,2004-02-29,2004-03-30,2004-03-30,True,alpha_vantage,0.04,16.0,1,0,0.04,3.148825,0.5,2.623375,19.5714,77,0,
ACN,2004-05-31,2004-07-07,2004-07-07,True,alpha_vantage,0.02,5.7143,1,0,0.02,6.10715,0.5,4.055187,-10.2857,99,0,
ACN,2004-08-31,2004-10-13,2004-10-13,True,alpha_vantage,0.02,7.1429,1,0,0.02,4.535725,0.5,4.2887,1.4286,98,0,
ACN,2004-11-30,2005-01-06,2005-01-06,True,alpha_vantage,0.01,3.2258,1,0,0.01,6.32145,0.75,5.181563,-3.9171,85,0,
ACN,2005-02-28,2005-04-07,2005-04-07,True,alpha_vantage,0.0,0.0,0,0,0.0,8.02075,1.0,5.584788,-3.2258,91,0,
ACN,2005-05-31,2005-07-07,2005-07-07,True,alpha_vantage,0.03,6.9767,1,0,0.03,4.02075,0.75,5.06395,6.9767,91,0,
ACN,2005-08-31,2005-10-06,2005-10-06,True,alpha_vantage,0.03,8.3333,1,0,0.03,4.33635,0.75,4.436038,1.3566,91,0,
ACN,2005-11-30,2006-01-05,2006-01-05,True,alpha_vantage,0.02,5.8824,1,0,0.02,4.63395,0.75,5.4777,-2.4509,91,0,
ACN,2006-02-28,2006-03-28,2006-03-28,True,alpha_vantage,0.02,5.7143,1,0,0.02,5.2981,0.75,6.659425,-0.1681,82,0,
ACN,2006-05-31,2006-06-29,2006-06-29,True,alpha_vantage,0.04,8.6957,1,0,0.04,6.726675,1.0,5.373712,2.9814,93,0,
ACN,2006-08-31,2006-09-28,2006-09-28,True,alpha_vantage,0.0,0.0,0,0,0.0,7.156425,1.0,5.746387,-8.6957,91,0,
ACN,2006-11-30,2006-12-20,2006-12-20,True,alpha_vantage,0.04,9.5238,1,0,0.04,5.0731,0.75,4.853525,9.5238,83,0,
ACN,2007-02-28,2007-03-27,2007-03-27,True,alpha_vantage,0.03,7.1429,1,0,0.03,5.98345,0.75,5.640775,-2.3809,97,0,
ACN,2007-05-31,2007-06-28,2007-06-28,True,alpha_vantage,-0.01,-1.8182,0,1,0.01,6.3406,0.75,6.533638,-8.9611,93,0,
ACN,2007-08-31,2007-09-27,2007-09-27,True,alpha_vantage,0.02,4.1667,1,0,0.02,3.712125,0.5,5.434275,5.9849,91,0,
ACN,2007-11-30,2007-12-19,2007-12-19,True,alpha_vantage,0.04,7.1429,1,0,0.04,4.7538,0.75,4.91345,2.9762,83,0,
ACN,2008-02-29,2008-03-27,2008-03-27,True,alpha_vantage,0.08,14.2857,1,0,0.08,4.158575,0.75,5.071013,7.1428,99,0,
ACN,2008-05-31,2008-06-26,2008-06-26,True,alpha_vantage,0.05,7.2464,1,0,0.05,5.944275,0.75,6.142437,-7.0393,91,0,
ACN,2008-08-31,2008-09-25,2008-09-25,True,alpha_vantage,0.01,1.5152,1,0,0.01,8.210425,1.0,5.961275,-5.7312,91,0,
ACN,2008-11-30,2008-12-18,2008-12-18,True,alpha_vantage,0.06,8.8235,1,0,0.06,7.54755,1.0,6.150675,7.3083,84,0,
ACN,2009-02-28,2009-03-26,2009-03-26,True,alpha_vantage,0.01,1.6129,1,0,0.01,7.9677,1.0,6.063137,-7.2106,98,0,
ACN,2009-05-31,2009-06-25,2009-06-25,True,alpha_vantage,0.04,6.25,1,0,0.04,4.7995,1.0,5.371887,4.6371,91,0,
ACN,2009-08-31,2009-10-01,2009-10-01,True,alpha_vantage,0.0,0.0,0,0,0.0,4.5504,1.0,6.380413,-6.25,98,0,
ACN,2009-11-30,2009-12-17,2009-12-17,True,alpha_vantage,0.02,3.0769,1,0,0.02,4.1716,0.75,5.859575,3.0769,77,0,
ACN,2010-02-28,2010-03-25,2010-03-25,True,alpha_vantage,-0.01,-1.6393,0,1,0.01,2.73495,0.75,5.351325,-4.7162,98,0,
ACN,2010-05-31,2010-06-24,2010-06-24,True,alpha_vantage,0.04,5.7971,1,0,0.04,1.9219,0.5,3.3607,7.4364,91,0,
ACN,2010-08-31,2010-09-30,2010-09-30,True,alpha_vantage,0.02,3.125,1,0,0.02,1.808675,0.5,3.179537,-2.6721,98,0,
ACN,2010-11-30,2010-12-16,2010-12-16,True,alpha_vantage,0.06,8.0,1,0,0.06,2.589925,0.75,3.380762,4.875,77,0,
ACN,2011-02-28,2011-03-24,2011-03-24,True,alpha_vantage,0.04,5.6338,1,0,0.04,3.8207,0.75,3.277825,-2.3662,98,0,
ACN,2011-05-31,2011-06-23,2011-06-23,True,alpha_vantage,0.04,4.4944,1,0,0.04,5.638975,1.0,3.780438,-1.1394,91,0,
ACN,2011-08-31,2011-09-27,2011-09-27,True,alpha_vantage,0.02,2.2472,1,0,0.02,5.3133,1.0,3.560987,-2.2472,96,0,
ACN,2011-11-30,2011-12-15,2011-12-15,True,alpha_vantage,0.02,2.1277,1,0,0.02,5.09385,1.0,3.841887,-0.1195,79,0,
ACN,2012-02-29,2012-03-22,2012-03-22,True,alpha_vantage,0.11,12.7907,1,0,0.11,3.625775,1.0,3.723237,10.663,98,0,
ACN,2012-05-31,2012-06-28,2012-06-28,True,alpha_vantage,0.04,4.0404,1,0,0.04,5.415,1.0,5.526987,-8.7503,98,0,
ACN,2012-08-31,2012-09-27,2012-09-27,True,alpha_vantage,0.01,1.1494,1,0,0.01,5.3015,1.0,5.3074,-2.891,91,0,
ACN,2012-11-30,2012-12-19,2012-12-19,True,alpha_vantage,0.01,0.9524,1,0,0.01,5.02705,1.0,5.06045,-0.197,83,0,
ACN,2013-02-28,2013-03-28,2013-03-28,True,alpha_vantage,0.03,3.0928,1,0,0.03,4.733225,1.0,4.1795,2.1404,99,0,
ACN,2013-05-31,2013-06-27,2013-06-27,True,alpha_vantage,-0.07,-6.1947,0,1,0.07,2.30875,1.0,3.861875,-9.2875,91,0,
ACN,2013-08-31,2013-09-26,2013-09-26,True,alpha_vantage,-0.01,-0.9804,0,1,0.01,-0.250025,0.75,2.525737,5.2143,91,0,
ACN,2013-11-30,2013-12-19,2013-12-19,True,alpha_vantage,0.05,4.5455,1,0,0.05,-0.782475,0.5,2.122287,5.5259,84,0,
ACN,2014-02-28,2014-03-27,2014-03-27,True,alpha_vantage,-0.01,-0.9615,0,1,0.01,0.1158,0.5,2.424512,-5.507,98,0,
ACN,2014-05-31,2014-06-26,2014-06-26,True,alpha_vantage,0.05,4.1322,1,0,0.05,-0.897775,0.25,0.705487,5.0937,91,0,
ACN,2014-08-31,2014-09-24,2014-09-24,True,alpha_vantage,-0.02,-1.8182,0,1,0.02,1.68395,0.5,0.716962,-5.9504,90,0,
ACN,2014-11-30,2014-12-18,2014-12-18,True,alpha_vantage,0.09,7.5,1,0,0.09,1.4745,0.5,0.346012,9.3182,85,0,
ACN,2015-02-28,2015-03-26,2015-03-26,True,alpha_vantage,0.01,0.9346,1,0,0.01,2.213125,0.5,1.164462,-6.5654,98,0,
ACN,2015-05-31,2015-06-25,2015-06-25,True,alpha_vantage,0.07,5.6911,1,0,0.07,2.68715,0.75,0.894687,4.7565,91,0,
ACN,2015-08-31,2015-09-24,2015-09-24,True,alpha_vantage,0.03,2.6786,1,0,0.03,3.076875,0.75,2.380412,-3.0125,91,0,
ACN,2015-11-30,2015-12-17,2015-12-17,True,alpha_vantage,-0.04,-3.0303,0,1,0.04,4.201075,1.0,2.837787,-5.7089,84,0,
ACN,2016-02-29,2016-03-24,2016-03-24,True,alpha_vantage,0.16,13.5593,1,0,0.16,1.5685,0.75,1.890813,16.5896,98,0,
ACN,2016-05-31,2016-06-23,2016-06-23,True,alpha_vantage,0.0,0.0,0,0,0.0,4.724675,0.75,3.705913,-13.5593,91,0,
ACN,2016-08-31,2016-09-28,2016-09-28,True,alpha_vantage,0.01,0.7692,1,0,0.01,3.3019,0.5,3.189388,0.7692,97,0,
ACN,2016-11-30,2016-12-21,2016-12-21,True,alpha_vantage,0.09,6.0403,1,0,0.09,2.82455,0.5,3.512812,5.2711,84,0,
ACN,2017-02-28,2017-03-23,2017-03-23,True,alpha_vantage,0.03,2.3077,1,0,0.03,5.0922,0.75,3.33035,-3.7326,92,0,
ACN,2017-05-31,2017-06-22,2017-06-22,True,alpha_vantage,0.0,0.0,0,0,0.0,2.2793,0.75,3.501987,-2.3077,91,0,
ACN,2017-08-31,2017-09-28,2017-09-28,True,alpha_vantage,0.02,1.3699,1,0,0.02,2.2793,0.75,2.7906,1.3699,98,0,
ACN,2017-11-30,2017-12-21,2017-12-21,True,alpha_vantage,0.12,7.1856,1,0,0.12,2.429475,0.75,2.627013,5.8157,84,0,
ACN,2018-02-28,2018-03-22,2018-03-22,True,alpha_vantage,0.09,6.0403,1,0,0.09,2.7158,0.75,3.904,-1.1453,91,0,
ACN,2018-05-31,2018-06-28,2018-06-28,True,alpha_vantage,0.07,4.0698,1,0,0.07,3.64895,0.75,2.964125,-1.9705,98,0,
ACN,2018-08-31,2018-09-27,2018-09-27,True,alpha_vantage,0.02,1.2821,1,0,0.02,4.6664,1.0,3.47285,-2.7877,91,0,
ACN,2018-11-30,2018-12-20,2018-12-20,True,alpha_vantage,0.11,5.9459,1,0,0.11,4.64445,1.0,3.536963,4.6638,84,0,
ACN,2019-02-28,2019-03-28,2019-03-28,True,alpha_vantage,0.16,10.1911,1,0,0.16,4.334525,1.0,3.525162,4.2452,98,0,
ACN,2019-05-31,2019-06-27,2019-06-27,True,alpha_vantage,0.04,2.1164,1,0,0.04,5.372225,1.0,4.510587,-8.0747,91,0,
ACN,2019-08-31,2019-09-26,2019-09-26,True,alpha_vantage,0.03,1.7544,1,0,0.03,4.883875,1.0,4.775138,-0.362,91,0,
ACN,2019-11-30,2019-12-19,2019-12-19,True,alpha_vantage,0.1,5.0251,1,0,0.1,5.00195,1.0,4.8232,3.2707,84,0,
ACN,2020-02-29,2020-03-19,2020-03-19,True,alpha_vantage,0.18,10.4046,1,0,0.18,4.77175,1.0,4.553138,5.3795,91,0,
ACN,2020-05-31,2020-06-25,2020-06-25,True,alpha_vantage,0.06,3.2609,1,0,0.06,4.825125,1.0,5.098675,-7.1437,98,0,
ACN,2020-08-31,2020-09-24,2020-09-24,True,alpha_vantage,-0.03,-1.7341,0,1,0.03,5.11125,1.0,4.997562,-4.995,91,0,
ACN,2020-11-30,2020-12-17,2020-12-17,True,alpha_vantage,0.12,5.8537,1,0,0.12,4.239125,0.75,4.620538,7.5878,84,0,
ACN,2021-02-28,2021-03-18,2021-03-18,True,alpha_vantage,0.13,6.8421,1,0,0.13,4.446275,0.75,4.609013,0.9884,91,0,
ACN,2021-05-31,2021-06-24,2021-06-24,True,alpha_vantage,0.16,7.1429,1,0,0.16,3.55565,0.75,4.190387,0.3008,98,0,
ACN,2021-08-31,2021-09-23,2021-09-23,True,alpha_vantage,0.01,0.4566,1,0,0.01,4.52615,0.75,4.8187,-6.6863,91,0,
ACN,2021-11-30,2021-12-16,2021-12-16,True,alpha_vantage,0.15,5.7034,1,0,0.15,5.073825,1.0,4.656475,5.2468,84,0,
ACN,2022-02-28,2022-03-17,2022-03-17,True,alpha_vantage,0.17,7.173,1,0,0.17,5.03625,1.0,4.741263,1.4696,91,0,
ACN,2022-05-31,2022-06-23,2022-06-23,True,alpha_vantage,0.07,2.4735,1,0,0.07,5.118975,1.0,4.337313,-4.6995,98,0,
ACN,2022-08-31,2022-09-22,2022-09-22,True,alpha_vantage,0.03,1.1673,1,0,0.03,3.951625,1.0,4.238887,-1.3062,91,0,
ACN,2022-11-30,2022-12-16,2022-12-16,True,alpha_vantage,0.15,5.1195,1,0,0.15,4.1293,1.0,4.601562,3.9522,85,0,
ACN,2023-02-28,2023-03-23,2023-03-23,True,alpha_vantage,-0.11,-4.4,0,1,0.11,3.983325,1.0,4.509787,-9.5195,97,0,
ACN,2023-05-31,2023-06-22,2023-06-22,True,alpha_vantage,0.15,5.0,1,0,0.15,1.090075,0.75,3.104525,9.4,91,0,
ACN,2023-08-31,2023-09-28,2023-09-28,True,alpha_vantage,0.08,3.0418,1,0,0.08,1.7217,0.75,2.836663,-1.9582,98,0,
ACN,2023-11-30,2023-12-19,2023-12-19,True,alpha_vantage,0.14,4.4728,1,0,0.14,2.190325,0.75,3.159813,1.431,82,0,
ACN,2024-02-29,2024-03-21,2024-03-21,True,alpha_vantage,0.11,4.1353,1,0,0.11,2.02865,0.75,3.005987,-0.3375,93,0,
ACN,2024-05-31,2024-06-20,2024-06-20,True,alpha_vantage,-0.03,-0.9494,0,1,0.03,4.162475,1.0,2.626275,-5.0847,91,0,
ACN,2024-08-31,2024-09-26,2024-09-26,True,alpha_vantage,0.02,0.722,1,0,0.02,2.675125,0.75,2.198412,1.6714,98,0,
ACN,2024-11-30,2024-12-19,2024-12-19,True,alpha_vantage,0.17,4.9708,1,0,0.17,2.095175,0.75,2.14275,4.2488,84,0,
ACN,2025-02-28,2025-03-20,2025-03-20,True,alpha_vantage,0.01,0.3559,1,0,0.01,2.219675,0.75,2.124162,-4.6149,91,0,
ACN,2025-05-31,2025-06-20,2025-06-20,True,alpha_vantage,0.17,5.1205,1,0,0.17,1.274825,0.75,2.71865,4.7646,92,0,
ACN,2025-08-31,2025-09-25,2025-09-25,True,alpha_vantage,0.06,2.0202,1,0,0.06,2.7923,1.0,2.733712,-3.1003,97,0,
ACN,2025-11-30,2025-12-18,2025-12-18,True,alpha_vantage,0.22,5.914,1,0,0.22,3.11685,1.0,2.606012,3.8938,84,0,
ACN,2026-02-28,2026-03-19,2026-03-19,True,alpha_vantage,0.09,3.169,1,0,0.09,3.35265,1.0,2.786163,-2.745,91,0,
ACN,2026-05-31,2026-06-18,2026-06-18,True,alpha_vantage,0.0,0.0,0,0,0.0,4.055925,1.0,2.665375,-3.169,91,0,
ADBE,1996-08-31,1996-09-25,1996-09-25,True,alpha_vantage,0.0,0.0,0,0,0.0,,,,,,0,
ADBE,1996-11-30,1997-01-07,1997-01-07,True,alpha_vantage,0.0,0.0,0,0,0.0,0.0,0.0,0.0,0.0,104,0,
ADBE,1997-02-28,1997-03-18,1997-03-18,True,alpha_vantage,0.02,33.3333,1,0,0.02,0.0,0.0,0.0,33.3333,70,0,
ADBE,1997-05-31,1997-06-18,1997-06-18,True,alpha_vantage,0.0,0.0,0,0,0.0,11.1111,0.3333,11.1111,-33.3333,92,0,
ADBE,1997-08-31,1997-09-19,1997-09-19,True,alpha_vantage,0.01,16.6667,1,0,0.01,8.333325,0.25,8.333325,16.6667,93,0,
ADBE,1997-11-30,1997-12-18,1997-12-18,True,alpha_vantage,0.0,0.0,0,0,0.0,12.5,0.5,10.0,-16.6667,90,0,
ADBE,1998-02-28,1998-03-26,1998-03-26,True,alpha_vantage,-0.02,-33.3333,0,1,0.02,12.5,0.5,8.333333,-33.3333,98,0,
ADBE,1998-05-31,1998-06-25,1998-06-25,True,alpha_vantage,0.0,0.0,0,0,0.0,-4.16665,0.25,2.380957,33.3333,91,0,
ADBE,1998-08-31,1998-09-10,1998-09-10,True,alpha_vantage,0.01,25.0,1,0,0.01,-4.16665,0.25,2.083337,25.0,77,0,
ADBE,1998-11-30,1998-12-16,1998-12-16,True,alpha_vantage,0.02,25.0,1,0,0.02,-2.083325,0.25,5.208337,0.0,97,0,
ADBE,1999-02-28,1999-03-18,1999-03-18,True,alpha_vantage,0.02,33.3333,1,0,0.02,4.166675,0.5,8.333337,8.3333,92,0,
ADBE,1999-05-31,1999-06-17,1999-06-17,True,alpha_vantage,0.01,12.5,1,0,0.01,20.833325,0.75,8.333337,-20.8333,91,0,
ADBE,1999-08-31,1999-09-16,1999-09-16,True,alpha_vantage,0.01,11.1111,1,0,0.01,23.958325,1.0,9.895837,-1.3889,91,0,
ADBE,1999-11-30,1999-12-16,1999-12-16,True,alpha_vantage,0.02,20.0,1,0,0.02,20.4861,1.0,9.201387,8.8889,91,0,
ADBE,2000-02-29,2000-03-16,2000-03-16,True,alpha_vantage,0.01,9.0909,1,0,0.01,19.2361,1.0,11.701387,-10.9091,91,0,
ADBE,2000-05-31,2000-06-15,2000-06-15,True,alpha_vantage,0.01,8.3333,1,0,0.01,13.1755,1.0,17.004413,-0.7576,91,0,
ADBE,2000-08-31,2000-09-14,2000-09-14,True,alpha_vantage,0.01,7.6923,1,0,0.01,12.133825,1.0,18.046075,-0.641,91,0,
ADBE,2000-11-30,2000-12-14,2000-12-14,True,alpha_vantage,0.03,21.4286,1,0,0.03,11.279125,1.0,15.882613,13.7363,91,0,
ADBE,2001-02-28,2001-03-15,2001-03-15,True,alpha_vantage,0.03,21.4286,1,0,0.03,11.636275,1.0,15.436188,0.0,91,0,
ADBE,2001-05-31,2001-06-14,2001-06-14,True,alpha_vantage,0.03,21.4286,1,0,0.03,14.7207,1.0,13.9481,0.0,91,0,
ADBE,2001-08-31,2001-09-19,2001-09-19,True,alpha_vantage,0.0,0.0,0,0,0.0,17.994525,1.0,15.064175,-21.4286,97,0,
ADBE,2001-11-30,2001-12-13,2001-12-13,True,alpha_vantage,-0.01,-9.0909,0,1,0.01,16.07145,0.75,13.675287,-9.0909,85,0,
ADBE,2002-02-28,2002-03-14,2002-03-14,True,alpha_vantage,0.01,10.0,1,0,0.01,8.441575,0.5,10.038925,19.0909,91,0,
ADBE,2002-05-31,2002-06-13,2002-06-13,True,alpha_vantage,0.01,7.6923,1,0,0.01,5.584425,0.5,10.152563,-2.3077,91,0,
ADBE,2002-08-31,2002-09-12,2002-09-12,True,alpha_vantage,0.01,10.0,1,0,0.01,2.15035,0.5,10.072437,2.3077,91,0,
ADBE,2002-11-30,2002-12-12,2002-12-12,True,alpha_vantage,0.02,18.1818,1,0,0.02,4.65035,0.75,10.3609,8.1818,91,0,
ADBE,2003-02-28,2003-03-13,2003-03-13,True,alpha_vantage,0.02,18.1818,1,0,0.02,11.468525,1.0,9.95505,0.0,91,0,
ADBE,2003-05-31,2003-06-12,2003-06-12,True,alpha_vantage,0.01,7.6923,1,0,0.01,13.513975,1.0,9.5492,-10.4895,91,0,
ADBE,2003-08-31,2003-09-10,2003-09-10,True,alpha_vantage,0.02,16.6667,1,0,0.02,13.513975,1.0,7.832162,8.9744,90,0,
ADBE,2003-11-30,2003-12-11,2003-12-11,True,alpha_vantage,0.01,6.25,1,0,0.01,15.18065,1.0,9.9155,-10.4167,92,0,
ADBE,2004-02-29,2004-03-18,2004-03-18,True,alpha_vantage,0.05,25.0,1,0,0.05,12.1977,1.0,11.833113,18.75,98,0,
ADBE,2004-05-31,2004-06-17,2004-06-17,True,alpha_vantage,0.01,4.7619,1,0,0.01,13.90225,1.0,13.708113,-20.2381,91,0,
ADBE,2004-08-31,2004-09-20,2004-09-20,True,alpha_vantage,0.03,15.7895,1,0,0.03,13.16965,1.0,13.341812,11.0276,95,0,
ADBE,2004-11-30,2004-12-16,2004-12-16,True,alpha_vantage,0.01,4.7619,1,0,0.01,12.95035,1.0,14.0655,-11.0276,87,0,
ADBE,2005-02-28,2005-03-17,2005-03-17,True,alpha_vantage,0.02,8.0,1,0,0.02,12.578325,1.0,12.388013,3.2381,91,0,
ADBE,2005-05-31,2005-06-16,2005-06-16,True,alpha_vantage,0.01,3.7037,1,0,0.01,8.328325,1.0,11.115287,-4.2963,91,0,
ADBE,2005-08-31,2005-09-15,2005-09-15,True,alpha_vantage,0.02,7.4074,1,0,0.02,8.063775,1.0,10.616713,3.7037,91,0,
ADBE,2005-11-30,2005-12-15,2005-12-15,True,alpha_vantage,0.02,7.1429,1,0,0.02,5.96825,1.0,9.4593,-0.2645,91,0,
ADBE,2006-02-28,2006-03-22,2006-03-22,True,alpha_vantage,0.03,10.3448,1,0,0.03,6.5635,1.0,9.570913,3.2019,97,0,
ADBE,2006-05-31,2006-06-15,2006-06-15,True,alpha_vantage,0.01,3.3333,1,0,0.01,7.1497,1.0,7.739013,-7.0115,85,0,
ADBE,2006-08-31,2006-09-14,2006-09-14,True,alpha_vantage,0.03,11.5385,1,0,0.03,7.0571,1.0,7.560437,8.2052,91,0,
ADBE,2006-11-30,2006-12-14,2006-12-14,True,alpha_vantage,0.0,0.0,0,0,0.0,8.089875,1.0,7.029063,-11.5385,91,0,
ADBE,2007-02-28,2007-03-20,2007-03-20,True,alpha_vantage,0.01,3.4483,1,0,0.01,6.30415,0.75,6.433825,3.4483,96,0,
ADBE,2007-05-31,2007-06-14,2007-06-14,True,alpha_vantage,0.01,2.7778,1,0,0.01,4.580025,0.75,5.864863,-0.6705,86,0,
ADBE,2007-08-31,2007-09-17,2007-09-17,True,alpha_vantage,0.04,9.7561,1,0,0.04,4.44115,0.75,5.749125,6.9783,95,0,
ADBE,2007-11-30,2007-12-17,2007-12-17,True,alpha_vantage,0.01,2.0833,1,0,0.01,3.99555,0.75,6.042713,-7.6728,91,0,
ADBE,2008-02-29,2008-03-18,2008-03-18,True,alpha_vantage,0.03,6.6667,1,0,0.03,4.516375,1.0,5.410262,4.5834,92,0,
ADBE,2008-05-31,2008-06-16,2008-06-16,True,alpha_vantage,0.04,8.6957,1,0,0.04,5.320975,1.0,4.9505,2.029,90,0,
ADBE,2008-08-31,2008-09-16,2008-09-16,True,alpha_vantage,0.04,8.6957,1,0,0.04,6.80045,1.0,5.6208,0.0,92,0,
ADBE,2008-11-30,2008-12-16,2008-12-16,True,alpha_vantage,0.03,5.2632,1,0,0.03,6.53535,1.0,5.26545,-3.4325,91,0,
ADBE,2009-02-28,2009-03-17,2009-03-17,True,alpha_vantage,0.01,2.2727,1,0,0.01,7.330325,1.0,5.92335,-2.9905,91,0,
ADBE,2009-05-31,2009-06-16,2009-06-16,True,alpha_vantage,0.01,2.9412,1,0,0.01,6.231825,1.0,5.7764,0.6685,91,0,
ADBE,2009-08-31,2009-09-15,2009-09-15,True,alpha_vantage,0.03,13.0435,1,0,0.03,4.7932,1.0,5.796825,10.1023,91,0,
ADBE,2009-11-30,2009-12-15,2009-12-15,True,alpha_vantage,0.02,5.4054,1,0,0.02,5.88015,1.0,6.20775,-7.6381,91,0,
ADBE,2010-02-28,2010-03-23,2010-03-23,True,alpha_vantage,0.03,8.1081,1,0,0.03,5.9157,1.0,6.623012,2.7027,98,0,
ADBE,2010-05-31,2010-06-22,2010-06-22,True,alpha_vantage,0.01,2.3256,1,0,0.01,7.37455,1.0,6.803187,-5.7825,91,0,
ADBE,2010-08-31,2010-09-21,2010-09-21,True,alpha_vantage,0.05,10.2041,1,0,0.05,7.22065,1.0,6.006925,7.8785,91,0,
ADBE,2010-11-30,2010-12-20,2010-12-20,True,alpha_vantage,0.04,7.6923,1,0,0.04,6.5108,1.0,6.195475,-2.5118,90,0,
ADBE,2011-02-28,2011-03-22,2011-03-22,True,alpha_vantage,0.01,1.7544,1,0,0.01,7.082525,1.0,6.499112,-5.9379,92,0,
ADBE,2011-05-31,2011-06-21,2011-06-21,True,alpha_vantage,0.04,7.8431,1,0,0.04,5.4941,1.0,6.434325,6.0887,91,0,
ADBE,2011-08-31,2011-09-20,2011-09-20,True,alpha_vantage,0.01,1.8519,1,0,0.01,6.873475,1.0,7.047063,-5.9912,91,0,
ADBE,2011-11-30,2011-12-15,2011-12-15,True,alpha_vantage,0.06,9.8361,1,0,0.06,4.785425,1.0,5.648112,7.9842,86,0,
ADBE,2012-02-29,2012-03-19,2012-03-19,True,alpha_vantage,0.0,0.0,0,0,0.0,5.321375,1.0,6.20195,-9.8361,95,0,
ADBE,2012-05-31,2012-06-19,2012-06-19,True,alpha_vantage,0.01,1.6949,1,0,0.01,4.882775,0.75,5.188438,1.6949,92,0,
ADBE,2012-08-31,2012-09-19,2012-09-19,True,alpha_vantage,-0.02,-4.7619,0,1,0.02,3.345725,0.75,5.1096,-6.4568,92,0,
ADBE,2012-11-30,2012-12-13,2012-12-13,True,alpha_vantage,0.05,8.9286,1,0,0.05,1.692275,0.5,3.23885,13.6905,85,0,
ADBE,2013-02-28,2013-03-19,2013-03-19,True,alpha_vantage,0.04,12.9032,1,0,0.04,1.4654,0.5,3.393387,3.9746,96,0,
ADBE,2013-05-31,2013-06-18,2013-06-18,True,alpha_vantage,0.02,15.3846,1,0,0.02,4.6912,0.75,4.786988,2.4814,91,0,
ADBE,2013-08-31,2013-09-17,2013-09-17,True,alpha_vantage,-0.01,-3.0303,0,1,0.01,8.113625,0.75,5.729675,-18.4149,91,0,
ADBE,2013-11-30,2013-12-12,2013-12-12,True,alpha_vantage,0.0,0.0,0,0,0.0,8.546525,0.75,5.1194,3.0303,86,0,
ADBE,2014-02-28,2014-03-18,2014-03-18,True,alpha_vantage,0.05,20.0,1,0,0.05,6.314375,0.5,3.889887,20.0,96,0,
ADBE,2014-05-31,2014-06-17,2014-06-17,True,alpha_vantage,0.07,23.3333,1,0,0.07,8.088575,0.5,6.389888,3.3333,91,0,
ADBE,2014-08-31,2014-09-16,2014-09-16,True,alpha_vantage,0.02,7.6923,1,0,0.02,10.07575,0.5,9.094688,-15.641,91,0,
ADBE,2014-11-30,2014-12-11,2014-12-11,True,alpha_vantage,0.06,20.0,1,0,0.06,12.7564,0.75,10.651463,12.3077,86,0,
ADBE,2015-02-28,2015-03-17,2015-03-17,True,alpha_vantage,0.05,12.8205,1,0,0.05,17.7564,1.0,12.035388,-7.1795,96,0,
ADBE,2015-05-31,2015-06-16,2015-06-16,True,alpha_vantage,0.03,6.6667,1,0,0.03,15.961525,1.0,12.02505,-6.1538,91,0,
ADBE,2015-08-31,2015-09-17,2015-09-17,True,alpha_vantage,0.04,8.0,1,0,0.04,11.794875,1.0,10.935313,1.3333,93,0,
ADBE,2015-11-30,2015-12-10,2015-12-10,True,alpha_vantage,0.02,3.3333,1,0,0.02,11.8718,1.0,12.3141,-4.6667,84,0,
ADBE,2016-02-29,2016-03-17,2016-03-17,True,alpha_vantage,0.05,8.1967,1,0,0.05,7.705125,1.0,12.730763,4.8634,98,0,
ADBE,2016-05-31,2016-06-21,2016-06-21,True,alpha_vantage,0.03,4.4118,1,0,0.03,6.549175,1.0,11.25535,-3.7849,96,0,
ADBE,2016-08-31,2016-09-20,2016-09-20,True,alpha_vantage,0.03,4.1667,1,0,0.03,5.98545,1.0,8.890163,-0.2451,91,0,
ADBE,2016-11-30,2016-12-15,2016-12-15,True,alpha_vantage,0.04,4.6512,1,0,0.04,5.027125,1.0,8.449462,0.4845,86,0,
ADBE,2017-02-28,2017-03-16,2017-03-16,True,alpha_vantage,0.07,8.046,1,0,0.07,5.3566,1.0,6.530862,3.3948,91,0,
ADBE,2017-05-31,2017-06-20,2017-06-20,True,alpha_vantage,0.07,7.3684,1,0,0.07,5.318925,1.0,5.93405,-0.6776,96,0,
ADBE,2017-08-31,2017-09-19,2017-09-19,True,alpha_vantage,0.09,8.9109,1,0,0.09,6.058075,1.0,6.021763,1.5425,91,0,
ADBE,2017-11-30,2017-12-14,2017-12-14,True,alpha_vantage,0.1,8.6207,1,0,0.1,7.244125,1.0,6.135625,-0.2902,86,0,
ADBE,2018-02-28,2018-03-15,2018-03-15,True,alpha_vantage,0.11,7.6389,1,0,0.11,8.2365,1.0,6.79655,-0.9818,91,0,
ADBE,2018-05-31,2018-06-14,2018-06-14,True,alpha_vantage,0.12,7.7922,1,0,0.12,8.134725,1.0,6.726825,0.1533,91,0,
ADBE,2018-08-31,2018-09-13,2018-09-13,True,alpha_vantage,0.04,2.3669,1,0,0.04,8.240675,1.0,7.149375,-5.4253,91,0,
ADBE,2018-11-30,2018-12-13,2018-12-13,True,alpha_vantage,-0.01,-0.5435,0,1,0.01,6.604675,1.0,6.9244,-2.9104,91,0,
ADBE,2019-02-28,2019-03-14,2019-03-14,True,alpha_vantage,0.09,5.5556,1,0,0.09,4.313625,0.75,6.275062,6.0991,91,0,
ADBE,2019-05-31,2019-06-18,2019-06-18,True,alpha_vantage,0.05,2.809,1,0,0.05,3.7928,0.75,5.963762,-2.7466,96,0,
ADBE,2019-08-31,2019-09-17,2019-09-17,True,alpha_vantage,0.08,4.0609,1,0,0.08,2.547,0.75,5.393838,1.2519,91,0,
ADBE,2019-11-30,2019-12-12,2019-12-12,True,alpha_vantage,0.03,1.3274,1,0,0.03,2.9705,0.75,4.787587,-2.7335,86,0,
ADBE,2020-02-29,2020-03-12,2020-03-12,True,alpha_vantage,0.04,1.7937,1,0,0.04,3.438225,1.0,3.875925,0.4663,91,0,
ADBE,2020-05-31,2020-06-11,2020-06-11,True,alpha_vantage,0.13,5.6034,1,0,0.13,2.49775,1.0,3.145275,3.8097,91,0,
ADBE,2020-08-31,2020-09-15,2020-09-15,True,alpha_vantage,0.16,6.639,1,0,0.16,3.19635,1.0,2.871675,1.0356,96,0,
ADBE,2020-11-30,2020-12-10,2020-12-10,True,alpha_vantage,0.15,5.6391,1,0,0.15,3.840875,1.0,3.405687,-0.9999,86,0,
ADBE,2021-02-28,2021-03-23,2021-03-23,True,alpha_vantage,0.35,12.5448,1,0,0.35,4.9188,1.0,4.178513,6.9057,103,0,
ADBE,2021-05-31,2021-06-17,2021-06-17,True,alpha_vantage,0.21,7.4468,1,0,0.21,7.606575,1.0,5.052162,-5.098,86,0,
ADBE,2021-08-31,2021-09-21,2021-09-21,True,alpha_vantage,0.09,2.9801,1,0,0.09,8.067425,1.0,5.631888,-4.4667,96,0,
ADBE,2021-11-30,2021-12-16,2021-12-16,True,alpha_vantage,0.0,0.0,0,0,0.0,7.1527,1.0,5.496787,-2.9801,86,0,
ADBE,2022-02-28,2022-03-22,2022-03-22,True,alpha_vantage,0.03,0.8982,1,0,0.03,5.742925,0.75,5.330863,0.8982,96,0,
ADBE,2022-05-31,2022-06-16,2022-06-16,True,alpha_vantage,0.04,1.2085,1,0,0.04,2.831275,0.75,5.218925,0.3103,86,0,
ADBE,2022-08-31,2022-09-15,2022-09-15,True,alpha_vantage,0.06,1.7964,1,0,0.06,1.2717,0.75,4.669562,0.5879,91,0,
ADBE,2022-11-30,2022-12-15,2022-12-15,True,alpha_vantage,0.1,2.8571,1,0,0.1,0.975775,0.75,4.064237,1.0607,91,0,
ADBE,2023-02-28,2023-03-15,2023-03-15,True,alpha_vantage,0.06,2.2642,1,0,0.06,1.69005,1.0,3.716487,-0.5929,90,0,
ADBE,2023-05-31,2023-06-15,2023-06-15,True,alpha_vantage,0.12,3.1662,1,0,0.12,2.03155,1.0,2.431412,0.902,92,0,
ADBE,2023-08-31,2023-09-14,2023-09-14,True,alpha_vantage,0.12,3.0151,1,0,0.12,2.520975,1.0,1.896338,-0.1511,91,0,
ADBE,2023-11-30,2023-12-13,2023-12-13,True,alpha_vantage,0.13,3.1401,1,0,0.13,2.82565,1.0,1.900713,0.125,90,0,
ADBE,2024-02-29,2024-03-14,2024-03-14,True,alpha_vantage,0.1,2.2831,1,0,0.1,2.8964,1.0,2.293225,-0.857,92,0,
ADBE,2024-05-31,2024-06-13,2024-06-13,True,alpha_vantage,0.08,1.8182,1,0,0.08,2.901125,1.0,2.466337,-0.4649,91,0,
ADBE,2024-08-31,2024-09-12,2024-09-12,True,alpha_vantage,0.11,2.4229,1,0,0.11,2.564125,1.0,2.54255,0.6047,91,0,
ADBE,2024-11-30,2024-12-11,2024-12-11,True,alpha_vantage,0.14,2.9979,1,0,0.14,2.416075,1.0,2.620862,0.575,90,0,
ADBE,2025-02-28,2025-03-12,2025-03-12,True,alpha_vantage,0.21,5.1597,1,0,0.21,2.380525,1.0,2.638463,2.1618,91,0,
ADBE,2025-05-31,2025-06-12,2025-06-12,True,alpha_vantage,0.09,1.8109,1,0,0.09,3.099675,1.0,3.0004,-3.3488,92,0,
ADBE,2025-08-31,2025-09-11,2025-09-11,True,alpha_vantage,0.13,2.5097,1,0,0.13,3.09785,1.0,2.830987,0.6988,91,0,
ADBE,2025-11-30,2025-12-10,2025-12-10,True,alpha_vantage,0.1,1.8519,1,0,0.1,3.11955,1.0,2.767812,-0.6578,90,0,
ADBE,2026-02-28,2026-03-12,2026-03-12,True,alpha_vantage,0.04,0.8772,1,0,0.04,2.83305,1.0,2.606787,-0.9747,92,0,
ADBE,2026-05-31,2026-06-11,2026-06-11,True,alpha_vantage,0.15,2.5818,1,0,0.15,1.762425,1.0,2.43105,1.7046,91,0,
ADI,1996-04-30,1996-05-22,1996-05-22,True,alpha_vantage,0.0,0.0,0,0,0.0,,,,,,0,
ADI,1996-07-31,1996-08-21,1996-08-21,True,alpha_vantage,-0.01,-7.1429,0,1,0.01,0.0,0.0,0.0,-7.1429,91,0,
ADI,1996-10-31,1996-12-04,1996-12-04,True,alpha_vantage,0.0,0.0,0,0,0.0,-3.57145,0.0,-3.57145,7.1429,105,0,
ADI,1997-01-31,1997-02-19,1997-02-19,True,alpha_vantage,-0.01,-7.6923,0,1,0.01,-2.380967,0.0,-2.380967,-7.6923,77,0,
ADI,1997-04-30,1997-05-21,1997-05-21,True,alpha_vantage,0.0,0.0,0,0,0.0,-3.7088,0.0,-3.7088,7.6923,91,0,
ADI,1997-07-31,1997-08-20,1997-08-20,True,alpha_vantage,0.01,7.6923,1,0,0.01,-3.7088,0.0,-2.96704,7.6923,91,0,
ADI,1997-10-31,1997-12-03,1997-12-03,True,alpha_vantage,-0.01,-6.6667,0,1,0.01,0.0,0.25,-1.190483,-14.359,105,0,
ADI,1998-01-31,1998-02-18,1998-02-18,True,alpha_vantage,-0.01,-7.1429,0,1,0.01,-1.666675,0.25,-1.9728,-0.4762,77,0,
ADI,1998-04-30,1998-05-20,1998-05-20,True,alpha_vantage,-0.02,-12.5,0,1,0.02,-1.529325,0.25,-2.619063,-5.3571,91,0,
ADI,1998-07-31,1998-08-19,1998-08-19,True,alpha_vantage,-0.02,-20.0,0,1,0.02,-4.654325,0.25,-4.181563,-7.5,91,0,
ADI,1998-10-31,1998-12-02,1998-12-02,True,alpha_vantage,0.01,14.2857,1,0,0.01,-11.5774,0.0,-5.7887,34.2857,105,0,
ADI,1999-01-31,1999-02-17,1999-02-17,True,alpha_vantage,0.01,11.1111,1,0,0.01,-6.3393,0.25,-4.002987,-3.1746,77,0,
ADI,1999-04-30,1999-05-19,1999-05-19,True,alpha_vantage,0.02,18.1818,1,0,0.02,-1.7758,0.5,-1.652562,7.0707,91,0,
ADI,1999-07-31,1999-08-18,1999-08-18,True,alpha_vantage,0.0,0.0,0,0,0.0,5.89465,0.75,0.620163,-18.1818,91,0,
ADI,1999-10-31,1999-12-01,1999-12-01,True,alpha_vantage,0.02,11.1111,1,0,0.02,10.89465,0.75,-0.341375,11.1111,105,0,
ADI,2000-01-31,2000-02-16,2000-02-16,True,alpha_vantage,0.03,13.6364,1,0,0.03,10.101,0.75,1.88085,2.5253,77,0,
ADI,2000-04-30,2000-05-17,2000-05-17,True,alpha_vantage,0.03,10.3448,1,0,0.03,10.732325,0.75,4.478262,-3.2916,91,0,
ADI,2000-07-31,2000-08-15,2000-08-15,True,alpha_vantage,0.06,16.2162,1,0,0.06,8.773075,0.75,7.333863,5.8714,90,0,
ADI,2000-10-31,2000-11-14,2000-11-14,True,alpha_vantage,0.03,5.8824,1,0,0.03,12.827125,1.0,11.860888,-10.3338,91,0,
ADI,2001-01-31,2001-02-15,2001-02-15,True,alpha_vantage,0.01,2.0408,1,0,0.01,11.51995,1.0,10.810475,-3.8416,93,0,
ADI,2001-04-30,2001-05-17,2001-05-17,True,alpha_vantage,-0.01,-3.125,0,1,0.01,8.62105,1.0,9.676687,-5.1658,91,0,
ADI,2001-07-31,2001-08-16,2001-08-16,True,alpha_vantage,0.0,0.0,0,0,0.0,5.2536,0.75,7.013338,3.125,91,0,
ADI,2001-10-31,2001-11-20,2001-11-20,True,alpha_vantage,0.02,16.6667,1,0,0.02,1.19955,0.5,7.013338,16.6667,96,0,
ADI,2002-01-31,2002-02-14,2002-02-14,True,alpha_vantage,0.0,0.0,0,0,0.0,3.895625,0.5,7.707788,-16.6667,86,0,
ADI,2002-04-30,2002-05-16,2002-05-16,True,alpha_vantage,0.01,8.3333,1,0,0.01,3.385425,0.25,6.003238,8.3333,91,0,
ADI,2002-07-31,2002-08-15,2002-08-15,True,alpha_vantage,0.0,0.0,0,0,0.0,6.25,0.5,5.7518,-8.3333,91,0,
ADI,2002-10-31,2002-11-19,2002-11-19,True,alpha_vantage,0.0,0.0,0,0,0.0,6.25,0.5,3.724775,0.0,96,0,
ADI,2003-01-31,2003-02-13,2003-02-13,True,alpha_vantage,0.01,6.25,1,0,0.01,2.083325,0.25,2.989475,6.25,86,0,
ADI,2003-04-30,2003-05-14,2003-05-14,True,alpha_vantage,0.01,5.5556,1,0,0.01,3.645825,0.5,3.515625,-0.6944,90,0,
ADI,2003-07-31,2003-08-14,2003-08-14,True,alpha_vantage,0.0,0.0,0,0,0.0,2.9514,0.5,4.6007,-5.5556,92,0,
ADI,2003-10-31,2003-11-18,2003-11-18,True,alpha_vantage,0.02,8.6957,1,0,0.02,2.9514,0.5,4.6007,8.6957,96,0,
ADI,2004-01-31,2004-02-12,2004-02-12,True,alpha_vantage,0.02,7.1429,1,0,0.02,5.125325,0.75,3.604325,-1.5528,86,0,
ADI,2004-04-30,2004-05-13,2004-05-13,True,alpha_vantage,0.04,11.4286,1,0,0.04,5.34855,0.75,4.497187,4.2857,91,0,
ADI,2004-07-31,2004-08-12,2004-08-12,True,alpha_vantage,-0.02,-4.4444,0,1,0.02,6.8168,0.75,4.8841,-15.873,91,0,
ADI,2004-10-31,2004-11-23,2004-11-23,True,alpha_vantage,0.01,2.9412,1,0,0.01,5.7057,0.75,4.32855,7.3856,103,0,
ADI,2005-01-31,2005-02-10,2005-02-10,True,alpha_vantage,-0.01,-3.4483,0,1,0.01,4.267075,0.75,4.6962,-6.3895,79,0,
ADI,2005-04-30,2005-05-12,2005-05-12,True,alpha_vantage,0.01,3.3333,1,0,0.01,1.619275,0.5,3.483912,6.7816,91,0,
ADI,2005-07-31,2005-08-11,2005-08-11,True,alpha_vantage,0.01,3.2258,1,0,0.01,-0.40455,0.5,3.206125,-0.1075,91,0,
ADI,2005-10-31,2005-11-15,2005-11-15,True,alpha_vantage,0.02,5.8824,1,0,0.02,1.513,0.75,3.60935,2.6566,96,0,
ADI,2006-01-31,2006-02-09,2006-02-09,True,alpha_vantage,0.01,2.7778,1,0,0.01,2.2483,0.75,3.257687,-3.1046,86,0,
ADI,2006-04-30,2006-05-11,2006-05-11,True,alpha_vantage,0.0,0.0,0,0,0.0,3.804825,1.0,2.71205,-2.7778,91,0,
ADI,2006-07-31,2006-08-10,2006-08-10,True,alpha_vantage,0.02,4.878,1,0,0.02,2.9715,0.75,1.283475,4.878,91,0,
ADI,2006-10-31,2006-11-14,2006-11-14,True,alpha_vantage,0.04,11.1111,1,0,0.04,3.38455,0.75,2.448775,6.2331,96,0,
ADI,2007-01-31,2007-02-21,2007-02-21,True,alpha_vantage,-0.03,-7.6923,0,1,0.03,4.691725,0.75,3.470013,-18.8034,99,0,
ADI,2007-04-30,2007-05-22,2007-05-22,True,alpha_vantage,-0.01,-2.7027,0,1,0.01,2.0742,0.5,2.939513,4.9896,90,0,
ADI,2007-07-31,2007-08-21,2007-08-21,True,alpha_vantage,0.01,2.7778,1,0,0.01,1.398525,0.5,2.185013,5.4805,91,0,
ADI,2007-10-31,2007-11-27,2007-11-27,True,alpha_vantage,0.0,0.0,0,0,0.0,0.873475,0.5,2.129012,-2.7778,98,0,
ADI,2008-01-31,2008-02-20,2008-02-20,True,alpha_vantage,0.0,0.0,0,0,0.0,-1.9043,0.25,1.393712,0.0,85,0,
ADI,2008-04-30,2008-05-20,2008-05-20,True,alpha_vantage,0.03,7.3171,1,0,0.03,0.018775,0.25,1.046488,7.3171,90,0,
ADI,2008-07-31,2008-08-19,2008-08-19,True,alpha_vantage,-0.01,-2.2222,0,1,0.01,2.523725,0.5,1.961125,-9.5393,91,0,
ADI,2008-10-31,2008-11-24,2008-11-24,True,alpha_vantage,0.06,13.9535,1,0,0.06,1.273725,0.25,1.0736,16.1757,97,0,
ADI,2009-01-31,2009-02-18,2009-02-18,True,alpha_vantage,0.02,12.5,1,0,0.02,4.7621,0.5,1.4289,-1.4535,86,0,
ADI,2009-04-30,2009-05-19,2009-05-19,True,alpha_vantage,0.12,133.3333,1,0,0.12,7.8871,0.75,3.952937,120.8333,90,0,
ADI,2009-07-31,2009-08-18,2009-08-18,True,alpha_vantage,0.02,10.0,1,0,0.02,39.39115,0.75,20.957438,-123.3333,91,0,
ADI,2009-10-31,2009-11-23,2009-11-23,True,alpha_vantage,0.1,38.4615,1,0,0.1,42.4467,1.0,21.860212,28.4615,97,0,
ADI,2010-01-31,2010-02-17,2010-02-17,True,alpha_vantage,0.05,13.1579,1,0,0.05,48.5737,1.0,26.6679,-25.3036,86,0,
ADI,2010-04-30,2010-05-18,2010-05-18,True,alpha_vantage,0.05,10.0,1,0,0.05,48.738175,1.0,28.312638,-3.1579,90,0,
ADI,2010-07-31,2010-08-17,2010-08-17,True,alpha_vantage,0.05,8.3333,1,0,0.05,17.90485,1.0,28.648,-1.6667,91,0,
ADI,2010-10-31,2010-11-22,2010-11-22,True,alpha_vantage,0.03,4.2857,1,0,0.03,17.488175,1.0,29.967438,-4.0476,97,0,
ADI,2011-01-31,2011-02-15,2011-02-15,True,alpha_vantage,0.01,1.5385,1,0,0.01,8.944225,1.0,28.758963,-2.7472,85,0,
ADI,2011-04-30,2011-05-17,2011-05-17,True,alpha_vantage,0.07,10.2941,1,0,0.07,6.039375,1.0,27.388775,8.7556,91,0,
ADI,2011-07-31,2011-08-16,2011-08-16,True,alpha_vantage,-0.02,-2.7397,0,1,0.02,6.1129,1.0,12.008875,-13.0338,91,0,
ADI,2011-10-31,2011-11-21,2011-11-21,True,alpha_vantage,-0.03,-4.7619,0,1,0.03,3.34465,0.75,10.416412,-2.0222,97,0,
ADI,2012-01-31,2012-02-22,2012-02-22,True,alpha_vantage,-0.02,-4.1667,0,1,0.02,1.08275,0.5,5.013488,0.5952,93,0,
ADI,2012-04-30,2012-05-22,2012-05-22,True,alpha_vantage,0.02,3.9216,1,0,0.02,-0.34355,0.25,2.847913,8.0883,90,0,
ADI,2012-07-31,2012-08-21,2012-08-21,True,alpha_vantage,0.0,0.0,0,0,0.0,-1.936675,0.25,2.088113,-3.9216,91,0,
ADI,2012-10-31,2012-11-27,2012-11-27,True,alpha_vantage,0.01,1.7544,1,0,0.01,-1.25175,0.25,1.04645,1.7544,98,0,
ADI,2013-01-31,2013-02-19,2013-02-19,True,alpha_vantage,-0.01,-2.2222,0,1,0.01,0.377325,0.5,0.730038,-3.9766,84,0,
ADI,2013-04-30,2013-05-21,2013-05-21,True,alpha_vantage,-0.02,-3.8462,0,1,0.02,0.86345,0.5,0.25995,-1.624,91,0,
ADI,2013-07-31,2013-08-20,2013-08-20,True,alpha_vantage,0.03,5.5556,1,0,0.03,-1.0785,0.25,-1.507587,9.4018,91,0,
ADI,2013-10-31,2013-11-26,2013-11-26,True,alpha_vantage,0.04,6.8966,1,0,0.04,0.3104,0.5,-0.470675,1.341,98,0,
ADI,2014-01-31,2014-02-18,2014-02-18,True,alpha_vantage,0.01,2.0833,1,0,0.01,1.59595,0.5,0.986638,-4.8133,84,0,
ADI,2014-04-30,2014-05-20,2014-05-20,True,alpha_vantage,0.03,5.3571,1,0,0.03,2.672325,0.75,1.767888,3.2738,91,0,
ADI,2014-07-31,2014-08-26,2014-08-26,True,alpha_vantage,0.0,0.0,0,0,0.0,4.97315,1.0,1.947325,-5.3571,98,0,
ADI,2014-10-31,2014-11-25,2014-11-25,True,alpha_vantage,0.01,1.4706,1,0,0.01,3.58425,0.75,1.947325,1.4706,91,0,
ADI,2015-01-31,2015-02-17,2015-02-17,True,alpha_vantage,0.02,3.2787,1,0,0.02,2.22775,0.75,1.91185,1.8081,84,0,
ADI,2015-04-30,2015-05-19,2015-05-19,True,alpha_vantage,0.01,1.3889,1,0,0.01,2.5266,0.75,2.599463,-1.8898,91,0,
ADI,2015-07-31,2015-08-18,2015-08-18,True,alpha_vantage,0.03,4.0541,1,0,0.03,1.53455,0.75,3.25385,2.6652,91,0,
ADI,2015-10-31,2015-11-24,2015-11-24,True,alpha_vantage,0.2,24.0964,1,0,0.2,2.548075,1.0,3.066162,20.0423,98,0,
ADI,2016-01-31,2016-02-17,2016-02-17,True,alpha_vantage,0.03,5.6604,1,0,0.03,8.204525,1.0,5.216138,-18.436,85,0,
ADI,2016-04-30,2016-05-18,2016-05-18,True,alpha_vantage,0.02,3.2258,1,0,0.02,8.79995,1.0,5.663275,-2.4346,91,0,
ADI,2016-07-31,2016-08-17,2016-08-17,True,alpha_vantage,0.07,9.3333,1,0,0.07,9.259175,1.0,5.396863,6.1075,91,0,
ADI,2016-10-31,2016-11-22,2016-11-22,True,alpha_vantage,0.15,16.6667,1,0,0.15,10.578975,1.0,6.563525,7.3334,97,0,
ADI,2017-01-31,2017-02-15,2017-02-15,True,alpha_vantage,0.2,27.027,1,0,0.2,8.72155,1.0,8.463038,10.3603,85,0,
ADI,2017-04-30,2017-05-31,2017-05-31,True,alpha_vantage,0.19,22.619,1,0,0.19,14.0632,1.0,11.431575,-4.408,105,0,
ADI,2017-07-31,2017-08-30,2017-08-30,True,alpha_vantage,0.11,9.5652,1,0,0.11,18.9115,1.0,14.085337,-13.0538,91,0,
ADI,2017-10-31,2017-11-21,2017-11-21,True,alpha_vantage,0.09,6.6176,1,0,0.09,18.969475,1.0,14.774225,-2.9476,83,0,
ADI,2018-01-31,2018-02-28,2018-02-28,True,alpha_vantage,0.14,10.9375,1,0,0.14,16.4572,1.0,12.589375,4.3199,99,0,
ADI,2018-04-30,2018-05-30,2018-05-30,True,alpha_vantage,0.08,5.8394,1,0,0.08,12.434825,1.0,13.249012,-5.0981,91,0,
ADI,2018-07-31,2018-08-22,2018-08-22,True,alpha_vantage,0.07,4.7945,1,0,0.07,8.239925,1.0,13.575712,-1.0449,84,0,
ADI,2018-10-31,2018-11-20,2018-11-20,True,alpha_vantage,0.03,1.9737,1,0,0.03,7.04725,1.0,13.008363,-2.8208,90,0,
ADI,2019-01-31,2019-02-20,2019-02-20,True,alpha_vantage,0.05,3.9063,1,0,0.05,5.886275,1.0,11.171738,1.9326,92,0,
ADI,2019-04-30,2019-05-22,2019-05-22,True,alpha_vantage,0.06,4.6154,1,0,0.06,4.128475,1.0,8.28165,0.7091,91,0,
ADI,2019-07-31,2019-08-21,2019-08-21,True,alpha_vantage,0.03,2.439,1,0,0.03,3.822475,1.0,6.0312,-2.1764,91,0,
ADI,2019-10-31,2019-11-26,2019-11-26,True,alpha_vantage,-0.03,-2.459,0,1,0.03,3.2336,1.0,5.140425,-4.898,97,0,
ADI,2020-01-31,2020-02-19,2020-02-19,True,alpha_vantage,0.03,3.0,1,0,0.03,2.125425,0.75,4.00585,5.459,85,0,
ADI,2020-04-30,2020-05-20,2020-05-20,True,alpha_vantage,0.04,3.8462,1,0,0.04,1.89885,0.75,3.013663,0.8462,91,0,
ADI,2020-07-31,2020-08-19,2020-08-19,True,alpha_vantage,0.07,5.4264,1,0,0.07,1.70655,0.75,2.764512,1.5802,91,0,
ADI,2020-10-31,2020-11-24,2020-11-24,True,alpha_vantage,0.11,8.2707,1,0,0.11,2.4534,0.75,2.8435,2.8443,97,0,
ADI,2021-01-31,2021-02-17,2021-02-17,True,alpha_vantage,0.12,9.0909,1,0,0.12,5.135825,1.0,3.630625,0.8202,85,0,
ADI,2021-04-30,2021-05-19,2021-05-19,True,alpha_vantage,0.09,6.2069,1,0,0.09,6.65855,1.0,4.2787,-2.884,91,0,
ADI,2021-07-31,2021-08-18,2021-08-18,True,alpha_vantage,0.11,6.8323,1,0,0.11,7.248725,1.0,4.477638,0.6254,91,0,
ADI,2021-10-31,2021-11-23,2021-11-23,True,alpha_vantage,0.03,1.7647,1,0,0.03,7.6002,1.0,5.0268,-5.0676,97,0,
ADI,2022-01-31,2022-02-16,2022-02-16,True,alpha_vantage,0.15,8.3799,1,0,0.15,5.9737,1.0,5.554762,6.6152,85,0,
ADI,2022-04-30,2022-05-18,2022-05-18,True,alpha_vantage,0.29,13.7441,1,0,0.29,5.79595,1.0,6.22725,5.3642,91,0,
ADI,2022-07-31,2022-08-17,2022-08-17,True,alpha_vantage,0.09,3.7037,1,0,0.09,7.68025,1.0,7.464487,-10.0404,91,0,
ADI,2022-10-31,2022-11-22,2022-11-22,True,alpha_vantage,0.14,5.4054,1,0,0.14,6.8981,1.0,7.24915,1.7017,97,0,
ADI,2023-01-31,2023-02-15,2023-02-15,True,alpha_vantage,0.15,5.7692,1,0,0.15,7.808275,1.0,6.890987,0.3638,85,0,
ADI,2023-04-30,2023-05-24,2023-05-24,True,alpha_vantage,0.07,2.5362,1,0,0.07,7.1556,1.0,6.475775,-3.233,98,0,
ADI,2023-07-31,2023-08-23,2023-08-23,True,alpha_vantage,-0.03,-1.1905,0,1,0.03,4.353625,1.0,6.016938,-3.7267,91,0,
ADI,2023-10-31,2023-11-21,2023-11-21,True,alpha_vantage,-0.01,-0.495,0,1,0.01,3.130075,0.75,5.014087,0.6955,90,0,
ADI,2024-01-31,2024-02-21,2024-02-21,True,alpha_vantage,0.02,1.1696,1,0,0.02,1.654975,0.5,4.731625,1.6646,92,0,
ADI,2024-04-30,2024-05-22,2024-05-22,True,alpha_vantage,0.13,10.2362,1,0,0.13,0.505075,0.5,3.830337,9.0666,91,0,
ADI,2024-07-31,2024-08-21,2024-08-21,True,alpha_vantage,0.07,4.6358,1,0,0.07,2.430075,0.5,3.39185,-5.6004,91,0,
ADI,2024-10-31,2024-11-26,2024-11-26,True,alpha_vantage,0.12,14.2857,1,0,0.12,3.88665,0.75,3.508363,9.6499,97,0,
ADI,2025-01-31,2025-02-19,2025-02-19,True,alpha_vantage,0.09,5.8442,1,0,0.09,7.581825,1.0,4.6184,-8.4415,85,0,
ADI,2025-04-30,2025-05-22,2025-05-22,True,alpha_vantage,0.15,15.1515,1,0,0.15,8.750475,1.0,4.627775,9.3073,92,0,
ADI,2025-07-31,2025-08-20,2025-08-20,True,alpha_vantage,0.1,5.1282,1,0,0.1,9.9793,1.0,6.204688,-10.0233,90,0,
ADI,2025-10-31,2025-11-25,2025-11-25,True,alpha_vantage,0.03,1.3453,1,0,0.03,10.1024,1.0,6.994525,-3.7829,97,0,
ADI,2026-01-31,2026-02-18,2026-02-18,True,alpha_vantage,0.16,6.9565,1,0,0.16,6.8673,1.0,7.224563,5.6112,85,0,
ADI,2026-04-30,2026-05-20,2026-05-20,True,alpha_vantage,0.18,6.1856,1,0,0.18,7.145375,1.0,7.947925,-0.7709,91,0,
ADP,1996-03-31,1996-04-11,1996-04-11,True,alpha_vantage,0.0,0.0,0,0,0.0,,,,,,0,
ADP,1996-06-30,1996-08-14,1996-08-14,True,alpha_vantage,0.0,0.0,0,0,0.0,0.0,0.0,0.0,0.0,125,0,
ADP,1996-09-30,1996-10-11,1996-10-11,True,alpha_vantage,-0.01,-5.8824,0,1,0.01,0.0,0.0,0.0,-5.8824,58,0,
ADP,1996-12-31,1997-01-16,1997-01-16,True,alpha_vantage,0.0,0.0,0,0,0.0,-1.9608,0.0,-1.9608,5.8824,97,0,
ADP,1997-03-31,1997-04-14,1997-04-14,True,alpha_vantage,-0.01,-3.4483,0,1,0.01,-1.4706,0.0,-1.4706,-3.4483,88,0,
ADP,1997-06-30,1997-08-20,1997-08-20,True,alpha_vantage,0.0,0.0,0,0,0.0,-2.332675,0.0,-1.86614,3.4483,128,0,
ADP,1997-09-30,1997-10-14,1997-10-14,True,alpha_vantage,-0.01,-5.2632,0,1,0.01,-2.332675,0.0,-1.555117,-5.2632,55,0,
ADP,1997-12-31,1998-01-16,1998-01-16,True,alpha_vantage,0.0,0.0,0,0,0.0,-2.177875,0.0,-2.084843,5.2632,94,0,
ADP,1998-03-31,1998-04-15,1998-04-15,True,alpha_vantage,-0.01,-3.125,0,1,0.01,-2.177875,0.0,-1.824237,-3.125,89,0,
ADP,1998-06-30,1998-08-13,1998-08-13,True,alpha_vantage,0.0,0.0,0,0,0.0,-2.09705,0.0,-2.214863,3.125,120,0,
ADP,1998-09-30,1998-10-13,1998-10-13,True,alpha_vantage,0.0,0.0,0,0,0.0,-2.09705,0.0,-2.214863,0.0,61,0,
ADP,1998-12-31,1999-01-14,1999-01-14,True,alpha_vantage,-0.01,-3.5714,0,1,0.01,-0.78125,0.0,-1.479563,-3.5714,93,0,
ADP,1999-03-31,1999-04-15,1999-04-15,True,alpha_vantage,0.02,5.7143,1,0,0.02,-1.6741,0.0,-1.925988,9.2857,91,0,
ADP,1999-06-30,1999-08-10,1999-08-10,True,alpha_vantage,-0.03,-9.0909,0,1,0.03,0.535725,0.25,-0.780663,-14.8052,117,0,
ADP,1999-09-30,1999-10-14,1999-10-14,True,alpha_vantage,0.0,0.0,0,0,0.0,-1.737,0.25,-1.917025,9.0909,65,0,
ADP,1999-12-31,2000-01-18,2000-01-18,True,alpha_vantage,-0.01,-3.125,0,1,0.01,-1.737,0.25,-1.259125,-3.125,96,0,
ADP,2000-03-31,2000-04-18,2000-04-18,True,alpha_vantage,0.01,2.439,1,0,0.01,-1.6254,0.25,-1.64975,5.564,91,0,
ADP,2000-06-30,2000-08-14,2000-08-14,True,alpha_vantage,0.0,0.0,0,0,0.0,-2.444225,0.25,-0.95425,-2.439,118,0,
ADP,2000-09-30,2000-10-13,2000-10-13,True,alpha_vantage,0.0,0.0,0,0,0.0,-0.1715,0.25,-0.95425,0.0,60,0,
ADP,2000-12-31,2001-01-17,2001-01-17,True,alpha_vantage,0.0,0.0,0,0,0.0,-0.1715,0.25,-0.95425,0.0,96,0,
ADP,2001-03-31,2001-04-16,2001-04-16,True,alpha_vantage,0.01,2.0833,1,0,0.01,0.60975,0.25,-0.507825,2.0833,89,0,
ADP,2001-06-30,2001-08-13,2001-08-13,True,alpha_vantage,-0.01,-2.439,0,1,0.01,0.520825,0.25,-0.9617,-4.5223,119,0,
ADP,2001-09-30,2001-10-17,2001-10-17,True,alpha_vantage,-0.01,-3.125,0,1,0.01,-0.088925,0.25,-0.130213,-0.686,65,0,
ADP,2001-12-31,2002-01-17,2002-01-17,True,alpha_vantage,0.01,2.439,1,0,0.01,-0.870175,0.25,-0.520838,5.564,92,0,
ADP,2002-03-31,2002-04-15,2002-04-15,True,alpha_vantage,0.01,1.8182,1,0,0.01,-0.260425,0.5,0.174662,-0.6208,88,0,
ADP,2002-06-30,2002-07-17,2002-07-17,True,alpha_vantage,-0.01,-2.1277,0,1,0.01,-0.3267,0.5,0.097062,-3.9459,93,0,
ADP,2002-09-30,2002-10-17,2002-10-17,True,alpha_vantage,0.01,3.0303,1,0,0.01,-0.248875,0.5,-0.1689,5.158,92,0,
ADP,2002-12-31,2003-01-15,2003-01-15,True,alpha_vantage,0.0,0.0,0,0,0.0,1.28995,0.75,0.209888,-3.0303,90,0,
ADP,2003-03-31,2003-04-17,2003-04-17,True,alpha_vantage,0.02,3.8462,1,0,0.02,0.6802,0.5,0.209888,3.8462,92,0,
ADP,2003-06-30,2003-07-29,2003-07-29,True,alpha_vantage,-0.02,-5.2632,0,1,0.02,1.1872,0.5,0.43025,-9.1094,103,0,
ADP,2003-09-30,2003-10-17,2003-10-17,True,alpha_vantage,0.03,10.3448,1,0,0.03,0.403325,0.5,0.077225,15.608,80,0,
ADP,2003-12-31,2004-01-22,2004-01-22,True,alpha_vantage,0.01,2.7027,1,0,0.01,2.23195,0.5,1.76095,-7.6421,97,0,
ADP,2004-03-31,2004-04-22,2004-04-22,True,alpha_vantage,0.0,0.0,0,0,0.0,2.907625,0.75,1.793912,-2.7027,91,0,
ADP,2004-06-30,2004-07-27,2004-07-27,True,alpha_vantage,0.01,2.8571,1,0,0.01,1.946075,0.5,1.566637,2.8571,96,0,
ADP,2004-09-30,2004-10-25,2004-10-25,True,alpha_vantage,0.02,6.0606,1,0,0.02,3.97615,0.75,2.189737,3.2035,90,0,
ADP,2004-12-31,2005-01-21,2005-01-21,True,alpha_vantage,0.0,0.0,0,0,0.0,2.9051,0.75,2.568525,-6.0606,88,0,
ADP,2005-03-31,2005-04-21,2005-04-21,True,alpha_vantage,0.0,0.0,0,0,0.0,2.229425,0.5,2.568525,0.0,90,0,
ADP,2005-06-30,2005-07-26,2005-07-26,True,alpha_vantage,0.0,0.0,0,0,0.0,2.229425,0.5,2.08775,0.0,96,0,
ADP,2005-09-30,2005-10-26,2005-10-26,True,alpha_vantage,0.04,10.2564,1,0,0.04,1.51515,0.25,2.74565,10.2564,92,0,
ADP,2005-12-31,2006-01-25,2006-01-25,True,alpha_vantage,0.05,10.6383,1,0,0.05,2.5641,0.25,2.7346,0.3819,91,0,
ADP,2006-03-31,2006-04-28,2006-04-28,True,alpha_vantage,-0.01,-1.6129,0,1,0.01,5.223675,0.5,3.72655,-12.2512,93,0,
ADP,2006-06-30,2006-08-02,2006-08-02,True,alpha_vantage,-0.02,-4.3478,0,1,0.02,4.82045,0.5,3.524937,-2.7349,96,0,
ADP,2006-09-30,2006-10-31,2006-10-31,True,alpha_vantage,0.0,0.0,0,0,0.0,3.7335,0.5,2.624325,4.3478,90,0,
ADP,2006-12-31,2007-02-06,2007-02-06,True,alpha_vantage,0.01,1.9608,1,0,0.01,1.1694,0.25,1.86675,1.9608,98,0,
ADP,2007-03-31,2007-05-01,2007-05-01,True,alpha_vantage,0.07,10.4478,1,0,0.07,-0.999975,0.25,2.11185,8.487,84,0,
ADP,2007-06-30,2007-07-31,2007-07-31,True,alpha_vantage,-0.01,-2.7778,0,1,0.01,2.0152,0.5,3.417825,-13.2256,91,0,
ADP,2007-09-30,2007-10-30,2007-10-30,True,alpha_vantage,0.02,4.6512,1,0,0.02,2.4077,0.5,3.0706,7.429,91,0,
ADP,2007-12-31,2008-02-01,2008-02-01,True,alpha_vantage,0.0,0.0,0,0,0.0,3.5705,0.75,2.36995,-4.6512,94,0,
ADP,2008-03-31,2008-05-01,2008-05-01,True,alpha_vantage,0.02,2.6667,1,0,0.02,3.0803,0.5,1.040163,2.6667,90,0,
ADP,2008-06-30,2008-07-31,2008-07-31,True,alpha_vantage,0.01,2.439,1,0,0.01,1.135025,0.5,1.575113,-0.2277,91,0,
ADP,2008-09-30,2008-11-03,2008-11-03,True,alpha_vantage,0.04,8.0,1,0,0.04,2.439225,0.75,2.423463,5.561,95,0,
ADP,2008-12-31,2009-02-03,2009-02-03,True,alpha_vantage,0.03,5.3571,1,0,0.03,3.276425,0.75,3.423463,-2.6429,92,0,
ADP,2009-03-31,2009-05-05,2009-05-05,True,alpha_vantage,0.0,0.0,0,0,0.0,4.6157,1.0,3.848,-5.3571,91,0,
ADP,2009-06-30,2009-07-30,2009-07-30,True,alpha_vantage,0.0,0.0,0,0,0.0,3.949025,0.75,2.542025,0.0,86,0,
ADP,2009-09-30,2009-11-04,2009-11-04,True,alpha_vantage,0.06,12.0,1,0,0.06,3.339275,0.5,2.88925,12.0,97,0,
ADP,2009-12-31,2010-02-02,2010-02-02,True,alpha_vantage,0.02,3.4483,1,0,0.02,4.339275,0.5,3.80785,-8.5517,90,0,
ADP,2010-03-31,2010-04-27,2010-04-27,True,alpha_vantage,0.01,1.2821,1,0,0.01,3.862075,0.5,4.238887,-2.1662,84,0,
ADP,2010-06-30,2010-07-29,2010-07-29,True,alpha_vantage,0.0,0.0,0,0,0.0,4.1826,0.75,4.065812,-1.2821,93,0,
ADP,2010-09-30,2010-10-27,2010-10-27,True,alpha_vantage,0.03,5.6604,1,0,0.03,4.1826,0.75,3.760937,5.6604,90,0,
ADP,2010-12-31,2011-01-26,2011-01-26,True,alpha_vantage,0.01,1.6393,1,0,0.01,2.5977,0.75,3.468488,-4.0211,91,0,
ADP,2011-03-31,2011-05-02,2011-05-02,True,alpha_vantage,0.0,0.0,0,0,0.0,2.14545,0.75,3.003763,-1.6393,96,0,
ADP,2011-06-30,2011-07-28,2011-07-28,True,alpha_vantage,-0.01,-2.0408,0,1,0.01,1.824925,0.5,3.003763,-2.0408,87,0,
ADP,2011-09-30,2011-10-26,2011-10-26,True,alpha_vantage,0.0,0.0,0,0,0.0,1.314725,0.5,2.748663,2.0408,90,0,
ADP,2011-12-31,2012-01-25,2012-01-25,True,alpha_vantage,0.0,0.0,0,0,0.0,-0.100375,0.25,1.248663,0.0,91,0,
ADP,2012-03-31,2012-05-01,2012-05-01,True,alpha_vantage,0.01,1.0989,1,0,0.01,-0.5102,0.0,0.817625,1.0989,97,0,
ADP,2012-06-30,2012-08-01,2012-08-01,True,alpha_vantage,0.0,0.0,0,0,0.0,-0.235475,0.25,0.794725,-1.0989,92,0,
ADP,2012-09-30,2012-11-01,2012-11-01,True,alpha_vantage,0.0,0.0,0,0,0.0,0.274725,0.25,0.794725,0.0,92,0,
ADP,2012-12-31,2013-02-05,2013-02-05,True,alpha_vantage,0.01,1.4085,1,0,0.01,0.274725,0.25,0.087175,1.4085,96,0,
ADP,2013-03-31,2013-05-03,2013-05-03,True,alpha_vantage,0.01,1.0204,1,0,0.01,0.62685,0.5,0.058325,-0.3881,87,0,
ADP,2013-06-30,2013-08-01,2013-08-01,True,alpha_vantage,-0.02,-3.5088,0,1,0.02,0.607225,0.5,0.185875,-4.5292,90,0,
ADP,2013-09-30,2013-10-30,2013-10-30,True,alpha_vantage,0.02,3.0303,1,0,0.02,-0.269975,0.5,0.002375,6.5391,90,0,
ADP,2013-12-31,2014-02-05,2014-02-05,True,alpha_vantage,0.01,1.2987,1,0,0.01,0.4876,0.75,0.381163,-1.7316,98,0,
ADP,2014-03-31,2014-04-30,2014-04-30,True,alpha_vantage,-0.01,-0.9346,0,1,0.01,0.46015,0.75,0.5435,-2.2333,84,0,
ADP,2014-06-30,2014-07-31,2014-07-31,True,alpha_vantage,0.0,0.0,0,0,0.0,-0.0286,0.5,0.289313,0.9346,92,0,
ADP,2014-09-30,2014-10-29,2014-10-29,True,alpha_vantage,0.02,3.3333,1,0,0.02,0.8486,0.5,0.289313,3.3333,90,0,
ADP,2014-12-31,2015-02-04,2015-02-04,True,alpha_vantage,0.02,2.9412,1,0,0.02,0.92435,0.5,0.705975,-0.3921,98,0,
ADP,2015-03-31,2015-04-30,2015-04-30,True,alpha_vantage,0.02,1.9608,1,0,0.02,1.334975,0.5,0.897562,-0.9804,85,0,
ADP,2015-06-30,2015-07-30,2015-07-30,True,alpha_vantage,-0.04,-6.7797,0,1,0.04,2.058825,0.75,1.015113,-8.7405,91,0,
ADP,2015-09-30,2015-10-28,2015-10-28,True,alpha_vantage,0.03,4.6154,1,0,0.03,0.3639,0.75,0.60625,11.3951,90,0,
ADP,2015-12-31,2016-02-03,2016-02-03,True,alpha_vantage,0.0,0.0,0,0,0.0,0.684425,0.75,0.804388,-4.6154,98,0,
ADP,2016-03-31,2016-04-28,2016-04-28,True,alpha_vantage,-0.01,-0.8475,0,1,0.01,-0.050875,0.5,0.64205,-0.8475,85,0,
ADP,2016-06-30,2016-07-28,2016-07-28,True,alpha_vantage,0.02,2.9851,1,0,0.02,-0.75295,0.25,0.652937,3.8326,91,0,
ADP,2016-09-30,2016-11-02,2016-11-02,True,alpha_vantage,0.1,13.1579,1,0,0.1,1.68825,0.5,1.026075,10.1728,97,0,
ADP,2016-12-31,2017-02-01,2017-02-01,True,alpha_vantage,0.06,7.4074,1,0,0.06,3.823875,0.5,2.25415,-5.7505,91,0,
ADP,2017-03-31,2017-05-03,2017-05-03,True,alpha_vantage,0.08,6.5041,1,0,0.08,5.675725,0.75,2.812425,-0.9033,91,0,
ADP,2017-06-30,2017-07-27,2017-07-27,True,alpha_vantage,-0.01,-1.4925,0,1,0.01,7.513625,1.0,3.380337,-7.9966,85,0,
ADP,2017-09-30,2017-11-02,2017-11-02,True,alpha_vantage,0.06,7.0588,1,0,0.06,6.394225,0.75,4.041238,8.5513,98,0,
ADP,2017-12-31,2018-01-31,2018-01-31,True,alpha_vantage,0.09,10.0,1,0,0.09,4.86945,0.75,4.346662,2.9412,90,0,
ADP,2018-03-31,2018-05-02,2018-05-02,True,alpha_vantage,0.08,5.5556,1,0,0.08,5.5176,0.75,5.596662,-4.4444,91,0,
ADP,2018-06-30,2018-08-01,2018-08-01,True,alpha_vantage,0.02,2.2222,1,0,0.02,5.280475,0.75,6.39705,-3.3334,91,0,
ADP,2018-09-30,2018-10-31,2018-10-31,True,alpha_vantage,0.09,8.1081,1,0,0.09,6.20915,1.0,6.301687,5.8859,91,0,
ADP,2018-12-31,2019-01-30,2019-01-30,True,alpha_vantage,0.16,13.5593,1,0,0.16,6.471475,1.0,5.670463,5.4512,91,0,
ADP,2019-03-31,2019-05-01,2019-05-01,True,alpha_vantage,0.08,4.7337,1,0,0.08,7.3613,1.0,6.43945,-8.8256,91,0,
ADP,2019-06-30,2019-07-31,2019-07-31,True,alpha_vantage,0.01,0.885,1,0,0.01,7.155825,1.0,6.21815,-3.8487,91,0,
ADP,2019-09-30,2019-10-30,2019-10-30,True,alpha_vantage,0.01,0.7519,1,0,0.01,6.821525,1.0,6.515338,-0.1331,91,0,
ADP,2019-12-31,2020-01-29,2020-01-29,True,alpha_vantage,0.08,5.5556,1,0,0.08,4.982475,1.0,5.726975,4.8037,91,0,
ADP,2020-03-31,2020-04-29,2020-04-29,True,alpha_vantage,0.03,1.5873,1,0,0.03,2.98155,1.0,5.171425,-3.9683,91,0,
ADP,2020-06-30,2020-07-29,2020-07-29,True,alpha_vantage,0.18,18.75,1,0,0.18,2.19495,1.0,4.675388,17.1627,91,0,
ADP,2020-09-30,2020-10-28,2020-10-28,True,alpha_vantage,0.43,43.8776,1,0,0.43,6.6612,1.0,6.741363,25.1276,91,0,
ADP,2020-12-31,2021-01-27,2021-01-27,True,alpha_vantage,0.23,17.8295,1,0,0.23,17.442625,1.0,11.21255,-26.0481,91,0,
ADP,2021-03-31,2021-04-28,2021-04-28,True,alpha_vantage,0.11,6.1798,1,0,0.11,20.5111,1.0,11.746325,-11.6497,91,0,
ADP,2021-06-30,2021-07-28,2021-07-28,True,alpha_vantage,0.06,5.2632,1,0,0.06,21.659225,1.0,11.927088,-0.9166,91,0,
ADP,2021-09-30,2021-10-27,2021-10-27,True,alpha_vantage,0.16,10.7383,1,0,0.16,18.287525,1.0,12.474362,5.4751,91,0,
ADP,2021-12-31,2022-01-26,2022-01-26,True,alpha_vantage,0.02,1.227,1,0,0.02,10.0027,1.0,13.722663,-9.5113,91,0,
ADP,2022-03-31,2022-04-27,2022-04-27,True,alpha_vantage,0.13,6.25,1,0,0.13,5.852075,1.0,13.181588,5.023,91,0,
ADP,2022-06-30,2022-07-27,2022-07-27,True,alpha_vantage,0.03,2.0408,1,0,0.03,5.869625,1.0,13.764425,-4.2092,91,0,
ADP,2022-09-30,2022-10-26,2022-10-26,True,alpha_vantage,0.07,3.9106,1,0,0.07,5.064025,1.0,11.675775,1.8698,91,0,
ADP,2022-12-31,2023-01-25,2023-01-25,True,alpha_vantage,0.02,1.0309,1,0,0.02,3.3571,1.0,6.6799,-2.8797,91,0,
ADP,2023-03-31,2023-04-26,2023-04-26,True,alpha_vantage,0.07,2.8571,1,0,0.07,3.308075,1.0,4.580075,1.8262,91,0,
ADP,2023-06-30,2023-07-26,2023-07-26,True,alpha_vantage,0.06,3.2787,1,0,0.06,2.45985,1.0,4.164738,0.4216,91,0,
ADP,2023-09-30,2023-10-25,2023-10-25,True,alpha_vantage,0.06,2.9703,1,0,0.06,2.769325,1.0,3.916675,-0.3084,91,0,
ADP,2023-12-31,2024-01-31,2024-01-31,True,alpha_vantage,0.03,1.4286,1,0,0.03,2.53425,1.0,2.945675,-1.5417,98,0,
ADP,2024-03-31,2024-05-01,2024-05-01,True,alpha_vantage,0.1,3.5971,1,0,0.1,2.633675,1.0,2.970875,2.1685,91,0,
ADP,2024-06-30,2024-07-31,2024-07-31,True,alpha_vantage,0.03,1.4563,1,0,0.03,2.818675,1.0,2.639263,-2.1408,91,0,
ADP,2024-09-30,2024-10-30,2024-10-30,True,alpha_vantage,0.12,5.4299,1,0,0.12,2.363075,1.0,2.5662,3.9736,91,0,
ADP,2024-12-31,2025-01-29,2025-01-29,True,alpha_vantage,0.05,2.1739,1,0,0.05,2.977975,1.0,2.756112,-3.256,91,0,
ADP,2025-03-31,2025-04-30,2025-04-30,True,alpha_vantage,0.09,3.0303,1,0,0.09,3.1643,1.0,2.898988,0.8564,91,0,
ADP,2025-06-30,2025-07-30,2025-07-30,True,alpha_vantage,0.03,1.3453,1,0,0.03,3.0226,1.0,2.920638,-1.685,91,0,
ADP,2025-09-30,2025-10-29,2025-10-29,True,alpha_vantage,0.05,2.0492,1,0,0.05,2.99485,1.0,2.678962,0.7039,91,0,
ADP,2025-12-31,2026-01-28,2026-01-28,True,alpha_vantage,0.05,1.9455,1,0,0.05,2.149675,1.0,2.563825,-0.1037,91,0,
ADP,2026-03-31,2026-04-29,2026-04-29,True,alpha_vantage,0.07,2.1212,1,0,0.07,2.092575,1.0,2.628437,0.1757,91,0,
AMAT,1996-04-30,1996-05-14,1996-05-14,True,alpha_vantage,0.01,8.3333,1,0,0.01,,,,,,0,
AMAT,1996-07-31,1996-08-13,1996-08-13,True,alpha_vantage,0.01,9.0909,1,0,0.01,8.3333,1.0,8.3333,0.7576,91,0,
AMAT,1996-10-31,1996-11-21,1996-11-21,True,alpha_vantage,0.01,20.0,1,0,0.01,8.7121,1.0,8.7121,10.9091,100,0,
AMAT,1997-01-31,1997-02-11,1997-02-11,True,alpha_vantage,0.01,20.0,1,0,0.01,12.474733,1.0,12.474733,0.0,82,0,
AMAT,1997-04-30,1997-05-13,1997-05-13,True,alpha_vantage,0.01,16.6667,1,0,0.01,14.35605,1.0,14.35605,-3.3333,91,0,
AMAT,1997-07-31,1997-08-12,1997-08-12,True,alpha_vantage,0.02,25.0,1,0,0.02,16.4394,1.0,14.81818,8.3333,91,0,
AMAT,1997-10-31,1997-11-20,1997-11-20,True,alpha_vantage,0.01,9.0909,1,0,0.01,20.416675,1.0,16.51515,-15.9091,100,0,
AMAT,1998-01-31,1998-02-11,1998-02-11,True,alpha_vantage,0.0,0.0,0,0,0.0,17.6894,1.0,15.454543,-9.0909,83,0,
AMAT,1998-04-30,1998-05-12,1998-05-12,True,alpha_vantage,0.0,0.0,0,0,0.0,12.6894,0.75,13.522725,0.0,90,0,
AMAT,1998-07-31,1998-08-11,1998-08-11,True,alpha_vantage,0.01,25.0,1,0,0.01,8.522725,0.5,12.481063,25.0,91,0,
AMAT,1998-10-31,1998-11-17,1998-11-17,True,alpha_vantage,0.01,100.0,1,0,0.01,8.522725,0.5,14.4697,75.0,98,0,
AMAT,1999-01-31,1999-02-16,1999-02-16,True,alpha_vantage,0.01,50.0,1,0,0.01,31.25,0.5,24.4697,-50.0,91,0,
AMAT,1999-04-30,1999-05-18,1999-05-18,True,alpha_vantage,0.03,42.8571,1,0,0.03,43.75,0.75,28.2197,-7.1429,91,0,
AMAT,1999-07-31,1999-08-17,1999-08-17,True,alpha_vantage,0.02,15.3846,1,0,0.02,54.464275,1.0,31.4935,-27.4725,91,0,
AMAT,1999-10-31,1999-11-17,1999-11-17,True,alpha_vantage,0.02,12.5,1,0,0.02,52.060425,1.0,30.291575,-2.8846,92,0,
AMAT,2000-01-31,2000-02-15,2000-02-15,True,alpha_vantage,0.01,5.2632,1,0,0.01,30.185425,1.0,30.717713,-7.2368,90,0,
AMAT,2000-04-30,2000-05-10,2000-05-10,True,alpha_vantage,0.01,3.7037,1,0,0.01,19.001225,1.0,31.375612,-1.5595,85,0,
AMAT,2000-07-31,2000-08-09,2000-08-09,True,alpha_vantage,0.01,2.9412,1,0,0.01,9.212875,1.0,31.838575,-0.7625,91,0,
AMAT,2000-10-31,2000-11-15,2000-11-15,True,alpha_vantage,0.01,2.6316,1,0,0.01,6.102025,1.0,29.081225,-0.3096,98,0,
AMAT,2001-01-31,2001-02-13,2001-02-13,True,alpha_vantage,0.02,6.4516,1,0,0.02,3.634925,1.0,16.910175,3.82,90,0,
AMAT,2001-04-30,2001-05-15,2001-05-15,True,alpha_vantage,0.0,0.0,0,0,0.0,3.932025,1.0,11.466625,-6.4516,91,0,
AMAT,2001-07-31,2001-08-14,2001-08-14,True,alpha_vantage,0.02,200.0,1,0,0.02,3.0061,0.75,6.109488,200.0,91,0,
AMAT,2001-10-31,2001-11-14,2001-11-14,True,alpha_vantage,0.0,0.0,0,0,0.0,52.2708,0.75,29.186412,-200.0,92,0,
AMAT,2002-01-31,2002-02-12,2002-02-12,True,alpha_vantage,0.0,,0,0,0.0,51.6129,0.5,27.623912,,90,0,
AMAT,2002-04-30,2002-05-14,2002-05-14,True,alpha_vantage,0.01,50.0,1,0,0.01,51.6129,0.5,27.623912,50.0,91,0,
AMAT,2002-07-31,2002-08-13,2002-08-13,True,alpha_vantage,0.01,16.6667,1,0,0.01,62.5,0.5,33.216012,-33.3333,91,0,
AMAT,2002-10-31,2002-11-13,2002-11-13,True,alpha_vantage,0.01,12.5,1,0,0.01,66.666675,0.75,34.836388,-4.1667,92,0,
AMAT,2003-01-31,2003-02-11,2003-02-11,True,alpha_vantage,-0.0598,-299.0,0,1,0.0598,19.791675,0.75,36.031238,-311.5,90,0,
AMAT,2003-04-30,2003-05-13,2003-05-13,True,alpha_vantage,0.01,50.0,1,0,0.01,-54.958325,0.75,-1.672713,349.0,91,0,
AMAT,2003-07-31,2003-08-12,2003-08-12,True,alpha_vantage,0.01,25.0,1,0,0.01,-54.958325,0.75,3.770837,-25.0,91,0,
AMAT,2003-10-31,2003-11-12,2003-11-12,True,alpha_vantage,0.01,20.0,1,0,0.01,-52.875,0.75,6.895837,-5.0,92,0,
AMAT,2004-01-31,2004-02-18,2004-02-18,True,alpha_vantage,0.04,50.0,1,0,0.04,-51.0,0.75,-15.604163,30.0,98,0,
AMAT,2004-04-30,2004-05-18,2004-05-18,True,alpha_vantage,0.03,15.7895,1,0,0.03,36.25,1.0,-9.354163,-34.2105,90,0,
AMAT,2004-07-31,2004-08-17,2004-08-17,True,alpha_vantage,0.01,4.0,1,0,0.01,27.697375,1.0,-13.630475,-11.7895,91,0,
AMAT,2004-10-31,2004-11-17,2004-11-17,True,alpha_vantage,0.01,3.8462,1,0,0.01,22.447375,1.0,-15.213812,-0.1538,92,0,
AMAT,2005-01-31,2005-02-15,2005-02-15,True,alpha_vantage,0.01,6.25,1,0,0.01,18.408925,1.0,-16.295537,2.4038,90,0,
AMAT,2005-04-30,2005-05-17,2005-05-17,True,alpha_vantage,0.01,5.8824,1,0,0.01,7.471425,1.0,21.860713,-0.3676,91,0,
AMAT,2005-07-31,2005-08-16,2005-08-16,True,alpha_vantage,0.01,7.1429,1,0,0.01,4.99465,1.0,16.346013,1.2605,91,0,
AMAT,2005-10-31,2005-11-16,2005-11-16,True,alpha_vantage,0.01,7.1429,1,0,0.01,5.780375,1.0,14.113875,0.0,92,0,
AMAT,2006-01-31,2006-02-15,2006-02-15,True,alpha_vantage,0.02,11.7647,1,0,0.02,6.60455,1.0,12.506737,4.6218,91,0,
AMAT,2006-04-30,2006-05-16,2006-05-16,True,alpha_vantage,0.03,13.0435,1,0,0.03,7.983225,1.0,7.727325,1.2788,90,0,
AMAT,2006-07-31,2006-08-15,2006-08-15,True,alpha_vantage,0.03,10.0,1,0,0.03,9.7735,1.0,7.384075,-3.0435,91,0,
AMAT,2006-10-31,2006-11-15,2006-11-15,True,alpha_vantage,-0.01,-3.2258,0,1,0.01,10.487775,1.0,8.134075,-13.2258,92,0,
AMAT,2007-01-31,2007-02-13,2007-02-13,True,alpha_vantage,0.0,0.0,0,0,0.0,7.8956,0.75,7.250075,3.2258,90,0,
AMAT,2007-04-30,2007-05-15,2007-05-15,True,alpha_vantage,0.06,21.4286,1,0,0.06,4.954425,0.5,6.468825,21.4286,91,0,
AMAT,2007-07-31,2007-08-14,2007-08-14,True,alpha_vantage,0.02,6.25,1,0,0.02,7.0507,0.5,8.4121,-15.1786,91,0,
AMAT,2007-10-31,2007-11-14,2007-11-14,True,alpha_vantage,0.02,6.8966,1,0,0.02,6.1132,0.5,8.300487,0.6466,92,0,
AMAT,2008-01-31,2008-02-12,2008-02-12,True,alpha_vantage,0.03,15.0,1,0,0.03,8.6438,0.75,8.2697,8.1034,90,0,
AMAT,2008-04-30,2008-05-13,2008-05-13,True,alpha_vantage,0.02,9.0909,1,0,0.02,12.3938,1.0,8.674112,-5.9091,91,0,
AMAT,2008-07-31,2008-08-12,2008-08-12,True,alpha_vantage,0.0,0.0,0,0,0.0,9.309375,1.0,8.180037,-9.0909,91,0,
AMAT,2008-10-31,2008-11-12,2008-11-12,True,alpha_vantage,0.04,28.5714,1,0,0.04,7.746875,0.75,6.930038,28.5714,92,0,
AMAT,2009-01-31,2009-02-10,2009-02-10,True,alpha_vantage,0.0,,0,0,0.0,13.165575,0.75,10.904687,,90,0,
AMAT,2009-04-30,2009-05-12,2009-05-12,True,alpha_vantage,-0.02,-20.0,0,1,0.02,13.165575,0.75,10.904687,-48.5714,91,0,
AMAT,2009-07-31,2009-08-11,2009-08-11,True,alpha_vantage,0.05,62.5,1,0,0.05,4.415575,0.5,8.404687,82.5,91,0,
AMAT,2009-10-31,2009-11-11,2009-11-11,True,alpha_vantage,0.08,266.6667,1,0,0.08,17.76785,0.5,13.538612,204.1667,92,0,
AMAT,2010-01-31,2010-02-17,2010-02-17,True,alpha_vantage,0.0,0.0,0,0,0.0,84.434525,0.75,46.0907,-266.6667,98,0,
AMAT,2010-04-30,2010-05-19,2010-05-19,True,alpha_vantage,0.01,4.7619,1,0,0.01,77.291675,0.5,45.228625,4.7619,91,0,
AMAT,2010-07-31,2010-08-18,2010-08-18,True,alpha_vantage,0.04,16.0,1,0,0.04,83.48215,0.75,43.948862,11.2381,91,0,
AMAT,2010-10-31,2010-11-17,2010-11-17,True,alpha_vantage,0.05,16.129,1,0,0.05,71.85715,0.75,44.8125,0.129,91,0,
AMAT,2011-01-31,2011-02-24,2011-02-24,True,alpha_vantage,0.03,9.0909,1,0,0.03,9.222725,0.75,46.828625,-7.0381,99,0,
AMAT,2011-04-30,2011-05-24,2011-05-24,True,alpha_vantage,0.01,2.7027,1,0,0.01,11.49545,1.0,44.393563,-6.3882,89,0,
AMAT,2011-07-31,2011-08-24,2011-08-24,True,alpha_vantage,0.02,6.0606,1,0,0.02,10.98065,1.0,47.2314,3.3579,92,0,
AMAT,2011-10-31,2011-11-16,2011-11-16,True,alpha_vantage,0.02,10.5263,1,0,0.02,8.4958,1.0,40.176475,4.4657,84,0,
AMAT,2012-01-31,2012-02-16,2012-02-16,True,alpha_vantage,0.06,50.0,1,0,0.06,7.095125,1.0,8.158925,39.4737,92,0,
AMAT,2012-04-30,2012-05-17,2012-05-17,True,alpha_vantage,0.03,12.5,1,0,0.03,17.3224,1.0,14.408925,-37.5,91,0,
AMAT,2012-07-31,2012-08-15,2012-08-15,True,alpha_vantage,0.02,9.0909,1,0,0.02,19.771725,1.0,15.376188,-3.4091,90,0,
AMAT,2012-10-31,2012-11-15,2012-11-15,True,alpha_vantage,0.03,100.0,1,0,0.03,20.5293,1.0,14.51255,90.9091,92,0,
AMAT,2013-01-31,2013-02-13,2013-02-13,True,alpha_vantage,0.03,100.0,1,0,0.03,42.897725,1.0,24.996425,0.0,90,0,
AMAT,2013-04-30,2013-05-16,2013-05-16,True,alpha_vantage,0.03,23.0769,1,0,0.03,55.397725,1.0,36.360062,-76.9231,92,0,
AMAT,2013-07-31,2013-08-15,2013-08-15,True,alpha_vantage,-0.02,-10.0,0,1,0.02,58.04195,1.0,38.906838,-33.0769,91,0,
AMAT,2013-10-31,2013-11-14,2013-11-14,True,alpha_vantage,0.01,5.5556,1,0,0.01,53.269225,0.75,36.899262,15.5556,91,0,
AMAT,2014-01-31,2014-02-12,2014-02-12,True,alpha_vantage,0.01,4.5455,1,0,0.01,29.658125,0.75,36.277925,-1.0101,90,0,
AMAT,2014-04-30,2014-05-15,2014-05-15,True,alpha_vantage,0.01,3.7037,1,0,0.01,5.7945,0.75,30.596113,-0.8418,92,0,
AMAT,2014-07-31,2014-08-14,2014-08-14,True,alpha_vantage,0.01,3.7037,1,0,0.01,0.9512,0.75,29.496575,0.0,91,0,
AMAT,2014-10-31,2014-11-13,2014-11-13,True,alpha_vantage,0.0,0.0,0,0,0.0,4.377125,1.0,28.823175,-3.7037,91,0,
AMAT,2015-01-31,2015-02-11,2015-02-11,True,alpha_vantage,0.0,0.0,0,0,0.0,2.988225,0.75,16.323175,0.0,90,0,
AMAT,2015-04-30,2015-05-14,2015-05-14,True,alpha_vantage,0.01,3.5714,1,0,0.01,1.85185,0.5,3.823175,3.5714,92,0,
AMAT,2015-07-31,2015-08-13,2015-08-13,True,alpha_vantage,0.0,0.0,0,0,0.0,1.818775,0.5,1.384988,-3.5714,91,0,
AMAT,2015-10-31,2015-11-12,2015-11-12,True,alpha_vantage,0.0,0.0,0,0,0.0,0.89285,0.25,2.634987,0.0,91,0,
AMAT,2016-01-31,2016-02-18,2016-02-18,True,alpha_vantage,0.01,4.0,1,0,0.01,0.89285,0.25,1.940538,4.0,98,0,
AMAT,2016-04-30,2016-05-19,2016-05-19,True,alpha_vantage,0.02,6.25,1,0,0.02,1.89285,0.5,1.87235,2.25,91,0,
AMAT,2016-07-31,2016-08-18,2016-08-18,True,alpha_vantage,0.02,4.1667,1,0,0.02,2.5625,0.5,2.190638,-2.0833,91,0,
AMAT,2016-10-31,2016-11-17,2016-11-17,True,alpha_vantage,0.01,1.5385,1,0,0.01,3.604175,0.75,2.248512,-2.6282,91,0,
AMAT,2017-01-31,2017-02-15,2017-02-15,True,alpha_vantage,0.01,1.5152,1,0,0.01,3.9888,1.0,2.440825,-0.0233,90,0,
AMAT,2017-04-30,2017-05-18,2017-05-18,True,alpha_vantage,0.03,3.9474,1,0,0.03,3.3676,1.0,2.630225,2.4322,92,0,
AMAT,2017-07-31,2017-08-17,2017-08-17,True,alpha_vantage,0.03,3.6145,1,0,0.03,2.79195,1.0,2.677225,-0.3329,91,0,
AMAT,2017-10-31,2017-11-16,2017-11-16,True,alpha_vantage,0.03,3.3333,1,0,0.03,2.6539,1.0,3.129037,-0.2812,91,0,
AMAT,2018-01-31,2018-02-14,2018-02-14,True,alpha_vantage,0.08,8.1633,1,0,0.08,3.1026,1.0,3.5457,4.83,90,0,
AMAT,2018-04-30,2018-05-17,2018-05-17,True,alpha_vantage,0.07,6.087,1,0,0.07,4.764625,1.0,4.066113,-2.0763,92,0,
AMAT,2018-07-31,2018-08-16,2018-08-16,True,alpha_vantage,0.04,3.4483,1,0,0.04,5.299525,1.0,4.045737,-2.6387,91,0,
AMAT,2018-10-31,2018-11-15,2018-11-15,True,alpha_vantage,0.0,0.0,0,0,0.0,5.257975,1.0,3.955938,-3.4483,91,0,
AMAT,2019-01-31,2019-02-14,2019-02-14,True,alpha_vantage,0.02,2.5316,1,0,0.02,4.42465,0.75,3.763625,2.5316,91,0,
AMAT,2019-04-30,2019-05-16,2019-05-16,True,alpha_vantage,0.04,6.0606,1,0,0.04,3.016725,0.75,3.890675,3.529,91,0,
AMAT,2019-07-31,2019-08-15,2019-08-15,True,alpha_vantage,0.04,5.7143,1,0,0.04,3.010125,0.75,4.154825,-0.3463,91,0,
AMAT,2019-10-31,2019-11-14,2019-11-14,True,alpha_vantage,0.04,5.2632,1,0,0.04,3.576625,0.75,4.4173,-0.4511,91,0,
AMAT,2020-01-31,2020-02-12,2020-02-12,True,alpha_vantage,0.05,5.3763,1,0,0.05,4.892425,1.0,4.658537,0.1131,90,0,
AMAT,2020-04-30,2020-05-14,2020-05-14,True,alpha_vantage,0.0,0.0,0,0,0.0,5.6036,1.0,4.310162,-5.3763,92,0,
AMAT,2020-07-31,2020-08-13,2020-08-13,True,alpha_vantage,0.11,11.5789,1,0,0.11,4.08845,0.75,3.549288,11.5789,91,0,
AMAT,2020-10-31,2020-11-12,2020-11-12,True,alpha_vantage,0.08,6.8376,1,0,0.08,5.5546,0.75,4.565613,-4.7413,91,0,
AMAT,2021-01-31,2021-02-18,2021-02-18,True,alpha_vantage,0.11,8.5937,1,0,0.11,5.9482,0.75,5.420312,1.7561,98,0,
AMAT,2021-04-30,2021-05-20,2021-05-20,True,alpha_vantage,0.12,7.947,1,0,0.12,6.75255,0.75,6.178075,-0.6467,91,0,
AMAT,2021-07-31,2021-08-19,2021-08-19,True,alpha_vantage,0.12,6.7416,1,0,0.12,8.7393,1.0,6.413875,-1.2054,91,0,
AMAT,2021-10-31,2021-11-18,2021-11-18,True,alpha_vantage,-0.02,-1.0204,0,1,0.02,7.529975,1.0,6.542288,-7.762,91,0,
AMAT,2022-01-31,2022-02-16,2022-02-16,True,alpha_vantage,0.04,2.1622,1,0,0.04,5.565475,0.75,5.756838,3.1826,90,0,
AMAT,2022-04-30,2022-05-19,2022-05-19,True,alpha_vantage,-0.05,-2.6316,0,1,0.05,3.9576,0.75,5.355075,-4.7938,92,0,
AMAT,2022-07-31,2022-08-18,2022-08-18,True,alpha_vantage,0.16,8.9888,1,0,0.16,1.31295,0.5,5.026125,11.6204,91,0,
AMAT,2022-10-31,2022-11-17,2022-11-17,True,alpha_vantage,0.29,16.6667,1,0,0.29,1.87475,0.5,4.702362,7.6779,91,0,
AMAT,2023-01-31,2023-02-16,2023-02-16,True,alpha_vantage,0.11,5.7292,1,0,0.11,6.296525,0.75,5.931,-10.9375,91,0,
AMAT,2023-04-30,2023-05-18,2023-05-18,True,alpha_vantage,0.17,9.2896,1,0,0.17,7.188275,0.75,5.572938,3.5604,91,0,
AMAT,2023-07-31,2023-08-17,2023-08-17,True,alpha_vantage,0.15,8.5714,1,0,0.15,10.168575,1.0,5.740762,-0.7182,91,0,
AMAT,2023-10-31,2023-11-16,2023-11-16,True,alpha_vantage,0.13,6.5327,1,0,0.13,10.064225,1.0,5.969487,-2.0387,91,0,
AMAT,2024-01-31,2024-02-15,2024-02-15,True,alpha_vantage,0.22,11.5183,1,0,0.22,7.530725,1.0,6.913625,4.9856,91,0,
AMAT,2024-04-30,2024-05-16,2024-05-16,True,alpha_vantage,0.1,5.0251,1,0,0.1,8.978,1.0,8.083137,-6.4932,91,0,
AMAT,2024-07-31,2024-08-15,2024-08-15,True,alpha_vantage,0.09,4.4335,1,0,0.09,7.911875,1.0,9.040225,-0.5916,91,0,
AMAT,2024-10-31,2024-11-14,2024-11-14,True,alpha_vantage,0.13,5.9361,1,0,0.13,6.8774,1.0,8.470812,1.5026,91,0,
AMAT,2025-01-31,2025-02-13,2025-02-13,True,alpha_vantage,0.08,3.4783,1,0,0.08,6.72825,1.0,7.129487,-2.4578,91,0,
AMAT,2025-04-30,2025-05-15,2025-05-15,True,alpha_vantage,0.08,3.4632,1,0,0.08,4.71825,1.0,6.848125,-0.0151,91,0,
AMAT,2025-07-31,2025-08-14,2025-08-14,True,alpha_vantage,0.12,5.0847,1,0,0.12,4.327775,1.0,6.119825,1.6215,91,0,
AMAT,2025-10-31,2025-12-12,2025-12-12,True,alpha_vantage,0.08,3.8278,1,0,0.08,4.490575,1.0,5.683987,-1.2569,120,0,
AMAT,2026-01-31,2026-02-12,2026-02-12,True,alpha_vantage,0.17,7.6923,1,0,0.17,3.9635,1.0,5.345875,3.8645,62,0,
AMAT,2026-04-30,2026-05-14,2026-05-14,True,alpha_vantage,0.17,6.3197,1,0,0.17,5.017,1.0,4.867625,-1.3726,91,0,
AMD,1996-03-31,1996-04-09,1996-04-09,True,alpha_vantage,-0.06,-40.0,0,1,0.06,,,,,,0,
AMD,1996-06-30,1996-07-10,1996-07-10,True,alpha_vantage,-0.05,-45.4545,0,1,0.05,-40.0,0.0,-40.0,-5.4545,92,0,
AMD,1996-09-30,1996-10-07,1996-10-07,True,alpha_vantage,0.06,33.3333,1,0,0.06,-42.72725,0.0,-42.72725,78.7878,89,0,
AMD,1996-12-31,1997-01-13,1997-01-13,True,alpha_vantage,0.03,30.0,1,0,0.03,-17.373733,0.3333,-17.373733,-3.3333,98,0,
AMD,1997-03-31,1997-04-07,1997-04-07,True,alpha_vantage,0.06,600.0,1,0,0.06,-5.5303,0.5,-5.5303,570.0,84,0,
AMD,1997-06-30,1997-07-08,1997-07-08,True,alpha_vantage,-0.06,-60.0,0,1,0.06,154.4697,0.75,115.57576,-660.0,92,0,
AMD,1997-09-30,1997-10-07,1997-10-07,True,alpha_vantage,-0.06,-120.0,0,1,0.06,150.833325,0.75,86.313133,-60.0,91,0,
AMD,1997-12-31,1998-01-13,1998-01-13,True,alpha_vantage,0.03,42.8571,1,0,0.03,112.5,0.5,56.839829,162.8571,98,0,
AMD,1998-03-31,1998-04-07,1998-04-07,True,alpha_vantage,-0.07,-58.3333,0,1,0.07,115.714275,0.5,55.091988,-101.1904,84,0,
AMD,1998-06-30,1998-07-08,1998-07-08,True,alpha_vantage,-0.11,-100.0,0,1,0.11,-48.86905,0.25,52.800325,-41.6667,92,0,
AMD,1998-09-30,1998-10-06,1998-10-06,True,alpha_vantage,0.08,114.2857,1,0,0.08,-58.86905,0.25,45.982138,214.2857,90,0,
AMD,1998-12-31,1999-01-13,1999-01-13,True,alpha_vantage,-0.05,-55.5556,0,1,0.05,-0.297625,0.5,56.101188,-169.8413,99,0,
AMD,1999-03-31,1999-04-14,1999-04-14,True,alpha_vantage,-0.02,-5.2632,0,1,0.02,-24.9008,0.25,45.406737,50.2924,91,0,
AMD,1999-06-30,1999-07-14,1999-07-14,True,alpha_vantage,0.09,14.0625,1,0,0.09,-11.633275,0.25,-30.251162,19.3257,91,0,
AMD,1999-09-30,1999-10-06,1999-10-06,True,alpha_vantage,0.1,21.7391,1,0,0.1,16.88235,0.5,-20.99335,7.6766,84,0,
AMD,1999-12-31,2000-01-20,2000-01-20,True,alpha_vantage,0.12,1200.0,1,0,0.12,-6.2543,0.5,-3.275962,1178.2609,106,0,
AMD,2000-03-31,2000-04-12,2000-04-12,True,alpha_vantage,0.31,119.2308,1,0,0.31,307.6346,0.75,141.3669,-1080.7692,83,0,
AMD,2000-06-30,2000-07-19,2000-07-19,True,alpha_vantage,0.05,8.9286,1,0,0.05,338.7581,1.0,163.562412,-110.3022,98,0,
AMD,2000-09-30,2000-10-11,2000-10-11,True,alpha_vantage,0.02,3.2258,1,0,0.02,337.474625,1.0,177.178487,-5.7028,84,0,
AMD,2000-12-31,2001-01-17,2001-01-17,True,alpha_vantage,-0.02,-3.6364,0,1,0.02,332.8463,1.0,163.296,-6.8622,98,0,
AMD,2001-03-31,2001-04-18,2001-04-18,True,alpha_vantage,0.04,12.1212,1,0,0.04,31.9372,0.75,169.7859,15.7576,91,0,
AMD,2001-06-30,2001-07-12,2001-07-12,True,alpha_vantage,0.01,25.0,1,0,0.01,5.1598,0.75,171.95895,12.8788,85,0,
AMD,2001-09-30,2001-10-17,2001-10-17,True,alpha_vantage,0.0,0.0,0,0,0.0,9.17765,0.75,173.326137,-25.0,97,0,
AMD,2001-12-31,2002-01-16,2002-01-16,True,alpha_vantage,0.13,72.2222,1,0,0.13,8.3712,0.5,170.60875,72.2222,91,0,
AMD,2002-03-31,2002-04-17,2002-04-17,True,alpha_vantage,0.03,50.0,1,0,0.03,27.33585,0.75,29.636525,-22.2222,91,0,
AMD,2002-06-30,2002-07-17,2002-07-17,True,alpha_vantage,-0.1,-22.7273,0,1,0.1,36.80555,0.75,20.982675,-72.7273,91,0,
AMD,2002-09-30,2002-10-16,2002-10-16,True,alpha_vantage,-0.07,-10.4478,0,1,0.07,24.873725,0.5,17.025688,12.2795,91,0,
AMD,2002-12-31,2003-01-16,2003-01-16,True,alpha_vantage,-0.25,-58.1395,0,1,0.25,22.261775,0.5,15.316488,-47.6917,92,0,
AMD,2003-03-31,2003-04-16,2003-04-16,True,alpha_vantage,0.07,14.2857,1,0,0.07,-10.32865,0.25,8.5036,72.4252,90,0,
AMD,2003-06-30,2003-07-16,2003-07-16,True,alpha_vantage,0.15,27.2727,1,0,0.15,-19.257225,0.25,8.774163,12.987,91,0,
AMD,2003-09-30,2003-10-16,2003-10-16,True,alpha_vantage,0.25,69.4444,1,0,0.25,-6.757225,0.5,9.05825,42.1717,92,0,
AMD,2003-12-31,2004-01-20,2004-01-20,True,alpha_vantage,0.05,125.0,1,0,0.05,13.215825,0.75,17.7388,55.5556,96,0,
AMD,2004-03-31,2004-04-14,2004-04-14,True,alpha_vantage,0.09,300.0,1,0,0.09,59.0007,1.0,24.336025,175.0,85,0,
AMD,2004-06-30,2004-07-14,2004-07-14,True,alpha_vantage,0.0,0.0,0,0,0.0,130.429275,1.0,55.586025,-300.0,91,0,
AMD,2004-09-30,2004-10-07,2004-10-07,True,alpha_vantage,0.0,0.0,0,0,0.0,123.6111,0.75,58.426938,0.0,85,0,
AMD,2004-12-31,2005-01-18,2005-01-18,True,alpha_vantage,-0.02,-28.5714,0,1,0.02,106.25,0.5,59.732912,-28.5714,103,0,
AMD,2005-03-31,2005-04-13,2005-04-13,True,alpha_vantage,-0.06,-300.0,0,1,0.06,67.85715,0.25,63.428925,-271.4286,85,0,
AMD,2005-06-30,2005-07-13,2005-07-13,True,alpha_vantage,0.08,160.0,1,0,0.08,-82.14285,0.0,24.143213,460.0,91,0,
AMD,2005-09-30,2005-10-11,2005-10-11,True,alpha_vantage,0.1,125.0,1,0,0.1,-42.14285,0.25,40.734125,-35.0,90,0,
AMD,2005-12-31,2006-01-18,2006-01-18,True,alpha_vantage,0.19,73.0769,1,0,0.19,-10.89285,0.5,47.678575,-51.9231,99,0,
AMD,2006-03-31,2006-04-12,2006-04-12,True,alpha_vantage,0.12,40.0,1,0,0.12,14.519225,0.75,41.188187,-33.0769,84,0,
AMD,2006-06-30,2006-07-20,2006-07-20,True,alpha_vantage,-0.02,-10.0,0,1,0.02,99.519225,1.0,8.688187,-50.0,99,0,
AMD,2006-09-30,2006-10-18,2006-10-18,True,alpha_vantage,0.0,0.0,0,0,0.0,57.019225,0.75,7.438187,10.0,90,0,
AMD,2006-12-31,2007-01-23,2007-01-23,True,alpha_vantage,-0.16,-133.3333,0,1,0.16,25.769225,0.5,7.438187,-133.3333,97,0,
AMD,2007-03-31,2007-04-19,2007-04-19,True,alpha_vantage,-0.47,-109.3023,0,1,0.47,-25.833325,0.25,-5.65705,24.031,86,0,
AMD,2007-06-30,2007-07-19,2007-07-19,True,alpha_vantage,-0.13,-16.4557,0,1,0.13,-63.1589,0.0,18.180162,92.8466,91,0,
AMD,2007-09-30,2007-10-18,2007-10-18,True,alpha_vantage,0.12,19.6721,1,0,0.12,-64.772825,0.0,-3.8768,36.1278,91,0,
AMD,2007-12-31,2008-01-17,2008-01-17,True,alpha_vantage,0.16,48.4848,1,0,0.16,-59.8548,0.25,-17.042788,28.8127,91,0,
AMD,2008-03-31,2008-04-17,2008-04-17,True,alpha_vantage,-0.04,-8.5106,0,1,0.04,-14.400275,0.5,-20.1168,-56.9954,91,0,
AMD,2008-06-30,2008-07-17,2008-07-17,True,alpha_vantage,-0.08,-15.3846,0,1,0.08,10.79765,0.5,-26.180625,-6.874,91,0,
AMD,2008-09-30,2008-10-16,2008-10-16,True,alpha_vantage,0.21,53.8462,1,0,0.21,11.065425,0.5,-26.8537,69.2308,91,0,
AMD,2008-12-31,2009-01-22,2009-01-22,True,alpha_vantage,-0.13,-23.2143,0,1,0.13,19.60895,0.5,-20.122925,-77.0605,98,0,
AMD,2009-03-31,2009-04-21,2009-04-21,True,alpha_vantage,0.01,1.5873,1,0,0.01,1.684175,0.25,-6.35805,24.8016,89,0,
AMD,2009-06-30,2009-07-21,2009-07-21,True,alpha_vantage,-0.11,-21.5686,0,1,0.11,4.20865,0.5,7.50315,-23.1559,91,0,
AMD,2009-09-30,2009-10-15,2009-10-15,True,alpha_vantage,0.27,60.0,1,0,0.27,2.66265,0.5,6.864038,81.5686,86,0,
AMD,2009-12-31,2010-01-21,2010-01-21,True,alpha_vantage,-0.03,-60.0,0,1,0.03,4.2011,0.5,11.905025,-120.0,98,0,
AMD,2010-03-31,2010-04-15,2010-04-15,True,alpha_vantage,0.13,185.7143,1,0,0.13,-4.995325,0.5,-1.655575,245.7143,84,0,
AMD,2010-06-30,2010-07-15,2010-07-15,True,alpha_vantage,0.05,83.3333,1,0,0.05,41.036425,0.5,22.622537,-102.381,91,0,
AMD,2010-09-30,2010-10-14,2010-10-14,True,alpha_vantage,0.07,87.5,1,0,0.07,67.2619,0.75,34.962275,4.1667,91,0,
AMD,2010-12-31,2011-01-20,2011-01-20,True,alpha_vantage,0.03,27.2727,1,0,0.03,74.1369,0.75,39.169,-60.2273,98,0,
AMD,2011-03-31,2011-04-21,2011-04-21,True,alpha_vantage,0.03,60.0,1,0,0.03,95.955075,1.0,45.479875,32.7273,91,0,
AMD,2011-06-30,2011-07-21,2011-07-21,True,alpha_vantage,0.01,12.5,1,0,0.01,64.5265,1.0,52.781463,-47.5,91,0,
AMD,2011-09-30,2011-10-27,2011-10-27,True,alpha_vantage,0.05,50.0,1,0,0.05,46.818175,1.0,57.040037,37.5,98,0,
AMD,2011-12-31,2012-01-24,2012-01-24,True,alpha_vantage,0.03,18.75,1,0,0.03,37.443175,1.0,55.790037,-31.25,89,0,
AMD,2012-03-31,2012-04-19,2012-04-19,True,alpha_vantage,0.03,33.3333,1,0,0.03,35.3125,1.0,65.633787,14.5833,86,0,
AMD,2012-06-30,2012-07-19,2012-07-19,True,alpha_vantage,-0.01,-14.2857,0,1,0.01,28.645825,1.0,46.586163,-47.619,91,0,
AMD,2012-09-30,2012-10-18,2012-10-18,True,alpha_vantage,-0.04,-25.0,0,1,0.04,21.9494,0.75,34.383787,-10.7143,91,0,
AMD,2012-12-31,2013-01-22,2013-01-22,True,alpha_vantage,0.07,33.3333,1,0,0.07,3.1994,0.5,20.321288,58.3333,96,0,
AMD,2013-03-31,2013-04-18,2013-04-18,True,alpha_vantage,0.04,23.5294,1,0,0.04,6.845225,0.5,21.078862,-9.8039,86,0,
AMD,2013-06-30,2013-07-18,2013-07-18,True,alpha_vantage,0.03,25.0,1,0,0.03,4.39425,0.5,16.520038,1.4706,91,0,
AMD,2013-09-30,2013-10-17,2013-10-17,True,alpha_vantage,0.02,100.0,1,0,0.02,14.215675,0.75,18.082538,75.0,91,0,
AMD,2013-12-31,2014-01-21,2014-01-21,True,alpha_vantage,0.0,0.0,0,0,0.0,45.465675,1.0,24.332538,-100.0,96,0,
AMD,2014-03-31,2014-04-17,2014-04-17,True,alpha_vantage,0.01,100.0,1,0,0.01,37.13235,0.75,21.988788,100.0,86,0,
AMD,2014-06-30,2014-07-17,2014-07-17,True,alpha_vantage,-0.01,-33.3333,0,1,0.01,56.25,0.75,30.322125,-133.3333,91,0,
AMD,2014-09-30,2014-10-16,2014-10-16,True,alpha_vantage,-0.01,-25.0,0,1,0.01,41.666675,0.5,27.941175,8.3333,91,0,
AMD,2014-12-31,2015-01-20,2015-01-20,True,alpha_vantage,-0.1,-1000.0,0,1,0.1,10.416675,0.25,27.941175,-975.0,96,0,
AMD,2015-03-31,2015-04-16,2015-04-16,True,alpha_vantage,-0.03,-50.0,0,1,0.03,-239.583325,0.25,-101.225487,950.0,86,0,
AMD,2015-06-30,2015-07-16,2015-07-16,True,alpha_vantage,-0.01,-6.25,0,1,0.01,-277.083325,0.0,-110.416663,43.75,91,0,
AMD,2015-09-30,2015-10-15,2015-10-15,True,alpha_vantage,-0.05,-41.6667,0,1,0.05,-270.3125,0.0,-114.322913,-35.4167,91,0,
AMD,2015-12-31,2016-01-19,2016-01-19,True,alpha_vantage,0.0,0.0,0,0,0.0,-274.479175,0.0,-132.03125,41.6667,96,0,
AMD,2016-03-31,2016-04-21,2016-04-21,True,alpha_vantage,0.01,7.6923,1,0,0.01,-24.479175,0.0,-132.03125,7.6923,93,0,
AMD,2016-06-30,2016-07-21,2016-07-21,True,alpha_vantage,0.04,44.4444,1,0,0.04,-10.0561,0.25,-143.569713,36.7521,91,0,
AMD,2016-09-30,2016-10-20,2016-10-20,True,alpha_vantage,0.026,650.0,1,0,0.026,2.6175,0.5,-133.8475,605.5556,91,0,
AMD,2016-12-31,2017-01-31,2017-01-31,True,alpha_vantage,0.01,50.0,1,0,0.01,175.534175,0.75,-49.4725,-600.0,103,0,
AMD,2017-03-31,2017-05-01,2017-05-01,True,alpha_vantage,0.0,0.0,0,0,0.0,188.034175,1.0,81.7775,-50.0,90,0,
AMD,2017-06-30,2017-07-25,2017-07-25,True,alpha_vantage,0.0197,6566.6667,1,0,0.0197,186.1111,0.75,88.0275,6566.6667,85,0,
AMD,2017-09-30,2017-10-24,2017-10-24,True,alpha_vantage,0.02,25.0,1,0,0.02,1816.666675,0.75,909.642088,-6541.6667,91,0,
AMD,2017-12-31,2018-01-30,2018-01-30,True,alpha_vantage,0.03,60.0,1,0,0.03,1660.416675,0.75,917.975425,35.0,98,0,
AMD,2018-03-31,2018-04-25,2018-04-25,True,alpha_vantage,0.02,22.2222,1,0,0.02,1662.916675,0.75,925.475425,-37.7778,85,0,
AMD,2018-06-30,2018-07-25,2018-07-25,True,alpha_vantage,0.01,7.6923,1,0,0.01,1668.472225,1.0,927.291662,-14.5299,91,0,
AMD,2018-09-30,2018-10-24,2018-10-24,True,alpha_vantage,0.01,8.3333,1,0,0.01,28.728625,1.0,922.69765,0.641,91,0,
AMD,2018-12-31,2019-01-29,2019-01-29,True,alpha_vantage,0.0,0.0,0,0,0.0,24.56195,1.0,842.489312,-8.3333,97,0,
AMD,2019-03-31,2019-04-30,2019-04-30,True,alpha_vantage,0.0,0.0,0,0,0.0,9.56195,0.75,836.239312,0.0,91,0,
AMD,2019-06-30,2019-07-30,2019-07-30,True,alpha_vantage,0.0,0.0,0,0,0.0,4.0064,0.5,836.239312,0.0,91,0,
AMD,2019-09-30,2019-10-29,2019-10-29,True,alpha_vantage,0.0,0.0,0,0,0.0,2.083325,0.25,15.405975,0.0,91,0,
AMD,2019-12-31,2020-01-28,2020-01-28,True,alpha_vantage,0.01,3.2258,1,0,0.01,0.0,0.0,12.280975,3.2258,91,0,
AMD,2020-03-31,2020-04-28,2020-04-28,True,alpha_vantage,0.0,0.0,0,0,0.0,0.80645,0.25,5.1842,-3.2258,91,0,
AMD,2020-06-30,2020-07-28,2020-07-28,True,alpha_vantage,0.01,5.8824,1,0,0.01,0.80645,0.25,2.406425,5.8824,91,0,
AMD,2020-09-30,2020-10-27,2020-10-27,True,alpha_vantage,0.05,13.8889,1,0,0.05,2.27705,0.5,2.180187,8.0065,91,0,
AMD,2020-12-31,2021-01-26,2021-01-26,True,alpha_vantage,0.04,8.3333,1,0,0.04,5.749275,0.75,2.874637,-5.5556,91,0,
AMD,2021-03-31,2021-04-27,2021-04-27,True,alpha_vantage,0.08,18.1818,1,0,0.08,7.02615,0.75,3.9163,9.8485,91,0,
AMD,2021-06-30,2021-07-27,2021-07-27,True,alpha_vantage,0.09,16.6667,1,0,0.09,11.5716,1.0,6.189025,-1.5151,91,0,
AMD,2021-09-30,2021-10-26,2021-10-26,True,alpha_vantage,0.07,10.6061,1,0,0.07,14.267675,1.0,8.272362,-6.0606,91,0,
AMD,2021-12-31,2022-02-01,2022-02-01,True,alpha_vantage,0.16,21.0526,1,0,0.16,13.446975,1.0,9.598125,10.4465,98,0,
AMD,2022-03-31,2022-05-03,2022-05-03,True,alpha_vantage,0.21,22.8261,1,0,0.21,16.6268,1.0,11.826475,1.7735,91,0,
AMD,2022-06-30,2022-08-02,2022-08-02,True,alpha_vantage,0.01,0.9615,1,0,0.01,17.787875,1.0,14.679737,-21.8646,91,0,
AMD,2022-09-30,2022-11-01,2022-11-01,True,alpha_vantage,-0.03,-4.2857,0,1,0.03,13.861575,1.0,14.064625,-5.2472,91,0,
AMD,2022-12-31,2023-01-31,2023-01-31,True,alpha_vantage,0.02,2.9851,1,0,0.02,10.138625,0.75,11.7928,7.2708,91,0,
AMD,2023-03-31,2023-05-02,2023-05-02,True,alpha_vantage,0.04,7.1429,1,0,0.04,5.62175,0.75,11.124275,4.1578,91,0,
AMD,2023-06-30,2023-08-01,2023-08-01,True,alpha_vantage,0.01,1.7544,1,0,0.01,1.70095,0.75,9.744412,-5.3885,91,0,
AMD,2023-09-30,2023-10-31,2023-10-31,True,alpha_vantage,0.02,2.9412,1,0,0.02,1.899175,0.75,7.880375,1.1868,91,0,
AMD,2023-12-31,2024-01-30,2024-01-30,True,alpha_vantage,0.0,0.0,0,0,0.0,3.7059,1.0,6.922263,-2.9412,91,0,
AMD,2024-03-31,2024-04-30,2024-04-30,True,alpha_vantage,0.01,1.6393,1,0,0.01,2.959625,0.75,4.290687,1.6393,91,0,
AMD,2024-06-30,2024-07-30,2024-07-30,True,alpha_vantage,0.01,1.4706,1,0,0.01,1.583725,0.75,1.642338,-0.1687,91,0,
AMD,2024-09-30,2024-10-29,2024-10-29,True,alpha_vantage,0.0,0.0,0,0,0.0,1.512775,0.75,1.705975,-1.4706,91,0,
AMD,2024-12-31,2025-02-04,2025-02-04,True,alpha_vantage,0.0,0.0,0,0,0.0,0.777475,0.5,2.241687,0.0,98,0,
AMD,2025-03-31,2025-05-06,2025-05-06,True,alpha_vantage,0.03,3.2258,1,0,0.03,0.777475,0.5,1.86855,3.2258,91,0,
AMD,2025-06-30,2025-08-05,2025-08-05,True,alpha_vantage,0.0,0.0,0,0,0.0,1.1741,0.5,1.378912,-3.2258,91,0,
AMD,2025-09-30,2025-11-04,2025-11-04,True,alpha_vantage,0.07,10.2941,1,0,0.07,0.80645,0.25,1.159612,10.2941,91,0,
AMD,2025-12-31,2026-02-03,2026-02-03,True,alpha_vantage,0.21,15.9091,1,0,0.21,3.379975,0.5,2.078725,5.615,91,0,
AMD,2026-03-31,2026-05-05,2026-05-05,True,alpha_vantage,0.08,6.2016,1,0,0.08,7.35725,0.75,4.067362,-9.7075,91,0,
AMGN,1996-03-31,1996-04-17,1996-04-17,True,alpha_vantage,0.0,0.0,0,0,0.0,,,,,,0,
AMGN,1996-06-30,1996-07-18,1996-07-18,True,alpha_vantage,0.01,6.6667,1,0,0.01,0.0,0.0,0.0,6.6667,92,0,
AMGN,1996-09-30,1996-10-15,1996-10-15,True,alpha_vantage,0.01,6.6667,1,0,0.01,3.33335,0.5,3.33335,0.0,89,0,
AMGN,1996-12-31,1997-01-23,1997-01-23,True,alpha_vantage,0.0,0.0,0,0,0.0,4.444467,0.6667,4.444467,-6.6667,100,0,
AMGN,1997-03-31,1997-04-17,1997-04-17,True,alpha_vantage,0.0,0.0,0,0,0.0,3.33335,0.5,3.33335,0.0,84,0,
AMGN,1997-06-30,1997-07-15,1997-07-15,True,alpha_vantage,0.0,0.0,0,0,0.0,3.33335,0.5,2.66668,0.0,89,0,
AMGN,1997-09-30,1997-10-22,1997-10-22,True,alpha_vantage,0.0,0.0,0,0,0.0,1.666675,0.25,2.222233,0.0,99,0,
AMGN,1997-12-31,1998-01-22,1998-01-22,True,alpha_vantage,0.0,0.0,0,0,0.0,0.0,0.0,1.904771,0.0,92,0,
AMGN,1998-03-31,1998-04-22,1998-04-22,True,alpha_vantage,0.01,5.8824,1,0,0.01,0.0,0.0,1.666675,5.8824,90,0,
AMGN,1998-06-30,1998-07-22,1998-07-22,True,alpha_vantage,0.03,16.6667,1,0,0.03,1.4706,0.25,2.401975,10.7843,91,0,
AMGN,1998-09-30,1998-10-27,1998-10-27,True,alpha_vantage,0.01,5.0,1,0,0.01,5.637275,0.5,3.651975,-11.6667,97,0,
AMGN,1998-12-31,1999-01-28,1999-01-28,True,alpha_vantage,0.02,9.5238,1,0,0.02,6.887275,0.75,3.443637,4.5238,93,0,
AMGN,1999-03-31,1999-04-20,1999-04-20,True,alpha_vantage,0.01,4.5455,1,0,0.01,9.268225,1.0,4.634112,-4.9783,82,0,
AMGN,1999-06-30,1999-07-12,1999-07-12,True,alpha_vantage,0.02,8.6957,1,0,0.02,8.934,1.0,5.2023,4.1502,83,0,
AMGN,1999-09-30,1999-10-20,1999-10-20,True,alpha_vantage,0.04,16.6667,1,0,0.04,6.94125,1.0,6.289262,7.971,100,0,
AMGN,1999-12-31,2000-01-25,2000-01-25,True,alpha_vantage,0.01,4.0,1,0,0.01,9.857925,1.0,8.3726,-12.6667,97,0,
AMGN,2000-03-31,2000-04-25,2000-04-25,True,alpha_vantage,0.0,0.0,0,0,0.0,8.476975,1.0,8.8726,-4.0,91,0,
AMGN,2000-06-30,2000-07-26,2000-07-26,True,alpha_vantage,0.01,3.7037,1,0,0.01,7.3406,0.75,8.1373,3.7037,92,0,
AMGN,2000-09-30,2000-10-26,2000-10-26,True,alpha_vantage,0.02,7.4074,1,0,0.02,6.0926,0.75,6.516925,3.7037,92,0,
AMGN,2000-12-31,2001-01-24,2001-01-24,True,alpha_vantage,-0.01,-4.0,0,1,0.01,3.777775,0.75,6.81785,-11.4074,90,0,
AMGN,2001-03-31,2001-04-26,2001-04-26,True,alpha_vantage,0.01,3.7037,1,0,0.01,1.777775,0.5,5.127375,7.7037,92,0,
AMGN,2001-06-30,2001-07-26,2001-07-26,True,alpha_vantage,0.02,7.1429,1,0,0.02,2.7037,0.75,5.02215,3.4392,91,0,
AMGN,2001-09-30,2001-10-25,2001-10-25,True,alpha_vantage,0.01,3.4483,1,0,0.01,3.5635,0.75,4.82805,-3.6946,91,0,
AMGN,2001-12-31,2002-01-23,2002-01-23,True,alpha_vantage,-0.01,-3.2258,0,1,0.01,2.573725,0.75,3.17575,-6.6741,90,0,
AMGN,2002-03-31,2002-04-25,2002-04-25,True,alpha_vantage,0.01,3.7037,1,0,0.01,2.767275,0.75,2.272525,6.9295,92,0,
AMGN,2002-06-30,2002-07-24,2002-07-24,True,alpha_vantage,0.02,7.1429,1,0,0.02,2.767275,0.75,2.735488,3.4392,90,0,
AMGN,2002-09-30,2002-10-23,2002-10-23,True,alpha_vantage,0.02,6.25,1,0,0.02,2.767275,0.75,3.165388,-0.8929,91,0,
AMGN,2002-12-31,2003-01-23,2003-01-23,True,alpha_vantage,0.0,0.0,0,0,0.0,3.4677,0.75,3.020713,-6.25,92,0,
AMGN,2003-03-31,2003-04-22,2003-04-22,True,alpha_vantage,0.03,7.6923,1,0,0.03,4.27415,0.75,3.520713,7.6923,89,0,
AMGN,2003-06-30,2003-07-22,2003-07-22,True,alpha_vantage,0.03,6.5217,1,0,0.03,5.2713,0.75,4.019287,-1.1706,91,0,
AMGN,2003-09-30,2003-10-21,2003-10-21,True,alpha_vantage,0.02,3.9216,1,0,0.02,5.116,0.75,3.941638,-2.6001,91,0,
AMGN,2003-12-31,2004-01-22,2004-01-22,True,alpha_vantage,-0.02,-4.1667,0,1,0.02,4.5339,0.75,4.0008,-8.0883,93,0,
AMGN,2004-03-31,2004-04-22,2004-04-22,True,alpha_vantage,0.02,3.6364,1,0,0.02,3.492225,0.75,3.883188,7.8031,91,0,
AMGN,2004-06-30,2004-07-22,2004-07-22,True,alpha_vantage,0.02,3.3333,1,0,0.02,2.47825,0.75,3.874775,-0.3031,91,0,
AMGN,2004-09-30,2004-10-20,2004-10-20,True,alpha_vantage,0.02,3.2258,1,0,0.02,1.68115,0.75,3.398575,-0.1075,90,0,
AMGN,2004-12-31,2005-01-27,2005-01-27,True,alpha_vantage,-0.03,-4.918,0,1,0.03,1.5072,0.75,3.02055,-8.1438,99,0,
AMGN,2005-03-31,2005-04-21,2005-04-21,True,alpha_vantage,0.05,7.4627,1,0,0.05,1.319375,0.75,2.4058,12.3807,84,0,
AMGN,2005-06-30,2005-07-19,2005-07-19,True,alpha_vantage,0.16,22.2222,1,0,0.16,2.27595,0.75,2.3771,14.7595,89,0,
AMGN,2005-09-30,2005-10-19,2005-10-19,True,alpha_vantage,0.03,3.6585,1,0,0.03,6.998175,0.75,4.339663,-18.5637,92,0,
AMGN,2005-12-31,2006-01-26,2006-01-26,True,alpha_vantage,0.0,0.0,0,0,0.0,7.10635,0.75,4.306775,-3.6585,99,0,
AMGN,2006-03-31,2006-04-18,2006-04-18,True,alpha_vantage,0.03,3.4091,1,0,0.03,8.33585,0.75,4.827612,3.4091,82,0,
AMGN,2006-06-30,2006-07-20,2006-07-20,True,alpha_vantage,0.11,11.7021,1,0,0.11,7.32245,0.75,4.7992,8.293,93,0,
AMGN,2006-09-30,2006-10-23,2006-10-23,True,alpha_vantage,0.06,6.1224,1,0,0.06,4.692425,0.75,5.8453,-5.5797,95,0,
AMGN,2006-12-31,2007-01-25,2007-01-25,True,alpha_vantage,-0.04,-4.2553,0,1,0.04,5.3084,0.75,6.207375,-10.3777,94,0,
AMGN,2007-03-31,2007-04-23,2007-04-23,True,alpha_vantage,0.0,0.0,0,0,0.0,4.244575,0.75,6.290212,4.2553,88,0,
AMGN,2007-06-30,2007-07-26,2007-07-26,True,alpha_vantage,0.06,5.6604,1,0,0.06,3.3923,0.5,5.357375,5.6604,94,0,
AMGN,2007-09-30,2007-10-24,2007-10-24,True,alpha_vantage,0.05,4.8544,1,0,0.05,1.881875,0.5,3.28715,-0.806,90,0,
AMGN,2007-12-31,2008-01-24,2008-01-24,True,alpha_vantage,0.03,3.0928,1,0,0.03,1.564875,0.5,3.436637,-1.7616,92,0,
AMGN,2008-03-31,2008-04-24,2008-04-24,True,alpha_vantage,0.08,7.6923,1,0,0.08,3.4019,0.75,3.823237,4.5995,91,0,
AMGN,2008-06-30,2008-07-28,2008-07-28,True,alpha_vantage,0.11,10.6796,1,0,0.11,5.324975,1.0,4.358638,2.9873,95,0,
AMGN,2008-09-30,2008-10-22,2008-10-22,True,alpha_vantage,0.15,13.8889,1,0,0.15,6.579775,1.0,4.230825,3.2093,86,0,
AMGN,2008-12-31,2009-01-26,2009-01-26,True,alpha_vantage,0.01,0.9524,1,0,0.01,8.8384,1.0,5.201638,-12.9365,96,0,
AMGN,2009-03-31,2009-04-23,2009-04-23,True,alpha_vantage,-0.06,-5.2632,0,1,0.06,8.3033,1.0,5.8526,-6.2156,87,0,
AMGN,2009-06-30,2009-07-27,2009-07-27,True,alpha_vantage,0.12,10.2564,1,0,0.12,5.064425,0.75,5.1947,15.5196,95,0,
AMGN,2009-09-30,2009-10-21,2009-10-21,True,alpha_vantage,0.22,17.3228,1,0,0.22,4.958625,0.75,5.7692,7.0664,86,0,
AMGN,2009-12-31,2010-01-25,2010-01-25,True,alpha_vantage,-0.06,-5.4054,0,1,0.06,5.8171,0.75,7.32775,-22.7282,96,0,
AMGN,2010-03-31,2010-04-21,2010-04-21,True,alpha_vantage,0.06,4.8387,1,0,0.06,4.22765,0.5,6.265475,10.2441,86,0,
AMGN,2010-06-30,2010-07-29,2010-07-29,True,alpha_vantage,0.08,6.1538,1,0,0.08,6.753125,0.75,5.908775,1.3151,99,0,
AMGN,2010-09-30,2010-10-25,2010-10-25,True,alpha_vantage,0.09,7.0866,1,0,0.09,5.727475,0.75,5.34305,0.9328,88,0,
AMGN,2010-12-31,2011-01-24,2011-01-24,True,alpha_vantage,0.07,6.3636,1,0,0.07,3.168425,0.75,4.492763,-0.723,91,0,
AMGN,2011-03-31,2011-04-20,2011-04-20,True,alpha_vantage,0.05,3.876,1,0,0.05,6.110675,1.0,5.169162,-2.4876,86,0,
AMGN,2011-06-30,2011-07-29,2011-07-29,True,alpha_vantage,0.08,6.2016,1,0,0.08,5.87,1.0,6.311562,2.3256,100,0,
AMGN,2011-09-30,2011-10-24,2011-10-24,True,alpha_vantage,0.1,7.6923,1,0,0.1,5.88195,1.0,5.804712,1.4907,87,0,
AMGN,2011-12-31,2012-01-26,2012-01-26,True,alpha_vantage,-0.01,-0.8197,0,1,0.01,6.033375,1.0,4.6009,-8.512,94,0,
AMGN,2012-03-31,2012-04-24,2012-04-24,True,alpha_vantage,0.16,11.0345,1,0,0.16,4.23755,0.75,5.174112,11.8542,89,0,
AMGN,2012-06-30,2012-07-26,2012-07-26,True,alpha_vantage,0.28,18.0645,1,0,0.28,6.027175,0.75,5.948588,7.03,93,0,
AMGN,2012-09-30,2012-10-23,2012-10-23,True,alpha_vantage,0.2,13.6054,1,0,0.2,8.9929,0.75,7.437425,-4.4591,89,0,
AMGN,2012-12-31,2013-01-23,2013-01-23,True,alpha_vantage,-0.04,-2.7778,0,1,0.04,10.471175,0.75,8.252275,-16.3832,92,0,
AMGN,2013-03-31,2013-04-23,2013-04-23,True,alpha_vantage,0.12,6.5217,1,0,0.12,9.98165,0.75,7.1096,9.2995,90,0,
AMGN,2013-06-30,2013-07-30,2013-07-30,True,alpha_vantage,0.15,8.6207,1,0,0.15,8.85345,0.75,7.440313,2.099,98,0,
AMGN,2013-09-30,2013-10-22,2013-10-22,True,alpha_vantage,0.15,8.3799,1,0,0.15,6.4925,0.75,7.7427,-0.2408,84,0,
AMGN,2013-12-31,2014-01-28,2014-01-28,True,alpha_vantage,0.14,8.3333,1,0,0.14,5.186125,0.75,7.82865,-0.0466,98,0,
AMGN,2014-03-31,2014-04-22,2014-04-22,True,alpha_vantage,-0.07,-3.6082,0,1,0.07,7.9639,1.0,8.972775,-11.9415,84,0,
AMGN,2014-06-30,2014-07-29,2014-07-29,True,alpha_vantage,0.3,14.4928,1,0,0.3,5.431425,0.75,7.142437,18.101,98,0,
AMGN,2014-09-30,2014-10-27,2014-10-27,True,alpha_vantage,0.18,8.4906,1,0,0.18,6.89945,0.75,6.695975,-6.0022,90,0,
AMGN,2014-12-31,2015-01-27,2015-01-27,True,alpha_vantage,0.11,5.3659,1,0,0.11,6.927125,0.75,6.056625,-3.1247,92,0,
AMGN,2015-03-31,2015-04-21,2015-04-21,True,alpha_vantage,0.37,17.5355,1,0,0.37,6.185275,0.75,7.074587,12.1696,84,0,
AMGN,2015-06-30,2015-07-30,2015-07-30,True,alpha_vantage,0.15,6.1983,1,0,0.15,11.4712,1.0,8.451313,-11.3372,100,0,
AMGN,2015-09-30,2015-10-28,2015-10-28,True,alpha_vantage,0.35,14.7679,1,0,0.35,9.397575,1.0,8.148512,8.5696,90,0,
AMGN,2015-12-31,2016-01-28,2016-01-28,True,alpha_vantage,0.33,14.4737,1,0,0.33,10.9669,1.0,8.947012,-0.2942,92,0,
AMGN,2016-03-31,2016-04-28,2016-04-28,True,alpha_vantage,0.29,11.1111,1,0,0.29,13.24385,1.0,9.714562,-3.3626,91,0,
AMGN,2016-06-30,2016-07-27,2016-07-27,True,alpha_vantage,0.1,3.6496,1,0,0.1,11.63775,1.0,11.554475,-7.4615,90,0,
AMGN,2016-09-30,2016-10-27,2016-10-27,True,alpha_vantage,0.22,7.8571,1,0,0.22,11.000575,1.0,10.199075,4.2075,92,0,
AMGN,2016-12-31,2017-02-02,2017-02-02,True,alpha_vantage,0.1,3.5842,1,0,0.1,9.272875,1.0,10.119887,-4.2729,98,0,
AMGN,2017-03-31,2017-04-26,2017-04-26,True,alpha_vantage,0.14,4.6512,1,0,0.14,6.5505,1.0,9.897175,1.067,83,0,
AMGN,2017-06-30,2017-07-25,2017-07-25,True,alpha_vantage,0.16,5.1447,1,0,0.16,4.935525,1.0,8.286637,0.4935,90,0,
AMGN,2017-09-30,2017-10-25,2017-10-25,True,alpha_vantage,0.17,5.4839,1,0,0.17,5.3093,1.0,8.154937,0.3392,92,0,
AMGN,2017-12-31,2018-02-01,2018-02-01,True,alpha_vantage,-0.14,-4.6205,0,1,0.14,4.716,1.0,6.994438,-10.1044,99,0,
AMGN,2018-03-31,2018-04-24,2018-04-24,True,alpha_vantage,0.22,6.7692,1,0,0.22,2.664825,0.75,4.607662,11.3897,82,0,
AMGN,2018-06-30,2018-07-26,2018-07-26,True,alpha_vantage,0.27,7.5843,1,0,0.27,3.194325,0.75,4.064925,0.8151,93,0,
AMGN,2018-09-30,2018-10-30,2018-10-30,True,alpha_vantage,0.24,6.9565,1,0,0.24,3.804225,0.75,4.556762,-0.6278,96,0,
AMGN,2018-12-31,2019-01-29,2019-01-29,True,alpha_vantage,0.15,4.5872,1,0,0.15,4.172375,0.75,4.444187,-2.3693,91,0,
AMGN,2019-03-31,2019-04-30,2019-04-30,True,alpha_vantage,0.08,2.2989,1,0,0.08,6.4743,1.0,4.569562,-2.2883,91,0,
AMGN,2019-06-30,2019-07-30,2019-07-30,True,alpha_vantage,0.39,10.8939,1,0,0.39,5.356725,1.0,4.275525,8.595,91,0,
AMGN,2019-09-30,2019-10-29,2019-10-29,True,alpha_vantage,0.13,3.6827,1,0,0.13,6.184125,1.0,4.994175,-7.2112,91,0,
AMGN,2019-12-31,2020-01-30,2020-01-30,True,alpha_vantage,0.22,6.4327,1,0,0.22,5.365675,1.0,4.769025,2.75,93,0,
AMGN,2020-03-31,2020-04-30,2020-04-30,True,alpha_vantage,0.42,11.2,1,0,0.42,5.82705,1.0,6.150675,4.7673,91,0,
AMGN,2020-06-30,2020-07-28,2020-07-28,True,alpha_vantage,0.48,12.7321,1,0,0.48,8.052325,1.0,6.704525,1.5321,89,0,
AMGN,2020-09-30,2020-10-28,2020-10-28,True,alpha_vantage,0.62,16.5333,1,0,0.62,8.511875,1.0,7.348,3.8012,92,0,
AMGN,2020-12-31,2021-02-02,2021-02-02,True,alpha_vantage,0.46,13.7313,1,0,0.46,11.724525,1.0,8.5451,-2.802,97,0,
AMGN,2021-03-31,2021-04-27,2021-04-27,True,alpha_vantage,-0.34,-8.4158,0,1,0.34,13.549175,1.0,9.688113,-22.1471,84,0,
AMGN,2021-06-30,2021-08-03,2021-08-03,True,alpha_vantage,0.37,9.2269,1,0,0.37,8.645225,0.75,8.348775,17.6427,98,0,
AMGN,2021-09-30,2021-11-02,2021-11-02,True,alpha_vantage,0.45,10.6635,1,0,0.45,7.768925,0.75,8.1404,1.4366,91,0,
AMGN,2021-12-31,2022-02-07,2022-02-07,True,alpha_vantage,0.32,7.9208,1,0,0.32,6.301475,0.75,9.013,-2.7427,97,0,
AMGN,2022-03-31,2022-04-27,2022-04-27,True,alpha_vantage,0.13,3.1553,1,0,0.13,4.84885,0.75,9.199013,-4.7655,79,0,
AMGN,2022-06-30,2022-08-04,2022-08-04,True,alpha_vantage,0.32,7.3903,1,0,0.32,7.741625,1.0,8.193425,4.235,99,0,
AMGN,2022-09-30,2022-11-03,2022-11-03,True,alpha_vantage,0.25,5.618,1,0,0.25,7.282475,1.0,7.5257,-1.7723,91,0,
AMGN,2022-12-31,2023-01-31,2023-01-31,True,alpha_vantage,0.0,0.0,0,0,0.0,6.0211,1.0,6.161288,-5.618,89,0,
AMGN,2023-03-31,2023-04-27,2023-04-27,True,alpha_vantage,0.13,3.3766,1,0,0.13,4.0409,0.75,4.444875,3.3766,86,0,
AMGN,2023-06-30,2023-08-03,2023-08-03,True,alpha_vantage,0.51,11.3586,1,0,0.51,4.096225,0.75,5.918925,7.982,98,0,
AMGN,2023-09-30,2023-10-31,2023-10-31,True,alpha_vantage,0.28,5.9829,1,0,0.28,5.0883,0.75,6.185388,-5.3757,89,0,
AMGN,2023-12-31,2024-02-06,2024-02-06,True,alpha_vantage,0.12,2.6144,1,0,0.12,5.179525,0.75,5.600313,-3.3685,98,0,
AMGN,2024-03-31,2024-05-02,2024-05-02,True,alpha_vantage,0.07,1.7995,1,0,0.07,5.833125,1.0,4.937012,-0.8149,86,0,
AMGN,2024-06-30,2024-08-06,2024-08-06,True,alpha_vantage,-0.03,-0.6,0,1,0.03,5.43885,1.0,4.767537,-2.3995,96,0,
AMGN,2024-09-30,2024-10-30,2024-10-30,True,alpha_vantage,0.47,9.1977,1,0,0.47,2.4492,0.75,3.76875,9.7977,85,0,
AMGN,2024-12-31,2025-02-04,2025-02-04,True,alpha_vantage,0.23,4.5276,1,0,0.23,3.2529,0.75,4.216213,-4.6701,97,0,
AMGN,2025-03-31,2025-05-01,2025-05-01,True,alpha_vantage,0.64,15.0235,1,0,0.64,3.7312,0.75,4.782163,10.4959,86,0,
AMGN,2025-06-30,2025-08-05,2025-08-05,True,alpha_vantage,-0.47,-15.0641,0,1,0.47,7.0372,0.75,6.238025,-30.0876,96,0,
AMGN,2025-09-30,2025-11-04,2025-11-04,True,alpha_vantage,0.63,12.5749,1,0,0.63,3.421175,0.75,2.935188,27.639,91,0,
AMGN,2025-12-31,2026-02-03,2026-02-03,True,alpha_vantage,0.56,11.8393,1,0,0.56,4.265475,0.75,3.759187,-0.7356,91,0,
AMGN,2026-03-31,2026-04-30,2026-04-30,True,alpha_vantage,0.38,7.9665,1,0,0.38,6.0934,0.75,4.9123,-3.8728,86,0,
AMZN,1997-06-30,1997-07-10,1997-07-10,True,alpha_vantage,0.01,33.3333,1,0,0.01,,,,,,0,
AMZN,1997-09-30,1997-10-27,1997-10-27,True,alpha_vantage,0.0,0.0,0,0,0.0,33.3333,1.0,33.3333,-33.3333,109,0,
AMZN,1997-12-31,1998-01-22,1998-01-22,True,alpha_vantage,0.01,25.0,1,0,0.01,16.66665,0.5,16.66665,25.0,87,0,
AMZN,1998-03-31,1998-04-27,1998-04-27,True,alpha_vantage,0.01,25.0,1,0,0.01,19.444433,0.6667,19.444433,0.0,95,0,
AMZN,1998-06-30,1998-07-22,1998-07-22,True,alpha_vantage,0.0,0.0,0,0,0.0,20.833325,0.75,20.833325,-25.0,86,0,
AMZN,1998-09-30,1998-10-28,1998-10-28,True,alpha_vantage,0.02,20.0,1,0,0.02,12.5,0.5,16.66666,20.0,98,0,
AMZN,1998-12-31,1999-01-26,1999-01-26,True,alpha_vantage,0.02,22.2222,1,0,0.02,17.5,0.75,17.222217,2.2222,90,0,
AMZN,1999-03-31,1999-04-28,1999-04-28,True,alpha_vantage,0.0,0.0,0,0,0.0,16.80555,0.75,17.9365,-22.2222,92,0,
AMZN,1999-06-30,1999-07-21,1999-07-21,True,alpha_vantage,0.0,0.0,0,0,0.0,10.55555,0.5,15.694437,0.0,84,0,
AMZN,1999-09-30,1999-10-27,1999-10-27,True,alpha_vantage,0.0,0.0,0,0,0.0,10.55555,0.5,11.527775,0.0,98,0,
AMZN,1999-12-31,2000-02-02,2000-02-02,True,alpha_vantage,-0.01,-50.0,0,1,0.01,5.55555,0.25,11.527775,-50.0,98,0,
AMZN,2000-03-31,2000-04-26,2000-04-26,True,alpha_vantage,0.0,0.0,0,0,0.0,-12.5,0.0,2.152775,50.0,84,0,
AMZN,2000-06-30,2000-07-26,2000-07-26,True,alpha_vantage,0.0,0.0,0,0,0.0,-12.5,0.0,-0.972225,0.0,91,0,
AMZN,2000-09-30,2000-10-24,2000-10-24,True,alpha_vantage,0.0,0.0,0,0,0.0,-12.5,0.0,-0.972225,0.0,90,0,
AMZN,2000-12-31,2001-01-30,2001-01-30,True,alpha_vantage,0.0,0.0,0,0,0.0,-12.5,0.0,-3.472225,0.0,98,0,
AMZN,2001-03-31,2001-04-24,2001-04-24,True,alpha_vantage,0.0,0.0,0,0,0.0,0.0,0.0,-6.25,0.0,84,0,
AMZN,2001-06-30,2001-07-23,2001-07-23,True,alpha_vantage,0.0,0.0,0,0,0.0,0.0,0.0,-6.25,0.0,90,0,
AMZN,2001-09-30,2001-10-23,2001-10-23,True,alpha_vantage,0.0,0.0,0,0,0.0,0.0,0.0,-6.25,0.0,92,0,
AMZN,2001-12-31,2002-01-22,2002-01-22,True,alpha_vantage,0.16,228.5714,1,0,0.16,0.0,0.0,-6.25,228.5714,91,0,
AMZN,2002-03-31,2002-04-23,2002-04-23,True,alpha_vantage,0.0,0.0,0,0,0.0,57.14285,0.25,28.571425,-228.5714,91,0,
AMZN,2002-06-30,2002-07-23,2002-07-23,True,alpha_vantage,0.0,0.0,0,0,0.0,57.14285,0.25,28.571425,0.0,91,0,
AMZN,2002-09-30,2002-10-24,2002-10-24,True,alpha_vantage,-0.0524,-131.0,0,1,0.0524,57.14285,0.25,28.571425,-131.0,93,0,
AMZN,2002-12-31,2003-01-23,2003-01-23,True,alpha_vantage,0.0,0.0,0,0,0.0,24.39285,0.25,12.196425,131.0,91,0,
AMZN,2003-03-31,2003-04-24,2003-04-24,True,alpha_vantage,-0.03,-75.0,0,1,0.03,-32.75,0.0,12.196425,-75.0,91,0,
AMZN,2003-06-30,2003-07-22,2003-07-22,True,alpha_vantage,-0.05,-83.3333,0,1,0.05,-51.5,0.0,2.821425,-8.3333,89,0,
AMZN,2003-09-30,2003-10-21,2003-10-21,True,alpha_vantage,-0.09,-90.0,0,1,0.09,-72.333325,0.0,-7.595237,-6.6667,91,0,
AMZN,2003-12-31,2004-01-27,2004-01-27,True,alpha_vantage,0.0,0.0,0,0,0.0,-62.083325,0.0,-18.845237,90.0,98,0,
AMZN,2004-03-31,2004-04-22,2004-04-22,True,alpha_vantage,0.0,0.0,0,0,0.0,-62.083325,0.0,-47.416663,0.0,86,0,
AMZN,2004-06-30,2004-07-22,2004-07-22,True,alpha_vantage,0.0,0.0,0,0,0.0,-43.333325,0.0,-47.416663,0.0,91,0,
AMZN,2004-09-30,2004-10-21,2004-10-21,True,alpha_vantage,0.0,0.0,0,0,0.0,-22.5,0.0,-47.416663,0.0,91,0,
AMZN,2004-12-31,2005-02-02,2005-02-02,True,alpha_vantage,0.02,100.0,1,0,0.02,0.0,0.0,-31.041663,100.0,104,0,
AMZN,2005-03-31,2005-04-26,2005-04-26,True,alpha_vantage,0.0,0.0,0,0,0.0,25.0,0.25,-18.541663,-100.0,83,0,
AMZN,2005-06-30,2005-07-26,2005-07-26,True,alpha_vantage,0.0,0.0,0,0,0.0,25.0,0.25,-9.166662,0.0,91,0,
AMZN,2005-09-30,2005-10-25,2005-10-25,True,alpha_vantage,-0.09,-90.0,0,1,0.09,25.0,0.25,1.25,-90.0,91,0,
AMZN,2005-12-31,2006-02-02,2006-02-02,True,alpha_vantage,0.0,0.0,0,0,0.0,2.5,0.25,1.25,90.0,100,0,
AMZN,2006-03-31,2006-04-25,2006-04-25,True,alpha_vantage,0.0,0.0,0,0,0.0,-22.5,0.0,1.25,0.0,82,0,
AMZN,2006-06-30,2006-07-25,2006-07-25,True,alpha_vantage,-0.01,-16.6667,0,1,0.01,-22.5,0.0,1.25,-16.6667,91,0,
AMZN,2006-09-30,2006-10-24,2006-10-24,True,alpha_vantage,0.02,66.6667,1,0,0.02,-26.666675,0.0,-0.833337,83.3334,91,0,
AMZN,2006-12-31,2007-02-01,2007-02-01,True,alpha_vantage,0.0,0.0,0,0,0.0,12.5,0.25,7.5,-66.6667,100,0,
AMZN,2007-03-31,2007-04-24,2007-04-24,True,alpha_vantage,0.0,0.0,0,0,0.0,12.5,0.25,-5.0,0.0,82,0,
AMZN,2007-06-30,2007-07-24,2007-07-24,True,alpha_vantage,0.0,0.0,0,0,0.0,12.5,0.25,-5.0,0.0,91,0,
AMZN,2007-09-30,2007-10-23,2007-10-23,True,alpha_vantage,0.0,0.0,0,0,0.0,16.666675,0.25,-5.0,0.0,91,0,
AMZN,2007-12-31,2008-01-30,2008-01-30,True,alpha_vantage,0.0,0.0,0,0,0.0,0.0,0.0,6.25,0.0,99,0,
AMZN,2008-03-31,2008-04-23,2008-04-23,True,alpha_vantage,0.0,0.0,0,0,0.0,0.0,0.0,6.25,0.0,84,0,
AMZN,2008-06-30,2008-07-23,2008-07-23,True,alpha_vantage,0.01,100.0,1,0,0.01,0.0,0.0,6.25,100.0,91,0,
AMZN,2008-09-30,2008-10-22,2008-10-22,True,alpha_vantage,0.0,0.0,0,0,0.0,25.0,0.25,20.833337,-100.0,91,0,
AMZN,2008-12-31,2009-01-29,2009-01-29,True,alpha_vantage,0.01,50.0,1,0,0.01,25.0,0.25,12.5,50.0,99,0,
AMZN,2009-03-31,2009-04-23,2009-04-23,True,alpha_vantage,0.0,0.0,0,0,0.0,37.5,0.5,18.75,-50.0,84,0,
AMZN,2009-06-30,2009-07-23,2009-07-23,True,alpha_vantage,0.0,0.0,0,0,0.0,37.5,0.5,18.75,0.0,91,0,
AMZN,2009-09-30,2009-10-22,2009-10-22,True,alpha_vantage,0.0,0.0,0,0,0.0,12.5,0.25,18.75,0.0,91,0,
AMZN,2009-12-31,2010-01-28,2010-01-28,True,alpha_vantage,0.0,0.0,0,0,0.0,12.5,0.25,18.75,0.0,98,0,
AMZN,2010-03-31,2010-04-22,2010-04-22,True,alpha_vantage,0.0,0.0,0,0,0.0,0.0,0.0,18.75,0.0,84,0,
AMZN,2010-06-30,2010-07-22,2010-07-22,True,alpha_vantage,-0.01,-33.3333,0,1,0.01,0.0,0.0,18.75,-33.3333,91,0,
AMZN,2010-09-30,2010-10-21,2010-10-21,True,alpha_vantage,0.01,50.0,1,0,0.01,-8.333325,0.0,2.083337,83.3333,91,0,
AMZN,2010-12-31,2011-01-27,2011-01-27,True,alpha_vantage,0.01,25.0,1,0,0.01,4.166675,0.25,8.333337,-25.0,98,0,
AMZN,2011-03-31,2011-04-26,2011-04-26,True,alpha_vantage,-0.01,-33.3333,0,1,0.01,10.416675,0.5,5.208337,-58.3333,89,0,
AMZN,2011-06-30,2011-07-26,2011-07-26,True,alpha_vantage,0.0,0.0,0,0,0.0,2.08335,0.5,1.041675,33.3333,91,0,
AMZN,2011-09-30,2011-10-25,2011-10-25,True,alpha_vantage,0.0,0.0,0,0,0.0,10.416675,0.5,1.041675,0.0,91,0,
AMZN,2011-12-31,2012-01-31,2012-01-31,True,alpha_vantage,0.01,100.0,1,0,0.01,-2.083325,0.25,1.041675,100.0,98,0,
AMZN,2012-03-31,2012-04-26,2012-04-26,True,alpha_vantage,-0.06,-85.7143,0,1,0.06,16.666675,0.25,13.541675,-185.7143,86,0,
AMZN,2012-06-30,2012-07-26,2012-07-26,True,alpha_vantage,-0.01,-50.0,0,1,0.01,3.571425,0.25,2.827388,35.7143,91,0,
AMZN,2012-09-30,2012-10-25,2012-10-25,True,alpha_vantage,0.05,62.5,1,0,0.05,-8.928575,0.25,0.74405,112.5,91,0,
AMZN,2012-12-31,2013-01-29,2013-01-29,True,alpha_vantage,0.0,0.0,0,0,0.0,6.696425,0.5,2.30655,-62.5,96,0,
AMZN,2013-03-31,2013-04-25,2013-04-25,True,alpha_vantage,-0.07,-87.5,0,1,0.07,-18.303575,0.25,-0.81845,-87.5,86,0,
AMZN,2013-06-30,2013-07-25,2013-07-25,True,alpha_vantage,-0.07,-140.0,0,1,0.07,-18.75,0.25,-7.589287,-52.5,91,0,
AMZN,2013-09-30,2013-10-24,2013-10-24,True,alpha_vantage,0.0,0.0,0,0,0.0,-41.25,0.25,-25.089287,140.0,91,0,
AMZN,2013-12-31,2014-01-30,2014-01-30,True,alpha_vantage,0.0,0.0,0,0,0.0,-56.875,0.0,-25.089287,0.0,98,0,
AMZN,2014-03-31,2014-04-24,2014-04-24,True,alpha_vantage,0.0,0.0,0,0,0.0,-56.875,0.0,-37.589287,0.0,84,0,
AMZN,2014-06-30,2014-07-24,2014-07-24,True,alpha_vantage,0.0,0.0,0,0,0.0,-35.0,0.0,-26.875,0.0,91,0,
AMZN,2014-09-30,2014-10-23,2014-10-23,True,alpha_vantage,-0.01,-25.0,0,1,0.01,0.0,0.0,-20.625,-25.0,91,0,
AMZN,2014-12-31,2015-01-29,2015-01-29,True,alpha_vantage,0.01,100.0,1,0,0.01,-6.25,0.0,-31.5625,125.0,98,0,
AMZN,2015-03-31,2015-04-23,2015-04-23,True,alpha_vantage,0.0,0.0,0,0,0.0,18.75,0.25,-19.0625,-100.0,84,0,
AMZN,2015-06-30,2015-07-23,2015-07-23,True,alpha_vantage,0.02,200.0,1,0,0.02,18.75,0.25,-8.125,200.0,91,0,
AMZN,2015-09-30,2015-10-22,2015-10-22,True,alpha_vantage,0.02,200.0,1,0,0.02,68.75,0.5,34.375,0.0,91,0,
AMZN,2015-12-31,2016-01-28,2016-01-28,True,alpha_vantage,-0.03,-37.5,0,1,0.03,125.0,0.75,59.375,-237.5,98,0,
AMZN,2016-03-31,2016-04-28,2016-04-28,True,alpha_vantage,0.02,66.6667,1,0,0.02,90.625,0.5,54.6875,104.1667,91,0,
AMZN,2016-06-30,2016-07-28,2016-07-28,True,alpha_vantage,0.03,50.0,1,0,0.03,107.291675,0.75,63.020837,-16.6667,91,0,
AMZN,2016-09-30,2016-10-27,2016-10-27,True,alpha_vantage,-0.01,-25.0,0,1,0.01,69.791675,0.75,69.270837,-75.0,91,0,
AMZN,2016-12-31,2017-02-02,2017-02-02,True,alpha_vantage,0.01,14.2857,1,0,0.01,13.541675,0.5,69.270837,39.2857,98,0,
AMZN,2017-03-31,2017-04-27,2017-04-27,True,alpha_vantage,0.01,16.6667,1,0,0.01,26.4881,0.75,58.55655,2.381,84,0,
AMZN,2017-06-30,2017-07-27,2017-07-27,True,alpha_vantage,-0.05,-71.4286,0,1,0.05,13.9881,0.75,60.639888,-88.0953,91,0,
AMZN,2017-09-30,2017-10-26,2017-10-26,True,alpha_vantage,0.0,0.0,0,0,0.0,-16.36905,0.5,26.711313,71.4286,91,0,
AMZN,2017-12-31,2018-02-01,2018-02-01,True,alpha_vantage,0.1,111.1111,1,0,0.1,-10.11905,0.5,1.711313,111.1111,98,0,
AMZN,2018-03-31,2018-04-26,2018-04-26,True,alpha_vantage,0.1,166.6667,1,0,0.1,14.0873,0.5,20.2877,55.5556,84,0,
AMZN,2018-06-30,2018-07-26,2018-07-26,True,alpha_vantage,0.12,92.3077,1,0,0.12,51.5873,0.5,32.7877,-74.359,91,0,
AMZN,2018-09-30,2018-10-25,2018-10-25,True,alpha_vantage,0.13,81.25,1,0,0.13,92.521375,0.75,38.076162,-11.0577,91,0,
AMZN,2018-12-31,2019-01-31,2019-01-31,True,alpha_vantage,0.02,7.1429,1,0,0.02,112.833875,1.0,51.357412,-74.1071,98,0,
AMZN,2019-03-31,2019-04-25,2019-04-25,True,alpha_vantage,0.12,52.1739,1,0,0.12,86.841825,1.0,50.464562,45.031,84,0,
AMZN,2019-06-30,2019-07-25,2019-07-25,True,alpha_vantage,-0.02,-7.1429,0,1,0.02,58.218625,1.0,54.902963,-59.3168,91,0,
AMZN,2019-09-30,2019-10-24,2019-10-24,True,alpha_vantage,-0.02,-8.6957,0,1,0.02,33.355975,0.75,62.938675,-1.5528,91,0,
AMZN,2019-12-31,2020-01-30,2020-01-30,True,alpha_vantage,0.12,60.0,1,0,0.12,10.86955,0.5,61.851712,68.6957,98,0,
AMZN,2020-03-31,2020-04-30,2020-04-30,True,alpha_vantage,-0.06,-19.3548,0,1,0.06,24.083825,0.5,55.462825,-79.3548,91,0,
AMZN,2020-06-30,2020-07-30,2020-07-30,True,alpha_vantage,0.44,550.0,1,0,0.44,6.20165,0.25,32.210138,569.3548,91,0,
AMZN,2020-09-30,2020-10-29,2020-10-29,True,alpha_vantage,0.25,67.5676,1,0,0.25,145.487375,0.5,89.421675,-482.4324,91,0,
AMZN,2020-12-31,2021-02-02,2021-02-02,True,alpha_vantage,0.34,94.4444,1,0,0.34,164.5532,0.75,87.711375,26.8768,96,0,
AMZN,2021-03-31,2021-04-29,2021-04-29,True,alpha_vantage,0.31,64.5833,1,0,0.31,173.1643,0.75,98.624062,-29.8611,86,0,
AMZN,2021-06-30,2021-07-29,2021-07-29,True,alpha_vantage,0.14,22.5806,1,0,0.14,194.148825,1.0,100.175237,-42.0027,91,0,
AMZN,2021-09-30,2021-10-28,2021-10-28,True,alpha_vantage,-0.13,-29.5455,0,1,0.13,62.293975,1.0,103.890675,-52.1261,91,0,
AMZN,2021-12-31,2022-02-03,2022-02-03,True,alpha_vantage,1.2,631.5789,1,0,1.2,38.0157,0.75,101.28445,661.1244,98,0,
AMZN,2022-03-31,2022-04-28,2022-04-28,True,alpha_vantage,-0.79,-192.6829,0,1,0.79,172.299325,0.75,172.731812,-824.2618,84,0,
AMZN,2022-06-30,2022-07-28,2022-07-28,True,alpha_vantage,-0.32,-266.6667,0,1,0.32,107.982775,0.5,151.0658,-73.9838,91,0,
AMZN,2022-09-30,2022-10-27,2022-10-27,True,alpha_vantage,0.07,33.3333,1,0,0.07,35.67095,0.25,48.982462,300.0,91,0,
AMZN,2022-12-31,2023-02-02,2023-02-02,True,alpha_vantage,-0.13,-81.25,0,1,0.13,51.39065,0.5,44.703175,-114.5833,98,0,
AMZN,2023-03-31,2023-04-27,2023-04-27,True,alpha_vantage,0.1,47.619,1,0,0.1,-126.816575,0.25,22.741375,128.869,84,0,
AMZN,2023-06-30,2023-08-03,2023-08-03,True,alpha_vantage,0.31,91.1765,1,0,0.31,-66.7411,0.5,20.620838,43.5575,98,0,
AMZN,2023-09-30,2023-10-26,2023-10-26,True,alpha_vantage,0.36,62.069,1,0,0.36,22.7197,0.75,29.195325,-29.1075,84,0,
AMZN,2023-12-31,2024-02-01,2024-02-01,True,alpha_vantage,0.2,25.0,1,0,0.2,29.903625,0.75,40.647137,-37.069,98,0,
AMZN,2024-03-31,2024-04-30,2024-04-30,True,alpha_vantage,0.16,19.5122,1,0,0.16,56.466125,1.0,-35.175225,-5.4878,89,0,
AMZN,2024-06-30,2024-08-01,2024-08-01,True,alpha_vantage,0.23,22.3301,1,0,0.23,49.439425,1.0,-8.650837,2.8179,93,0,
AMZN,2024-09-30,2024-10-31,2024-10-31,True,alpha_vantage,0.29,25.4386,1,0,0.29,32.227825,1.0,27.473762,3.1085,91,0,
AMZN,2024-12-31,2025-02-06,2025-02-06,True,alpha_vantage,0.3763,25.3623,1,0,0.3763,23.070225,1.0,26.486925,-0.0763,98,0,
AMZN,2025-03-31,2025-05-01,2025-05-01,True,alpha_vantage,0.23,16.9118,1,0,0.23,23.1608,1.0,39.813462,-8.4505,84,0,
AMZN,2025-06-30,2025-07-31,2025-07-31,True,alpha_vantage,0.35,26.3158,1,0,0.35,22.5107,1.0,35.975062,9.404,91,0,
AMZN,2025-09-30,2025-10-30,2025-10-30,True,alpha_vantage,0.39,25.0,1,0,0.39,23.507125,1.0,27.867475,-1.3158,91,0,
AMZN,2025-12-31,2026-02-05,2026-02-05,True,alpha_vantage,-0.01,-0.5102,0,1,0.01,23.397475,1.0,23.23385,-25.5102,98,0,
AMZN,2026-03-31,2026-04-29,2026-04-29,True,alpha_vantage,1.13,68.4848,1,0,1.13,16.92935,0.75,20.045075,68.995,83,0,
AON,1996-03-31,1996-05-02,1996-05-02,True,alpha_vantage,-0.07,-15.9091,0,1,0.07,,,,,,0,
AON,1996-06-30,1996-08-01,1996-08-01,True,alpha_vantage,-0.02,-5.8824,0,1,0.02,-15.9091,0.0,-15.9091,10.0267,91,0,
AON,1996-09-30,1996-11-05,1996-11-05,True,alpha_vantage,-0.01,-3.125,0,1,0.01,-10.89575,0.0,-10.89575,2.7574,96,0,
AON,1996-12-31,1997-02-11,1997-02-11,True,alpha_vantage,0.01,3.2258,1,0,0.01,-8.3055,0.0,-8.3055,6.3508,98,0,
AON,1997-03-31,1997-05-01,1997-05-01,True,alpha_vantage,-0.03,-7.8947,0,1,0.03,-5.422675,0.25,-5.422675,-11.1205,79,0,
AON,1997-06-30,1997-08-05,1997-08-05,True,alpha_vantage,0.03,8.3333,1,0,0.03,-3.419075,0.25,-5.91708,16.228,96,0,
AON,1997-09-30,1997-11-04,1997-11-04,True,alpha_vantage,-0.02,-5.1282,0,1,0.02,0.13485,0.5,-3.542017,-13.4615,91,0,
AON,1997-12-31,1998-02-10,1998-02-10,True,alpha_vantage,0.03,7.5,1,0,0.03,-0.36595,0.5,-3.768614,12.6282,98,0,
AON,1998-03-31,1998-05-05,1998-05-05,True,alpha_vantage,0.0,0.0,0,0,0.0,0.7026,0.5,-2.360038,-7.5,84,0,
AON,1998-06-30,1998-08-05,1998-08-05,True,alpha_vantage,0.01,1.8868,1,0,0.01,2.676275,0.5,-0.3714,1.8868,92,0,
AON,1998-09-30,1998-11-03,1998-11-03,True,alpha_vantage,-0.05,-9.6154,0,1,0.05,1.06465,0.5,0.59975,-11.5022,90,0,
AON,1998-12-31,1999-02-09,1999-02-09,True,alpha_vantage,0.0,0.0,0,0,0.0,-0.05715,0.5,-0.21155,9.6154,98,0,
AON,1999-03-31,1999-05-04,1999-05-04,True,alpha_vantage,0.01,1.7544,1,0,0.01,-1.93215,0.25,-0.614775,1.7544,84,0,
AON,1999-06-30,1999-08-03,1999-08-03,True,alpha_vantage,0.0,0.0,0,0,0.0,-1.49355,0.5,0.591363,-1.7544,91,0,
AON,1999-09-30,1999-11-02,1999-11-02,True,alpha_vantage,-0.01,-1.8868,0,1,0.01,-1.96525,0.25,-0.4503,-1.8868,91,0,
AON,1999-12-31,2000-02-08,2000-02-08,True,alpha_vantage,-0.04,-9.0909,0,1,0.04,-0.0331,0.25,-0.045125,-7.2041,98,0,
AON,2000-03-31,2000-05-04,2000-05-04,True,alpha_vantage,-0.01,-2.0833,0,1,0.01,-2.305825,0.25,-2.118987,7.0076,86,0,
AON,2000-06-30,2000-08-02,2000-08-02,True,alpha_vantage,0.0,0.0,0,0,0.0,-3.26525,0.0,-2.3794,2.0833,90,0,
AON,2000-09-30,2000-11-02,2000-11-02,True,alpha_vantage,-0.01,-1.8519,0,1,0.01,-3.26525,0.0,-2.61525,-1.8519,92,0,
AON,2000-12-31,2001-02-08,2001-02-08,True,alpha_vantage,-0.01,-1.8868,0,1,0.01,-3.256525,0.0,-1.644813,-0.0349,98,0,
AON,2001-03-31,2001-05-03,2001-05-03,True,alpha_vantage,-0.01,-4.1667,0,1,0.01,-1.4555,0.0,-1.880662,-2.2799,84,0,
AON,2001-06-30,2001-08-02,2001-08-02,True,alpha_vantage,-0.01,-2.2222,0,1,0.01,-1.97635,0.0,-2.6208,1.9445,91,0,
AON,2001-09-30,2001-11-07,2001-11-07,True,alpha_vantage,-0.01,-2.5641,0,1,0.01,-2.5319,0.0,-2.898575,-0.3419,97,0,
AON,2001-12-31,2002-02-12,2002-02-12,True,alpha_vantage,0.0,0.0,0,0,0.0,-2.70995,0.0,-2.983237,2.5641,97,0,
AON,2002-03-31,2002-04-30,2002-04-30,True,alpha_vantage,0.03,6.8182,1,0,0.03,-2.23825,0.0,-1.846875,6.8182,77,0,
AON,2002-06-30,2002-08-07,2002-08-07,True,alpha_vantage,-0.36,-73.4694,0,1,0.36,0.507975,0.25,-0.734187,-80.2876,99,0,
AON,2002-09-30,2002-10-31,2002-10-31,True,alpha_vantage,-0.02,-4.5455,0,1,0.02,-17.303825,0.25,-9.917862,68.9239,85,0,
AON,2002-12-31,2003-02-12,2003-02-12,True,alpha_vantage,0.03,5.5556,1,0,0.03,-17.799175,0.25,-10.254562,10.1011,104,0,
AON,2003-03-31,2003-05-05,2003-05-05,True,alpha_vantage,0.02,4.3478,1,0,0.02,-16.410275,0.5,-9.324262,-1.2078,82,0,
AON,2003-06-30,2003-08-06,2003-08-06,True,alpha_vantage,0.02,4.5455,1,0,0.02,-17.027875,0.5,-8.25995,0.1977,93,0,
AON,2003-09-30,2003-11-04,2003-11-04,True,alpha_vantage,-0.01,-2.2222,0,1,0.01,2.47585,0.75,-7.413987,-6.7677,90,0,
AON,2003-12-31,2004-02-10,2004-02-10,True,alpha_vantage,0.01,1.8519,1,0,0.01,3.056675,0.75,-7.37125,4.0741,98,0,
AON,2004-03-31,2004-05-03,2004-05-03,True,alpha_vantage,0.02,3.4483,1,0,0.02,2.13075,0.75,-7.139762,1.5964,83,0,
AON,2004-06-30,2004-08-04,2004-08-04,True,alpha_vantage,0.0,0.0,0,0,0.0,1.905875,0.75,-7.561,-3.4483,93,0,
AON,2004-09-30,2004-10-28,2004-10-28,True,alpha_vantage,-0.14,-28.0,0,1,0.14,0.7695,0.5,1.622675,-28.0,85,0,
AON,2004-12-31,2005-02-08,2005-02-08,True,alpha_vantage,0.11,23.913,1,0,0.11,-5.67495,0.5,-1.309137,51.913,103,0,
AON,2005-03-31,2005-05-03,2005-05-03,True,alpha_vantage,0.1,22.2222,1,0,0.1,-0.159675,0.5,0.985538,-1.6908,84,0,
AON,2005-06-30,2005-08-02,2005-08-02,True,alpha_vantage,0.1,20.8333,1,0,0.1,4.5338,0.5,3.219838,-1.3889,91,0,
AON,2005-09-30,2005-11-03,2005-11-03,True,alpha_vantage,-0.03,-6.5217,0,1,0.03,9.742125,0.75,5.255813,-27.355,93,0,
AON,2005-12-31,2006-02-09,2006-02-09,True,alpha_vantage,0.11,19.6429,1,0,0.11,15.1117,0.75,4.718375,26.1646,98,0,
AON,2006-03-31,2006-05-04,2006-05-04,True,alpha_vantage,-0.03,-4.7619,0,1,0.03,14.044175,0.75,6.94225,-24.4048,84,0,
AON,2006-06-30,2006-08-03,2006-08-03,True,alpha_vantage,-0.02,-3.3333,0,1,0.02,7.29815,0.5,5.915975,1.4286,91,0,
AON,2006-09-30,2006-11-01,2006-11-01,True,alpha_vantage,-0.04,-8.3333,0,1,0.04,1.2565,0.25,5.499313,-5.0,90,0,
AON,2006-12-31,2007-02-08,2007-02-08,True,alpha_vantage,0.04,6.3492,1,0,0.04,0.8036,0.25,7.95765,14.6825,99,0,
AON,2007-03-31,2007-05-03,2007-05-03,True,alpha_vantage,0.04,6.0606,1,0,0.04,-2.519825,0.25,5.762175,-0.2886,84,0,
AON,2007-06-30,2007-07-31,2007-07-31,True,alpha_vantage,0.07,10.4478,1,0,0.07,0.1858,0.5,3.741975,4.3872,89,0,
AON,2007-09-30,2007-10-31,2007-10-31,True,alpha_vantage,0.11,18.6441,1,0,0.11,3.631075,0.75,2.443788,8.1963,92,0,
AON,2007-12-31,2008-02-07,2008-02-07,True,alpha_vantage,0.02,2.9851,1,0,0.02,10.375425,1.0,5.589513,-15.659,99,0,
AON,2008-03-31,2008-05-01,2008-05-01,True,alpha_vantage,0.08,12.6984,1,0,0.08,9.5344,1.0,3.507288,9.7133,84,0,
AON,2008-06-30,2008-07-31,2008-07-31,True,alpha_vantage,0.02,2.8986,1,0,0.02,11.19385,1.0,5.689825,-9.7998,91,0,
AON,2008-09-30,2008-10-31,2008-10-31,True,alpha_vantage,0.05,7.8125,1,0,0.05,9.30655,1.0,6.468813,4.9139,92,0,
AON,2008-12-31,2009-02-06,2009-02-06,True,alpha_vantage,0.02,2.5316,1,0,0.02,6.59865,1.0,8.487037,-5.2809,98,0,
AON,2009-03-31,2009-05-01,2009-05-01,True,alpha_vantage,-0.12,-13.6364,0,1,0.12,6.485275,1.0,8.009837,-16.168,84,0,
AON,2009-06-30,2009-07-30,2009-07-30,True,alpha_vantage,0.02,2.7027,1,0,0.02,-0.098425,0.75,5.547713,16.3391,90,0,
AON,2009-09-30,2009-10-30,2009-10-30,True,alpha_vantage,-0.01,-1.5152,0,1,0.01,-0.1474,0.75,4.579575,-4.2179,92,0,
AON,2009-12-31,2010-02-05,2010-02-05,True,alpha_vantage,0.14,17.0732,1,0,0.14,-2.479325,0.5,2.059662,18.5884,98,0,
AON,2010-03-31,2010-04-30,2010-04-30,True,alpha_vantage,0.01,1.2195,1,0,0.01,1.156075,0.5,3.820675,-15.8537,84,0,
AON,2010-06-30,2010-07-30,2010-07-30,True,alpha_vantage,0.05,6.5789,1,0,0.05,4.87005,0.75,2.385813,5.3594,91,0,
AON,2010-09-30,2010-10-29,2010-10-29,True,alpha_vantage,-0.06,-8.9552,0,1,0.06,5.8391,0.75,2.84585,-15.5341,91,0,
AON,2010-12-31,2011-02-04,2011-02-04,True,alpha_vantage,0.02,2.439,1,0,0.02,3.9791,0.75,0.749888,11.3942,98,0,
AON,2011-03-31,2011-04-29,2011-04-29,True,alpha_vantage,0.01,1.2658,1,0,0.01,0.32055,0.75,0.738313,-1.1732,84,0,
AON,2011-06-30,2011-07-29,2011-07-29,True,alpha_vantage,0.01,1.2195,1,0,0.01,0.332125,0.75,2.601088,-0.0463,91,0,
AON,2011-09-30,2011-10-28,2011-10-28,True,alpha_vantage,-0.03,-4.1667,0,1,0.03,-1.007725,0.75,2.415688,-5.3862,91,0,
AON,2011-12-31,2012-02-03,2012-02-03,True,alpha_vantage,0.01,1.0417,1,0,0.01,0.1894,0.75,2.08425,5.2084,98,0,
AON,2012-03-31,2012-05-04,2012-05-04,True,alpha_vantage,0.11,12.6437,1,0,0.11,-0.159925,0.75,0.080313,11.602,91,0,
AON,2012-06-30,2012-07-27,2012-07-27,True,alpha_vantage,0.01,0.9901,1,0,0.01,2.68455,0.75,1.508338,-11.6536,84,0,
AON,2012-09-30,2012-10-26,2012-10-26,True,alpha_vantage,0.07,7.9545,1,0,0.07,2.6272,0.75,0.809738,6.9644,91,0,
AON,2012-12-31,2013-02-01,2013-02-01,True,alpha_vantage,0.02,1.6,1,0,0.02,5.6575,1.0,2.92345,-6.3545,98,0,
AON,2013-03-31,2013-04-26,2013-04-26,True,alpha_vantage,0.02,1.8349,1,0,0.02,5.797075,1.0,2.818575,0.2349,84,0,
AON,2013-06-30,2013-07-26,2013-07-26,True,alpha_vantage,0.01,0.9091,1,0,0.01,3.094875,1.0,2.889713,-0.9258,91,0,
AON,2013-09-30,2013-10-25,2013-10-25,True,alpha_vantage,0.09,8.6538,1,0,0.09,3.074625,1.0,2.850913,7.7447,91,0,
AON,2013-12-31,2014-01-31,2014-01-31,True,alpha_vantage,0.03,1.9868,1,0,0.03,3.24945,1.0,4.453475,-6.667,98,0,
AON,2014-03-31,2014-04-25,2014-04-25,True,alpha_vantage,0.1,8.4746,1,0,0.1,3.34615,1.0,4.571613,6.4878,84,0,
AON,2014-06-30,2014-07-25,2014-07-25,True,alpha_vantage,0.05,4.1667,1,0,0.05,5.006075,1.0,4.050475,-4.3079,91,0,
AON,2014-09-30,2014-10-31,2014-10-31,True,alpha_vantage,0.17,15.1786,1,0,0.17,5.820475,1.0,4.44755,11.0119,98,0,
AON,2014-12-31,2015-02-06,2015-02-06,True,alpha_vantage,0.03,1.6129,1,0,0.03,7.451675,1.0,5.350562,-13.5657,98,0,
AON,2015-03-31,2015-05-01,2015-05-01,True,alpha_vantage,0.09,7.0313,1,0,0.09,7.3582,1.0,5.352175,5.4184,84,0,
AON,2015-06-30,2015-07-31,2015-07-31,True,alpha_vantage,0.01,0.7692,1,0,0.01,6.997375,1.0,6.001725,-6.2621,91,0,
AON,2015-09-30,2015-10-30,2015-10-30,True,alpha_vantage,0.0,0.0,0,0,0.0,6.148,1.0,5.984237,-0.7692,91,0,
AON,2015-12-31,2016-02-05,2016-02-05,True,alpha_vantage,0.19,9.1346,1,0,0.19,2.35335,0.75,4.902513,9.1346,98,0,
AON,2016-03-31,2016-04-29,2016-04-29,True,alpha_vantage,0.02,1.5038,1,0,0.02,4.233775,0.75,5.795987,-7.6308,84,0,
AON,2016-06-30,2016-07-29,2016-07-29,True,alpha_vantage,0.0,0.0,0,0,0.0,2.8519,0.75,4.924638,-1.5038,91,0,
AON,2016-09-30,2016-10-28,2016-10-28,True,alpha_vantage,0.01,0.7813,1,0,0.01,2.6596,0.5,4.4038,0.7813,91,0,
AON,2016-12-31,2017-02-10,2017-02-10,True,alpha_vantage,0.07,2.8112,1,0,0.07,2.854925,0.75,2.604138,2.0299,105,0,
AON,2017-03-31,2017-05-09,2017-05-09,True,alpha_vantage,0.18,14.1732,1,0,0.18,1.274075,0.75,2.753925,11.362,88,0,
AON,2017-06-30,2017-08-04,2017-08-04,True,alpha_vantage,0.01,0.6944,1,0,0.01,4.441425,0.75,3.646663,-13.4788,87,0,
AON,2017-09-30,2017-10-27,2017-10-27,True,alpha_vantage,0.01,0.7813,1,0,0.01,4.615025,1.0,3.637313,0.0869,84,0,
AON,2017-12-31,2018-02-02,2018-02-02,True,alpha_vantage,0.01,0.4274,1,0,0.01,4.615025,1.0,3.734975,-0.3539,98,0,
AON,2018-03-31,2018-05-04,2018-05-04,True,alpha_vantage,0.16,5.694,1,0,0.16,4.019075,1.0,2.646575,5.2666,91,0,
AON,2018-06-30,2018-07-27,2018-07-27,True,alpha_vantage,0.07,4.2683,1,0,0.07,1.899275,1.0,3.17035,-1.4257,84,0,
AON,2018-09-30,2018-10-26,2018-10-26,True,alpha_vantage,0.09,7.377,1,0,0.09,2.79275,1.0,3.703887,3.1087,91,0,
AON,2018-12-31,2019-02-01,2019-02-01,True,alpha_vantage,0.03,1.4085,1,0,0.03,4.441675,1.0,4.52835,-5.9685,98,0,
AON,2019-03-31,2019-04-26,2019-04-26,True,alpha_vantage,0.01,0.303,1,0,0.01,4.68695,1.0,4.353013,-1.1055,84,0,
AON,2019-06-30,2019-07-26,2019-07-26,True,alpha_vantage,0.0,0.0,0,0,0.0,3.3392,1.0,2.619238,-0.303,91,0,
AON,2019-09-30,2019-10-25,2019-10-25,True,alpha_vantage,0.02,1.3986,1,0,0.02,2.272125,0.75,2.532437,1.3986,91,0,
AON,2019-12-31,2020-01-31,2020-01-31,True,alpha_vantage,0.06,2.4291,1,0,0.06,0.777525,0.75,2.6096,1.0305,98,0,
AON,2020-03-31,2020-05-01,2020-05-01,True,alpha_vantage,0.01,0.2725,1,0,0.01,1.032675,0.75,2.859812,-2.1566,91,0,
AON,2020-06-30,2020-07-31,2020-07-31,True,alpha_vantage,0.04,2.0833,1,0,0.04,1.02505,0.75,2.182125,1.8108,91,0,
AON,2020-09-30,2020-10-30,2020-10-30,True,alpha_vantage,0.05,3.3784,1,0,0.05,1.545875,1.0,1.909,1.2951,91,0,
AON,2020-12-31,2021-02-05,2021-02-05,True,alpha_vantage,0.16,6.5041,1,0,0.16,2.040825,1.0,1.409175,3.1257,98,0,
AON,2021-03-31,2021-04-30,2021-04-30,True,alpha_vantage,0.23,5.679,1,0,0.23,3.059575,1.0,2.046125,-0.8251,84,0,
AON,2021-06-30,2021-07-30,2021-07-30,True,alpha_vantage,0.44,23.7838,1,0,0.44,4.4112,1.0,2.718125,18.1048,91,0,
AON,2021-09-30,2021-10-29,2021-10-29,True,alpha_vantage,0.04,2.3529,1,0,0.04,9.836325,1.0,5.6911,-21.4309,91,0,
AON,2021-12-31,2022-02-04,2022-02-04,True,alpha_vantage,0.37,11.0778,1,0,0.37,9.57995,1.0,5.810388,8.7249,98,0,
AON,2022-03-31,2022-04-29,2022-04-29,True,alpha_vantage,0.02,0.4158,1,0,0.02,10.723375,1.0,6.891475,-10.662,84,0,
AON,2022-06-30,2022-07-29,2022-07-29,True,alpha_vantage,0.08,3.1373,1,0,0.08,9.407575,1.0,6.909388,2.7215,91,0,
AON,2022-09-30,2022-10-28,2022-10-28,True,alpha_vantage,0.03,1.5075,1,0,0.03,4.24595,1.0,7.041137,-1.6298,91,0,
AON,2022-12-31,2023-02-03,2023-02-03,True,alpha_vantage,0.23,6.2842,1,0,0.23,4.0346,1.0,6.807275,4.7767,98,0,
AON,2023-03-31,2023-04-28,2023-04-28,True,alpha_vantage,-0.15,-2.8195,0,1,0.15,2.8362,1.0,6.779788,-9.1037,84,0,
AON,2023-06-30,2023-07-28,2023-07-28,True,alpha_vantage,-0.08,-2.8169,0,1,0.08,2.027375,0.75,5.717475,0.0026,91,0,
AON,2023-09-30,2023-10-27,2023-10-27,True,alpha_vantage,0.11,4.9774,1,0,0.11,0.538825,0.5,2.392387,7.7943,91,0,
AON,2023-12-31,2024-02-02,2024-02-02,True,alpha_vantage,-0.17,-4.1872,0,1,0.17,1.4063,0.5,2.72045,-9.1646,98,0,
AON,2024-03-31,2024-04-26,2024-04-26,True,alpha_vantage,-0.26,-4.3919,0,1,0.26,-1.21155,0.25,0.812325,-0.2047,84,0,
AON,2024-06-30,2024-07-26,2024-07-26,True,alpha_vantage,-0.15,-4.8701,0,1,0.15,-1.60465,0.25,0.211363,-0.4782,91,0,
AON,2024-09-30,2024-10-25,2024-10-25,True,alpha_vantage,0.25,10.1215,1,0,0.25,-2.11795,0.25,-0.789562,14.9916,91,0,
AON,2024-12-31,2025-01-31,2025-01-31,True,alpha_vantage,0.17,4.0,1,0,0.17,-0.831925,0.25,0.287188,-6.1215,98,0,
AON,2025-03-31,2025-04-25,2025-04-25,True,alpha_vantage,-0.37,-6.1258,0,1,0.37,1.214875,0.5,0.001663,-10.1258,84,0,
AON,2025-06-30,2025-07-25,2025-07-25,True,alpha_vantage,0.08,2.346,1,0,0.08,0.7814,0.5,-0.411625,8.4718,91,0,
AON,2025-09-30,2025-10-31,2025-10-31,True,alpha_vantage,0.14,4.811,1,0,0.14,2.585425,0.75,0.233738,2.465,98,0,
AON,2025-12-31,2026-01-30,2026-01-30,True,alpha_vantage,0.1,2.1053,1,0,0.1,1.2578,0.75,0.212938,-2.7057,91,0,
AON,2026-03-31,2026-05-01,2026-05-01,True,alpha_vantage,0.13,2.0472,1,0,0.13,0.784125,0.75,0.9995,-0.0581,91,0,
APD,1996-03-31,1996-04-23,1996-04-23,True,alpha_vantage,0.01,2.381,1,0,0.01,,,,,,0,
APD,1996-06-30,1996-07-23,1996-07-23,True,alpha_vantage,0.01,2.3256,1,0,0.01,2.381,1.0,2.381,-0.0554,91,0,
APD,1996-09-30,1996-10-23,1996-10-23,True,alpha_vantage,0.01,2.381,1,0,0.01,2.3533,1.0,2.3533,0.0554,92,0,
APD,1996-12-31,1997-01-23,1997-01-23,True,alpha_vantage,0.03,6.9767,1,0,0.03,2.362533,1.0,2.362533,4.5957,92,0,
APD,1997-03-31,1997-04-22,1997-04-22,True,alpha_vantage,0.01,2.1277,1,0,0.01,3.516075,1.0,3.516075,-4.849,89,0,
APD,1997-06-30,1997-07-24,1997-07-24,True,alpha_vantage,0.03,6.0,1,0,0.03,3.45275,1.0,3.2384,3.8723,93,0,
APD,1997-09-30,1997-10-23,1997-10-23,True,alpha_vantage,0.0,0.0,0,0,0.0,4.37135,1.0,3.698667,-6.0,91,0,
APD,1997-12-31,1998-01-22,1998-01-22,True,alpha_vantage,0.01,1.9231,1,0,0.01,3.7761,0.75,3.170286,1.9231,91,0,
APD,1998-03-31,1998-04-22,1998-04-22,True,alpha_vantage,0.02,3.7736,1,0,0.02,2.5127,0.75,3.014387,1.8505,90,0,
APD,1998-06-30,1998-07-23,1998-07-23,True,alpha_vantage,0.02,3.6364,1,0,0.02,2.924175,0.75,3.188462,-0.1372,92,0,
APD,1998-09-30,1998-10-22,1998-10-22,True,alpha_vantage,0.06,11.3208,1,0,0.06,2.333275,0.75,3.352313,7.6844,91,0,
APD,1998-12-31,1999-01-22,1999-01-22,True,alpha_vantage,-0.01,-1.7857,0,1,0.01,5.163475,1.0,4.469787,-13.1065,92,0,
APD,1999-03-31,1999-04-22,1999-04-22,True,alpha_vantage,0.01,1.8868,1,0,0.01,4.236275,0.75,3.374487,3.6725,90,0,
APD,1999-06-30,1999-07-23,1999-07-23,True,alpha_vantage,-0.01,-2.0408,0,1,0.01,3.764575,0.75,3.344375,-3.9276,92,0,
APD,1999-09-30,1999-10-19,1999-10-19,True,alpha_vantage,0.02,3.8462,1,0,0.02,2.345275,0.5,2.339275,5.887,88,0,
APD,1999-12-31,2000-01-21,2000-01-21,True,alpha_vantage,0.04,7.6923,1,0,0.04,0.476625,0.5,2.82005,3.8461,94,0,
APD,2000-03-31,2000-04-24,2000-04-24,True,alpha_vantage,0.06,10.7143,1,0,0.06,2.846125,0.75,3.5412,3.022,94,0,
APD,2000-06-30,2000-07-20,2000-07-20,True,alpha_vantage,0.03,4.918,1,0,0.03,5.053,0.75,4.408787,-5.7963,87,0,
APD,2000-09-30,2000-10-19,2000-10-19,True,alpha_vantage,0.03,4.918,1,0,0.03,6.7927,1.0,4.568988,0.0,91,0,
APD,2000-12-31,2001-01-22,2001-01-22,True,alpha_vantage,0.01,1.6393,1,0,0.01,7.06065,1.0,3.768638,-3.2787,95,0,
APD,2001-03-31,2001-04-23,2001-04-23,True,alpha_vantage,0.01,1.8868,1,0,0.01,5.5474,1.0,4.196763,0.2475,91,0,
APD,2001-06-30,2001-07-20,2001-07-20,True,alpha_vantage,0.0,0.0,0,0,0.0,3.340525,1.0,4.196763,-1.8868,88,0,
APD,2001-09-30,2001-10-22,2001-10-22,True,alpha_vantage,0.07,13.2075,1,0,0.07,2.111025,0.75,4.451862,13.2075,94,0,
APD,2001-12-31,2002-01-22,2002-01-22,True,alpha_vantage,-0.02,-3.7037,0,1,0.02,4.1834,0.75,5.622025,-16.9112,92,0,
APD,2002-03-31,2002-04-23,2002-04-23,True,alpha_vantage,-0.01,-1.8182,0,1,0.01,2.84765,0.5,4.197525,1.8855,91,0,
APD,2002-06-30,2002-07-23,2002-07-23,True,alpha_vantage,0.02,3.2787,1,0,0.02,1.9214,0.25,2.630962,5.0969,91,0,
APD,2002-09-30,2002-10-24,2002-10-24,True,alpha_vantage,0.01,1.5625,1,0,0.01,2.741075,0.5,2.42605,-1.7162,93,0,
APD,2002-12-31,2003-01-22,2003-01-22,True,alpha_vantage,-0.01,-1.6949,0,1,0.01,-0.170175,0.5,2.006613,-3.2574,90,0,
APD,2003-03-31,2003-04-24,2003-04-24,True,alpha_vantage,-0.02,-3.7736,0,1,0.02,0.332025,0.5,1.589838,-2.0787,92,0,
APD,2003-06-30,2003-07-28,2003-07-28,True,alpha_vantage,-0.01,-1.7857,0,1,0.01,-0.156825,0.5,0.882287,1.9879,95,0,
APD,2003-09-30,2003-10-28,2003-10-28,True,alpha_vantage,-0.01,-1.6949,0,1,0.01,-1.422925,0.25,0.659075,0.0908,92,0,
APD,2003-12-31,2004-01-21,2004-01-21,True,alpha_vantage,0.01,1.7544,1,0,0.01,-2.237275,0.0,-1.203725,3.4493,85,0,
APD,2004-03-31,2004-04-28,2004-04-28,True,alpha_vantage,0.01,1.6393,1,0,0.01,-1.37495,0.25,-0.521463,-0.1151,98,0,
APD,2004-06-30,2004-07-28,2004-07-28,True,alpha_vantage,0.04,5.9701,1,0,0.04,-0.021725,0.5,-0.089275,4.3308,91,0,
APD,2004-09-30,2004-10-27,2004-10-27,True,alpha_vantage,-0.01,-1.3514,0,1,0.01,1.917225,0.75,0.24715,-7.3215,91,0,
APD,2004-12-31,2005-01-26,2005-01-26,True,alpha_vantage,0.04,5.8824,1,0,0.04,2.0031,0.75,-0.117087,7.2338,91,0,
APD,2005-03-31,2005-04-27,2005-04-27,True,alpha_vantage,-0.01,-1.3158,0,1,0.01,3.0351,0.75,0.830075,-7.1982,91,0,
APD,2005-06-30,2005-07-27,2005-07-27,True,alpha_vantage,0.01,1.2346,1,0,0.01,2.296325,0.5,1.1373,2.5504,91,0,
APD,2005-09-30,2005-10-26,2005-10-26,True,alpha_vantage,0.02,2.5974,1,0,0.02,1.11245,0.5,1.514838,1.3628,91,0,
APD,2005-12-31,2006-01-25,2006-01-25,True,alpha_vantage,0.02,2.5641,1,0,0.02,2.09965,0.75,2.051375,-0.0333,91,0,
APD,2006-03-31,2006-04-26,2006-04-26,True,alpha_vantage,0.02,2.2989,1,0,0.02,1.270075,0.75,2.152588,-0.2652,91,0,
APD,2006-06-30,2006-07-26,2006-07-26,True,alpha_vantage,0.01,1.0989,1,0,0.01,2.17375,1.0,2.235037,-1.2,91,0,
APD,2006-09-30,2006-10-25,2006-10-25,True,alpha_vantage,0.02,2.1739,1,0,0.02,2.139825,1.0,1.626138,1.075,91,0,
APD,2006-12-31,2007-01-24,2007-01-24,True,alpha_vantage,0.1,10.7527,1,0,0.1,2.03395,1.0,2.0668,8.5788,91,0,
APD,2007-03-31,2007-04-25,2007-04-25,True,alpha_vantage,0.01,0.9901,1,0,0.01,4.0811,1.0,2.675588,-9.7626,91,0,
APD,2007-06-30,2007-07-25,2007-07-25,True,alpha_vantage,0.1,9.434,1,0,0.1,3.7539,1.0,2.963825,8.4439,91,0,
APD,2007-09-30,2007-10-24,2007-10-24,True,alpha_vantage,0.02,1.7391,1,0,0.02,5.837675,1.0,3.98875,-7.6949,91,0,
APD,2007-12-31,2008-01-23,2008-01-23,True,alpha_vantage,0.03,2.6549,1,0,0.03,5.728975,1.0,3.881463,0.9158,91,0,
APD,2008-03-31,2008-04-23,2008-04-23,True,alpha_vantage,0.03,2.5,1,0,0.03,3.704525,1.0,3.892813,-0.1549,91,0,
APD,2008-06-30,2008-07-23,2008-07-23,True,alpha_vantage,0.01,0.7634,1,0,0.01,4.082,1.0,3.91795,-1.7366,91,0,
APD,2008-09-30,2008-10-22,2008-10-22,True,alpha_vantage,0.01,0.8,1,0,0.01,1.91435,1.0,3.876012,0.0366,91,0,
APD,2008-12-31,2009-01-21,2009-01-21,True,alpha_vantage,-0.01,-1.0204,0,1,0.01,1.679575,1.0,3.704275,-1.8204,91,0,
APD,2009-03-31,2009-04-22,2009-04-22,True,alpha_vantage,0.07,8.5366,1,0,0.07,0.76075,0.75,2.232638,9.557,91,0,
APD,2009-06-30,2009-07-22,2009-07-22,True,alpha_vantage,0.07,7.1429,1,0,0.07,2.2699,0.75,3.17595,-1.3937,91,0,
APD,2009-09-30,2009-10-21,2009-10-21,True,alpha_vantage,0.02,1.7857,1,0,0.02,3.864775,0.75,2.889562,-5.3572,91,0,
APD,2009-12-31,2010-01-22,2010-01-22,True,alpha_vantage,0.02,1.7544,1,0,0.02,4.1112,0.75,2.895388,-0.0313,93,0,
APD,2010-03-31,2010-04-22,2010-04-22,True,alpha_vantage,0.04,3.3613,1,0,0.04,4.8049,1.0,2.782825,1.6069,90,0,
APD,2010-06-30,2010-07-22,2010-07-22,True,alpha_vantage,0.01,0.7874,1,0,0.01,3.511075,1.0,2.890487,-2.5739,91,0,
APD,2010-09-30,2010-10-21,2010-10-21,True,alpha_vantage,0.03,2.2727,1,0,0.03,1.9222,1.0,2.893487,1.4853,91,0,
APD,2010-12-31,2011-01-21,2011-01-21,True,alpha_vantage,0.01,0.7463,1,0,0.01,2.04395,1.0,3.077575,-1.5264,92,0,
APD,2011-03-31,2011-04-21,2011-04-21,True,alpha_vantage,0.02,1.4388,1,0,0.02,1.791925,1.0,3.298412,0.6925,90,0,
APD,2011-06-30,2011-07-22,2011-07-22,True,alpha_vantage,0.01,0.6897,1,0,0.01,1.3113,1.0,2.411188,-0.7491,92,0,
APD,2011-09-30,2011-10-21,2011-10-21,True,alpha_vantage,0.0,0.0,0,0,0.0,1.286875,1.0,1.604537,-0.6897,91,0,
APD,2011-12-31,2012-01-24,2012-01-24,True,alpha_vantage,0.0,0.0,0,0,0.0,0.7187,0.75,1.381325,0.0,95,0,
APD,2012-03-31,2012-04-24,2012-04-24,True,alpha_vantage,0.04,2.963,1,0,0.04,0.532125,0.5,1.162025,2.963,91,0,
APD,2012-06-30,2012-07-24,2012-07-24,True,alpha_vantage,0.0,0.0,0,0,0.0,0.913175,0.5,1.112237,-2.963,91,0,
APD,2012-09-30,2012-10-19,2012-10-19,True,alpha_vantage,-0.01,-0.6993,0,1,0.01,0.74075,0.25,1.013813,-0.6993,87,0,
APD,2012-12-31,2013-01-23,2013-01-23,True,alpha_vantage,0.01,0.7752,1,0,0.01,0.565925,0.25,0.642313,1.4745,96,0,
APD,2013-03-31,2013-04-23,2013-04-23,True,alpha_vantage,0.0,0.0,0,0,0.0,0.759725,0.5,0.645925,-0.7752,90,0,
APD,2013-06-30,2013-07-23,2013-07-23,True,alpha_vantage,0.0,0.0,0,0,0.0,0.018975,0.25,0.466075,0.0,91,0,
APD,2013-09-30,2013-10-29,2013-10-29,True,alpha_vantage,0.0,0.0,0,0,0.0,0.018975,0.25,0.379862,0.0,98,0,
APD,2013-12-31,2014-01-28,2014-01-28,True,alpha_vantage,0.01,0.7519,1,0,0.01,0.1938,0.25,0.379862,0.7519,91,0,
APD,2014-03-31,2014-04-23,2014-04-23,True,alpha_vantage,-0.03,-2.2222,0,1,0.03,0.187975,0.25,0.47385,-2.9741,85,0,
APD,2014-06-30,2014-07-23,2014-07-23,True,alpha_vantage,0.01,0.6897,1,0,0.01,-0.367575,0.25,-0.1743,2.9119,91,0,
APD,2014-09-30,2014-10-30,2014-10-30,True,alpha_vantage,0.04,2.4691,1,0,0.04,-0.19515,0.5,-0.088087,1.7794,99,0,
APD,2014-12-31,2015-01-29,2015-01-29,True,alpha_vantage,0.06,4.0268,1,0,0.06,0.422125,0.75,0.307963,1.5577,91,0,
APD,2015-03-31,2015-04-30,2015-04-30,True,alpha_vantage,0.0,0.0,0,0,0.0,1.24085,0.75,0.714413,-4.0268,91,0,
APD,2015-06-30,2015-07-30,2015-07-30,True,alpha_vantage,0.07,4.4304,1,0,0.07,1.7964,0.75,0.714413,4.4304,91,0,
APD,2015-09-30,2015-10-29,2015-10-29,True,alpha_vantage,0.02,1.1111,1,0,0.02,2.731575,0.75,1.268212,-3.3193,91,0,
APD,2015-12-31,2016-01-29,2016-01-29,True,alpha_vantage,0.07,4.0936,1,0,0.07,2.392075,0.75,1.4071,2.9825,92,0,
APD,2016-03-31,2016-04-28,2016-04-28,True,alpha_vantage,0.01,0.5525,1,0,0.01,2.408775,0.75,1.824812,-3.5411,90,0,
APD,2016-06-30,2016-07-28,2016-07-28,True,alpha_vantage,0.02,1.0526,1,0,0.02,2.5469,1.0,2.17165,0.5001,91,0,
APD,2016-09-30,2016-10-27,2016-10-27,True,alpha_vantage,0.03,1.5152,1,0,0.03,1.70245,1.0,2.217013,0.4626,91,0,
APD,2016-12-31,2017-01-27,2017-01-27,True,alpha_vantage,-0.01,-0.6757,0,1,0.01,1.803475,1.0,2.097775,-2.1909,92,0,
APD,2017-03-31,2017-04-27,2017-04-27,True,alpha_vantage,0.05,3.6232,1,0,0.05,0.61115,0.75,1.509963,4.2989,90,0,
APD,2017-06-30,2017-08-01,2017-08-01,True,alpha_vantage,0.06,3.7736,1,0,0.06,1.378825,0.75,1.962862,0.1504,96,0,
APD,2017-09-30,2017-10-26,2017-10-26,True,alpha_vantage,0.08,4.7619,1,0,0.08,2.059075,0.75,1.880763,0.9883,86,0,
APD,2017-12-31,2018-01-26,2018-01-26,True,alpha_vantage,0.07,4.2169,1,0,0.07,2.87075,0.75,2.337112,-0.545,92,0,
APD,2018-03-31,2018-04-26,2018-04-26,True,alpha_vantage,0.03,1.7857,1,0,0.03,4.0939,1.0,2.352525,-2.4312,90,0,
APD,2018-06-30,2018-07-26,2018-07-26,True,alpha_vantage,0.11,5.9783,1,0,0.11,3.634525,1.0,2.506675,4.1926,91,0,
APD,2018-09-30,2018-11-06,2018-11-06,True,alpha_vantage,0.01,0.5025,1,0,0.01,4.1857,1.0,3.122387,-5.4758,103,0,
APD,2018-12-31,2019-01-25,2019-01-25,True,alpha_vantage,-0.01,-0.5348,0,1,0.01,3.12085,1.0,2.9958,-1.0373,80,0,
APD,2019-03-31,2019-04-24,2019-04-24,True,alpha_vantage,0.05,2.6738,1,0,0.05,1.932925,0.75,3.013412,3.2086,89,0,
APD,2019-06-30,2019-07-25,2019-07-25,True,alpha_vantage,0.04,1.8779,1,0,0.04,2.15495,0.75,2.894737,-0.7959,92,0,
APD,2019-09-30,2019-11-07,2019-11-07,True,alpha_vantage,-0.02,-0.8734,0,1,0.02,1.12985,0.75,2.657775,-2.7513,105,0,
APD,2019-12-31,2020-01-24,2020-01-24,True,alpha_vantage,0.06,2.8846,1,0,0.06,0.785875,0.5,1.953362,3.758,78,0,
APD,2020-03-31,2020-04-23,2020-04-23,True,alpha_vantage,-0.02,-0.9709,0,1,0.02,1.640725,0.75,1.786825,-3.8555,90,0,
APD,2020-06-30,2020-07-23,2020-07-23,True,alpha_vantage,0.03,1.5152,1,0,0.03,0.72955,0.5,1.44225,2.4861,91,0,
APD,2020-09-30,2020-11-11,2020-11-11,True,alpha_vantage,-0.02,-0.905,0,1,0.02,0.638875,0.5,0.884362,-2.4202,111,0,
APD,2020-12-31,2021-02-04,2021-02-04,True,alpha_vantage,-0.08,-3.6364,0,1,0.08,0.630975,0.5,0.708425,-2.7314,85,0,
APD,2021-03-31,2021-05-10,2021-05-10,True,alpha_vantage,-0.03,-1.4218,0,1,0.03,-0.999275,0.25,0.320725,2.2146,95,0,
APD,2021-06-30,2021-08-09,2021-08-09,True,alpha_vantage,-0.07,-2.9412,0,1,0.07,-1.112,0.25,-0.191225,-1.5194,91,0,
APD,2021-09-30,2021-11-04,2021-11-04,True,alpha_vantage,0.02,0.8032,1,0,0.02,-2.2261,0.0,-0.793612,3.7444,87,0,
APD,2021-12-31,2022-02-04,2022-02-04,True,alpha_vantage,0.02,0.8,1,0,0.02,-1.79905,0.25,-0.584037,-0.0032,92,0,
APD,2022-03-31,2022-05-05,2022-05-05,True,alpha_vantage,0.01,0.4219,1,0,0.01,-0.68995,0.5,-0.844612,-0.3781,90,0,
APD,2022-06-30,2022-08-04,2022-08-04,True,alpha_vantage,0.01,0.3831,1,0,0.01,-0.229025,0.75,-0.670512,-0.0388,91,0,
APD,2022-09-30,2022-11-03,2022-11-03,True,alpha_vantage,0.13,4.7101,1,0,0.13,0.60205,1.0,-0.812025,4.327,91,0,
APD,2022-12-31,2023-02-02,2023-02-02,True,alpha_vantage,-0.06,-2.2222,0,1,0.06,1.578775,1.0,-0.110137,-6.9323,91,0,
APD,2023-03-31,2023-05-09,2023-05-09,True,alpha_vantage,0.08,3.0075,1,0,0.08,0.823225,0.75,0.066638,5.2297,96,0,
APD,2023-06-30,2023-08-03,2023-08-03,True,alpha_vantage,0.07,2.4055,1,0,0.07,1.469625,0.75,0.6203,-0.602,86,0,
APD,2023-09-30,2023-11-07,2023-11-07,True,alpha_vantage,0.04,1.2862,1,0,0.04,1.975225,0.75,1.288637,-1.1193,96,0,
APD,2023-12-31,2024-02-05,2024-02-05,True,alpha_vantage,-0.18,-6.0,0,1,0.18,1.11925,0.75,1.349012,-7.2862,90,0,
APD,2024-03-31,2024-04-30,2024-04-30,True,alpha_vantage,0.15,5.5556,1,0,0.15,0.1748,0.75,0.499012,11.5556,85,0,
APD,2024-06-30,2024-08-01,2024-08-01,True,alpha_vantage,0.16,5.2632,1,0,0.16,0.811825,0.75,1.140725,-0.2924,93,0,
APD,2024-09-30,2024-11-07,2024-11-07,True,alpha_vantage,0.09,2.5937,1,0,0.09,1.52625,0.75,1.750738,-2.6695,98,0,
APD,2024-12-31,2025-02-06,2025-02-06,True,alpha_vantage,0.02,0.7042,1,0,0.02,1.853125,0.75,1.486187,-1.8895,91,0,
APD,2025-03-31,2025-05-01,2025-05-01,True,alpha_vantage,-0.14,-4.947,0,1,0.14,3.529175,1.0,1.851988,-5.6512,84,0,
APD,2025-06-30,2025-07-31,2025-07-31,True,alpha_vantage,0.1,3.3445,1,0,0.1,0.903525,0.75,0.857675,8.2915,91,0,
APD,2025-09-30,2025-11-06,2025-11-06,True,alpha_vantage,0.01,0.2959,1,0,0.01,0.42385,0.75,0.97505,-3.0486,98,0,
APD,2025-12-31,2026-01-30,2026-01-30,True,alpha_vantage,0.12,3.9474,1,0,0.12,-0.1506,0.75,0.851263,3.6515,85,0,
APD,2026-03-31,2026-04-30,2026-04-30,True,alpha_vantage,0.14,4.5752,1,0,0.14,0.6602,0.75,2.094688,0.6278,90,0,
APH,1996-03-31,1996-04-17,1996-04-17,True,alpha_vantage,0.0,0.0,0,0,0.0,,,,,,0,
APH,1996-06-30,1996-07-17,1996-07-17,True,alpha_vantage,0.0,0.0,0,0,0.0,0.0,0.0,0.0,0.0,91,0,
APH,1996-09-30,1996-10-16,1996-10-16,True,alpha_vantage,0.0,0.0,0,0,0.0,0.0,0.0,0.0,0.0,91,0,
APH,1996-12-31,1997-01-15,1997-01-15,True,alpha_vantage,0.0,0.0,0,0,0.0,0.0,0.0,0.0,0.0,91,0,
APH,1997-03-31,1997-04-16,1997-04-16,True,alpha_vantage,-0.01,-33.3333,0,1,0.01,0.0,0.0,0.0,-33.3333,91,0,
APH,1997-09-30,1997-10-15,1997-10-15,True,alpha_vantage,0.0,0.0,0,0,0.0,-8.333325,0.0,-6.66666,33.3333,182,0,
APH,1997-12-31,1998-01-14,1998-01-14,True,alpha_vantage,0.0,0.0,0,0,0.0,-8.333325,0.0,-5.55555,0.0,91,0,
APH,1998-03-31,1998-04-15,1998-04-15,True,alpha_vantage,0.0,0.0,0,0,0.0,-8.333325,0.0,-4.7619,0.0,91,0,
APH,1998-06-30,1998-07-15,1998-07-15,True,alpha_vantage,0.0,0.0,0,0,0.0,-8.333325,0.0,-4.166663,0.0,91,0,
APH,1998-09-30,1998-10-14,1998-10-14,True,alpha_vantage,0.0,0.0,0,0,0.0,0.0,0.0,-4.166663,0.0,91,0,
APH,1998-12-31,1999-01-21,1999-01-21,True,alpha_vantage,0.0,0.0,0,0,0.0,0.0,0.0,-4.166663,0.0,99,0,
APH,1999-03-31,1999-04-15,1999-04-15,True,alpha_vantage,0.0,0.0,0,0,0.0,0.0,0.0,-4.166663,0.0,84,0,
APH,1999-06-30,1999-07-15,1999-07-15,True,alpha_vantage,0.01,33.3333,1,0,0.01,0.0,0.0,-4.166663,33.3333,91,0,
APH,1999-09-30,1999-10-14,1999-10-14,True,alpha_vantage,0.0,0.0,0,0,0.0,8.333325,0.25,4.166663,-33.3333,91,0,
APH,1999-12-31,2000-01-19,2000-01-19,True,alpha_vantage,0.01,25.0,1,0,0.01,8.333325,0.25,4.166663,25.0,97,0,
APH,2000-03-31,2000-04-19,2000-04-19,True,alpha_vantage,0.0,0.0,0,0,0.0,14.583325,0.5,7.291663,-25.0,91,0,
APH,2000-06-30,2000-07-19,2000-07-19,True,alpha_vantage,0.0,0.0,0,0,0.0,14.583325,0.5,7.291663,0.0,91,0,
APH,2000-09-30,2000-10-18,2000-10-18,True,alpha_vantage,0.0,0.0,0,0,0.0,6.25,0.25,7.291663,0.0,91,0,
APH,2000-12-31,2001-01-17,2001-01-17,True,alpha_vantage,0.0,0.0,0,0,0.0,6.25,0.25,7.291663,0.0,91,0,
APH,2001-03-31,2001-04-18,2001-04-18,True,alpha_vantage,0.0,0.0,0,0,0.0,0.0,0.0,7.291663,0.0,91,0,
APH,2001-06-30,2001-07-18,2001-07-18,True,alpha_vantage,0.0,0.0,0,0,0.0,0.0,0.0,7.291663,0.0,91,0,
APH,2001-09-30,2001-10-17,2001-10-17,True,alpha_vantage,-0.01,-33.3333,0,1,0.01,0.0,0.0,3.125,-33.3333,91,0,
APH,2001-12-31,2002-01-16,2002-01-16,True,alpha_vantage,-0.01,-33.3333,0,1,0.01,-8.333325,0.0,-1.041663,0.0,91,0,
APH,2002-03-31,2002-04-17,2002-04-17,True,alpha_vantage,0.02,100.0,1,0,0.02,-16.66665,0.0,-8.333325,133.3333,91,0,
APH,2002-06-30,2002-07-17,2002-07-17,True,alpha_vantage,0.0,0.0,0,0,0.0,8.33335,0.25,4.166675,-100.0,91,0,
APH,2002-09-30,2002-10-16,2002-10-16,True,alpha_vantage,0.0,0.0,0,0,0.0,8.33335,0.25,4.166675,0.0,91,0,
APH,2002-12-31,2003-01-15,2003-01-15,True,alpha_vantage,0.0,0.0,0,0,0.0,16.666675,0.25,4.166675,0.0,91,0,
APH,2003-03-31,2003-04-16,2003-04-16,True,alpha_vantage,0.0,0.0,0,0,0.0,25.0,0.25,4.166675,0.0,91,0,
APH,2003-06-30,2003-07-16,2003-07-16,True,alpha_vantage,0.0,0.0,0,0,0.0,0.0,0.0,4.166675,0.0,91,0,
APH,2003-09-30,2003-10-15,2003-10-15,True,alpha_vantage,0.0,0.0,0,0,0.0,0.0,0.0,4.166675,0.0,91,0,
APH,2003-12-31,2004-01-21,2004-01-21,True,alpha_vantage,0.0,0.0,0,0,0.0,0.0,0.0,8.333337,0.0,98,0,
APH,2004-03-31,2004-04-21,2004-04-21,True,alpha_vantage,0.01,50.0,1,0,0.01,0.0,0.0,12.5,50.0,91,0,
APH,2004-06-30,2004-07-21,2004-07-21,True,alpha_vantage,0.0,0.0,0,0,0.0,12.5,0.25,6.25,-50.0,91,0,
APH,2004-09-30,2004-10-20,2004-10-20,True,alpha_vantage,0.0,0.0,0,0,0.0,12.5,0.25,6.25,0.0,91,0,
APH,2004-12-31,2005-01-19,2005-01-19,True,alpha_vantage,0.0,0.0,0,0,0.0,12.5,0.25,6.25,0.0,91,0,
APH,2005-03-31,2005-04-20,2005-04-20,True,alpha_vantage,0.0,0.0,0,0,0.0,12.5,0.25,6.25,0.0,91,0,
APH,2005-06-30,2005-07-20,2005-07-20,True,alpha_vantage,0.0,0.0,0,0,0.0,0.0,0.0,6.25,0.0,91,0,
APH,2005-09-30,2005-10-19,2005-10-19,True,alpha_vantage,0.0,0.0,0,0,0.0,0.0,0.0,6.25,0.0,91,0,
APH,2005-12-31,2006-01-18,2006-01-18,True,alpha_vantage,0.0,0.0,0,0,0.0,0.0,0.0,6.25,0.0,91,0,
APH,2006-03-31,2006-04-19,2006-04-19,True,alpha_vantage,0.0,0.0,0,0,0.0,0.0,0.0,6.25,0.0,91,0,
APH,2006-06-30,2006-07-19,2006-07-19,True,alpha_vantage,0.0,0.0,0,0,0.0,0.0,0.0,0.0,0.0,91,0,
APH,2006-09-30,2006-10-18,2006-10-18,True,alpha_vantage,0.01,25.0,1,0,0.01,0.0,0.0,0.0,25.0,91,0,
APH,2006-12-31,2007-01-17,2007-01-17,True,alpha_vantage,0.0,0.0,0,0,0.0,6.25,0.25,3.125,-25.0,91,0,
APH,2007-03-31,2007-04-18,2007-04-18,True,alpha_vantage,-0.02,-28.5714,0,1,0.02,6.25,0.25,3.125,-28.5714,91,0,
APH,2007-06-30,2007-07-18,2007-07-18,True,alpha_vantage,0.0,0.0,0,0,0.0,-0.89285,0.25,-0.446425,28.5714,91,0,
APH,2007-09-30,2007-10-17,2007-10-17,True,alpha_vantage,0.0,0.0,0,0,0.0,-0.89285,0.25,-0.446425,0.0,91,0,
APH,2007-12-31,2008-01-17,2008-01-17,True,alpha_vantage,0.01,16.6667,1,0,0.01,-7.14285,0.0,-0.446425,16.6667,92,0,
APH,2008-03-31,2008-04-17,2008-04-17,True,alpha_vantage,0.01,16.6667,1,0,0.01,-2.976175,0.25,1.636912,0.0,91,0,
APH,2008-06-30,2008-07-17,2008-07-17,True,alpha_vantage,0.01,14.2857,1,0,0.01,8.33335,0.5,3.72025,-2.381,91,0,
APH,2008-09-30,2008-10-16,2008-10-16,True,alpha_vantage,0.0,0.0,0,0,0.0,11.904775,0.75,5.505962,-14.2857,91,0,
APH,2008-12-31,2009-01-15,2009-01-15,True,alpha_vantage,0.01,16.6667,1,0,0.01,11.904775,0.75,2.380962,16.6667,91,0,
APH,2009-03-31,2009-04-16,2009-04-16,True,alpha_vantage,0.0,0.0,0,0,0.0,11.904775,0.75,4.4643,-16.6667,91,0,
APH,2009-06-30,2009-07-16,2009-07-16,True,alpha_vantage,0.0,0.0,0,0,0.0,7.7381,0.5,8.035725,0.0,91,0,
APH,2009-09-30,2009-10-15,2009-10-15,True,alpha_vantage,0.01,20.0,1,0,0.01,4.166675,0.25,8.035725,20.0,91,0,
APH,2009-12-31,2010-01-21,2010-01-21,True,alpha_vantage,0.01,8.3333,1,0,0.01,9.166675,0.5,10.535725,-11.6667,98,0,
APH,2010-03-31,2010-04-20,2010-04-20,True,alpha_vantage,0.01,16.6667,1,0,0.01,7.083325,0.5,9.49405,8.3334,89,0,
APH,2010-06-30,2010-07-21,2010-07-21,True,alpha_vantage,0.01,12.5,1,0,0.01,11.25,0.75,9.49405,-4.1667,92,0,
APH,2010-09-30,2010-10-20,2010-10-20,True,alpha_vantage,0.0,0.0,0,0,0.0,14.375,1.0,9.270837,-12.5,91,0,
APH,2010-12-31,2011-01-19,2011-01-19,True,alpha_vantage,0.0,0.0,0,0,0.0,9.375,0.75,9.270837,0.0,91,0,
APH,2011-03-31,2011-04-20,2011-04-20,True,alpha_vantage,0.0,0.0,0,0,0.0,7.291675,0.5,7.1875,0.0,91,0,
APH,2011-06-30,2011-07-20,2011-07-20,True,alpha_vantage,0.0,0.0,0,0,0.0,3.125,0.25,7.1875,0.0,91,0,
APH,2011-09-30,2011-10-19,2011-10-19,True,alpha_vantage,0.0,0.0,0,0,0.0,0.0,0.0,7.1875,0.0,91,0,
APH,2011-12-31,2012-01-18,2012-01-18,True,alpha_vantage,0.0,0.0,0,0,0.0,0.0,0.0,4.6875,0.0,91,0,
APH,2012-03-31,2012-04-18,2012-04-18,True,alpha_vantage,0.01,11.1111,1,0,0.01,0.0,0.0,3.645837,11.1111,91,0,
APH,2012-06-30,2012-07-18,2012-07-18,True,alpha_vantage,0.01,10.0,1,0,0.01,2.777775,0.25,2.951388,-1.1111,91,0,
APH,2012-09-30,2012-10-17,2012-10-17,True,alpha_vantage,0.0,0.0,0,0,0.0,5.277775,0.5,2.638888,-10.0,91,0,
APH,2012-12-31,2013-01-17,2013-01-17,True,alpha_vantage,0.01,9.0909,1,0,0.01,5.277775,0.5,2.638888,9.0909,92,0,
APH,2013-03-31,2013-04-18,2013-04-18,True,alpha_vantage,0.0,0.0,0,0,0.0,7.5505,0.75,3.77525,-9.0909,91,0,
APH,2013-06-30,2013-07-18,2013-07-18,True,alpha_vantage,0.0,0.0,0,0,0.0,4.772725,0.5,3.77525,0.0,91,0,
APH,2013-09-30,2013-10-17,2013-10-17,True,alpha_vantage,0.0,0.0,0,0,0.0,2.272725,0.25,3.77525,0.0,91,0,
APH,2013-12-31,2014-01-22,2014-01-22,True,alpha_vantage,0.01,8.3333,1,0,0.01,2.272725,0.25,3.77525,8.3333,97,0,
APH,2014-03-31,2014-04-23,2014-04-23,True,alpha_vantage,0.0,0.0,0,0,0.0,2.083325,0.25,4.816912,-8.3333,91,0,
APH,2014-06-30,2014-07-23,2014-07-23,True,alpha_vantage,0.01,7.6923,1,0,0.01,2.083325,0.25,3.428025,7.6923,91,0,
APH,2014-09-30,2014-10-22,2014-10-22,True,alpha_vantage,0.0,0.0,0,0,0.0,4.0064,0.5,3.139562,-7.6923,91,0,
APH,2014-12-31,2015-01-21,2015-01-21,True,alpha_vantage,0.01,6.6667,1,0,0.01,4.0064,0.5,3.139562,6.6667,91,0,
APH,2015-03-31,2015-04-22,2015-04-22,True,alpha_vantage,0.0,0.0,0,0,0.0,3.58975,0.5,2.836537,-6.6667,91,0,
APH,2015-06-30,2015-07-22,2015-07-22,True,alpha_vantage,0.0,0.0,0,0,0.0,3.58975,0.5,2.836537,0.0,91,0,
APH,2015-09-30,2015-10-21,2015-10-21,True,alpha_vantage,0.0,0.0,0,0,0.0,1.666675,0.25,2.836537,0.0,91,0,
APH,2015-12-31,2016-01-20,2016-01-20,True,alpha_vantage,0.01,6.6667,1,0,0.01,1.666675,0.25,2.836537,6.6667,91,0,
APH,2016-03-31,2016-04-20,2016-04-20,True,alpha_vantage,0.01,7.1429,1,0,0.01,1.666675,0.25,2.628213,0.4762,91,0,
APH,2016-06-30,2016-07-20,2016-07-20,True,alpha_vantage,0.0,0.0,0,0,0.0,3.4524,0.5,3.521075,-7.1429,91,0,
APH,2016-09-30,2016-10-19,2016-10-19,True,alpha_vantage,0.01,5.8824,1,0,0.01,3.4524,0.5,2.559537,5.8824,91,0,
APH,2016-12-31,2017-01-25,2017-01-25,True,alpha_vantage,0.01,5.5556,1,0,0.01,4.923,0.75,3.294837,-0.3268,98,0,
APH,2017-03-31,2017-04-26,2017-04-26,True,alpha_vantage,0.01,5.8824,1,0,0.01,4.645225,0.75,3.15595,0.3268,91,0,
APH,2017-06-30,2017-07-26,2017-07-26,True,alpha_vantage,0.02,11.1111,1,0,0.02,4.3301,0.75,3.89125,5.2287,91,0,
APH,2017-09-30,2017-10-25,2017-10-25,True,alpha_vantage,0.02,10.0,1,0,0.02,7.107875,1.0,5.280138,-1.1111,91,0,
APH,2017-12-31,2018-01-24,2018-01-24,True,alpha_vantage,0.02,10.0,1,0,0.02,8.137275,1.0,6.530138,0.0,91,0,
APH,2018-03-31,2018-04-25,2018-04-25,True,alpha_vantage,0.01,5.0,1,0,0.01,9.248375,1.0,6.9468,-5.0,91,0,
APH,2018-06-30,2018-07-25,2018-07-25,True,alpha_vantage,0.02,9.5238,1,0,0.02,9.027775,1.0,6.678937,4.5238,91,0,
APH,2018-09-30,2018-10-24,2018-10-24,True,alpha_vantage,0.02,8.6957,1,0,0.02,8.63095,1.0,7.869413,-0.8281,91,0,
APH,2018-12-31,2019-01-23,2019-01-23,True,alpha_vantage,0.02,8.3333,1,0,0.02,8.304875,1.0,8.221075,-0.3624,91,0,
APH,2019-03-31,2019-04-24,2019-04-24,True,alpha_vantage,0.0,0.0,0,0,0.0,7.8882,1.0,8.568288,-8.3333,91,0,
APH,2019-06-30,2019-07-24,2019-07-24,True,alpha_vantage,0.0,0.0,0,0,0.0,6.6382,0.75,7.832987,0.0,91,0,
APH,2019-09-30,2019-10-23,2019-10-23,True,alpha_vantage,0.02,9.0909,1,0,0.02,4.25725,0.5,6.4441,9.0909,91,0,
APH,2019-12-31,2020-01-22,2020-01-22,True,alpha_vantage,0.02,8.6957,1,0,0.02,4.35605,0.5,6.330462,-0.3952,91,0,
APH,2020-03-31,2020-04-22,2020-04-22,True,alpha_vantage,0.0,0.0,0,0,0.0,4.44665,0.5,6.167425,-8.6957,91,0,
APH,2020-06-30,2020-07-22,2020-07-22,True,alpha_vantage,0.04,25.0,1,0,0.04,4.44665,0.5,5.542425,25.0,91,0,
APH,2020-09-30,2020-10-21,2020-10-21,True,alpha_vantage,0.05,22.7273,1,0,0.05,10.69665,0.75,7.47695,-2.2727,91,0,
APH,2020-12-31,2021-01-27,2021-01-27,True,alpha_vantage,0.02,7.6923,1,0,0.02,14.10575,0.75,9.2309,-15.035,98,0,
APH,2021-03-31,2021-04-28,2021-04-28,True,alpha_vantage,0.03,13.0435,1,0,0.03,13.8549,0.75,9.150775,5.3512,91,0,
APH,2021-06-30,2021-07-28,2021-07-28,True,alpha_vantage,0.04,14.8148,1,0,0.04,17.115775,1.0,10.781213,1.7713,91,0,
APH,2021-09-30,2021-10-27,2021-10-27,True,alpha_vantage,0.02,6.4516,1,0,0.02,14.569475,1.0,12.633062,-8.3632,91,0,
APH,2021-12-31,2022-01-26,2022-01-26,True,alpha_vantage,0.04,12.9032,1,0,0.04,10.50055,1.0,12.30315,6.4516,91,0,
APH,2022-03-31,2022-04-27,2022-04-27,True,alpha_vantage,0.03,9.6774,1,0,0.03,11.803275,1.0,12.829087,-3.2258,91,0,
APH,2022-06-30,2022-07-27,2022-07-27,True,alpha_vantage,0.04,11.7647,1,0,0.04,10.96175,1.0,14.038763,2.0873,91,0,
APH,2022-09-30,2022-10-26,2022-10-26,True,alpha_vantage,0.03,8.1081,1,0,0.03,10.199225,1.0,12.38435,-3.6566,91,0,
APH,2022-12-31,2023-01-25,2023-01-25,True,alpha_vantage,0.02,5.4054,1,0,0.02,10.61335,1.0,10.55695,-2.7027,91,0,
APH,2023-03-31,2023-04-26,2023-04-26,True,alpha_vantage,0.01,2.9412,1,0,0.01,8.7389,1.0,10.271088,-2.4642,91,0,
APH,2023-06-30,2023-07-26,2023-07-26,True,alpha_vantage,0.02,5.8824,1,0,0.02,7.05485,1.0,9.0083,2.9412,91,0,
APH,2023-09-30,2023-10-25,2023-10-25,True,alpha_vantage,0.02,5.4054,1,0,0.02,5.584275,1.0,7.89175,-0.477,91,0,
APH,2023-12-31,2024-01-24,2024-01-24,True,alpha_vantage,0.03,7.8947,1,0,0.03,4.9086,1.0,7.760975,2.4893,91,0,
APH,2024-03-31,2024-04-24,2024-04-24,True,alpha_vantage,0.03,8.1081,1,0,0.03,5.530925,1.0,7.134913,0.2134,91,0,
APH,2024-06-30,2024-07-24,2024-07-24,True,alpha_vantage,0.03,7.3171,1,0,0.03,6.82265,1.0,6.93875,-0.791,91,0,
APH,2024-09-30,2024-10-23,2024-10-23,True,alpha_vantage,0.05,11.1111,1,0,0.05,7.181325,1.0,6.3828,3.794,91,0,
APH,2024-12-31,2025-01-22,2025-01-22,True,alpha_vantage,0.05,10.0,1,0,0.05,8.60775,1.0,6.758175,-1.1111,91,0,
APH,2025-03-31,2025-04-23,2025-04-23,True,alpha_vantage,0.11,21.1538,1,0,0.11,9.134075,1.0,7.3325,11.1538,91,0,
APH,2025-06-30,2025-07-23,2025-07-23,True,alpha_vantage,0.19,28.3582,1,0,0.19,12.3955,1.0,9.609075,7.2044,91,0,
APH,2025-09-30,2025-10-22,2025-10-22,True,alpha_vantage,0.13,16.25,1,0,0.13,17.655775,1.0,12.41855,-12.1082,91,0,
APH,2025-12-31,2026-01-28,2026-01-28,True,alpha_vantage,0.03,3.1915,1,0,0.03,18.9405,1.0,13.774125,-13.0585,98,0,
APH,2026-03-31,2026-04-29,2026-04-29,True,alpha_vantage,0.11,11.5789,1,0,0.11,17.238375,1.0,13.186225,8.3874,91,0,
AVGO,2009-07-31,2009-09-04,2009-09-04,True,alpha_vantage,0.0,,0,0,0.0,,,,,,0,
AVGO,2009-10-31,2009-12-03,2009-12-03,True,alpha_vantage,0.004,16.6667,1,0,0.004,,,,,90,0,
AVGO,2010-01-31,2010-02-24,2010-02-24,True,alpha_vantage,0.004,13.3333,1,0,0.004,16.6667,1.0,16.6667,-3.3334,83,0,
AVGO,2010-04-30,2010-05-26,2010-05-26,True,alpha_vantage,0.002,4.6512,1,0,0.002,15.0,1.0,15.0,-8.6821,91,0,
AVGO,2010-07-31,2010-08-24,2010-08-24,True,alpha_vantage,0.005,9.434,1,0,0.005,11.5504,1.0,11.5504,4.7828,90,0,
AVGO,2010-10-31,2010-12-02,2010-12-02,True,alpha_vantage,0.0,0.0,0,0,0.0,11.0213,1.0,11.0213,-9.434,100,0,
AVGO,2011-01-31,2011-02-23,2011-02-23,True,alpha_vantage,0.005,8.7719,1,0,0.005,6.854625,0.75,8.81704,8.7719,83,0,
AVGO,2011-04-30,2011-05-24,2011-05-24,True,alpha_vantage,0.0,0.0,0,0,0.0,5.714275,0.75,8.809517,-8.7719,90,0,
AVGO,2011-07-31,2011-08-23,2011-08-23,True,alpha_vantage,0.001,1.5873,1,0,0.001,4.551475,0.5,7.551014,1.5873,91,0,
AVGO,2011-10-31,2011-12-01,2011-12-01,True,alpha_vantage,0.002,2.9851,1,0,0.002,2.5898,0.5,6.80555,1.3978,100,0,
AVGO,2012-01-31,2012-02-22,2012-02-22,True,alpha_vantage,0.001,1.7857,1,0,0.001,3.336075,0.75,5.09535,-1.1994,83,0,
AVGO,2012-04-30,2012-05-22,2012-05-22,True,alpha_vantage,0.002,3.3898,1,0,0.002,1.589525,0.75,3.6519,1.6041,90,0,
AVGO,2012-07-31,2012-08-16,2012-08-16,True,alpha_vantage,0.003,4.7619,1,0,0.003,2.436975,1.0,3.494225,1.3721,86,0,
AVGO,2012-10-31,2012-11-29,2012-11-29,True,alpha_vantage,0.004,5.9701,1,0,0.004,3.230625,1.0,2.910213,1.2082,105,0,
AVGO,2013-01-31,2013-02-26,2013-02-26,True,alpha_vantage,0.003,5.4545,1,0,0.003,3.976875,1.0,3.656475,-0.5156,89,0,
AVGO,2013-04-30,2013-05-29,2013-05-29,True,alpha_vantage,0.002,3.8462,1,0,0.002,4.894075,1.0,3.2418,-1.6083,92,0,
AVGO,2013-07-31,2013-08-27,2013-08-27,True,alpha_vantage,0.004,6.3492,1,0,0.004,5.008175,1.0,3.722575,2.503,90,0,
AVGO,2013-10-31,2013-12-04,2013-12-04,True,alpha_vantage,0.007,8.5366,1,0,0.007,5.405,1.0,4.317813,2.1874,99,0,
AVGO,2014-01-31,2014-02-25,2014-02-25,True,alpha_vantage,0.006,7.6923,1,0,0.006,6.046625,1.0,5.01175,-0.8443,83,0,
AVGO,2014-04-30,2014-05-29,2014-05-29,True,alpha_vantage,0.009,11.8421,1,0,0.009,6.606075,1.0,5.750075,4.1498,93,0,
AVGO,2014-07-31,2014-08-28,2014-08-28,True,alpha_vantage,0.021,20.0,1,0,0.021,8.60505,1.0,6.806612,8.1579,91,0,
AVGO,2014-10-31,2014-12-03,2014-12-03,True,alpha_vantage,0.03,17.7515,1,0,0.03,12.01775,1.0,8.711375,-2.2485,97,0,
AVGO,2015-01-31,2015-02-25,2015-02-25,True,alpha_vantage,0.015,7.732,1,0,0.015,14.321475,1.0,10.18405,-10.0195,84,0,
AVGO,2015-04-30,2015-05-28,2015-05-28,True,alpha_vantage,0.012,5.9701,1,0,0.012,14.3314,1.0,10.468737,-1.7619,92,0,
AVGO,2015-07-31,2015-08-26,2015-08-26,True,alpha_vantage,0.01,4.6729,1,0,0.01,12.8634,1.0,10.734225,-1.2972,90,0,
AVGO,2015-10-31,2015-12-02,2015-12-02,True,alpha_vantage,0.013,5.4622,1,0,0.013,9.031625,1.0,10.524688,0.7893,98,0,
AVGO,2016-01-31,2016-03-03,2016-03-03,True,alpha_vantage,0.011,4.7826,1,0,0.011,5.9593,1.0,10.140388,-0.6796,92,0,
AVGO,2016-04-30,2016-06-02,2016-06-02,True,alpha_vantage,0.015,6.3025,1,0,0.015,5.22195,1.0,9.776675,1.5199,91,0,
AVGO,2016-07-31,2016-09-01,2016-09-01,True,alpha_vantage,0.013,4.7101,1,0,0.013,5.30505,1.0,9.084225,-1.5924,91,0,
AVGO,2016-10-31,2016-12-08,2016-12-08,True,alpha_vantage,0.009,2.6627,1,0,0.009,5.31435,1.0,7.172988,-2.0474,98,0,
AVGO,2017-01-31,2017-03-01,2017-03-01,True,alpha_vantage,0.015,4.3103,1,0,0.015,4.614475,1.0,5.286888,1.6476,83,0,
AVGO,2017-04-30,2017-06-01,2017-06-01,True,alpha_vantage,0.019,5.4286,1,0,0.019,4.4964,1.0,4.859175,1.1183,92,0,
AVGO,2017-07-31,2017-08-24,2017-08-24,True,alpha_vantage,0.007,1.737,1,0,0.007,4.277925,1.0,4.791488,-3.6916,84,0,
AVGO,2017-10-31,2017-12-06,2017-12-06,True,alpha_vantage,0.007,1.5487,1,0,0.007,3.53465,1.0,4.4245,-0.1883,104,0,
AVGO,2018-01-31,2018-03-15,2018-03-15,True,alpha_vantage,0.007,1.3861,1,0,0.007,3.25615,1.0,3.935313,-0.1626,99,0,
AVGO,2018-04-30,2018-06-07,2018-06-07,True,alpha_vantage,0.012,2.521,1,0,0.012,2.5251,1.0,3.51075,1.1349,84,0,
AVGO,2018-07-31,2018-09-06,2018-09-06,True,alpha_vantage,0.015,3.1056,1,0,0.015,1.7982,1.0,3.038063,0.5846,91,0,
AVGO,2018-10-31,2018-12-06,2018-12-06,True,alpha_vantage,0.027,4.8387,1,0,0.027,2.14035,1.0,2.8375,1.7331,91,0,
AVGO,2019-01-31,2019-03-14,2019-03-14,True,alpha_vantage,0.032,6.1185,1,0,0.032,2.96285,1.0,3.1095,1.2798,98,0,
AVGO,2019-04-30,2019-06-13,2019-06-13,True,alpha_vantage,0.005,0.969,1,0,0.005,4.14595,1.0,3.335525,-5.1495,91,0,
AVGO,2019-07-31,2019-09-12,2019-09-12,True,alpha_vantage,0.003,0.5848,1,0,0.003,3.75795,1.0,2.778075,-0.3842,91,0,
AVGO,2019-10-31,2019-12-12,2019-12-12,True,alpha_vantage,0.004,0.7477,1,0,0.004,3.12775,1.0,2.63405,0.1629,91,0,
AVGO,2020-01-31,2020-03-12,2020-03-12,True,alpha_vantage,-0.008,-1.5009,0,1,0.008,2.105,1.0,2.533925,-2.2486,91,0,
AVGO,2020-04-30,2020-06-04,2020-06-04,True,alpha_vantage,0.0,0.0,0,0,0.0,0.20015,0.75,2.17305,1.5009,84,0,
AVGO,2020-07-31,2020-09-03,2020-09-03,True,alpha_vantage,0.016,3.0534,1,0,0.016,-0.0421,0.5,1.857925,3.0534,91,0,
AVGO,2020-10-31,2020-12-10,2020-12-10,True,alpha_vantage,0.01,1.6,1,0,0.01,0.57505,0.5,1.8514,-1.4534,98,0,
AVGO,2021-01-31,2021-03-04,2021-03-04,True,alpha_vantage,0.005,0.7622,1,0,0.005,0.788125,0.5,1.446562,-0.8378,84,0,
AVGO,2021-04-30,2021-06-03,2021-06-03,True,alpha_vantage,0.019,2.9549,1,0,0.019,1.3539,0.75,0.777025,2.1927,91,0,
AVGO,2021-07-31,2021-09-02,2021-09-02,True,alpha_vantage,0.008,1.1628,1,0,0.008,2.092625,1.0,1.025262,-1.7921,91,0,
AVGO,2021-10-31,2021-12-09,2021-12-09,True,alpha_vantage,0.007,0.9044,1,0,0.007,1.619975,1.0,1.097513,-0.2584,98,0,
AVGO,2022-01-31,2022-03-03,2022-03-03,True,alpha_vantage,0.031,3.8366,1,0,0.031,1.446075,1.0,1.1171,2.9322,84,0,
AVGO,2022-04-30,2022-05-26,2022-05-26,True,alpha_vantage,0.036,4.1332,1,0,0.036,2.214675,1.0,1.784288,0.2966,84,0,
AVGO,2022-07-31,2022-09-01,2022-09-01,True,alpha_vantage,0.017,1.7782,1,0,0.017,2.50925,1.0,2.300937,-2.355,98,0,
AVGO,2022-10-31,2022-12-08,2022-12-08,True,alpha_vantage,0.017,1.6537,1,0,0.017,2.6631,1.0,2.141538,-0.1245,98,0,
AVGO,2023-01-31,2023-03-02,2023-03-02,True,alpha_vantage,0.023,2.2772,1,0,0.023,2.850425,1.0,2.14825,0.6235,84,0,
AVGO,2023-04-30,2023-06-01,2023-06-01,True,alpha_vantage,0.024,2.381,1,0,0.024,2.460575,1.0,2.337625,0.1038,91,0,
AVGO,2023-07-31,2023-08-31,2023-08-31,True,alpha_vantage,0.012,1.1516,1,0,0.012,2.022525,1.0,2.265887,-1.2294,91,0,
AVGO,2023-10-31,2023-12-07,2023-12-07,True,alpha_vantage,0.008,0.7286,1,0,0.008,1.865875,1.0,2.264487,-0.423,98,0,
AVGO,2024-01-31,2024-03-07,2024-03-07,True,alpha_vantage,0.07,6.8027,1,0,0.07,1.6346,1.0,2.242513,6.0741,91,0,
AVGO,2024-04-30,2024-06-12,2024-06-12,True,alpha_vantage,0.012,1.107,1,0,0.012,2.765975,1.0,2.613275,-5.6957,97,0,
AVGO,2024-07-31,2024-09-05,2024-09-05,True,alpha_vantage,0.03,2.4793,1,0,0.03,2.447475,1.0,2.235,1.3723,85,0,
AVGO,2024-10-31,2024-12-12,2024-12-12,True,alpha_vantage,0.03,2.1583,1,0,0.03,2.7794,1.0,2.322637,-0.321,98,0,
AVGO,2025-01-31,2025-03-06,2025-03-06,True,alpha_vantage,0.09,5.9603,1,0,0.09,3.136825,1.0,2.385712,3.802,84,0,
AVGO,2025-04-30,2025-06-05,2025-06-05,True,alpha_vantage,0.01,0.6369,1,0,0.01,2.926225,1.0,2.8461,-5.3234,91,0,
AVGO,2025-07-31,2025-09-04,2025-09-04,True,alpha_vantage,0.03,1.8072,1,0,0.03,2.8087,1.0,2.628087,1.1703,91,0,
AVGO,2025-10-31,2025-12-11,2025-12-11,True,alpha_vantage,0.08,4.2781,1,0,0.08,2.640675,1.0,2.710037,2.4709,98,0,
AVGO,2026-01-31,2026-03-04,2026-03-04,True,alpha_vantage,0.03,1.4851,1,0,0.03,3.170625,1.0,3.153725,-2.793,83,0,
AVGO,2026-04-30,2026-06-03,2026-06-03,True,alpha_vantage,0.05,2.0921,1,0,0.05,2.051825,1.0,2.489025,0.607,91,0,
AXP,1996-03-31,1996-04-18,1996-04-18,True,alpha_vantage,0.0,0.0,0,0,0.0,,,,,,0,
AXP,1996-06-30,1996-07-22,1996-07-22,True,alpha_vantage,0.0,0.0,0,0,0.0,0.0,0.0,0.0,0.0,95,0,
AXP,1996-09-30,1996-10-28,1996-10-28,True,alpha_vantage,0.0,0.0,0,0,0.0,0.0,0.0,0.0,0.0,98,0,
AXP,1996-12-31,1997-01-27,1997-01-27,True,alpha_vantage,0.0,0.0,0,0,0.0,0.0,0.0,0.0,0.0,91,0,
AXP,1997-03-31,1997-04-24,1997-04-24,True,alpha_vantage,0.0,0.0,0,0,0.0,0.0,0.0,0.0,0.0,87,0,
AXP,1997-06-30,1997-07-28,1997-07-28,True,alpha_vantage,0.01,2.8571,1,0,0.01,0.0,0.0,0.0,2.8571,95,0,
AXP,1997-09-30,1997-10-27,1997-10-27,True,alpha_vantage,0.01,2.7778,1,0,0.01,0.714275,0.25,0.476183,-0.0793,91,0,
AXP,1997-12-31,1998-01-26,1998-01-26,True,alpha_vantage,0.01,2.9412,1,0,0.01,1.408725,0.5,0.804986,0.1634,91,0,
AXP,1998-03-31,1998-04-23,1998-04-23,True,alpha_vantage,0.01,2.7778,1,0,0.01,2.144025,0.75,1.072013,-0.1634,87,0,
AXP,1998-06-30,1998-07-27,1998-07-27,True,alpha_vantage,0.01,2.439,1,0,0.01,2.838475,1.0,1.419237,-0.3388,95,0,
AXP,1998-09-30,1998-10-26,1998-10-26,True,alpha_vantage,0.0,0.0,0,0,0.0,2.73395,1.0,1.724112,-2.439,91,0,
AXP,1998-12-31,1999-01-25,1999-01-25,True,alpha_vantage,0.0,0.0,0,0,0.0,2.0395,0.75,1.724112,0.0,91,0,
AXP,1999-03-31,1999-04-22,1999-04-22,True,alpha_vantage,0.02,4.878,1,0,0.02,1.3042,0.5,1.724112,4.878,87,0,
AXP,1999-06-30,1999-07-26,1999-07-26,True,alpha_vantage,0.0,0.0,0,0,0.0,1.82925,0.5,2.333862,-4.878,95,0,
AXP,1999-09-30,1999-10-25,1999-10-25,True,alpha_vantage,0.0,0.0,0,0,0.0,1.2195,0.25,1.976725,0.0,91,0,
AXP,1999-12-31,2000-01-24,2000-01-24,True,alpha_vantage,0.0,0.0,0,0,0.0,1.2195,0.25,1.6295,0.0,91,0,
AXP,2000-03-31,2000-04-24,2000-04-24,True,alpha_vantage,0.01,2.1277,1,0,0.01,1.2195,0.25,1.26185,2.1277,91,0,
AXP,2000-06-30,2000-07-24,2000-07-24,True,alpha_vantage,0.01,1.8868,1,0,0.01,0.531925,0.25,1.180588,-0.2409,91,0,
AXP,2000-09-30,2000-10-23,2000-10-23,True,alpha_vantage,0.0,0.0,0,0,0.0,1.003625,0.5,1.111563,-1.8868,91,0,
AXP,2000-12-31,2001-01-22,2001-01-22,True,alpha_vantage,0.0,0.0,0,0,0.0,1.003625,0.5,1.111563,0.0,91,0,
AXP,2001-03-31,2001-04-23,2001-04-23,True,alpha_vantage,0.01,2.5641,1,0,0.01,1.003625,0.5,1.111563,2.5641,91,0,
AXP,2001-06-30,2001-07-23,2001-07-23,True,alpha_vantage,0.0,0.0,0,0,0.0,1.112725,0.5,0.822325,-2.5641,91,0,
AXP,2001-09-30,2001-10-22,2001-10-22,True,alpha_vantage,-0.08,-26.6667,0,1,0.08,0.641025,0.25,0.822325,-26.6667,91,0,
AXP,2001-12-31,2002-01-28,2002-01-28,True,alpha_vantage,-0.01,-4.3478,0,1,0.01,-6.02565,0.25,-2.511012,22.3189,98,0,
AXP,2002-03-31,2002-04-18,2002-04-18,True,alpha_vantage,0.03,6.9767,1,0,0.03,-7.1126,0.25,-3.054488,11.3245,80,0,
AXP,2002-06-30,2002-07-22,2002-07-22,True,alpha_vantage,0.01,2.0,1,0,0.01,-6.00945,0.25,-2.448362,-4.9767,95,0,
AXP,2002-09-30,2002-10-28,2002-10-28,True,alpha_vantage,0.01,1.9608,1,0,0.01,-5.50945,0.5,-2.434213,-0.0392,98,0,
AXP,2002-12-31,2003-01-27,2003-01-27,True,alpha_vantage,0.01,1.9608,1,0,0.01,1.647425,0.75,-2.189112,0.0,91,0,
AXP,2003-03-31,2003-04-24,2003-04-24,True,alpha_vantage,0.01,1.9231,1,0,0.01,3.224575,1.0,-1.944012,-0.0377,87,0,
AXP,2003-06-30,2003-07-28,2003-07-28,True,alpha_vantage,0.02,3.5088,1,0,0.02,1.961175,1.0,-2.024137,1.5857,95,0,
AXP,2003-09-30,2003-10-27,2003-10-27,True,alpha_vantage,0.01,1.7241,1,0,0.01,2.338375,1.0,-1.585537,-1.7847,91,0,
AXP,2003-12-31,2004-01-26,2004-01-26,True,alpha_vantage,0.01,1.6949,1,0,0.01,2.2792,1.0,1.963313,-0.0292,91,0,
AXP,2004-03-31,2004-04-22,2004-04-22,True,alpha_vantage,0.04,6.4516,1,0,0.04,2.212725,1.0,2.71865,4.7567,87,0,
AXP,2004-06-30,2004-07-26,2004-07-26,True,alpha_vantage,0.01,1.4925,1,0,0.01,3.34485,1.0,2.653012,-4.9591,95,0,
AXP,2004-09-30,2004-10-25,2004-10-25,True,alpha_vantage,0.0,0.0,0,0,0.0,2.840775,1.0,2.589575,-1.4925,91,0,
AXP,2004-12-31,2005-01-24,2005-01-24,True,alpha_vantage,0.01,1.4286,1,0,0.01,2.40975,0.75,2.344475,1.4286,91,0,
AXP,2005-03-31,2005-04-26,2005-04-26,True,alpha_vantage,0.0,0.0,0,0,0.0,2.343175,0.75,2.27795,-1.4286,92,0,
AXP,2005-06-30,2005-07-25,2005-07-25,True,alpha_vantage,0.03,3.8462,1,0,0.03,0.730275,0.5,2.037562,3.8462,90,0,
AXP,2005-09-30,2005-10-24,2005-10-24,True,alpha_vantage,0.02,3.0303,1,0,0.02,1.3187,0.5,2.079738,-0.8159,91,0,
AXP,2005-12-31,2006-01-23,2006-01-23,True,alpha_vantage,0.01,1.6949,1,0,0.01,2.076275,0.75,2.243012,-1.3354,91,0,
AXP,2006-03-31,2006-04-24,2006-04-24,True,alpha_vantage,0.01,1.4493,1,0,0.01,2.14285,0.75,2.243012,-0.2456,91,0,
AXP,2006-06-30,2006-07-24,2006-07-24,True,alpha_vantage,0.04,5.4054,1,0,0.04,2.505175,1.0,1.617725,3.9561,91,0,
AXP,2006-09-30,2006-10-23,2006-10-23,True,alpha_vantage,0.02,2.6316,1,0,0.02,2.894975,1.0,2.106838,-2.7738,91,0,
AXP,2006-12-31,2007-01-22,2007-01-22,True,alpha_vantage,-0.02,-2.5974,0,1,0.02,2.7953,1.0,2.435787,-5.229,91,0,
AXP,2007-03-31,2007-04-19,2007-04-19,True,alpha_vantage,0.07,8.75,1,0,0.07,1.722225,0.75,1.932538,11.3474,87,0,
AXP,2007-06-30,2007-07-23,2007-07-23,True,alpha_vantage,-0.03,-3.4884,0,1,0.03,3.5474,0.75,3.026288,-12.2384,95,0,
AXP,2007-09-30,2007-10-22,2007-10-22,True,alpha_vantage,0.05,5.8824,1,0,0.05,1.32395,0.5,2.109463,9.3708,91,0,
AXP,2007-12-31,2008-01-28,2008-01-28,True,alpha_vantage,0.01,1.4286,1,0,0.01,2.13665,0.5,2.465975,-4.4538,98,0,
AXP,2008-03-31,2008-04-24,2008-04-24,True,alpha_vantage,0.04,5.0,1,0,0.04,3.14315,0.75,2.432688,3.5714,87,0,
AXP,2008-06-30,2008-07-21,2008-07-21,True,alpha_vantage,-0.27,-32.5301,0,1,0.27,2.20565,0.75,2.876525,-37.5301,88,0,
AXP,2008-09-30,2008-10-20,2008-10-20,True,alpha_vantage,0.15,25.4237,1,0,0.15,-5.054775,0.75,-1.865412,57.9538,91,0,
AXP,2008-12-31,2009-01-26,2009-01-26,True,alpha_vantage,0.07,50.0,1,0,0.07,-0.16945,0.75,0.9836,24.5763,98,0,
AXP,2009-03-31,2009-04-23,2009-04-23,True,alpha_vantage,0.06,42.8571,1,0,0.06,11.9734,0.75,7.558275,-7.1429,87,0,
AXP,2009-06-30,2009-07-23,2009-07-23,True,alpha_vantage,0.0,0.0,0,0,0.0,21.437675,0.75,11.821663,-42.8571,91,0,
AXP,2009-09-30,2009-10-22,2009-10-22,True,alpha_vantage,0.06,15.7895,1,0,0.06,29.5702,0.75,12.257713,15.7895,91,0,
AXP,2009-12-31,2010-01-21,2010-01-21,True,alpha_vantage,0.02,3.5088,1,0,0.02,27.16165,0.75,13.4961,-12.2807,91,0,
AXP,2010-03-31,2010-04-22,2010-04-22,True,alpha_vantage,0.09,14.0625,1,0,0.09,15.53885,0.75,13.756125,10.5537,91,0,
AXP,2010-06-30,2010-07-22,2010-07-22,True,alpha_vantage,0.06,7.6923,1,0,0.06,8.3402,0.75,14.888938,-6.3702,91,0,
AXP,2010-09-30,2010-10-21,2010-10-21,True,alpha_vantage,0.03,3.4483,1,0,0.03,10.263275,1.0,19.916737,-4.244,91,0,
AXP,2010-12-31,2011-01-24,2011-01-24,True,alpha_vantage,-0.01,-1.1236,0,1,0.01,7.177975,1.0,17.169812,-4.5719,95,0,
AXP,2011-03-31,2011-04-20,2011-04-20,True,alpha_vantage,0.12,14.1176,1,0,0.12,6.019875,0.75,10.779363,15.2412,86,0,
AXP,2011-06-30,2011-07-20,2011-07-20,True,alpha_vantage,0.13,13.8298,1,0,0.13,6.03365,0.75,7.186925,-0.2878,91,0,
AXP,2011-09-30,2011-10-19,2011-10-19,True,alpha_vantage,0.08,8.4211,1,0,0.08,7.568025,0.75,8.91565,-5.4087,91,0,
AXP,2011-12-31,2012-01-19,2012-01-19,True,alpha_vantage,0.02,2.0202,1,0,0.02,8.811225,0.75,7.9946,-6.4009,92,0,
AXP,2012-03-31,2012-04-18,2012-04-18,True,alpha_vantage,0.07,7.0,1,0,0.07,9.597175,1.0,7.808525,4.9798,90,0,
AXP,2012-06-30,2012-07-18,2012-07-18,True,alpha_vantage,0.05,4.5455,1,0,0.05,7.817775,1.0,6.925713,-2.4545,91,0,
AXP,2012-09-30,2012-10-17,2012-10-17,True,alpha_vantage,0.0,0.0,0,0,0.0,5.4967,1.0,6.532362,-4.5455,91,0,
AXP,2012-12-31,2013-01-17,2013-01-17,True,alpha_vantage,0.01,0.9259,1,0,0.01,3.391425,0.75,6.101325,0.9259,92,0,
AXP,2013-03-31,2013-04-17,2013-04-17,True,alpha_vantage,0.02,1.7699,1,0,0.02,3.11785,0.75,6.357512,0.844,90,0,
AXP,2013-06-30,2013-07-17,2013-07-17,True,alpha_vantage,0.05,4.0984,1,0,0.05,1.810325,0.75,4.81405,2.3285,91,0,
AXP,2013-09-30,2013-10-16,2013-10-16,True,alpha_vantage,0.03,2.459,1,0,0.03,1.69855,0.75,3.597625,-1.6394,91,0,
AXP,2013-12-31,2014-01-16,2014-01-16,True,alpha_vantage,0.0,0.0,0,0,0.0,2.3133,1.0,2.852362,-2.459,92,0,
AXP,2014-03-31,2014-04-16,2014-04-16,True,alpha_vantage,0.03,2.3077,1,0,0.03,2.081825,0.75,2.599838,2.3077,90,0,
AXP,2014-06-30,2014-07-29,2014-07-29,True,alpha_vantage,0.05,3.6232,1,0,0.05,2.216275,0.75,2.0133,1.3155,104,0,
AXP,2014-09-30,2014-10-15,2014-10-15,True,alpha_vantage,0.04,2.9412,1,0,0.04,2.097475,0.75,1.898013,-0.682,78,0,
AXP,2014-12-31,2015-01-21,2015-01-21,True,alpha_vantage,0.0,0.0,0,0,0.0,2.218025,0.75,2.265662,-2.9412,98,0,
AXP,2015-03-31,2015-04-16,2015-04-16,True,alpha_vantage,0.12,8.8235,1,0,0.12,2.218025,0.75,2.149925,8.8235,85,0,
AXP,2015-06-30,2015-07-22,2015-07-22,True,alpha_vantage,0.1,7.5758,1,0,0.1,3.846975,0.75,3.031625,-1.2477,97,0,
AXP,2015-09-30,2015-10-21,2015-10-21,True,alpha_vantage,-0.07,-5.3435,0,1,0.07,4.835125,0.75,3.4663,-12.9193,91,0,
AXP,2015-12-31,2016-01-21,2016-01-21,True,alpha_vantage,0.11,9.8214,1,0,0.11,2.76395,0.5,2.490988,15.1649,92,0,
AXP,2016-03-31,2016-04-20,2016-04-20,True,alpha_vantage,0.15,11.1111,1,0,0.15,5.2193,0.75,3.718663,1.2897,90,0,
AXP,2016-06-30,2016-07-20,2016-07-20,True,alpha_vantage,0.21,11.1111,1,0,0.21,5.7912,0.75,4.819088,0.0,91,0,
AXP,2016-09-30,2016-10-19,2016-10-19,True,alpha_vantage,0.28,29.1667,1,0,0.28,6.675025,0.75,5.755075,18.0556,91,0,
AXP,2016-12-31,2017-01-19,2017-01-19,True,alpha_vantage,-0.08,-8.0808,0,1,0.08,15.302575,1.0,9.033262,-37.2475,92,0,
AXP,2017-03-31,2017-04-19,2017-04-19,True,alpha_vantage,0.08,6.3492,1,0,0.08,10.827025,0.75,8.023162,14.43,90,0,
AXP,2017-06-30,2017-07-19,2017-07-19,True,alpha_vantage,0.03,2.0833,1,0,0.03,9.63655,0.75,7.713875,-4.2659,91,0,
AXP,2017-09-30,2017-10-18,2017-10-18,True,alpha_vantage,0.15,10.1351,1,0,0.15,7.3796,0.75,7.027312,8.0518,91,0,
AXP,2017-12-31,2018-01-18,2018-01-18,True,alpha_vantage,0.04,2.5974,1,0,0.04,2.6217,0.75,8.962138,-7.5377,92,0,
AXP,2018-03-31,2018-04-18,2018-04-18,True,alpha_vantage,0.15,8.7719,1,0,0.15,5.29125,1.0,8.059138,6.1745,90,0,
AXP,2018-06-30,2018-07-18,2018-07-18,True,alpha_vantage,0.02,1.0989,1,0,0.02,5.896925,1.0,7.766737,-7.673,91,0,
AXP,2018-09-30,2018-10-18,2018-10-18,True,alpha_vantage,0.11,6.2147,1,0,0.11,5.650825,1.0,6.515212,5.1158,92,0,
AXP,2018-12-31,2019-01-17,2019-01-17,True,alpha_vantage,0.52,28.8889,1,0,0.52,4.670725,1.0,3.646212,22.6742,91,0,
AXP,2019-03-31,2019-04-18,2019-04-18,True,alpha_vantage,0.04,2.0305,1,0,0.04,11.2436,1.0,8.267425,-26.8584,91,0,
AXP,2019-06-30,2019-07-19,2019-07-19,True,alpha_vantage,0.04,1.9704,1,0,0.04,9.55825,1.0,7.727588,-0.0601,92,0,
AXP,2019-09-30,2019-10-18,2019-10-18,True,alpha_vantage,0.06,2.9703,1,0,0.06,9.776125,1.0,7.713475,0.9999,91,0,
AXP,2019-12-31,2020-01-24,2020-01-24,True,alpha_vantage,0.02,0.995,1,0,0.02,8.965025,1.0,6.817875,-1.9753,98,0,
AXP,2020-03-31,2020-04-24,2020-04-24,True,alpha_vantage,-1.26,-75.4491,0,1,1.26,1.99155,1.0,6.617575,-76.4441,91,0,
AXP,2020-06-30,2020-07-24,2020-07-24,True,alpha_vantage,0.35,583.3333,1,0,0.35,-17.37835,0.75,-3.91005,658.7824,91,0,
AXP,2020-09-30,2020-10-23,2020-10-23,True,alpha_vantage,-0.05,-3.7037,0,1,0.05,127.962375,0.75,68.86925,-587.037,91,0,
AXP,2020-12-31,2021-01-26,2021-01-26,True,alpha_vantage,0.46,35.3846,1,0,0.46,126.293875,0.5,67.62945,39.0883,95,0,
AXP,2021-03-31,2021-04-23,2021-04-23,True,alpha_vantage,1.13,70.1863,1,0,1.13,134.891275,0.5,68.441412,34.8017,87,0,
AXP,2021-06-30,2021-07-23,2021-07-23,True,alpha_vantage,1.17,71.7791,1,0,1.17,171.300125,0.75,76.960887,1.5928,91,0,
AXP,2021-09-30,2021-10-22,2021-10-22,True,alpha_vantage,0.52,29.7143,1,0,0.52,43.411575,0.75,85.686975,-42.0648,91,0,
AXP,2021-12-31,2022-01-25,2022-01-25,True,alpha_vantage,0.34,18.4783,1,0,0.34,51.766075,1.0,89.029975,-11.236,95,0,
AXP,2022-03-31,2022-04-22,2022-04-22,True,alpha_vantage,0.26,10.5263,1,0,0.26,47.5395,1.0,91.215388,-7.952,87,0,
AXP,2022-06-30,2022-07-22,2022-07-22,True,alpha_vantage,0.16,6.639,1,0,0.16,32.6245,1.0,101.962312,-3.8873,91,0,
AXP,2022-09-30,2022-10-21,2022-10-21,True,alpha_vantage,0.06,2.4896,1,0,0.06,16.339475,1.0,29.875525,-4.1494,91,0,
AXP,2022-12-31,2023-01-27,2023-01-27,True,alpha_vantage,-0.17,-7.5893,0,1,0.17,9.5333,1.0,30.649687,-10.0789,98,0,
AXP,2023-03-31,2023-04-20,2023-04-20,True,alpha_vantage,-0.27,-10.1124,0,1,0.27,3.0164,0.75,25.27795,-2.5231,83,0,
AXP,2023-06-30,2023-07-21,2023-07-21,True,alpha_vantage,0.07,2.4823,1,0,0.07,-2.143275,0.5,15.240613,12.5947,92,0,
AXP,2023-09-30,2023-10-20,2023-10-20,True,alpha_vantage,0.35,11.8644,1,0,0.35,-3.18245,0.5,6.578513,9.3821,91,0,
AXP,2023-12-31,2024-01-26,2024-01-26,True,alpha_vantage,-0.03,-1.1321,0,1,0.03,-0.83875,0.5,4.347275,-12.9965,98,0,
AXP,2024-03-31,2024-04-19,2024-04-19,True,alpha_vantage,0.35,11.745,1,0,0.35,0.77555,0.5,1.895975,12.8771,84,0,
AXP,2024-06-30,2024-07-19,2024-07-19,True,alpha_vantage,0.23,7.0552,1,0,0.23,6.2399,0.75,2.048313,-4.6898,91,0,
AXP,2024-09-30,2024-10-18,2024-10-18,True,alpha_vantage,0.21,6.4024,1,0,0.21,7.383125,0.75,2.100338,-0.6528,91,0,
AXP,2024-12-31,2025-01-24,2025-01-24,True,alpha_vantage,-0.01,-0.3279,0,1,0.01,6.017625,0.75,2.589437,-6.7303,98,0,
AXP,2025-03-31,2025-04-17,2025-04-17,True,alpha_vantage,0.17,4.8991,1,0,0.17,6.218675,0.75,3.497113,5.227,83,0,
AXP,2025-06-30,2025-07-18,2025-07-18,True,alpha_vantage,0.2,5.1546,1,0,0.2,4.5072,0.75,5.37355,0.2555,92,0,
AXP,2025-09-30,2025-10-17,2025-10-17,True,alpha_vantage,0.16,4.0201,1,0,0.16,4.03205,0.75,5.707587,-1.1345,91,0,
AXP,2025-12-31,2026-01-30,2026-01-30,True,alpha_vantage,-0.02,-0.5634,0,1,0.02,3.436475,0.75,4.72705,-4.5835,105,0,
AXP,2026-03-31,2026-04-23,2026-04-23,True,alpha_vantage,0.29,7.2682,1,0,0.29,3.3776,0.75,4.798138,7.8316,83,0,
BA,1996-03-31,1996-04-29,1996-04-29,True,alpha_vantage,-0.04,-18.1818,0,1,0.04,,,,,,0,
BA,1996-06-30,1996-07-25,1996-07-25,True,alpha_vantage,0.01,2.439,1,0,0.01,-18.1818,0.0,-18.1818,20.6208,87,0,
BA,1996-09-30,1996-10-24,1996-10-24,True,alpha_vantage,0.0,0.0,0,0,0.0,-7.8714,0.5,-7.8714,-2.439,91,0,
BA,1996-12-31,1997-01-23,1997-01-23,True,alpha_vantage,-0.01,-2.0408,0,1,0.01,-5.2476,0.3333,-5.2476,-2.0408,91,0,
BA,1997-03-31,1997-04-28,1997-04-28,True,alpha_vantage,-0.06,-12.0,0,1,0.06,-4.4459,0.25,-4.4459,-9.9592,95,0,
BA,1997-06-30,1997-07-21,1997-07-21,True,alpha_vantage,-0.04,-6.7797,0,1,0.04,-2.90045,0.25,-5.95672,5.2203,84,0,
BA,1997-09-30,1997-10-24,1997-10-24,True,alpha_vantage,-1.05,-262.5,0,1,1.05,-5.205125,0.0,-6.093883,-255.7203,95,0,
BA,1997-12-31,1998-01-27,1998-01-27,True,alpha_vantage,-0.03,-9.375,0,1,0.03,-70.830125,0.0,-42.723329,253.125,95,0,
BA,1998-03-31,1998-04-22,1998-04-22,True,alpha_vantage,-0.01,-16.6667,0,1,0.01,-72.663675,0.0,-38.554788,-7.2917,85,0,
BA,1998-06-30,1998-07-23,1998-07-23,True,alpha_vantage,-0.07,-21.2121,0,1,0.07,-73.83035,0.0,-38.3654,-4.5454,92,0,
BA,1998-09-30,1998-10-22,1998-10-22,True,alpha_vantage,0.08,28.5714,1,0,0.08,-77.43845,0.0,-41.321787,49.7835,91,0,
BA,1998-12-31,1999-01-26,1999-01-26,True,alpha_vantage,0.03,7.1429,1,0,0.03,-4.6706,0.25,-37.750363,-21.4285,96,0,
BA,1999-03-31,1999-04-15,1999-04-15,True,alpha_vantage,0.08,19.0476,1,0,0.08,-0.541125,0.5,-36.6024,11.9047,79,0,
BA,1999-06-30,1999-07-15,1999-07-15,True,alpha_vantage,0.08,16.6667,1,0,0.08,8.38745,0.75,-32.72145,-2.3809,91,0,
BA,1999-09-30,1999-10-14,1999-10-14,True,alpha_vantage,0.09,19.1489,1,0,0.09,17.85715,1.0,-29.79065,2.4822,91,0,
BA,1999-12-31,2000-01-19,2000-01-19,True,alpha_vantage,0.09,13.0435,1,0,0.09,15.501525,1.0,5.415463,-6.1054,97,0,
BA,2000-03-31,2000-04-19,2000-04-19,True,alpha_vantage,0.12,33.3333,1,0,0.12,16.976675,1.0,8.217775,20.2898,91,0,
BA,2000-06-30,2000-07-19,2000-07-19,True,alpha_vantage,0.08,11.9403,1,0,0.08,20.5481,1.0,14.467775,-21.393,91,0,
BA,2000-09-30,2000-10-18,2000-10-18,True,alpha_vantage,0.03,4.4776,1,0,0.03,19.3665,1.0,18.611825,-7.4627,91,0,
BA,2000-12-31,2001-01-17,2001-01-17,True,alpha_vantage,0.1,10.989,1,0,0.1,15.698675,1.0,15.6001,6.5114,91,0,
BA,2001-03-31,2001-04-20,2001-04-20,True,alpha_vantage,0.09,11.25,1,0,0.09,15.18505,1.0,16.080862,0.261,93,0,
BA,2001-06-30,2001-07-18,2001-07-18,True,alpha_vantage,0.04,4.3956,1,0,0.04,9.664225,1.0,15.106162,-6.8544,89,0,
BA,2001-09-30,2001-10-18,2001-10-18,True,alpha_vantage,0.01,1.1494,1,0,0.01,7.77805,1.0,13.572275,-3.2462,92,0,
BA,2001-12-31,2002-01-23,2002-01-23,True,alpha_vantage,0.01,1.1236,1,0,0.01,6.946,1.0,11.322337,-0.0258,97,0,
BA,2002-03-31,2002-04-17,2002-04-17,True,alpha_vantage,-0.09,-10.7143,0,1,0.09,4.47965,1.0,9.83235,-11.8379,84,0,
BA,2002-06-30,2002-07-17,2002-07-17,True,alpha_vantage,0.12,15.0,1,0,0.12,-1.011425,0.75,4.3264,25.7143,91,0,
BA,2002-09-30,2002-10-16,2002-10-16,True,alpha_vantage,-0.01,-2.1277,0,1,0.01,1.639675,0.75,4.708863,-17.1277,91,0,
BA,2002-12-31,2003-01-30,2003-01-30,True,alpha_vantage,0.0,0.0,0,0,0.0,0.8204,0.5,3.8832,2.1277,106,0,
BA,2003-03-31,2003-04-23,2003-04-23,True,alpha_vantage,0.18,75.0,1,0,0.18,0.5395,0.25,2.509575,75.0,83,0,
BA,2003-06-30,2003-07-23,2003-07-23,True,alpha_vantage,0.19,44.186,1,0,0.19,21.968075,0.5,10.478325,-30.814,91,0,
BA,2003-09-30,2003-10-29,2003-10-29,True,alpha_vantage,0.06,23.0769,1,0,0.06,29.264575,0.5,15.452125,-21.1091,98,0,
BA,2003-12-31,2004-01-29,2004-01-29,True,alpha_vantage,-0.01,-1.9608,0,1,0.01,35.565725,0.75,18.193062,-25.0377,92,0,
BA,2004-03-31,2004-04-28,2004-04-28,True,alpha_vantage,0.21,47.7273,1,0,0.21,35.075525,0.75,17.807513,49.6881,90,0,
BA,2004-06-30,2004-07-28,2004-07-28,True,alpha_vantage,0.03,6.383,1,0,0.03,28.25735,0.75,25.112713,-41.3443,91,0,
BA,2004-09-30,2004-10-27,2004-10-27,True,alpha_vantage,0.03,7.3171,1,0,0.03,18.8066,0.75,24.035587,0.9341,91,0,
BA,2004-12-31,2005-02-02,2005-02-02,True,alpha_vantage,0.0,0.0,0,0,0.0,14.86665,0.75,25.216188,-7.3171,98,0,
BA,2005-03-31,2005-04-27,2005-04-27,True,alpha_vantage,0.02,3.6364,1,0,0.02,15.35685,0.75,25.216188,3.6364,84,0,
BA,2005-06-30,2005-07-27,2005-07-27,True,alpha_vantage,0.18,29.5082,1,0,0.18,4.334125,0.75,16.295738,25.8718,91,0,
BA,2005-09-30,2005-10-26,2005-10-26,True,alpha_vantage,-0.09,-11.5385,0,1,0.09,10.115425,0.75,14.461012,-41.0467,91,0,
BA,2005-12-31,2006-02-01,2006-02-01,True,alpha_vantage,0.12,25.5319,1,0,0.12,5.401525,0.5,10.134087,37.0704,98,0,
BA,2006-03-31,2006-04-26,2006-04-26,True,alpha_vantage,0.09,11.8421,1,0,0.09,11.7845,0.75,13.570675,-13.6898,84,0,
BA,2006-06-30,2006-07-26,2006-07-26,True,alpha_vantage,-0.01,-5.0,0,1,0.01,13.835925,0.75,9.085025,-16.8421,91,0,
BA,2006-09-30,2006-10-25,2006-10-25,True,alpha_vantage,0.26,41.2698,1,0,0.26,5.208875,0.5,7.66215,46.2698,91,0,
BA,2006-12-31,2007-01-31,2007-01-31,True,alpha_vantage,0.19,19.5876,1,0,0.19,18.41095,0.75,11.906237,-21.6822,98,0,
BA,2007-03-31,2007-04-25,2007-04-25,True,alpha_vantage,0.11,10.8911,1,0,0.11,16.924875,0.75,14.354687,-8.6965,84,0,
BA,2007-06-30,2007-07-25,2007-07-25,True,alpha_vantage,0.19,16.3793,1,0,0.19,16.687125,0.75,15.261525,5.4882,91,0,
BA,2007-09-30,2007-10-24,2007-10-24,True,alpha_vantage,0.19,15.3226,1,0,0.19,22.03195,1.0,13.620412,-1.0567,91,0,
BA,2007-12-31,2008-01-30,2008-01-30,True,alpha_vantage,0.04,3.0303,1,0,0.04,15.54515,1.0,16.97805,-12.2923,98,0,
BA,2008-03-31,2008-04-23,2008-04-23,True,alpha_vantage,0.25,18.3824,1,0,0.25,11.405825,1.0,14.16535,15.3521,84,0,
BA,2008-06-30,2008-07-23,2008-07-23,True,alpha_vantage,-0.08,-6.4516,0,1,0.08,13.27865,1.0,14.982887,-24.834,91,0,
BA,2008-09-30,2008-10-22,2008-10-22,True,alpha_vantage,-0.06,-6.0,0,1,0.06,7.570925,0.75,14.801437,0.4516,91,0,
BA,2008-12-31,2009-01-28,2009-01-28,True,alpha_vantage,-0.16,-20.5128,0,1,0.16,2.240275,0.5,8.892713,-14.5128,98,0,
BA,2009-03-31,2009-04-22,2009-04-22,True,alpha_vantage,-0.04,-4.3956,0,1,0.04,-3.6455,0.25,3.880163,16.1172,84,0,
BA,2009-06-30,2009-07-22,2009-07-22,True,alpha_vantage,0.2,16.5289,1,0,0.2,-9.34,0.0,1.969325,20.9245,91,0,
BA,2009-09-30,2009-10-21,2009-10-21,True,alpha_vantage,-0.15,-7.2464,0,1,0.15,-3.594875,0.25,1.988025,-23.7753,91,0,
BA,2009-12-31,2010-01-27,2010-01-27,True,alpha_vantage,0.41,30.1471,1,0,0.41,-3.906475,0.25,-0.8331,37.3935,98,0,
BA,2010-03-31,2010-04-21,2010-04-21,True,alpha_vantage,-0.03,-4.1096,0,1,0.03,8.7585,0.5,2.5565,-34.2567,84,0,
BA,2010-06-30,2010-07-28,2010-07-28,True,alpha_vantage,0.03,2.9126,1,0,0.03,8.83,0.5,-0.255,7.0222,98,0,
BA,2010-09-30,2010-10-20,2010-10-20,True,alpha_vantage,0.05,4.6729,1,0,0.05,5.425925,0.5,0.915525,1.7603,84,0,
BA,2010-12-31,2011-01-26,2011-01-26,True,alpha_vantage,-0.01,-0.8929,0,1,0.01,8.40575,0.75,2.249637,-5.5658,98,0,
BA,2011-03-31,2011-04-27,2011-04-27,True,alpha_vantage,0.08,11.4286,1,0,0.08,0.64575,0.5,4.702125,12.3215,91,0,
BA,2011-06-30,2011-07-27,2011-07-27,True,alpha_vantage,0.27,27.551,1,0,0.27,4.5303,0.75,6.68015,16.1224,91,0,
BA,2011-09-30,2011-10-26,2011-10-26,True,alpha_vantage,0.35,31.5315,1,0,0.35,10.6899,0.75,8.057912,3.9805,91,0,
BA,2011-12-31,2012-01-25,2012-01-25,True,alpha_vantage,0.3,29.4118,1,0,0.3,17.40455,0.75,12.90515,-2.1197,91,0,
BA,2012-03-31,2012-04-25,2012-04-25,True,alpha_vantage,0.27,28.4211,1,0,0.27,24.980725,1.0,12.813237,-0.9907,91,0,
BA,2012-06-30,2012-07-25,2012-07-25,True,alpha_vantage,0.16,14.4144,1,0,0.16,29.22885,1.0,16.879575,-14.0067,91,0,
BA,2012-09-30,2012-10-24,2012-10-24,True,alpha_vantage,0.23,20.5357,1,0,0.23,25.9447,1.0,18.3173,6.1213,91,0,
BA,2012-12-31,2013-01-30,2013-01-30,True,alpha_vantage,0.08,6.6667,1,0,0.08,23.19575,1.0,20.30015,-13.869,98,0,
BA,2013-03-31,2013-04-24,2013-04-24,True,alpha_vantage,0.24,16.1074,1,0,0.24,17.509475,1.0,21.2451,9.4407,84,0,
BA,2013-06-30,2013-07-24,2013-07-24,True,alpha_vantage,0.12,7.7419,1,0,0.12,14.43105,1.0,21.82995,-8.3655,91,0,
BA,2013-09-30,2013-10-23,2013-10-23,True,alpha_vantage,0.25,16.129,1,0,0.25,12.762925,1.0,19.353813,8.3871,91,0,
BA,2013-12-31,2014-01-29,2014-01-29,True,alpha_vantage,0.31,19.7452,1,0,0.31,11.66125,1.0,17.4285,3.6162,98,0,
BA,2014-03-31,2014-04-23,2014-04-23,True,alpha_vantage,0.2,12.8205,1,0,0.2,14.930875,1.0,16.220175,-6.9247,84,0,
BA,2014-06-30,2014-07-23,2014-07-23,True,alpha_vantage,0.43,21.608,1,0,0.43,14.10915,1.0,14.2701,8.7875,91,0,
BA,2014-09-30,2014-10-22,2014-10-22,True,alpha_vantage,0.18,9.1837,1,0,0.18,17.575675,1.0,15.1693,-12.4243,91,0,
BA,2014-12-31,2015-01-28,2015-01-28,True,alpha_vantage,0.19,8.9623,1,0,0.19,15.83935,1.0,13.7503,-0.2214,98,0,
BA,2015-03-31,2015-04-22,2015-04-22,True,alpha_vantage,0.16,8.8398,1,0,0.16,13.143625,1.0,14.03725,-0.1225,84,0,
BA,2015-06-30,2015-07-22,2015-07-22,True,alpha_vantage,0.24,17.3913,1,0,0.24,12.14845,1.0,13.1288,8.5515,91,0,
BA,2015-09-30,2015-10-21,2015-10-21,True,alpha_vantage,0.33,15.0685,1,0,0.33,11.094275,1.0,14.334975,-2.3228,91,0,
BA,2015-12-31,2016-01-27,2016-01-27,True,alpha_vantage,0.32,25.0,1,0,0.32,12.565475,1.0,14.202413,9.9315,98,0,
BA,2016-03-31,2016-04-27,2016-04-27,True,alpha_vantage,-0.11,-5.9459,0,1,0.11,16.5749,1.0,14.859262,-30.9459,91,0,
BA,2016-06-30,2016-07-27,2016-07-27,True,alpha_vantage,0.55,24.5536,1,0,0.55,12.878475,0.75,12.513463,30.4995,91,0,
BA,2016-09-30,2016-10-26,2016-10-26,True,alpha_vantage,0.89,33.9695,1,0,0.89,14.66905,0.75,12.881663,9.4159,91,0,
BA,2016-12-31,2017-01-25,2017-01-25,True,alpha_vantage,0.14,6.0086,1,0,0.14,19.3943,0.75,15.979888,-27.9609,91,0,
BA,2017-03-31,2017-04-26,2017-04-26,True,alpha_vantage,0.1,5.2356,1,0,0.1,14.64645,0.75,15.610675,-0.773,91,0,
BA,2017-06-30,2017-07-26,2017-07-26,True,alpha_vantage,0.26,11.3537,1,0,0.26,17.441825,1.0,15.16015,6.1181,91,0,
BA,2017-09-30,2017-10-25,2017-10-25,True,alpha_vantage,0.06,2.2556,1,0,0.06,14.14185,1.0,14.40545,-9.0981,91,0,
BA,2017-12-31,2018-01-31,2018-01-31,True,alpha_vantage,0.18,6.25,1,0,0.18,6.213375,1.0,12.803838,3.9944,98,0,
BA,2018-03-31,2018-04-25,2018-04-25,True,alpha_vantage,1.03,39.4636,1,0,1.03,6.273725,1.0,10.460088,33.2136,84,0,
BA,2018-06-30,2018-07-25,2018-07-25,True,alpha_vantage,0.06,1.8349,1,0,0.06,14.830725,1.0,16.136275,-37.6287,91,0,
BA,2018-09-30,2018-10-24,2018-10-24,True,alpha_vantage,0.12,3.4682,1,0,0.12,12.451025,1.0,13.296437,1.6333,91,0,
BA,2018-12-31,2019-01-30,2019-01-30,True,alpha_vantage,0.93,20.4396,1,0,0.93,12.754175,1.0,9.483775,16.9714,98,0,
BA,2019-03-31,2019-04-24,2019-04-24,True,alpha_vantage,-0.03,-0.9404,0,1,0.03,16.301575,1.0,11.28765,-21.38,84,0,
BA,2019-06-30,2019-07-24,2019-07-24,True,alpha_vantage,0.84,12.6126,1,0,0.84,6.200575,0.75,10.51565,13.553,91,0,
BA,2019-09-30,2019-10-23,2019-10-23,True,alpha_vantage,-0.66,-31.2796,0,1,0.66,8.895,0.75,10.673013,-43.8922,91,0,
BA,2019-12-31,2020-01-29,2020-01-29,True,alpha_vantage,-1.15,-97.4576,0,1,1.15,0.20805,0.5,6.481113,-66.178,98,0,
BA,2020-03-31,2020-04-29,2020-04-29,True,alpha_vantage,-0.21,-14.094,0,1,0.21,-29.26625,0.25,-6.482337,83.3636,91,0,
BA,2020-06-30,2020-07-29,2020-07-29,True,alpha_vantage,-2.26,-89.3281,0,1,2.26,-32.55465,0.25,-13.177037,-75.2341,91,0,
BA,2020-09-30,2020-10-28,2020-10-28,True,alpha_vantage,0.82,37.1041,1,0,0.82,-58.039825,0.0,-24.572413,126.4322,91,0,
BA,2020-12-31,2021-01-27,2021-01-27,True,alpha_vantage,-13.6,-824.2424,0,1,13.6,-40.9439,0.25,-20.367925,-861.3465,91,0,
BA,2021-03-31,2021-04-28,2021-04-28,True,alpha_vantage,-0.44,-40.367,0,1,0.44,-222.6401,0.25,-125.953175,783.8754,91,0,
BA,2021-06-30,2021-07-28,2021-07-28,True,alpha_vantage,1.13,154.7945,1,0,1.13,-229.20835,0.25,-130.8815,195.1615,91,0,
BA,2021-09-30,2021-10-27,2021-10-27,True,alpha_vantage,-0.45,-300.0,0,1,0.45,-168.1777,0.5,-113.108762,-454.7945,91,0,
BA,2021-12-31,2022-01-26,2022-01-26,True,alpha_vantage,-7.53,-4706.25,0,1,7.53,-252.453725,0.25,-146.698813,-4406.25,91,0,
BA,2022-03-31,2022-04-27,2022-04-27,True,alpha_vantage,-2.5,-1000.0,0,1,2.5,-1222.955625,0.25,-722.797862,3706.25,91,0,
BA,2022-06-30,2022-07-27,2022-07-27,True,alpha_vantage,-0.26,-236.3636,0,1,0.26,-1462.863875,0.25,-846.036112,763.6364,91,0,
BA,2022-09-30,2022-10-26,2022-10-26,True,alpha_vantage,-6.27,-6966.6667,0,1,6.27,-1560.6534,0.0,-864.41555,-6730.3031,91,0,
BA,2022-12-31,2023-01-25,2023-01-25,True,alpha_vantage,-1.95,-975.0,0,1,1.95,-3227.320075,0.0,-1739.8869,5991.6667,91,0,
BA,2023-03-31,2023-04-26,2023-04-26,True,alpha_vantage,-0.22,-20.9524,0,1,0.22,-2294.507575,0.0,-1758.7316,954.0476,91,0,
BA,2023-06-30,2023-07-26,2023-07-26,True,alpha_vantage,0.07,7.8652,1,0,0.07,-2049.745675,0.0,-1756.304775,28.8176,91,0,
BA,2023-09-30,2023-10-25,2023-10-25,True,alpha_vantage,-0.65,-24.9042,0,1,0.65,-1988.688475,0.25,-1774.670938,-32.7694,91,0,
BA,2023-12-31,2024-01-31,2024-01-31,True,alpha_vantage,0.32,40.5063,1,0,0.32,-253.24785,0.25,-1740.283962,65.4105,98,0,
BA,2024-03-31,2024-04-24,2024-04-24,True,alpha_vantage,0.63,35.7955,1,0,0.63,0.628725,0.5,-1146.939425,-4.7108,84,0,
BA,2024-06-30,2024-07-31,2024-07-31,True,alpha_vantage,-0.89,-44.2786,0,1,0.89,14.8157,0.75,-1017.464988,-80.0741,98,0,
BA,2024-09-30,2024-10-23,2024-10-23,True,alpha_vantage,-1.72,-19.7248,0,1,1.72,1.77975,0.5,-993.454363,24.5538,84,0,
BA,2024-12-31,2025-01-28,2025-01-28,True,alpha_vantage,-2.12,-56.0847,0,1,2.12,3.0746,0.5,-125.086625,-36.3599,97,0,
BA,2025-03-31,2025-04-23,2025-04-23,True,alpha_vantage,0.81,62.3077,1,0,0.81,-21.07315,0.25,-10.222212,118.3924,85,0,
BA,2025-06-30,2025-07-29,2025-07-29,True,alpha_vantage,0.03,2.3622,1,0,0.03,-14.4451,0.25,0.1853,-59.9455,97,0,
BA,2025-09-30,2025-10-29,2025-10-29,True,alpha_vantage,-5.09,-213.8655,0,1,5.09,-2.7849,0.5,-0.502575,-216.2277,92,0,
BA,2025-12-31,2026-01-27,2026-01-27,True,alpha_vantage,10.2,34000.0,1,0,10.2,-51.320075,0.5,-24.122737,34213.8655,90,0,
BA,2026-03-31,2026-04-22,2026-04-22,True,alpha_vantage,0.47,70.1493,1,0,0.47,8462.7011,0.75,4220.813975,-33929.8507,85,0,
BAC,1996-03-31,1996-04-15,1996-04-15,True,alpha_vantage,0.01,2.1277,1,0,0.01,,,,,,0,
BAC,1996-06-30,1996-07-15,1996-07-15,True,alpha_vantage,0.01,2.0408,1,0,0.01,2.1277,1.0,2.1277,-0.0869,91,0,
BAC,1996-09-30,1996-10-15,1996-10-15,True,alpha_vantage,0.01,1.9608,1,0,0.01,2.08425,1.0,2.08425,-0.08,92,0,
BAC,1996-12-31,1997-01-13,1997-01-13,True,alpha_vantage,0.01,1.8868,1,0,0.01,2.0431,1.0,2.0431,-0.074,90,0,
BAC,1997-03-31,1997-04-14,1997-04-14,True,alpha_vantage,0.01,2.1739,1,0,0.01,2.004025,1.0,2.004025,0.2871,91,0,
BAC,1997-06-30,1997-07-14,1997-07-14,True,alpha_vantage,0.01,2.0,1,0,0.01,2.015575,1.0,2.038,-0.1739,91,0,
BAC,1997-09-30,1997-10-14,1997-10-14,True,alpha_vantage,0.0,0.0,0,0,0.0,2.005375,1.0,2.031667,-2.0,92,0,
BAC,1997-12-31,1998-01-12,1998-01-12,True,alpha_vantage,0.0,0.0,0,0,0.0,1.515175,0.75,1.741429,0.0,90,0,
BAC,1998-03-31,1998-04-13,1998-04-13,True,alpha_vantage,0.06,11.3208,1,0,0.06,1.043475,0.5,1.52375,11.3208,91,0,
BAC,1998-06-30,1998-07-13,1998-07-13,True,alpha_vantage,0.02,3.5088,1,0,0.02,3.3302,0.5,2.672887,-7.812,91,0,
BAC,1998-09-30,1998-10-14,1998-10-14,True,alpha_vantage,-0.18,-41.8605,0,1,0.18,3.7074,0.5,2.856387,-45.3693,93,0,
BAC,1998-12-31,1999-01-19,1999-01-19,True,alpha_vantage,0.0,0.0,0,0,0.0,-6.757725,0.5,-2.621275,41.8605,97,0,
BAC,1999-03-31,1999-04-19,1999-04-19,True,alpha_vantage,0.03,5.7692,1,0,0.03,-6.757725,0.5,-2.857125,5.7692,90,0,
BAC,1999-06-30,1999-07-19,1999-07-19,True,alpha_vantage,0.0,0.0,0,0,0.0,-8.145625,0.5,-2.407713,-5.7692,91,0,
BAC,1999-09-30,1999-10-18,1999-10-18,True,alpha_vantage,0.02,3.3333,1,0,0.02,-9.022825,0.25,-2.657713,3.3333,91,0,
BAC,1999-12-31,2000-01-18,2000-01-18,True,alpha_vantage,0.01,1.6393,1,0,0.01,2.275625,0.5,-2.24105,-1.694,92,0,
BAC,2000-03-31,2000-04-17,2000-04-17,True,alpha_vantage,0.05,8.0645,1,0,0.05,2.68545,0.75,-2.036138,6.4252,90,0,
BAC,2000-06-30,2000-07-17,2000-07-17,True,alpha_vantage,0.0,0.0,0,0,0.0,3.259275,0.75,-2.443175,-8.0645,91,0,
BAC,2000-09-30,2000-10-16,2000-10-16,True,alpha_vantage,0.01,1.5385,1,0,0.01,3.259275,0.75,-2.881775,1.5385,91,0,
BAC,2000-12-31,2001-01-16,2001-01-16,True,alpha_vantage,0.0,0.0,0,0,0.0,2.810575,0.75,2.5431,-1.5385,92,0,
BAC,2001-03-31,2001-04-16,2001-04-16,True,alpha_vantage,0.0,0.0,0,0,0.0,2.40075,0.5,2.5431,0.0,90,0,
BAC,2001-06-30,2001-07-16,2001-07-16,True,alpha_vantage,0.03,5.0847,1,0,0.03,0.384625,0.25,1.82195,5.0847,91,0,
BAC,2001-09-30,2001-10-15,2001-10-15,True,alpha_vantage,0.02,3.2258,1,0,0.02,1.6558,0.5,2.457537,-1.8589,91,0,
BAC,2001-12-31,2002-01-22,2002-01-22,True,alpha_vantage,0.02,3.2258,1,0,0.02,2.077625,0.5,2.4441,0.0,99,0,
BAC,2002-03-31,2002-04-15,2002-04-15,True,alpha_vantage,0.01,1.7857,1,0,0.01,2.884075,0.75,2.642412,-1.4401,83,0,
BAC,2002-06-30,2002-07-15,2002-07-15,True,alpha_vantage,0.0,0.0,0,0,0.0,3.3305,1.0,1.857563,-1.7857,91,0,
BAC,2002-09-30,2002-10-15,2002-10-15,True,alpha_vantage,0.02,2.8169,1,0,0.02,2.059325,0.75,1.857563,2.8169,92,0,
BAC,2002-12-31,2003-01-15,2003-01-15,True,alpha_vantage,0.02,2.4096,1,0,0.02,1.9571,0.75,2.017362,-0.4073,92,0,
BAC,2003-03-31,2003-04-14,2003-04-14,True,alpha_vantage,0.06,8.1081,1,0,0.06,1.75305,0.75,2.318563,5.6985,89,0,
BAC,2003-06-30,2003-07-14,2003-07-14,True,alpha_vantage,0.12,15.3846,1,0,0.12,3.33365,0.75,3.332075,7.2765,91,0,
BAC,2003-09-30,2003-10-14,2003-10-14,True,alpha_vantage,0.11,12.9412,1,0,0.11,7.1798,1.0,4.619562,-2.4434,92,0,
BAC,2003-12-31,2004-01-15,2004-01-15,True,alpha_vantage,0.03,3.3708,1,0,0.03,9.710875,1.0,5.833988,-9.5704,93,0,
BAC,2004-03-31,2004-04-14,2004-04-14,True,alpha_vantage,0.02,2.2222,1,0,0.02,9.951175,1.0,5.852113,-1.1486,90,0,
BAC,2004-06-30,2004-07-14,2004-07-14,True,alpha_vantage,0.08,9.1954,1,0,0.08,8.4797,1.0,5.906675,6.9732,91,0,
BAC,2004-09-30,2004-10-14,2004-10-14,True,alpha_vantage,0.02,2.2472,1,0,0.02,6.9324,1.0,7.0561,-6.9482,92,0,
BAC,2004-12-31,2005-01-18,2005-01-18,True,alpha_vantage,0.02,2.1739,1,0,0.02,4.2589,1.0,6.984888,-0.0733,96,0,
BAC,2005-03-31,2005-04-18,2005-04-18,True,alpha_vantage,0.2,21.2766,1,0,0.2,3.959675,1.0,6.955425,19.1027,90,0,
BAC,2005-06-30,2005-07-18,2005-07-18,True,alpha_vantage,0.06,6.0,1,0,0.06,8.723275,1.0,8.601487,-15.2766,91,0,
BAC,2005-09-30,2005-10-19,2005-10-19,True,alpha_vantage,0.01,0.9901,1,0,0.01,7.924425,1.0,7.428412,-5.0099,93,0,
BAC,2005-12-31,2006-01-23,2006-01-23,True,alpha_vantage,-0.09,-8.8235,0,1,0.09,7.61015,1.0,5.934525,-9.8136,96,0,
BAC,2006-03-31,2006-04-20,2006-04-20,True,alpha_vantage,0.11,11.4583,1,0,0.11,4.8608,0.75,4.410238,20.2818,87,0,
BAC,2006-06-30,2006-07-19,2006-07-19,True,alpha_vantage,0.11,10.1852,1,0,0.11,2.406225,0.75,5.56475,-1.2731,90,0,
BAC,2006-09-30,2006-10-19,2006-10-19,True,alpha_vantage,0.05,4.4248,1,0,0.05,3.452525,0.75,5.688475,-5.7604,92,0,
BAC,2006-12-31,2007-01-23,2007-01-23,True,alpha_vantage,0.03,2.6549,1,0,0.03,4.3112,0.75,5.960675,-1.7699,96,0,
BAC,2007-03-31,2007-04-19,2007-04-19,True,alpha_vantage,0.01,0.8696,1,0,0.01,7.1808,1.0,6.0208,-1.7853,86,0,
BAC,2007-06-30,2007-07-19,2007-07-19,True,alpha_vantage,0.09,7.563,1,0,0.09,4.533625,1.0,3.469925,6.6934,91,0,
BAC,2007-09-30,2007-10-18,2007-10-18,True,alpha_vantage,-0.22,-21.1538,0,1,0.22,3.878075,1.0,3.6653,-28.7168,91,0,
BAC,2007-12-31,2008-01-22,2008-01-22,True,alpha_vantage,-0.11,-68.75,0,1,0.11,-2.516575,0.75,0.897312,-47.5962,96,0,
BAC,2008-03-31,2008-04-21,2008-04-21,True,alpha_vantage,-0.1,-30.303,0,1,0.1,-20.3678,0.5,-6.5935,38.447,90,0,
BAC,2008-06-30,2008-07-21,2008-07-21,True,alpha_vantage,0.23,46.9388,1,0,0.23,-28.16095,0.25,-11.813662,77.2418,91,0,
BAC,2008-09-30,2008-10-06,2008-10-06,True,alpha_vantage,-0.51,-77.2727,0,1,0.51,-18.317,0.25,-7.219462,-124.2115,77,0,
BAC,2008-12-31,2009-01-16,2009-01-16,True,alpha_vantage,-0.54,-900.0,0,1,0.54,-32.346725,0.25,-17.43165,-822.7273,102,0,
BAC,2009-03-31,2009-04-20,2009-04-20,True,alpha_vantage,0.33,300.0,1,0,0.33,-240.159225,0.25,-130.263512,1200.0,94,0,
BAC,2009-06-30,2009-07-17,2009-07-17,True,alpha_vantage,-0.11,-25.0,0,1,0.11,-157.583475,0.5,-92.872213,-325.0,88,0,
BAC,2009-09-30,2009-10-16,2009-10-16,True,alpha_vantage,-0.09,-52.9412,0,1,0.09,-175.568175,0.25,-96.942588,-27.9412,91,0,
BAC,2009-12-31,2010-01-20,2010-01-20,True,alpha_vantage,-0.08,-15.3846,0,1,0.08,-169.4853,0.25,-100.916012,37.5566,96,0,
BAC,2010-03-31,2010-04-16,2010-04-16,True,alpha_vantage,0.17,154.5455,1,0,0.17,51.66855,0.25,-94.245338,169.9301,86,0,
BAC,2010-06-30,2010-07-16,2010-07-16,True,alpha_vantage,0.08,42.1053,1,0,0.08,15.304925,0.25,-71.139275,-112.4402,91,0,
BAC,2010-09-30,2010-10-19,2010-10-19,True,alpha_vantage,-0.92,-613.3333,0,1,0.92,32.08125,0.5,-71.743463,-655.4386,95,0,
BAC,2010-12-31,2011-01-21,2011-01-21,True,alpha_vantage,-0.06,-60.0,0,1,0.06,-108.016775,0.5,-138.751037,553.3333,94,0,
BAC,2011-03-31,2011-04-15,2011-04-15,True,alpha_vantage,-0.1,-37.037,0,1,0.1,-119.170625,0.5,-33.751038,22.963,84,0,
BAC,2011-06-30,2011-07-19,2011-07-19,True,alpha_vantage,0.0,0.0,0,0,0.0,-167.06625,0.25,-75.880662,37.037,95,0,
BAC,2011-09-30,2011-10-18,2011-10-18,True,alpha_vantage,0.12,27.2727,1,0,0.12,-177.592575,0.0,-72.755662,27.2727,91,0,
BAC,2011-12-31,2012-01-19,2012-01-19,True,alpha_vantage,-0.1,-40.0,0,1,0.1,-17.441075,0.25,-62.728925,-67.2727,93,0,
BAC,2012-03-31,2012-04-19,2012-04-19,True,alpha_vantage,0.09,150.0,1,0,0.09,-12.441075,0.25,-65.80585,190.0,91,0,
BAC,2012-06-30,2012-07-18,2012-07-18,True,alpha_vantage,0.03,18.75,1,0,0.03,34.318175,0.5,-66.374038,-131.25,90,0,
BAC,2012-09-30,2012-10-17,2012-10-17,True,alpha_vantage,0.0769,96.125,1,0,0.0769,39.005675,0.75,-69.29345,77.375,91,0,
BAC,2012-12-31,2013-01-17,2013-01-17,True,alpha_vantage,0.01,50.0,1,0,0.01,56.21875,0.75,19.388838,-46.125,92,0,
BAC,2013-03-31,2013-04-17,2013-04-17,True,alpha_vantage,-0.02,-9.0909,0,1,0.02,78.71875,1.0,33.138838,-59.0909,90,0,
BAC,2013-06-30,2013-07-17,2013-07-17,True,alpha_vantage,0.07,28.0,1,0,0.07,38.946025,0.75,36.6321,37.0909,91,0,
BAC,2013-09-30,2013-10-16,2013-10-16,True,alpha_vantage,0.02,11.1111,1,0,0.02,41.258525,0.75,40.1321,-16.8889,91,0,
BAC,2013-12-31,2014-01-15,2014-01-15,True,alpha_vantage,0.03,11.5385,1,0,0.03,20.00505,0.75,38.1119,0.4274,91,0,
BAC,2014-03-31,2014-04-16,2014-04-16,True,alpha_vantage,-0.11,-183.3333,0,1,0.11,10.389675,0.75,44.554212,-194.8718,91,0,
BAC,2014-06-30,2014-07-16,2014-07-16,True,alpha_vantage,0.12,171.4286,1,0,0.12,-33.170925,0.75,2.88755,354.7619,91,0,
BAC,2014-09-30,2014-10-15,2014-10-15,True,alpha_vantage,0.08,88.8889,1,0,0.08,2.686225,0.75,21.972375,-82.5397,91,0,
BAC,2014-12-31,2015-01-15,2015-01-15,True,alpha_vantage,-0.06,-19.3548,0,1,0.06,22.130675,0.75,21.067862,-108.2437,92,0,
BAC,2015-03-31,2015-04-15,2015-04-15,True,alpha_vantage,-0.02,-6.8966,0,1,0.02,14.40735,0.5,12.398512,12.4582,90,0,
BAC,2015-06-30,2015-07-15,2015-07-15,True,alpha_vantage,0.1,28.5714,1,0,0.1,58.516525,0.5,12.6728,35.468,91,0,
BAC,2015-09-30,2015-10-14,2015-10-14,True,alpha_vantage,0.03,8.8235,1,0,0.03,22.802225,0.5,12.744225,-19.7479,91,0,
BAC,2015-12-31,2016-01-19,2016-01-19,True,alpha_vantage,0.01,3.7037,1,0,0.01,2.785875,0.5,12.458275,-5.1198,97,0,
BAC,2016-03-31,2016-04-14,2016-04-14,True,alpha_vantage,0.0,0.0,0,0,0.0,8.5505,0.75,11.478925,-3.7037,86,0,
BAC,2016-06-30,2016-07-18,2016-07-18,True,alpha_vantage,0.02,5.8824,1,0,0.02,10.27465,0.75,34.395587,5.8824,95,0,
BAC,2016-09-30,2016-10-17,2016-10-17,True,alpha_vantage,0.07,20.5882,1,0,0.07,4.6024,0.75,13.702313,14.7058,91,0,
BAC,2016-12-31,2017-01-13,2017-01-13,True,alpha_vantage,0.02,5.2632,1,0,0.02,7.543575,0.75,5.164725,-15.325,88,0,
BAC,2017-03-31,2017-04-18,2017-04-18,True,alpha_vantage,0.06,17.1429,1,0,0.06,7.93345,0.75,8.241975,11.8797,95,0,
BAC,2017-06-30,2017-07-18,2017-07-18,True,alpha_vantage,0.02,4.5455,1,0,0.02,12.219175,1.0,11.246913,-12.5974,91,0,
BAC,2017-09-30,2017-10-13,2017-10-13,True,alpha_vantage,0.02,4.3478,1,0,0.02,11.88495,1.0,8.243675,-0.1977,87,0,
BAC,2017-12-31,2018-01-17,2018-01-17,True,alpha_vantage,0.06,42.8571,1,0,0.06,7.82485,1.0,7.684213,38.5093,96,0,
BAC,2018-03-31,2018-04-16,2018-04-16,True,alpha_vantage,0.02,3.3333,1,0,0.02,17.223325,1.0,12.578387,-39.5238,89,0,
BAC,2018-06-30,2018-07-16,2018-07-16,True,alpha_vantage,0.05,8.6207,1,0,0.05,13.770925,1.0,12.99505,5.2874,91,0,
BAC,2018-09-30,2018-10-15,2018-10-15,True,alpha_vantage,0.04,6.4516,1,0,0.04,14.789725,1.0,13.337338,-2.1691,91,0,
BAC,2018-12-31,2019-01-16,2019-01-16,True,alpha_vantage,0.06,9.375,1,0,0.06,15.315675,1.0,11.570263,2.9234,93,0,
BAC,2019-03-31,2019-04-16,2019-04-16,True,alpha_vantage,0.04,6.0606,1,0,0.04,6.94515,1.0,12.084238,-3.3144,90,0,
BAC,2019-06-30,2019-07-17,2019-07-17,True,alpha_vantage,0.03,4.2254,1,0,0.03,7.626975,1.0,10.69895,-1.8352,92,0,
BAC,2019-09-30,2019-10-16,2019-10-16,True,alpha_vantage,0.05,9.8039,1,0,0.05,6.52815,1.0,10.658938,5.5785,91,0,
BAC,2019-12-31,2020-01-15,2020-01-15,True,alpha_vantage,0.05,7.2464,1,0,0.05,7.366225,1.0,11.34095,-2.5575,91,0,
BAC,2020-03-31,2020-04-15,2020-04-15,True,alpha_vantage,-0.14,-25.9259,0,1,0.14,6.834075,1.0,6.889613,-33.1723,91,0,
BAC,2020-06-30,2020-07-16,2020-07-16,True,alpha_vantage,0.08,27.5862,1,0,0.08,-1.16255,0.75,3.232213,53.5121,92,0,
BAC,2020-09-30,2020-10-14,2020-10-14,True,alpha_vantage,0.01,2.0,1,0,0.01,4.67765,0.75,5.6029,-25.5862,90,0,
BAC,2020-12-31,2021-01-19,2021-01-19,True,alpha_vantage,0.05,9.2593,1,0,0.05,2.726675,0.75,5.04645,7.2593,97,0,
BAC,2021-03-31,2021-04-15,2021-04-15,True,alpha_vantage,0.2,30.303,1,0,0.2,3.2299,0.75,5.031988,21.0437,86,0,
BAC,2021-06-30,2021-07-14,2021-07-14,True,alpha_vantage,0.26,33.7662,1,0,0.26,17.287125,1.0,8.062288,3.4632,90,0,
BAC,2021-09-30,2021-10-14,2021-10-14,True,alpha_vantage,0.14,19.7183,1,0,0.14,18.832125,1.0,11.754888,-14.0479,92,0,
BAC,2021-12-31,2022-01-19,2022-01-19,True,alpha_vantage,0.06,7.8947,1,0,0.06,23.2617,1.0,12.994188,-11.8236,97,0,
BAC,2022-03-31,2022-04-18,2022-04-18,True,alpha_vantage,0.05,6.6667,1,0,0.05,22.92055,1.0,13.075225,-1.228,89,0,
BAC,2022-06-30,2022-07-18,2022-07-18,True,alpha_vantage,-0.02,-2.6667,0,1,0.02,17.011475,1.0,17.1493,-9.3334,91,0,
BAC,2022-09-30,2022-10-17,2022-10-17,True,alpha_vantage,0.03,3.8462,1,0,0.03,7.90325,0.75,13.367687,6.5129,91,0,
BAC,2022-12-31,2023-01-13,2023-01-13,True,alpha_vantage,0.08,10.3896,1,0,0.08,3.935225,0.75,13.598463,6.5434,88,0,
BAC,2023-03-31,2023-04-18,2023-04-18,True,alpha_vantage,0.11,13.253,1,0,0.11,4.55895,0.75,13.73975,2.8634,95,0,
BAC,2023-06-30,2023-07-18,2023-07-18,True,alpha_vantage,0.05,6.0241,1,0,0.05,6.205525,0.75,11.6085,-7.2289,91,0,
BAC,2023-09-30,2023-10-17,2023-10-17,True,alpha_vantage,0.08,9.7561,1,0,0.08,8.378225,1.0,8.140738,3.732,91,0,
BAC,2023-12-31,2024-01-12,2024-01-12,True,alpha_vantage,-0.31,-49.2063,0,1,0.31,9.8557,1.0,6.895462,-58.9624,87,0,
BAC,2024-03-31,2024-04-16,2024-04-16,True,alpha_vantage,0.07,10.0,1,0,0.07,-5.043275,0.75,-0.242162,59.2063,95,0,
BAC,2024-06-30,2024-07-16,2024-07-16,True,alpha_vantage,0.03,3.75,1,0,0.03,-5.856525,0.75,0.1745,-6.25,91,0,
BAC,2024-09-30,2024-10-15,2024-10-15,True,alpha_vantage,0.05,6.5789,1,0,0.05,-6.42505,0.75,0.976588,2.8289,91,0,
BAC,2024-12-31,2025-01-16,2025-01-16,True,alpha_vantage,0.05,6.4935,1,0,0.05,-7.21935,0.75,1.318175,-0.0854,93,0,
BAC,2025-03-31,2025-04-15,2025-04-15,True,alpha_vantage,0.08,9.7561,1,0,0.08,6.7056,1.0,0.831163,3.2626,89,0,
BAC,2025-06-30,2025-07-16,2025-07-16,True,alpha_vantage,0.03,3.4884,1,0,0.03,6.644625,1.0,0.39405,-6.2677,92,0,
BAC,2025-09-30,2025-10-15,2025-10-15,True,alpha_vantage,0.11,11.5789,1,0,0.11,6.579225,1.0,0.077088,8.0905,91,0,
BAC,2025-12-31,2026-01-14,2026-01-14,True,alpha_vantage,0.02,2.0833,1,0,0.02,7.829225,1.0,0.304938,-9.4956,91,0,
BAC,2026-03-31,2026-04-15,2026-04-15,True,alpha_vantage,0.09,8.8235,1,0,0.09,6.726675,1.0,6.716138,6.7402,91,0,
BKNG,1999-03-31,1999-05-04,1999-05-04,True,alpha_vantage,0.08,10.0,1,0,0.08,,,,,,0,
BKNG,1999-06-30,1999-07-19,1999-07-19,True,alpha_vantage,0.08,11.7647,1,0,0.08,10.0,1.0,10.0,1.7647,76,0,
BKNG,1999-09-30,1999-10-28,1999-10-28,True,alpha_vantage,0.1,17.2414,1,0,0.1,10.88235,1.0,10.88235,5.4767,101,0,
BKNG,1999-12-31,2000-01-27,2000-01-27,True,alpha_vantage,0.14,28.0,1,0,0.14,13.002033,1.0,13.002033,10.7586,91,0,
BKNG,2000-03-31,2000-04-24,2000-04-24,True,alpha_vantage,0.12,33.3333,1,0,0.12,16.751525,1.0,16.751525,5.3333,88,0,
BKNG,2000-06-30,2000-07-24,2000-07-24,True,alpha_vantage,-0.23,-121.0526,0,1,0.23,22.58485,1.0,20.06788,-154.3859,91,0,
BKNG,2000-09-30,2000-11-02,2000-11-02,True,alpha_vantage,0.26,81.25,1,0,0.26,-10.619475,0.75,-3.4522,202.3026,101,0,
BKNG,2000-12-31,2001-02-15,2001-02-15,True,alpha_vantage,-0.5,-125.0,0,1,0.5,5.382675,0.75,8.648114,-206.25,105,0,
BKNG,2001-03-31,2001-05-01,2001-05-01,True,alpha_vantage,0.1,35.7143,1,0,0.1,-32.867325,0.5,-8.0579,160.7143,75,0,
BKNG,2001-06-30,2001-07-31,2001-07-31,True,alpha_vantage,0.21,233.3333,1,0,0.21,-32.272075,0.5,-4.843612,197.619,91,0,
BKNG,2001-09-30,2001-11-01,2001-11-01,True,alpha_vantage,0.11,157.1429,1,0,0.11,56.3244,0.75,22.852463,-76.1904,93,0,
BKNG,2001-12-31,2002-02-04,2002-02-04,True,alpha_vantage,0.07,700.0,1,0,0.07,75.297625,0.75,40.34015,542.8571,95,0,
BKNG,2002-03-31,2002-05-01,2002-05-01,True,alpha_vantage,0.13,1300.0,1,0,0.13,281.547625,1.0,124.34015,600.0,86,0,
BKNG,2002-06-30,2002-07-31,2002-07-31,True,alpha_vantage,-0.01,-5.2632,0,1,0.01,597.61905,1.0,282.673488,-1305.2632,91,0,
BKNG,2002-09-30,2002-11-05,2002-11-05,True,alpha_vantage,-0.6919,-1383.8,0,1,0.6919,537.969925,0.75,297.147162,-1378.5368,97,0,
BKNG,2002-12-31,2003-02-10,2003-02-10,True,alpha_vantage,0.05,45.4545,1,0,0.05,152.7342,0.5,114.015913,1429.2545,97,0,
BKNG,2003-03-31,2003-05-01,2003-05-01,True,alpha_vantage,0.04,57.1429,1,0,0.04,-10.902175,0.5,135.322725,11.6884,80,0,
BKNG,2003-06-30,2003-07-24,2003-07-24,True,alpha_vantage,0.0,0.0,0,0,0.0,-321.61645,0.5,138.0013,-57.1429,84,0,
BKNG,2003-09-30,2003-11-04,2003-11-04,True,alpha_vantage,0.0,0.0,0,0,0.0,-320.30065,0.5,108.834637,0.0,103,0,
BKNG,2003-12-31,2004-02-10,2004-02-10,True,alpha_vantage,0.02,50.0,1,0,0.02,25.64935,0.5,89.191775,50.0,98,0,
BKNG,2004-03-31,2004-05-03,2004-05-03,True,alpha_vantage,-0.07,-87.5,0,1,0.07,26.785725,0.5,7.941775,-137.5,83,0,
BKNG,2004-06-30,2004-08-02,2004-08-02,True,alpha_vantage,0.0,0.0,0,0,0.0,-9.375,0.25,-165.495725,87.5,91,0,
BKNG,2004-09-30,2004-11-02,2004-11-02,True,alpha_vantage,0.0,0.0,0,0,0.0,-9.375,0.25,-164.837825,0.0,92,0,
BKNG,2004-12-31,2005-02-17,2005-02-17,True,alpha_vantage,0.0,0.0,0,0,0.0,-9.375,0.25,8.137175,0.0,107,0,
BKNG,2005-03-31,2005-05-09,2005-05-09,True,alpha_vantage,0.0,0.0,0,0,0.0,-21.875,0.0,2.455362,0.0,81,0,
BKNG,2005-06-30,2005-08-08,2005-08-08,True,alpha_vantage,0.01,100.0,1,0,0.01,0.0,0.0,-4.6875,100.0,91,0,
BKNG,2005-09-30,2005-11-02,2005-11-02,True,alpha_vantage,0.01,100.0,1,0,0.01,25.0,0.25,7.8125,0.0,86,0,
BKNG,2005-12-31,2006-02-16,2006-02-16,True,alpha_vantage,0.01,3.7037,1,0,0.01,50.0,0.5,20.3125,-96.2963,106,0,
BKNG,2006-03-31,2006-05-03,2006-05-03,True,alpha_vantage,0.0,0.0,0,0,0.0,50.925925,0.75,14.525462,-3.7037,76,0,
BKNG,2006-06-30,2006-08-07,2006-08-07,True,alpha_vantage,0.0,0.0,0,0,0.0,50.925925,0.75,25.462962,0.0,96,0,
BKNG,2006-09-30,2006-11-08,2006-11-08,True,alpha_vantage,0.0,0.0,0,0,0.0,25.925925,0.5,25.462962,0.0,93,0,
BKNG,2006-12-31,2007-02-12,2007-02-12,True,alpha_vantage,0.0,0.0,0,0,0.0,0.925925,0.25,25.462962,0.0,96,0,
BKNG,2007-03-31,2007-05-08,2007-05-08,True,alpha_vantage,0.0,0.0,0,0,0.0,0.0,0.0,25.462962,0.0,85,0,
BKNG,2007-06-30,2007-08-07,2007-08-07,True,alpha_vantage,0.0,0.0,0,0,0.0,0.0,0.0,25.462962,0.0,91,0,
BKNG,2007-09-30,2007-11-08,2007-11-08,True,alpha_vantage,0.01,20.0,1,0,0.01,0.0,0.0,12.962962,20.0,93,0,
BKNG,2007-12-31,2008-02-14,2008-02-14,True,alpha_vantage,0.01,33.3333,1,0,0.01,5.0,0.25,2.962963,13.3333,98,0,
BKNG,2008-03-31,2008-05-08,2008-05-08,True,alpha_vantage,0.01,50.0,1,0,0.01,13.333325,0.5,6.666663,16.6667,84,0,
BKNG,2008-06-30,2008-08-05,2008-08-05,True,alpha_vantage,0.0,0.0,0,0,0.0,25.833325,0.75,12.916663,-50.0,89,0,
BKNG,2008-09-30,2008-11-06,2008-11-06,True,alpha_vantage,0.02,25.0,1,0,0.02,25.833325,0.75,12.916663,25.0,93,0,
BKNG,2008-12-31,2009-02-18,2009-02-18,True,alpha_vantage,0.01,25.0,1,0,0.01,27.083325,0.75,16.041663,0.0,104,0,
BKNG,2009-03-31,2009-05-11,2009-05-11,True,alpha_vantage,0.0,0.0,0,0,0.0,25.0,0.75,19.166663,-25.0,82,0,
BKNG,2009-06-30,2009-08-10,2009-08-10,True,alpha_vantage,0.01,14.2857,1,0,0.01,12.5,0.5,19.166663,14.2857,91,0,
BKNG,2009-09-30,2009-11-09,2009-11-09,True,alpha_vantage,0.02,16.6667,1,0,0.02,16.071425,0.75,20.952375,2.381,91,0,
BKNG,2009-12-31,2010-02-17,2010-02-17,True,alpha_vantage,0.01,14.2857,1,0,0.01,13.9881,0.75,20.535712,-2.381,100,0,
BKNG,2010-03-31,2010-05-10,2010-05-10,True,alpha_vantage,0.0,0.0,0,0,0.0,11.309525,0.75,18.154763,-14.2857,82,0,
BKNG,2010-06-30,2010-08-03,2010-08-03,True,alpha_vantage,0.01,9.0909,1,0,0.01,11.309525,0.75,11.904763,9.0909,85,0,
BKNG,2010-09-30,2010-11-08,2010-11-08,True,alpha_vantage,0.02,10.5263,1,0,0.02,10.010825,0.75,13.041125,1.4354,97,0,
BKNG,2010-12-31,2011-02-23,2011-02-23,True,alpha_vantage,0.31,10.0324,1,0,0.31,8.475725,0.75,11.231912,-0.4939,107,0,
BKNG,2011-03-31,2011-05-05,2011-05-05,True,alpha_vantage,0.01,10.0,1,0,0.01,7.4124,0.75,9.360962,-0.0324,71,0,
BKNG,2011-06-30,2011-08-04,2011-08-04,True,alpha_vantage,0.02,10.0,1,0,0.02,9.9124,1.0,10.610962,0.0,91,0,
BKNG,2011-09-30,2011-11-07,2011-11-07,True,alpha_vantage,0.03,8.1081,1,0,0.03,10.139675,1.0,10.07525,-1.8919,95,0,
BKNG,2011-12-31,2012-02-27,2012-02-27,True,alpha_vantage,0.32,6.3366,1,0,0.32,9.535125,1.0,9.005425,-1.7715,112,0,
BKNG,2012-03-31,2012-05-09,2012-05-09,True,alpha_vantage,0.01,6.25,1,0,0.01,8.611175,1.0,8.011788,-0.0866,72,0,
BKNG,2012-06-30,2012-08-07,2012-08-07,True,alpha_vantage,0.02,6.8966,1,0,0.02,7.673675,1.0,8.793038,0.6466,90,0,
BKNG,2012-09-30,2012-11-01,2012-11-01,True,alpha_vantage,0.03,6.383,1,0,0.03,6.897825,1.0,8.51875,-0.5136,86,0,
BKNG,2012-12-31,2013-02-26,2013-02-26,True,alpha_vantage,0.23,3.5168,1,0,0.23,6.46655,1.0,8.000837,-2.8662,117,0,
BKNG,2013-03-31,2013-05-09,2013-05-09,True,alpha_vantage,0.02,9.5238,1,0,0.02,5.7616,1.0,7.186388,6.007,72,0,
BKNG,2013-06-30,2013-08-08,2013-08-08,True,alpha_vantage,0.01,2.6316,1,0,0.01,6.58005,1.0,7.126862,-6.8922,91,0,
BKNG,2013-09-30,2013-11-07,2013-11-07,True,alpha_vantage,0.04,6.1538,1,0,0.04,5.5138,1.0,6.205813,3.5222,91,0,
BKNG,2013-12-31,2014-02-20,2014-02-20,True,alpha_vantage,0.02,6.0606,1,0,0.02,5.4565,1.0,5.961525,-0.0932,105,0,
BKNG,2014-03-31,2014-05-08,2014-05-08,True,alpha_vantage,0.89,12.8613,1,0,0.89,6.09245,1.0,5.927025,6.8007,77,0,
BKNG,2014-06-30,2014-08-11,2014-08-11,True,alpha_vantage,0.02,4.1667,1,0,0.02,6.926825,1.0,6.753438,-8.6946,95,0,
BKNG,2014-09-30,2014-11-04,2014-11-04,True,alpha_vantage,0.05,5.9524,1,0,0.05,7.3106,1.0,6.4122,1.7857,85,0,
BKNG,2014-12-31,2015-02-19,2015-02-19,True,alpha_vantage,0.03,7.5,1,0,0.03,7.26025,1.0,6.358375,1.5476,107,0,
BKNG,2015-03-31,2015-05-07,2015-05-07,True,alpha_vantage,0.01,3.2258,1,0,0.01,7.6201,1.0,6.856275,-4.2742,77,0,
BKNG,2015-06-30,2015-08-05,2015-08-05,True,alpha_vantage,0.03,6.383,1,0,0.03,5.211225,1.0,6.069025,3.1572,90,0,
BKNG,2015-09-30,2015-11-09,2015-11-09,True,alpha_vantage,0.04,4.1237,1,0,0.04,5.7653,1.0,6.53795,-2.2593,96,0,
BKNG,2015-12-31,2016-02-17,2016-02-17,True,alpha_vantage,0.04,8.5106,1,0,0.04,5.308125,1.0,6.284187,4.3869,100,0,
BKNG,2016-03-31,2016-05-04,2016-05-04,True,alpha_vantage,0.04,10.5263,1,0,0.04,5.560775,1.0,6.590438,2.0157,77,0,
BKNG,2016-06-30,2016-08-04,2016-08-04,True,alpha_vantage,0.05,9.8039,1,0,0.05,7.3859,1.0,6.298563,-0.7224,92,0,
BKNG,2016-09-30,2016-11-07,2016-11-07,True,alpha_vantage,0.05,4.1667,1,0,0.05,8.241125,1.0,7.003213,-5.6372,95,0,
BKNG,2016-12-31,2017-02-27,2017-02-27,True,alpha_vantage,1.2,9.2237,1,0,1.2,8.251875,1.0,6.78,5.057,112,0,
BKNG,2017-03-31,2017-05-09,2017-05-09,True,alpha_vantage,0.05,14.2857,1,0,0.05,8.43015,1.0,6.995463,5.062,71,0,
BKNG,2017-06-30,2017-08-08,2017-08-08,True,alpha_vantage,0.04,7.0175,1,0,0.04,9.37,1.0,8.37795,-7.2682,91,0,
BKNG,2017-09-30,2017-11-06,2017-11-06,True,alpha_vantage,0.04,2.9197,1,0,0.04,8.6734,1.0,8.457263,-4.0978,90,0,
BKNG,2017-12-31,2018-02-27,2018-02-27,True,alpha_vantage,2.74,19.4051,1,0,2.74,8.36165,1.0,8.306762,16.4854,113,0,
BKNG,2018-03-31,2018-05-09,2018-05-09,True,alpha_vantage,0.05,11.6279,1,0,0.05,10.907,1.0,9.668575,-7.7772,71,0,
BKNG,2018-06-30,2018-08-09,2018-08-09,True,alpha_vantage,0.14,20.2899,1,0,0.14,10.24255,1.0,9.806275,8.662,92,0,
BKNG,2018-09-30,2018-11-05,2018-11-05,True,alpha_vantage,-0.02,-1.3072,0,1,0.02,13.56065,1.0,11.117025,-21.5971,88,0,
BKNG,2018-12-31,2019-02-27,2019-02-27,True,alpha_vantage,3.07,15.8084,1,0,3.07,12.503925,0.75,10.432787,17.1156,114,0,
BKNG,2019-03-31,2019-05-09,2019-05-09,True,alpha_vantage,0.0,0.0,0,0,0.0,11.60475,0.75,11.255875,-15.8084,71,0,
BKNG,2019-06-30,2019-08-07,2019-08-07,True,alpha_vantage,0.03,3.2967,1,0,0.03,8.697775,0.5,9.470163,3.2967,90,0,
BKNG,2019-09-30,2019-11-07,2019-11-07,True,alpha_vantage,0.03,1.6854,1,0,0.03,4.449475,0.5,9.005063,-1.6113,92,0,
BKNG,2019-12-31,2020-02-26,2020-02-26,True,alpha_vantage,0.05,5.6818,1,0,0.05,5.197625,0.75,8.850775,3.9964,111,0,
BKNG,2020-03-31,2020-05-07,2020-05-07,True,alpha_vantage,-0.06,-28.5714,0,1,0.06,2.665975,0.75,7.135363,-34.2532,71,0,
BKNG,2020-06-30,2020-08-06,2020-08-06,True,alpha_vantage,0.03,6.5217,1,0,0.03,-4.476875,0.75,2.11045,35.0931,91,0,
BKNG,2020-09-30,2020-11-05,2020-11-05,True,alpha_vantage,-0.08,-14.0351,0,1,0.08,-3.670625,0.75,0.389425,-20.5568,91,0,
BKNG,2020-12-31,2021-02-24,2021-02-24,True,alpha_vantage,3.71,86.6822,1,0,3.71,-7.60075,0.5,-1.201563,100.7173,111,0,
BKNG,2021-03-31,2021-05-05,2021-05-05,True,alpha_vantage,0.03,12.5,1,0,0.03,12.64935,0.5,7.657662,-74.1822,70,0,
BKNG,2021-06-30,2021-08-04,2021-08-04,True,alpha_vantage,-0.01,-11.1111,0,1,0.01,22.9172,0.75,9.220162,-23.6111,91,0,
BKNG,2021-09-30,2021-11-03,2021-11-03,True,alpha_vantage,0.19,14.3939,1,0,0.19,18.509,0.5,7.419187,25.505,91,0,
BKNG,2021-12-31,2022-02-23,2022-02-23,True,alpha_vantage,2.15,15.7164,1,0,2.15,25.61625,0.75,9.00775,1.3225,112,0,
BKNG,2022-03-31,2022-05-04,2022-05-04,True,alpha_vantage,0.11,220.0,1,0,0.11,7.8748,0.75,10.262075,204.2836,70,0,
BKNG,2022-06-30,2022-08-03,2022-08-03,True,alpha_vantage,0.05,7.0423,1,0,0.05,59.7498,0.75,41.3335,-212.9577,91,0,
BKNG,2022-09-30,2022-11-02,2022-11-02,True,alpha_vantage,0.13,6.5327,1,0,0.13,64.28815,1.0,41.398575,-0.5096,91,0,
BKNG,2022-12-31,2023-02-23,2023-02-23,True,alpha_vantage,2.51,11.291,1,0,2.51,62.32285,1.0,43.96955,4.7583,113,0,
BKNG,2023-03-31,2023-05-04,2023-05-04,True,alpha_vantage,0.03,6.9767,1,0,0.03,61.2165,1.0,34.54565,-4.3143,70,0,
BKNG,2023-06-30,2023-08-03,2023-08-03,True,alpha_vantage,0.33,28.2051,1,0,0.33,7.960675,1.0,33.855238,21.2284,91,0,
BKNG,2023-09-30,2023-11-02,2023-11-02,True,alpha_vantage,0.17,6.25,1,0,0.17,13.251375,1.0,38.769762,-21.9551,91,0,
BKNG,2023-12-31,2024-02-22,2024-02-22,True,alpha_vantage,2.14,7.1668,1,0,2.14,13.1807,1.0,37.751775,0.9168,112,0,
BKNG,2024-03-31,2024-05-02,2024-05-02,True,alpha_vantage,0.25,43.8596,1,0,0.25,12.14965,1.0,36.683075,36.6928,70,0,
BKNG,2024-06-30,2024-08-01,2024-08-01,True,alpha_vantage,0.13,8.3871,1,0,0.13,21.370375,1.0,14.665525,-35.4725,91,0,
BKNG,2024-09-30,2024-10-30,2024-10-30,True,alpha_vantage,6.37,8.2172,1,0,6.37,16.415875,1.0,14.833625,-0.1699,90,0,
BKNG,2024-12-31,2025-02-20,2025-02-20,True,alpha_vantage,5.4963,15.2448,1,0,5.4963,16.907675,1.0,15.044187,7.0276,113,0,
BKNG,2025-03-31,2025-04-29,2025-04-29,True,alpha_vantage,0.29,41.4286,1,0,0.29,18.927175,1.0,15.538412,26.1838,68,0,
BKNG,2025-06-30,2025-07-29,2025-07-29,True,alpha_vantage,0.2,9.901,1,0,0.2,18.319425,1.0,19.8449,-31.5276,91,0,
BKNG,2025-09-30,2025-10-28,2025-10-28,True,alpha_vantage,0.14,3.6458,1,0,0.14,18.6979,1.0,17.556888,-6.2552,91,0,
BKNG,2025-12-31,2026-02-18,2026-02-18,True,alpha_vantage,0.57,1.1818,1,0,0.57,17.55505,1.0,17.231362,-2.464,113,0,
BKNG,2026-03-31,2026-04-28,2026-04-28,True,alpha_vantage,0.06,5.5556,1,0,0.06,14.0393,1.0,16.483238,4.3738,69,0,
BLK,1999-12-31,2000-01-13,2000-01-13,True,alpha_vantage,0.01,3.8462,1,0,0.01,,,,,,0,
BLK,2000-03-31,2000-04-11,2000-04-11,True,alpha_vantage,0.01,3.4483,1,0,0.01,3.8462,1.0,3.8462,-0.3979,89,0,
BLK,2000-06-30,2000-07-12,2000-07-12,True,alpha_vantage,0.0,0.0,0,0,0.0,3.64725,1.0,3.64725,-3.4483,92,0,
BLK,2000-09-30,2000-10-12,2000-10-12,True,alpha_vantage,0.02,6.0606,1,0,0.02,2.4315,0.6667,2.4315,6.0606,92,0,
BLK,2000-12-31,2001-01-16,2001-01-16,True,alpha_vantage,0.03,8.5714,1,0,0.03,3.338775,0.75,3.338775,2.5108,96,0,
BLK,2001-03-31,2001-04-12,2001-04-12,True,alpha_vantage,0.01,2.6316,1,0,0.01,4.520075,0.75,4.3853,-5.9398,86,0,
BLK,2001-06-30,2001-07-11,2001-07-11,True,alpha_vantage,0.0,0.0,0,0,0.0,4.3159,0.75,4.093017,-2.6316,90,0,
BLK,2001-09-30,2001-10-16,2001-10-16,True,alpha_vantage,0.01,2.439,1,0,0.01,4.3159,0.75,3.5083,2.439,97,0,
BLK,2001-12-31,2002-01-15,2002-01-15,True,alpha_vantage,0.01,2.3256,1,0,0.01,3.4105,0.75,3.374637,-0.1134,91,0,
BLK,2002-03-31,2002-04-12,2002-04-12,True,alpha_vantage,0.02,4.3478,1,0,0.02,1.84905,0.75,3.184563,2.0222,87,0,
BLK,2002-06-30,2002-07-12,2002-07-12,True,alpha_vantage,0.04,8.1633,1,0,0.04,2.2781,0.75,3.297,3.8155,91,0,
BLK,2002-09-30,2002-10-11,2002-10-11,True,alpha_vantage,0.0,0.0,0,0,0.0,4.318925,1.0,4.317412,-8.1633,91,0,
BLK,2002-12-31,2003-01-15,2003-01-15,True,alpha_vantage,0.01,1.9608,1,0,0.01,3.709175,0.75,3.559837,1.9608,96,0,
BLK,2003-03-31,2003-04-15,2003-04-15,True,alpha_vantage,0.0,0.0,0,0,0.0,3.617975,0.75,2.733513,-1.9608,90,0,
BLK,2003-06-30,2003-07-15,2003-07-15,True,alpha_vantage,0.01,1.7544,1,0,0.01,2.531025,0.5,2.404562,1.7544,91,0,
BLK,2003-09-30,2003-10-15,2003-10-15,True,alpha_vantage,0.01,1.6667,1,0,0.01,0.9288,0.5,2.623862,-0.0877,92,0,
BLK,2003-12-31,2004-01-21,2004-01-21,True,alpha_vantage,0.0,0.0,0,0,0.0,1.345475,0.75,2.527325,-1.6667,98,0,
BLK,2004-03-31,2004-04-20,2004-04-20,True,alpha_vantage,-0.04,-5.3333,0,1,0.04,0.855275,0.5,2.236625,-5.3333,90,0,
BLK,2004-06-30,2004-07-20,2004-07-20,True,alpha_vantage,0.01,1.4286,1,0,0.01,-0.47805,0.5,1.026487,6.7619,91,0,
BLK,2004-09-30,2004-10-18,2004-10-18,True,alpha_vantage,0.0,0.0,0,0,0.0,-0.5595,0.5,0.18465,-1.4286,90,0,
BLK,2004-12-31,2005-01-19,2005-01-19,True,alpha_vantage,0.03,4.1667,1,0,0.03,-0.976175,0.25,0.18465,4.1667,93,0,
BLK,2005-03-31,2005-04-19,2005-04-19,True,alpha_vantage,0.08,9.8765,1,0,0.08,0.0655,0.5,0.460387,5.7098,90,0,
BLK,2005-06-30,2005-07-19,2005-07-19,True,alpha_vantage,0.01,1.1111,1,0,0.01,3.86795,0.75,1.69495,-8.7654,91,0,
BLK,2005-09-30,2005-10-19,2005-10-19,True,alpha_vantage,0.06,6.1856,1,0,0.06,3.788575,0.75,1.614537,5.0745,92,0,
BLK,2005-12-31,2006-01-19,2006-01-19,True,alpha_vantage,0.15,14.1509,1,0,0.15,5.334975,1.0,2.1794,7.9653,92,0,
BLK,2006-03-31,2006-04-19,2006-04-19,True,alpha_vantage,0.11,9.8214,1,0,0.11,7.831025,1.0,3.948262,-4.3295,90,0,
BLK,2006-06-30,2006-07-18,2006-07-18,True,alpha_vantage,0.02,1.7094,1,0,0.02,7.81725,1.0,5.8426,-8.112,90,0,
BLK,2006-09-30,2006-10-30,2006-10-30,True,alpha_vantage,-0.09,-7.8261,0,1,0.09,7.966825,1.0,5.8777,-9.5355,104,0,
BLK,2006-12-31,2007-01-23,2007-01-23,True,alpha_vantage,0.07,4.5455,1,0,0.07,4.4639,0.75,4.899438,12.3716,85,0,
BLK,2007-03-31,2007-04-19,2007-04-19,True,alpha_vantage,-0.03,-1.8519,0,1,0.03,2.06255,0.75,4.946788,-6.3974,86,0,
BLK,2007-06-30,2007-07-18,2007-07-18,True,alpha_vantage,0.13,7.7844,1,0,0.13,-0.855775,0.5,3.480738,9.6363,90,0,
BLK,2007-09-30,2007-10-17,2007-10-17,True,alpha_vantage,0.38,19.8953,1,0,0.38,0.662975,0.5,4.3149,12.1109,91,0,
BLK,2007-12-31,2008-01-17,2008-01-17,True,alpha_vantage,0.37,17.2093,1,0,0.37,7.593325,0.75,6.028612,-2.686,92,0,
BLK,2008-03-31,2008-04-16,2008-04-16,True,alpha_vantage,-0.11,-5.4726,0,1,0.11,10.759275,0.75,6.410912,-22.6819,90,0,
BLK,2008-06-30,2008-07-17,2008-07-17,True,alpha_vantage,0.26,13.8298,1,0,0.26,9.8541,0.75,4.499162,19.3024,92,0,
BLK,2008-09-30,2008-10-21,2008-10-21,True,alpha_vantage,-0.17,-9.0426,0,1,0.17,11.36545,0.75,6.014212,-22.8724,96,0,
BLK,2008-12-31,2009-01-21,2009-01-21,True,alpha_vantage,-0.31,-31.3131,0,1,0.31,4.130975,0.5,5.86215,-22.2705,92,0,
BLK,2009-03-31,2009-04-21,2009-04-21,True,alpha_vantage,0.0,0.0,0,0,0.0,-7.999625,0.25,1.379825,31.3131,90,0,
BLK,2009-06-30,2009-07-21,2009-07-21,True,alpha_vantage,0.19,12.1795,1,0,0.19,-6.631475,0.25,1.611312,12.1795,91,0,
BLK,2009-09-30,2009-10-20,2009-10-20,True,alpha_vantage,0.17,8.8083,1,0,0.17,-7.04405,0.25,2.1607,-3.3712,91,0,
BLK,2009-12-31,2010-01-27,2010-01-27,True,alpha_vantage,0.29,13.8095,1,0,0.29,-2.581325,0.5,0.774825,5.0012,99,0,
BLK,2010-03-31,2010-04-26,2010-04-26,True,alpha_vantage,-0.05,-2.0408,0,1,0.05,8.699325,0.75,0.34985,-15.8503,89,0,
BLK,2010-06-30,2010-07-21,2010-07-21,True,alpha_vantage,0.08,3.4934,1,0,0.08,8.189125,0.75,0.778825,5.5342,86,0,
BLK,2010-09-30,2010-10-20,2010-10-20,True,alpha_vantage,0.29,11.7886,1,0,0.29,6.0176,0.75,-0.513225,8.2952,91,0,
BLK,2010-12-31,2011-01-25,2011-01-25,True,alpha_vantage,0.52,17.931,1,0,0.52,6.762675,0.75,2.090675,6.1424,97,0,
BLK,2011-03-31,2011-04-21,2011-04-21,True,alpha_vantage,0.19,6.8592,1,0,0.19,7.79305,0.75,8.246187,-11.0718,86,0,
BLK,2011-06-30,2011-07-20,2011-07-20,True,alpha_vantage,0.12,4.1667,1,0,0.12,10.01805,1.0,9.103587,-2.6925,90,0,
BLK,2011-09-30,2011-10-19,2011-10-19,True,alpha_vantage,0.2,7.6046,1,0,0.2,10.186375,1.0,8.101987,3.4379,91,0,
BLK,2011-12-31,2012-01-19,2012-01-19,True,alpha_vantage,0.07,2.3411,1,0,0.07,9.140375,1.0,7.951525,-5.2635,92,0,
BLK,2012-03-31,2012-04-18,2012-04-18,True,alpha_vantage,0.12,3.9474,1,0,0.12,5.2429,1.0,6.517975,1.6063,90,0,
BLK,2012-06-30,2012-07-18,2012-07-18,True,alpha_vantage,0.09,2.99,1,0,0.09,4.51495,1.0,7.2665,-0.9574,91,0,
BLK,2012-09-30,2012-10-17,2012-10-17,True,alpha_vantage,0.15,4.5181,1,0,0.15,4.220775,1.0,7.203575,1.5281,91,0,
BLK,2012-12-31,2013-01-17,2013-01-17,True,alpha_vantage,0.23,6.1662,1,0,0.23,3.44915,1.0,6.294763,1.6481,92,0,
BLK,2013-03-31,2013-04-16,2013-04-16,True,alpha_vantage,0.07,1.9553,1,0,0.07,4.405425,1.0,4.824162,-4.2109,89,0,
BLK,2013-06-30,2013-07-18,2013-07-18,True,alpha_vantage,0.33,8.6387,1,0,0.33,3.9074,1.0,4.211175,6.6834,93,0,
BLK,2013-09-30,2013-10-16,2013-10-16,True,alpha_vantage,0.0,0.0,0,0,0.0,5.319575,1.0,4.770175,-8.6387,90,0,
BLK,2013-12-31,2014-01-16,2014-01-16,True,alpha_vantage,0.59,13.6259,1,0,0.59,4.19005,0.75,3.8196,13.6259,92,0,
BLK,2014-03-31,2014-04-17,2014-04-17,True,alpha_vantage,0.32,7.7859,1,0,0.32,6.054975,0.75,5.2302,-5.84,91,0,
BLK,2014-06-30,2014-07-16,2014-07-16,True,alpha_vantage,0.43,9.6413,1,0,0.43,7.512625,0.75,5.710012,1.8554,90,0,
BLK,2014-09-30,2014-10-15,2014-10-15,True,alpha_vantage,0.55,11.8026,1,0,0.55,7.763275,0.75,6.541425,2.1613,91,0,
BLK,2014-12-31,2015-01-15,2015-01-15,True,alpha_vantage,0.15,3.212,1,0,0.15,10.713925,1.0,7.451987,-8.5906,92,0,
BLK,2015-03-31,2015-04-16,2015-04-16,True,alpha_vantage,0.37,8.1858,1,0,0.37,8.11045,1.0,7.082712,4.9738,91,0,
BLK,2015-06-30,2015-07-15,2015-07-15,True,alpha_vantage,0.16,3.3333,1,0,0.16,8.210425,1.0,7.861525,-4.8525,90,0,
BLK,2015-09-30,2015-10-14,2015-10-14,True,alpha_vantage,0.43,9.4092,1,0,0.43,6.633425,1.0,7.19835,6.0759,91,0,
BLK,2015-12-31,2016-01-15,2016-01-15,True,alpha_vantage,-0.05,-1.0417,0,1,0.05,6.035075,1.0,8.3745,-10.4509,93,0,
BLK,2016-03-31,2016-04-14,2016-04-14,True,alpha_vantage,-0.04,-0.9324,0,1,0.04,4.97165,0.75,6.54105,0.1093,90,0,
BLK,2016-06-30,2016-07-14,2016-07-14,True,alpha_vantage,0.0,0.0,0,0,0.0,2.6921,0.5,5.451263,0.9324,91,0,
BLK,2016-09-30,2016-10-18,2016-10-18,True,alpha_vantage,0.14,2.8,1,0,0.14,1.858775,0.25,4.2461,2.8,96,0,
BLK,2016-12-31,2017-01-13,2017-01-13,True,alpha_vantage,0.12,2.3904,1,0,0.12,0.206475,0.25,3.120775,-0.4096,87,0,
BLK,2017-03-31,2017-04-19,2017-04-19,True,alpha_vantage,-0.13,-2.6585,0,1,0.13,1.0645,0.5,3.018075,-5.0489,96,0,
BLK,2017-06-30,2017-07-17,2017-07-17,True,alpha_vantage,-0.16,-2.963,0,1,0.16,0.632975,0.5,1.662538,-0.3045,89,0,
BLK,2017-09-30,2017-10-11,2017-10-11,True,alpha_vantage,0.36,6.4748,1,0,0.36,-0.107775,0.5,0.8755,9.4378,86,0,
BLK,2017-12-31,2018-01-12,2018-01-12,True,alpha_vantage,0.22,3.6545,1,0,0.22,0.810925,0.5,0.5087,-2.8203,93,0,
BLK,2018-03-31,2018-04-12,2018-04-12,True,alpha_vantage,0.31,4.8513,1,0,0.31,1.12695,0.5,1.095725,1.1968,90,0,
BLK,2018-06-30,2018-07-16,2018-07-16,True,alpha_vantage,0.11,1.6794,1,0,0.11,3.0044,0.75,1.818688,-3.1719,95,0,
BLK,2018-09-30,2018-10-16,2018-10-16,True,alpha_vantage,0.68,9.9415,1,0,0.68,4.165,1.0,2.028612,8.2621,92,0,
BLK,2018-12-31,2019-01-16,2019-01-16,True,alpha_vantage,-0.19,-3.0303,0,1,0.19,5.031675,1.0,2.9213,-12.9718,92,0,
BLK,2019-03-31,2019-04-16,2019-04-16,True,alpha_vantage,0.48,7.8303,1,0,0.48,3.360475,0.75,2.243712,10.8606,90,0,
BLK,2019-06-30,2019-07-19,2019-07-19,True,alpha_vantage,-0.09,-1.3846,0,1,0.09,4.105225,0.75,3.554813,-9.2149,94,0,
BLK,2019-09-30,2019-10-15,2019-10-15,True,alpha_vantage,0.19,2.7299,1,0,0.19,3.339225,0.5,3.752112,4.1145,88,0,
BLK,2019-12-31,2020-01-15,2020-01-15,True,alpha_vantage,0.65,8.4525,1,0,0.65,1.536325,0.5,3.284,5.7226,92,0,
BLK,2020-03-31,2020-04-16,2020-04-16,True,alpha_vantage,0.24,3.7736,1,0,0.24,4.407025,0.75,3.88375,-4.6789,92,0,
BLK,2020-06-30,2020-07-17,2020-07-17,True,alpha_vantage,0.86,12.3033,1,0,0.86,3.39285,0.75,3.749038,8.5297,92,0,
BLK,2020-09-30,2020-10-13,2020-10-13,True,alpha_vantage,1.42,18.2051,1,0,1.42,6.814825,1.0,5.077025,5.9018,88,0,
BLK,2020-12-31,2021-01-14,2021-01-14,True,alpha_vantage,1.04,11.3786,1,0,1.04,10.683625,1.0,6.109975,-6.8265,93,0,
BLK,2021-03-31,2021-04-15,2021-04-15,True,alpha_vantage,0.13,1.7016,1,0,0.13,11.41515,1.0,7.911088,-9.677,91,0,
BLK,2021-06-30,2021-07-14,2021-07-14,True,alpha_vantage,0.57,6.0254,1,0,0.57,10.89715,1.0,7.145,4.3238,90,0,
BLK,2021-09-30,2021-10-13,2021-10-13,True,alpha_vantage,1.6,17.1123,1,0,1.6,9.327675,1.0,8.07125,11.0869,91,0,
BLK,2021-12-31,2022-01-14,2022-01-14,True,alpha_vantage,0.26,2.5591,1,0,0.26,9.054475,1.0,9.86905,-14.5532,93,0,
BLK,2022-03-31,2022-04-13,2022-04-13,True,alpha_vantage,0.77,8.8,1,0,0.77,6.8496,1.0,9.132375,6.2409,89,0,
BLK,2022-06-30,2022-07-15,2022-07-15,True,alpha_vantage,-0.66,-8.2294,0,1,0.66,8.6242,1.0,9.760675,-17.0294,93,0,
BLK,2022-09-30,2022-10-13,2022-10-13,True,alpha_vantage,2.49,35.2691,1,0,2.49,5.0605,0.75,7.194088,43.4985,90,0,
BLK,2022-12-31,2023-01-13,2023-01-13,True,alpha_vantage,0.23,2.8536,1,0,0.23,9.5997,0.75,9.327088,-32.4155,92,0,
BLK,2023-03-31,2023-04-14,2023-04-14,True,alpha_vantage,0.03,0.3942,1,0,0.03,9.673325,0.75,8.261463,-2.4594,91,0,
BLK,2023-06-30,2023-07-14,2023-07-14,True,alpha_vantage,0.81,9.5632,1,0,0.81,7.571875,0.75,8.098038,9.169,91,0,
BLK,2023-09-30,2023-10-13,2023-10-13,True,alpha_vantage,2.36,28.4337,1,0,2.36,12.020025,1.0,8.540263,18.8705,91,0,
BLK,2023-12-31,2024-01-12,2024-01-12,True,alpha_vantage,0.38,4.333,1,0,0.38,10.311175,1.0,9.955438,-24.1007,91,0,
BLK,2024-03-31,2024-04-12,2024-04-12,True,alpha_vantage,0.42,4.4728,1,0,0.42,10.681025,1.0,10.177175,0.1398,91,0,
BLK,2024-06-30,2024-07-15,2024-07-15,True,alpha_vantage,0.4,4.0161,1,0,0.4,11.700675,1.0,9.636275,-0.4567,94,0,
BLK,2024-09-30,2024-10-11,2024-10-11,True,alpha_vantage,1.15,11.1542,1,0,1.15,10.3139,1.0,11.166963,7.1381,88,0,
BLK,2024-12-31,2025-01-15,2025-01-15,True,alpha_vantage,0.48,4.1921,1,0,0.48,5.994025,1.0,8.1526,-6.9621,96,0,
BLK,2025-03-31,2025-04-11,2025-04-11,True,alpha_vantage,-0.13,-1.3306,0,1,0.13,5.9588,1.0,8.319913,-5.5227,86,0,
BLK,2025-06-30,2025-07-15,2025-07-15,True,alpha_vantage,0.06,0.5923,1,0,0.06,4.50795,0.75,8.104313,1.9229,95,0,
BLK,2025-09-30,2025-10-14,2025-10-14,True,alpha_vantage,-2.3,-21.4352,0,1,2.3,3.652,0.75,6.98295,-22.0275,91,0,
BLK,2025-12-31,2026-01-15,2026-01-15,True,alpha_vantage,0.97,7.9573,1,0,0.97,-4.49535,0.5,0.749338,29.3925,93,0,
BLK,2026-03-31,2026-04-14,2026-04-14,True,alpha_vantage,1.07,9.3368,1,0,1.07,-3.55405,0.5,1.202375,1.3795,89,0,
BMY,1996-03-31,1996-04-23,1996-04-23,True,alpha_vantage,0.01,3.0303,1,0,0.01,,,,,,0,
BMY,1996-06-30,1996-07-22,1996-07-22,True,alpha_vantage,0.0,0.0,0,0,0.0,3.0303,1.0,3.0303,-3.0303,90,0,
BMY,1996-09-30,1996-10-22,1996-10-22,True,alpha_vantage,0.01,2.8571,1,0,0.01,1.51515,0.5,1.51515,2.8571,92,0,
BMY,1996-12-31,1997-01-22,1997-01-22,True,alpha_vantage,0.0,0.0,0,0,0.0,1.962467,0.6667,1.962467,-2.8571,92,0,
BMY,1997-03-31,1997-04-22,1997-04-22,True,alpha_vantage,0.0,0.0,0,0,0.0,1.47185,0.5,1.47185,0.0,90,0,
BMY,1997-06-30,1997-07-22,1997-07-22,True,alpha_vantage,0.0,0.0,0,0,0.0,0.714275,0.25,1.17748,0.0,91,0,
BMY,1997-09-30,1997-10-21,1997-10-21,True,alpha_vantage,0.01,2.5,1,0,0.01,0.714275,0.25,0.981233,2.5,91,0,
BMY,1997-12-31,1998-01-22,1998-01-22,True,alpha_vantage,0.0,0.0,0,0,0.0,0.625,0.25,1.1982,-2.5,93,0,
BMY,1998-03-31,1998-04-21,1998-04-21,True,alpha_vantage,0.0,0.0,0,0,0.0,0.625,0.25,1.048425,0.0,89,0,
BMY,1998-06-30,1998-07-21,1998-07-21,True,alpha_vantage,0.01,2.5641,1,0,0.01,0.625,0.25,0.669637,2.5641,91,0,
BMY,1998-09-30,1998-10-20,1998-10-20,True,alpha_vantage,0.0,0.0,0,0,0.0,1.266025,0.5,0.99015,-2.5641,91,0,
BMY,1998-12-31,1999-01-20,1999-01-20,True,alpha_vantage,0.0,0.0,0,0,0.0,0.641025,0.25,0.633012,0.0,92,0,
BMY,1999-03-31,1999-04-21,1999-04-21,True,alpha_vantage,0.01,2.0408,1,0,0.01,0.641025,0.25,0.633012,2.0408,91,0,
BMY,1999-06-30,1999-07-21,1999-07-21,True,alpha_vantage,0.0,0.0,0,0,0.0,1.151225,0.5,0.888112,-2.0408,91,0,
BMY,1999-09-30,1999-10-19,1999-10-19,True,alpha_vantage,0.0,0.0,0,0,0.0,0.5102,0.25,0.888112,0.0,90,0,
BMY,1999-12-31,2000-01-24,2000-01-24,True,alpha_vantage,0.0,0.0,0,0,0.0,0.5102,0.25,0.575612,0.0,97,0,
BMY,2000-03-31,2000-04-20,2000-04-20,True,alpha_vantage,0.01,1.7544,1,0,0.01,0.5102,0.25,0.575612,1.7544,87,0,
BMY,2000-06-30,2000-07-20,2000-07-20,True,alpha_vantage,0.0,0.0,0,0,0.0,0.4386,0.25,0.794912,-1.7544,91,0,
BMY,2000-09-30,2000-10-19,2000-10-19,True,alpha_vantage,0.01,1.7241,1,0,0.01,0.4386,0.25,0.4744,1.7241,91,0,
BMY,2000-12-31,2001-01-24,2001-01-24,True,alpha_vantage,0.01,1.8182,1,0,0.01,0.869625,0.5,0.689912,0.0941,97,0,
BMY,2001-03-31,2001-04-25,2001-04-25,True,alpha_vantage,0.02,3.2787,1,0,0.02,1.324175,0.75,0.917188,1.4605,91,0,
BMY,2001-06-30,2001-07-25,2001-07-25,True,alpha_vantage,0.03,5.6604,1,0,0.03,1.70525,0.75,1.071925,2.3817,91,0,
BMY,2001-09-30,2001-10-23,2001-10-23,True,alpha_vantage,0.0,0.0,0,0,0.0,3.12035,1.0,1.779475,-5.6604,90,0,
BMY,2001-12-31,2002-01-24,2002-01-24,True,alpha_vantage,0.0,0.0,0,0,0.0,2.689325,0.75,1.779475,0.0,93,0,
BMY,2002-03-31,2002-04-25,2002-04-25,True,alpha_vantage,0.02,4.6512,1,0,0.02,2.234775,0.5,1.779475,4.6512,91,0,
BMY,2002-06-30,2002-07-23,2002-07-23,True,alpha_vantage,-0.04,-14.8148,0,1,0.04,2.5779,0.5,2.141575,-19.466,89,0,
BMY,2002-09-30,2002-10-24,2002-10-24,True,alpha_vantage,-0.01,-3.7037,0,1,0.01,-2.5409,0.25,0.289725,11.1111,93,0,
BMY,2002-12-31,2003-03-10,2003-03-10,True,alpha_vantage,0.04,14.8148,1,0,0.04,-3.466825,0.25,-0.38875,18.5185,137,0,
BMY,2003-03-31,2003-04-29,2003-04-29,True,alpha_vantage,0.01,2.6316,1,0,0.01,0.236875,0.5,1.235825,-12.1832,50,0,
BMY,2003-06-30,2003-07-24,2003-07-24,True,alpha_vantage,0.06,15.7895,1,0,0.06,-0.268025,0.5,1.154937,13.1579,86,0,
BMY,2003-09-30,2003-10-23,2003-10-23,True,alpha_vantage,0.06,14.6341,1,0,0.06,7.38305,0.75,2.421075,-1.1554,91,0,
BMY,2003-12-31,2004-01-29,2004-01-29,True,alpha_vantage,-0.03,-7.5,0,1,0.03,11.9675,1.0,4.250338,-22.1341,98,0,
BMY,2004-03-31,2004-04-28,2004-04-28,True,alpha_vantage,0.02,5.1282,1,0,0.02,6.3888,0.75,3.312838,12.6282,90,0,
BMY,2004-06-30,2004-07-29,2004-07-29,True,alpha_vantage,0.07,17.9487,1,0,0.07,7.01295,0.75,3.372463,12.8205,92,0,
BMY,2004-09-30,2004-10-29,2004-10-29,True,alpha_vantage,0.05,12.8205,1,0,0.05,7.55275,0.75,7.4679,-5.1282,92,0,
BMY,2004-12-31,2005-01-27,2005-01-27,True,alpha_vantage,0.06,18.1818,1,0,0.06,7.09935,0.75,9.533425,5.3613,90,0,
BMY,2005-03-31,2005-04-28,2005-04-28,True,alpha_vantage,0.07,20.5882,1,0,0.07,13.5198,1.0,9.9543,2.4064,91,0,
BMY,2005-06-30,2005-07-28,2005-07-28,True,alpha_vantage,0.11,30.5556,1,0,0.11,17.3848,1.0,12.198875,9.9674,91,0,
BMY,2005-09-30,2005-10-28,2005-10-28,True,alpha_vantage,-0.02,-6.0606,0,1,0.02,20.536525,1.0,14.044638,-36.6162,92,0,
BMY,2005-12-31,2006-01-25,2006-01-25,True,alpha_vantage,0.03,10.7143,1,0,0.03,15.81625,0.75,11.4578,16.7749,89,0,
BMY,2006-03-31,2006-04-27,2006-04-27,True,alpha_vantage,0.0,0.0,0,0,0.0,13.949375,0.75,13.734587,-10.7143,92,0,
BMY,2006-06-30,2006-07-27,2006-07-27,True,alpha_vantage,0.03,9.375,1,0,0.03,8.802325,0.5,13.093562,9.375,91,0,
BMY,2006-09-30,2006-10-26,2006-10-26,True,alpha_vantage,0.02,10.0,1,0,0.02,3.507175,0.5,12.02185,0.625,91,0,
BMY,2006-12-31,2007-01-25,2007-01-25,True,alpha_vantage,0.03,18.75,1,0,0.03,7.522325,0.75,11.669287,8.75,91,0,
BMY,2007-03-31,2007-04-26,2007-04-26,True,alpha_vantage,0.15,65.2174,1,0,0.15,9.53125,0.75,11.740312,46.4674,91,0,
BMY,2007-06-30,2007-07-26,2007-07-26,True,alpha_vantage,0.01,2.7778,1,0,0.01,25.8356,1.0,17.318962,-62.4396,91,0,
BMY,2007-09-30,2007-10-25,2007-10-25,True,alpha_vantage,0.02,5.5556,1,0,0.02,24.1863,1.0,13.846737,2.7778,91,0,
BMY,2007-12-31,2008-01-31,2008-01-31,True,alpha_vantage,0.01,2.9412,1,0,0.01,23.0752,1.0,15.298763,-2.6144,98,0,
BMY,2008-03-31,2008-04-24,2008-04-24,True,alpha_vantage,0.01,2.439,1,0,0.01,19.123,1.0,14.327125,-0.5022,84,0,
BMY,2008-06-30,2008-07-24,2008-07-24,True,alpha_vantage,0.03,7.5,1,0,0.03,3.4284,1.0,14.632,5.061,91,0,
BMY,2008-09-30,2008-10-23,2008-10-23,True,alpha_vantage,0.04,9.5238,1,0,0.04,4.60895,1.0,14.397625,2.0238,91,0,
BMY,2008-12-31,2009-01-27,2009-01-27,True,alpha_vantage,0.05,12.1951,1,0,0.05,5.601,1.0,14.3381,2.6713,96,0,
BMY,2009-03-31,2009-04-28,2009-04-28,True,alpha_vantage,0.01,2.1277,1,0,0.01,7.914475,1.0,13.518738,-10.0674,91,0,
BMY,2009-06-30,2009-07-23,2009-07-23,True,alpha_vantage,0.09,19.1489,1,0,0.09,7.83665,1.0,5.632525,17.0212,86,0,
BMY,2009-09-30,2009-10-22,2009-10-22,True,alpha_vantage,0.01,1.9608,1,0,0.01,10.748875,1.0,7.678913,-17.1881,91,0,
BMY,2009-12-31,2010-01-28,2010-01-28,True,alpha_vantage,0.05,11.9048,1,0,0.05,8.858125,1.0,7.229563,9.944,98,0,
BMY,2010-03-31,2010-04-29,2010-04-29,True,alpha_vantage,0.05,9.8039,1,0,0.05,8.78555,1.0,8.350013,-2.1009,91,0,
BMY,2010-06-30,2010-07-22,2010-07-22,True,alpha_vantage,0.01,1.8868,1,0,0.01,10.7046,1.0,9.270625,-7.9171,84,0,
BMY,2010-09-30,2010-10-26,2010-10-26,True,alpha_vantage,0.06,11.3208,1,0,0.06,6.389075,1.0,8.568975,9.434,96,0,
BMY,2010-12-31,2011-01-27,2011-01-27,True,alpha_vantage,0.0,0.0,0,0,0.0,8.729075,1.0,8.7936,-11.3208,93,0,
BMY,2011-03-31,2011-04-28,2011-04-28,True,alpha_vantage,0.05,9.434,1,0,0.05,5.752875,0.75,7.269213,9.434,91,0,
BMY,2011-06-30,2011-07-28,2011-07-28,True,alpha_vantage,0.01,1.8182,1,0,0.01,5.6604,0.75,8.1825,-7.6158,91,0,
BMY,2011-09-30,2011-10-27,2011-10-27,True,alpha_vantage,0.03,5.1724,1,0,0.03,5.64325,0.75,6.016163,3.3542,91,0,
BMY,2011-12-31,2012-01-26,2012-01-26,True,alpha_vantage,-0.02,-3.6364,0,1,0.02,4.10615,0.75,6.417612,-8.8088,91,0,
BMY,2012-03-31,2012-04-26,2012-04-26,True,alpha_vantage,0.0,0.0,0,0,0.0,3.19705,0.75,4.474963,3.6364,91,0,
BMY,2012-06-30,2012-07-25,2012-07-25,True,alpha_vantage,0.0,0.0,0,0,0.0,0.83855,0.5,3.249475,0.0,90,0,
BMY,2012-09-30,2012-10-24,2012-10-24,True,alpha_vantage,-0.01,-2.381,0,1,0.01,0.384,0.25,3.013625,-2.381,91,0,
BMY,2012-12-31,2013-01-24,2013-01-24,True,alpha_vantage,0.04,9.3023,1,0,0.04,-1.50435,0.0,1.3009,11.6833,92,0,
BMY,2013-03-31,2013-04-25,2013-04-25,True,alpha_vantage,-0.01,-2.381,0,1,0.01,1.730325,0.25,2.463687,-11.6833,91,0,
BMY,2013-06-30,2013-07-25,2013-07-25,True,alpha_vantage,0.0,0.0,0,0,0.0,1.135075,0.25,0.986813,2.381,91,0,
BMY,2013-09-30,2013-10-23,2013-10-23,True,alpha_vantage,0.02,4.5455,1,0,0.02,1.135075,0.25,0.759538,4.5455,90,0,
BMY,2013-12-31,2014-01-24,2014-01-24,True,alpha_vantage,0.08,18.6047,1,0,0.08,2.8667,0.5,0.681175,14.0592,93,0,
BMY,2014-03-31,2014-04-29,2014-04-29,True,alpha_vantage,0.03,6.9767,1,0,0.03,5.1923,0.5,3.461313,-11.628,95,0,
BMY,2014-06-30,2014-07-24,2014-07-24,True,alpha_vantage,0.04,9.0909,1,0,0.04,7.531725,0.75,4.3334,2.1142,86,0,
BMY,2014-09-30,2014-10-24,2014-10-24,True,alpha_vantage,0.03,7.1429,1,0,0.03,9.80445,1.0,5.469762,-1.948,92,0,
BMY,2014-12-31,2015-01-27,2015-01-27,True,alpha_vantage,0.05,12.1951,1,0,0.05,10.4538,1.0,6.66025,5.0522,95,0,
BMY,2015-03-31,2015-04-28,2015-04-28,True,alpha_vantage,0.2,39.2157,1,0,0.2,8.8514,1.0,7.02185,27.0206,91,0,
BMY,2015-06-30,2015-07-23,2015-07-23,True,alpha_vantage,0.17,47.2222,1,0,0.17,16.91115,1.0,12.221438,8.0065,86,0,
BMY,2015-09-30,2015-10-27,2015-10-27,True,alpha_vantage,0.04,11.4286,1,0,0.04,26.443975,1.0,18.124212,-35.7936,96,0,
BMY,2015-12-31,2016-01-28,2016-01-28,True,alpha_vantage,0.1,35.7143,1,0,0.1,27.5154,1.0,18.9846,24.2857,93,0,
BMY,2016-03-31,2016-04-28,2016-04-28,True,alpha_vantage,0.09,13.8462,1,0,0.09,33.3952,1.0,21.1233,-21.8681,91,0,
BMY,2016-06-30,2016-07-28,2016-07-28,True,alpha_vantage,0.03,4.5455,1,0,0.03,27.052825,1.0,21.981987,-9.3007,91,0,
BMY,2016-09-30,2016-10-27,2016-10-27,True,alpha_vantage,0.12,18.4615,1,0,0.12,16.38365,1.0,21.413812,13.916,91,0,
BMY,2016-12-31,2017-01-26,2017-01-26,True,alpha_vantage,-0.03,-4.5455,0,1,0.03,18.141875,1.0,22.828637,-23.007,91,0,
BMY,2017-03-31,2017-04-27,2017-04-27,True,alpha_vantage,0.1,13.5135,1,0,0.1,8.076925,0.75,20.736062,18.059,91,0,
BMY,2017-06-30,2017-07-27,2017-07-27,True,alpha_vantage,0.01,1.3699,1,0,0.01,7.99375,0.75,17.523288,-12.1436,91,0,
BMY,2017-09-30,2017-10-26,2017-10-26,True,alpha_vantage,-0.02,-2.5974,0,1,0.02,7.19985,0.75,11.79175,-3.9673,91,0,
BMY,2017-12-31,2018-02-05,2018-02-05,True,alpha_vantage,0.01,1.4925,1,0,0.01,1.935125,0.5,10.0385,4.0899,102,0,
BMY,2018-03-31,2018-04-26,2018-04-26,True,alpha_vantage,0.09,10.5882,1,0,0.09,3.444625,0.75,5.760775,9.0957,80,0,
BMY,2018-06-30,2018-07-26,2018-07-26,True,alpha_vantage,0.14,16.092,1,0,0.14,2.7133,0.75,5.353525,5.5038,91,0,
BMY,2018-09-30,2018-10-25,2018-10-25,True,alpha_vantage,0.18,19.7802,1,0,0.18,6.393825,0.75,6.796838,3.6882,91,0,
BMY,2018-12-31,2019-01-24,2019-01-24,True,alpha_vantage,0.09,10.5882,1,0,0.09,11.988225,1.0,6.961675,-9.192,91,0,
BMY,2019-03-31,2019-04-25,2019-04-25,True,alpha_vantage,0.02,1.8519,1,0,0.02,14.26215,1.0,8.853388,-8.7363,91,0,
BMY,2019-06-30,2019-07-25,2019-07-25,True,alpha_vantage,0.12,11.3208,1,0,0.12,12.078075,1.0,7.395688,9.4689,91,0,
BMY,2019-09-30,2019-10-31,2019-10-31,True,alpha_vantage,0.1,9.3458,1,0,0.1,10.885275,1.0,8.63955,-1.975,98,0,
BMY,2019-12-31,2020-02-06,2020-02-06,True,alpha_vantage,0.06,5.1724,1,0,0.06,8.276675,1.0,10.13245,-4.1734,98,0,
BMY,2020-03-31,2020-05-07,2020-05-07,True,alpha_vantage,0.27,18.6207,1,0,0.27,6.922725,1.0,10.592438,13.4483,91,0,
BMY,2020-06-30,2020-08-06,2020-08-06,True,alpha_vantage,0.15,10.1351,1,0,0.15,11.114925,1.0,11.5965,-8.4856,91,0,
BMY,2020-09-30,2020-11-05,2020-11-05,True,alpha_vantage,0.14,9.396,1,0,0.14,10.8185,1.0,10.851888,-0.7391,91,0,
BMY,2020-12-31,2021-02-04,2021-02-04,True,alpha_vantage,0.04,2.8169,1,0,0.04,10.83105,1.0,9.553862,-6.5791,91,0,
BMY,2021-03-31,2021-04-29,2021-04-29,True,alpha_vantage,-0.07,-3.8674,0,1,0.07,10.242175,1.0,8.58245,-6.6843,84,0,
BMY,2021-06-30,2021-07-28,2021-07-28,True,alpha_vantage,0.03,1.5789,1,0,0.03,4.62015,0.75,7.867538,5.4463,90,0,
BMY,2021-09-30,2021-10-27,2021-10-27,True,alpha_vantage,0.08,4.1667,1,0,0.08,2.4811,0.75,6.6498,2.5878,91,0,
BMY,2021-12-31,2022-02-04,2022-02-04,True,alpha_vantage,0.03,1.6667,1,0,0.03,1.173775,0.75,6.002413,-2.5,100,0,
BMY,2022-03-31,2022-04-29,2022-04-29,True,alpha_vantage,0.06,3.1579,1,0,0.06,0.886225,0.75,5.5642,1.4912,84,0,
BMY,2022-06-30,2022-07-27,2022-07-27,True,alpha_vantage,0.13,7.2222,1,0,0.13,2.64255,1.0,3.63135,4.0643,89,0,
BMY,2022-09-30,2022-10-25,2022-10-25,True,alpha_vantage,0.16,8.7432,1,0,0.16,4.053375,1.0,3.267238,1.521,90,0,
BMY,2022-12-31,2023-02-02,2023-02-02,True,alpha_vantage,0.09,5.2023,1,0,0.09,5.1975,1.0,3.185637,-3.5409,100,0,
BMY,2023-03-31,2023-04-27,2023-04-27,True,alpha_vantage,0.08,4.0609,1,0,0.08,6.0814,1.0,3.483812,-1.1414,84,0,
BMY,2023-06-30,2023-07-27,2023-07-27,True,alpha_vantage,-0.24,-12.0603,0,1,0.24,6.30715,1.0,4.47485,-16.1212,91,0,
BMY,2023-09-30,2023-10-26,2023-10-26,True,alpha_vantage,0.04,4.4944,1,0,0.04,1.486525,0.75,2.76995,16.5547,91,0,
BMY,2023-12-31,2024-02-02,2024-02-02,True,alpha_vantage,0.16,11.1888,1,0,0.16,0.424325,0.75,2.810913,6.6944,99,0,
BMY,2024-03-31,2024-04-25,2024-04-25,True,alpha_vantage,-0.26,-6.2802,0,1,0.26,1.92095,0.75,4.001175,-17.469,83,0,
BMY,2024-06-30,2024-07-26,2024-07-26,True,alpha_vantage,0.44,26.9939,1,0,0.44,-0.664325,0.5,2.821413,33.2741,92,0,
BMY,2024-09-30,2024-10-31,2024-10-31,True,alpha_vantage,0.3,20.0,1,0,0.3,9.099225,0.75,5.292875,-6.9939,97,0,
BMY,2024-12-31,2025-02-06,2025-02-06,True,alpha_vantage,0.2,13.6054,1,0,0.2,12.975625,0.75,6.699975,-6.3946,98,0,
BMY,2025-03-31,2025-04-24,2025-04-24,True,alpha_vantage,0.3,20.0,1,0,0.3,13.579775,0.75,7.750362,6.3946,77,0,
BMY,2025-06-30,2025-07-31,2025-07-31,True,alpha_vantage,0.36,32.7273,1,0,0.36,20.149825,1.0,9.74275,12.7273,98,0,
BMY,2025-09-30,2025-10-30,2025-10-30,True,alpha_vantage,0.11,7.2368,1,0,0.11,21.583175,1.0,15.3412,-25.4905,91,0,
BMY,2025-12-31,2026-02-05,2026-02-05,True,alpha_vantage,-0.45,-45.9184,0,1,0.45,18.392375,1.0,15.684,-53.1552,98,0,
BMY,2026-03-31,2026-04-30,2026-04-30,True,alpha_vantage,0.16,13.913,1,0,0.16,3.511425,0.75,8.5456,59.8314,84,0,
BSX,1996-03-31,1996-04-30,1996-04-30,True,alpha_vantage,0.0,0.0,0,0,0.0,,,,,,0,
BSX,1996-06-30,1996-07-24,1996-07-24,True,alpha_vantage,0.0,0.0,0,0,0.0,0.0,0.0,0.0,0.0,85,0,
BSX,1996-09-30,1996-10-22,1996-10-22,True,alpha_vantage,-0.01,-10.0,0,1,0.01,0.0,0.0,0.0,-10.0,90,0,
BSX,1996-12-31,1997-02-25,1997-02-25,True,alpha_vantage,0.0,0.0,0,0,0.0,-3.333333,0.0,-3.333333,10.0,126,0,
BSX,1997-03-31,1997-04-29,1997-04-29,True,alpha_vantage,0.0,0.0,0,0,0.0,-2.5,0.0,-2.5,0.0,63,0,
BSX,1997-06-30,1997-07-22,1997-07-22,True,alpha_vantage,0.0,0.0,0,0,0.0,-2.5,0.0,-2.0,0.0,84,0,
BSX,1997-09-30,1997-10-21,1997-10-21,True,alpha_vantage,0.0,0.0,0,0,0.0,-2.5,0.0,-1.666667,0.0,91,0,
BSX,1997-12-31,1998-02-24,1998-02-24,True,alpha_vantage,0.0,0.0,0,0,0.0,0.0,0.0,-1.428571,0.0,126,0,
BSX,1998-03-31,1998-04-28,1998-04-28,True,alpha_vantage,0.01,12.5,1,0,0.01,0.0,0.0,-1.25,12.5,63,0,
BSX,1998-06-30,1998-07-28,1998-07-28,True,alpha_vantage,0.0,0.0,0,0,0.0,3.125,0.25,0.3125,-12.5,91,0,
BSX,1998-09-30,1998-11-13,1998-11-13,True,alpha_vantage,0.02,22.2222,1,0,0.02,3.125,0.25,0.3125,22.2222,108,0,
BSX,1998-12-31,1999-02-23,1999-02-23,True,alpha_vantage,0.01,9.0909,1,0,0.01,8.68055,0.5,4.340275,-13.1313,102,0,
BSX,1999-03-31,1999-04-20,1999-04-20,True,alpha_vantage,0.03,30.0,1,0,0.03,10.953275,0.75,5.476637,20.9091,56,0,
BSX,1999-06-30,1999-07-20,1999-07-20,True,alpha_vantage,0.01,7.6923,1,0,0.01,15.328275,0.75,9.226638,-22.3077,91,0,
BSX,1999-09-30,1999-10-26,1999-10-26,True,alpha_vantage,0.02,18.1818,1,0,0.02,17.25135,1.0,10.188175,10.4895,98,0,
BSX,1999-12-31,2000-02-08,2000-02-08,True,alpha_vantage,0.0,0.0,0,0,0.0,16.24125,1.0,12.4609,-18.1818,105,0,
BSX,2000-03-31,2000-04-18,2000-04-18,True,alpha_vantage,0.02,18.1818,1,0,0.02,13.968525,0.75,12.4609,18.1818,70,0,
BSX,2000-06-30,2000-07-18,2000-07-18,True,alpha_vantage,0.01,7.1429,1,0,0.01,11.013975,0.75,13.171125,-11.0389,91,0,
BSX,2000-09-30,2000-10-17,2000-10-17,True,alpha_vantage,-0.02,-13.3333,0,1,0.02,10.876625,0.75,14.063987,-20.4762,91,0,
BSX,2000-12-31,2001-02-06,2001-02-06,True,alpha_vantage,0.0,0.0,0,0,0.0,2.99785,0.5,9.61955,13.3333,112,0,
BSX,2001-03-31,2001-04-25,2001-04-25,True,alpha_vantage,0.0,0.0,0,0,0.0,2.99785,0.5,8.483187,0.0,78,0,
BSX,2001-06-30,2001-07-18,2001-07-18,True,alpha_vantage,0.0,0.0,0,0,0.0,-1.5476,0.25,4.733187,0.0,84,0,
BSX,2001-09-30,2001-10-22,2001-10-22,True,alpha_vantage,0.02,25.0,1,0,0.02,-3.333325,0.0,3.77165,25.0,96,0,
BSX,2001-12-31,2002-01-22,2002-01-22,True,alpha_vantage,0.01,11.1111,1,0,0.01,6.25,0.25,4.623925,-13.8889,92,0,
BSX,2002-03-31,2002-04-16,2002-04-16,True,alpha_vantage,0.01,10.0,1,0,0.01,9.027775,0.5,6.012812,-1.1111,84,0,
BSX,2002-06-30,2002-07-23,2002-07-23,True,alpha_vantage,0.01,9.0909,1,0,0.01,11.527775,0.75,4.990088,-0.9091,98,0,
BSX,2002-09-30,2002-10-22,2002-10-22,True,alpha_vantage,0.01,9.0909,1,0,0.01,13.8005,1.0,5.233588,0.0,91,0,
BSX,2002-12-31,2003-02-04,2003-02-04,True,alpha_vantage,0.01,6.6667,1,0,0.01,9.823225,1.0,8.036613,-2.4242,105,0,
BSX,2003-03-31,2003-04-21,2003-04-21,True,alpha_vantage,0.0,0.0,0,0,0.0,8.712125,1.0,8.86995,-6.6667,76,0,
BSX,2003-06-30,2003-07-22,2003-07-22,True,alpha_vantage,0.0,0.0,0,0,0.0,6.212125,0.75,8.86995,0.0,92,0,
BSX,2003-09-30,2003-10-21,2003-10-21,True,alpha_vantage,0.02,14.2857,1,0,0.02,3.9394,0.5,8.86995,14.2857,91,0,
BSX,2003-12-31,2004-02-02,2004-02-02,True,alpha_vantage,0.01,6.25,1,0,0.01,5.2381,0.5,7.530663,-8.0357,104,0,
BSX,2004-03-31,2004-04-20,2004-04-20,True,alpha_vantage,0.01,4.5455,1,0,0.01,5.133925,0.5,6.923025,-1.7045,78,0,
BSX,2004-06-30,2004-07-26,2004-07-26,True,alpha_vantage,-0.01,-2.2222,0,1,0.01,6.2703,0.75,6.241212,-6.7677,97,0,
BSX,2004-09-30,2004-10-19,2004-10-19,True,alpha_vantage,0.01,2.1739,1,0,0.01,5.71475,0.75,4.827075,4.3961,85,0,
BSX,2004-12-31,2005-02-01,2005-02-01,True,alpha_vantage,0.01,2.0833,1,0,0.01,2.6868,0.75,3.96245,-0.0906,105,0,
BSX,2005-03-31,2005-04-19,2005-04-19,True,alpha_vantage,0.0,0.0,0,0,0.0,1.645125,0.75,3.389525,-2.0833,77,0,
BSX,2005-06-30,2005-07-19,2005-07-19,True,alpha_vantage,0.0,0.0,0,0,0.0,0.50875,0.5,3.389525,0.0,91,0,
BSX,2005-09-30,2005-10-14,2005-10-14,True,alpha_vantage,-0.03,-6.6667,0,1,0.03,1.0643,0.5,3.389525,-6.6667,87,0,
BSX,2005-12-31,2006-02-07,2006-02-07,True,alpha_vantage,-0.01,-2.381,0,1,0.01,-1.14585,0.25,0.770475,4.2857,116,0,
BSX,2006-03-31,2006-04-18,2006-04-18,True,alpha_vantage,-0.01,-2.2727,0,1,0.01,-2.261925,0.0,-0.3084,0.1083,70,0,
BSX,2006-06-30,2006-07-27,2006-07-27,True,alpha_vantage,0.03,10.7143,1,0,0.03,-2.8301,0.0,-1.160675,12.987,100,0,
BSX,2006-09-30,2006-10-18,2006-10-18,True,alpha_vantage,0.03,17.6471,1,0,0.03,-0.151525,0.25,0.456388,6.9328,83,0,
BSX,2006-12-31,2007-02-01,2007-02-01,True,alpha_vantage,0.02,11.1111,1,0,0.02,5.926925,0.5,2.390537,-6.536,106,0,
BSX,2007-03-31,2007-04-23,2007-04-23,True,alpha_vantage,0.02,11.1111,1,0,0.02,9.29995,0.75,3.519012,0.0,81,0,
BSX,2007-06-30,2007-07-20,2007-07-20,True,alpha_vantage,-0.01,-5.2632,0,1,0.01,12.6459,1.0,4.9079,-16.3743,88,0,
BSX,2007-09-30,2007-10-19,2007-10-19,True,alpha_vantage,0.04,25.0,1,0,0.04,8.651525,0.75,4.25,30.2632,91,0,
BSX,2007-12-31,2008-02-04,2008-02-04,True,alpha_vantage,0.07,41.1765,1,0,0.07,10.48975,0.75,8.208337,16.1765,108,0,
BSX,2008-03-31,2008-04-21,2008-04-21,True,alpha_vantage,0.05,26.3158,1,0,0.05,18.0061,0.75,13.653025,-14.8607,77,0,
BSX,2008-06-30,2008-07-21,2008-07-21,True,alpha_vantage,0.03,17.6471,1,0,0.03,21.807275,0.75,17.226588,-8.6687,91,0,
BSX,2008-09-30,2008-10-21,2008-10-21,True,alpha_vantage,-0.01,-5.8824,0,1,0.01,27.53485,1.0,18.093187,-23.5295,92,0,
BSX,2008-12-31,2009-01-28,2009-01-28,True,alpha_vantage,0.0,0.0,0,0,0.0,19.81425,0.75,15.152,5.8824,99,0,
BSX,2009-03-31,2009-04-20,2009-04-20,True,alpha_vantage,0.0,0.0,0,0,0.0,9.520125,0.5,13.763113,0.0,82,0,
BSX,2009-06-30,2009-07-20,2009-07-20,True,alpha_vantage,-0.01,-7.1429,0,1,0.01,2.941175,0.25,12.374225,-7.1429,91,0,
BSX,2009-09-30,2009-10-19,2009-10-19,True,alpha_vantage,-0.02,-14.2857,0,1,0.02,-3.256325,0.0,12.139262,-7.1428,91,0,
BSX,2009-12-31,2010-02-10,2010-02-10,True,alpha_vantage,0.0,0.0,0,0,0.0,-5.35715,0.0,7.22855,14.2857,114,0,
BSX,2010-03-31,2010-04-26,2010-04-26,True,alpha_vantage,0.02,25.0,1,0,0.02,-5.35715,0.0,2.081487,25.0,75,0,
BSX,2010-06-30,2010-07-20,2010-07-20,True,alpha_vantage,0.03,100.0,1,0,0.03,0.89285,0.25,1.917012,75.0,85,0,
BSX,2010-09-30,2010-10-19,2010-10-19,True,alpha_vantage,0.06,100.0,1,0,0.06,27.678575,0.5,12.211125,0.0,91,0,
BSX,2010-12-31,2011-02-01,2011-02-01,True,alpha_vantage,0.02,20.0,1,0,0.02,56.25,0.75,25.446425,-80.0,105,0,
BSX,2011-03-31,2011-04-20,2011-04-20,True,alpha_vantage,0.11,275.0,1,0,0.11,61.25,1.0,27.946425,255.0,78,0,
BSX,2011-06-30,2011-07-28,2011-07-28,True,alpha_vantage,0.04,50.0,1,0,0.04,123.75,1.0,62.321425,-225.0,99,0,
BSX,2011-09-30,2011-10-20,2011-10-20,True,alpha_vantage,0.01,11.1111,1,0,0.01,111.25,1.0,69.464287,-38.8889,84,0,
BSX,2011-12-31,2012-02-02,2012-02-02,True,alpha_vantage,0.0,0.0,0,0,0.0,89.027775,1.0,72.638887,-11.1111,105,0,
BSX,2012-03-31,2012-04-19,2012-04-19,True,alpha_vantage,0.01,12.5,1,0,0.01,84.027775,0.75,72.638887,12.5,77,0,
BSX,2012-06-30,2012-07-26,2012-07-26,True,alpha_vantage,0.01,10.0,1,0,0.01,18.402775,0.75,71.076387,-2.5,98,0,
BSX,2012-09-30,2012-10-18,2012-10-18,True,alpha_vantage,-0.01,-9.0909,0,1,0.01,8.402775,0.75,59.826388,-19.0909,84,0,
BSX,2012-12-31,2013-01-29,2013-01-29,True,alpha_vantage,0.0,0.0,0,0,0.0,3.352275,0.5,46.190025,9.0909,103,0,
BSX,2013-03-31,2013-04-25,2013-04-25,True,alpha_vantage,0.01,11.1111,1,0,0.01,3.352275,0.5,43.690025,11.1111,86,0,
BSX,2013-06-30,2013-07-25,2013-07-25,True,alpha_vantage,0.03,33.3333,1,0,0.03,3.00505,0.5,10.703912,22.2222,91,0,
BSX,2013-09-30,2013-10-24,2013-10-24,True,alpha_vantage,0.01,11.1111,1,0,0.01,8.838375,0.5,8.620575,-22.2222,91,0,
BSX,2013-12-31,2014-02-04,2014-02-04,True,alpha_vantage,0.0,0.0,0,0,0.0,13.888875,0.75,8.620575,-11.1111,103,0,
BSX,2014-03-31,2014-04-29,2014-04-29,True,alpha_vantage,0.02,18.1818,1,0,0.02,13.888875,0.75,8.620575,18.1818,84,0,
BSX,2014-06-30,2014-07-24,2014-07-24,True,alpha_vantage,0.02,10.5263,1,0,0.02,15.65655,0.75,9.3308,-7.6555,86,0,
BSX,2014-09-30,2014-10-22,2014-10-22,True,alpha_vantage,0.0,0.0,0,0,0.0,9.9548,0.75,9.396588,-10.5263,90,0,
BSX,2014-12-31,2015-02-04,2015-02-04,True,alpha_vantage,0.0,0.0,0,0,0.0,7.177025,0.5,10.53295,0.0,105,0,
BSX,2015-03-31,2015-04-28,2015-04-28,True,alpha_vantage,0.0,0.0,0,0,0.0,7.177025,0.5,10.53295,0.0,83,0,
BSX,2015-06-30,2015-07-23,2015-07-23,True,alpha_vantage,0.01,4.7619,1,0,0.01,2.631575,0.25,9.144063,4.7619,86,0,
BSX,2015-09-30,2015-10-28,2015-10-28,True,alpha_vantage,0.01,4.3478,1,0,0.01,1.190475,0.25,5.572637,-0.4141,97,0,
BSX,2015-12-31,2016-02-04,2016-02-04,True,alpha_vantage,0.01,4.0,1,0,0.01,2.277425,0.5,4.727225,-0.3478,99,0,
BSX,2016-03-31,2016-04-27,2016-04-27,True,alpha_vantage,0.04,16.6667,1,0,0.04,3.277425,0.75,5.227225,12.6667,83,0,
BSX,2016-06-30,2016-07-28,2016-07-28,True,alpha_vantage,0.0,0.0,0,0,0.0,7.4441,1.0,5.037838,-16.6667,92,0,
BSX,2016-09-30,2016-10-26,2016-10-26,True,alpha_vantage,0.0,0.0,0,0,0.0,6.253625,0.75,3.72205,0.0,90,0,
BSX,2016-12-31,2017-02-02,2017-02-02,True,alpha_vantage,0.01,3.4483,1,0,0.01,5.166675,0.5,3.72205,3.4483,99,0,
BSX,2017-03-31,2017-04-27,2017-04-27,True,alpha_vantage,-0.01,-3.3333,0,1,0.01,5.02875,0.5,4.153087,-6.7816,84,0,
BSX,2017-06-30,2017-07-27,2017-07-27,True,alpha_vantage,0.01,3.2258,1,0,0.01,0.02875,0.25,3.736425,6.5591,91,0,
BSX,2017-09-30,2017-10-26,2017-10-26,True,alpha_vantage,0.0,0.0,0,0,0.0,0.8352,0.5,3.544412,-3.2258,91,0,
BSX,2017-12-31,2018-02-01,2018-02-01,True,alpha_vantage,0.0,0.0,0,0,0.0,0.8352,0.5,3.000938,0.0,98,0,
BSX,2018-03-31,2018-04-25,2018-04-25,True,alpha_vantage,0.01,3.125,1,0,0.01,-0.026875,0.25,2.500938,3.125,83,0,
BSX,2018-06-30,2018-07-25,2018-07-25,True,alpha_vantage,0.07,20.5882,1,0,0.07,1.5877,0.5,0.808225,17.4632,91,0,
BSX,2018-09-30,2018-10-24,2018-10-24,True,alpha_vantage,0.01,2.9412,1,0,0.01,5.9283,0.5,3.38175,-17.647,91,0,
BSX,2018-12-31,2019-02-06,2019-02-06,True,alpha_vantage,0.03,8.3333,1,0,0.03,6.6636,0.75,3.7494,5.3921,105,0,
BSX,2019-03-31,2019-04-24,2019-04-24,True,alpha_vantage,-0.01,-2.7778,0,1,0.01,8.746925,1.0,4.360025,-11.1111,77,0,
BSX,2019-06-30,2019-07-24,2019-07-24,True,alpha_vantage,0.01,2.6316,1,0,0.01,7.271225,0.75,4.429462,5.4094,91,0,
BSX,2019-09-30,2019-10-23,2019-10-23,True,alpha_vantage,0.01,2.6316,1,0,0.01,2.782075,0.75,4.355187,0.0,91,0,
BSX,2019-12-31,2020-02-05,2020-02-05,True,alpha_vantage,0.02,4.5455,1,0,0.02,2.704675,0.75,4.684138,1.9139,105,0,
BSX,2020-03-31,2020-04-29,2020-04-29,True,alpha_vantage,-0.04,-12.5,0,1,0.04,1.757725,0.75,5.252325,-17.0455,84,0,
BSX,2020-06-30,2020-07-29,2020-07-29,True,alpha_vantage,0.1,500.0,1,0,0.1,-0.672825,0.75,3.2992,512.5,91,0,
BSX,2020-09-30,2020-10-28,2020-10-28,True,alpha_vantage,0.12,48.0,1,0,0.12,123.669275,0.75,63.225675,-452.0,91,0,
BSX,2020-12-31,2021-02-03,2021-02-03,True,alpha_vantage,-0.08,-25.8065,0,1,0.08,135.011375,0.75,68.858025,-73.8065,98,0,
BSX,2021-03-31,2021-04-28,2021-04-28,True,alpha_vantage,0.06,19.3548,1,0,0.06,127.423375,0.5,64.59055,45.1613,84,0,
BSX,2021-06-30,2021-07-27,2021-07-27,True,alpha_vantage,0.03,8.1081,1,0,0.03,135.387075,0.75,67.357125,-11.2467,90,0,
BSX,2021-09-30,2021-10-27,2021-10-27,True,alpha_vantage,0.01,2.5,1,0,0.01,12.4141,0.75,68.041687,-5.6081,92,0,
BSX,2021-12-31,2022-02-02,2022-02-02,True,alpha_vantage,0.01,2.2727,1,0,0.01,1.0391,0.75,68.025238,-0.2273,98,0,
BSX,2022-03-31,2022-04-27,2022-04-27,True,alpha_vantage,0.0,0.0,0,0,0.0,8.0589,1.0,67.741137,-2.2727,84,0,
BSX,2022-06-30,2022-07-27,2022-07-27,True,alpha_vantage,0.02,4.7619,1,0,0.02,3.2202,0.75,69.303637,4.7619,91,0,
BSX,2022-09-30,2022-10-26,2022-10-26,True,alpha_vantage,-0.01,-2.2727,0,1,0.01,2.38365,0.75,7.398875,-7.0346,91,0,
BSX,2022-12-31,2023-02-01,2023-02-01,True,alpha_vantage,-0.02,-4.2553,0,1,0.02,1.190475,0.5,1.114788,-1.9826,98,0,
BSX,2023-03-31,2023-04-26,2023-04-26,True,alpha_vantage,0.04,9.3023,1,0,0.04,-0.441525,0.25,3.808688,13.5576,84,0,
BSX,2023-06-30,2023-07-27,2023-07-27,True,alpha_vantage,0.04,8.1633,1,0,0.04,1.88405,0.5,2.552125,-1.139,92,0,
BSX,2023-09-30,2023-10-26,2023-10-26,True,alpha_vantage,0.02,4.1667,1,0,0.02,2.7344,0.5,2.559025,-3.9966,91,0,
BSX,2023-12-31,2024-01-31,2024-01-31,True,alpha_vantage,0.04,7.8431,1,0,0.04,4.34425,0.75,2.767362,3.6764,97,0,
BSX,2024-03-31,2024-04-24,2024-04-24,True,alpha_vantage,0.05,9.8039,1,0,0.05,7.36885,1.0,3.463662,1.9608,84,0,
BSX,2024-06-30,2024-07-24,2024-07-24,True,alpha_vantage,0.04,6.8966,1,0,0.04,7.49425,1.0,4.68915,-2.9073,91,0,
BSX,2024-09-30,2024-10-23,2024-10-23,True,alpha_vantage,0.04,6.7797,1,0,0.04,7.177575,1.0,4.955987,-0.1169,91,0,
BSX,2024-12-31,2025-02-05,2025-02-05,True,alpha_vantage,0.04,6.0606,1,0,0.04,7.830825,1.0,6.087537,-0.7191,105,0,
BSX,2025-03-31,2025-04-23,2025-04-23,True,alpha_vantage,0.08,11.9403,1,0,0.08,7.3852,1.0,7.377025,5.8797,77,0,
BSX,2025-06-30,2025-07-23,2025-07-23,True,alpha_vantage,0.02,2.7397,1,0,0.02,7.9193,1.0,7.706775,-9.2006,91,0,
BSX,2025-09-30,2025-10-22,2025-10-22,True,alpha_vantage,0.04,5.6338,1,0,0.04,6.880075,1.0,7.028825,2.8941,91,0,
BSX,2025-12-31,2026-02-04,2026-02-04,True,alpha_vantage,0.02,2.5641,1,0,0.02,6.5936,1.0,7.212212,-3.0697,105,0,
BSX,2026-03-31,2026-04-22,2026-04-22,True,alpha_vantage,0.01,1.2658,1,0,0.01,5.719475,1.0,6.552338,-1.2983,77,0,
C,1997-03-31,1997-04-13,1997-04-13,True,alpha_vantage,0.11,3.5948,1,0,0.11,,,,,,0,
C,1997-06-30,1997-07-15,1997-07-15,True,alpha_vantage,0.17,5.4313,1,0,0.17,3.5948,1.0,3.5948,1.8365,93,0,
C,1997-09-30,1997-10-13,1997-10-13,True,alpha_vantage,0.37,11.0119,1,0,0.37,4.51305,1.0,4.51305,5.5806,90,0,
C,1997-12-31,1998-01-26,1998-01-26,True,alpha_vantage,0.1,3.4483,1,0,0.1,6.679333,1.0,6.679333,-7.5636,105,0,
C,1998-03-31,1998-04-20,1998-04-20,True,alpha_vantage,0.41,10.8179,1,0,0.41,5.871575,1.0,5.871575,7.3696,84,0,
C,1998-06-30,1998-07-20,1998-07-20,True,alpha_vantage,0.16,4.1667,1,0,0.16,7.67735,1.0,6.86084,-6.6512,91,0,
C,1998-09-30,1998-10-21,1998-10-21,True,alpha_vantage,0.07,4.8951,1,0,0.07,7.3612,1.0,6.411817,0.7284,93,0,
C,1998-12-31,1999-01-25,1999-01-25,True,alpha_vantage,0.22,7.9137,1,0,0.22,5.832,1.0,6.195143,3.0186,96,0,
C,1999-03-31,1999-04-19,1999-04-19,True,alpha_vantage,0.95,21.8391,1,0,0.95,6.94835,1.0,6.409962,13.9254,84,0,
C,1999-06-30,1999-07-19,1999-07-19,True,alpha_vantage,0.46,9.4456,1,0,0.46,9.70365,1.0,8.6905,-12.3935,91,0,
C,1999-09-30,1999-10-18,1999-10-18,True,alpha_vantage,0.14,2.7397,1,0,0.14,11.023375,1.0,9.192288,-6.7059,91,0,
C,1999-12-31,2000-01-18,2000-01-18,True,alpha_vantage,0.39,7.4427,1,0,0.39,10.484525,1.0,8.158262,4.703,92,0,
C,2000-03-31,2000-04-17,2000-04-17,True,alpha_vantage,2.18,37.265,1,0,2.18,10.366775,1.0,8.657562,29.8223,90,0,
C,2000-06-30,2000-07-19,2000-07-19,True,alpha_vantage,0.33,5.3226,1,0,0.33,14.22325,1.0,11.96345,-31.9424,93,0,
C,2000-09-30,2000-10-17,2000-10-17,True,alpha_vantage,0.06,0.8902,1,0,0.06,13.1925,1.0,12.107938,-4.4324,90,0,
C,2000-12-31,2001-01-16,2001-01-16,True,alpha_vantage,-0.06,-0.9146,0,1,0.06,12.730125,1.0,11.607325,-1.8048,91,0,
C,2001-03-31,2001-04-16,2001-04-16,True,alpha_vantage,0.11,1.5737,1,0,0.11,10.6408,0.75,10.503787,2.4883,90,0,
C,2001-06-30,2001-07-16,2001-07-16,True,alpha_vantage,0.08,1.0929,1,0,0.08,1.717975,0.75,7.970613,-0.4808,91,0,
C,2001-09-30,2001-10-17,2001-10-17,True,alpha_vantage,-0.08,-1.2539,0,1,0.08,0.66055,0.75,6.926525,-2.3468,93,0,
C,2001-12-31,2002-01-17,2002-01-17,True,alpha_vantage,0.16,2.2099,1,0,0.16,0.124525,0.5,6.427325,3.4638,92,0,
C,2002-03-31,2002-04-15,2002-04-15,True,alpha_vantage,-0.35,-4.5161,0,1,0.35,0.90565,0.75,5.773225,-6.726,88,0,
C,2002-06-30,2002-07-17,2002-07-17,True,alpha_vantage,0.07,0.9056,1,0,0.07,-0.6168,0.5,0.550588,5.4217,93,0,
C,2002-09-30,2002-10-15,2002-10-15,True,alpha_vantage,0.06,0.8174,1,0,0.06,-0.663625,0.5,-0.001537,-0.0882,90,0,
C,2002-12-31,2003-01-21,2003-01-21,True,alpha_vantage,0.14,3.0702,1,0,0.14,-0.1458,0.75,-0.010637,2.2528,98,0,
C,2003-03-31,2003-04-14,2003-04-14,True,alpha_vantage,0.16,2.0672,1,0,0.16,0.069275,0.75,0.487463,-1.003,83,0,
C,2003-06-30,2003-07-14,2003-07-14,True,alpha_vantage,0.3,3.75,1,0,0.3,1.7151,1.0,0.54915,1.6828,91,0,
C,2003-09-30,2003-10-20,2003-10-20,True,alpha_vantage,0.55,6.5089,1,0,0.55,2.4262,1.0,0.881288,2.7589,98,0,
C,2003-12-31,2004-01-20,2004-01-20,True,alpha_vantage,0.14,1.5625,1,0,0.14,3.849075,1.0,1.851638,-4.9464,92,0,
C,2004-03-31,2004-04-15,2004-04-15,True,alpha_vantage,0.34,3.5941,1,0,0.34,3.47215,1.0,1.770712,2.0316,86,0,
C,2004-06-30,2004-07-15,2004-07-15,True,alpha_vantage,0.48,4.9383,1,0,0.48,3.853875,1.0,2.784488,1.3442,91,0,
C,2004-09-30,2004-10-14,2004-10-14,True,alpha_vantage,-0.1,-1.0101,0,1,0.1,4.15095,1.0,3.288575,-5.9484,91,0,
C,2004-12-31,2005-01-20,2005-01-20,True,alpha_vantage,0.08,0.7905,1,0,0.08,2.2712,0.75,3.060137,1.8006,98,0,
C,2005-03-31,2005-04-15,2005-04-15,True,alpha_vantage,0.14,1.378,1,0,0.14,2.0782,0.75,2.775175,0.5875,85,0,
C,2005-06-30,2005-07-18,2005-07-18,True,alpha_vantage,-0.37,-3.6743,0,1,0.37,1.524175,0.75,2.689025,-5.0523,94,0,
C,2005-09-30,2005-10-17,2005-10-17,True,alpha_vantage,0.36,3.6585,1,0,0.36,-0.628975,0.5,1.760987,7.3328,91,0,
C,2005-12-31,2006-01-19,2006-01-19,True,alpha_vantage,-0.22,-2.1956,0,1,0.22,0.538175,0.75,1.404688,-5.8541,94,0,
C,2006-03-31,2006-04-17,2006-04-17,True,alpha_vantage,0.58,5.6751,1,0,0.58,-0.20835,0.5,0.934925,7.8707,88,0,
C,2006-06-30,2006-07-17,2006-07-17,True,alpha_vantage,-0.06,-0.5682,0,1,0.06,0.865925,0.5,1.19505,-6.2433,91,0,
C,2006-09-30,2006-10-19,2006-10-19,True,alpha_vantage,-0.24,-2.3211,0,1,0.24,1.64245,0.5,0.506737,-1.7529,94,0,
C,2006-12-31,2007-01-19,2007-01-19,True,alpha_vantage,0.12,1.1788,1,0,0.12,0.14755,0.25,0.342862,3.4999,92,0,
C,2007-03-31,2007-04-16,2007-04-16,True,alpha_vantage,0.84,7.6642,1,0,0.84,0.99115,0.5,0.3914,6.4854,87,0,
C,2007-06-30,2007-07-20,2007-07-20,True,alpha_vantage,0.48,4.2403,1,0,0.48,1.488425,0.5,1.177175,-3.4239,95,0,
C,2007-09-30,2007-10-15,2007-10-15,True,alpha_vantage,0.01,0.2132,1,0,0.01,2.69055,0.75,2.1665,-4.0271,87,0,
C,2007-12-31,2008-01-15,2008-01-15,True,alpha_vantage,-9.84,-97.8131,0,1,9.84,3.324125,1.0,1.735837,-98.0263,92,0,
C,2008-03-31,2008-04-18,2008-04-18,True,alpha_vantage,-0.63,-6.5831,0,1,0.63,-21.42385,0.75,-10.21635,91.23,94,0,
C,2008-06-30,2008-07-18,2008-07-18,True,alpha_vantage,1.76,26.4264,1,0,1.76,-24.985675,0.5,-11.748625,33.0095,91,0,
C,2008-09-30,2008-10-16,2008-10-16,True,alpha_vantage,-0.11,-1.5737,0,1,0.11,-19.43915,0.5,-8.3743,-28.0001,90,0,
C,2008-12-31,2009-01-16,2009-01-16,True,alpha_vantage,-11.91,-95.3563,0,1,11.91,-19.885875,0.25,-8.280875,-93.7826,92,0,
C,2009-03-31,2009-04-17,2009-04-17,True,alpha_vantage,1.77,59.596,1,0,1.77,-19.271675,0.25,-20.347763,154.9523,91,0,
C,2009-06-30,2009-07-17,2009-07-17,True,alpha_vantage,-3.15,-103.2787,0,1,3.15,-2.7269,0.5,-13.856288,-162.8747,91,0,
C,2009-09-30,2009-10-15,2009-10-15,True,alpha_vantage,0.62,18.6747,1,0,0.62,-35.153175,0.25,-27.296163,121.9534,90,0,
C,2009-12-31,2010-01-19,2010-01-19,True,alpha_vantage,-0.03,-0.9174,0,1,0.03,-30.091075,0.5,-24.988475,-19.5921,96,0,
C,2010-03-31,2010-04-19,2010-04-19,True,alpha_vantage,1.57,2242.8571,1,0,1.57,-6.48135,0.5,-12.876513,2243.7745,90,0,
C,2010-06-30,2010-07-16,2010-07-16,True,alpha_vantage,0.44,95.6522,1,0,0.44,539.333925,0.5,268.303513,-2147.2049,88,0,
C,2010-09-30,2010-10-18,2010-10-18,True,alpha_vantage,0.25,45.4545,1,0,0.25,589.06665,0.75,276.956738,-50.1977,94,0,
C,2010-12-31,2011-01-18,2011-01-18,True,alpha_vantage,-0.37,-48.0519,0,1,0.37,595.7616,0.75,282.835262,-93.5064,92,0,
C,2011-03-31,2011-04-18,2011-04-18,True,alpha_vantage,0.05,5.2632,1,0,0.05,583.977975,0.75,288.748312,53.3151,90,0,
C,2011-06-30,2011-07-15,2011-07-15,True,alpha_vantage,0.13,13.5417,1,0,0.13,24.5795,0.75,281.956713,8.2785,88,0,
C,2011-09-30,2011-10-17,2011-10-17,True,alpha_vantage,0.44,55.6962,1,0,0.44,4.051875,0.75,296.559263,42.1545,94,0,
C,2011-12-31,2012-01-17,2012-01-17,True,alpha_vantage,-0.21,-35.5932,0,1,0.21,6.6123,0.75,301.18695,-91.2894,92,0,
C,2012-03-31,2012-04-16,2012-04-16,True,alpha_vantage,0.11,11.0,1,0,0.11,9.726975,0.75,296.852475,46.5932,90,0,
C,2012-06-30,2012-07-16,2012-07-16,True,alpha_vantage,0.11,12.3596,1,0,0.11,11.161175,0.75,17.870337,1.3596,91,0,
C,2012-09-30,2012-10-15,2012-10-15,True,alpha_vantage,0.07,7.0707,1,0,0.07,10.86565,0.75,7.458762,-5.2889,91,0,
C,2012-12-31,2013-01-17,2013-01-17,True,alpha_vantage,-0.28,-28.866,0,1,0.28,-1.290725,0.75,2.660787,-35.9367,94,0,
C,2013-03-31,2013-04-15,2013-04-15,True,alpha_vantage,0.12,10.2564,1,0,0.12,0.391075,0.75,5.059025,39.1224,88,0,
C,2013-06-30,2013-07-15,2013-07-15,True,alpha_vantage,0.07,5.9322,1,0,0.07,0.205175,0.75,5.683175,-4.3242,91,0,
C,2013-09-30,2013-10-15,2013-10-15,True,alpha_vantage,-0.07,-6.422,0,1,0.07,-1.401675,0.75,4.731987,-12.3542,92,0,
C,2013-12-31,2014-03-03,2014-03-03,True,alpha_vantage,-0.16,-16.3265,0,1,0.16,-4.77485,0.5,-3.032788,-9.9045,139,0,
C,2014-03-31,2014-04-14,2014-04-14,True,alpha_vantage,0.14,12.069,1,0,0.14,-1.639975,0.5,-0.62445,28.3955,42,0,
C,2014-06-30,2014-07-14,2014-07-14,True,alpha_vantage,0.16,14.8148,1,0,0.16,-1.186825,0.5,-0.490825,2.7458,91,0,
C,2014-09-30,2014-10-14,2014-10-14,True,alpha_vantage,0.02,1.7699,1,0,0.02,1.033825,0.5,-0.183925,-13.0449,92,0,
C,2014-12-31,2015-01-15,2015-01-15,True,alpha_vantage,0.09,8.4112,1,0,0.09,3.0818,0.75,-0.846525,6.6413,93,0,
C,2015-03-31,2015-04-16,2015-04-16,True,alpha_vantage,0.11,7.8014,1,0,0.11,9.266225,1.0,3.813125,-0.6098,91,0,
C,2015-06-30,2015-07-16,2015-07-16,True,alpha_vantage,0.1,7.4074,1,0,0.1,8.199325,1.0,3.50625,-0.394,91,0,
C,2015-09-30,2015-10-15,2015-10-15,True,alpha_vantage,0.03,2.3438,1,0,0.03,6.347475,1.0,3.69065,-5.0636,91,0,
C,2015-12-31,2016-01-15,2016-01-15,True,alpha_vantage,-0.01,-0.9346,0,1,0.01,6.49095,1.0,4.786375,-3.2784,92,0,
C,2016-03-31,2016-04-15,2016-04-15,True,alpha_vantage,0.05,4.7619,1,0,0.05,4.1545,0.75,6.710362,5.6965,91,0,
C,2016-06-30,2016-07-15,2016-07-15,True,alpha_vantage,0.14,12.7273,1,0,0.14,3.394625,0.75,5.796975,7.9654,91,0,
C,2016-09-30,2016-10-14,2016-10-14,True,alpha_vantage,0.08,6.8966,1,0,0.08,4.7246,0.75,5.536037,-5.8307,91,0,
C,2016-12-31,2017-01-18,2017-01-18,True,alpha_vantage,0.02,1.7857,1,0,0.02,5.8628,0.75,6.176875,-5.1109,96,0,
C,2017-03-31,2017-04-13,2017-04-13,True,alpha_vantage,0.02,1.6129,1,0,0.02,6.542875,1.0,5.348687,-0.1728,85,0,
C,2017-06-30,2017-07-14,2017-07-14,True,alpha_vantage,0.07,5.7851,1,0,0.07,5.755625,1.0,4.575125,4.1722,92,0,
C,2017-09-30,2017-10-12,2017-10-12,True,alpha_vantage,-0.01,-0.7692,0,1,0.01,4.020075,1.0,4.372337,-6.5543,90,0,
C,2017-12-31,2018-01-16,2018-01-16,True,alpha_vantage,0.01,0.8403,1,0,0.01,2.103625,0.75,3.983213,1.6095,96,0,
C,2018-03-31,2018-04-13,2018-04-13,True,alpha_vantage,0.08,5.0,1,0,0.08,1.867275,0.75,4.205075,4.1597,87,0,
C,2018-06-30,2018-07-13,2018-07-13,True,alpha_vantage,0.07,4.4872,1,0,0.07,2.71405,0.75,4.234838,-0.5128,91,0,
C,2018-09-30,2018-10-12,2018-10-12,True,alpha_vantage,0.07,4.2169,1,0,0.07,2.389575,0.75,3.204825,-0.2703,91,0,
C,2018-12-31,2019-01-14,2019-01-14,True,alpha_vantage,0.06,3.871,1,0,0.06,3.6361,1.0,2.869862,-0.3459,94,0,
C,2019-03-31,2019-04-15,2019-04-15,True,alpha_vantage,0.08,4.4693,1,0,0.08,4.393775,1.0,3.130525,0.5983,91,0,
C,2019-06-30,2019-07-15,2019-07-15,True,alpha_vantage,0.02,1.105,1,0,0.02,4.2611,1.0,3.487575,-3.3643,91,0,
C,2019-09-30,2019-10-15,2019-10-15,True,alpha_vantage,0.02,1.0256,1,0,0.02,3.41555,1.0,2.902562,-0.0794,92,0,
C,2019-12-31,2020-01-14,2020-01-14,True,alpha_vantage,0.1,5.5556,1,0,0.1,2.617725,1.0,3.126912,4.53,91,0,
C,2020-03-31,2020-04-15,2020-04-15,True,alpha_vantage,-0.51,-32.4841,0,1,0.51,3.038875,1.0,3.716325,-38.0397,92,0,
C,2020-06-30,2020-07-14,2020-07-14,True,alpha_vantage,0.19,59.375,1,0,0.19,-6.199475,0.75,-0.969187,91.8591,90,0,
C,2020-09-30,2020-10-13,2020-10-13,True,alpha_vantage,0.53,60.9195,1,0,0.53,8.368025,0.75,5.891788,1.5445,91,0,
C,2020-12-31,2021-01-15,2021-01-15,True,alpha_vantage,0.76,58.0153,1,0,0.76,23.3415,0.75,12.979612,-2.9042,94,0,
C,2021-03-31,2021-04-15,2021-04-15,True,alpha_vantage,1.09,43.083,1,0,1.09,36.456425,0.75,19.74765,-14.9323,90,0,
C,2021-06-30,2021-07-14,2021-07-14,True,alpha_vantage,0.95,50.2646,1,0,0.95,55.3482,1.0,24.574362,7.1816,90,0,
C,2021-09-30,2021-10-14,2021-10-14,True,alpha_vantage,0.36,20.1117,1,0,0.36,53.0706,1.0,30.719313,-30.1529,92,0,
C,2021-12-31,2022-01-14,2022-01-14,True,alpha_vantage,-0.17,-10.4294,0,1,0.17,42.86865,1.0,33.105075,-30.5411,92,0,
C,2022-03-31,2022-04-14,2022-04-14,True,alpha_vantage,0.61,43.2624,1,0,0.61,25.757475,0.75,31.10695,53.6918,90,0,
C,2022-06-30,2022-07-15,2022-07-15,True,alpha_vantage,0.63,37.7246,1,0,0.63,25.802325,0.75,40.575263,-5.5378,92,0,
C,2022-09-30,2022-10-14,2022-10-14,True,alpha_vantage,0.2,13.986,1,0,0.2,22.667325,0.75,37.868963,-23.7386,91,0,
C,2022-12-31,2023-01-13,2023-01-13,True,alpha_vantage,-0.05,-4.1322,0,1,0.05,21.1359,0.75,32.002275,-18.1182,91,0,
C,2023-03-31,2023-04-14,2023-04-14,True,alpha_vantage,0.16,9.4118,1,0,0.16,22.7102,0.75,24.233837,13.544,91,0,
C,2023-06-30,2023-07-14,2023-07-14,True,alpha_vantage,-0.01,-0.7246,0,1,0.01,14.24755,0.75,20.024938,-10.1364,91,0,
C,2023-09-30,2023-10-13,2023-10-13,True,alpha_vantage,0.3,24.5902,1,0,0.3,4.63525,0.5,13.651288,25.3148,91,0,
C,2023-12-31,2024-01-12,2024-01-12,True,alpha_vantage,0.15,21.7391,1,0,0.15,7.2863,0.5,14.2111,-2.8511,91,0,
C,2024-03-31,2024-04-12,2024-04-12,True,alpha_vantage,0.52,40.9449,1,0,0.52,13.754125,0.75,18.232163,19.2058,91,0,
C,2024-06-30,2024-07-12,2024-07-12,True,alpha_vantage,0.17,12.2302,1,0,0.17,21.6374,0.75,17.942475,-28.7147,91,0,
C,2024-09-30,2024-10-15,2024-10-15,True,alpha_vantage,0.2,15.1515,1,0,0.2,24.8761,1.0,14.755675,2.9213,95,0,
C,2024-12-31,2025-01-15,2025-01-15,True,alpha_vantage,0.11,8.871,1,0,0.11,22.516425,1.0,14.901362,-6.2805,92,0,
C,2025-03-31,2025-04-15,2025-04-15,True,alpha_vantage,0.11,5.9459,1,0,0.11,19.2994,1.0,16.526763,-2.9251,90,0,
C,2025-06-30,2025-07-15,2025-07-15,True,alpha_vantage,0.45,28.3019,1,0,0.45,10.54965,1.0,16.093525,22.356,91,0,
C,2025-09-30,2025-11-06,2025-11-06,True,alpha_vantage,0.33,17.0984,1,0,0.33,14.567575,1.0,19.721837,-11.2035,114,0,
C,2025-12-31,2026-01-21,2026-01-21,True,alpha_vantage,-0.38,-23.4568,0,1,0.38,15.0543,1.0,18.785363,-40.5552,76,0,
C,2026-03-31,2026-04-14,2026-04-14,True,alpha_vantage,0.46,17.6923,1,0,0.46,6.97235,0.75,13.135875,41.1491,83,0,
CAT,1996-03-31,1996-04-16,1996-04-16,True,alpha_vantage,0.01,2.7027,1,0,0.01,,,,,,0,
CAT,1996-06-30,1996-07-16,1996-07-16,True,alpha_vantage,0.08,19.5122,1,0,0.08,2.7027,1.0,2.7027,16.8095,91,0,
CAT,1996-09-30,1996-10-15,1996-10-15,True,alpha_vantage,0.05,14.2857,1,0,0.05,11.10745,1.0,11.10745,-5.2265,91,0,
CAT,1996-12-31,1997-01-21,1997-01-21,True,alpha_vantage,0.03,6.383,1,0,0.03,12.166867,1.0,12.166867,-7.9027,98,0,
CAT,1997-03-31,1997-04-15,1997-04-15,True,alpha_vantage,0.09,20.9302,1,0,0.09,10.7209,1.0,10.7209,14.5472,84,0,
CAT,1997-06-30,1997-07-22,1997-07-22,True,alpha_vantage,0.02,3.6364,1,0,0.02,15.277775,1.0,12.76276,-17.2938,98,0,
CAT,1997-09-30,1997-10-15,1997-10-15,True,alpha_vantage,0.06,13.0435,1,0,0.06,11.308825,1.0,11.2417,9.4071,85,0,
CAT,1997-12-31,1998-01-21,1998-01-21,True,alpha_vantage,0.04,7.1429,1,0,0.04,10.998275,1.0,11.4991,-5.9006,98,0,
CAT,1998-03-31,1998-04-17,1998-04-17,True,alpha_vantage,0.02,3.6364,1,0,0.02,11.18825,1.0,10.954575,-3.5065,86,0,
CAT,1998-06-30,1998-07-15,1998-07-15,True,alpha_vantage,-0.01,-1.6129,0,1,0.01,6.8648,1.0,11.071288,-5.2493,89,0,
CAT,1998-09-30,1998-10-16,1998-10-16,True,alpha_vantage,-0.04,-8.0,0,1,0.04,5.552475,0.75,8.43065,-6.3871,93,0,
CAT,1998-12-31,1999-01-20,1999-01-20,True,alpha_vantage,0.0,0.0,0,0,0.0,0.2916,0.5,5.644938,8.0,96,0,
CAT,1999-03-31,1999-04-16,1999-04-16,True,alpha_vantage,0.08,38.0952,1,0,0.08,-1.494125,0.25,4.847062,38.0952,86,0,
CAT,1999-06-30,1999-07-16,1999-07-16,True,alpha_vantage,-0.01,-2.5,0,1,0.01,7.120575,0.25,6.992687,-40.5952,91,0,
CAT,1999-09-30,1999-10-15,1999-10-15,True,alpha_vantage,0.01,3.3333,1,0,0.01,6.8988,0.25,6.225637,5.8333,91,0,
CAT,1999-12-31,2000-01-21,2000-01-21,True,alpha_vantage,0.02,6.25,1,0,0.02,9.732125,0.5,5.011862,2.9167,98,0,
CAT,2000-03-31,2000-04-18,2000-04-18,True,alpha_vantage,0.08,27.5862,1,0,0.08,11.294625,0.75,4.90025,21.3362,88,0,
CAT,2000-06-30,2000-07-20,2000-07-20,True,alpha_vantage,0.02,4.6512,1,0,0.02,8.667375,0.75,7.893975,-22.935,93,0,
CAT,2000-09-30,2000-10-17,2000-10-17,True,alpha_vantage,0.02,6.8966,1,0,0.02,10.455175,1.0,8.676987,2.2454,89,0,
CAT,2000-12-31,2001-01-18,2001-01-18,True,alpha_vantage,0.06,18.75,1,0,0.06,11.346,1.0,10.539062,11.8534,93,0,
CAT,2001-03-31,2001-04-17,2001-04-17,True,alpha_vantage,-0.01,-4.0,0,1,0.01,14.471,1.0,12.882812,-22.75,89,0,
CAT,2001-06-30,2001-07-17,2001-07-17,True,alpha_vantage,0.04,11.4286,1,0,0.04,6.57445,0.75,7.620913,15.4286,91,0,
CAT,2001-09-30,2001-10-16,2001-10-16,True,alpha_vantage,-0.01,-3.2258,0,1,0.01,8.2688,0.75,9.361987,-14.6544,91,0,
CAT,2001-12-31,2002-01-23,2002-01-23,True,alpha_vantage,0.0,0.0,0,0,0.0,5.7382,0.5,8.5421,3.2258,99,0,
CAT,2002-03-31,2002-04-16,2002-04-16,True,alpha_vantage,0.0,0.0,0,0,0.0,1.0507,0.25,7.76085,0.0,83,0,
CAT,2002-06-30,2002-07-16,2002-07-16,True,alpha_vantage,-0.07,-19.4444,0,1,0.07,2.0507,0.25,4.312575,-19.4444,91,0,
CAT,2002-09-30,2002-10-16,2002-10-16,True,alpha_vantage,0.03,10.7143,1,0,0.03,-5.66755,0.0,1.300625,30.1587,92,0,
CAT,2002-12-31,2003-01-23,2003-01-23,True,alpha_vantage,0.1,29.4118,1,0,0.1,-2.182525,0.25,1.777837,18.6975,99,0,
CAT,2003-03-31,2003-04-16,2003-04-16,True,alpha_vantage,0.06,46.1538,1,0,0.06,5.170425,0.5,3.110562,16.742,83,0,
CAT,2003-06-30,2003-07-17,2003-07-17,True,alpha_vantage,0.24,72.7273,1,0,0.24,16.708875,0.75,9.379787,26.5735,92,0,
CAT,2003-09-30,2003-10-16,2003-10-16,True,alpha_vantage,0.0,0.0,0,0,0.0,39.7518,1.0,17.042125,-72.7273,91,0,
CAT,2003-12-31,2004-01-27,2004-01-27,True,alpha_vantage,0.02,4.2553,1,0,0.02,37.073225,0.75,17.44535,4.2553,103,0,
CAT,2004-03-31,2004-04-22,2004-04-22,True,alpha_vantage,0.23,65.7143,1,0,0.23,30.7841,0.75,17.977262,61.459,86,0,
CAT,2004-06-30,2004-07-22,2004-07-22,True,alpha_vantage,-0.08,-9.3023,0,1,0.08,35.674225,0.75,26.19155,-75.0166,91,0,
CAT,2004-09-30,2004-10-21,2004-10-21,True,alpha_vantage,0.03,4.4118,1,0,0.03,15.166825,0.5,27.459312,13.7141,91,0,
CAT,2004-12-31,2005-01-27,2005-01-27,True,alpha_vantage,-0.03,-3.7037,0,1,0.03,16.269775,0.75,26.6715,-8.1155,98,0,
CAT,2005-03-31,2005-04-20,2005-04-20,True,alpha_vantage,0.14,20.5882,1,0,0.14,14.280025,0.5,22.532062,24.2919,83,0,
CAT,2005-06-30,2005-07-21,2005-07-21,True,alpha_vantage,-0.25,-18.797,0,1,0.25,2.9985,0.5,19.336362,-39.3852,92,0,
CAT,2005-09-30,2005-10-21,2005-10-21,True,alpha_vantage,-0.12,-11.3208,0,1,0.12,0.624825,0.5,7.895825,7.4762,92,0,
CAT,2005-12-31,2006-01-26,2006-01-26,True,alpha_vantage,0.1,9.0909,1,0,0.1,-3.308325,0.25,6.480725,20.4117,97,0,
CAT,2006-03-31,2006-04-24,2006-04-24,True,alpha_vantage,0.14,13.2075,1,0,0.14,-0.109675,0.5,7.085175,4.1166,88,0,
CAT,2006-06-30,2006-07-21,2006-07-21,True,alpha_vantage,0.1,7.0423,1,0,0.1,-1.95485,0.5,0.521825,-6.1652,88,0,
CAT,2006-09-30,2006-10-20,2006-10-20,True,alpha_vantage,-0.21,-15.5556,0,1,0.21,4.504975,0.75,2.5649,-22.5979,91,0,
CAT,2006-12-31,2007-01-26,2007-01-26,True,alpha_vantage,-0.02,-1.4925,0,1,0.02,3.446275,0.75,0.068975,14.0631,98,0,
CAT,2007-03-31,2007-04-20,2007-04-20,True,alpha_vantage,0.15,13.8889,1,0,0.15,0.800425,0.5,0.345375,15.3814,84,0,
CAT,2007-06-30,2007-07-20,2007-07-20,True,alpha_vantage,-0.25,-16.7785,0,1,0.25,0.970775,0.5,-0.492038,-30.6674,91,0,
CAT,2007-09-30,2007-10-19,2007-10-19,True,alpha_vantage,-0.02,-1.4085,0,1,0.02,-4.984425,0.25,-0.239725,15.37,91,0,
CAT,2007-12-31,2008-01-25,2008-01-25,True,alpha_vantage,0.0,0.0,0,0,0.0,-1.44765,0.25,0.999312,1.4085,98,0,
CAT,2008-03-31,2008-04-18,2008-04-18,True,alpha_vantage,0.12,9.0226,1,0,0.12,-1.074525,0.25,-0.13705,9.0226,84,0,
CAT,2008-06-30,2008-07-22,2008-07-22,True,alpha_vantage,0.2,12.987,1,0,0.2,-2.2911,0.25,-0.660163,3.9644,95,0,
CAT,2008-09-30,2008-10-21,2008-10-21,True,alpha_vantage,-0.02,-1.4184,0,1,0.02,5.150275,0.5,0.082925,-14.4054,91,0,
CAT,2008-12-31,2009-01-26,2009-01-26,True,alpha_vantage,-0.2,-15.625,0,1,0.2,5.1478,0.5,1.850075,-14.2066,97,0,
CAT,2009-03-31,2009-04-21,2009-04-21,True,alpha_vantage,0.37,1850.0,1,0,0.37,1.24155,0.5,0.083512,1865.625,85,0,
CAT,2009-06-30,2009-07-21,2009-07-21,True,alpha_vantage,0.5,227.2727,1,0,0.5,461.4859,0.5,229.5974,-1622.7273,91,0,
CAT,2009-09-30,2009-10-20,2009-10-20,True,alpha_vantage,0.6,1500.0,1,0,0.6,515.057325,0.5,260.1038,1272.7273,91,0,
CAT,2009-12-31,2010-01-27,2010-01-27,True,alpha_vantage,0.12,41.3793,1,0,0.12,890.411925,0.75,447.779862,-1458.6207,99,0,
CAT,2010-03-31,2010-04-26,2010-04-26,True,alpha_vantage,0.11,28.2051,1,0,0.11,904.663,1.0,452.952275,-13.1742,89,0,
CAT,2010-06-30,2010-07-22,2010-07-22,True,alpha_vantage,0.25,29.7619,1,0,0.25,449.214275,1.0,455.350087,1.5568,87,0,
CAT,2010-09-30,2010-10-21,2010-10-21,True,alpha_vantage,0.13,11.9266,1,0,0.13,399.836575,1.0,457.44695,-17.8353,91,0,
CAT,2010-12-31,2011-01-27,2011-01-27,True,alpha_vantage,0.2,15.748,1,0,0.2,27.818225,1.0,459.115075,3.8214,98,0,
CAT,2011-03-31,2011-04-29,2011-04-29,True,alpha_vantage,0.56,43.75,1,0,0.56,21.4104,1.0,463.0367,28.002,92,0,
CAT,2011-06-30,2011-07-22,2011-07-22,True,alpha_vantage,-0.02,-1.1494,0,1,0.02,25.296625,1.0,237.25545,-44.8994,84,0,
CAT,2011-09-30,2011-10-24,2011-10-24,True,alpha_vantage,0.03,1.7857,1,0,0.03,17.5688,0.75,208.702687,2.9351,94,0,
CAT,2011-12-31,2012-01-26,2012-01-26,True,alpha_vantage,0.48,27.1186,1,0,0.48,15.033575,0.75,21.4259,25.3329,94,0,
CAT,2012-03-31,2012-04-25,2012-04-25,True,alpha_vantage,0.22,10.2326,1,0,0.22,17.876225,0.75,19.643313,-16.886,90,0,
CAT,2012-06-30,2012-07-25,2012-07-25,True,alpha_vantage,0.24,10.4348,1,0,0.24,9.496875,0.75,17.39675,0.2022,91,0,
CAT,2012-09-30,2012-10-22,2012-10-22,True,alpha_vantage,0.02,0.8929,1,0,0.02,12.392925,1.0,14.980863,-9.5419,89,0,
CAT,2012-12-31,2013-01-28,2013-01-28,True,alpha_vantage,-0.25,-14.6199,0,1,0.25,12.169725,1.0,13.60165,-15.5128,98,0,
CAT,2013-03-31,2013-04-22,2013-04-22,True,alpha_vantage,-0.08,-5.7554,0,1,0.08,1.7351,0.75,9.805663,8.8645,84,0,
CAT,2013-06-30,2013-07-24,2013-07-24,True,alpha_vantage,-0.25,-14.7059,0,1,0.25,-2.2619,0.5,3.617488,-8.9505,93,0,
CAT,2013-09-30,2013-10-23,2013-10-23,True,alpha_vantage,-0.23,-13.6905,0,1,0.23,-8.547075,0.25,1.922925,1.0154,91,0,
CAT,2013-12-31,2014-01-27,2014-01-27,True,alpha_vantage,0.3,23.4375,1,0,0.3,-12.192925,0.0,-0.0116,37.128,96,0,
CAT,2014-03-31,2014-04-24,2014-04-24,True,alpha_vantage,0.39,31.9672,1,0,0.39,-2.678575,0.25,-0.471738,8.5297,87,0,
CAT,2014-06-30,2014-07-24,2014-07-24,True,alpha_vantage,0.16,10.4575,1,0,0.16,6.752075,0.5,2.245087,-21.5097,91,0,
CAT,2014-09-30,2014-10-23,2014-10-23,True,alpha_vantage,0.37,27.4074,1,0,0.37,13.042925,0.75,2.247925,16.9499,91,0,
CAT,2014-12-31,2015-01-27,2015-01-27,True,alpha_vantage,-0.22,-14.0127,0,1,0.22,23.3174,1.0,5.562238,-41.4201,96,0,
CAT,2015-03-31,2015-04-23,2015-04-23,True,alpha_vantage,0.5,36.7647,1,0,0.5,13.95485,0.75,5.638137,50.7774,86,0,
CAT,2015-06-30,2015-07-23,2015-07-23,True,alpha_vantage,-0.01,-0.7813,0,1,0.01,15.154225,0.75,10.95315,-37.546,91,0,
CAT,2015-09-30,2015-10-22,2015-10-22,True,alpha_vantage,-0.04,-5.0633,0,1,0.04,12.344525,0.5,12.693725,-4.282,91,0,
CAT,2015-12-31,2016-01-28,2016-01-28,True,alpha_vantage,0.05,7.2464,1,0,0.05,4.22685,0.25,13.772125,12.3097,98,0,
CAT,2016-03-31,2016-04-22,2016-04-22,True,alpha_vantage,-0.01,-1.4706,0,1,0.01,9.541625,0.5,11.748238,-8.717,85,0,
CAT,2016-06-30,2016-07-26,2016-07-26,True,alpha_vantage,0.13,13.5417,1,0,0.13,-0.0172,0.25,7.568512,15.0123,95,0,
CAT,2016-09-30,2016-10-25,2016-10-25,True,alpha_vantage,0.09,11.8421,1,0,0.09,3.56355,0.5,7.954038,-1.6996,91,0,
CAT,2016-12-31,2017-01-26,2017-01-26,True,alpha_vantage,0.16,23.8806,1,0,0.16,7.7899,0.75,6.008375,12.0385,93,0,
CAT,2017-03-31,2017-04-25,2017-04-25,True,alpha_vantage,0.65,103.1746,1,0,0.65,11.94845,0.75,10.745038,79.294,89,0,
CAT,2017-06-30,2017-07-25,2017-07-25,True,alpha_vantage,0.23,18.254,1,0,0.23,38.10975,1.0,19.046275,-84.9206,91,0,
CAT,2017-09-30,2017-10-24,2017-10-24,True,alpha_vantage,0.67,52.3438,1,0,0.67,39.287825,1.0,21.425687,34.0898,91,0,
CAT,2017-12-31,2018-01-25,2018-01-25,True,alpha_vantage,0.38,21.3483,1,0,0.38,49.41325,1.0,28.601575,-30.9955,93,0,
CAT,2018-03-31,2018-04-24,2018-04-24,True,alpha_vantage,0.7,33.0189,1,0,0.7,48.780175,1.0,30.364313,11.6706,89,0,
CAT,2018-06-30,2018-07-30,2018-07-30,True,alpha_vantage,0.23,8.3942,1,0,0.23,31.24125,1.0,34.6755,-24.6247,97,0,
CAT,2018-09-30,2018-10-23,2018-10-23,True,alpha_vantage,0.01,0.3509,1,0,0.01,28.7763,1.0,34.032063,-8.0433,85,0,
CAT,2018-12-31,2019-01-28,2019-01-28,True,alpha_vantage,-0.44,-14.7157,0,1,0.44,15.778075,1.0,32.595663,-15.0666,97,0,
CAT,2019-03-31,2019-04-24,2019-04-24,True,alpha_vantage,0.08,2.7972,1,0,0.08,6.762075,0.75,27.771125,17.5129,86,0,
CAT,2019-06-30,2019-07-24,2019-07-24,True,alpha_vantage,-0.29,-9.2949,0,1,0.29,-0.79335,0.75,15.22395,-12.0921,91,0,
CAT,2019-09-30,2019-10-23,2019-10-23,True,alpha_vantage,-0.23,-7.9585,0,1,0.23,-5.215625,0.5,11.780337,1.3364,91,0,
CAT,2019-12-31,2020-01-31,2020-01-31,True,alpha_vantage,0.25,10.5042,1,0,0.25,-7.292975,0.25,4.24255,18.4627,100,0,
CAT,2020-03-31,2020-04-28,2020-04-28,True,alpha_vantage,-0.07,-4.1916,0,1,0.07,-0.988,0.5,2.887038,-14.6958,88,0,
CAT,2020-06-30,2020-07-31,2020-07-31,True,alpha_vantage,0.31,43.0556,1,0,0.31,-2.7352,0.25,-1.764275,47.2472,94,0,
CAT,2020-09-30,2020-10-27,2020-10-27,True,alpha_vantage,0.16,13.5593,1,0,0.16,10.352425,0.5,2.5684,-29.4963,88,0,
CAT,2020-12-31,2021-01-29,2021-01-29,True,alpha_vantage,0.63,42.2819,1,0,0.63,15.731875,0.75,4.21945,28.7226,94,0,
CAT,2021-03-31,2021-04-29,2021-04-29,True,alpha_vantage,0.93,47.9381,1,0,0.93,23.6763,0.75,11.34415,5.6562,90,0,
CAT,2021-06-30,2021-07-30,2021-07-30,True,alpha_vantage,0.19,7.8838,1,0,0.19,36.708725,1.0,16.986763,-40.0543,92,0,
CAT,2021-09-30,2021-10-28,2021-10-28,True,alpha_vantage,0.46,20.9091,1,0,0.46,27.915775,1.0,19.1341,13.0253,90,0,
CAT,2021-12-31,2022-01-28,2022-01-28,True,alpha_vantage,0.43,19.0265,1,0,0.43,29.753225,1.0,22.74255,-1.8826,92,0,
CAT,2022-03-31,2022-04-28,2022-04-28,True,alpha_vantage,0.28,10.7692,1,0,0.28,23.939375,1.0,23.807837,-8.2573,90,0,
CAT,2022-06-30,2022-08-02,2022-08-02,True,alpha_vantage,0.16,5.298,1,0,0.16,14.64715,1.0,25.677937,-5.4712,96,0,
CAT,2022-09-30,2022-10-27,2022-10-27,True,alpha_vantage,0.78,24.6057,1,0,0.78,14.0007,1.0,20.958237,19.3077,86,0,
CAT,2022-12-31,2023-01-31,2023-01-31,True,alpha_vantage,-0.17,-4.2184,0,1,0.17,14.92485,1.0,22.339037,-28.8241,96,0,
CAT,2023-03-31,2023-04-27,2023-04-27,True,alpha_vantage,1.12,29.5515,1,0,1.12,9.113625,0.75,16.5265,33.7699,86,0,
CAT,2023-06-30,2023-08-01,2023-08-01,True,alpha_vantage,0.97,21.179,1,0,0.97,13.8092,0.75,14.228175,-8.3725,96,0,
CAT,2023-09-30,2023-10-31,2023-10-31,True,alpha_vantage,0.73,15.2401,1,0,0.73,17.77945,0.75,15.890075,-5.9389,91,0,
CAT,2023-12-31,2024-02-05,2024-02-05,True,alpha_vantage,0.48,10.1053,1,0,0.48,15.43805,0.75,15.18145,-5.1348,97,0,
CAT,2024-03-31,2024-04-25,2024-04-25,True,alpha_vantage,0.46,8.9494,1,0,0.46,19.018975,1.0,14.0663,-1.1559,80,0,
CAT,2024-06-30,2024-08-06,2024-08-06,True,alpha_vantage,0.45,8.1227,1,0,0.45,13.86845,1.0,13.838825,-0.8267,103,0,
CAT,2024-09-30,2024-10-30,2024-10-30,True,alpha_vantage,-0.18,-3.3645,0,1,0.18,10.604375,1.0,14.191912,-11.4872,85,0,
CAT,2024-12-31,2025-01-30,2025-01-30,True,alpha_vantage,0.11,2.1869,1,0,0.11,5.953225,0.75,10.695638,5.5514,92,0,
CAT,2025-03-31,2025-04-30,2025-04-30,True,alpha_vantage,-0.14,-3.2258,0,1,0.14,3.973625,0.75,11.4963,-5.4127,90,0,
CAT,2025-06-30,2025-08-05,2025-08-05,True,alpha_vantage,-0.18,-3.6735,0,1,0.18,0.929825,0.5,7.399138,-0.4477,97,0,
CAT,2025-09-30,2025-10-29,2025-10-29,True,alpha_vantage,0.43,9.5133,1,0,0.43,-2.019225,0.25,4.292575,13.1868,85,0,
CAT,2025-12-31,2026-01-29,2026-01-29,True,alpha_vantage,0.45,9.5541,1,0,0.45,1.200225,0.5,3.576725,0.0408,92,0,
CAT,2026-03-31,2026-04-30,2026-04-30,True,alpha_vantage,0.9,19.3966,1,0,0.9,3.042025,0.5,3.507825,9.8425,91,0,
CB,1996-03-31,1996-04-23,1996-04-23,True,alpha_vantage,0.0,0.0,0,0,0.0,,,,,,0,
CB,1996-06-30,1996-07-23,1996-07-23,True,alpha_vantage,-0.02,-5.0,0,1,0.02,0.0,0.0,0.0,-5.0,91,0,
CB,1996-09-30,1996-11-07,1996-11-07,True,alpha_vantage,0.04,9.7561,1,0,0.04,-2.5,0.0,-2.5,14.7561,107,0,
CB,1996-12-31,1997-01-21,1997-01-21,True,alpha_vantage,0.05,11.6279,1,0,0.05,1.585367,0.3333,1.585367,1.8718,75,0,
CB,1997-03-31,1997-04-23,1997-04-23,True,alpha_vantage,0.01,2.2222,1,0,0.01,4.096,0.5,4.096,-9.4057,92,0,
CB,1997-06-30,1997-07-23,1997-07-23,True,alpha_vantage,0.05,11.1111,1,0,0.05,4.65155,0.75,3.72124,8.8889,91,0,
CB,1997-09-30,1997-11-05,1997-11-05,True,alpha_vantage,0.01,2.0408,1,0,0.01,8.679325,1.0,4.952883,-9.0703,105,0,
CB,1997-12-31,1998-01-21,1998-01-21,True,alpha_vantage,-0.01,-1.9231,0,1,0.01,6.7505,1.0,4.536871,-3.9639,77,0,
CB,1998-03-31,1998-04-22,1998-04-22,True,alpha_vantage,0.01,1.8868,1,0,0.01,3.36275,0.75,3.729375,3.8099,91,0,
CB,1998-06-30,1998-07-22,1998-07-22,True,alpha_vantage,0.01,1.7857,1,0,0.01,3.2789,0.75,3.965225,-0.1011,91,0,
CB,1998-09-30,1998-11-04,1998-11-04,True,alpha_vantage,-0.03,-5.1724,0,1,0.03,0.94755,0.75,4.813438,-6.9581,105,0,
CB,1998-12-31,1999-01-26,1999-01-26,True,alpha_vantage,0.01,1.8519,1,0,0.01,-0.85575,0.5,2.947375,7.0243,83,0,
CB,1999-03-31,1999-04-27,1999-04-27,True,alpha_vantage,0.01,1.7857,1,0,0.01,0.088,0.75,1.725375,-0.0662,91,0,
CB,1999-06-30,1999-07-27,1999-07-27,True,alpha_vantage,-0.15,-40.5405,0,1,0.15,0.062725,0.75,1.670813,-42.3262,91,0,
CB,1999-09-30,1999-11-04,1999-11-04,True,alpha_vantage,-0.02,-5.1282,0,1,0.02,-10.518825,0.5,-4.785637,35.4123,100,0,
CB,1999-12-31,2000-02-16,2000-02-16,True,alpha_vantage,-0.01,-1.9608,0,1,0.01,-10.507775,0.5,-5.681763,3.1674,104,0,
CB,2000-03-31,2000-05-09,2000-05-09,True,alpha_vantage,0.23,40.3509,1,0,0.23,-11.46095,0.25,-5.686475,42.3117,83,0,
CB,2000-06-30,2000-08-01,2000-08-01,True,alpha_vantage,0.01,1.6667,1,0,0.01,-1.81965,0.25,-0.878462,-38.6842,84,0,
CB,2000-09-30,2000-11-01,2000-11-01,True,alpha_vantage,-0.04,-6.0606,0,1,0.04,8.73215,0.5,-0.893337,-7.7273,92,0,
CB,2000-12-31,2001-02-14,2001-02-14,True,alpha_vantage,0.01,1.5625,1,0,0.01,8.49905,0.5,-1.004362,7.6231,105,0,
CB,2001-03-31,2001-05-01,2001-05-01,True,alpha_vantage,-0.01,-1.5152,0,1,0.01,9.379875,0.75,-1.040537,-3.0777,76,0,
CB,2001-06-30,2001-07-31,2001-07-31,True,alpha_vantage,0.0,0.0,0,0,0.0,-1.08665,0.5,-1.45315,1.5152,91,0,
CB,2001-09-30,2001-10-25,2001-10-25,True,alpha_vantage,-0.05,-3.1056,0,1,0.05,-1.503325,0.25,3.614413,-3.1056,86,0,
CB,2001-12-31,2002-02-13,2002-02-13,True,alpha_vantage,-0.01,-6.6667,0,1,0.01,-0.764575,0.25,3.867238,-3.5611,111,0,
CB,2002-03-31,2002-05-01,2002-05-01,True,alpha_vantage,-0.06,-7.2289,0,1,0.06,-2.821875,0.0,3.279,-0.5622,77,0,
CB,2002-06-30,2002-07-29,2002-07-29,True,alpha_vantage,0.01,1.1905,1,0,0.01,-4.2503,0.0,-2.668475,8.4194,89,0,
CB,2002-09-30,2002-10-29,2002-10-29,True,alpha_vantage,0.0,0.0,0,0,0.0,-3.952675,0.25,-2.728,-1.1905,92,0,
CB,2002-12-31,2003-02-05,2003-02-05,True,alpha_vantage,-0.12,-41.3793,0,1,0.12,-3.176275,0.25,-1.970425,-41.3793,99,0,
CB,2003-03-31,2003-04-29,2003-04-29,True,alpha_vantage,0.06,6.25,1,0,0.06,-11.854425,0.25,-7.33815,47.6293,83,0,
CB,2003-06-30,2003-07-28,2003-07-28,True,alpha_vantage,0.02,2.0202,1,0,0.02,-8.4847,0.5,-6.3675,-4.2298,90,0,
CB,2003-09-30,2003-10-28,2003-10-28,True,alpha_vantage,0.02,1.9608,1,0,0.02,-8.277275,0.5,-6.114975,-0.0594,92,0,
CB,2003-12-31,2004-02-04,2004-02-04,True,alpha_vantage,0.04,3.7037,1,0,0.04,-7.787075,0.75,-5.481675,1.7429,99,0,
CB,2004-03-31,2004-04-27,2004-04-27,True,alpha_vantage,0.17,13.8211,1,0,0.17,3.483675,1.0,-4.185375,10.1174,83,0,
CB,2004-06-30,2004-07-27,2004-07-27,True,alpha_vantage,0.05,4.0323,1,0,0.05,5.37645,1.0,-1.554125,-9.7888,91,0,
CB,2004-09-30,2004-10-26,2004-10-26,True,alpha_vantage,-0.08,-53.3333,0,1,0.08,5.879475,1.0,-1.1989,-57.3656,91,0,
CB,2004-12-31,2005-02-02,2005-02-02,True,alpha_vantage,0.26,92.8571,1,0,0.26,-7.94405,0.75,-7.865563,146.1904,99,0,
CB,2005-03-31,2005-04-26,2005-04-26,True,alpha_vantage,0.06,4.1958,1,0,0.06,14.3443,0.75,8.913987,-88.6613,83,0,
CB,2005-06-30,2005-07-25,2005-07-25,True,alpha_vantage,0.06,4.1667,1,0,0.06,11.937975,0.75,8.657212,-0.0291,90,0,
CB,2005-09-30,2005-10-25,2005-10-25,True,alpha_vantage,-0.09,-14.7541,0,1,0.09,11.971575,0.75,8.925525,-18.9208,92,0,
CB,2005-12-31,2006-01-31,2006-01-31,True,alpha_vantage,-0.01,-1.3699,0,1,0.01,21.616375,0.75,6.836163,13.3842,98,0,
CB,2006-03-31,2006-04-25,2006-04-25,True,alpha_vantage,0.07,4.4872,1,0,0.07,-1.940375,0.5,6.201963,5.8571,84,0,
CB,2006-06-30,2006-07-25,2006-07-25,True,alpha_vantage,0.16,10.1266,1,0,0.16,-1.867525,0.5,5.035225,5.6394,91,0,
CB,2006-09-30,2006-10-24,2006-10-24,True,alpha_vantage,0.32,19.5122,1,0,0.32,-0.37755,0.5,5.797013,9.3856,91,0,
CB,2006-12-31,2007-01-30,2007-01-30,True,alpha_vantage,0.18,10.3448,1,0,0.18,8.189025,0.75,14.9027,-9.1674,98,0,
CB,2007-03-31,2007-04-24,2007-04-24,True,alpha_vantage,0.23,13.1429,1,0,0.23,11.1177,1.0,4.588662,2.7981,84,0,
CB,2007-06-30,2007-07-24,2007-07-24,True,alpha_vantage,0.14,7.6087,1,0,0.14,13.281625,1.0,5.70705,-5.5342,91,0,
CB,2007-09-30,2007-10-23,2007-10-23,True,alpha_vantage,0.25,13.8122,1,0,0.25,12.65215,1.0,6.1373,6.2035,91,0,
CB,2007-12-31,2008-02-05,2008-02-05,True,alpha_vantage,0.15,7.8947,1,0,0.15,11.22715,1.0,9.708087,-5.9175,105,0,
CB,2008-03-31,2008-04-29,2008-04-29,True,alpha_vantage,0.25,13.089,1,0,0.25,10.614625,1.0,10.866162,5.1943,84,0,
CB,2008-06-30,2008-07-29,2008-07-29,True,alpha_vantage,0.28,14.7368,1,0,0.28,10.60115,1.0,11.941387,1.6478,91,0,
CB,2008-09-30,2008-10-28,2008-10-28,True,alpha_vantage,0.08,5.5944,1,0,0.08,12.383175,1.0,12.517663,-9.1424,91,0,
CB,2008-12-31,2009-02-03,2009-02-03,True,alpha_vantage,0.0,0.0,0,0,0.0,10.328725,1.0,10.777938,-5.5944,98,0,
CB,2009-03-31,2009-04-28,2009-04-28,True,alpha_vantage,0.02,1.0152,1,0,0.02,8.35505,0.75,9.484837,1.0152,84,0,
CB,2009-06-30,2009-07-27,2009-07-27,True,alpha_vantage,0.15,7.732,1,0,0.15,5.3366,0.75,7.968875,6.7168,90,0,
CB,2009-09-30,2009-10-27,2009-10-27,True,alpha_vantage,0.11,5.6122,1,0,0.11,3.5854,0.75,7.984288,-2.1198,92,0,
CB,2009-12-31,2010-02-02,2010-02-02,True,alpha_vantage,0.07,3.6082,1,0,0.07,3.58985,0.75,6.959288,-2.004,98,0,
CB,2010-03-31,2010-04-28,2010-04-28,True,alpha_vantage,0.0,0.0,0,0,0.0,4.4919,1.0,6.423475,-3.6082,85,0,
CB,2010-06-30,2010-07-27,2010-07-27,True,alpha_vantage,0.18,9.8361,1,0,0.18,4.2381,0.75,4.78735,9.8361,90,0,
CB,2010-09-30,2010-10-27,2010-10-27,True,alpha_vantage,0.2,11.0497,1,0,0.2,4.764125,0.75,4.174762,1.2136,92,0,
CB,2010-12-31,2011-02-02,2011-02-02,True,alpha_vantage,0.22,12.0219,1,0,0.22,6.1235,0.75,4.856675,0.9722,98,0,
CB,2011-03-31,2011-05-04,2011-05-04,True,alpha_vantage,0.12,17.9104,1,0,0.12,8.226925,0.75,6.359413,5.8885,91,0,
CB,2011-06-30,2011-07-26,2011-07-26,True,alpha_vantage,0.38,23.3129,1,0,0.38,12.704525,1.0,8.471312,5.4025,83,0,
CB,2011-09-30,2011-10-25,2011-10-25,True,alpha_vantage,0.45,25.4237,1,0,0.45,16.073725,1.0,10.418925,2.1108,91,0,
CB,2011-12-31,2012-01-31,2012-01-31,True,alpha_vantage,0.15,8.3799,1,0,0.15,19.667225,1.0,12.895362,-17.0438,98,0,
CB,2012-03-31,2012-04-24,2012-04-24,True,alpha_vantage,0.18,9.6257,1,0,0.18,18.756725,1.0,13.491825,1.2458,84,0,
CB,2012-06-30,2012-07-24,2012-07-24,True,alpha_vantage,0.27,14.2105,1,0,0.27,16.68555,1.0,14.695037,4.5848,91,0,
CB,2012-09-30,2012-10-23,2012-10-23,True,alpha_vantage,0.18,9.8361,1,0,0.18,14.40995,1.0,15.241837,-4.3744,91,0,
CB,2012-12-31,2013-01-29,2013-01-29,True,alpha_vantage,0.16,12.5984,1,0,0.16,10.51305,1.0,15.090137,2.7623,98,0,
CB,2013-03-31,2013-04-22,2013-04-22,True,alpha_vantage,0.24,12.4352,1,0,0.24,11.567675,1.0,15.1622,-0.1632,83,0,
CB,2013-06-30,2013-07-23,2013-07-23,True,alpha_vantage,0.34,17.4359,1,0,0.34,12.27005,1.0,14.4778,5.0007,92,0,
CB,2013-09-30,2013-10-22,2013-10-22,True,alpha_vantage,0.26,11.6592,1,0,0.26,13.0764,1.0,13.743175,-5.7767,91,0,
CB,2013-12-31,2014-01-28,2014-01-28,True,alpha_vantage,0.37,18.3168,1,0,0.37,13.532175,1.0,12.022612,6.6576,98,0,
CB,2014-03-31,2014-04-29,2014-04-29,True,alpha_vantage,0.13,6.0748,1,0,0.13,14.961775,1.0,13.264725,-12.242,91,0,
CB,2014-06-30,2014-07-22,2014-07-22,True,alpha_vantage,0.19,8.5202,1,0,0.19,13.371675,1.0,12.820863,2.4454,84,0,
CB,2014-09-30,2014-10-21,2014-10-21,True,alpha_vantage,0.28,11.8644,1,0,0.28,11.14275,1.0,12.109575,3.3442,91,0,
CB,2014-12-31,2015-01-27,2015-01-27,True,alpha_vantage,0.16,6.9264,1,0,0.16,11.19405,1.0,12.363112,-4.938,98,0,
CB,2015-03-31,2015-04-21,2015-04-21,True,alpha_vantage,0.04,1.81,1,0,0.04,8.34645,1.0,11.654113,-5.1164,84,0,
CB,2015-06-30,2015-07-21,2015-07-21,True,alpha_vantage,0.12,5.2632,1,0,0.12,7.28025,1.0,10.325963,3.4532,91,0,
CB,2015-09-30,2015-10-20,2015-10-20,True,alpha_vantage,0.37,15.6118,1,0,0.37,6.466,1.0,8.804375,10.3486,91,0,
CB,2015-12-31,2016-01-26,2016-01-26,True,alpha_vantage,0.12,5.3097,1,0,0.12,7.40285,1.0,9.29845,-10.3021,98,0,
CB,2016-03-31,2016-05-04,2016-05-04,True,alpha_vantage,0.09,4.1475,1,0,0.09,6.998675,1.0,7.672563,-1.1622,99,0,
CB,2016-06-30,2016-07-26,2016-07-26,True,alpha_vantage,0.02,0.8969,1,0,0.02,7.58305,1.0,7.43165,-3.2506,83,0,
CB,2016-09-30,2016-10-25,2016-10-25,True,alpha_vantage,0.3,11.6279,1,0,0.3,6.491475,1.0,6.478738,10.731,91,0,
CB,2016-12-31,2017-01-31,2017-01-31,True,alpha_vantage,0.31,12.8631,1,0,0.31,5.4955,1.0,6.449175,1.2352,98,0,
CB,2017-03-31,2017-04-25,2017-04-25,True,alpha_vantage,0.07,2.9046,1,0,0.07,7.38385,1.0,7.191263,-9.9585,84,0,
CB,2017-06-30,2017-07-25,2017-07-25,True,alpha_vantage,0.01,0.4016,1,0,0.01,7.073125,1.0,7.328088,-2.503,91,0,
CB,2017-09-30,2017-10-26,2017-10-26,True,alpha_vantage,0.09,40.9091,1,0,0.09,6.9493,1.0,6.720388,40.5075,93,0,
CB,2017-12-31,2018-01-30,2018-01-30,True,alpha_vantage,-0.02,-0.8696,0,1,0.02,14.2696,1.0,9.88255,-41.7787,96,0,
CB,2018-03-31,2018-04-24,2018-04-24,True,alpha_vantage,0.08,3.5398,1,0,0.08,10.836425,0.75,9.110138,4.4094,84,0,
CB,2018-06-30,2018-07-24,2018-07-24,True,alpha_vantage,0.06,2.2901,1,0,0.06,10.995225,0.75,9.034175,-1.2497,91,0,
CB,2018-09-30,2018-10-23,2018-10-23,True,alpha_vantage,0.05,2.1186,1,0,0.05,11.46735,0.75,9.208325,-0.1715,91,0,
CB,2018-12-31,2019-02-05,2019-02-05,True,alpha_vantage,0.02,1.0,1,0,0.02,1.769725,0.75,8.019663,-1.1186,105,0,
CB,2019-03-31,2019-04-30,2019-04-30,True,alpha_vantage,-0.02,-0.7813,0,1,0.02,2.237125,1.0,6.536775,-1.7813,84,0,
CB,2019-06-30,2019-07-23,2019-07-23,True,alpha_vantage,0.04,1.5625,1,0,0.04,1.15685,0.75,6.076037,2.3438,84,0,
CB,2019-09-30,2019-10-29,2019-10-29,True,alpha_vantage,0.09,3.4483,1,0,0.09,0.97495,0.75,6.22115,1.8858,98,0,
CB,2019-12-31,2020-02-04,2020-02-04,True,alpha_vantage,0.13,6.0465,1,0,0.13,1.307375,0.75,1.53855,2.5982,98,0,
CB,2020-03-31,2020-04-21,2020-04-21,True,alpha_vantage,0.11,4.2802,1,0,0.11,2.569,0.75,2.403062,-1.7663,77,0,
CB,2020-06-30,2020-07-28,2020-07-28,True,alpha_vantage,-0.17,-43.5897,0,1,0.17,3.834375,1.0,2.495613,-47.8699,98,0,
CB,2020-09-30,2020-10-27,2020-10-27,True,alpha_vantage,-0.23,-10.3139,0,1,0.23,-7.453675,0.75,-3.239362,33.2758,91,0,
CB,2020-12-31,2021-02-02,2021-02-02,True,alpha_vantage,0.36,12.766,1,0,0.36,-10.894225,0.5,-4.793425,23.0799,98,0,
CB,2021-03-31,2021-04-27,2021-04-27,True,alpha_vantage,0.03,1.2048,1,0,0.03,-9.21435,0.5,-3.322675,-11.5612,84,0,
CB,2021-06-30,2021-07-27,2021-07-27,True,alpha_vantage,0.6,19.8675,1,0,0.6,-9.9832,0.5,-3.074413,18.6627,91,0,
CB,2021-09-30,2021-10-26,2021-10-26,True,alpha_vantage,0.39,17.3333,1,0,0.39,5.8811,0.75,-0.786288,-2.5342,91,0,
CB,2021-12-31,2022-02-01,2022-02-01,True,alpha_vantage,0.53,16.1585,1,0,0.53,12.7929,1.0,0.949337,-1.1748,98,0,
CB,2022-03-31,2022-04-26,2022-04-26,True,alpha_vantage,0.34,9.7701,1,0,0.34,13.641025,1.0,2.213338,-6.3884,84,0,
CB,2022-06-30,2022-07-26,2022-07-26,True,alpha_vantage,0.58,16.0221,1,0,0.58,15.78235,1.0,2.899575,6.252,91,0,
CB,2022-09-30,2022-10-25,2022-10-25,True,alpha_vantage,0.56,21.4559,1,0,0.56,14.821,1.0,10.35105,5.4338,91,0,
CB,2022-12-31,2023-01-31,2023-01-31,True,alpha_vantage,-0.2,-4.7059,0,1,0.2,15.85165,1.0,14.322275,-26.1618,98,0,
CB,2023-03-31,2023-04-25,2023-04-25,True,alpha_vantage,-0.05,-1.1211,0,1,0.05,10.63555,0.75,12.138288,3.5848,84,0,
CB,2023-06-30,2023-07-25,2023-07-25,True,alpha_vantage,0.5,11.3122,1,0,0.5,7.91275,0.5,11.84755,12.4333,91,0,
CB,2023-09-30,2023-10-24,2023-10-24,True,alpha_vantage,0.53,11.991,1,0,0.53,6.735275,0.5,10.778137,0.6788,91,0,
CB,2023-12-31,2024-01-30,2024-01-30,True,alpha_vantage,0.42,8.2031,1,0,0.42,4.36905,0.5,10.11035,-3.7879,98,0,
CB,2024-03-31,2024-04-23,2024-04-23,True,alpha_vantage,0.11,2.0755,1,0,0.11,7.5963,0.75,9.115925,-6.1276,84,0,
CB,2024-06-30,2024-07-23,2024-07-23,True,alpha_vantage,0.23,4.466,1,0,0.23,8.39545,1.0,8.1541,2.3905,91,0,
CB,2024-09-30,2024-10-29,2024-10-29,True,alpha_vantage,0.73,14.6293,1,0,0.73,6.6839,1.0,6.709587,10.1633,98,0,
CB,2024-12-31,2025-01-28,2025-01-28,True,alpha_vantage,0.57,10.4587,1,0,0.57,7.343475,1.0,5.856262,-4.1706,91,0,
CB,2025-03-31,2025-04-22,2025-04-22,True,alpha_vantage,0.45,13.9319,1,0,0.45,7.907375,1.0,7.751837,3.4732,84,0,
CB,2025-06-30,2025-07-22,2025-07-22,True,alpha_vantage,0.17,2.8476,1,0,0.17,10.871475,1.0,9.633463,-11.0843,91,0,
CB,2025-09-30,2025-10-21,2025-10-21,True,alpha_vantage,1.33,21.5909,1,0,1.33,10.466875,1.0,8.575387,18.7433,91,0,
CB,2025-12-31,2026-02-03,2026-02-03,True,alpha_vantage,0.74,10.9145,1,0,0.74,12.207275,1.0,9.775375,-10.6764,105,0,
CB,2026-03-31,2026-04-21,2026-04-21,True,alpha_vantage,0.21,3.177,1,0,0.21,12.321225,1.0,10.1143,-7.7375,77,0,
