family,ticker,status,available_date,value,pit_ok
short_interest_days_to_cover,A,OK,2017-12-29,3.4,True
short_interest_days_to_cover,A,OK,2018-01-12,2.75,True
short_interest_days_to_cover,A,OK,2018-01-31,2.95,True
short_interest_days_to_cover,A,OK,2018-02-15,1.66,True
short_interest_days_to_cover,A,OK,2018-02-28,1.24,True
short_interest_days_to_cover,A,OK,2018-03-15,2.49,True
short_interest_days_to_cover,A,OK,2018-03-29,1.59,True
short_interest_days_to_cover,A,OK,2018-04-13,1.73,True
short_interest_days_to_cover,A,OK,2018-04-30,1.88,True
short_interest_days_to_cover,A,OK,2018-05-15,1.29,True
short_interest_days_to_cover,AAPL,OK,2017-12-29,1.91,True
short_interest_days_to_cover,AAPL,OK,2018-01-12,1.99,True
short_interest_days_to_cover,AAPL,OK,2018-01-31,1.13,True
short_interest_days_to_cover,AAPL,OK,2018-02-15,1.0,True
short_interest_days_to_cover,AAPL,OK,2018-02-28,1.61,True
short_interest_days_to_cover,AAPL,OK,2018-03-15,2.16,True
short_interest_days_to_cover,AAPL,OK,2018-03-29,1.47,True
short_interest_days_to_cover,AAPL,OK,2018-04-13,1.92,True
short_interest_days_to_cover,AAPL,OK,2018-04-30,1.5,True
short_interest_days_to_cover,AAPL,OK,2018-05-15,1.27,True
short_interest_days_to_cover,ABBV,OK,2017-12-29,5.34,True
short_interest_days_to_cover,ABBV,OK,2018-01-12,3.62,True
short_interest_days_to_cover,ABBV,OK,2018-01-31,2.03,True
short_interest_days_to_cover,ABBV,OK,2018-02-15,2.24,True
short_interest_days_to_cover,ABBV,OK,2018-02-28,2.74,True
short_interest_days_to_cover,ABBV,OK,2018-03-15,3.06,True
short_interest_days_to_cover,ABBV,OK,2018-03-29,1.37,True
short_interest_days_to_cover,ABBV,OK,2018-04-13,2.13,True
short_interest_days_to_cover,ABBV,OK,2018-04-30,3.12,True
short_interest_days_to_cover,ABBV,OK,2018-05-15,3.29,True
short_interest_days_to_cover,ABNB,OK,2020-12-15,1.0,True
short_interest_days_to_cover,ABNB,OK,2020-12-31,1.0,True
short_interest_days_to_cover,ABNB,OK,2021-01-15,1.56,True
short_interest_days_to_cover,ABNB,OK,2021-01-29,1.22,True
short_interest_days_to_cover,ABNB,OK,2021-02-12,3.21,True
short_interest_days_to_cover,ABNB,OK,2021-02-26,3.04,True
short_interest_days_to_cover,ABNB,OK,2021-03-15,1.81,True
short_interest_days_to_cover,ABNB,OK,2021-03-31,4.52,True
short_interest_days_to_cover,ABNB,OK,2021-04-15,6.27,True
short_interest_days_to_cover,ABNB,OK,2021-04-30,7.6,True
short_interest_days_to_cover,ABT,OK,2017-12-29,1.68,True
short_interest_days_to_cover,ABT,OK,2018-01-12,1.57,True
short_interest_days_to_cover,ABT,OK,2018-01-31,1.58,True
short_interest_days_to_cover,ABT,OK,2018-02-15,1.56,True
short_interest_days_to_cover,ABT,OK,2018-02-28,1.83,True
short_interest_days_to_cover,ABT,OK,2018-03-15,2.03,True
short_interest_days_to_cover,ABT,OK,2018-03-29,1.79,True
short_interest_days_to_cover,ABT,OK,2018-04-13,1.54,True
short_interest_days_to_cover,ABT,OK,2018-04-30,2.17,True
short_interest_days_to_cover,ABT,OK,2018-05-15,2.33,True
short_interest_days_to_cover,ACGL,OK,2017-12-29,6.83,True
short_interest_days_to_cover,ACGL,OK,2018-01-12,4.72,True
short_interest_days_to_cover,ACGL,OK,2018-01-31,5.12,True
short_interest_days_to_cover,ACGL,OK,2018-02-15,3.87,True
short_interest_days_to_cover,ACGL,OK,2018-02-28,4.41,True
short_interest_days_to_cover,ACGL,OK,2018-03-15,1.6,True
short_interest_days_to_cover,ACGL,OK,2018-03-29,2.88,True
short_interest_days_to_cover,ACGL,OK,2018-04-13,3.45,True
short_interest_days_to_cover,ACGL,OK,2018-04-30,4.44,True
short_interest_days_to_cover,ACGL,OK,2018-05-15,2.75,True
short_interest_days_to_cover,ACN,OK,2017-12-29,3.55,True
short_interest_days_to_cover,ACN,OK,2018-01-12,4.27,True
short_interest_days_to_cover,ACN,OK,2018-01-31,4.71,True
short_interest_days_to_cover,ACN,OK,2018-02-15,2.86,True
short_interest_days_to_cover,ACN,OK,2018-02-28,4.37,True
short_interest_days_to_cover,ACN,OK,2018-03-15,2.51,True
short_interest_days_to_cover,ACN,OK,2018-03-29,1.35,True
short_interest_days_to_cover,ACN,OK,2018-04-13,2.76,True
short_interest_days_to_cover,ACN,OK,2018-04-30,4.13,True
short_interest_days_to_cover,ACN,OK,2018-05-15,5.39,True
short_interest_days_to_cover,ADBE,OK,2017-12-29,1.86,True
short_interest_days_to_cover,ADBE,OK,2018-01-12,1.92,True
short_interest_days_to_cover,ADBE,OK,2018-01-31,1.48,True
short_interest_days_to_cover,ADBE,OK,2018-02-15,1.65,True
short_interest_days_to_cover,ADBE,OK,2018-02-28,2.35,True
short_interest_days_to_cover,ADBE,OK,2018-03-15,1.58,True
short_interest_days_to_cover,ADBE,OK,2018-03-29,1.11,True
short_interest_days_to_cover,ADBE,OK,2018-04-13,1.9,True
short_interest_days_to_cover,ADBE,OK,2018-04-30,2.02,True
short_interest_days_to_cover,ADBE,OK,2018-05-15,2.83,True
short_interest_days_to_cover,ADI,OK,2017-12-29,3.76,True
short_interest_days_to_cover,ADI,OK,2018-01-12,3.74,True
short_interest_days_to_cover,ADI,OK,2018-01-31,2.15,True
short_interest_days_to_cover,ADI,OK,2018-02-15,2.34,True
short_interest_days_to_cover,ADI,OK,2018-02-28,2.86,True
short_interest_days_to_cover,ADI,OK,2018-03-15,3.62,True
short_interest_days_to_cover,ADI,OK,2018-03-29,3.03,True
short_interest_days_to_cover,ADI,OK,2018-04-13,3.86,True
short_interest_days_to_cover,ADI,OK,2018-04-30,3.55,True
short_interest_days_to_cover,ADI,OK,2018-05-15,5.08,True
short_interest_days_to_cover,ADM,OK,2017-12-29,4.99,True
short_interest_days_to_cover,ADM,OK,2018-01-12,3.45,True
short_interest_days_to_cover,ADM,OK,2018-01-31,2.69,True
short_interest_days_to_cover,ADM,OK,2018-02-15,2.59,True
short_interest_days_to_cover,ADM,OK,2018-02-28,3.28,True
short_interest_days_to_cover,ADM,OK,2018-03-15,2.66,True
short_interest_days_to_cover,ADM,OK,2018-03-29,2.22,True
short_interest_days_to_cover,ADM,OK,2018-04-13,2.29,True
short_interest_days_to_cover,ADM,OK,2018-04-30,2.3,True
short_interest_days_to_cover,ADM,OK,2018-05-15,1.52,True
short_interest_days_to_cover,ADP,OK,2017-12-29,3.08,True
short_interest_days_to_cover,ADP,OK,2018-01-12,2.5,True
short_interest_days_to_cover,ADP,OK,2018-01-31,2.38,True
short_interest_days_to_cover,ADP,OK,2018-02-15,1.59,True
short_interest_days_to_cover,ADP,OK,2018-02-28,2.76,True
short_interest_days_to_cover,ADP,OK,2018-03-15,2.55,True
short_interest_days_to_cover,ADP,OK,2018-03-29,1.58,True
short_interest_days_to_cover,ADP,OK,2018-04-13,2.07,True
short_interest_days_to_cover,ADP,OK,2018-04-30,2.3,True
short_interest_days_to_cover,ADP,OK,2018-05-15,1.54,True
short_interest_days_to_cover,ADSK,OK,2017-12-29,2.62,True
short_interest_days_to_cover,ADSK,OK,2018-01-12,2.45,True
short_interest_days_to_cover,ADSK,OK,2018-01-31,2.78,True
short_interest_days_to_cover,ADSK,OK,2018-02-15,2.62,True
short_interest_days_to_cover,ADSK,OK,2018-02-28,3.0,True
short_interest_days_to_cover,ADSK,OK,2018-03-15,1.36,True
short_interest_days_to_cover,ADSK,OK,2018-03-29,2.06,True
short_interest_days_to_cover,ADSK,OK,2018-04-13,3.27,True
short_interest_days_to_cover,ADSK,OK,2018-04-30,3.24,True
short_interest_days_to_cover,ADSK,OK,2018-05-15,4.26,True
short_interest_days_to_cover,AEE,OK,2017-12-29,4.29,True
short_interest_days_to_cover,AEE,OK,2018-01-12,4.71,True
short_interest_days_to_cover,AEE,OK,2018-01-31,3.21,True
short_interest_days_to_cover,AEE,OK,2018-02-15,1.8,True
short_interest_days_to_cover,AEE,OK,2018-02-28,2.62,True
short_interest_days_to_cover,AEE,OK,2018-03-15,2.93,True
short_interest_days_to_cover,AEE,OK,2018-03-29,3.28,True
short_interest_days_to_cover,AEE,OK,2018-04-13,2.09,True
short_interest_days_to_cover,AEE,OK,2018-04-30,2.89,True
short_interest_days_to_cover,AEE,OK,2018-05-15,2.36,True
short_interest_days_to_cover,AEM,OK,2017-12-29,1.3,True
short_interest_days_to_cover,AEM,OK,2018-01-12,1.51,True
short_interest_days_to_cover,AEM,OK,2018-01-31,1.42,True
short_interest_days_to_cover,AEM,OK,2018-02-15,1.15,True
short_interest_days_to_cover,AEM,OK,2018-02-28,1.1,True
short_interest_days_to_cover,AEM,OK,2018-03-15,1.64,True
short_interest_days_to_cover,AEM,OK,2018-03-29,2.27,True
short_interest_days_to_cover,AEM,OK,2018-04-13,2.93,True
short_interest_days_to_cover,AEM,OK,2018-04-30,2.35,True
short_interest_days_to_cover,AEM,OK,2018-05-15,2.86,True
short_interest_days_to_cover,AEP,OK,2017-12-29,2.98,True
short_interest_days_to_cover,AEP,OK,2018-01-12,1.47,True
short_interest_days_to_cover,AEP,OK,2018-01-31,1.73,True
short_interest_days_to_cover,AEP,OK,2018-02-15,1.38,True
short_interest_days_to_cover,AEP,OK,2018-02-28,2.44,True
short_interest_days_to_cover,AEP,OK,2018-03-15,2.33,True
short_interest_days_to_cover,AEP,OK,2018-03-29,2.59,True
short_interest_days_to_cover,AEP,OK,2018-04-13,3.66,True
short_interest_days_to_cover,AEP,OK,2018-04-30,3.62,True
short_interest_days_to_cover,AEP,OK,2018-05-15,3.09,True
short_interest_days_to_cover,AES,OK,2017-12-29,2.09,True
short_interest_days_to_cover,AES,OK,2018-01-12,2.21,True
short_interest_days_to_cover,AES,OK,2018-01-31,1.47,True
short_interest_days_to_cover,AES,OK,2018-02-15,1.9,True
short_interest_days_to_cover,AES,OK,2018-02-28,2.01,True
short_interest_days_to_cover,AES,OK,2018-03-15,2.45,True
short_interest_days_to_cover,AES,OK,2018-03-29,2.45,True
short_interest_days_to_cover,AES,OK,2018-04-13,2.86,True
short_interest_days_to_cover,AES,OK,2018-04-30,3.2,True
short_interest_days_to_cover,AES,OK,2018-05-15,2.46,True
short_interest_days_to_cover,AFL,OK,2017-12-29,4.06,True
short_interest_days_to_cover,AFL,OK,2018-01-12,2.49,True
short_interest_days_to_cover,AFL,OK,2018-01-31,3.08,True
short_interest_days_to_cover,AFL,OK,2018-02-15,3.18,True
short_interest_days_to_cover,AFL,OK,2018-02-28,3.79,True
short_interest_days_to_cover,AFL,OK,2018-03-15,3.41,True
short_interest_days_to_cover,AFL,OK,2018-03-29,2.26,True
short_interest_days_to_cover,AFL,OK,2018-04-13,3.61,True
short_interest_days_to_cover,AFL,OK,2018-04-30,4.12,True
short_interest_days_to_cover,AFL,OK,2018-05-15,3.97,True
short_interest_days_to_cover,AIG,OK,2017-12-29,4.85,True
short_interest_days_to_cover,AIG,OK,2018-01-12,3.24,True
short_interest_days_to_cover,AIG,OK,2018-01-31,3.26,True
short_interest_days_to_cover,AIG,OK,2018-02-15,2.34,True
short_interest_days_to_cover,AIG,OK,2018-02-28,1.82,True
short_interest_days_to_cover,AIG,OK,2018-03-15,1.82,True
short_interest_days_to_cover,AIG,OK,2018-03-29,1.85,True
short_interest_days_to_cover,AIG,OK,2018-04-13,2.91,True
short_interest_days_to_cover,AIG,OK,2018-04-30,3.1,True
short_interest_days_to_cover,AIG,OK,2018-05-15,2.22,True
short_interest_days_to_cover,AIZ,OK,2017-12-29,2.39,True
short_interest_days_to_cover,AIZ,OK,2018-01-12,2.51,True
short_interest_days_to_cover,AIZ,OK,2018-01-31,2.87,True
short_interest_days_to_cover,AIZ,OK,2018-02-15,1.95,True
short_interest_days_to_cover,AIZ,OK,2018-02-28,3.05,True
short_interest_days_to_cover,AIZ,OK,2018-03-15,2.22,True
short_interest_days_to_cover,AIZ,OK,2018-03-29,2.53,True
short_interest_days_to_cover,AIZ,OK,2018-04-13,3.23,True
short_interest_days_to_cover,AIZ,OK,2018-04-30,3.11,True
short_interest_days_to_cover,AIZ,OK,2018-05-15,2.11,True
short_interest_days_to_cover,AJG,OK,2017-12-29,3.61,True
short_interest_days_to_cover,AJG,OK,2018-01-12,4.03,True
short_interest_days_to_cover,AJG,OK,2018-01-31,2.25,True
short_interest_days_to_cover,AJG,OK,2018-02-15,1.73,True
short_interest_days_to_cover,AJG,OK,2018-02-28,1.79,True
short_interest_days_to_cover,AJG,OK,2018-03-15,2.26,True
short_interest_days_to_cover,AJG,OK,2018-03-29,1.47,True
short_interest_days_to_cover,AJG,OK,2018-04-13,1.83,True
short_interest_days_to_cover,AJG,OK,2018-04-30,2.19,True
short_interest_days_to_cover,AJG,OK,2018-05-15,1.68,True
short_interest_days_to_cover,AKAM,OK,2017-12-29,1.88,True
short_interest_days_to_cover,AKAM,OK,2018-01-12,3.4,True
short_interest_days_to_cover,AKAM,OK,2018-01-31,3.96,True
short_interest_days_to_cover,AKAM,OK,2018-02-15,2.12,True
short_interest_days_to_cover,AKAM,OK,2018-02-28,3.89,True
short_interest_days_to_cover,AKAM,OK,2018-03-15,2.57,True
short_interest_days_to_cover,AKAM,OK,2018-03-29,2.82,True
short_interest_days_to_cover,AKAM,OK,2018-04-13,3.54,True
short_interest_days_to_cover,AKAM,OK,2018-04-30,3.91,True
short_interest_days_to_cover,AKAM,OK,2018-05-15,2.3,True
short_interest_days_to_cover,ALAB,OK,2024-03-28,1.0,True
short_interest_days_to_cover,ALAB,OK,2024-04-15,1.33,True
short_interest_days_to_cover,ALAB,OK,2024-04-30,1.6,True
short_interest_days_to_cover,ALAB,OK,2024-05-15,1.56,True
short_interest_days_to_cover,ALAB,OK,2024-05-31,3.22,True
short_interest_days_to_cover,ALAB,OK,2024-06-14,4.36,True
short_interest_days_to_cover,ALAB,OK,2024-06-28,4.21,True
short_interest_days_to_cover,ALAB,OK,2024-07-15,6.86,True
short_interest_days_to_cover,ALAB,OK,2024-07-31,6.87,True
short_interest_days_to_cover,ALAB,OK,2024-08-15,3.66,True
short_interest_days_to_cover,ALB,OK,2017-12-29,7.44,True
short_interest_days_to_cover,ALB,OK,2018-01-12,6.98,True
short_interest_days_to_cover,ALB,OK,2018-01-31,2.82,True
short_interest_days_to_cover,ALB,OK,2018-02-15,3.66,True
short_interest_days_to_cover,ALB,OK,2018-02-28,3.02,True
short_interest_days_to_cover,ALB,OK,2018-03-15,4.54,True
short_interest_days_to_cover,ALB,OK,2018-03-29,5.2,True
short_interest_days_to_cover,ALB,OK,2018-04-13,5.69,True
short_interest_days_to_cover,ALB,OK,2018-04-30,9.32,True
short_interest_days_to_cover,ALB,OK,2018-05-15,7.3,True
short_interest_days_to_cover,ALGN,OK,2017-12-29,2.94,True
short_interest_days_to_cover,ALGN,OK,2018-01-12,2.34,True
short_interest_days_to_cover,ALGN,OK,2018-01-31,1.76,True
short_interest_days_to_cover,ALGN,OK,2018-02-15,1.4,True
short_interest_days_to_cover,ALGN,OK,2018-02-28,2.45,True
short_interest_days_to_cover,ALGN,OK,2018-03-15,2.19,True
short_interest_days_to_cover,ALGN,OK,2018-03-29,1.93,True
short_interest_days_to_cover,ALGN,OK,2018-04-13,2.4,True
short_interest_days_to_cover,ALGN,OK,2018-04-30,1.55,True
short_interest_days_to_cover,ALGN,OK,2018-05-15,2.24,True
short_interest_days_to_cover,ALL,OK,2017-12-29,5.38,True
short_interest_days_to_cover,ALL,OK,2018-01-12,2.63,True
short_interest_days_to_cover,ALL,OK,2018-01-31,2.56,True
short_interest_days_to_cover,ALL,OK,2018-02-15,1.54,True
short_interest_days_to_cover,ALL,OK,2018-02-28,2.71,True
short_interest_days_to_cover,ALL,OK,2018-03-15,2.65,True
short_interest_days_to_cover,ALL,OK,2018-03-29,3.07,True
short_interest_days_to_cover,ALL,OK,2018-04-13,3.29,True
short_interest_days_to_cover,ALL,OK,2018-04-30,3.34,True
short_interest_days_to_cover,ALL,OK,2018-05-15,3.82,True
short_interest_days_to_cover,ALLE,OK,2017-12-29,6.9,True
short_interest_days_to_cover,ALLE,OK,2018-01-12,5.54,True
short_interest_days_to_cover,ALLE,OK,2018-01-31,7.13,True
short_interest_days_to_cover,ALLE,OK,2018-02-15,4.54,True
short_interest_days_to_cover,ALLE,OK,2018-02-28,3.43,True
short_interest_days_to_cover,ALLE,OK,2018-03-15,6.69,True
short_interest_days_to_cover,ALLE,OK,2018-03-29,5.84,True
short_interest_days_to_cover,ALLE,OK,2018-04-13,6.32,True
short_interest_days_to_cover,ALLE,OK,2018-04-30,3.3,True
short_interest_days_to_cover,ALLE,OK,2018-05-15,4.97,True
short_interest_days_to_cover,AMAT,OK,2017-12-29,1.27,True
short_interest_days_to_cover,AMAT,OK,2018-01-12,1.05,True
short_interest_days_to_cover,AMAT,OK,2018-01-31,1.0,True
short_interest_days_to_cover,AMAT,OK,2018-02-15,1.0,True
short_interest_days_to_cover,AMAT,OK,2018-02-28,1.0,True
short_interest_days_to_cover,AMAT,OK,2018-03-15,1.0,True
short_interest_days_to_cover,AMAT,OK,2018-03-29,1.0,True
short_interest_days_to_cover,AMAT,OK,2018-04-13,1.22,True
short_interest_days_to_cover,AMAT,OK,2018-04-30,1.19,True
short_interest_days_to_cover,AMAT,OK,2018-05-15,1.33,True
short_interest_days_to_cover,AMCR,OK,2019-06-14,1.87,True
short_interest_days_to_cover,AMCR,OK,2019-06-28,3.83,True
short_interest_days_to_cover,AMCR,OK,2019-07-15,9.04,True
short_interest_days_to_cover,AMCR,OK,2019-07-31,6.23,True
short_interest_days_to_cover,AMCR,OK,2019-08-15,7.62,True
short_interest_days_to_cover,AMCR,OK,2019-08-30,5.85,True
short_interest_days_to_cover,AMCR,OK,2019-09-13,5.77,True
short_interest_days_to_cover,AMCR,OK,2019-09-30,6.37,True
short_interest_days_to_cover,AMCR,OK,2019-10-15,7.24,True
short_interest_days_to_cover,AMCR,OK,2019-10-31,5.89,True
short_interest_days_to_cover,AMD,OK,2017-12-29,5.02,True
short_interest_days_to_cover,AMD,OK,2018-01-12,2.49,True
short_interest_days_to_cover,AMD,OK,2018-01-31,2.82,True
short_interest_days_to_cover,AMD,OK,2018-02-15,2.39,True
short_interest_days_to_cover,AMD,OK,2018-02-28,3.67,True
short_interest_days_to_cover,AMD,OK,2018-03-15,2.1,True
short_interest_days_to_cover,AMD,OK,2018-03-29,3.17,True
short_interest_days_to_cover,AMD,OK,2018-04-13,3.85,True
short_interest_days_to_cover,AMD,OK,2018-04-30,2.99,True
short_interest_days_to_cover,AMD,OK,2018-05-15,3.99,True
short_interest_days_to_cover,AME,OK,2017-12-29,2.2,True
short_interest_days_to_cover,AME,OK,2018-01-12,1.71,True
short_interest_days_to_cover,AME,OK,2018-01-31,2.23,True
short_interest_days_to_cover,AME,OK,2018-02-15,1.43,True
short_interest_days_to_cover,AME,OK,2018-02-28,1.62,True
short_interest_days_to_cover,AME,OK,2018-03-15,3.73,True
short_interest_days_to_cover,AME,OK,2018-03-29,2.37,True
short_interest_days_to_cover,AME,OK,2018-04-13,2.43,True
short_interest_days_to_cover,AME,OK,2018-04-30,1.57,True
short_interest_days_to_cover,AME,OK,2018-05-15,1.08,True
short_interest_days_to_cover,AMGN,OK,2017-12-29,4.34,True
short_interest_days_to_cover,AMGN,OK,2018-01-12,3.82,True
short_interest_days_to_cover,AMGN,OK,2018-01-31,2.79,True
short_interest_days_to_cover,AMGN,OK,2018-02-15,1.53,True
short_interest_days_to_cover,AMGN,OK,2018-02-28,2.36,True
short_interest_days_to_cover,AMGN,OK,2018-03-15,2.05,True
short_interest_days_to_cover,AMGN,OK,2018-03-29,1.88,True
short_interest_days_to_cover,AMGN,OK,2018-04-13,3.09,True
short_interest_days_to_cover,AMGN,OK,2018-04-30,3.02,True
short_interest_days_to_cover,AMGN,OK,2018-05-15,2.57,True
short_interest_days_to_cover,AMP,OK,2017-12-29,3.53,True
short_interest_days_to_cover,AMP,OK,2018-01-12,2.2,True
short_interest_days_to_cover,AMP,OK,2018-01-31,1.7,True
short_interest_days_to_cover,AMP,OK,2018-02-15,1.89,True
short_interest_days_to_cover,AMP,OK,2018-02-28,3.07,True
short_interest_days_to_cover,AMP,OK,2018-03-15,2.16,True
short_interest_days_to_cover,AMP,OK,2018-03-29,2.04,True
short_interest_days_to_cover,AMP,OK,2018-04-13,2.23,True
short_interest_days_to_cover,AMP,OK,2018-04-30,1.56,True
short_interest_days_to_cover,AMP,OK,2018-05-15,1.74,True
short_interest_days_to_cover,AMT,OK,2017-12-29,2.85,True
short_interest_days_to_cover,AMT,OK,2018-01-12,2.52,True
short_interest_days_to_cover,AMT,OK,2018-01-31,2.53,True
short_interest_days_to_cover,AMT,OK,2018-02-15,2.61,True
short_interest_days_to_cover,AMT,OK,2018-02-28,1.96,True
short_interest_days_to_cover,AMT,OK,2018-03-15,2.45,True
short_interest_days_to_cover,AMT,OK,2018-03-29,2.19,True
short_interest_days_to_cover,AMT,OK,2018-04-13,2.27,True
short_interest_days_to_cover,AMT,OK,2018-04-30,2.62,True
short_interest_days_to_cover,AMT,OK,2018-05-15,2.9,True
short_interest_days_to_cover,AMX,OK,2017-12-29,7.93,True
short_interest_days_to_cover,AMX,OK,2018-01-12,4.95,True
short_interest_days_to_cover,AMX,OK,2018-01-31,4.42,True
short_interest_days_to_cover,AMX,OK,2018-02-15,3.9,True
short_interest_days_to_cover,AMX,OK,2018-02-28,5.14,True
short_interest_days_to_cover,AMX,OK,2018-03-15,6.25,True
short_interest_days_to_cover,AMX,OK,2018-03-29,6.61,True
short_interest_days_to_cover,AMX,OK,2018-04-13,5.81,True
short_interest_days_to_cover,AMX,OK,2018-04-30,5.04,True
short_interest_days_to_cover,AMX,OK,2018-05-15,5.39,True
short_interest_days_to_cover,AMZN,OK,2017-12-29,2.24,True
short_interest_days_to_cover,AMZN,OK,2018-01-12,1.68,True
short_interest_days_to_cover,AMZN,OK,2018-01-31,1.0,True
short_interest_days_to_cover,AMZN,OK,2018-02-15,1.0,True
short_interest_days_to_cover,AMZN,OK,2018-02-28,1.0,True
short_interest_days_to_cover,AMZN,OK,2018-03-15,1.0,True
short_interest_days_to_cover,AMZN,OK,2018-03-29,1.0,True
short_interest_days_to_cover,AMZN,OK,2018-04-13,1.0,True
short_interest_days_to_cover,AMZN,OK,2018-04-30,1.0,True
short_interest_days_to_cover,AMZN,OK,2018-05-15,1.48,True
short_interest_days_to_cover,ANET,OK,2017-12-29,5.32,True
short_interest_days_to_cover,ANET,OK,2018-01-12,3.4,True
short_interest_days_to_cover,ANET,OK,2018-01-31,3.3,True
short_interest_days_to_cover,ANET,OK,2018-02-15,2.24,True
short_interest_days_to_cover,ANET,OK,2018-02-28,1.0,True
short_interest_days_to_cover,ANET,OK,2018-03-15,1.88,True
short_interest_days_to_cover,ANET,OK,2018-03-29,1.87,True
short_interest_days_to_cover,ANET,OK,2018-04-13,2.22,True
short_interest_days_to_cover,ANET,OK,2018-04-30,3.1,True
short_interest_days_to_cover,ANET,OK,2018-05-15,2.78,True
short_interest_days_to_cover,AON,OK,2017-12-29,3.96,True
short_interest_days_to_cover,AON,OK,2018-01-12,3.71,True
short_interest_days_to_cover,AON,OK,2018-01-31,3.46,True
short_interest_days_to_cover,AON,OK,2018-02-15,2.23,True
short_interest_days_to_cover,AON,OK,2018-02-28,2.99,True
short_interest_days_to_cover,AON,OK,2018-03-15,3.09,True
short_interest_days_to_cover,AON,OK,2018-03-29,2.2,True
short_interest_days_to_cover,AON,OK,2018-04-13,3.28,True
short_interest_days_to_cover,AON,OK,2018-04-30,3.16,True
short_interest_days_to_cover,AON,OK,2018-05-15,2.85,True
short_interest_days_to_cover,AOS,OK,2017-12-29,5.14,True
short_interest_days_to_cover,AOS,OK,2018-01-12,4.22,True
short_interest_days_to_cover,AOS,OK,2018-01-31,2.31,True
short_interest_days_to_cover,AOS,OK,2018-02-15,2.47,True
short_interest_days_to_cover,AOS,OK,2018-02-28,3.36,True
short_interest_days_to_cover,AOS,OK,2018-03-15,5.06,True
short_interest_days_to_cover,AOS,OK,2018-03-29,4.98,True
short_interest_days_to_cover,AOS,OK,2018-04-13,4.65,True
short_interest_days_to_cover,AOS,OK,2018-04-30,2.73,True
short_interest_days_to_cover,AOS,OK,2018-05-15,3.56,True
short_interest_days_to_cover,APA,OK,2017-12-29,9.46,True
short_interest_days_to_cover,APA,OK,2018-01-12,6.28,True
short_interest_days_to_cover,APA,OK,2018-01-31,7.11,True
short_interest_days_to_cover,APA,OK,2018-02-15,5.71,True
short_interest_days_to_cover,APA,OK,2018-02-28,3.99,True
short_interest_days_to_cover,APA,OK,2018-03-15,6.69,True
short_interest_days_to_cover,APA,OK,2018-03-29,5.29,True
short_interest_days_to_cover,APA,OK,2018-04-13,5.79,True
short_interest_days_to_cover,APA,OK,2018-04-30,6.87,True
short_interest_days_to_cover,APA,OK,2018-05-15,7.9,True
short_interest_days_to_cover,APD,OK,2017-12-29,2.39,True
short_interest_days_to_cover,APD,OK,2018-01-12,2.8,True
short_interest_days_to_cover,APD,OK,2018-01-31,1.99,True
short_interest_days_to_cover,APD,OK,2018-02-15,2.36,True
short_interest_days_to_cover,APD,OK,2018-02-28,3.37,True
short_interest_days_to_cover,APD,OK,2018-03-15,2.22,True
short_interest_days_to_cover,APD,OK,2018-03-29,2.13,True
short_interest_days_to_cover,APD,OK,2018-04-13,2.18,True
short_interest_days_to_cover,APD,OK,2018-04-30,2.1,True
short_interest_days_to_cover,APD,OK,2018-05-15,1.89,True
short_interest_days_to_cover,APH,OK,2017-12-29,4.18,True
short_interest_days_to_cover,APH,OK,2018-01-12,3.64,True
short_interest_days_to_cover,APH,OK,2018-01-31,2.4,True
short_interest_days_to_cover,APH,OK,2018-02-15,2.55,True
short_interest_days_to_cover,APH,OK,2018-02-28,4.11,True
short_interest_days_to_cover,APH,OK,2018-03-15,4.28,True
short_interest_days_to_cover,APH,OK,2018-03-29,4.51,True
short_interest_days_to_cover,APH,OK,2018-04-13,3.5,True
short_interest_days_to_cover,APH,OK,2018-04-30,2.87,True
short_interest_days_to_cover,APH,OK,2018-05-15,3.65,True
short_interest_days_to_cover,APO,OK,2017-12-29,5.89,True
short_interest_days_to_cover,APO,OK,2018-01-12,5.09,True
short_interest_days_to_cover,APO,OK,2018-01-31,1.5,True
short_interest_days_to_cover,APO,OK,2018-02-15,1.0,True
short_interest_days_to_cover,APO,OK,2018-02-28,1.06,True
short_interest_days_to_cover,APO,OK,2018-03-15,1.72,True
short_interest_days_to_cover,APO,OK,2018-03-29,1.85,True
short_interest_days_to_cover,APO,OK,2018-04-13,2.46,True
short_interest_days_to_cover,APO,OK,2018-04-30,3.44,True
short_interest_days_to_cover,APO,OK,2018-05-15,2.34,True
short_interest_days_to_cover,APP,OK,2021-04-30,1.98,True
short_interest_days_to_cover,APP,OK,2021-05-14,4.66,True
short_interest_days_to_cover,APP,OK,2021-05-28,5.09,True
short_interest_days_to_cover,APP,OK,2021-06-15,5.56,True
short_interest_days_to_cover,APP,OK,2021-06-30,4.58,True
short_interest_days_to_cover,APP,OK,2021-07-15,6.54,True
short_interest_days_to_cover,APP,OK,2021-07-30,8.87,True
short_interest_days_to_cover,APP,OK,2021-08-13,6.9,True
short_interest_days_to_cover,APP,OK,2021-08-31,5.18,True
short_interest_days_to_cover,APP,OK,2021-09-15,3.5,True
short_interest_days_to_cover,APTV,OK,2017-12-29,2.44,True
short_interest_days_to_cover,APTV,OK,2018-01-12,1.64,True
short_interest_days_to_cover,APTV,OK,2018-01-31,1.27,True
short_interest_days_to_cover,APTV,OK,2018-02-15,1.75,True
short_interest_days_to_cover,APTV,OK,2018-02-28,3.6,True
short_interest_days_to_cover,APTV,OK,2018-03-15,2.56,True
short_interest_days_to_cover,APTV,OK,2018-03-29,2.98,True
short_interest_days_to_cover,APTV,OK,2018-04-13,2.6,True
short_interest_days_to_cover,APTV,OK,2018-04-30,3.25,True
short_interest_days_to_cover,APTV,OK,2018-05-15,2.67,True
short_interest_days_to_cover,ARE,OK,2017-12-29,2.34,True
short_interest_days_to_cover,ARE,OK,2018-01-12,7.8,True
short_interest_days_to_cover,ARE,OK,2018-01-31,13.61,True
short_interest_days_to_cover,ARE,OK,2018-02-15,10.97,True
short_interest_days_to_cover,ARE,OK,2018-02-28,15.95,True
short_interest_days_to_cover,ARE,OK,2018-03-15,16.64,True
short_interest_days_to_cover,ARE,OK,2018-03-29,11.06,True
short_interest_days_to_cover,ARE,OK,2018-04-13,14.02,True
short_interest_days_to_cover,ARE,OK,2018-04-30,17.92,True
short_interest_days_to_cover,ARE,OK,2018-05-15,12.07,True
short_interest_days_to_cover,ARES,OK,2017-12-29,1.0,True
short_interest_days_to_cover,ARES,OK,2018-01-12,1.0,True
short_interest_days_to_cover,ARES,OK,2018-01-31,1.0,True
short_interest_days_to_cover,ARES,OK,2018-02-15,1.0,True
short_interest_days_to_cover,ARES,OK,2018-02-28,1.0,True
short_interest_days_to_cover,ARES,OK,2018-03-15,1.0,True
short_interest_days_to_cover,ARES,OK,2018-03-29,1.0,True
short_interest_days_to_cover,ARES,OK,2018-04-13,1.28,True
short_interest_days_to_cover,ARES,OK,2018-04-30,1.41,True
short_interest_days_to_cover,ARES,OK,2018-05-15,1.57,True
short_interest_days_to_cover,ARM,OK,2023-09-15,1.0,True
short_interest_days_to_cover,ARM,OK,2023-09-29,1.03,True
short_interest_days_to_cover,ARM,OK,2023-10-13,1.72,True
short_interest_days_to_cover,ARM,OK,2023-10-31,2.42,True
short_interest_days_to_cover,ARM,OK,2023-11-15,2.33,True
short_interest_days_to_cover,ARM,OK,2023-11-30,2.2,True
short_interest_days_to_cover,ARM,OK,2023-12-15,2.0,True
short_interest_days_to_cover,ARM,OK,2023-12-29,1.64,True
short_interest_days_to_cover,ARM,OK,2024-01-12,1.53,True
short_interest_days_to_cover,ARM,OK,2024-01-31,1.34,True
short_interest_days_to_cover,ASML,OK,2017-12-29,6.49,True
short_interest_days_to_cover,ASML,OK,2018-01-12,4.18,True
short_interest_days_to_cover,ASML,OK,2018-01-31,1.93,True
short_interest_days_to_cover,ASML,OK,2018-02-15,1.92,True
short_interest_days_to_cover,ASML,OK,2018-02-28,2.75,True
short_interest_days_to_cover,ASML,OK,2018-03-15,2.56,True
short_interest_days_to_cover,ASML,OK,2018-03-29,2.02,True
short_interest_days_to_cover,ASML,OK,2018-04-13,2.93,True
short_interest_days_to_cover,ASML,OK,2018-04-30,2.66,True
short_interest_days_to_cover,ASML,OK,2018-05-15,4.31,True
short_interest_days_to_cover,ASX,OK,2017-12-29,3.05,True
short_interest_days_to_cover,ASX,OK,2018-01-12,1.84,True
short_interest_days_to_cover,ASX,OK,2018-01-31,2.0,True
short_interest_days_to_cover,ASX,OK,2018-02-15,1.92,True
short_interest_days_to_cover,ASX,OK,2018-02-28,3.46,True
short_interest_days_to_cover,ASX,OK,2018-03-15,1.66,True
short_interest_days_to_cover,ASX,OK,2018-03-29,1.7,True
short_interest_days_to_cover,ASX,OK,2018-04-13,2.41,True
short_interest_days_to_cover,ASX,OK,2018-05-15,1.69,True
short_interest_days_to_cover,ASX,OK,2018-05-31,1.64,True
short_interest_days_to_cover,ATEYY,OK,2017-12-29,1.0,True
short_interest_days_to_cover,ATEYY,OK,2018-01-12,1.0,True
short_interest_days_to_cover,ATEYY,OK,2018-01-31,1.0,True
short_interest_days_to_cover,ATEYY,OK,2018-02-15,1.0,True
short_interest_days_to_cover,ATEYY,OK,2018-02-28,2.48,True
short_interest_days_to_cover,ATEYY,OK,2018-03-15,4.11,True
short_interest_days_to_cover,ATEYY,OK,2018-03-29,3.63,True
short_interest_days_to_cover,ATEYY,OK,2018-04-13,4.45,True
short_interest_days_to_cover,ATEYY,OK,2018-04-30,1.48,True
short_interest_days_to_cover,ATEYY,OK,2018-05-15,1.0,True
short_interest_days_to_cover,ATO,OK,2017-12-29,2.1,True
short_interest_days_to_cover,ATO,OK,2018-01-12,1.72,True
short_interest_days_to_cover,ATO,OK,2018-01-31,1.87,True
short_interest_days_to_cover,ATO,OK,2018-02-15,1.7,True
short_interest_days_to_cover,ATO,OK,2018-02-28,2.57,True
short_interest_days_to_cover,ATO,OK,2018-03-15,1.87,True
short_interest_days_to_cover,ATO,OK,2018-03-29,2.31,True
short_interest_days_to_cover,ATO,OK,2018-04-13,3.38,True
short_interest_days_to_cover,ATO,OK,2018-04-30,3.55,True
short_interest_days_to_cover,ATO,OK,2018-05-15,2.06,True
short_interest_days_to_cover,AVB,OK,2017-12-29,6.14,True
short_interest_days_to_cover,AVB,OK,2018-01-12,6.94,True
short_interest_days_to_cover,AVB,OK,2018-01-31,5.51,True
short_interest_days_to_cover,AVB,OK,2018-02-15,2.47,True
short_interest_days_to_cover,AVB,OK,2018-02-28,3.65,True
short_interest_days_to_cover,AVB,OK,2018-03-15,3.91,True
short_interest_days_to_cover,AVB,OK,2018-03-29,3.62,True
short_interest_days_to_cover,AVB,OK,2018-04-13,5.05,True
short_interest_days_to_cover,AVB,OK,2018-04-30,4.06,True
short_interest_days_to_cover,AVB,OK,2018-05-15,5.5,True
short_interest_days_to_cover,AVGO,OK,2017-12-29,1.82,True
short_interest_days_to_cover,AVGO,OK,2018-01-12,1.61,True
short_interest_days_to_cover,AVGO,OK,2018-01-31,1.0,True
short_interest_days_to_cover,AVGO,OK,2018-02-15,1.07,True
short_interest_days_to_cover,AVGO,OK,2018-02-28,1.47,True
short_interest_days_to_cover,AVGO,OK,2018-03-15,1.02,True
short_interest_days_to_cover,AVGO,OK,2018-03-29,1.0,True
short_interest_days_to_cover,AVGO,OK,2018-04-13,1.33,True
short_interest_days_to_cover,AVGO,OK,2018-04-30,1.99,True
short_interest_days_to_cover,AVGO,OK,2018-05-15,1.97,True
short_interest_days_to_cover,AVY,OK,2017-12-29,3.51,True
short_interest_days_to_cover,AVY,OK,2018-01-12,4.18,True
short_interest_days_to_cover,AVY,OK,2018-01-31,2.85,True
short_interest_days_to_cover,AVY,OK,2018-02-15,2.26,True
short_interest_days_to_cover,AVY,OK,2018-02-28,3.91,True
short_interest_days_to_cover,AVY,OK,2018-03-15,1.96,True
short_interest_days_to_cover,AVY,OK,2018-03-29,1.61,True
short_interest_days_to_cover,AVY,OK,2018-04-13,2.36,True
short_interest_days_to_cover,AVY,OK,2018-04-30,1.63,True
short_interest_days_to_cover,AVY,OK,2018-05-15,2.1,True
short_interest_days_to_cover,AWK,OK,2017-12-29,6.58,True
short_interest_days_to_cover,AWK,OK,2018-01-12,3.58,True
short_interest_days_to_cover,AWK,OK,2018-01-31,3.68,True
short_interest_days_to_cover,AWK,OK,2018-02-15,3.4,True
short_interest_days_to_cover,AWK,OK,2018-02-28,4.65,True
short_interest_days_to_cover,AWK,OK,2018-03-15,4.7,True
short_interest_days_to_cover,AWK,OK,2018-03-29,5.44,True
short_interest_days_to_cover,AWK,OK,2018-04-13,4.92,True
short_interest_days_to_cover,AWK,OK,2018-04-30,7.3,True
short_interest_days_to_cover,AWK,OK,2018-05-15,8.19,True
short_interest_days_to_cover,AXON,OK,2017-12-29,2.81,True
short_interest_days_to_cover,AXON,OK,2018-01-12,1.0,True
short_interest_days_to_cover,AXON,OK,2018-01-31,1.42,True
short_interest_days_to_cover,AXON,OK,2018-02-15,1.49,True
short_interest_days_to_cover,AXON,OK,2018-02-28,2.3,True
short_interest_days_to_cover,AXON,OK,2018-03-15,2.9,True
short_interest_days_to_cover,AXON,OK,2018-03-29,4.33,True
short_interest_days_to_cover,AXON,OK,2018-04-13,4.25,True
short_interest_days_to_cover,AXON,OK,2018-04-30,6.75,True
short_interest_days_to_cover,AXON,OK,2018-05-15,2.64,True
short_interest_days_to_cover,AXP,OK,2017-12-29,4.43,True
short_interest_days_to_cover,AXP,OK,2018-01-12,4.04,True
short_interest_days_to_cover,AXP,OK,2018-01-31,2.34,True
short_interest_days_to_cover,AXP,OK,2018-02-15,2.52,True
short_interest_days_to_cover,AXP,OK,2018-02-28,3.09,True
short_interest_days_to_cover,AXP,OK,2018-03-15,3.1,True
short_interest_days_to_cover,AXP,OK,2018-03-29,2.55,True
short_interest_days_to_cover,AXP,OK,2018-04-13,2.23,True
short_interest_days_to_cover,AXP,OK,2018-04-30,1.86,True
short_interest_days_to_cover,AXP,OK,2018-05-15,2.43,True
short_interest_days_to_cover,AZN,OK,2017-12-29,3.7,True
short_interest_days_to_cover,AZN,OK,2018-01-12,3.44,True
short_interest_days_to_cover,AZN,OK,2018-01-31,2.37,True
short_interest_days_to_cover,AZN,OK,2018-02-15,1.6,True
short_interest_days_to_cover,AZN,OK,2018-02-28,2.41,True
short_interest_days_to_cover,AZN,OK,2018-03-15,2.62,True
short_interest_days_to_cover,AZN,OK,2018-03-29,2.31,True
short_interest_days_to_cover,AZN,OK,2018-04-13,2.76,True
short_interest_days_to_cover,AZN,OK,2018-04-30,2.39,True
short_interest_days_to_cover,AZN,OK,2018-05-15,2.08,True
short_interest_days_to_cover,AZO,OK,2017-12-29,3.41,True
short_interest_days_to_cover,AZO,OK,2018-01-12,2.56,True
short_interest_days_to_cover,AZO,OK,2018-01-31,3.42,True
short_interest_days_to_cover,AZO,OK,2018-02-15,2.07,True
short_interest_days_to_cover,AZO,OK,2018-02-28,1.38,True
short_interest_days_to_cover,AZO,OK,2018-03-15,3.31,True
short_interest_days_to_cover,AZO,OK,2018-03-29,1.8,True
short_interest_days_to_cover,AZO,OK,2018-04-13,2.32,True
short_interest_days_to_cover,AZO,OK,2018-04-30,2.26,True
short_interest_days_to_cover,AZO,OK,2018-05-15,3.11,True
short_interest_days_to_cover,B,OK,2017-12-29,4.45,True
short_interest_days_to_cover,B,OK,2018-01-12,3.28,True
short_interest_days_to_cover,B,OK,2018-01-31,3.92,True
short_interest_days_to_cover,B,OK,2018-02-15,2.77,True
short_interest_days_to_cover,B,OK,2018-02-28,3.01,True
short_interest_days_to_cover,B,OK,2018-03-15,4.42,True
short_interest_days_to_cover,B,OK,2018-03-29,3.8,True
short_interest_days_to_cover,B,OK,2018-04-13,4.96,True
short_interest_days_to_cover,B,OK,2018-04-30,4.05,True
short_interest_days_to_cover,B,OK,2018-05-15,3.04,True
short_interest_days_to_cover,BA,OK,2017-12-29,2.76,True
short_interest_days_to_cover,BA,OK,2018-01-12,1.62,True
short_interest_days_to_cover,BA,OK,2018-01-31,1.03,True
short_interest_days_to_cover,BA,OK,2018-02-15,1.0,True
short_interest_days_to_cover,BA,OK,2018-02-28,1.35,True
short_interest_days_to_cover,BA,OK,2018-03-15,1.0,True
short_interest_days_to_cover,BA,OK,2018-03-29,1.09,True
short_interest_days_to_cover,BA,OK,2018-04-13,1.15,True
short_interest_days_to_cover,BA,OK,2018-04-30,1.31,True
short_interest_days_to_cover,BA,OK,2018-05-15,1.5,True
short_interest_days_to_cover,BABA,OK,2017-12-29,8.73,True
short_interest_days_to_cover,BABA,OK,2018-01-12,6.99,True
short_interest_days_to_cover,BABA,OK,2018-01-31,5.4,True
short_interest_days_to_cover,BABA,OK,2018-02-15,4.55,True
short_interest_days_to_cover,BABA,OK,2018-02-28,6.81,True
short_interest_days_to_cover,BABA,OK,2018-03-15,6.8,True
short_interest_days_to_cover,BABA,OK,2018-03-29,6.47,True
short_interest_days_to_cover,BABA,OK,2018-04-13,7.43,True
short_interest_days_to_cover,BABA,OK,2018-04-30,8.88,True
short_interest_days_to_cover,BABA,OK,2018-05-15,5.66,True
short_interest_days_to_cover,BAC,OK,2017-12-29,2.51,True
short_interest_days_to_cover,BAC,OK,2018-01-12,2.38,True
short_interest_days_to_cover,BAC,OK,2018-01-31,1.83,True
short_interest_days_to_cover,BAC,OK,2018-02-15,1.3,True
short_interest_days_to_cover,BAC,OK,2018-02-28,2.0,True
short_interest_days_to_cover,BAC,OK,2018-03-15,2.22,True
short_interest_days_to_cover,BAC,OK,2018-03-29,1.54,True
short_interest_days_to_cover,BAC,OK,2018-04-13,1.75,True
short_interest_days_to_cover,BAC,OK,2018-04-30,1.74,True
short_interest_days_to_cover,BAC,OK,2018-05-15,1.84,True
short_interest_days_to_cover,BAESY,OK,2017-12-29,1.0,True
short_interest_days_to_cover,BAESY,OK,2018-01-12,1.0,True
short_interest_days_to_cover,BAESY,OK,2018-01-31,1.0,True
short_interest_days_to_cover,BAESY,OK,2018-02-15,1.0,True
short_interest_days_to_cover,BAESY,OK,2018-02-28,1.0,True
short_interest_days_to_cover,BAESY,OK,2018-03-15,1.0,True
short_interest_days_to_cover,BAESY,OK,2018-03-29,1.0,True
short_interest_days_to_cover,BAESY,OK,2018-04-13,1.0,True
short_interest_days_to_cover,BAESY,OK,2018-04-30,1.0,True
short_interest_days_to_cover,BAESY,OK,2018-05-15,1.0,True
short_interest_days_to_cover,BALL,OK,2022-05-13,3.09,True
short_interest_days_to_cover,BALL,OK,2022-05-31,3.79,True
short_interest_days_to_cover,BALL,OK,2022-06-15,4.89,True
short_interest_days_to_cover,BALL,OK,2022-06-30,4.07,True
short_interest_days_to_cover,BALL,OK,2022-07-15,4.68,True
short_interest_days_to_cover,BALL,OK,2022-07-29,3.99,True
short_interest_days_to_cover,BALL,OK,2022-08-15,1.82,True
short_interest_days_to_cover,BALL,OK,2022-08-31,4.06,True
short_interest_days_to_cover,BALL,OK,2022-09-15,4.67,True
short_interest_days_to_cover,BALL,OK,2022-09-30,2.82,True
short_interest_days_to_cover,BAM,OK,2017-12-29,7.84,True
short_interest_days_to_cover,BAM,OK,2018-01-12,4.43,True
short_interest_days_to_cover,BAM,OK,2018-01-31,2.51,True
short_interest_days_to_cover,BAM,OK,2018-02-15,2.87,True
short_interest_days_to_cover,BAM,OK,2018-02-28,4.36,True
short_interest_days_to_cover,BAM,OK,2018-03-15,5.32,True
short_interest_days_to_cover,BAM,OK,2018-03-29,4.74,True
short_interest_days_to_cover,BAM,OK,2018-04-13,5.96,True
short_interest_days_to_cover,BAM,OK,2018-04-30,8.21,True
short_interest_days_to_cover,BAM,OK,2018-05-15,8.49,True
short_interest_days_to_cover,BAX,OK,2017-12-29,2.52,True
short_interest_days_to_cover,BAX,OK,2018-01-12,2.16,True
short_interest_days_to_cover,BAX,OK,2018-01-31,1.99,True
short_interest_days_to_cover,BAX,OK,2018-02-15,1.56,True
short_interest_days_to_cover,BAX,OK,2018-02-28,1.99,True
short_interest_days_to_cover,BAX,OK,2018-03-15,2.43,True
short_interest_days_to_cover,BAX,OK,2018-03-29,2.06,True
short_interest_days_to_cover,BAX,OK,2018-04-13,2.59,True
short_interest_days_to_cover,BAX,OK,2018-04-30,1.73,True
short_interest_days_to_cover,BAX,OK,2018-05-15,2.67,True
short_interest_days_to_cover,BBVA,OK,2017-12-29,1.19,True
short_interest_days_to_cover,BBVA,OK,2018-01-12,1.07,True
short_interest_days_to_cover,BBVA,OK,2018-01-31,1.22,True
short_interest_days_to_cover,BBVA,OK,2018-02-15,1.0,True
short_interest_days_to_cover,BBVA,OK,2018-02-28,1.0,True
short_interest_days_to_cover,BBVA,OK,2018-03-15,1.0,True
short_interest_days_to_cover,BBVA,OK,2018-03-29,1.0,True
short_interest_days_to_cover,BBVA,OK,2018-04-13,1.0,True
short_interest_days_to_cover,BBVA,OK,2018-04-30,1.12,True
short_interest_days_to_cover,BBVA,OK,2018-05-15,1.52,True
short_interest_days_to_cover,BBY,OK,2017-12-29,8.91,True
short_interest_days_to_cover,BBY,OK,2018-01-12,6.89,True
short_interest_days_to_cover,BBY,OK,2018-01-31,7.35,True
short_interest_days_to_cover,BBY,OK,2018-02-15,7.11,True
short_interest_days_to_cover,BBY,OK,2018-02-28,8.49,True
short_interest_days_to_cover,BBY,OK,2018-03-15,6.15,True
short_interest_days_to_cover,BBY,OK,2018-03-29,8.64,True
short_interest_days_to_cover,BBY,OK,2018-04-13,10.97,True
short_interest_days_to_cover,BBY,OK,2018-04-30,9.0,True
short_interest_days_to_cover,BBY,OK,2018-05-15,10.08,True
short_interest_days_to_cover,BCS,OK,2017-12-29,1.65,True
short_interest_days_to_cover,BCS,OK,2018-01-12,1.42,True
short_interest_days_to_cover,BCS,OK,2018-01-31,1.59,True
short_interest_days_to_cover,BCS,OK,2018-02-15,1.0,True
short_interest_days_to_cover,BCS,OK,2018-02-28,1.4,True
short_interest_days_to_cover,BCS,OK,2018-03-15,1.67,True
short_interest_days_to_cover,BCS,OK,2018-03-29,1.51,True
short_interest_days_to_cover,BCS,OK,2018-04-13,2.58,True
short_interest_days_to_cover,BCS,OK,2018-04-30,2.49,True
short_interest_days_to_cover,BCS,OK,2018-05-15,3.28,True
short_interest_days_to_cover,BDX,OK,2017-12-29,10.52,True
short_interest_days_to_cover,BDX,OK,2018-01-12,2.5,True
short_interest_days_to_cover,BDX,OK,2018-01-31,3.12,True
short_interest_days_to_cover,BDX,OK,2018-02-15,2.47,True
short_interest_days_to_cover,BDX,OK,2018-02-28,3.64,True
short_interest_days_to_cover,BDX,OK,2018-03-15,3.37,True
short_interest_days_to_cover,BDX,OK,2018-03-29,3.38,True
short_interest_days_to_cover,BDX,OK,2018-04-13,4.15,True
short_interest_days_to_cover,BDX,OK,2018-04-30,4.99,True
short_interest_days_to_cover,BDX,OK,2018-05-15,3.66,True
short_interest_days_to_cover,BE,OK,2018-07-31,1.0,True
short_interest_days_to_cover,BE,OK,2018-08-15,2.42,True
short_interest_days_to_cover,BE,OK,2018-08-31,2.65,True
short_interest_days_to_cover,BE,OK,2018-09-14,3.8,True
short_interest_days_to_cover,BE,OK,2018-09-28,4.39,True
short_interest_days_to_cover,BE,OK,2018-10-15,6.6,True
short_interest_days_to_cover,BE,OK,2018-10-31,8.93,True
short_interest_days_to_cover,BE,OK,2018-11-15,3.99,True
short_interest_days_to_cover,BE,OK,2018-11-30,7.95,True
short_interest_days_to_cover,BE,OK,2018-12-14,12.59,True
short_interest_days_to_cover,BEN,OK,2017-12-29,4.89,True
short_interest_days_to_cover,BEN,OK,2018-01-12,3.85,True
short_interest_days_to_cover,BEN,OK,2018-01-31,2.99,True
short_interest_days_to_cover,BEN,OK,2018-02-15,2.12,True
short_interest_days_to_cover,BEN,OK,2018-02-28,2.88,True
short_interest_days_to_cover,BEN,OK,2018-03-15,3.45,True
short_interest_days_to_cover,BEN,OK,2018-03-29,3.41,True
short_interest_days_to_cover,BEN,OK,2018-04-13,3.4,True
short_interest_days_to_cover,BEN,OK,2018-04-30,3.48,True
short_interest_days_to_cover,BEN,OK,2018-05-15,4.78,True
short_interest_days_to_cover,BG,OK,2017-12-29,2.59,True
short_interest_days_to_cover,BG,OK,2018-01-12,1.97,True
short_interest_days_to_cover,BG,OK,2018-01-31,1.29,True
short_interest_days_to_cover,BG,OK,2018-02-15,1.31,True
short_interest_days_to_cover,BG,OK,2018-02-28,1.72,True
short_interest_days_to_cover,BG,OK,2018-03-15,1.43,True
short_interest_days_to_cover,BG,OK,2018-03-29,1.86,True
short_interest_days_to_cover,BG,OK,2018-04-13,1.56,True
short_interest_days_to_cover,BG,OK,2018-04-30,1.36,True
short_interest_days_to_cover,BG,OK,2018-05-15,1.25,True
short_interest_days_to_cover,BHP,OK,2017-12-29,10.88,True
short_interest_days_to_cover,BHP,OK,2018-01-12,6.35,True
short_interest_days_to_cover,BHP,OK,2018-01-31,6.91,True
short_interest_days_to_cover,BHP,OK,2018-02-15,5.0,True
short_interest_days_to_cover,BHP,OK,2018-02-28,4.96,True
short_interest_days_to_cover,BHP,OK,2018-03-15,5.91,True
short_interest_days_to_cover,BHP,OK,2018-03-29,5.63,True
short_interest_days_to_cover,BHP,OK,2018-04-13,5.95,True
short_interest_days_to_cover,BHP,OK,2018-04-30,6.32,True
short_interest_days_to_cover,BHP,OK,2018-05-15,6.24,True
short_interest_days_to_cover,BIIB,OK,2017-12-29,3.76,True
short_interest_days_to_cover,BIIB,OK,2018-01-12,2.88,True
short_interest_days_to_cover,BIIB,OK,2018-01-31,2.34,True
short_interest_days_to_cover,BIIB,OK,2018-02-15,1.77,True
short_interest_days_to_cover,BIIB,OK,2018-02-28,1.65,True
short_interest_days_to_cover,BIIB,OK,2018-03-15,2.15,True
short_interest_days_to_cover,BIIB,OK,2018-03-29,1.7,True
short_interest_days_to_cover,BIIB,OK,2018-04-13,2.09,True
short_interest_days_to_cover,BIIB,OK,2018-04-30,1.76,True
short_interest_days_to_cover,BIIB,OK,2018-05-15,2.07,True
short_interest_days_to_cover,BKNG,OK,2018-02-28,1.74,True
short_interest_days_to_cover,BKNG,OK,2018-03-15,1.75,True
short_interest_days_to_cover,BKNG,OK,2018-03-29,1.88,True
short_interest_days_to_cover,BKNG,OK,2018-04-13,2.61,True
short_interest_days_to_cover,BKNG,OK,2018-04-30,2.7,True
short_interest_days_to_cover,BKNG,OK,2018-05-15,2.72,True
short_interest_days_to_cover,BKNG,OK,2018-05-31,3.53,True
short_interest_days_to_cover,BKNG,OK,2018-06-15,3.75,True
short_interest_days_to_cover,BKNG,OK,2018-06-29,3.48,True
short_interest_days_to_cover,BKNG,OK,2018-07-13,4.33,True
short_interest_days_to_cover,BKR,OK,2019-10-31,3.23,True
short_interest_days_to_cover,BKR,OK,2019-11-15,4.53,True
short_interest_days_to_cover,BKR,OK,2019-11-29,3.75,True
short_interest_days_to_cover,BKR,OK,2019-12-13,2.55,True
short_interest_days_to_cover,BKR,OK,2019-12-31,3.51,True
short_interest_days_to_cover,BKR,OK,2020-01-15,3.37,True
short_interest_days_to_cover,BKR,OK,2020-01-31,2.95,True
short_interest_days_to_cover,BKR,OK,2020-02-14,4.05,True
short_interest_days_to_cover,BKR,OK,2020-02-28,1.55,True
short_interest_days_to_cover,BKR,OK,2020-03-13,1.72,True
short_interest_days_to_cover,BLDR,OK,2017-12-29,3.25,True
short_interest_days_to_cover,BLDR,OK,2018-01-12,3.03,True
short_interest_days_to_cover,BLDR,OK,2018-01-31,2.9,True
short_interest_days_to_cover,BLDR,OK,2018-02-15,2.47,True
short_interest_days_to_cover,BLDR,OK,2018-02-28,3.52,True
short_interest_days_to_cover,BLDR,OK,2018-03-15,3.03,True
short_interest_days_to_cover,BLDR,OK,2018-03-29,4.51,True
short_interest_days_to_cover,BLDR,OK,2018-04-13,3.84,True
short_interest_days_to_cover,BLDR,OK,2018-04-30,4.41,True
short_interest_days_to_cover,BLDR,OK,2018-05-15,1.91,True
short_interest_days_to_cover,BLK,OK,2017-12-29,4.81,True
short_interest_days_to_cover,BLK,OK,2018-01-12,2.39,True
short_interest_days_to_cover,BLK,OK,2018-01-31,1.68,True
short_interest_days_to_cover,BLK,OK,2018-02-15,1.98,True
short_interest_days_to_cover,BLK,OK,2018-02-28,2.43,True
short_interest_days_to_cover,BLK,OK,2018-03-15,2.96,True
short_interest_days_to_cover,BLK,OK,2018-03-29,2.74,True
short_interest_days_to_cover,BLK,OK,2018-04-13,2.44,True
short_interest_days_to_cover,BLK,OK,2018-04-30,1.81,True
short_interest_days_to_cover,BLK,OK,2018-05-15,2.69,True
short_interest_days_to_cover,BMO,OK,2017-12-29,10.12,True
short_interest_days_to_cover,BMO,OK,2018-01-12,8.79,True
short_interest_days_to_cover,BMO,OK,2018-01-31,8.14,True
short_interest_days_to_cover,BMO,OK,2018-02-15,6.84,True
short_interest_days_to_cover,BMO,OK,2018-02-28,8.26,True
short_interest_days_to_cover,BMO,OK,2018-03-15,10.58,True
short_interest_days_to_cover,BMO,OK,2018-03-29,10.04,True
short_interest_days_to_cover,BMO,OK,2018-04-13,9.79,True
short_interest_days_to_cover,BMO,OK,2018-04-30,10.47,True
short_interest_days_to_cover,BMO,OK,2018-05-15,14.93,True
short_interest_days_to_cover,BMY,OK,2017-12-29,1.64,True
short_interest_days_to_cover,BMY,OK,2018-01-12,1.79,True
short_interest_days_to_cover,BMY,OK,2018-01-31,1.57,True
short_interest_days_to_cover,BMY,OK,2018-02-15,1.15,True
short_interest_days_to_cover,BMY,OK,2018-02-28,2.0,True
short_interest_days_to_cover,BMY,OK,2018-03-15,2.42,True
short_interest_days_to_cover,BMY,OK,2018-03-29,1.71,True
short_interest_days_to_cover,BMY,OK,2018-04-13,1.8,True
short_interest_days_to_cover,BMY,OK,2018-04-30,1.0,True
short_interest_days_to_cover,BMY,OK,2018-05-15,1.51,True
short_interest_days_to_cover,BN,OK,2022-12-15,2.84,True
short_interest_days_to_cover,BN,OK,2022-12-30,2.85,True
short_interest_days_to_cover,BN,OK,2023-01-13,4.15,True
short_interest_days_to_cover,BN,OK,2023-01-31,5.71,True
short_interest_days_to_cover,BN,OK,2023-02-15,1.36,True
short_interest_days_to_cover,BN,OK,2023-02-28,3.34,True
short_interest_days_to_cover,BN,OK,2023-03-15,2.36,True
short_interest_days_to_cover,BN,OK,2023-03-31,2.97,True
short_interest_days_to_cover,BN,OK,2023-04-14,6.15,True
short_interest_days_to_cover,BN,OK,2023-04-28,5.32,True
short_interest_days_to_cover,BNS,OK,2017-12-29,12.46,True
short_interest_days_to_cover,BNS,OK,2018-01-12,9.39,True
short_interest_days_to_cover,BNS,OK,2018-01-31,8.31,True
short_interest_days_to_cover,BNS,OK,2018-02-15,6.54,True
short_interest_days_to_cover,BNS,OK,2018-02-28,7.05,True
short_interest_days_to_cover,BNS,OK,2018-03-15,8.27,True
short_interest_days_to_cover,BNS,OK,2018-03-29,7.2,True
short_interest_days_to_cover,BNS,OK,2018-04-13,9.09,True
short_interest_days_to_cover,BNS,OK,2018-04-30,10.1,True
short_interest_days_to_cover,BNS,OK,2018-05-15,8.78,True
short_interest_days_to_cover,BNY,OK,2017-12-29,1.0,True
short_interest_days_to_cover,BNY,OK,2018-01-12,1.0,True
short_interest_days_to_cover,BNY,OK,2018-01-31,1.0,True
short_interest_days_to_cover,BNY,OK,2018-02-15,1.0,True
short_interest_days_to_cover,BNY,OK,2018-02-28,1.0,True
short_interest_days_to_cover,BNY,OK,2018-03-15,1.0,True
short_interest_days_to_cover,BNY,OK,2018-03-29,1.0,True
short_interest_days_to_cover,BNY,OK,2018-04-13,1.0,True
short_interest_days_to_cover,BNY,OK,2018-04-30,1.0,True
short_interest_days_to_cover,BNY,OK,2018-05-15,1.0,True
short_interest_days_to_cover,BP,OK,2017-12-29,1.7,True
short_interest_days_to_cover,BP,OK,2018-01-12,1.56,True
short_interest_days_to_cover,BP,OK,2018-01-31,1.0,True
short_interest_days_to_cover,BP,OK,2018-02-15,1.0,True
short_interest_days_to_cover,BP,OK,2018-02-28,1.0,True
short_interest_days_to_cover,BP,OK,2018-03-15,1.4,True
short_interest_days_to_cover,BP,OK,2018-03-29,1.0,True
short_interest_days_to_cover,BP,OK,2018-04-13,1.24,True
short_interest_days_to_cover,BP,OK,2018-04-30,1.0,True
short_interest_days_to_cover,BP,OK,2018-05-15,1.0,True
short_interest_days_to_cover,BR,OK,2017-12-29,4.38,True
short_interest_days_to_cover,BR,OK,2018-01-12,5.1,True
short_interest_days_to_cover,BR,OK,2018-01-31,5.73,True
short_interest_days_to_cover,BR,OK,2018-02-15,2.5,True
short_interest_days_to_cover,BR,OK,2018-02-28,3.09,True
short_interest_days_to_cover,BR,OK,2018-03-15,3.34,True
short_interest_days_to_cover,BR,OK,2018-03-29,3.39,True
short_interest_days_to_cover,BR,OK,2018-04-13,4.6,True
short_interest_days_to_cover,BR,OK,2018-04-30,4.8,True
short_interest_days_to_cover,BR,OK,2018-05-15,3.14,True
short_interest_days_to_cover,BRO,OK,2017-12-29,4.86,True
short_interest_days_to_cover,BRO,OK,2018-01-12,3.67,True
short_interest_days_to_cover,BRO,OK,2018-01-31,1.15,True
short_interest_days_to_cover,BRO,OK,2018-02-15,1.99,True
short_interest_days_to_cover,BRO,OK,2018-02-28,3.82,True
short_interest_days_to_cover,BRO,OK,2018-03-15,2.53,True
short_interest_days_to_cover,BRO,OK,2018-03-29,1.87,True
short_interest_days_to_cover,BRO,OK,2018-04-13,2.2,True
short_interest_days_to_cover,BRO,OK,2018-04-30,3.07,True
short_interest_days_to_cover,BRO,OK,2018-05-15,4.03,True
short_interest_days_to_cover,BSX,OK,2017-12-29,1.67,True
short_interest_days_to_cover,BSX,OK,2018-01-12,1.18,True
short_interest_days_to_cover,BSX,OK,2018-01-31,1.98,True
short_interest_days_to_cover,BSX,OK,2018-02-15,1.6,True
short_interest_days_to_cover,BSX,OK,2018-02-28,2.4,True
short_interest_days_to_cover,BSX,OK,2018-03-15,2.38,True
short_interest_days_to_cover,BSX,OK,2018-03-29,2.59,True
short_interest_days_to_cover,BSX,OK,2018-04-13,2.45,True
short_interest_days_to_cover,BSX,OK,2018-04-30,1.78,True
short_interest_days_to_cover,BSX,OK,2018-05-15,2.59,True
short_interest_days_to_cover,BTI,OK,2017-12-29,3.03,True
short_interest_days_to_cover,BTI,OK,2018-01-12,3.59,True
short_interest_days_to_cover,BTI,OK,2018-01-31,2.41,True
short_interest_days_to_cover,BTI,OK,2018-02-15,2.72,True
short_interest_days_to_cover,BTI,OK,2018-02-28,1.8,True
short_interest_days_to_cover,BTI,OK,2018-03-15,1.62,True
short_interest_days_to_cover,BTI,OK,2018-03-29,1.18,True
short_interest_days_to_cover,BTI,OK,2018-04-13,2.26,True
short_interest_days_to_cover,BTI,OK,2018-04-30,1.26,True
short_interest_days_to_cover,BTI,OK,2018-05-15,1.73,True
short_interest_days_to_cover,BUD,OK,2017-12-29,1.48,True
short_interest_days_to_cover,BUD,OK,2018-01-12,1.18,True
short_interest_days_to_cover,BUD,OK,2018-01-31,1.0,True
short_interest_days_to_cover,BUD,OK,2018-02-15,1.04,True
short_interest_days_to_cover,BUD,OK,2018-02-28,1.43,True
short_interest_days_to_cover,BUD,OK,2018-03-15,1.61,True
short_interest_days_to_cover,BUD,OK,2018-03-29,1.16,True
short_interest_days_to_cover,BUD,OK,2018-04-13,1.34,True
short_interest_days_to_cover,BUD,OK,2018-04-30,1.45,True
short_interest_days_to_cover,BUD,OK,2018-05-15,1.05,True
short_interest_days_to_cover,BX,OK,2017-12-29,5.73,True
short_interest_days_to_cover,BX,OK,2018-01-12,2.1,True
short_interest_days_to_cover,BX,OK,2018-01-31,1.63,True
short_interest_days_to_cover,BX,OK,2018-02-15,1.33,True
short_interest_days_to_cover,BX,OK,2018-02-28,2.51,True
short_interest_days_to_cover,BX,OK,2018-03-15,2.76,True
short_interest_days_to_cover,BX,OK,2018-03-29,3.22,True
short_interest_days_to_cover,BX,OK,2018-04-13,2.41,True
short_interest_days_to_cover,BX,OK,2018-04-30,3.19,True
short_interest_days_to_cover,BX,OK,2018-05-15,3.33,True
short_interest_days_to_cover,BXP,OK,2017-12-29,3.79,True
short_interest_days_to_cover,BXP,OK,2018-01-12,4.37,True
short_interest_days_to_cover,BXP,OK,2018-01-31,3.36,True
short_interest_days_to_cover,BXP,OK,2018-02-15,3.07,True
short_interest_days_to_cover,BXP,OK,2018-02-28,3.83,True
short_interest_days_to_cover,BXP,OK,2018-03-15,5.33,True
short_interest_days_to_cover,BXP,OK,2018-03-29,4.06,True
short_interest_days_to_cover,BXP,OK,2018-04-13,4.07,True
short_interest_days_to_cover,BXP,OK,2018-04-30,3.94,True
short_interest_days_to_cover,BXP,OK,2018-05-15,4.3,True
short_interest_days_to_cover,C,OK,2017-12-29,2.1,True
short_interest_days_to_cover,C,OK,2018-01-12,1.79,True
short_interest_days_to_cover,C,OK,2018-01-31,1.7,True
short_interest_days_to_cover,C,OK,2018-02-15,1.27,True
short_interest_days_to_cover,C,OK,2018-02-28,1.41,True
short_interest_days_to_cover,C,OK,2018-03-15,1.57,True
short_interest_days_to_cover,C,OK,2018-03-29,1.0,True
short_interest_days_to_cover,C,OK,2018-04-13,1.08,True
short_interest_days_to_cover,C,OK,2018-04-30,1.21,True
short_interest_days_to_cover,C,OK,2018-05-15,1.67,True
short_interest_days_to_cover,CAG,OK,2017-12-29,3.2,True
short_interest_days_to_cover,CAG,OK,2018-01-12,4.13,True
short_interest_days_to_cover,CAG,OK,2018-01-31,3.05,True
short_interest_days_to_cover,CAG,OK,2018-02-15,2.1,True
short_interest_days_to_cover,CAG,OK,2018-02-28,3.64,True
short_interest_days_to_cover,CAG,OK,2018-03-15,2.78,True
short_interest_days_to_cover,CAG,OK,2018-03-29,2.31,True
short_interest_days_to_cover,CAG,OK,2018-04-13,3.37,True
short_interest_days_to_cover,CAG,OK,2018-04-30,3.19,True
short_interest_days_to_cover,CAG,OK,2018-05-15,3.72,True
short_interest_days_to_cover,CAH,OK,2017-12-29,4.57,True
short_interest_days_to_cover,CAH,OK,2018-01-12,3.47,True
short_interest_days_to_cover,CAH,OK,2018-01-31,3.07,True
short_interest_days_to_cover,CAH,OK,2018-02-15,3.71,True
short_interest_days_to_cover,CAH,OK,2018-02-28,5.55,True
short_interest_days_to_cover,CAH,OK,2018-03-15,5.0,True
short_interest_days_to_cover,CAH,OK,2018-03-29,3.87,True
short_interest_days_to_cover,CAH,OK,2018-04-13,4.97,True
short_interest_days_to_cover,CAH,OK,2018-04-30,5.24,True
short_interest_days_to_cover,CAH,OK,2018-05-15,1.75,True
short_interest_days_to_cover,CARR,OK,2020-04-15,1.0,True
short_interest_days_to_cover,CARR,OK,2020-04-30,1.0,True
short_interest_days_to_cover,CARR,OK,2020-05-15,1.26,True
short_interest_days_to_cover,CARR,OK,2020-05-29,1.55,True
short_interest_days_to_cover,CARR,OK,2020-06-15,1.78,True
short_interest_days_to_cover,CARR,OK,2020-06-30,1.81,True
short_interest_days_to_cover,CARR,OK,2020-07-15,1.78,True
short_interest_days_to_cover,CARR,OK,2020-07-31,1.5,True
short_interest_days_to_cover,CARR,OK,2020-08-14,2.79,True
short_interest_days_to_cover,CARR,OK,2020-08-31,2.77,True
short_interest_days_to_cover,CASY,OK,2017-12-29,8.57,True
short_interest_days_to_cover,CASY,OK,2018-01-12,5.27,True
short_interest_days_to_cover,CASY,OK,2018-01-31,8.88,True
short_interest_days_to_cover,CASY,OK,2018-02-15,8.91,True
short_interest_days_to_cover,CASY,OK,2018-02-28,8.7,True
short_interest_days_to_cover,CASY,OK,2018-03-15,5.46,True
short_interest_days_to_cover,CASY,OK,2018-03-29,7.17,True
short_interest_days_to_cover,CASY,OK,2018-04-13,7.44,True
short_interest_days_to_cover,CASY,OK,2018-04-30,7.86,True
short_interest_days_to_cover,CASY,OK,2018-05-15,7.34,True
short_interest_days_to_cover,CAT,OK,2017-12-29,3.69,True
short_interest_days_to_cover,CAT,OK,2018-01-12,2.68,True
short_interest_days_to_cover,CAT,OK,2018-01-31,1.48,True
short_interest_days_to_cover,CAT,OK,2018-02-15,1.27,True
short_interest_days_to_cover,CAT,OK,2018-02-28,1.89,True
short_interest_days_to_cover,CAT,OK,2018-03-15,1.63,True
short_interest_days_to_cover,CAT,OK,2018-03-29,1.58,True
short_interest_days_to_cover,CAT,OK,2018-04-13,1.96,True
short_interest_days_to_cover,CAT,OK,2018-04-30,1.49,True
short_interest_days_to_cover,CAT,OK,2018-05-15,1.98,True
short_interest_days_to_cover,CB,OK,2017-12-29,4.41,True
short_interest_days_to_cover,CB,OK,2018-01-12,4.09,True
short_interest_days_to_cover,CB,OK,2018-01-31,3.67,True
short_interest_days_to_cover,CB,OK,2018-02-15,2.52,True
short_interest_days_to_cover,CB,OK,2018-02-28,3.61,True
short_interest_days_to_cover,CB,OK,2018-03-15,4.06,True
short_interest_days_to_cover,CB,OK,2018-03-29,3.44,True
short_interest_days_to_cover,CB,OK,2018-04-13,3.47,True
short_interest_days_to_cover,CB,OK,2018-04-30,2.32,True
short_interest_days_to_cover,CB,OK,2018-05-15,2.71,True
short_interest_days_to_cover,CBOE,OK,2017-12-29,4.59,True
short_interest_days_to_cover,CBOE,OK,2018-01-12,4.79,True
short_interest_days_to_cover,CBOE,OK,2018-01-31,4.91,True
short_interest_days_to_cover,CBOE,OK,2018-02-15,1.38,True
short_interest_days_to_cover,CBOE,OK,2018-02-28,2.15,True
short_interest_days_to_cover,CBOE,OK,2018-03-15,3.05,True
short_interest_days_to_cover,CBOE,OK,2018-03-29,3.9,True
short_interest_days_to_cover,CBOE,OK,2018-04-13,3.6,True
short_interest_days_to_cover,CBOE,OK,2018-04-30,4.48,True
short_interest_days_to_cover,CBOE,OK,2018-05-15,2.94,True
short_interest_days_to_cover,CBRE,OK,2018-03-29,2.65,True
short_interest_days_to_cover,CBRE,OK,2018-04-13,3.15,True
short_interest_days_to_cover,CBRE,OK,2018-04-30,3.12,True
short_interest_days_to_cover,CBRE,OK,2018-05-15,2.67,True
short_interest_days_to_cover,CBRE,OK,2018-05-31,3.45,True
short_interest_days_to_cover,CBRE,OK,2018-06-15,3.88,True
short_interest_days_to_cover,CBRE,OK,2018-06-29,3.11,True
short_interest_days_to_cover,CBRE,OK,2018-07-13,4.65,True
short_interest_days_to_cover,CBRE,OK,2018-07-31,3.96,True
short_interest_days_to_cover,CBRE,OK,2018-08-15,3.51,True
short_interest_days_to_cover,CCI,OK,2017-12-29,5.97,True
short_interest_days_to_cover,CCI,OK,2018-01-12,3.26,True
short_interest_days_to_cover,CCI,OK,2018-01-31,2.93,True
short_interest_days_to_cover,CCI,OK,2018-02-15,3.36,True
short_interest_days_to_cover,CCI,OK,2018-02-28,3.95,True
short_interest_days_to_cover,CCI,OK,2018-03-15,3.17,True
short_interest_days_to_cover,CCI,OK,2018-03-29,3.41,True
short_interest_days_to_cover,CCI,OK,2018-04-13,3.11,True
short_interest_days_to_cover,CCI,OK,2018-04-30,3.05,True
short_interest_days_to_cover,CCI,OK,2018-05-15,4.24,True
short_interest_days_to_cover,CCL,OK,2017-12-29,3.04,True
short_interest_days_to_cover,CCL,OK,2018-01-12,3.66,True
short_interest_days_to_cover,CCL,OK,2018-01-31,3.37,True
short_interest_days_to_cover,CCL,OK,2018-02-15,4.23,True
short_interest_days_to_cover,CCL,OK,2018-02-28,5.48,True
short_interest_days_to_cover,CCL,OK,2018-03-15,4.88,True
short_interest_days_to_cover,CCL,OK,2018-03-29,2.8,True
short_interest_days_to_cover,CCL,OK,2018-04-13,3.52,True
short_interest_days_to_cover,CCL,OK,2018-04-30,4.0,True
short_interest_days_to_cover,CCL,OK,2018-05-15,4.34,True
short_interest_days_to_cover,CDNS,OK,2017-12-29,4.11,True
short_interest_days_to_cover,CDNS,OK,2018-01-12,4.21,True
short_interest_days_to_cover,CDNS,OK,2018-01-31,3.69,True
short_interest_days_to_cover,CDNS,OK,2018-02-15,1.86,True
short_interest_days_to_cover,CDNS,OK,2018-02-28,2.91,True
short_interest_days_to_cover,CDNS,OK,2018-03-15,2.27,True
short_interest_days_to_cover,CDNS,OK,2018-03-29,1.93,True
short_interest_days_to_cover,CDNS,OK,2018-04-13,2.59,True
short_interest_days_to_cover,CDNS,OK,2018-04-30,1.87,True
short_interest_days_to_cover,CDNS,OK,2018-05-15,2.32,True
short_interest_days_to_cover,CDW,OK,2017-12-29,2.99,True
short_interest_days_to_cover,CDW,OK,2018-01-12,2.22,True
short_interest_days_to_cover,CDW,OK,2018-01-31,2.64,True
short_interest_days_to_cover,CDW,OK,2018-02-15,1.84,True
short_interest_days_to_cover,CDW,OK,2018-02-28,3.72,True
short_interest_days_to_cover,CDW,OK,2018-03-15,4.7,True
short_interest_days_to_cover,CDW,OK,2018-03-29,3.99,True
short_interest_days_to_cover,CDW,OK,2018-04-13,5.84,True
short_interest_days_to_cover,CDW,OK,2018-04-30,7.26,True
short_interest_days_to_cover,CDW,OK,2018-05-15,2.82,True
short_interest_days_to_cover,CEG,OK,2022-02-15,1.0,True
short_interest_days_to_cover,CEG,OK,2022-02-28,1.32,True
short_interest_days_to_cover,CEG,OK,2022-03-15,1.66,True
short_interest_days_to_cover,CEG,OK,2022-03-31,1.37,True
short_interest_days_to_cover,CEG,OK,2022-04-14,1.45,True
short_interest_days_to_cover,CEG,OK,2022-04-29,2.11,True
short_interest_days_to_cover,CEG,OK,2022-05-13,1.28,True
short_interest_days_to_cover,CEG,OK,2022-05-31,1.73,True
short_interest_days_to_cover,CEG,OK,2022-06-15,2.46,True
short_interest_days_to_cover,CEG,OK,2022-06-30,1.59,True
short_interest_days_to_cover,CF,OK,2017-12-29,5.04,True
short_interest_days_to_cover,CF,OK,2018-01-12,6.83,True
short_interest_days_to_cover,CF,OK,2018-01-31,4.17,True
short_interest_days_to_cover,CF,OK,2018-02-15,4.73,True
short_interest_days_to_cover,CF,OK,2018-02-28,4.59,True
short_interest_days_to_cover,CF,OK,2018-03-15,2.63,True
short_interest_days_to_cover,CF,OK,2018-03-29,3.99,True
short_interest_days_to_cover,CF,OK,2018-04-13,5.38,True
short_interest_days_to_cover,CF,OK,2018-04-30,6.5,True
short_interest_days_to_cover,CF,OK,2018-05-15,5.4,True
short_interest_days_to_cover,CFG,OK,2017-12-29,2.32,True
short_interest_days_to_cover,CFG,OK,2018-01-12,2.35,True
short_interest_days_to_cover,CFG,OK,2018-01-31,1.73,True
short_interest_days_to_cover,CFG,OK,2018-02-15,1.34,True
short_interest_days_to_cover,CFG,OK,2018-02-28,1.02,True
short_interest_days_to_cover,CFG,OK,2018-03-15,1.7,True
short_interest_days_to_cover,CFG,OK,2018-03-29,1.51,True
short_interest_days_to_cover,CFG,OK,2018-04-13,2.28,True
short_interest_days_to_cover,CFG,OK,2018-04-30,1.62,True
short_interest_days_to_cover,CFG,OK,2018-05-15,2.21,True
short_interest_days_to_cover,CHD,OK,2017-12-29,8.42,True
short_interest_days_to_cover,CHD,OK,2018-01-12,6.11,True
short_interest_days_to_cover,CHD,OK,2018-01-31,5.79,True
short_interest_days_to_cover,CHD,OK,2018-02-15,3.97,True
short_interest_days_to_cover,CHD,OK,2018-02-28,6.12,True
short_interest_days_to_cover,CHD,OK,2018-03-15,6.37,True
short_interest_days_to_cover,CHD,OK,2018-03-29,5.42,True
short_interest_days_to_cover,CHD,OK,2018-04-13,6.93,True
short_interest_days_to_cover,CHD,OK,2018-04-30,6.21,True
short_interest_days_to_cover,CHD,OK,2018-05-15,5.03,True
short_interest_days_to_cover,CHRW,OK,2017-12-29,18.17,True
short_interest_days_to_cover,CHRW,OK,2018-01-12,14.15,True
short_interest_days_to_cover,CHRW,OK,2018-01-31,6.54,True
short_interest_days_to_cover,CHRW,OK,2018-02-15,7.42,True
short_interest_days_to_cover,CHRW,OK,2018-02-28,11.45,True
short_interest_days_to_cover,CHRW,OK,2018-03-15,11.5,True
short_interest_days_to_cover,CHRW,OK,2018-03-29,13.34,True
short_interest_days_to_cover,CHRW,OK,2018-04-13,10.71,True
short_interest_days_to_cover,CHRW,OK,2018-04-30,8.42,True
short_interest_days_to_cover,CHRW,OK,2018-05-15,6.08,True
short_interest_days_to_cover,CHTR,OK,2017-12-29,4.94,True
short_interest_days_to_cover,CHTR,OK,2018-01-12,4.43,True
short_interest_days_to_cover,CHTR,OK,2018-01-31,5.01,True
short_interest_days_to_cover,CHTR,OK,2018-02-15,3.52,True
short_interest_days_to_cover,CHTR,OK,2018-02-28,9.01,True
short_interest_days_to_cover,CHTR,OK,2018-03-15,5.19,True
short_interest_days_to_cover,CHTR,OK,2018-03-29,3.62,True
short_interest_days_to_cover,CHTR,OK,2018-04-13,5.26,True
short_interest_days_to_cover,CHTR,OK,2018-04-30,2.94,True
short_interest_days_to_cover,CHTR,OK,2018-05-15,5.76,True
short_interest_days_to_cover,CI,OK,2017-12-29,2.8,True
short_interest_days_to_cover,CI,OK,2018-01-12,2.92,True
short_interest_days_to_cover,CI,OK,2018-01-31,1.43,True
short_interest_days_to_cover,CI,OK,2018-02-15,1.44,True
short_interest_days_to_cover,CI,OK,2018-02-28,2.2,True
short_interest_days_to_cover,CI,OK,2018-03-15,1.0,True
short_interest_days_to_cover,CI,OK,2018-03-29,1.33,True
short_interest_days_to_cover,CI,OK,2018-04-13,2.63,True
short_interest_days_to_cover,CI,OK,2018-04-30,2.44,True
short_interest_days_to_cover,CI,OK,2018-05-15,2.52,True
short_interest_days_to_cover,CIEN,OK,2017-12-29,7.13,True
short_interest_days_to_cover,CIEN,OK,2018-01-12,7.3,True
short_interest_days_to_cover,CIEN,OK,2018-01-31,7.42,True
short_interest_days_to_cover,CIEN,OK,2018-02-15,4.81,True
short_interest_days_to_cover,CIEN,OK,2018-02-28,7.11,True
short_interest_days_to_cover,CIEN,OK,2018-03-15,3.22,True
short_interest_days_to_cover,CIEN,OK,2018-03-29,5.65,True
short_interest_days_to_cover,CIEN,OK,2018-04-13,7.2,True
short_interest_days_to_cover,CIEN,OK,2018-04-30,4.78,True
short_interest_days_to_cover,CIEN,OK,2018-05-15,5.22,True
short_interest_days_to_cover,CINF,OK,2017-12-29,7.93,True
short_interest_days_to_cover,CINF,OK,2018-01-12,5.59,True
short_interest_days_to_cover,CINF,OK,2018-01-31,5.52,True
short_interest_days_to_cover,CINF,OK,2018-02-15,2.94,True
short_interest_days_to_cover,CINF,OK,2018-02-28,5.87,True
short_interest_days_to_cover,CINF,OK,2018-03-15,5.39,True
short_interest_days_to_cover,CINF,OK,2018-03-29,3.86,True
short_interest_days_to_cover,CINF,OK,2018-04-13,6.44,True
short_interest_days_to_cover,CINF,OK,2018-04-30,5.0,True
short_interest_days_to_cover,CINF,OK,2018-05-15,5.04,True
short_interest_days_to_cover,CL,OK,2017-12-29,3.63,True
short_interest_days_to_cover,CL,OK,2018-01-12,3.4,True
short_interest_days_to_cover,CL,OK,2018-01-31,2.07,True
short_interest_days_to_cover,CL,OK,2018-02-15,2.55,True
short_interest_days_to_cover,CL,OK,2018-02-28,3.83,True
short_interest_days_to_cover,CL,OK,2018-03-15,3.55,True
short_interest_days_to_cover,CL,OK,2018-03-29,2.89,True
short_interest_days_to_cover,CL,OK,2018-04-13,3.79,True
short_interest_days_to_cover,CL,OK,2018-04-30,2.6,True
short_interest_days_to_cover,CL,OK,2018-05-15,2.47,True
short_interest_days_to_cover,CLX,OK,2017-12-29,13.94,True
short_interest_days_to_cover,CLX,OK,2018-01-12,8.54,True
short_interest_days_to_cover,CLX,OK,2018-01-31,7.8,True
short_interest_days_to_cover,CLX,OK,2018-02-15,3.7,True
short_interest_days_to_cover,CLX,OK,2018-02-28,6.4,True
short_interest_days_to_cover,CLX,OK,2018-03-15,7.43,True
short_interest_days_to_cover,CLX,OK,2018-03-29,5.62,True
short_interest_days_to_cover,CLX,OK,2018-04-13,6.39,True
short_interest_days_to_cover,CLX,OK,2018-04-30,4.53,True
short_interest_days_to_cover,CLX,OK,2018-05-15,6.29,True
short_interest_days_to_cover,CM,OK,2017-12-29,15.71,True
short_interest_days_to_cover,CM,OK,2018-01-12,19.81,True
short_interest_days_to_cover,CM,OK,2018-01-31,18.88,True
short_interest_days_to_cover,CM,OK,2018-02-15,17.25,True
short_interest_days_to_cover,CM,OK,2018-02-28,16.45,True
short_interest_days_to_cover,CM,OK,2018-03-15,21.05,True
short_interest_days_to_cover,CM,OK,2018-03-29,14.92,True
short_interest_days_to_cover,CM,OK,2018-04-13,28.04,True
short_interest_days_to_cover,CM,OK,2018-04-30,35.22,True
short_interest_days_to_cover,CM,OK,2018-05-15,36.32,True
short_interest_days_to_cover,CMCSA,OK,2017-12-29,3.87,True
short_interest_days_to_cover,CMCSA,OK,2018-01-12,3.17,True
short_interest_days_to_cover,CMCSA,OK,2018-01-31,3.47,True
short_interest_days_to_cover,CMCSA,OK,2018-02-15,2.14,True
short_interest_days_to_cover,CMCSA,OK,2018-02-28,1.97,True
short_interest_days_to_cover,CMCSA,OK,2018-03-15,2.4,True
short_interest_days_to_cover,CMCSA,OK,2018-03-29,1.75,True
short_interest_days_to_cover,CMCSA,OK,2018-04-13,2.52,True
short_interest_days_to_cover,CMCSA,OK,2018-04-30,2.23,True
short_interest_days_to_cover,CMCSA,OK,2018-05-15,2.84,True
short_interest_days_to_cover,CME,OK,2017-12-29,3.29,True
short_interest_days_to_cover,CME,OK,2018-01-12,3.98,True
short_interest_days_to_cover,CME,OK,2018-01-31,3.52,True
short_interest_days_to_cover,CME,OK,2018-02-15,2.27,True
short_interest_days_to_cover,CME,OK,2018-02-28,4.06,True
short_interest_days_to_cover,CME,OK,2018-03-15,3.2,True
short_interest_days_to_cover,CME,OK,2018-03-29,1.78,True
short_interest_days_to_cover,CME,OK,2018-04-13,3.24,True
short_interest_days_to_cover,CME,OK,2018-04-30,3.82,True
short_interest_days_to_cover,CME,OK,2018-05-15,3.82,True
short_interest_days_to_cover,CMG,OK,2017-12-29,3.57,True
short_interest_days_to_cover,CMG,OK,2018-01-12,3.1,True
short_interest_days_to_cover,CMG,OK,2018-01-31,3.27,True
short_interest_days_to_cover,CMG,OK,2018-02-15,1.6,True
short_interest_days_to_cover,CMG,OK,2018-02-28,2.13,True
short_interest_days_to_cover,CMG,OK,2018-03-15,5.22,True
short_interest_days_to_cover,CMG,OK,2018-03-29,4.6,True
short_interest_days_to_cover,CMG,OK,2018-04-13,5.77,True
short_interest_days_to_cover,CMG,OK,2018-04-30,2.12,True
short_interest_days_to_cover,CMG,OK,2018-05-15,5.26,True
short_interest_days_to_cover,CMI,OK,2017-12-29,5.84,True
short_interest_days_to_cover,CMI,OK,2018-01-12,3.72,True
short_interest_days_to_cover,CMI,OK,2018-01-31,3.17,True
short_interest_days_to_cover,CMI,OK,2018-02-15,1.54,True
short_interest_days_to_cover,CMI,OK,2018-02-28,2.11,True
short_interest_days_to_cover,CMI,OK,2018-03-15,1.81,True
short_interest_days_to_cover,CMI,OK,2018-03-29,2.04,True
short_interest_days_to_cover,CMI,OK,2018-04-13,2.5,True
short_interest_days_to_cover,CMI,OK,2018-04-30,2.1,True
short_interest_days_to_cover,CMI,OK,2018-05-15,1.52,True
short_interest_days_to_cover,CMS,OK,2017-12-29,3.25,True
short_interest_days_to_cover,CMS,OK,2018-01-12,2.39,True
short_interest_days_to_cover,CMS,OK,2018-01-31,2.56,True
short_interest_days_to_cover,CMS,OK,2018-02-15,1.22,True
short_interest_days_to_cover,CMS,OK,2018-02-28,1.36,True
short_interest_days_to_cover,CMS,OK,2018-03-15,1.79,True
short_interest_days_to_cover,CMS,OK,2018-03-29,1.53,True
short_interest_days_to_cover,CMS,OK,2018-04-13,1.76,True
short_interest_days_to_cover,CMS,OK,2018-04-30,1.49,True
short_interest_days_to_cover,CMS,OK,2018-05-15,1.49,True
short_interest_days_to_cover,CNC,OK,2017-12-29,3.35,True
short_interest_days_to_cover,CNC,OK,2018-01-12,6.04,True
short_interest_days_to_cover,CNC,OK,2018-01-31,5.38,True
short_interest_days_to_cover,CNC,OK,2018-02-15,3.28,True
short_interest_days_to_cover,CNC,OK,2018-02-28,5.78,True
short_interest_days_to_cover,CNC,OK,2018-03-15,4.96,True
short_interest_days_to_cover,CNC,OK,2018-03-29,2.73,True
short_interest_days_to_cover,CNC,OK,2018-04-13,3.47,True
short_interest_days_to_cover,CNC,OK,2018-04-30,2.84,True
short_interest_days_to_cover,CNC,OK,2018-05-15,1.24,True
short_interest_days_to_cover,CNI,OK,2017-12-29,10.2,True
short_interest_days_to_cover,CNI,OK,2018-01-12,7.79,True
short_interest_days_to_cover,CNI,OK,2018-01-31,5.13,True
short_interest_days_to_cover,CNI,OK,2018-02-15,5.46,True
short_interest_days_to_cover,CNI,OK,2018-02-28,4.2,True
short_interest_days_to_cover,CNI,OK,2018-03-15,4.08,True
short_interest_days_to_cover,CNI,OK,2018-03-29,4.43,True
short_interest_days_to_cover,CNI,OK,2018-04-13,4.53,True
short_interest_days_to_cover,CNI,OK,2018-04-30,4.8,True
short_interest_days_to_cover,CNI,OK,2018-05-15,7.9,True
short_interest_days_to_cover,CNP,OK,2017-12-29,4.21,True
short_interest_days_to_cover,CNP,OK,2018-01-12,2.51,True
short_interest_days_to_cover,CNP,OK,2018-01-31,2.57,True
short_interest_days_to_cover,CNP,OK,2018-02-15,2.72,True
short_interest_days_to_cover,CNP,OK,2018-02-28,2.95,True
short_interest_days_to_cover,CNP,OK,2018-03-15,2.43,True
short_interest_days_to_cover,CNP,OK,2018-03-29,1.79,True
short_interest_days_to_cover,CNP,OK,2018-04-13,2.89,True
short_interest_days_to_cover,CNP,OK,2018-04-30,1.89,True
short_interest_days_to_cover,CNP,OK,2018-05-15,2.33,True
short_interest_days_to_cover,CNQ,OK,2017-12-29,5.69,True
short_interest_days_to_cover,CNQ,OK,2018-01-12,4.37,True
short_interest_days_to_cover,CNQ,OK,2018-01-31,3.73,True
short_interest_days_to_cover,CNQ,OK,2018-02-15,1.74,True
short_interest_days_to_cover,CNQ,OK,2018-02-28,3.2,True
short_interest_days_to_cover,CNQ,OK,2018-03-15,2.14,True
short_interest_days_to_cover,CNQ,OK,2018-03-29,1.25,True
short_interest_days_to_cover,CNQ,OK,2018-04-13,1.63,True
short_interest_days_to_cover,CNQ,OK,2018-04-30,2.74,True
short_interest_days_to_cover,CNQ,OK,2018-05-15,1.0,True
short_interest_days_to_cover,COF,OK,2017-12-29,2.96,True
short_interest_days_to_cover,COF,OK,2018-01-12,2.6,True
short_interest_days_to_cover,COF,OK,2018-01-31,1.71,True
short_interest_days_to_cover,COF,OK,2018-02-15,1.59,True
short_interest_days_to_cover,COF,OK,2018-02-28,2.2,True
short_interest_days_to_cover,COF,OK,2018-03-15,2.21,True
short_interest_days_to_cover,COF,OK,2018-03-29,1.94,True
short_interest_days_to_cover,COF,OK,2018-04-13,1.84,True
short_interest_days_to_cover,COF,OK,2018-04-30,1.55,True
short_interest_days_to_cover,COF,OK,2018-05-15,1.27,True
short_interest_days_to_cover,COHR,OK,2017-12-29,5.23,True
short_interest_days_to_cover,COHR,OK,2018-01-12,3.92,True
short_interest_days_to_cover,COHR,OK,2018-01-31,2.43,True
short_interest_days_to_cover,COHR,OK,2018-02-15,1.61,True
short_interest_days_to_cover,COHR,OK,2018-02-28,1.87,True
short_interest_days_to_cover,COHR,OK,2018-03-15,3.57,True
short_interest_days_to_cover,COHR,OK,2018-03-29,2.82,True
short_interest_days_to_cover,COHR,OK,2018-04-13,3.97,True
short_interest_days_to_cover,COHR,OK,2018-04-30,4.72,True
short_interest_days_to_cover,COHR,OK,2018-05-15,3.62,True
short_interest_days_to_cover,COIN,OK,2021-04-30,1.0,True
short_interest_days_to_cover,COIN,OK,2021-05-14,1.0,True
short_interest_days_to_cover,COIN,OK,2021-05-28,1.0,True
short_interest_days_to_cover,COIN,OK,2021-06-15,1.03,True
short_interest_days_to_cover,COIN,OK,2021-06-30,1.11,True
short_interest_days_to_cover,COIN,OK,2021-07-15,1.33,True
short_interest_days_to_cover,COIN,OK,2021-07-30,1.37,True
short_interest_days_to_cover,COIN,OK,2021-08-13,1.0,True
short_interest_days_to_cover,COIN,OK,2021-08-31,1.17,True
short_interest_days_to_cover,COIN,OK,2021-09-15,1.19,True
short_interest_days_to_cover,COO,OK,2017-12-29,3.64,True
short_interest_days_to_cover,COO,OK,2018-01-12,2.73,True
short_interest_days_to_cover,COO,OK,2018-01-31,3.34,True
short_interest_days_to_cover,COO,OK,2018-02-15,3.52,True
short_interest_days_to_cover,COO,OK,2018-02-28,4.88,True
short_interest_days_to_cover,COO,OK,2018-03-15,2.82,True
short_interest_days_to_cover,COO,OK,2018-03-29,3.35,True
short_interest_days_to_cover,COO,OK,2018-04-13,4.33,True
short_interest_days_to_cover,COO,OK,2018-04-30,5.54,True
short_interest_days_to_cover,COO,OK,2018-05-15,6.91,True
short_interest_days_to_cover,COP,OK,2017-12-29,4.53,True
short_interest_days_to_cover,COP,OK,2018-01-12,4.86,True
short_interest_days_to_cover,COP,OK,2018-01-31,4.25,True
short_interest_days_to_cover,COP,OK,2018-02-15,3.03,True
short_interest_days_to_cover,COP,OK,2018-02-28,4.43,True
short_interest_days_to_cover,COP,OK,2018-03-15,4.38,True
short_interest_days_to_cover,COP,OK,2018-03-29,2.63,True
short_interest_days_to_cover,COP,OK,2018-04-13,2.67,True
short_interest_days_to_cover,COP,OK,2018-04-30,2.45,True
short_interest_days_to_cover,COP,OK,2018-05-15,2.84,True
short_interest_days_to_cover,COR,OK,2017-12-29,10.26,True
short_interest_days_to_cover,COR,OK,2018-01-12,7.43,True
short_interest_days_to_cover,COR,OK,2018-01-31,7.84,True
short_interest_days_to_cover,COR,OK,2018-02-15,5.28,True
short_interest_days_to_cover,COR,OK,2018-02-28,5.66,True
short_interest_days_to_cover,COR,OK,2018-03-15,7.24,True
short_interest_days_to_cover,COR,OK,2018-03-29,7.51,True
short_interest_days_to_cover,COR,OK,2018-04-13,7.37,True
short_interest_days_to_cover,COR,OK,2018-04-30,6.65,True
short_interest_days_to_cover,COR,OK,2018-05-15,8.51,True
short_interest_days_to_cover,COST,OK,2017-12-29,4.45,True
short_interest_days_to_cover,COST,OK,2018-01-12,3.46,True
short_interest_days_to_cover,COST,OK,2018-01-31,3.21,True
short_interest_days_to_cover,COST,OK,2018-02-15,3.05,True
short_interest_days_to_cover,COST,OK,2018-02-28,3.86,True
short_interest_days_to_cover,COST,OK,2018-03-15,2.43,True
short_interest_days_to_cover,COST,OK,2018-03-29,2.91,True
short_interest_days_to_cover,COST,OK,2018-04-13,3.01,True
short_interest_days_to_cover,COST,OK,2018-04-30,4.25,True
short_interest_days_to_cover,COST,OK,2018-05-15,4.33,True
short_interest_days_to_cover,CP,OK,2017-12-29,2.43,True
short_interest_days_to_cover,CP,OK,2018-01-12,1.39,True
short_interest_days_to_cover,CP,OK,2018-01-31,1.06,True
short_interest_days_to_cover,CP,OK,2018-02-15,1.03,True
short_interest_days_to_cover,CP,OK,2018-02-28,1.38,True
short_interest_days_to_cover,CP,OK,2018-03-15,1.0,True
short_interest_days_to_cover,CP,OK,2018-03-29,1.14,True
short_interest_days_to_cover,CP,OK,2018-04-13,1.35,True
short_interest_days_to_cover,CP,OK,2018-04-30,1.0,True
short_interest_days_to_cover,CP,OK,2018-05-15,1.68,True
short_interest_days_to_cover,CPAY,OK,2024-03-28,4.21,True
short_interest_days_to_cover,CPAY,OK,2024-04-15,4.43,True
short_interest_days_to_cover,CPAY,OK,2024-04-30,5.17,True
short_interest_days_to_cover,CPAY,OK,2024-05-15,3.54,True
short_interest_days_to_cover,CPAY,OK,2024-05-31,4.04,True
short_interest_days_to_cover,CPAY,OK,2024-06-14,3.41,True
short_interest_days_to_cover,CPAY,OK,2024-06-28,3.04,True
short_interest_days_to_cover,CPAY,OK,2024-07-15,4.51,True
short_interest_days_to_cover,CPAY,OK,2024-07-31,7.17,True
short_interest_days_to_cover,CPAY,OK,2024-08-15,4.2,True
short_interest_days_to_cover,CPRT,OK,2017-12-29,5.35,True
short_interest_days_to_cover,CPRT,OK,2018-01-12,6.47,True
short_interest_days_to_cover,CPRT,OK,2018-01-31,7.11,True
short_interest_days_to_cover,CPRT,OK,2018-02-15,4.85,True
short_interest_days_to_cover,CPRT,OK,2018-02-28,2.97,True
short_interest_days_to_cover,CPRT,OK,2018-03-15,5.46,True
short_interest_days_to_cover,CPRT,OK,2018-03-29,8.59,True
short_interest_days_to_cover,CPRT,OK,2018-04-13,9.85,True
short_interest_days_to_cover,CPRT,OK,2018-04-30,5.75,True
short_interest_days_to_cover,CPRT,OK,2018-05-15,5.09,True
short_interest_days_to_cover,CPT,OK,2017-12-29,6.61,True
short_interest_days_to_cover,CPT,OK,2018-01-12,6.4,True
short_interest_days_to_cover,CPT,OK,2018-01-31,7.12,True
short_interest_days_to_cover,CPT,OK,2018-02-15,2.99,True
short_interest_days_to_cover,CPT,OK,2018-02-28,3.4,True
short_interest_days_to_cover,CPT,OK,2018-03-15,2.74,True
short_interest_days_to_cover,CPT,OK,2018-03-29,3.67,True
short_interest_days_to_cover,CPT,OK,2018-04-13,3.78,True
short_interest_days_to_cover,CPT,OK,2018-04-30,4.03,True
short_interest_days_to_cover,CPT,OK,2018-05-15,3.43,True
short_interest_days_to_cover,CRH,OK,2017-12-29,2.05,True
short_interest_days_to_cover,CRH,OK,2018-01-12,1.34,True
short_interest_days_to_cover,CRH,OK,2018-01-31,3.16,True
short_interest_days_to_cover,CRH,OK,2018-02-15,1.0,True
short_interest_days_to_cover,CRH,OK,2018-02-28,1.22,True
short_interest_days_to_cover,CRH,OK,2018-03-15,1.0,True
short_interest_days_to_cover,CRH,OK,2018-03-29,1.18,True
short_interest_days_to_cover,CRH,OK,2018-04-13,1.04,True
short_interest_days_to_cover,CRH,OK,2018-04-30,1.83,True
short_interest_days_to_cover,CRH,OK,2018-05-15,1.94,True
short_interest_days_to_cover,CRL,OK,2017-12-29,7.05,True
short_interest_days_to_cover,CRL,OK,2018-01-12,4.04,True
short_interest_days_to_cover,CRL,OK,2018-01-31,4.76,True
short_interest_days_to_cover,CRL,OK,2018-02-15,2.36,True
short_interest_days_to_cover,CRL,OK,2018-02-28,3.96,True
short_interest_days_to_cover,CRL,OK,2018-03-15,4.11,True
short_interest_days_to_cover,CRL,OK,2018-03-29,5.22,True
short_interest_days_to_cover,CRL,OK,2018-04-13,7.71,True
short_interest_days_to_cover,CRL,OK,2018-04-30,4.77,True
short_interest_days_to_cover,CRL,OK,2018-05-15,3.23,True
short_interest_days_to_cover,CRM,OK,2017-12-29,4.98,True
short_interest_days_to_cover,CRM,OK,2018-01-12,3.9,True
short_interest_days_to_cover,CRM,OK,2018-01-31,3.75,True
short_interest_days_to_cover,CRM,OK,2018-02-15,2.33,True
short_interest_days_to_cover,CRM,OK,2018-02-28,2.54,True
short_interest_days_to_cover,CRM,OK,2018-03-15,2.18,True
short_interest_days_to_cover,CRM,OK,2018-03-29,2.13,True
short_interest_days_to_cover,CRM,OK,2018-04-13,3.64,True
short_interest_days_to_cover,CRM,OK,2018-04-30,4.57,True
short_interest_days_to_cover,CRM,OK,2018-05-15,4.36,True
short_interest_days_to_cover,CRWD,OK,2019-06-14,1.0,True
short_interest_days_to_cover,CRWD,OK,2019-06-28,1.0,True
short_interest_days_to_cover,CRWD,OK,2019-07-15,1.0,True
short_interest_days_to_cover,CRWD,OK,2019-07-31,1.0,True
short_interest_days_to_cover,CRWD,OK,2019-08-15,1.45,True
short_interest_days_to_cover,CRWD,OK,2019-08-30,1.26,True
short_interest_days_to_cover,CRWD,OK,2019-09-13,1.0,True
short_interest_days_to_cover,CRWD,OK,2019-09-30,2.34,True
short_interest_days_to_cover,CRWD,OK,2019-10-15,2.36,True
short_interest_days_to_cover,CRWD,OK,2019-10-31,3.36,True
short_interest_days_to_cover,CSCO,OK,2017-12-29,3.35,True
short_interest_days_to_cover,CSCO,OK,2018-01-12,2.24,True
short_interest_days_to_cover,CSCO,OK,2018-01-31,2.34,True
short_interest_days_to_cover,CSCO,OK,2018-02-15,1.25,True
short_interest_days_to_cover,CSCO,OK,2018-02-28,1.96,True
short_interest_days_to_cover,CSCO,OK,2018-03-15,2.41,True
short_interest_days_to_cover,CSCO,OK,2018-03-29,1.42,True
short_interest_days_to_cover,CSCO,OK,2018-04-13,1.78,True
short_interest_days_to_cover,CSCO,OK,2018-04-30,2.44,True
short_interest_days_to_cover,CSCO,OK,2018-05-15,2.69,True
short_interest_days_to_cover,CSGP,OK,2017-12-29,3.15,True
short_interest_days_to_cover,CSGP,OK,2018-01-12,3.91,True
short_interest_days_to_cover,CSGP,OK,2018-01-31,2.7,True
short_interest_days_to_cover,CSGP,OK,2018-02-15,3.22,True
short_interest_days_to_cover,CSGP,OK,2018-02-28,2.84,True
short_interest_days_to_cover,CSGP,OK,2018-03-15,3.64,True
short_interest_days_to_cover,CSGP,OK,2018-03-29,2.43,True
short_interest_days_to_cover,CSGP,OK,2018-04-13,4.11,True
short_interest_days_to_cover,CSGP,OK,2018-04-30,2.65,True
short_interest_days_to_cover,CSGP,OK,2018-05-15,3.98,True
short_interest_days_to_cover,CSX,OK,2017-12-29,1.61,True
short_interest_days_to_cover,CSX,OK,2018-01-12,2.73,True
short_interest_days_to_cover,CSX,OK,2018-01-31,1.86,True
short_interest_days_to_cover,CSX,OK,2018-02-15,1.76,True
short_interest_days_to_cover,CSX,OK,2018-02-28,2.31,True
short_interest_days_to_cover,CSX,OK,2018-03-15,2.66,True
short_interest_days_to_cover,CSX,OK,2018-03-29,2.91,True
short_interest_days_to_cover,CSX,OK,2018-04-13,2.68,True
short_interest_days_to_cover,CSX,OK,2018-04-30,2.23,True
short_interest_days_to_cover,CSX,OK,2018-05-15,3.12,True
short_interest_days_to_cover,CTAS,OK,2017-12-29,4.74,True
short_interest_days_to_cover,CTAS,OK,2018-01-12,7.22,True
short_interest_days_to_cover,CTAS,OK,2018-01-31,7.25,True
short_interest_days_to_cover,CTAS,OK,2018-02-15,5.1,True
short_interest_days_to_cover,CTAS,OK,2018-02-28,6.48,True
short_interest_days_to_cover,CTAS,OK,2018-03-15,8.14,True
short_interest_days_to_cover,CTAS,OK,2018-03-29,4.73,True
short_interest_days_to_cover,CTAS,OK,2018-04-13,8.02,True
short_interest_days_to_cover,CTAS,OK,2018-04-30,9.26,True
short_interest_days_to_cover,CTAS,OK,2018-05-15,9.06,True
short_interest_days_to_cover,CTSH,OK,2017-12-29,2.57,True
short_interest_days_to_cover,CTSH,OK,2018-01-12,2.27,True
short_interest_days_to_cover,CTSH,OK,2018-01-31,2.3,True
short_interest_days_to_cover,CTSH,OK,2018-02-15,1.68,True
short_interest_days_to_cover,CTSH,OK,2018-02-28,2.68,True
short_interest_days_to_cover,CTSH,OK,2018-03-15,4.2,True
short_interest_days_to_cover,CTSH,OK,2018-03-29,2.59,True
short_interest_days_to_cover,CTSH,OK,2018-04-13,2.83,True
short_interest_days_to_cover,CTSH,OK,2018-04-30,3.2,True
short_interest_days_to_cover,CTSH,OK,2018-05-15,1.62,True
short_interest_days_to_cover,CTVA,OK,2019-06-14,1.0,True
short_interest_days_to_cover,CTVA,OK,2019-06-28,1.0,True
short_interest_days_to_cover,CTVA,OK,2019-07-15,2.25,True
short_interest_days_to_cover,CTVA,OK,2019-07-31,2.19,True
short_interest_days_to_cover,CTVA,OK,2019-08-15,1.62,True
short_interest_days_to_cover,CTVA,OK,2019-08-30,2.64,True
short_interest_days_to_cover,CTVA,OK,2019-09-13,2.6,True
short_interest_days_to_cover,CTVA,OK,2019-09-30,2.37,True
short_interest_days_to_cover,CTVA,OK,2019-10-15,2.13,True
short_interest_days_to_cover,CTVA,OK,2019-10-31,3.54,True
short_interest_days_to_cover,CVNA,OK,2017-12-29,18.17,True
short_interest_days_to_cover,CVNA,OK,2018-01-12,17.43,True
short_interest_days_to_cover,CVNA,OK,2018-01-31,26.69,True
short_interest_days_to_cover,CVNA,OK,2018-02-15,20.39,True
short_interest_days_to_cover,CVNA,OK,2018-02-28,24.69,True
short_interest_days_to_cover,CVNA,OK,2018-03-15,10.59,True
short_interest_days_to_cover,CVNA,OK,2018-03-29,26.14,True
short_interest_days_to_cover,CVNA,OK,2018-04-13,26.21,True
short_interest_days_to_cover,CVNA,OK,2018-04-30,5.54,True
short_interest_days_to_cover,CVNA,OK,2018-05-15,7.16,True
short_interest_days_to_cover,CVS,OK,2017-12-29,4.24,True
short_interest_days_to_cover,CVS,OK,2018-01-12,4.07,True
short_interest_days_to_cover,CVS,OK,2018-01-31,4.48,True
short_interest_days_to_cover,CVS,OK,2018-02-15,4.03,True
short_interest_days_to_cover,CVS,OK,2018-02-28,5.18,True
short_interest_days_to_cover,CVS,OK,2018-03-15,5.35,True
short_interest_days_to_cover,CVS,OK,2018-03-29,4.63,True
short_interest_days_to_cover,CVS,OK,2018-04-13,6.39,True
short_interest_days_to_cover,CVS,OK,2018-04-30,4.47,True
short_interest_days_to_cover,CVS,OK,2018-05-15,3.89,True
short_interest_days_to_cover,CVX,OK,2017-12-29,4.55,True
short_interest_days_to_cover,CVX,OK,2018-01-12,3.93,True
short_interest_days_to_cover,CVX,OK,2018-01-31,3.5,True
short_interest_days_to_cover,CVX,OK,2018-02-15,2.16,True
short_interest_days_to_cover,CVX,OK,2018-02-28,3.11,True
short_interest_days_to_cover,CVX,OK,2018-03-15,3.57,True
short_interest_days_to_cover,CVX,OK,2018-03-29,3.15,True
short_interest_days_to_cover,CVX,OK,2018-04-13,3.47,True
short_interest_days_to_cover,CVX,OK,2018-04-30,3.0,True
short_interest_days_to_cover,CVX,OK,2018-05-15,3.21,True
short_interest_days_to_cover,CYATY,OK,2025-07-15,1.0,True
short_interest_days_to_cover,CYATY,OK,2025-07-31,1.0,True
short_interest_days_to_cover,CYATY,OK,2025-08-15,1.0,True
short_interest_days_to_cover,CYATY,OK,2025-08-29,1.0,True
short_interest_days_to_cover,CYATY,OK,2025-09-15,1.0,True
short_interest_days_to_cover,CYATY,OK,2025-09-30,1.22,True
short_interest_days_to_cover,CYATY,OK,2025-10-15,1.0,True
short_interest_days_to_cover,CYATY,OK,2025-10-31,1.0,True
short_interest_days_to_cover,CYATY,OK,2025-11-14,1.0,True
short_interest_days_to_cover,CYATY,OK,2025-11-28,1.08,True
short_interest_days_to_cover,D,OK,2017-12-29,6.58,True
short_interest_days_to_cover,D,OK,2018-01-12,3.45,True
short_interest_days_to_cover,D,OK,2018-01-31,3.78,True
short_interest_days_to_cover,D,OK,2018-02-15,4.4,True
short_interest_days_to_cover,D,OK,2018-02-28,5.06,True
short_interest_days_to_cover,D,OK,2018-03-15,4.22,True
short_interest_days_to_cover,D,OK,2018-03-29,2.55,True
short_interest_days_to_cover,D,OK,2018-04-13,5.07,True
short_interest_days_to_cover,D,OK,2018-04-30,6.12,True
short_interest_days_to_cover,D,OK,2018-05-15,8.26,True
short_interest_days_to_cover,DAL,OK,2017-12-29,2.44,True
short_interest_days_to_cover,DAL,OK,2018-01-12,1.56,True
short_interest_days_to_cover,DAL,OK,2018-01-31,1.5,True
short_interest_days_to_cover,DAL,OK,2018-02-15,1.34,True
short_interest_days_to_cover,DAL,OK,2018-02-28,2.37,True
short_interest_days_to_cover,DAL,OK,2018-03-15,2.87,True
short_interest_days_to_cover,DAL,OK,2018-03-29,2.73,True
short_interest_days_to_cover,DAL,OK,2018-04-13,1.43,True
short_interest_days_to_cover,DAL,OK,2018-04-30,2.06,True
short_interest_days_to_cover,DAL,OK,2018-05-15,2.08,True
short_interest_days_to_cover,DASH,OK,2020-12-15,1.0,True
short_interest_days_to_cover,DASH,OK,2020-12-31,2.62,True
short_interest_days_to_cover,DASH,OK,2021-01-15,3.17,True
short_interest_days_to_cover,DASH,OK,2021-01-29,3.15,True
short_interest_days_to_cover,DASH,OK,2021-02-12,5.29,True
short_interest_days_to_cover,DASH,OK,2021-02-26,4.3,True
short_interest_days_to_cover,DASH,OK,2021-03-15,2.2,True
short_interest_days_to_cover,DASH,OK,2021-03-31,6.47,True
short_interest_days_to_cover,DASH,OK,2021-04-15,4.68,True
short_interest_days_to_cover,DASH,OK,2021-04-30,7.59,True
short_interest_days_to_cover,DB,OK,2017-12-29,11.22,True
short_interest_days_to_cover,DB,OK,2018-01-12,6.6,True
short_interest_days_to_cover,DB,OK,2018-01-31,8.49,True
short_interest_days_to_cover,DB,OK,2018-02-15,4.69,True
short_interest_days_to_cover,DB,OK,2018-02-28,10.01,True
short_interest_days_to_cover,DB,OK,2018-03-15,9.15,True
short_interest_days_to_cover,DB,OK,2018-03-29,6.09,True
short_interest_days_to_cover,DB,OK,2018-04-13,10.88,True
short_interest_days_to_cover,DB,OK,2018-04-30,11.16,True
short_interest_days_to_cover,DB,OK,2018-05-15,13.65,True
short_interest_days_to_cover,DD,OK,2019-06-14,1.0,True
short_interest_days_to_cover,DD,OK,2019-06-28,1.37,True
short_interest_days_to_cover,DD,OK,2019-07-15,1.6,True
short_interest_days_to_cover,DD,OK,2019-07-31,2.18,True
short_interest_days_to_cover,DD,OK,2019-08-15,1.71,True
short_interest_days_to_cover,DD,OK,2019-08-30,1.62,True
short_interest_days_to_cover,DD,OK,2019-09-13,2.4,True
short_interest_days_to_cover,DD,OK,2019-09-30,1.99,True
short_interest_days_to_cover,DD,OK,2019-10-15,1.67,True
short_interest_days_to_cover,DD,OK,2019-10-31,2.0,True
short_interest_days_to_cover,DDOG,OK,2019-09-30,1.0,True
short_interest_days_to_cover,DDOG,OK,2019-10-15,1.4,True
short_interest_days_to_cover,DDOG,OK,2019-10-31,2.52,True
short_interest_days_to_cover,DDOG,OK,2019-11-15,2.21,True
short_interest_days_to_cover,DDOG,OK,2019-11-29,3.67,True
short_interest_days_to_cover,DDOG,OK,2019-12-13,2.41,True
short_interest_days_to_cover,DDOG,OK,2019-12-31,1.85,True
short_interest_days_to_cover,DDOG,OK,2020-01-15,1.32,True
short_interest_days_to_cover,DDOG,OK,2020-01-31,1.65,True
short_interest_days_to_cover,DDOG,OK,2020-02-14,2.02,True
short_interest_days_to_cover,DE,OK,2017-12-29,5.11,True
short_interest_days_to_cover,DE,OK,2018-01-12,3.47,True
short_interest_days_to_cover,DE,OK,2018-01-31,4.58,True
short_interest_days_to_cover,DE,OK,2018-02-15,2.68,True
short_interest_days_to_cover,DE,OK,2018-02-28,2.67,True
short_interest_days_to_cover,DE,OK,2018-03-15,2.71,True
short_interest_days_to_cover,DE,OK,2018-03-29,2.62,True
short_interest_days_to_cover,DE,OK,2018-04-13,2.73,True
short_interest_days_to_cover,DE,OK,2018-04-30,2.89,True
short_interest_days_to_cover,DE,OK,2018-05-15,3.35,True
short_interest_days_to_cover,DECK,OK,2017-12-29,12.05,True
short_interest_days_to_cover,DECK,OK,2018-01-12,10.25,True
short_interest_days_to_cover,DECK,OK,2018-01-31,5.91,True
short_interest_days_to_cover,DECK,OK,2018-02-15,3.25,True
short_interest_days_to_cover,DECK,OK,2018-02-28,5.17,True
short_interest_days_to_cover,DECK,OK,2018-03-15,2.77,True
short_interest_days_to_cover,DECK,OK,2018-03-29,4.46,True
short_interest_days_to_cover,DECK,OK,2018-04-13,5.31,True
short_interest_days_to_cover,DECK,OK,2018-04-30,8.0,True
short_interest_days_to_cover,DECK,OK,2018-05-15,7.52,True
short_interest_days_to_cover,DELL,OK,2018-12-31,8.87,True
short_interest_days_to_cover,DELL,OK,2019-01-15,1.36,True
short_interest_days_to_cover,DELL,OK,2019-01-31,1.62,True
short_interest_days_to_cover,DELL,OK,2019-02-15,2.39,True
short_interest_days_to_cover,DELL,OK,2019-02-28,2.41,True
short_interest_days_to_cover,DELL,OK,2019-03-15,1.69,True
short_interest_days_to_cover,DELL,OK,2019-03-29,2.6,True
short_interest_days_to_cover,DELL,OK,2019-04-15,2.59,True
short_interest_days_to_cover,DELL,OK,2019-04-30,3.16,True
short_interest_days_to_cover,DELL,OK,2019-05-15,3.07,True
short_interest_days_to_cover,DG,OK,2017-12-29,2.36,True
short_interest_days_to_cover,DG,OK,2018-01-12,2.38,True
short_interest_days_to_cover,DG,OK,2018-01-31,2.5,True
short_interest_days_to_cover,DG,OK,2018-02-15,2.06,True
short_interest_days_to_cover,DG,OK,2018-02-28,3.55,True
short_interest_days_to_cover,DG,OK,2018-03-15,1.55,True
short_interest_days_to_cover,DG,OK,2018-03-29,1.71,True
short_interest_days_to_cover,DG,OK,2018-04-13,1.83,True
short_interest_days_to_cover,DG,OK,2018-04-30,2.37,True
short_interest_days_to_cover,DG,OK,2018-05-15,2.47,True
short_interest_days_to_cover,DGX,OK,2017-12-29,6.87,True
short_interest_days_to_cover,DGX,OK,2018-01-12,6.77,True
short_interest_days_to_cover,DGX,OK,2018-01-31,6.72,True
short_interest_days_to_cover,DGX,OK,2018-02-15,3.91,True
short_interest_days_to_cover,DGX,OK,2018-02-28,5.38,True
short_interest_days_to_cover,DGX,OK,2018-03-15,5.95,True
short_interest_days_to_cover,DGX,OK,2018-03-29,5.85,True
short_interest_days_to_cover,DGX,OK,2018-04-13,4.63,True
short_interest_days_to_cover,DGX,OK,2018-04-30,3.17,True
short_interest_days_to_cover,DGX,OK,2018-05-15,5.49,True
short_interest_days_to_cover,DHI,OK,2017-12-29,4.58,True
short_interest_days_to_cover,DHI,OK,2018-01-12,3.39,True
short_interest_days_to_cover,DHI,OK,2018-01-31,1.61,True
short_interest_days_to_cover,DHI,OK,2018-02-15,1.23,True
short_interest_days_to_cover,DHI,OK,2018-02-28,1.57,True
short_interest_days_to_cover,DHI,OK,2018-03-15,2.07,True
short_interest_days_to_cover,DHI,OK,2018-03-29,2.85,True
short_interest_days_to_cover,DHI,OK,2018-04-13,2.24,True
short_interest_days_to_cover,DHI,OK,2018-04-30,2.39,True
short_interest_days_to_cover,DHI,OK,2018-05-15,2.14,True
short_interest_days_to_cover,DHR,OK,2017-12-29,3.03,True
short_interest_days_to_cover,DHR,OK,2018-01-12,2.8,True
short_interest_days_to_cover,DHR,OK,2018-01-31,2.66,True
short_interest_days_to_cover,DHR,OK,2018-02-15,1.75,True
short_interest_days_to_cover,DHR,OK,2018-02-28,2.24,True
short_interest_days_to_cover,DHR,OK,2018-03-15,3.09,True
short_interest_days_to_cover,DHR,OK,2018-03-29,2.69,True
short_interest_days_to_cover,DHR,OK,2018-04-13,3.23,True
short_interest_days_to_cover,DHR,OK,2018-04-30,2.4,True
short_interest_days_to_cover,DHR,OK,2018-05-15,2.6,True
short_interest_days_to_cover,DIS,OK,2017-12-29,2.88,True
short_interest_days_to_cover,DIS,OK,2018-01-12,3.32,True
short_interest_days_to_cover,DIS,OK,2018-01-31,3.03,True
short_interest_days_to_cover,DIS,OK,2018-02-15,2.34,True
short_interest_days_to_cover,DIS,OK,2018-02-28,3.14,True
short_interest_days_to_cover,DIS,OK,2018-03-15,4.39,True
short_interest_days_to_cover,DIS,OK,2018-03-29,3.8,True
short_interest_days_to_cover,DIS,OK,2018-04-13,4.47,True
short_interest_days_to_cover,DIS,OK,2018-04-30,4.03,True
short_interest_days_to_cover,DIS,OK,2018-05-15,3.01,True
short_interest_days_to_cover,DLR,OK,2017-12-29,6.32,True
short_interest_days_to_cover,DLR,OK,2018-01-12,5.47,True
short_interest_days_to_cover,DLR,OK,2018-01-31,4.31,True
short_interest_days_to_cover,DLR,OK,2018-02-15,3.63,True
short_interest_days_to_cover,DLR,OK,2018-02-28,3.99,True
short_interest_days_to_cover,DLR,OK,2018-03-15,5.46,True
short_interest_days_to_cover,DLR,OK,2018-03-29,5.42,True
short_interest_days_to_cover,DLR,OK,2018-04-13,7.06,True
short_interest_days_to_cover,DLR,OK,2018-04-30,7.04,True
short_interest_days_to_cover,DLR,OK,2018-05-15,5.52,True
short_interest_days_to_cover,DLTR,OK,2017-12-29,2.86,True
short_interest_days_to_cover,DLTR,OK,2018-01-12,2.59,True
short_interest_days_to_cover,DLTR,OK,2018-01-31,2.18,True
short_interest_days_to_cover,DLTR,OK,2018-02-15,1.77,True
short_interest_days_to_cover,DLTR,OK,2018-02-28,1.82,True
short_interest_days_to_cover,DLTR,OK,2018-03-15,1.0,True
short_interest_days_to_cover,DLTR,OK,2018-03-29,2.16,True
short_interest_days_to_cover,DLTR,OK,2018-04-13,3.02,True
short_interest_days_to_cover,DLTR,OK,2018-04-30,2.91,True
short_interest_days_to_cover,DLTR,OK,2018-05-15,2.38,True
short_interest_days_to_cover,DOC,OK,2017-12-29,2.35,True
short_interest_days_to_cover,DOC,OK,2018-01-12,3.18,True
short_interest_days_to_cover,DOC,OK,2018-01-31,3.07,True
short_interest_days_to_cover,DOC,OK,2018-02-15,2.36,True
short_interest_days_to_cover,DOC,OK,2018-02-28,3.23,True
short_interest_days_to_cover,DOC,OK,2018-03-15,3.84,True
short_interest_days_to_cover,DOC,OK,2018-03-29,2.86,True
short_interest_days_to_cover,DOC,OK,2018-04-13,3.34,True
short_interest_days_to_cover,DOC,OK,2018-04-30,3.04,True
short_interest_days_to_cover,DOC,OK,2018-05-15,2.6,True
short_interest_days_to_cover,DOV,OK,2017-12-29,4.72,True
short_interest_days_to_cover,DOV,OK,2018-01-12,4.84,True
short_interest_days_to_cover,DOV,OK,2018-01-31,2.74,True
short_interest_days_to_cover,DOV,OK,2018-02-15,2.66,True
short_interest_days_to_cover,DOV,OK,2018-02-28,3.59,True
short_interest_days_to_cover,DOV,OK,2018-03-15,4.4,True
short_interest_days_to_cover,DOV,OK,2018-03-29,1.52,True
short_interest_days_to_cover,DOV,OK,2018-04-13,2.09,True
short_interest_days_to_cover,DOV,OK,2018-04-30,1.19,True
short_interest_days_to_cover,DOV,OK,2018-05-15,1.38,True
short_interest_days_to_cover,DOW,OK,2019-04-15,1.0,True
short_interest_days_to_cover,DOW,OK,2019-04-30,1.34,True
short_interest_days_to_cover,DOW,OK,2019-05-15,1.15,True
short_interest_days_to_cover,DOW,OK,2019-05-31,1.59,True
short_interest_days_to_cover,DOW,OK,2019-06-14,1.28,True
short_interest_days_to_cover,DOW,OK,2019-06-28,1.14,True
short_interest_days_to_cover,DOW,OK,2019-07-15,1.58,True
short_interest_days_to_cover,DOW,OK,2019-07-31,1.71,True
short_interest_days_to_cover,DOW,OK,2019-08-15,1.88,True
short_interest_days_to_cover,DOW,OK,2019-08-30,2.06,True
short_interest_days_to_cover,DPZ,OK,2017-12-29,6.43,True
short_interest_days_to_cover,DPZ,OK,2018-01-12,3.79,True
short_interest_days_to_cover,DPZ,OK,2018-01-31,5.42,True
short_interest_days_to_cover,DPZ,OK,2018-02-15,3.99,True
short_interest_days_to_cover,DPZ,OK,2018-02-28,1.86,True
short_interest_days_to_cover,DPZ,OK,2018-03-15,4.58,True
short_interest_days_to_cover,DPZ,OK,2018-03-29,4.42,True
short_interest_days_to_cover,DPZ,OK,2018-04-13,5.44,True
short_interest_days_to_cover,DPZ,OK,2018-04-30,3.81,True
short_interest_days_to_cover,DPZ,OK,2018-05-15,5.44,True
short_interest_days_to_cover,DRI,OK,2017-12-29,3.27,True
short_interest_days_to_cover,DRI,OK,2018-01-12,3.84,True
short_interest_days_to_cover,DRI,OK,2018-01-31,5.43,True
short_interest_days_to_cover,DRI,OK,2018-02-15,3.85,True
short_interest_days_to_cover,DRI,OK,2018-02-28,4.98,True
short_interest_days_to_cover,DRI,OK,2018-03-15,5.07,True
short_interest_days_to_cover,DRI,OK,2018-03-29,3.12,True
short_interest_days_to_cover,DRI,OK,2018-04-13,3.86,True
short_interest_days_to_cover,DRI,OK,2018-04-30,4.82,True
short_interest_days_to_cover,DRI,OK,2018-05-15,4.7,True
short_interest_days_to_cover,DTE,OK,2017-12-29,5.17,True
short_interest_days_to_cover,DTE,OK,2018-01-12,4.16,True
short_interest_days_to_cover,DTE,OK,2018-01-31,3.62,True
short_interest_days_to_cover,DTE,OK,2018-02-15,3.28,True
short_interest_days_to_cover,DTE,OK,2018-02-28,3.94,True
short_interest_days_to_cover,DTE,OK,2018-03-15,5.15,True
short_interest_days_to_cover,DTE,OK,2018-03-29,3.95,True
short_interest_days_to_cover,DTE,OK,2018-04-13,6.2,True
short_interest_days_to_cover,DTE,OK,2018-04-30,4.23,True
short_interest_days_to_cover,DTE,OK,2018-05-15,3.7,True
short_interest_days_to_cover,DTEGY,OK,2017-12-29,3.06,True
short_interest_days_to_cover,DTEGY,OK,2018-01-12,2.72,True
short_interest_days_to_cover,DTEGY,OK,2018-01-31,3.04,True
short_interest_days_to_cover,DTEGY,OK,2018-02-15,1.0,True
short_interest_days_to_cover,DTEGY,OK,2018-02-28,1.0,True
short_interest_days_to_cover,DTEGY,OK,2018-03-15,1.0,True
short_interest_days_to_cover,DTEGY,OK,2018-03-29,1.0,True
short_interest_days_to_cover,DTEGY,OK,2018-04-13,1.0,True
short_interest_days_to_cover,DTEGY,OK,2018-04-30,1.0,True
short_interest_days_to_cover,DTEGY,OK,2018-05-15,1.0,True
short_interest_days_to_cover,DUK,OK,2017-12-29,3.74,True
short_interest_days_to_cover,DUK,OK,2018-01-12,2.77,True
short_interest_days_to_cover,DUK,OK,2018-01-31,2.63,True
short_interest_days_to_cover,DUK,OK,2018-02-15,2.05,True
short_interest_days_to_cover,DUK,OK,2018-02-28,2.73,True
short_interest_days_to_cover,DUK,OK,2018-03-15,4.54,True
short_interest_days_to_cover,DUK,OK,2018-03-29,5.36,True
short_interest_days_to_cover,DUK,OK,2018-04-13,6.46,True
short_interest_days_to_cover,DUK,OK,2018-04-30,8.31,True
short_interest_days_to_cover,DUK,OK,2018-05-15,6.05,True
short_interest_days_to_cover,DVA,OK,2017-12-29,3.83,True
short_interest_days_to_cover,DVA,OK,2018-01-12,2.89,True
short_interest_days_to_cover,DVA,OK,2018-01-31,3.7,True
short_interest_days_to_cover,DVA,OK,2018-02-15,2.63,True
short_interest_days_to_cover,DVA,OK,2018-02-28,3.57,True
short_interest_days_to_cover,DVA,OK,2018-03-15,2.47,True
short_interest_days_to_cover,DVA,OK,2018-03-29,3.04,True
short_interest_days_to_cover,DVA,OK,2018-04-13,3.96,True
short_interest_days_to_cover,DVA,OK,2018-04-30,5.7,True
short_interest_days_to_cover,DVA,OK,2018-05-15,3.88,True
short_interest_days_to_cover,DVN,OK,2017-12-29,3.0,True
short_interest_days_to_cover,DVN,OK,2018-01-12,2.63,True
short_interest_days_to_cover,DVN,OK,2018-01-31,3.02,True
short_interest_days_to_cover,DVN,OK,2018-02-15,1.69,True
short_interest_days_to_cover,DVN,OK,2018-02-28,1.07,True
short_interest_days_to_cover,DVN,OK,2018-03-15,2.07,True
short_interest_days_to_cover,DVN,OK,2018-03-29,2.1,True
short_interest_days_to_cover,DVN,OK,2018-04-13,1.87,True
short_interest_days_to_cover,DVN,OK,2018-04-30,1.36,True
short_interest_days_to_cover,DVN,OK,2018-05-15,1.44,True
short_interest_days_to_cover,DXCM,OK,2017-12-29,14.25,True
short_interest_days_to_cover,DXCM,OK,2018-01-12,5.24,True
short_interest_days_to_cover,DXCM,OK,2018-01-31,11.35,True
short_interest_days_to_cover,DXCM,OK,2018-02-15,15.05,True
short_interest_days_to_cover,DXCM,OK,2018-02-28,12.36,True
short_interest_days_to_cover,DXCM,OK,2018-03-15,10.34,True
short_interest_days_to_cover,DXCM,OK,2018-03-29,9.85,True
short_interest_days_to_cover,DXCM,OK,2018-04-13,9.5,True
short_interest_days_to_cover,DXCM,OK,2018-04-30,14.7,True
short_interest_days_to_cover,DXCM,OK,2018-05-15,6.08,True
short_interest_days_to_cover,E,OK,2017-12-29,4.93,True
short_interest_days_to_cover,E,OK,2018-01-12,3.32,True
short_interest_days_to_cover,E,OK,2018-01-31,4.05,True
short_interest_days_to_cover,E,OK,2018-02-15,1.98,True
short_interest_days_to_cover,E,OK,2018-02-28,2.62,True
short_interest_days_to_cover,E,OK,2018-03-15,1.56,True
short_interest_days_to_cover,E,OK,2018-03-29,2.98,True
short_interest_days_to_cover,E,OK,2018-04-13,1.98,True
short_interest_days_to_cover,E,OK,2018-04-30,1.73,True
short_interest_days_to_cover,E,OK,2018-05-15,1.0,True
short_interest_days_to_cover,EA,OK,2017-12-29,3.32,True
short_interest_days_to_cover,EA,OK,2018-01-12,1.87,True
short_interest_days_to_cover,EA,OK,2018-01-31,1.29,True
short_interest_days_to_cover,EA,OK,2018-02-15,1.32,True
short_interest_days_to_cover,EA,OK,2018-02-28,2.08,True
short_interest_days_to_cover,EA,OK,2018-03-15,2.16,True
short_interest_days_to_cover,EA,OK,2018-03-29,2.15,True
short_interest_days_to_cover,EA,OK,2018-04-13,2.21,True
short_interest_days_to_cover,EA,OK,2018-04-30,2.12,True
short_interest_days_to_cover,EA,OK,2018-05-15,1.59,True
short_interest_days_to_cover,EBAY,OK,2017-12-29,4.85,True
short_interest_days_to_cover,EBAY,OK,2018-01-12,3.28,True
short_interest_days_to_cover,EBAY,OK,2018-01-31,3.36,True
short_interest_days_to_cover,EBAY,OK,2018-02-15,2.05,True
short_interest_days_to_cover,EBAY,OK,2018-02-28,3.23,True
short_interest_days_to_cover,EBAY,OK,2018-03-15,3.62,True
short_interest_days_to_cover,EBAY,OK,2018-03-29,2.49,True
short_interest_days_to_cover,EBAY,OK,2018-04-13,3.9,True
short_interest_days_to_cover,EBAY,OK,2018-04-30,2.66,True
short_interest_days_to_cover,EBAY,OK,2018-05-15,3.71,True
short_interest_days_to_cover,ECL,OK,2017-12-29,7.61,True
short_interest_days_to_cover,ECL,OK,2018-01-12,7.29,True
short_interest_days_to_cover,ECL,OK,2018-01-31,5.83,True
short_interest_days_to_cover,ECL,OK,2018-02-15,4.05,True
short_interest_days_to_cover,ECL,OK,2018-02-28,5.64,True
short_interest_days_to_cover,ECL,OK,2018-03-15,5.3,True
short_interest_days_to_cover,ECL,OK,2018-03-29,5.72,True
short_interest_days_to_cover,ECL,OK,2018-04-13,5.71,True
short_interest_days_to_cover,ECL,OK,2018-04-30,4.9,True
short_interest_days_to_cover,ECL,OK,2018-05-15,6.2,True
short_interest_days_to_cover,ED,OK,2017-12-29,7.12,True
short_interest_days_to_cover,ED,OK,2018-01-12,5.53,True
short_interest_days_to_cover,ED,OK,2018-01-31,3.88,True
short_interest_days_to_cover,ED,OK,2018-02-15,3.63,True
short_interest_days_to_cover,ED,OK,2018-02-28,4.6,True
short_interest_days_to_cover,ED,OK,2018-03-15,5.09,True
short_interest_days_to_cover,ED,OK,2018-03-29,5.76,True
short_interest_days_to_cover,ED,OK,2018-04-13,6.41,True
short_interest_days_to_cover,ED,OK,2018-04-30,8.83,True
short_interest_days_to_cover,ED,OK,2018-05-15,8.07,True
short_interest_days_to_cover,EFX,OK,2017-12-29,5.32,True
short_interest_days_to_cover,EFX,OK,2018-01-12,2.42,True
short_interest_days_to_cover,EFX,OK,2018-01-31,2.87,True
short_interest_days_to_cover,EFX,OK,2018-02-15,2.2,True
short_interest_days_to_cover,EFX,OK,2018-02-28,1.92,True
short_interest_days_to_cover,EFX,OK,2018-03-15,1.92,True
short_interest_days_to_cover,EFX,OK,2018-03-29,2.09,True
short_interest_days_to_cover,EFX,OK,2018-04-13,2.54,True
short_interest_days_to_cover,EFX,OK,2018-04-30,2.57,True
short_interest_days_to_cover,EFX,OK,2018-05-15,2.29,True
short_interest_days_to_cover,EG,OK,2023-07-14,2.33,True
short_interest_days_to_cover,EG,OK,2023-07-31,1.3,True
short_interest_days_to_cover,EG,OK,2023-08-15,1.75,True
short_interest_days_to_cover,EG,OK,2023-08-31,2.36,True
short_interest_days_to_cover,EG,OK,2023-09-15,1.45,True
short_interest_days_to_cover,EG,OK,2023-09-29,1.22,True
short_interest_days_to_cover,EG,OK,2023-10-13,2.0,True
short_interest_days_to_cover,EG,OK,2023-10-31,1.18,True
short_interest_days_to_cover,EG,OK,2023-11-15,1.0,True
short_interest_days_to_cover,EG,OK,2023-11-30,1.0,True
short_interest_days_to_cover,EIX,OK,2017-12-29,1.0,True
short_interest_days_to_cover,EIX,OK,2018-01-12,1.47,True
short_interest_days_to_cover,EIX,OK,2018-01-31,1.68,True
short_interest_days_to_cover,EIX,OK,2018-02-15,1.42,True
short_interest_days_to_cover,EIX,OK,2018-02-28,1.48,True
short_interest_days_to_cover,EIX,OK,2018-03-15,1.76,True
short_interest_days_to_cover,EIX,OK,2018-03-29,2.1,True
short_interest_days_to_cover,EIX,OK,2018-04-13,3.39,True
short_interest_days_to_cover,EIX,OK,2018-04-30,3.51,True
short_interest_days_to_cover,EIX,OK,2018-05-15,3.21,True
short_interest_days_to_cover,EL,OK,2017-12-29,3.98,True
short_interest_days_to_cover,EL,OK,2018-01-12,2.85,True
short_interest_days_to_cover,EL,OK,2018-01-31,3.14,True
short_interest_days_to_cover,EL,OK,2018-02-15,1.87,True
short_interest_days_to_cover,EL,OK,2018-02-28,3.53,True
short_interest_days_to_cover,EL,OK,2018-03-15,3.16,True
short_interest_days_to_cover,EL,OK,2018-03-29,3.2,True
short_interest_days_to_cover,EL,OK,2018-04-13,3.49,True
short_interest_days_to_cover,EL,OK,2018-04-30,3.4,True
short_interest_days_to_cover,EL,OK,2018-05-15,2.68,True
short_interest_days_to_cover,ELV,OK,2022-06-30,1.61,True
short_interest_days_to_cover,ELV,OK,2022-07-15,2.69,True
short_interest_days_to_cover,ELV,OK,2022-07-29,1.92,True
short_interest_days_to_cover,ELV,OK,2022-08-15,2.83,True
short_interest_days_to_cover,ELV,OK,2022-08-31,2.9,True
short_interest_days_to_cover,ELV,OK,2022-09-15,3.2,True
short_interest_days_to_cover,ELV,OK,2022-09-30,2.8,True
short_interest_days_to_cover,ELV,OK,2022-10-14,2.8,True
short_interest_days_to_cover,ELV,OK,2022-10-31,1.73,True
short_interest_days_to_cover,ELV,OK,2022-11-15,1.56,True
short_interest_days_to_cover,EME,OK,2017-12-29,3.74,True
short_interest_days_to_cover,EME,OK,2018-01-12,1.31,True
short_interest_days_to_cover,EME,OK,2018-01-31,1.5,True
short_interest_days_to_cover,EME,OK,2018-02-15,1.52,True
short_interest_days_to_cover,EME,OK,2018-02-28,1.93,True
short_interest_days_to_cover,EME,OK,2018-03-15,2.1,True
short_interest_days_to_cover,EME,OK,2018-03-29,2.24,True
short_interest_days_to_cover,EME,OK,2018-04-13,1.61,True
short_interest_days_to_cover,EME,OK,2018-04-30,1.91,True
short_interest_days_to_cover,EME,OK,2018-05-15,3.02,True
short_interest_days_to_cover,EMR,OK,2017-12-29,2.73,True
short_interest_days_to_cover,EMR,OK,2018-01-12,2.64,True
short_interest_days_to_cover,EMR,OK,2018-01-31,2.08,True
short_interest_days_to_cover,EMR,OK,2018-02-15,1.63,True
short_interest_days_to_cover,EMR,OK,2018-02-28,1.85,True
short_interest_days_to_cover,EMR,OK,2018-03-15,1.81,True
short_interest_days_to_cover,EMR,OK,2018-03-29,1.86,True
short_interest_days_to_cover,EMR,OK,2018-04-13,2.1,True
short_interest_days_to_cover,EMR,OK,2018-04-30,2.14,True
short_interest_days_to_cover,EMR,OK,2018-05-15,2.06,True
short_interest_days_to_cover,ENB,OK,2017-12-29,11.46,True
short_interest_days_to_cover,ENB,OK,2018-01-12,9.52,True
short_interest_days_to_cover,ENB,OK,2018-01-31,7.72,True
short_interest_days_to_cover,ENB,OK,2018-02-15,5.89,True
short_interest_days_to_cover,ENB,OK,2018-02-28,7.07,True
short_interest_days_to_cover,ENB,OK,2018-03-15,6.47,True
short_interest_days_to_cover,ENB,OK,2018-03-29,5.54,True
short_interest_days_to_cover,ENB,OK,2018-04-13,8.35,True
short_interest_days_to_cover,ENB,OK,2018-04-30,5.61,True
short_interest_days_to_cover,ENB,OK,2018-05-15,8.83,True
short_interest_days_to_cover,EOG,OK,2017-12-29,3.9,True
short_interest_days_to_cover,EOG,OK,2018-01-12,3.67,True
short_interest_days_to_cover,EOG,OK,2018-01-31,3.73,True
short_interest_days_to_cover,EOG,OK,2018-02-15,2.48,True
short_interest_days_to_cover,EOG,OK,2018-02-28,2.66,True
short_interest_days_to_cover,EOG,OK,2018-03-15,2.89,True
short_interest_days_to_cover,EOG,OK,2018-03-29,2.31,True
short_interest_days_to_cover,EOG,OK,2018-04-13,2.62,True
short_interest_days_to_cover,EOG,OK,2018-04-30,3.73,True
short_interest_days_to_cover,EOG,OK,2018-05-15,3.08,True
short_interest_days_to_cover,EPD,OK,2017-12-29,3.46,True
short_interest_days_to_cover,EPD,OK,2018-01-12,4.3,True
short_interest_days_to_cover,EPD,OK,2018-01-31,3.43,True
short_interest_days_to_cover,EPD,OK,2018-02-15,2.97,True
short_interest_days_to_cover,EPD,OK,2018-02-28,3.64,True
short_interest_days_to_cover,EPD,OK,2018-03-15,2.21,True
short_interest_days_to_cover,EPD,OK,2018-03-29,2.55,True
short_interest_days_to_cover,EPD,OK,2018-04-13,2.47,True
short_interest_days_to_cover,EPD,OK,2018-04-30,1.95,True
short_interest_days_to_cover,EPD,OK,2018-05-15,1.61,True
short_interest_days_to_cover,EQIX,OK,2017-12-29,4.6,True
short_interest_days_to_cover,EQIX,OK,2018-01-12,2.97,True
short_interest_days_to_cover,EQIX,OK,2018-01-31,2.18,True
short_interest_days_to_cover,EQIX,OK,2018-02-15,1.42,True
short_interest_days_to_cover,EQIX,OK,2018-02-28,1.36,True
short_interest_days_to_cover,EQIX,OK,2018-03-15,1.87,True
short_interest_days_to_cover,EQIX,OK,2018-03-29,2.07,True
short_interest_days_to_cover,EQIX,OK,2018-04-13,2.95,True
short_interest_days_to_cover,EQIX,OK,2018-04-30,2.95,True
short_interest_days_to_cover,EQIX,OK,2018-05-15,2.18,True
short_interest_days_to_cover,EQNR,OK,2018-05-31,3.77,True
short_interest_days_to_cover,EQNR,OK,2018-06-15,4.44,True
short_interest_days_to_cover,EQNR,OK,2018-06-29,3.94,True
short_interest_days_to_cover,EQNR,OK,2018-07-13,5.67,True
short_interest_days_to_cover,EQNR,OK,2018-07-31,4.67,True
short_interest_days_to_cover,EQNR,OK,2018-08-15,5.75,True
short_interest_days_to_cover,EQNR,OK,2018-08-31,5.59,True
short_interest_days_to_cover,EQNR,OK,2018-09-14,5.95,True
short_interest_days_to_cover,EQNR,OK,2018-09-28,5.79,True
short_interest_days_to_cover,EQNR,OK,2018-10-15,4.41,True
short_interest_days_to_cover,EQR,OK,2017-12-29,4.12,True
short_interest_days_to_cover,EQR,OK,2018-01-12,4.23,True
short_interest_days_to_cover,EQR,OK,2018-01-31,3.38,True
short_interest_days_to_cover,EQR,OK,2018-02-15,2.49,True
short_interest_days_to_cover,EQR,OK,2018-02-28,2.89,True
short_interest_days_to_cover,EQR,OK,2018-03-15,3.29,True
short_interest_days_to_cover,EQR,OK,2018-03-29,2.37,True
short_interest_days_to_cover,EQR,OK,2018-04-13,3.24,True
short_interest_days_to_cover,EQR,OK,2018-04-30,4.6,True
short_interest_days_to_cover,EQR,OK,2018-05-15,4.05,True
short_interest_days_to_cover,EQT,OK,2017-12-29,2.06,True
short_interest_days_to_cover,EQT,OK,2018-01-12,1.83,True
short_interest_days_to_cover,EQT,OK,2018-01-31,1.3,True
short_interest_days_to_cover,EQT,OK,2018-02-15,1.39,True
short_interest_days_to_cover,EQT,OK,2018-02-28,1.66,True
short_interest_days_to_cover,EQT,OK,2018-03-15,2.35,True
short_interest_days_to_cover,EQT,OK,2018-03-29,3.25,True
short_interest_days_to_cover,EQT,OK,2018-04-13,3.95,True
short_interest_days_to_cover,EQT,OK,2018-04-30,2.44,True
short_interest_days_to_cover,EQT,OK,2018-05-15,3.15,True
short_interest_days_to_cover,ERIE,OK,2017-12-29,5.94,True
short_interest_days_to_cover,ERIE,OK,2018-01-12,5.09,True
short_interest_days_to_cover,ERIE,OK,2018-01-31,5.03,True
short_interest_days_to_cover,ERIE,OK,2018-02-15,4.59,True
short_interest_days_to_cover,ERIE,OK,2018-02-28,5.42,True
short_interest_days_to_cover,ERIE,OK,2018-03-15,5.42,True
short_interest_days_to_cover,ERIE,OK,2018-03-29,2.23,True
short_interest_days_to_cover,ERIE,OK,2018-04-13,5.82,True
short_interest_days_to_cover,ERIE,OK,2018-04-30,5.05,True
short_interest_days_to_cover,ERIE,OK,2018-05-15,5.62,True
short_interest_days_to_cover,ES,OK,2017-12-29,4.28,True
short_interest_days_to_cover,ES,OK,2018-01-12,2.41,True
short_interest_days_to_cover,ES,OK,2018-01-31,2.07,True
short_interest_days_to_cover,ES,OK,2018-02-15,1.69,True
short_interest_days_to_cover,ES,OK,2018-02-28,2.96,True
short_interest_days_to_cover,ES,OK,2018-03-15,2.62,True
short_interest_days_to_cover,ES,OK,2018-03-29,3.1,True
short_interest_days_to_cover,ES,OK,2018-04-13,3.37,True
short_interest_days_to_cover,ES,OK,2018-04-30,3.24,True
short_interest_days_to_cover,ES,OK,2018-05-15,2.98,True
short_interest_days_to_cover,ESS,OK,2017-12-29,4.81,True
short_interest_days_to_cover,ESS,OK,2018-01-12,5.03,True
short_interest_days_to_cover,ESS,OK,2018-01-31,4.62,True
short_interest_days_to_cover,ESS,OK,2018-02-15,3.34,True
short_interest_days_to_cover,ESS,OK,2018-02-28,3.71,True
short_interest_days_to_cover,ESS,OK,2018-03-15,3.65,True
short_interest_days_to_cover,ESS,OK,2018-03-29,5.04,True
short_interest_days_to_cover,ESS,OK,2018-04-13,4.89,True
short_interest_days_to_cover,ESS,OK,2018-04-30,4.49,True
short_interest_days_to_cover,ESS,OK,2018-05-15,4.21,True
short_interest_days_to_cover,ET,OK,2018-10-31,4.76,True
short_interest_days_to_cover,ET,OK,2018-11-15,6.26,True
short_interest_days_to_cover,ET,OK,2018-11-30,6.57,True
short_interest_days_to_cover,ET,OK,2018-12-14,6.72,True
short_interest_days_to_cover,ET,OK,2018-12-31,4.33,True
short_interest_days_to_cover,ET,OK,2019-01-15,5.02,True
short_interest_days_to_cover,ET,OK,2019-01-31,8.18,True
short_interest_days_to_cover,ET,OK,2019-02-15,10.85,True
short_interest_days_to_cover,ET,OK,2019-02-28,6.92,True
short_interest_days_to_cover,ET,OK,2019-03-15,10.47,True
short_interest_days_to_cover,ETN,OK,2017-12-29,4.76,True
short_interest_days_to_cover,ETN,OK,2018-01-12,2.96,True
short_interest_days_to_cover,ETN,OK,2018-01-31,2.75,True
short_interest_days_to_cover,ETN,OK,2018-02-15,1.64,True
short_interest_days_to_cover,ETN,OK,2018-02-28,3.35,True
short_interest_days_to_cover,ETN,OK,2018-03-15,3.29,True
short_interest_days_to_cover,ETN,OK,2018-03-29,3.84,True
short_interest_days_to_cover,ETN,OK,2018-04-13,3.45,True
short_interest_days_to_cover,ETN,OK,2018-04-30,3.5,True
short_interest_days_to_cover,ETN,OK,2018-05-15,3.4,True
short_interest_days_to_cover,ETR,OK,2017-12-29,3.52,True
short_interest_days_to_cover,ETR,OK,2018-01-12,3.82,True
short_interest_days_to_cover,ETR,OK,2018-01-31,3.83,True
short_interest_days_to_cover,ETR,OK,2018-02-15,3.18,True
short_interest_days_to_cover,ETR,OK,2018-02-28,3.46,True
short_interest_days_to_cover,ETR,OK,2018-03-15,4.68,True
short_interest_days_to_cover,ETR,OK,2018-03-29,3.49,True
short_interest_days_to_cover,ETR,OK,2018-04-13,3.76,True
short_interest_days_to_cover,ETR,OK,2018-04-30,2.92,True
short_interest_days_to_cover,ETR,OK,2018-05-15,3.37,True
short_interest_days_to_cover,EVRG,OK,2018-06-15,1.79,True
short_interest_days_to_cover,EVRG,OK,2018-06-29,1.91,True
short_interest_days_to_cover,EVRG,OK,2018-07-13,2.66,True
short_interest_days_to_cover,EVRG,OK,2018-07-31,3.07,True
short_interest_days_to_cover,EVRG,OK,2018-08-15,2.54,True
short_interest_days_to_cover,EVRG,OK,2018-08-31,5.06,True
short_interest_days_to_cover,EVRG,OK,2018-09-14,5.24,True
short_interest_days_to_cover,EVRG,OK,2018-09-28,1.92,True
short_interest_days_to_cover,EVRG,OK,2018-10-15,2.79,True
short_interest_days_to_cover,EVRG,OK,2018-10-31,2.5,True
short_interest_days_to_cover,EW,OK,2017-12-29,1.73,True
short_interest_days_to_cover,EW,OK,2018-01-12,1.48,True
short_interest_days_to_cover,EW,OK,2018-01-31,1.72,True
short_interest_days_to_cover,EW,OK,2018-02-15,1.41,True
short_interest_days_to_cover,EW,OK,2018-02-28,2.8,True
short_interest_days_to_cover,EW,OK,2018-03-15,2.49,True
short_interest_days_to_cover,EW,OK,2018-03-29,2.16,True
short_interest_days_to_cover,EW,OK,2018-04-13,1.95,True
short_interest_days_to_cover,EW,OK,2018-04-30,1.8,True
short_interest_days_to_cover,EW,OK,2018-05-15,4.43,True
short_interest_days_to_cover,EXC,OK,2017-12-29,2.82,True
short_interest_days_to_cover,EXC,OK,2018-01-12,2.03,True
short_interest_days_to_cover,EXC,OK,2018-01-31,3.02,True
short_interest_days_to_cover,EXC,OK,2018-02-15,1.85,True
short_interest_days_to_cover,EXC,OK,2018-02-28,3.02,True
short_interest_days_to_cover,EXC,OK,2018-03-15,4.36,True
short_interest_days_to_cover,EXC,OK,2018-03-29,2.91,True
short_interest_days_to_cover,EXC,OK,2018-04-13,4.03,True
short_interest_days_to_cover,EXC,OK,2018-04-30,4.97,True
short_interest_days_to_cover,EXC,OK,2018-05-15,4.38,True
short_interest_days_to_cover,EXE,OK,2024-10-15,3.93,True
short_interest_days_to_cover,EXE,OK,2024-10-31,7.08,True
short_interest_days_to_cover,EXE,OK,2024-11-15,6.85,True
short_interest_days_to_cover,EXE,OK,2024-11-29,4.69,True
short_interest_days_to_cover,EXE,OK,2024-12-13,6.92,True
short_interest_days_to_cover,EXE,OK,2024-12-31,5.38,True
short_interest_days_to_cover,EXE,OK,2025-01-15,4.34,True
short_interest_days_to_cover,EXE,OK,2025-01-31,4.26,True
short_interest_days_to_cover,EXE,OK,2025-02-14,6.65,True
short_interest_days_to_cover,EXE,OK,2025-02-28,3.14,True
short_interest_days_to_cover,EXPD,OK,2017-12-29,11.01,True
short_interest_days_to_cover,EXPD,OK,2018-01-12,7.55,True
short_interest_days_to_cover,EXPD,OK,2018-01-31,8.35,True
short_interest_days_to_cover,EXPD,OK,2018-02-15,4.94,True
short_interest_days_to_cover,EXPD,OK,2018-02-28,3.85,True
short_interest_days_to_cover,EXPD,OK,2018-03-15,5.6,True
short_interest_days_to_cover,EXPD,OK,2018-03-29,7.3,True
short_interest_days_to_cover,EXPD,OK,2018-04-13,6.7,True
short_interest_days_to_cover,EXPD,OK,2018-04-30,8.75,True
short_interest_days_to_cover,EXPD,OK,2018-05-15,4.24,True
short_interest_days_to_cover,EXPE,OK,2017-12-29,10.15,True
short_interest_days_to_cover,EXPE,OK,2018-01-12,6.73,True
short_interest_days_to_cover,EXPE,OK,2018-01-31,5.86,True
short_interest_days_to_cover,EXPE,OK,2018-02-15,1.87,True
short_interest_days_to_cover,EXPE,OK,2018-02-28,3.94,True
short_interest_days_to_cover,EXPE,OK,2018-03-15,3.83,True
short_interest_days_to_cover,EXPE,OK,2018-03-29,4.35,True
short_interest_days_to_cover,EXPE,OK,2018-04-13,6.66,True
short_interest_days_to_cover,EXPE,OK,2018-04-30,4.22,True
short_interest_days_to_cover,EXPE,OK,2018-05-15,6.38,True
short_interest_days_to_cover,EXR,OK,2017-12-29,19.23,True
short_interest_days_to_cover,EXR,OK,2018-01-12,15.19,True
short_interest_days_to_cover,EXR,OK,2018-01-31,9.96,True
short_interest_days_to_cover,EXR,OK,2018-02-15,10.04,True
short_interest_days_to_cover,EXR,OK,2018-02-28,9.33,True
short_interest_days_to_cover,EXR,OK,2018-03-15,14.2,True
short_interest_days_to_cover,EXR,OK,2018-03-29,10.76,True
short_interest_days_to_cover,EXR,OK,2018-04-13,14.23,True
short_interest_days_to_cover,EXR,OK,2018-04-30,15.7,True
short_interest_days_to_cover,EXR,OK,2018-05-15,12.41,True
short_interest_days_to_cover,F,OK,2017-12-29,5.97,True
short_interest_days_to_cover,F,OK,2018-01-12,3.04,True
short_interest_days_to_cover,F,OK,2018-01-31,2.08,True
short_interest_days_to_cover,F,OK,2018-02-15,2.09,True
short_interest_days_to_cover,F,OK,2018-02-28,3.79,True
short_interest_days_to_cover,F,OK,2018-03-15,2.87,True
short_interest_days_to_cover,F,OK,2018-03-29,2.95,True
short_interest_days_to_cover,F,OK,2018-04-13,3.34,True
short_interest_days_to_cover,F,OK,2018-04-30,2.86,True
short_interest_days_to_cover,F,OK,2018-05-15,3.52,True
short_interest_days_to_cover,FANG,OK,2017-12-29,3.2,True
short_interest_days_to_cover,FANG,OK,2018-01-12,3.06,True
short_interest_days_to_cover,FANG,OK,2018-01-31,3.26,True
short_interest_days_to_cover,FANG,OK,2018-02-15,1.65,True
short_interest_days_to_cover,FANG,OK,2018-02-28,3.44,True
short_interest_days_to_cover,FANG,OK,2018-03-15,3.75,True
short_interest_days_to_cover,FANG,OK,2018-03-29,2.91,True
short_interest_days_to_cover,FANG,OK,2018-04-13,2.08,True
short_interest_days_to_cover,FANG,OK,2018-04-30,2.32,True
short_interest_days_to_cover,FANG,OK,2018-05-15,1.81,True
short_interest_days_to_cover,FAST,OK,2017-12-29,16.86,True
short_interest_days_to_cover,FAST,OK,2018-01-12,11.37,True
short_interest_days_to_cover,FAST,OK,2018-01-31,7.53,True
short_interest_days_to_cover,FAST,OK,2018-02-15,8.38,True
short_interest_days_to_cover,FAST,OK,2018-02-28,17.12,True
short_interest_days_to_cover,FAST,OK,2018-03-15,12.8,True
short_interest_days_to_cover,FAST,OK,2018-03-29,9.76,True
short_interest_days_to_cover,FAST,OK,2018-04-13,5.81,True
short_interest_days_to_cover,FAST,OK,2018-04-30,7.68,True
short_interest_days_to_cover,FAST,OK,2018-05-15,10.49,True
short_interest_days_to_cover,FCX,OK,2017-12-29,1.68,True
short_interest_days_to_cover,FCX,OK,2018-01-12,1.7,True
short_interest_days_to_cover,FCX,OK,2018-01-31,1.63,True
short_interest_days_to_cover,FCX,OK,2018-02-15,1.35,True
short_interest_days_to_cover,FCX,OK,2018-02-28,2.2,True
short_interest_days_to_cover,FCX,OK,2018-03-15,2.37,True
short_interest_days_to_cover,FCX,OK,2018-03-29,2.02,True
short_interest_days_to_cover,FCX,OK,2018-04-13,1.96,True
short_interest_days_to_cover,FCX,OK,2018-04-30,1.36,True
short_interest_days_to_cover,FCX,OK,2018-05-15,1.7,True
short_interest_days_to_cover,FDS,OK,2017-12-29,4.46,True
short_interest_days_to_cover,FDS,OK,2018-01-12,8.63,True
short_interest_days_to_cover,FDS,OK,2018-01-31,7.99,True
short_interest_days_to_cover,FDS,OK,2018-02-15,8.93,True
short_interest_days_to_cover,FDS,OK,2018-02-28,14.87,True
short_interest_days_to_cover,FDS,OK,2018-03-15,11.23,True
short_interest_days_to_cover,FDS,OK,2018-03-29,5.09,True
short_interest_days_to_cover,FDS,OK,2018-04-13,6.84,True
short_interest_days_to_cover,FDS,OK,2018-04-30,7.22,True
short_interest_days_to_cover,FDS,OK,2018-05-15,7.86,True
short_interest_days_to_cover,FDX,OK,2017-12-29,1.86,True
short_interest_days_to_cover,FDX,OK,2018-01-12,2.37,True
short_interest_days_to_cover,FDX,OK,2018-01-31,3.0,True
short_interest_days_to_cover,FDX,OK,2018-02-15,1.54,True
short_interest_days_to_cover,FDX,OK,2018-02-28,2.71,True
short_interest_days_to_cover,FDX,OK,2018-03-15,3.02,True
short_interest_days_to_cover,FDX,OK,2018-03-29,1.75,True
short_interest_days_to_cover,FDX,OK,2018-04-13,3.12,True
short_interest_days_to_cover,FDX,OK,2018-04-30,2.93,True
short_interest_days_to_cover,FDX,OK,2018-05-15,3.29,True
short_interest_days_to_cover,FE,OK,2017-12-29,4.51,True
short_interest_days_to_cover,FE,OK,2018-01-12,3.87,True
short_interest_days_to_cover,FE,OK,2018-01-31,1.4,True
short_interest_days_to_cover,FE,OK,2018-02-15,2.78,True
short_interest_days_to_cover,FE,OK,2018-02-28,3.4,True
short_interest_days_to_cover,FE,OK,2018-03-15,4.53,True
short_interest_days_to_cover,FE,OK,2018-03-29,4.49,True
short_interest_days_to_cover,FE,OK,2018-04-13,8.79,True
short_interest_days_to_cover,FE,OK,2018-04-30,6.54,True
short_interest_days_to_cover,FE,OK,2018-05-15,7.86,True
short_interest_days_to_cover,FFIV,OK,2017-12-29,7.99,True
short_interest_days_to_cover,FFIV,OK,2018-01-12,5.97,True
short_interest_days_to_cover,FFIV,OK,2018-01-31,2.85,True
short_interest_days_to_cover,FFIV,OK,2018-02-15,3.54,True
short_interest_days_to_cover,FFIV,OK,2018-02-28,4.86,True
short_interest_days_to_cover,FFIV,OK,2018-03-15,5.25,True
short_interest_days_to_cover,FFIV,OK,2018-03-29,6.52,True
short_interest_days_to_cover,FFIV,OK,2018-04-13,5.88,True
short_interest_days_to_cover,FFIV,OK,2018-04-30,4.37,True
short_interest_days_to_cover,FFIV,OK,2018-05-15,4.68,True
short_interest_days_to_cover,FICO,OK,2017-12-29,4.99,True
short_interest_days_to_cover,FICO,OK,2018-01-12,4.33,True
short_interest_days_to_cover,FICO,OK,2018-01-31,2.64,True
short_interest_days_to_cover,FICO,OK,2018-02-15,3.56,True
short_interest_days_to_cover,FICO,OK,2018-02-28,3.0,True
short_interest_days_to_cover,FICO,OK,2018-03-15,3.37,True
short_interest_days_to_cover,FICO,OK,2018-03-29,3.27,True
short_interest_days_to_cover,FICO,OK,2018-04-13,4.84,True
short_interest_days_to_cover,FICO,OK,2018-04-30,3.42,True
short_interest_days_to_cover,FICO,OK,2018-05-15,3.05,True
short_interest_days_to_cover,FIS,OK,2017-12-29,3.46,True
short_interest_days_to_cover,FIS,OK,2018-01-12,2.42,True
short_interest_days_to_cover,FIS,OK,2018-01-31,3.68,True
short_interest_days_to_cover,FIS,OK,2018-02-15,1.83,True
short_interest_days_to_cover,FIS,OK,2018-02-28,2.47,True
short_interest_days_to_cover,FIS,OK,2018-03-15,2.6,True
short_interest_days_to_cover,FIS,OK,2018-03-29,2.58,True
short_interest_days_to_cover,FIS,OK,2018-04-13,2.24,True
short_interest_days_to_cover,FIS,OK,2018-04-30,2.51,True
short_interest_days_to_cover,FIS,OK,2018-05-15,2.31,True
short_interest_days_to_cover,FISV,OK,2017-12-29,5.82,True
short_interest_days_to_cover,FISV,OK,2018-01-12,4.88,True
short_interest_days_to_cover,FISV,OK,2018-01-31,3.05,True
short_interest_days_to_cover,FISV,OK,2018-02-15,1.24,True
short_interest_days_to_cover,FISV,OK,2018-02-28,2.0,True
short_interest_days_to_cover,FISV,OK,2018-03-15,2.19,True
short_interest_days_to_cover,FISV,OK,2018-03-29,3.07,True
short_interest_days_to_cover,FISV,OK,2018-04-13,3.34,True
short_interest_days_to_cover,FISV,OK,2018-04-30,3.36,True
short_interest_days_to_cover,FISV,OK,2018-05-15,2.7,True
short_interest_days_to_cover,FITB,OK,2017-12-29,4.08,True
short_interest_days_to_cover,FITB,OK,2018-01-12,3.47,True
short_interest_days_to_cover,FITB,OK,2018-01-31,3.66,True
short_interest_days_to_cover,FITB,OK,2018-02-15,4.5,True
short_interest_days_to_cover,FITB,OK,2018-02-28,4.28,True
short_interest_days_to_cover,FITB,OK,2018-03-15,4.89,True
short_interest_days_to_cover,FITB,OK,2018-03-29,2.59,True
short_interest_days_to_cover,FITB,OK,2018-04-13,3.32,True
short_interest_days_to_cover,FITB,OK,2018-04-30,1.95,True
short_interest_days_to_cover,FITB,OK,2018-05-15,2.56,True
short_interest_days_to_cover,FIX,OK,2017-12-29,4.28,True
short_interest_days_to_cover,FIX,OK,2018-01-12,2.37,True
short_interest_days_to_cover,FIX,OK,2018-01-31,2.46,True
short_interest_days_to_cover,FIX,OK,2018-02-15,1.43,True
short_interest_days_to_cover,FIX,OK,2018-02-28,1.05,True
short_interest_days_to_cover,FIX,OK,2018-03-15,1.63,True
short_interest_days_to_cover,FIX,OK,2018-03-29,1.57,True
short_interest_days_to_cover,FIX,OK,2018-04-13,2.36,True
short_interest_days_to_cover,FIX,OK,2018-04-30,1.94,True
short_interest_days_to_cover,FIX,OK,2018-05-15,2.4,True
short_interest_days_to_cover,FLEX,OK,2017-12-29,6.12,True
short_interest_days_to_cover,FLEX,OK,2018-01-12,3.97,True
short_interest_days_to_cover,FLEX,OK,2018-01-31,2.67,True
short_interest_days_to_cover,FLEX,OK,2018-02-15,2.55,True
short_interest_days_to_cover,FLEX,OK,2018-02-28,3.57,True
short_interest_days_to_cover,FLEX,OK,2018-03-15,3.28,True
short_interest_days_to_cover,FLEX,OK,2018-03-29,2.47,True
short_interest_days_to_cover,FLEX,OK,2018-04-13,3.76,True
short_interest_days_to_cover,FLEX,OK,2018-04-30,1.0,True
short_interest_days_to_cover,FLEX,OK,2018-05-15,1.71,True
short_interest_days_to_cover,FOX,OK,2017-12-29,2.35,True
short_interest_days_to_cover,FOX,OK,2018-01-12,2.29,True
short_interest_days_to_cover,FOX,OK,2018-01-31,2.67,True
short_interest_days_to_cover,FOX,OK,2018-02-15,2.17,True
short_interest_days_to_cover,FOX,OK,2018-02-28,3.75,True
short_interest_days_to_cover,FOX,OK,2018-03-15,3.52,True
short_interest_days_to_cover,FOX,OK,2018-03-29,2.47,True
short_interest_days_to_cover,FOX,OK,2018-04-13,1.81,True
short_interest_days_to_cover,FOX,OK,2018-04-30,3.15,True
short_interest_days_to_cover,FOX,OK,2018-05-15,2.38,True
short_interest_days_to_cover,FOXA,OK,2017-12-29,1.75,True
short_interest_days_to_cover,FOXA,OK,2018-01-12,1.66,True
short_interest_days_to_cover,FOXA,OK,2018-01-31,1.4,True
short_interest_days_to_cover,FOXA,OK,2018-02-15,1.36,True
short_interest_days_to_cover,FOXA,OK,2018-02-28,1.86,True
short_interest_days_to_cover,FOXA,OK,2018-03-15,2.07,True
short_interest_days_to_cover,FOXA,OK,2018-03-29,1.78,True
short_interest_days_to_cover,FOXA,OK,2018-04-13,1.72,True
short_interest_days_to_cover,FOXA,OK,2018-04-30,1.77,True
short_interest_days_to_cover,FOXA,OK,2018-05-15,1.92,True
short_interest_days_to_cover,FRT,OK,2017-12-29,9.01,True
short_interest_days_to_cover,FRT,OK,2018-01-12,8.57,True
short_interest_days_to_cover,FRT,OK,2018-01-31,6.13,True
short_interest_days_to_cover,FRT,OK,2018-02-15,3.98,True
short_interest_days_to_cover,FRT,OK,2018-02-28,5.62,True
short_interest_days_to_cover,FRT,OK,2018-03-15,7.61,True
short_interest_days_to_cover,FRT,OK,2018-03-29,6.19,True
short_interest_days_to_cover,FRT,OK,2018-04-13,8.27,True
short_interest_days_to_cover,FRT,OK,2018-04-30,7.95,True
short_interest_days_to_cover,FRT,OK,2018-05-15,7.63,True
short_interest_days_to_cover,FSLR,OK,2017-12-29,4.3,True
short_interest_days_to_cover,FSLR,OK,2018-01-12,2.17,True
short_interest_days_to_cover,FSLR,OK,2018-01-31,1.73,True
short_interest_days_to_cover,FSLR,OK,2018-02-15,2.53,True
short_interest_days_to_cover,FSLR,OK,2018-02-28,1.69,True
short_interest_days_to_cover,FSLR,OK,2018-03-15,2.92,True
short_interest_days_to_cover,FSLR,OK,2018-03-29,2.47,True
short_interest_days_to_cover,FSLR,OK,2018-04-13,4.26,True
short_interest_days_to_cover,FSLR,OK,2018-04-30,2.04,True
short_interest_days_to_cover,FSLR,OK,2018-05-15,1.96,True
short_interest_days_to_cover,FTNT,OK,2017-12-29,3.23,True
short_interest_days_to_cover,FTNT,OK,2018-01-12,3.42,True
short_interest_days_to_cover,FTNT,OK,2018-01-31,2.5,True
short_interest_days_to_cover,FTNT,OK,2018-02-15,1.42,True
short_interest_days_to_cover,FTNT,OK,2018-02-28,3.52,True
short_interest_days_to_cover,FTNT,OK,2018-03-15,2.72,True
short_interest_days_to_cover,FTNT,OK,2018-03-29,2.87,True
short_interest_days_to_cover,FTNT,OK,2018-04-13,3.56,True
short_interest_days_to_cover,FTNT,OK,2018-04-30,3.55,True
short_interest_days_to_cover,FTNT,OK,2018-05-15,3.14,True
short_interest_days_to_cover,FTV,OK,2017-12-29,6.97,True
short_interest_days_to_cover,FTV,OK,2018-01-12,4.79,True
short_interest_days_to_cover,FTV,OK,2018-01-31,4.62,True
short_interest_days_to_cover,FTV,OK,2018-02-15,2.03,True
short_interest_days_to_cover,FTV,OK,2018-02-28,2.53,True
short_interest_days_to_cover,FTV,OK,2018-03-15,2.37,True
short_interest_days_to_cover,FTV,OK,2018-03-29,2.76,True
short_interest_days_to_cover,FTV,OK,2018-04-13,1.92,True
short_interest_days_to_cover,FTV,OK,2018-04-30,1.89,True
short_interest_days_to_cover,FTV,OK,2018-05-15,2.82,True
short_interest_days_to_cover,GD,OK,2017-12-29,2.12,True
short_interest_days_to_cover,GD,OK,2018-01-12,1.52,True
short_interest_days_to_cover,GD,OK,2018-01-31,1.69,True
short_interest_days_to_cover,GD,OK,2018-02-15,1.53,True
short_interest_days_to_cover,GD,OK,2018-02-28,2.73,True
short_interest_days_to_cover,GD,OK,2018-03-15,2.79,True
short_interest_days_to_cover,GD,OK,2018-03-29,2.37,True
short_interest_days_to_cover,GD,OK,2018-04-13,2.02,True
short_interest_days_to_cover,GD,OK,2018-04-30,1.54,True
short_interest_days_to_cover,GD,OK,2018-05-15,1.8,True
short_interest_days_to_cover,GDDY,OK,2017-12-29,4.26,True
short_interest_days_to_cover,GDDY,OK,2018-01-12,5.02,True
short_interest_days_to_cover,GDDY,OK,2018-01-31,5.9,True
short_interest_days_to_cover,GDDY,OK,2018-02-15,4.36,True
short_interest_days_to_cover,GDDY,OK,2018-02-28,2.85,True
short_interest_days_to_cover,GDDY,OK,2018-03-15,2.14,True
short_interest_days_to_cover,GDDY,OK,2018-03-29,3.06,True
short_interest_days_to_cover,GDDY,OK,2018-04-13,2.85,True
short_interest_days_to_cover,GDDY,OK,2018-04-30,4.58,True
short_interest_days_to_cover,GDDY,OK,2018-05-15,2.84,True
short_interest_days_to_cover,GE,OK,2017-12-29,1.81,True
short_interest_days_to_cover,GE,OK,2018-01-12,1.72,True
short_interest_days_to_cover,GE,OK,2018-01-31,1.06,True
short_interest_days_to_cover,GE,OK,2018-02-15,1.46,True
short_interest_days_to_cover,GE,OK,2018-02-28,1.6,True
short_interest_days_to_cover,GE,OK,2018-03-15,2.13,True
short_interest_days_to_cover,GE,OK,2018-03-29,1.57,True
short_interest_days_to_cover,GE,OK,2018-04-13,2.43,True
short_interest_days_to_cover,GE,OK,2018-04-30,1.85,True
short_interest_days_to_cover,GE,OK,2018-05-15,3.11,True
short_interest_days_to_cover,GEHC,OK,2023-01-13,1.39,True
short_interest_days_to_cover,GEHC,OK,2023-01-31,2.82,True
short_interest_days_to_cover,GEHC,OK,2023-02-15,4.24,True
short_interest_days_to_cover,GEHC,OK,2023-02-28,4.1,True
short_interest_days_to_cover,GEHC,OK,2023-03-15,5.06,True
short_interest_days_to_cover,GEHC,OK,2023-03-31,5.45,True
short_interest_days_to_cover,GEHC,OK,2023-04-14,6.1,True
short_interest_days_to_cover,GEHC,OK,2023-04-28,2.88,True
short_interest_days_to_cover,GEHC,OK,2023-05-15,3.37,True
short_interest_days_to_cover,GEHC,OK,2023-05-31,3.09,True
short_interest_days_to_cover,GEN,OK,2017-12-29,5.03,True
short_interest_days_to_cover,GEN,OK,2018-01-12,6.87,True
short_interest_days_to_cover,GEN,OK,2018-01-31,5.06,True
short_interest_days_to_cover,GEN,OK,2018-02-15,8.4,True
short_interest_days_to_cover,GEN,OK,2018-02-28,2.9,True
short_interest_days_to_cover,GEN,OK,2018-03-15,7.67,True
short_interest_days_to_cover,GEN,OK,2018-03-29,6.4,True
short_interest_days_to_cover,GEN,OK,2018-04-13,5.56,True
short_interest_days_to_cover,GEN,OK,2018-04-30,13.43,True
short_interest_days_to_cover,GEN,OK,2018-05-15,10.23,True
short_interest_days_to_cover,GEV,OK,2024-04-15,1.0,True
short_interest_days_to_cover,GEV,OK,2024-04-30,1.0,True
short_interest_days_to_cover,GEV,OK,2024-05-15,2.0,True
short_interest_days_to_cover,GEV,OK,2024-05-31,2.64,True
short_interest_days_to_cover,GEV,OK,2024-06-14,1.47,True
short_interest_days_to_cover,GEV,OK,2024-06-28,2.22,True
short_interest_days_to_cover,GEV,OK,2024-07-15,2.13,True
short_interest_days_to_cover,GEV,OK,2024-07-31,1.13,True
short_interest_days_to_cover,GEV,OK,2024-08-15,1.35,True
short_interest_days_to_cover,GEV,OK,2024-08-30,1.95,True
short_interest_days_to_cover,GILD,OK,2017-12-29,2.78,True
short_interest_days_to_cover,GILD,OK,2018-01-12,2.7,True
short_interest_days_to_cover,GILD,OK,2018-01-31,2.18,True
short_interest_days_to_cover,GILD,OK,2018-02-15,2.06,True
short_interest_days_to_cover,GILD,OK,2018-02-28,2.75,True
short_interest_days_to_cover,GILD,OK,2018-03-15,2.75,True
short_interest_days_to_cover,GILD,OK,2018-03-29,2.49,True
short_interest_days_to_cover,GILD,OK,2018-04-13,2.72,True
short_interest_days_to_cover,GILD,OK,2018-04-30,3.07,True
short_interest_days_to_cover,GILD,OK,2018-05-15,1.54,True
short_interest_days_to_cover,GIS,OK,2017-12-29,7.08,True
short_interest_days_to_cover,GIS,OK,2018-01-12,10.7,True
short_interest_days_to_cover,GIS,OK,2018-01-31,9.55,True
short_interest_days_to_cover,GIS,OK,2018-02-15,9.55,True
short_interest_days_to_cover,GIS,OK,2018-02-28,4.71,True
short_interest_days_to_cover,GIS,OK,2018-03-15,6.65,True
short_interest_days_to_cover,GIS,OK,2018-03-29,2.97,True
short_interest_days_to_cover,GIS,OK,2018-04-13,4.07,True
short_interest_days_to_cover,GIS,OK,2018-04-30,5.32,True
short_interest_days_to_cover,GIS,OK,2018-05-15,5.78,True
short_interest_days_to_cover,GL,OK,2019-08-15,6.52,True
short_interest_days_to_cover,GL,OK,2019-08-30,7.87,True
short_interest_days_to_cover,GL,OK,2019-09-13,6.32,True
short_interest_days_to_cover,GL,OK,2019-09-30,9.39,True
short_interest_days_to_cover,GL,OK,2019-10-15,9.22,True
short_interest_days_to_cover,GL,OK,2019-10-31,8.68,True
short_interest_days_to_cover,GL,OK,2019-11-15,8.46,True
short_interest_days_to_cover,GL,OK,2019-11-29,6.75,True
short_interest_days_to_cover,GL,OK,2019-12-13,7.81,True
short_interest_days_to_cover,GL,OK,2019-12-31,9.38,True
short_interest_days_to_cover,GLW,OK,2017-12-29,8.75,True
short_interest_days_to_cover,GLW,OK,2018-01-12,5.28,True
short_interest_days_to_cover,GLW,OK,2018-01-31,3.38,True
short_interest_days_to_cover,GLW,OK,2018-02-15,2.25,True
short_interest_days_to_cover,GLW,OK,2018-02-28,2.05,True
short_interest_days_to_cover,GLW,OK,2018-03-15,3.25,True
short_interest_days_to_cover,GLW,OK,2018-03-29,2.32,True
short_interest_days_to_cover,GLW,OK,2018-04-13,2.14,True
short_interest_days_to_cover,GLW,OK,2018-04-30,2.55,True
short_interest_days_to_cover,GLW,OK,2018-05-15,3.73,True
short_interest_days_to_cover,GM,OK,2017-12-29,4.26,True
short_interest_days_to_cover,GM,OK,2018-01-12,3.21,True
short_interest_days_to_cover,GM,OK,2018-01-31,2.57,True
short_interest_days_to_cover,GM,OK,2018-02-15,2.02,True
short_interest_days_to_cover,GM,OK,2018-02-28,2.86,True
short_interest_days_to_cover,GM,OK,2018-03-15,2.51,True
short_interest_days_to_cover,GM,OK,2018-03-29,2.45,True
short_interest_days_to_cover,GM,OK,2018-04-13,2.38,True
short_interest_days_to_cover,GM,OK,2018-04-30,3.15,True
short_interest_days_to_cover,GM,OK,2018-05-15,3.01,True
short_interest_days_to_cover,GNRC,OK,2017-12-29,18.31,True
short_interest_days_to_cover,GNRC,OK,2018-01-12,9.47,True
short_interest_days_to_cover,GNRC,OK,2018-01-31,11.28,True
short_interest_days_to_cover,GNRC,OK,2018-02-15,5.11,True
short_interest_days_to_cover,GNRC,OK,2018-02-28,12.81,True
short_interest_days_to_cover,GNRC,OK,2018-03-15,8.82,True
short_interest_days_to_cover,GNRC,OK,2018-03-29,8.34,True
short_interest_days_to_cover,GNRC,OK,2018-04-13,12.11,True
short_interest_days_to_cover,GNRC,OK,2018-04-30,6.75,True
short_interest_days_to_cover,GNRC,OK,2018-05-15,8.77,True
short_interest_days_to_cover,GOOG,OK,2017-12-29,3.49,True
short_interest_days_to_cover,GOOG,OK,2018-01-12,3.14,True
short_interest_days_to_cover,GOOG,OK,2018-01-31,2.09,True
short_interest_days_to_cover,GOOG,OK,2018-02-15,1.27,True
short_interest_days_to_cover,GOOG,OK,2018-02-28,2.28,True
short_interest_days_to_cover,GOOG,OK,2018-03-15,2.08,True
short_interest_days_to_cover,GOOG,OK,2018-03-29,1.39,True
short_interest_days_to_cover,GOOG,OK,2018-04-13,1.42,True
short_interest_days_to_cover,GOOG,OK,2018-04-30,1.21,True
short_interest_days_to_cover,GOOG,OK,2018-05-15,1.99,True
short_interest_days_to_cover,GOOGL,OK,2017-12-29,2.29,True
short_interest_days_to_cover,GOOGL,OK,2018-01-12,2.05,True
short_interest_days_to_cover,GOOGL,OK,2018-01-31,1.86,True
short_interest_days_to_cover,GOOGL,OK,2018-02-15,1.13,True
short_interest_days_to_cover,GOOGL,OK,2018-02-28,2.02,True
short_interest_days_to_cover,GOOGL,OK,2018-03-15,1.75,True
short_interest_days_to_cover,GOOGL,OK,2018-03-29,1.0,True
short_interest_days_to_cover,GOOGL,OK,2018-04-13,1.27,True
short_interest_days_to_cover,GOOGL,OK,2018-04-30,1.09,True
short_interest_days_to_cover,GOOGL,OK,2018-05-15,1.85,True
short_interest_days_to_cover,GPC,OK,2017-12-29,6.05,True
short_interest_days_to_cover,GPC,OK,2018-01-12,4.34,True
short_interest_days_to_cover,GPC,OK,2018-01-31,4.64,True
short_interest_days_to_cover,GPC,OK,2018-02-15,2.74,True
short_interest_days_to_cover,GPC,OK,2018-02-28,3.49,True
short_interest_days_to_cover,GPC,OK,2018-03-15,4.73,True
short_interest_days_to_cover,GPC,OK,2018-03-29,2.92,True
short_interest_days_to_cover,GPC,OK,2018-04-13,3.94,True
short_interest_days_to_cover,GPC,OK,2018-04-30,3.45,True
short_interest_days_to_cover,GPC,OK,2018-05-15,3.93,True
short_interest_days_to_cover,GPN,OK,2017-12-29,3.81,True
short_interest_days_to_cover,GPN,OK,2018-01-12,3.55,True
short_interest_days_to_cover,GPN,OK,2018-01-31,3.77,True
short_interest_days_to_cover,GPN,OK,2018-02-15,2.46,True
short_interest_days_to_cover,GPN,OK,2018-02-28,3.05,True
short_interest_days_to_cover,GPN,OK,2018-03-15,3.79,True
short_interest_days_to_cover,GPN,OK,2018-03-29,3.97,True
short_interest_days_to_cover,GPN,OK,2018-04-13,3.8,True
short_interest_days_to_cover,GPN,OK,2018-04-30,4.67,True
short_interest_days_to_cover,GPN,OK,2018-05-15,4.21,True
short_interest_days_to_cover,GRMN,OK,2017-12-29,16.88,True
short_interest_days_to_cover,GRMN,OK,2018-01-12,13.69,True
short_interest_days_to_cover,GRMN,OK,2018-01-31,9.0,True
short_interest_days_to_cover,GRMN,OK,2018-02-15,9.18,True
short_interest_days_to_cover,GRMN,OK,2018-02-28,6.27,True
short_interest_days_to_cover,GRMN,OK,2018-03-15,13.22,True
short_interest_days_to_cover,GRMN,OK,2018-03-29,10.82,True
short_interest_days_to_cover,GRMN,OK,2018-04-13,14.3,True
short_interest_days_to_cover,GRMN,OK,2018-04-30,13.4,True
short_interest_days_to_cover,GRMN,OK,2018-05-15,9.6,True
short_interest_days_to_cover,GS,OK,2017-12-29,2.35,True
short_interest_days_to_cover,GS,OK,2018-01-12,2.02,True
short_interest_days_to_cover,GS,OK,2018-01-31,1.12,True
short_interest_days_to_cover,GS,OK,2018-02-15,1.07,True
short_interest_days_to_cover,GS,OK,2018-02-28,1.81,True
short_interest_days_to_cover,GS,OK,2018-03-15,1.85,True
short_interest_days_to_cover,GS,OK,2018-03-29,1.89,True
short_interest_days_to_cover,GS,OK,2018-04-13,2.01,True
short_interest_days_to_cover,GS,OK,2018-04-30,1.36,True
short_interest_days_to_cover,GS,OK,2018-05-15,1.97,True
short_interest_days_to_cover,GSK,OK,2017-12-29,1.8,True
short_interest_days_to_cover,GSK,OK,2018-01-12,1.46,True
short_interest_days_to_cover,GSK,OK,2018-01-31,2.21,True
short_interest_days_to_cover,GSK,OK,2018-02-15,1.91,True
short_interest_days_to_cover,GSK,OK,2018-02-28,3.27,True
short_interest_days_to_cover,GSK,OK,2018-03-15,4.34,True
short_interest_days_to_cover,GSK,OK,2018-03-29,2.58,True
short_interest_days_to_cover,GSK,OK,2018-04-13,3.86,True
short_interest_days_to_cover,GSK,OK,2018-04-30,3.43,True
short_interest_days_to_cover,GSK,OK,2018-05-15,5.44,True
short_interest_days_to_cover,GWW,OK,2017-12-29,12.7,True
short_interest_days_to_cover,GWW,OK,2018-01-12,7.9,True
short_interest_days_to_cover,GWW,OK,2018-01-31,3.73,True
short_interest_days_to_cover,GWW,OK,2018-02-15,5.42,True
short_interest_days_to_cover,GWW,OK,2018-02-28,9.99,True
short_interest_days_to_cover,GWW,OK,2018-03-15,6.58,True
short_interest_days_to_cover,GWW,OK,2018-03-29,7.06,True
short_interest_days_to_cover,GWW,OK,2018-04-13,6.34,True
short_interest_days_to_cover,GWW,OK,2018-04-30,4.29,True
short_interest_days_to_cover,GWW,OK,2018-05-15,8.26,True
short_interest_days_to_cover,HAL,OK,2017-12-29,3.09,True
short_interest_days_to_cover,HAL,OK,2018-01-12,2.75,True
short_interest_days_to_cover,HAL,OK,2018-01-31,2.01,True
short_interest_days_to_cover,HAL,OK,2018-02-15,1.74,True
short_interest_days_to_cover,HAL,OK,2018-02-28,2.45,True
short_interest_days_to_cover,HAL,OK,2018-03-15,2.77,True
short_interest_days_to_cover,HAL,OK,2018-03-29,2.17,True
short_interest_days_to_cover,HAL,OK,2018-04-13,2.32,True
short_interest_days_to_cover,HAL,OK,2018-04-30,1.85,True
short_interest_days_to_cover,HAL,OK,2018-05-15,2.11,True
short_interest_days_to_cover,HAS,OK,2017-12-29,5.4,True
short_interest_days_to_cover,HAS,OK,2018-01-12,5.35,True
short_interest_days_to_cover,HAS,OK,2018-01-31,4.23,True
short_interest_days_to_cover,HAS,OK,2018-02-15,2.5,True
short_interest_days_to_cover,HAS,OK,2018-02-28,3.88,True
short_interest_days_to_cover,HAS,OK,2018-03-15,3.96,True
short_interest_days_to_cover,HAS,OK,2018-03-29,3.55,True
short_interest_days_to_cover,HAS,OK,2018-04-13,3.9,True
short_interest_days_to_cover,HAS,OK,2018-04-30,1.53,True
short_interest_days_to_cover,HAS,OK,2018-05-15,3.8,True
short_interest_days_to_cover,HBAN,OK,2017-12-29,2.24,True
short_interest_days_to_cover,HBAN,OK,2018-01-12,1.79,True
short_interest_days_to_cover,HBAN,OK,2018-01-31,2.4,True
short_interest_days_to_cover,HBAN,OK,2018-02-15,1.25,True
short_interest_days_to_cover,HBAN,OK,2018-02-28,1.35,True
short_interest_days_to_cover,HBAN,OK,2018-03-15,1.95,True
short_interest_days_to_cover,HBAN,OK,2018-03-29,1.59,True
short_interest_days_to_cover,HBAN,OK,2018-04-13,1.71,True
short_interest_days_to_cover,HBAN,OK,2018-04-30,1.31,True
short_interest_days_to_cover,HBAN,OK,2018-05-15,1.4,True
short_interest_days_to_cover,HCA,OK,2017-12-29,4.33,True
short_interest_days_to_cover,HCA,OK,2018-01-12,3.94,True
short_interest_days_to_cover,HCA,OK,2018-01-31,2.46,True
short_interest_days_to_cover,HCA,OK,2018-02-15,2.64,True
short_interest_days_to_cover,HCA,OK,2018-02-28,3.0,True
short_interest_days_to_cover,HCA,OK,2018-03-15,2.77,True
short_interest_days_to_cover,HCA,OK,2018-03-29,2.34,True
short_interest_days_to_cover,HCA,OK,2018-04-13,2.9,True
short_interest_days_to_cover,HCA,OK,2018-04-30,3.31,True
short_interest_days_to_cover,HCA,OK,2018-05-15,3.51,True
short_interest_days_to_cover,HD,OK,2017-12-29,2.62,True
short_interest_days_to_cover,HD,OK,2018-01-12,2.97,True
short_interest_days_to_cover,HD,OK,2018-01-31,2.64,True
short_interest_days_to_cover,HD,OK,2018-02-15,1.62,True
short_interest_days_to_cover,HD,OK,2018-02-28,1.65,True
short_interest_days_to_cover,HD,OK,2018-03-15,2.16,True
short_interest_days_to_cover,HD,OK,2018-03-29,1.67,True
short_interest_days_to_cover,HD,OK,2018-04-13,2.05,True
short_interest_days_to_cover,HD,OK,2018-04-30,2.03,True
short_interest_days_to_cover,HD,OK,2018-05-15,2.03,True
short_interest_days_to_cover,HDB,OK,2017-12-29,2.34,True
short_interest_days_to_cover,HDB,OK,2018-01-12,1.64,True
short_interest_days_to_cover,HDB,OK,2018-01-31,1.74,True
short_interest_days_to_cover,HDB,OK,2018-02-15,1.2,True
short_interest_days_to_cover,HDB,OK,2018-02-28,1.22,True
short_interest_days_to_cover,HDB,OK,2018-03-15,1.75,True
short_interest_days_to_cover,HDB,OK,2018-03-29,2.2,True
short_interest_days_to_cover,HDB,OK,2018-04-13,1.0,True
short_interest_days_to_cover,HDB,OK,2018-04-30,1.41,True
short_interest_days_to_cover,HDB,OK,2018-05-15,1.0,True
short_interest_days_to_cover,HIG,OK,2017-12-29,1.83,True
short_interest_days_to_cover,HIG,OK,2018-01-12,1.68,True
short_interest_days_to_cover,HIG,OK,2018-01-31,1.75,True
short_interest_days_to_cover,HIG,OK,2018-02-15,1.17,True
short_interest_days_to_cover,HIG,OK,2018-02-28,1.53,True
short_interest_days_to_cover,HIG,OK,2018-03-15,1.46,True
short_interest_days_to_cover,HIG,OK,2018-03-29,1.59,True
short_interest_days_to_cover,HIG,OK,2018-04-13,1.95,True
short_interest_days_to_cover,HIG,OK,2018-04-30,1.39,True
short_interest_days_to_cover,HIG,OK,2018-05-15,2.08,True
short_interest_days_to_cover,HII,OK,2017-12-29,1.61,True
short_interest_days_to_cover,HII,OK,2018-01-12,1.0,True
short_interest_days_to_cover,HII,OK,2018-01-31,2.74,True
short_interest_days_to_cover,HII,OK,2018-02-15,2.01,True
short_interest_days_to_cover,HII,OK,2018-02-28,2.06,True
short_interest_days_to_cover,HII,OK,2018-03-15,4.28,True
short_interest_days_to_cover,HII,OK,2018-03-29,4.4,True
short_interest_days_to_cover,HII,OK,2018-04-13,6.95,True
short_interest_days_to_cover,HII,OK,2018-04-30,7.82,True
short_interest_days_to_cover,HII,OK,2018-05-15,2.31,True
short_interest_days_to_cover,HLT,OK,2017-12-29,3.04,True
short_interest_days_to_cover,HLT,OK,2018-01-12,2.6,True
short_interest_days_to_cover,HLT,OK,2018-01-31,2.87,True
short_interest_days_to_cover,HLT,OK,2018-02-15,1.66,True
short_interest_days_to_cover,HLT,OK,2018-02-28,1.65,True
short_interest_days_to_cover,HLT,OK,2018-03-15,2.2,True
short_interest_days_to_cover,HLT,OK,2018-03-29,2.88,True
short_interest_days_to_cover,HLT,OK,2018-04-13,1.0,True
short_interest_days_to_cover,HLT,OK,2018-04-30,1.71,True
short_interest_days_to_cover,HLT,OK,2018-05-15,2.51,True
short_interest_days_to_cover,HON,OK,2017-12-29,3.4,True
short_interest_days_to_cover,HON,OK,2018-01-12,3.01,True
short_interest_days_to_cover,HON,OK,2018-01-31,2.28,True
short_interest_days_to_cover,HON,OK,2018-02-15,2.21,True
short_interest_days_to_cover,HON,OK,2018-02-28,2.62,True
short_interest_days_to_cover,HON,OK,2018-03-15,2.8,True
short_interest_days_to_cover,HON,OK,2018-03-29,2.37,True
short_interest_days_to_cover,HON,OK,2018-04-13,3.08,True
short_interest_days_to_cover,HON,OK,2018-04-30,2.13,True
short_interest_days_to_cover,HON,OK,2018-05-15,2.81,True
short_interest_days_to_cover,HOOD,OK,2021-08-13,1.0,True
short_interest_days_to_cover,HOOD,OK,2021-08-31,1.66,True
short_interest_days_to_cover,HOOD,OK,2021-09-15,3.77,True
short_interest_days_to_cover,HOOD,OK,2021-09-30,3.57,True
short_interest_days_to_cover,HOOD,OK,2021-10-15,6.95,True
short_interest_days_to_cover,HOOD,OK,2021-10-29,2.68,True
short_interest_days_to_cover,HOOD,OK,2021-11-15,2.36,True
short_interest_days_to_cover,HOOD,OK,2021-11-30,2.34,True
short_interest_days_to_cover,HOOD,OK,2021-12-15,1.56,True
short_interest_days_to_cover,HOOD,OK,2021-12-31,2.12,True
short_interest_days_to_cover,HPE,OK,2017-12-29,3.9,True
short_interest_days_to_cover,HPE,OK,2018-01-12,2.69,True
short_interest_days_to_cover,HPE,OK,2018-01-31,2.29,True
short_interest_days_to_cover,HPE,OK,2018-02-15,1.86,True
short_interest_days_to_cover,HPE,OK,2018-02-28,1.05,True
short_interest_days_to_cover,HPE,OK,2018-03-15,1.62,True
short_interest_days_to_cover,HPE,OK,2018-03-29,1.55,True
short_interest_days_to_cover,HPE,OK,2018-04-13,1.9,True
short_interest_days_to_cover,HPE,OK,2018-04-30,2.34,True
short_interest_days_to_cover,HPE,OK,2018-05-15,2.6,True
short_interest_days_to_cover,HPQ,OK,2017-12-29,3.25,True
short_interest_days_to_cover,HPQ,OK,2018-01-12,3.18,True
short_interest_days_to_cover,HPQ,OK,2018-01-31,2.8,True
short_interest_days_to_cover,HPQ,OK,2018-02-15,1.83,True
short_interest_days_to_cover,HPQ,OK,2018-02-28,1.93,True
short_interest_days_to_cover,HPQ,OK,2018-03-15,2.72,True
short_interest_days_to_cover,HPQ,OK,2018-03-29,2.27,True
short_interest_days_to_cover,HPQ,OK,2018-04-13,2.94,True
short_interest_days_to_cover,HPQ,OK,2018-04-30,3.53,True
short_interest_days_to_cover,HPQ,OK,2018-05-15,3.53,True
short_interest_days_to_cover,HRL,OK,2017-12-29,22.27,True
short_interest_days_to_cover,HRL,OK,2018-01-12,8.55,True
short_interest_days_to_cover,HRL,OK,2018-01-31,12.26,True
short_interest_days_to_cover,HRL,OK,2018-02-15,10.47,True
short_interest_days_to_cover,HRL,OK,2018-02-28,9.87,True
short_interest_days_to_cover,HRL,OK,2018-03-15,15.38,True
short_interest_days_to_cover,HRL,OK,2018-03-29,12.12,True
short_interest_days_to_cover,HRL,OK,2018-04-13,8.45,True
short_interest_days_to_cover,HRL,OK,2018-04-30,13.78,True
short_interest_days_to_cover,HRL,OK,2018-05-15,17.49,True
short_interest_days_to_cover,HSBC,OK,2017-12-29,2.2,True
short_interest_days_to_cover,HSBC,OK,2018-01-12,3.05,True
short_interest_days_to_cover,HSBC,OK,2018-01-31,3.43,True
short_interest_days_to_cover,HSBC,OK,2018-02-15,3.28,True
short_interest_days_to_cover,HSBC,OK,2018-02-28,4.18,True
short_interest_days_to_cover,HSBC,OK,2018-03-15,5.25,True
short_interest_days_to_cover,HSBC,OK,2018-03-29,4.03,True
short_interest_days_to_cover,HSBC,OK,2018-04-13,4.96,True
short_interest_days_to_cover,HSBC,OK,2018-04-30,6.21,True
short_interest_days_to_cover,HSBC,OK,2018-05-15,4.96,True
short_interest_days_to_cover,HSIC,OK,2017-12-29,10.94,True
short_interest_days_to_cover,HSIC,OK,2018-01-12,9.95,True
short_interest_days_to_cover,HSIC,OK,2018-01-31,7.41,True
short_interest_days_to_cover,HSIC,OK,2018-02-15,5.07,True
short_interest_days_to_cover,HSIC,OK,2018-02-28,7.23,True
short_interest_days_to_cover,HSIC,OK,2018-03-15,9.86,True
short_interest_days_to_cover,HSIC,OK,2018-03-29,10.23,True
short_interest_days_to_cover,HSIC,OK,2018-04-13,14.35,True
short_interest_days_to_cover,HSIC,OK,2018-04-30,11.42,True
short_interest_days_to_cover,HSIC,OK,2018-05-15,9.57,True
short_interest_days_to_cover,HST,OK,2017-12-29,7.15,True
short_interest_days_to_cover,HST,OK,2018-01-12,5.68,True
short_interest_days_to_cover,HST,OK,2018-01-31,6.34,True
short_interest_days_to_cover,HST,OK,2018-02-15,4.05,True
short_interest_days_to_cover,HST,OK,2018-02-28,4.25,True
short_interest_days_to_cover,HST,OK,2018-03-15,3.81,True
short_interest_days_to_cover,HST,OK,2018-03-29,6.3,True
short_interest_days_to_cover,HST,OK,2018-04-13,5.0,True
short_interest_days_to_cover,HST,OK,2018-04-30,5.78,True
short_interest_days_to_cover,HST,OK,2018-05-15,5.29,True
short_interest_days_to_cover,HSY,OK,2017-12-29,3.21,True
short_interest_days_to_cover,HSY,OK,2018-01-12,3.0,True
short_interest_days_to_cover,HSY,OK,2018-01-31,2.82,True
short_interest_days_to_cover,HSY,OK,2018-02-15,1.8,True
short_interest_days_to_cover,HSY,OK,2018-02-28,2.41,True
short_interest_days_to_cover,HSY,OK,2018-03-15,3.55,True
short_interest_days_to_cover,HSY,OK,2018-03-29,3.45,True
short_interest_days_to_cover,HSY,OK,2018-04-13,4.62,True
short_interest_days_to_cover,HSY,OK,2018-04-30,3.49,True
short_interest_days_to_cover,HSY,OK,2018-05-15,4.14,True
short_interest_days_to_cover,HTHIY,OK,2017-12-29,1.0,True
short_interest_days_to_cover,HTHIY,OK,2018-01-12,1.0,True
short_interest_days_to_cover,HTHIY,OK,2018-01-31,1.0,True
short_interest_days_to_cover,HTHIY,OK,2018-02-15,1.0,True
short_interest_days_to_cover,HTHIY,OK,2018-02-28,1.0,True
short_interest_days_to_cover,HTHIY,OK,2018-03-15,1.0,True
short_interest_days_to_cover,HTHIY,OK,2018-03-29,1.0,True
short_interest_days_to_cover,HTHIY,OK,2018-04-13,1.0,True
short_interest_days_to_cover,HTHIY,OK,2018-04-30,1.0,True
short_interest_days_to_cover,HTHIY,OK,2018-05-15,1.0,True
short_interest_days_to_cover,HUBB,OK,2017-12-29,2.21,True
short_interest_days_to_cover,HUBB,OK,2018-01-12,1.75,True
short_interest_days_to_cover,HUBB,OK,2018-01-31,1.83,True
short_interest_days_to_cover,HUBB,OK,2018-02-15,2.23,True
short_interest_days_to_cover,HUBB,OK,2018-02-28,2.45,True
short_interest_days_to_cover,HUBB,OK,2018-03-15,1.4,True
short_interest_days_to_cover,HUBB,OK,2018-03-29,2.92,True
short_interest_days_to_cover,HUBB,OK,2018-04-13,3.64,True
short_interest_days_to_cover,HUBB,OK,2018-04-30,2.09,True
short_interest_days_to_cover,HUBB,OK,2018-05-15,2.55,True
short_interest_days_to_cover,HUM,OK,2017-12-29,2.63,True
short_interest_days_to_cover,HUM,OK,2018-01-12,2.93,True
short_interest_days_to_cover,HUM,OK,2018-01-31,2.21,True
short_interest_days_to_cover,HUM,OK,2018-02-15,2.19,True
short_interest_days_to_cover,HUM,OK,2018-02-28,2.96,True
short_interest_days_to_cover,HUM,OK,2018-03-15,3.02,True
short_interest_days_to_cover,HUM,OK,2018-03-29,2.56,True
short_interest_days_to_cover,HUM,OK,2018-04-13,3.01,True
short_interest_days_to_cover,HUM,OK,2018-04-30,4.08,True
short_interest_days_to_cover,HUM,OK,2018-05-15,2.7,True
short_interest_days_to_cover,HWM,OK,2020-04-15,1.82,True
short_interest_days_to_cover,HWM,OK,2020-04-30,1.69,True
short_interest_days_to_cover,HWM,OK,2020-05-15,3.89,True
short_interest_days_to_cover,HWM,OK,2020-05-29,3.63,True
short_interest_days_to_cover,HWM,OK,2020-06-15,2.79,True
short_interest_days_to_cover,HWM,OK,2020-06-30,3.59,True
short_interest_days_to_cover,HWM,OK,2020-07-15,6.64,True
short_interest_days_to_cover,HWM,OK,2020-07-31,6.99,True
short_interest_days_to_cover,HWM,OK,2020-08-14,5.73,True
short_interest_days_to_cover,HWM,OK,2020-08-31,8.55,True
short_interest_days_to_cover,IBKR,OK,2017-12-29,2.21,True
short_interest_days_to_cover,IBKR,OK,2018-01-12,4.02,True
short_interest_days_to_cover,IBKR,OK,2018-01-31,3.72,True
short_interest_days_to_cover,IBKR,OK,2018-02-15,3.95,True
short_interest_days_to_cover,IBKR,OK,2018-02-28,5.39,True
short_interest_days_to_cover,IBKR,OK,2018-03-15,5.02,True
short_interest_days_to_cover,IBKR,OK,2018-03-29,5.12,True
short_interest_days_to_cover,IBKR,OK,2018-04-13,4.4,True
short_interest_days_to_cover,IBKR,OK,2018-04-30,3.91,True
short_interest_days_to_cover,IBKR,OK,2018-05-15,5.94,True
short_interest_days_to_cover,IBM,OK,2017-12-29,4.14,True
short_interest_days_to_cover,IBM,OK,2018-01-12,3.08,True
short_interest_days_to_cover,IBM,OK,2018-01-31,2.37,True
short_interest_days_to_cover,IBM,OK,2018-02-15,2.71,True
short_interest_days_to_cover,IBM,OK,2018-02-28,4.21,True
short_interest_days_to_cover,IBM,OK,2018-03-15,3.95,True
short_interest_days_to_cover,IBM,OK,2018-03-29,3.33,True
short_interest_days_to_cover,IBM,OK,2018-04-13,3.39,True
short_interest_days_to_cover,IBM,OK,2018-04-30,1.75,True
short_interest_days_to_cover,IBM,OK,2018-05-15,3.43,True
short_interest_days_to_cover,IBN,OK,2017-12-29,1.58,True
short_interest_days_to_cover,IBN,OK,2018-01-12,1.0,True
short_interest_days_to_cover,IBN,OK,2018-01-31,1.0,True
short_interest_days_to_cover,IBN,OK,2018-02-15,1.0,True
short_interest_days_to_cover,IBN,OK,2018-02-28,1.0,True
short_interest_days_to_cover,IBN,OK,2018-03-15,1.0,True
short_interest_days_to_cover,IBN,OK,2018-03-29,1.0,True
short_interest_days_to_cover,IBN,OK,2018-04-13,1.0,True
short_interest_days_to_cover,IBN,OK,2018-04-30,1.33,True
short_interest_days_to_cover,IBN,OK,2018-05-15,1.72,True
short_interest_days_to_cover,ICE,OK,2017-12-29,1.82,True
short_interest_days_to_cover,ICE,OK,2018-01-12,1.87,True
short_interest_days_to_cover,ICE,OK,2018-01-31,2.11,True
short_interest_days_to_cover,ICE,OK,2018-02-15,1.12,True
short_interest_days_to_cover,ICE,OK,2018-02-28,1.64,True
short_interest_days_to_cover,ICE,OK,2018-03-15,1.54,True
short_interest_days_to_cover,ICE,OK,2018-03-29,1.55,True
short_interest_days_to_cover,ICE,OK,2018-04-13,2.04,True
short_interest_days_to_cover,ICE,OK,2018-04-30,2.66,True
short_interest_days_to_cover,ICE,OK,2018-05-15,1.75,True
short_interest_days_to_cover,IDXX,OK,2017-12-29,4.37,True
short_interest_days_to_cover,IDXX,OK,2018-01-12,2.91,True
short_interest_days_to_cover,IDXX,OK,2018-01-31,3.07,True
short_interest_days_to_cover,IDXX,OK,2018-02-15,1.69,True
short_interest_days_to_cover,IDXX,OK,2018-02-28,3.52,True
short_interest_days_to_cover,IDXX,OK,2018-03-15,3.18,True
short_interest_days_to_cover,IDXX,OK,2018-03-29,2.82,True
short_interest_days_to_cover,IDXX,OK,2018-04-13,3.92,True
short_interest_days_to_cover,IDXX,OK,2018-04-30,4.52,True
short_interest_days_to_cover,IDXX,OK,2018-05-15,2.96,True
short_interest_days_to_cover,IEX,OK,2017-12-29,6.42,True
short_interest_days_to_cover,IEX,OK,2018-01-12,4.06,True
short_interest_days_to_cover,IEX,OK,2018-01-31,3.53,True
short_interest_days_to_cover,IEX,OK,2018-02-15,3.84,True
short_interest_days_to_cover,IEX,OK,2018-02-28,5.17,True
short_interest_days_to_cover,IEX,OK,2018-03-15,5.09,True
short_interest_days_to_cover,IEX,OK,2018-03-29,5.03,True
short_interest_days_to_cover,IEX,OK,2018-04-13,6.29,True
short_interest_days_to_cover,IEX,OK,2018-04-30,5.63,True
short_interest_days_to_cover,IEX,OK,2018-05-15,5.27,True
short_interest_days_to_cover,IFF,OK,2017-12-29,5.63,True
short_interest_days_to_cover,IFF,OK,2018-01-12,3.97,True
short_interest_days_to_cover,IFF,OK,2018-01-31,2.39,True
short_interest_days_to_cover,IFF,OK,2018-02-15,2.13,True
short_interest_days_to_cover,IFF,OK,2018-02-28,2.51,True
short_interest_days_to_cover,IFF,OK,2018-03-15,1.65,True
short_interest_days_to_cover,IFF,OK,2018-03-29,2.81,True
short_interest_days_to_cover,IFF,OK,2018-04-13,3.79,True
short_interest_days_to_cover,IFF,OK,2018-04-30,3.81,True
short_interest_days_to_cover,IFF,OK,2018-05-15,1.46,True
short_interest_days_to_cover,IFNNY,OK,2017-12-29,1.0,True
short_interest_days_to_cover,IFNNY,OK,2018-01-12,1.0,True
short_interest_days_to_cover,IFNNY,OK,2018-01-31,1.0,True
short_interest_days_to_cover,IFNNY,OK,2018-02-15,1.0,True
short_interest_days_to_cover,IFNNY,OK,2018-02-28,1.0,True
short_interest_days_to_cover,IFNNY,OK,2018-03-15,1.0,True
short_interest_days_to_cover,IFNNY,OK,2018-03-29,1.0,True
short_interest_days_to_cover,IFNNY,OK,2018-04-13,1.0,True
short_interest_days_to_cover,IFNNY,OK,2018-04-30,1.0,True
short_interest_days_to_cover,IFNNY,OK,2018-05-15,1.0,True
short_interest_days_to_cover,IMO,OK,2017-12-29,44.83,True
short_interest_days_to_cover,IMO,OK,2018-01-12,33.26,True
short_interest_days_to_cover,IMO,OK,2018-01-31,23.58,True
short_interest_days_to_cover,IMO,OK,2018-02-15,15.07,True
short_interest_days_to_cover,IMO,OK,2018-02-28,29.48,True
short_interest_days_to_cover,IMO,OK,2018-03-15,31.78,True
short_interest_days_to_cover,IMO,OK,2018-03-29,23.4,True
short_interest_days_to_cover,IMO,OK,2018-04-13,19.44,True
short_interest_days_to_cover,IMO,OK,2018-04-30,31.48,True
short_interest_days_to_cover,IMO,OK,2018-05-15,40.78,True
short_interest_days_to_cover,INCY,OK,2017-12-29,7.02,True
short_interest_days_to_cover,INCY,OK,2018-01-12,4.43,True
short_interest_days_to_cover,INCY,OK,2018-01-31,4.24,True
short_interest_days_to_cover,INCY,OK,2018-02-15,3.73,True
short_interest_days_to_cover,INCY,OK,2018-02-28,5.43,True
short_interest_days_to_cover,INCY,OK,2018-03-15,4.65,True
short_interest_days_to_cover,INCY,OK,2018-03-29,4.67,True
short_interest_days_to_cover,INCY,OK,2018-04-13,1.45,True
short_interest_days_to_cover,INCY,OK,2018-04-30,2.15,True
short_interest_days_to_cover,INCY,OK,2018-05-15,2.48,True
short_interest_days_to_cover,ING,OK,2017-12-29,2.43,True
short_interest_days_to_cover,ING,OK,2018-01-12,1.58,True
short_interest_days_to_cover,ING,OK,2018-01-31,1.49,True
short_interest_days_to_cover,ING,OK,2018-02-15,1.08,True
short_interest_days_to_cover,ING,OK,2018-02-28,1.05,True
short_interest_days_to_cover,ING,OK,2018-03-15,1.35,True
short_interest_days_to_cover,ING,OK,2018-03-29,1.0,True
short_interest_days_to_cover,ING,OK,2018-04-13,1.0,True
short_interest_days_to_cover,ING,OK,2018-04-30,1.0,True
short_interest_days_to_cover,ING,OK,2018-05-15,1.06,True
short_interest_days_to_cover,INTC,OK,2017-12-29,3.95,True
short_interest_days_to_cover,INTC,OK,2018-01-12,2.08,True
short_interest_days_to_cover,INTC,OK,2018-01-31,2.78,True
short_interest_days_to_cover,INTC,OK,2018-02-15,2.96,True
short_interest_days_to_cover,INTC,OK,2018-02-28,3.53,True
short_interest_days_to_cover,INTC,OK,2018-03-15,3.17,True
short_interest_days_to_cover,INTC,OK,2018-03-29,2.59,True
short_interest_days_to_cover,INTC,OK,2018-04-13,2.73,True
short_interest_days_to_cover,INTC,OK,2018-04-30,2.4,True
short_interest_days_to_cover,INTC,OK,2018-05-15,3.63,True
short_interest_days_to_cover,INTU,OK,2017-12-29,2.33,True
short_interest_days_to_cover,INTU,OK,2018-01-12,2.39,True
short_interest_days_to_cover,INTU,OK,2018-01-31,2.39,True
short_interest_days_to_cover,INTU,OK,2018-02-15,1.74,True
short_interest_days_to_cover,INTU,OK,2018-02-28,1.6,True
short_interest_days_to_cover,INTU,OK,2018-03-15,1.95,True
short_interest_days_to_cover,INTU,OK,2018-03-29,1.99,True
short_interest_days_to_cover,INTU,OK,2018-04-13,2.01,True
short_interest_days_to_cover,INTU,OK,2018-04-30,2.38,True
short_interest_days_to_cover,INTU,OK,2018-05-15,2.58,True
short_interest_days_to_cover,INVH,OK,2017-12-29,9.03,True
short_interest_days_to_cover,INVH,OK,2018-01-12,6.97,True
short_interest_days_to_cover,INVH,OK,2018-01-31,6.04,True
short_interest_days_to_cover,INVH,OK,2018-02-15,6.95,True
short_interest_days_to_cover,INVH,OK,2018-02-28,7.04,True
short_interest_days_to_cover,INVH,OK,2018-03-15,8.58,True
short_interest_days_to_cover,INVH,OK,2018-03-29,7.83,True
short_interest_days_to_cover,INVH,OK,2018-04-13,12.2,True
short_interest_days_to_cover,INVH,OK,2018-04-30,11.43,True
short_interest_days_to_cover,INVH,OK,2018-05-15,10.62,True
short_interest_days_to_cover,IP,OK,2017-12-29,3.42,True
short_interest_days_to_cover,IP,OK,2018-01-12,3.11,True
short_interest_days_to_cover,IP,OK,2018-01-31,2.88,True
short_interest_days_to_cover,IP,OK,2018-02-15,2.27,True
short_interest_days_to_cover,IP,OK,2018-02-28,3.63,True
short_interest_days_to_cover,IP,OK,2018-03-15,2.18,True
short_interest_days_to_cover,IP,OK,2018-03-29,2.48,True
short_interest_days_to_cover,IP,OK,2018-04-13,2.79,True
short_interest_days_to_cover,IP,OK,2018-04-30,3.26,True
short_interest_days_to_cover,IP,OK,2018-05-15,3.25,True
short_interest_days_to_cover,IQV,OK,2017-12-29,5.1,True
short_interest_days_to_cover,IQV,OK,2018-01-12,5.22,True
short_interest_days_to_cover,IQV,OK,2018-01-31,5.21,True
short_interest_days_to_cover,IQV,OK,2018-02-15,4.66,True
short_interest_days_to_cover,IQV,OK,2018-02-28,4.0,True
short_interest_days_to_cover,IQV,OK,2018-03-15,6.96,True
short_interest_days_to_cover,IQV,OK,2018-03-29,6.47,True
short_interest_days_to_cover,IQV,OK,2018-04-13,7.04,True
short_interest_days_to_cover,IQV,OK,2018-04-30,6.66,True
short_interest_days_to_cover,IQV,OK,2018-05-15,5.64,True
short_interest_days_to_cover,IR,OK,2017-12-29,2.43,True
short_interest_days_to_cover,IR,OK,2018-01-12,2.31,True
short_interest_days_to_cover,IR,OK,2018-01-31,2.07,True
short_interest_days_to_cover,IR,OK,2018-02-15,1.44,True
short_interest_days_to_cover,IR,OK,2018-02-28,1.52,True
short_interest_days_to_cover,IR,OK,2018-03-15,1.52,True
short_interest_days_to_cover,IR,OK,2018-03-29,2.34,True
short_interest_days_to_cover,IR,OK,2018-04-13,2.73,True
short_interest_days_to_cover,IR,OK,2018-04-30,1.35,True
short_interest_days_to_cover,IR,OK,2018-05-15,2.51,True
short_interest_days_to_cover,IRM,OK,2017-12-29,13.08,True
short_interest_days_to_cover,IRM,OK,2018-01-12,13.24,True
short_interest_days_to_cover,IRM,OK,2018-01-31,10.0,True
short_interest_days_to_cover,IRM,OK,2018-02-15,9.41,True
short_interest_days_to_cover,IRM,OK,2018-02-28,8.4,True
short_interest_days_to_cover,IRM,OK,2018-03-15,11.92,True
short_interest_days_to_cover,IRM,OK,2018-03-29,10.47,True
short_interest_days_to_cover,IRM,OK,2018-04-13,14.71,True
short_interest_days_to_cover,IRM,OK,2018-04-30,14.39,True
short_interest_days_to_cover,IRM,OK,2018-05-15,14.25,True
short_interest_days_to_cover,ISRG,OK,2017-12-29,4.02,True
short_interest_days_to_cover,ISRG,OK,2018-01-12,2.15,True
short_interest_days_to_cover,ISRG,OK,2018-01-31,2.05,True
short_interest_days_to_cover,ISRG,OK,2018-02-15,1.99,True
short_interest_days_to_cover,ISRG,OK,2018-02-28,2.77,True
short_interest_days_to_cover,ISRG,OK,2018-03-15,2.58,True
short_interest_days_to_cover,ISRG,OK,2018-03-29,1.97,True
short_interest_days_to_cover,ISRG,OK,2018-04-13,2.31,True
short_interest_days_to_cover,ISRG,OK,2018-04-30,1.59,True
short_interest_days_to_cover,ISRG,OK,2018-05-15,2.42,True
short_interest_days_to_cover,IT,OK,2017-12-29,7.87,True
short_interest_days_to_cover,IT,OK,2018-01-12,7.37,True
short_interest_days_to_cover,IT,OK,2018-01-31,7.06,True
short_interest_days_to_cover,IT,OK,2018-02-15,3.49,True
short_interest_days_to_cover,IT,OK,2018-02-28,5.48,True
short_interest_days_to_cover,IT,OK,2018-03-15,5.84,True
short_interest_days_to_cover,IT,OK,2018-03-29,6.55,True
short_interest_days_to_cover,IT,OK,2018-04-13,9.13,True
short_interest_days_to_cover,IT,OK,2018-04-30,9.57,True
short_interest_days_to_cover,IT,OK,2018-05-15,5.71,True
short_interest_days_to_cover,ITUB,OK,2017-12-29,3.07,True
short_interest_days_to_cover,ITUB,OK,2018-01-12,2.2,True
short_interest_days_to_cover,ITUB,OK,2018-01-31,2.61,True
short_interest_days_to_cover,ITUB,OK,2018-02-15,2.33,True
short_interest_days_to_cover,ITUB,OK,2018-02-28,1.96,True
short_interest_days_to_cover,ITUB,OK,2018-03-15,2.19,True
short_interest_days_to_cover,ITUB,OK,2018-03-29,2.22,True
short_interest_days_to_cover,ITUB,OK,2018-04-13,3.28,True
short_interest_days_to_cover,ITUB,OK,2018-04-30,3.9,True
short_interest_days_to_cover,ITUB,OK,2018-05-15,2.64,True
short_interest_days_to_cover,ITW,OK,2017-12-29,3.44,True
short_interest_days_to_cover,ITW,OK,2018-01-12,2.84,True
short_interest_days_to_cover,ITW,OK,2018-01-31,2.73,True
short_interest_days_to_cover,ITW,OK,2018-02-15,2.5,True
short_interest_days_to_cover,ITW,OK,2018-02-28,3.66,True
short_interest_days_to_cover,ITW,OK,2018-03-15,2.99,True
short_interest_days_to_cover,ITW,OK,2018-03-29,2.93,True
short_interest_days_to_cover,ITW,OK,2018-04-13,2.77,True
short_interest_days_to_cover,ITW,OK,2018-04-30,2.08,True
short_interest_days_to_cover,ITW,OK,2018-05-15,2.62,True
short_interest_days_to_cover,IVZ,OK,2017-12-29,4.16,True
short_interest_days_to_cover,IVZ,OK,2018-01-12,2.47,True
short_interest_days_to_cover,IVZ,OK,2018-01-31,2.4,True
short_interest_days_to_cover,IVZ,OK,2018-02-15,1.4,True
short_interest_days_to_cover,IVZ,OK,2018-02-28,1.99,True
short_interest_days_to_cover,IVZ,OK,2018-03-15,1.91,True
short_interest_days_to_cover,IVZ,OK,2018-03-29,1.69,True
short_interest_days_to_cover,IVZ,OK,2018-04-13,2.21,True
short_interest_days_to_cover,IVZ,OK,2018-04-30,1.91,True
short_interest_days_to_cover,IVZ,OK,2018-05-15,1.43,True
short_interest_days_to_cover,J,OK,2019-12-13,2.16,True
short_interest_days_to_cover,J,OK,2019-12-31,4.0,True
short_interest_days_to_cover,J,OK,2020-01-15,4.29,True
short_interest_days_to_cover,J,OK,2020-01-31,3.9,True
short_interest_days_to_cover,J,OK,2020-02-14,2.6,True
short_interest_days_to_cover,J,OK,2020-02-28,2.39,True
short_interest_days_to_cover,J,OK,2020-03-13,2.52,True
short_interest_days_to_cover,J,OK,2020-03-31,1.86,True
short_interest_days_to_cover,J,OK,2020-04-15,2.6,True
short_interest_days_to_cover,J,OK,2020-04-30,2.32,True
short_interest_days_to_cover,JBHT,OK,2017-12-29,3.02,True
short_interest_days_to_cover,JBHT,OK,2018-01-12,2.97,True
short_interest_days_to_cover,JBHT,OK,2018-01-31,3.53,True
short_interest_days_to_cover,JBHT,OK,2018-02-15,2.72,True
short_interest_days_to_cover,JBHT,OK,2018-02-28,5.83,True
short_interest_days_to_cover,JBHT,OK,2018-03-15,5.14,True
short_interest_days_to_cover,JBHT,OK,2018-03-29,4.92,True
short_interest_days_to_cover,JBHT,OK,2018-04-13,3.18,True
short_interest_days_to_cover,JBHT,OK,2018-04-30,4.52,True
short_interest_days_to_cover,JBHT,OK,2018-05-15,5.4,True
short_interest_days_to_cover,JBL,OK,2017-12-29,5.28,True
short_interest_days_to_cover,JBL,OK,2018-01-12,7.9,True
short_interest_days_to_cover,JBL,OK,2018-01-31,5.68,True
short_interest_days_to_cover,JBL,OK,2018-02-15,4.64,True
short_interest_days_to_cover,JBL,OK,2018-02-28,7.8,True
short_interest_days_to_cover,JBL,OK,2018-03-15,4.31,True
short_interest_days_to_cover,JBL,OK,2018-03-29,1.92,True
short_interest_days_to_cover,JBL,OK,2018-04-13,4.29,True
short_interest_days_to_cover,JBL,OK,2018-04-30,3.61,True
short_interest_days_to_cover,JBL,OK,2018-05-15,3.41,True
short_interest_days_to_cover,JCI,OK,2017-12-29,4.98,True
short_interest_days_to_cover,JCI,OK,2018-01-12,4.25,True
short_interest_days_to_cover,JCI,OK,2018-01-31,3.91,True
short_interest_days_to_cover,JCI,OK,2018-02-15,4.55,True
short_interest_days_to_cover,JCI,OK,2018-02-28,7.34,True
short_interest_days_to_cover,JCI,OK,2018-03-15,5.05,True
short_interest_days_to_cover,JCI,OK,2018-03-29,4.36,True
short_interest_days_to_cover,JCI,OK,2018-04-13,4.59,True
short_interest_days_to_cover,JCI,OK,2018-04-30,4.9,True
short_interest_days_to_cover,JCI,OK,2018-05-15,6.2,True
short_interest_days_to_cover,JKHY,OK,2017-12-29,10.51,True
short_interest_days_to_cover,JKHY,OK,2018-01-12,8.04,True
short_interest_days_to_cover,JKHY,OK,2018-01-31,6.6,True
short_interest_days_to_cover,JKHY,OK,2018-02-15,3.85,True
short_interest_days_to_cover,JKHY,OK,2018-02-28,5.91,True
short_interest_days_to_cover,JKHY,OK,2018-03-15,5.8,True
short_interest_days_to_cover,JKHY,OK,2018-03-29,6.7,True
short_interest_days_to_cover,JKHY,OK,2018-04-13,7.53,True
short_interest_days_to_cover,JKHY,OK,2018-04-30,9.82,True
short_interest_days_to_cover,JKHY,OK,2018-05-15,5.38,True
short_interest_days_to_cover,JNJ,OK,2017-12-29,3.33,True
short_interest_days_to_cover,JNJ,OK,2018-01-12,2.99,True
short_interest_days_to_cover,JNJ,OK,2018-01-31,1.82,True
short_interest_days_to_cover,JNJ,OK,2018-02-15,1.58,True
short_interest_days_to_cover,JNJ,OK,2018-02-28,2.49,True
short_interest_days_to_cover,JNJ,OK,2018-03-15,3.02,True
short_interest_days_to_cover,JNJ,OK,2018-03-29,2.28,True
short_interest_days_to_cover,JNJ,OK,2018-04-13,2.97,True
short_interest_days_to_cover,JNJ,OK,2018-04-30,2.59,True
short_interest_days_to_cover,JNJ,OK,2018-05-15,3.01,True
short_interest_days_to_cover,JPM,OK,2017-12-29,2.53,True
short_interest_days_to_cover,JPM,OK,2018-01-12,2.04,True
short_interest_days_to_cover,JPM,OK,2018-01-31,2.1,True
short_interest_days_to_cover,JPM,OK,2018-02-15,1.44,True
short_interest_days_to_cover,JPM,OK,2018-02-28,2.06,True
short_interest_days_to_cover,JPM,OK,2018-03-15,2.15,True
short_interest_days_to_cover,JPM,OK,2018-03-29,1.48,True
short_interest_days_to_cover,JPM,OK,2018-04-13,1.34,True
short_interest_days_to_cover,JPM,OK,2018-04-30,1.61,True
short_interest_days_to_cover,JPM,OK,2018-05-15,2.09,True
short_interest_days_to_cover,KDP,OK,2018-07-13,1.0,True
short_interest_days_to_cover,KDP,OK,2018-07-31,1.65,True
short_interest_days_to_cover,KDP,OK,2018-08-15,2.1,True
short_interest_days_to_cover,KDP,OK,2018-08-31,2.25,True
short_interest_days_to_cover,KDP,OK,2018-09-14,1.83,True
short_interest_days_to_cover,KDP,OK,2018-09-28,2.61,True
short_interest_days_to_cover,KDP,OK,2018-10-15,2.56,True
short_interest_days_to_cover,KDP,OK,2018-10-31,1.64,True
short_interest_days_to_cover,KDP,OK,2018-11-15,1.43,True
short_interest_days_to_cover,KDP,OK,2018-11-30,1.8,True
short_interest_days_to_cover,KEY,OK,2017-12-29,2.32,True
short_interest_days_to_cover,KEY,OK,2018-01-12,2.21,True
short_interest_days_to_cover,KEY,OK,2018-01-31,1.54,True
short_interest_days_to_cover,KEY,OK,2018-02-15,1.04,True
short_interest_days_to_cover,KEY,OK,2018-02-28,1.28,True
short_interest_days_to_cover,KEY,OK,2018-03-15,1.42,True
short_interest_days_to_cover,KEY,OK,2018-03-29,1.03,True
short_interest_days_to_cover,KEY,OK,2018-04-13,1.35,True
short_interest_days_to_cover,KEY,OK,2018-04-30,1.35,True
short_interest_days_to_cover,KEY,OK,2018-05-15,1.47,True
short_interest_days_to_cover,KEYS,OK,2017-12-29,4.42,True
short_interest_days_to_cover,KEYS,OK,2018-01-12,3.24,True
short_interest_days_to_cover,KEYS,OK,2018-01-31,4.15,True
short_interest_days_to_cover,KEYS,OK,2018-02-15,3.81,True
short_interest_days_to_cover,KEYS,OK,2018-02-28,5.09,True
short_interest_days_to_cover,KEYS,OK,2018-03-15,2.15,True
short_interest_days_to_cover,KEYS,OK,2018-03-29,2.94,True
short_interest_days_to_cover,KEYS,OK,2018-04-13,3.42,True
short_interest_days_to_cover,KEYS,OK,2018-04-30,4.04,True
short_interest_days_to_cover,KEYS,OK,2018-05-15,2.28,True
short_interest_days_to_cover,KHC,OK,2017-12-29,5.38,True
short_interest_days_to_cover,KHC,OK,2018-01-12,4.56,True
short_interest_days_to_cover,KHC,OK,2018-01-31,4.28,True
short_interest_days_to_cover,KHC,OK,2018-02-15,3.29,True
short_interest_days_to_cover,KHC,OK,2018-02-28,2.85,True
short_interest_days_to_cover,KHC,OK,2018-03-15,6.05,True
short_interest_days_to_cover,KHC,OK,2018-03-29,3.88,True
short_interest_days_to_cover,KHC,OK,2018-04-13,5.47,True
short_interest_days_to_cover,KHC,OK,2018-04-30,4.2,True
short_interest_days_to_cover,KHC,OK,2018-05-15,4.44,True
short_interest_days_to_cover,KIM,OK,2017-12-29,4.52,True
short_interest_days_to_cover,KIM,OK,2018-01-12,3.91,True
short_interest_days_to_cover,KIM,OK,2018-01-31,2.58,True
short_interest_days_to_cover,KIM,OK,2018-02-15,1.74,True
short_interest_days_to_cover,KIM,OK,2018-02-28,2.14,True
short_interest_days_to_cover,KIM,OK,2018-03-15,3.08,True
short_interest_days_to_cover,KIM,OK,2018-03-29,2.9,True
short_interest_days_to_cover,KIM,OK,2018-04-13,3.97,True
short_interest_days_to_cover,KIM,OK,2018-04-30,3.49,True
short_interest_days_to_cover,KIM,OK,2018-05-15,5.48,True
short_interest_days_to_cover,KKR,OK,2017-12-29,2.72,True
short_interest_days_to_cover,KKR,OK,2018-01-12,2.73,True
short_interest_days_to_cover,KKR,OK,2018-01-31,1.85,True
short_interest_days_to_cover,KKR,OK,2018-02-15,1.0,True
short_interest_days_to_cover,KKR,OK,2018-02-28,1.25,True
short_interest_days_to_cover,KKR,OK,2018-03-15,1.75,True
short_interest_days_to_cover,KKR,OK,2018-03-29,2.15,True
short_interest_days_to_cover,KKR,OK,2018-04-13,2.33,True
short_interest_days_to_cover,KKR,OK,2018-04-30,4.0,True
short_interest_days_to_cover,KKR,OK,2018-05-15,1.0,True
short_interest_days_to_cover,KLAC,OK,2017-12-29,2.57,True
short_interest_days_to_cover,KLAC,OK,2018-01-12,2.15,True
short_interest_days_to_cover,KLAC,OK,2018-01-31,1.75,True
short_interest_days_to_cover,KLAC,OK,2018-02-15,1.52,True
short_interest_days_to_cover,KLAC,OK,2018-02-28,1.95,True
short_interest_days_to_cover,KLAC,OK,2018-03-15,2.82,True
short_interest_days_to_cover,KLAC,OK,2018-03-29,2.03,True
short_interest_days_to_cover,KLAC,OK,2018-04-13,2.94,True
short_interest_days_to_cover,KLAC,OK,2018-04-30,2.95,True
short_interest_days_to_cover,KLAC,OK,2018-05-15,4.19,True
short_interest_days_to_cover,KMB,OK,2017-12-29,11.29,True
short_interest_days_to_cover,KMB,OK,2018-01-12,7.49,True
short_interest_days_to_cover,KMB,OK,2018-01-31,5.99,True
short_interest_days_to_cover,KMB,OK,2018-02-15,6.33,True
short_interest_days_to_cover,KMB,OK,2018-02-28,9.75,True
short_interest_days_to_cover,KMB,OK,2018-03-15,9.17,True
short_interest_days_to_cover,KMB,OK,2018-03-29,6.84,True
short_interest_days_to_cover,KMB,OK,2018-04-13,9.02,True
short_interest_days_to_cover,KMB,OK,2018-04-30,4.79,True
short_interest_days_to_cover,KMB,OK,2018-05-15,9.81,True
short_interest_days_to_cover,KMI,OK,2017-12-29,3.92,True
short_interest_days_to_cover,KMI,OK,2018-01-12,3.89,True
short_interest_days_to_cover,KMI,OK,2018-01-31,3.23,True
short_interest_days_to_cover,KMI,OK,2018-02-15,3.46,True
short_interest_days_to_cover,KMI,OK,2018-02-28,4.76,True
short_interest_days_to_cover,KMI,OK,2018-03-15,3.68,True
short_interest_days_to_cover,KMI,OK,2018-03-29,2.62,True
short_interest_days_to_cover,KMI,OK,2018-04-13,3.1,True
short_interest_days_to_cover,KMI,OK,2018-04-30,3.83,True
short_interest_days_to_cover,KMI,OK,2018-05-15,3.36,True
short_interest_days_to_cover,KO,OK,2017-12-29,4.09,True
short_interest_days_to_cover,KO,OK,2018-01-12,3.22,True
short_interest_days_to_cover,KO,OK,2018-01-31,3.31,True
short_interest_days_to_cover,KO,OK,2018-02-15,2.14,True
short_interest_days_to_cover,KO,OK,2018-02-28,2.85,True
short_interest_days_to_cover,KO,OK,2018-03-15,3.54,True
short_interest_days_to_cover,KO,OK,2018-03-29,2.98,True
short_interest_days_to_cover,KO,OK,2018-04-13,3.47,True
short_interest_days_to_cover,KO,OK,2018-04-30,3.1,True
short_interest_days_to_cover,KO,OK,2018-05-15,3.3,True
short_interest_days_to_cover,KR,OK,2017-12-29,3.88,True
short_interest_days_to_cover,KR,OK,2018-01-12,3.44,True
short_interest_days_to_cover,KR,OK,2018-01-31,2.79,True
short_interest_days_to_cover,KR,OK,2018-02-15,3.51,True
short_interest_days_to_cover,KR,OK,2018-02-28,3.78,True
short_interest_days_to_cover,KR,OK,2018-03-15,1.98,True
short_interest_days_to_cover,KR,OK,2018-03-29,3.9,True
short_interest_days_to_cover,KR,OK,2018-04-13,4.97,True
short_interest_days_to_cover,KR,OK,2018-04-30,7.05,True
short_interest_days_to_cover,KR,OK,2018-05-15,7.29,True
short_interest_days_to_cover,KVUE,OK,2023-05-15,1.0,True
short_interest_days_to_cover,KVUE,OK,2023-05-31,1.59,True
short_interest_days_to_cover,KVUE,OK,2023-06-15,2.09,True
short_interest_days_to_cover,KVUE,OK,2023-06-30,4.62,True
short_interest_days_to_cover,KVUE,OK,2023-07-14,1.66,True
short_interest_days_to_cover,KVUE,OK,2023-07-31,2.23,True
short_interest_days_to_cover,KVUE,OK,2023-08-15,2.36,True
short_interest_days_to_cover,KVUE,OK,2023-08-31,1.0,True
short_interest_days_to_cover,KVUE,OK,2023-09-15,1.0,True
short_interest_days_to_cover,KVUE,OK,2023-09-29,1.79,True
short_interest_days_to_cover,KXIAY,OK,2025-10-15,4.61,True
short_interest_days_to_cover,KXIAY,OK,2025-10-31,1.0,True
short_interest_days_to_cover,KXIAY,OK,2025-11-14,1.0,True
short_interest_days_to_cover,KXIAY,OK,2025-11-28,1.0,True
short_interest_days_to_cover,KXIAY,OK,2025-12-15,2.29,True
short_interest_days_to_cover,KXIAY,OK,2025-12-31,1.3,True
short_interest_days_to_cover,KXIAY,OK,2026-01-15,1.0,True
short_interest_days_to_cover,KXIAY,OK,2026-01-30,1.0,True
short_interest_days_to_cover,KXIAY,OK,2026-02-13,1.0,True
short_interest_days_to_cover,KXIAY,OK,2026-02-27,1.0,True
short_interest_days_to_cover,L,OK,2017-12-29,1.77,True
short_interest_days_to_cover,L,OK,2018-01-12,1.41,True
short_interest_days_to_cover,L,OK,2018-01-31,2.13,True
short_interest_days_to_cover,L,OK,2018-02-15,1.64,True
short_interest_days_to_cover,L,OK,2018-02-28,2.8,True
short_interest_days_to_cover,L,OK,2018-03-15,2.69,True
short_interest_days_to_cover,L,OK,2018-03-29,2.72,True
short_interest_days_to_cover,L,OK,2018-04-13,3.36,True
short_interest_days_to_cover,L,OK,2018-04-30,3.53,True
short_interest_days_to_cover,L,OK,2018-05-15,3.86,True
short_interest_days_to_cover,LDOS,OK,2017-12-29,2.8,True
short_interest_days_to_cover,LDOS,OK,2018-01-12,4.01,True
short_interest_days_to_cover,LDOS,OK,2018-01-31,3.57,True
short_interest_days_to_cover,LDOS,OK,2018-02-15,2.73,True
short_interest_days_to_cover,LDOS,OK,2018-02-28,1.39,True
short_interest_days_to_cover,LDOS,OK,2018-03-15,1.87,True
short_interest_days_to_cover,LDOS,OK,2018-03-29,3.18,True
short_interest_days_to_cover,LDOS,OK,2018-04-13,3.53,True
short_interest_days_to_cover,LDOS,OK,2018-04-30,4.05,True
short_interest_days_to_cover,LDOS,OK,2018-05-15,1.66,True
short_interest_days_to_cover,LEN,OK,2017-12-29,6.59,True
short_interest_days_to_cover,LEN,OK,2018-01-12,4.16,True
short_interest_days_to_cover,LEN,OK,2018-01-31,5.69,True
short_interest_days_to_cover,LEN,OK,2018-02-15,4.63,True
short_interest_days_to_cover,LEN,OK,2018-02-28,2.67,True
short_interest_days_to_cover,LEN,OK,2018-03-15,3.26,True
short_interest_days_to_cover,LEN,OK,2018-03-29,4.4,True
short_interest_days_to_cover,LEN,OK,2018-04-13,1.53,True
short_interest_days_to_cover,LEN,OK,2018-04-30,2.87,True
short_interest_days_to_cover,LEN,OK,2018-05-15,3.29,True
short_interest_days_to_cover,LH,OK,2017-12-29,6.44,True
short_interest_days_to_cover,LH,OK,2018-01-12,5.67,True
short_interest_days_to_cover,LH,OK,2018-01-31,5.59,True
short_interest_days_to_cover,LH,OK,2018-02-15,3.8,True
short_interest_days_to_cover,LH,OK,2018-02-28,3.97,True
short_interest_days_to_cover,LH,OK,2018-03-15,4.45,True
short_interest_days_to_cover,LH,OK,2018-03-29,4.46,True
short_interest_days_to_cover,LH,OK,2018-04-13,4.24,True
short_interest_days_to_cover,LH,OK,2018-04-30,3.14,True
short_interest_days_to_cover,LH,OK,2018-05-15,3.94,True
short_interest_days_to_cover,LHX,OK,2019-07-15,1.54,True
short_interest_days_to_cover,LHX,OK,2019-07-31,2.06,True
short_interest_days_to_cover,LHX,OK,2019-08-15,1.14,True
short_interest_days_to_cover,LHX,OK,2019-08-30,1.32,True
short_interest_days_to_cover,LHX,OK,2019-09-13,1.29,True
short_interest_days_to_cover,LHX,OK,2019-09-30,1.04,True
short_interest_days_to_cover,LHX,OK,2019-10-15,1.78,True
short_interest_days_to_cover,LHX,OK,2019-10-31,1.18,True
short_interest_days_to_cover,LHX,OK,2019-11-15,1.12,True
short_interest_days_to_cover,LHX,OK,2019-11-29,1.64,True
short_interest_days_to_cover,LII,OK,2017-12-29,13.01,True
short_interest_days_to_cover,LII,OK,2018-01-12,10.15,True
short_interest_days_to_cover,LII,OK,2018-01-31,11.18,True
short_interest_days_to_cover,LII,OK,2018-02-15,6.68,True
short_interest_days_to_cover,LII,OK,2018-02-28,8.56,True
short_interest_days_to_cover,LII,OK,2018-03-15,8.95,True
short_interest_days_to_cover,LII,OK,2018-03-29,7.91,True
short_interest_days_to_cover,LII,OK,2018-04-13,8.09,True
short_interest_days_to_cover,LII,OK,2018-04-30,5.17,True
short_interest_days_to_cover,LII,OK,2018-05-15,9.13,True
short_interest_days_to_cover,LIN,OK,2018-10-31,12.71,True
short_interest_days_to_cover,LIN,OK,2018-11-15,2.47,True
short_interest_days_to_cover,LIN,OK,2018-11-30,2.85,True
short_interest_days_to_cover,LIN,OK,2018-12-14,2.39,True
short_interest_days_to_cover,LIN,OK,2018-12-31,2.56,True
short_interest_days_to_cover,LIN,OK,2019-01-15,3.94,True
short_interest_days_to_cover,LIN,OK,2019-01-31,3.63,True
short_interest_days_to_cover,LIN,OK,2019-02-15,3.41,True
short_interest_days_to_cover,LIN,OK,2019-02-28,3.22,True
short_interest_days_to_cover,LIN,OK,2019-03-15,3.22,True
short_interest_days_to_cover,LITE,OK,2017-12-29,8.27,True
short_interest_days_to_cover,LITE,OK,2018-01-12,8.63,True
short_interest_days_to_cover,LITE,OK,2018-01-31,4.51,True
short_interest_days_to_cover,LITE,OK,2018-02-15,3.55,True
short_interest_days_to_cover,LITE,OK,2018-02-28,8.24,True
short_interest_days_to_cover,LITE,OK,2018-03-15,4.99,True
short_interest_days_to_cover,LITE,OK,2018-03-29,6.16,True
short_interest_days_to_cover,LITE,OK,2018-04-13,3.85,True
short_interest_days_to_cover,LITE,OK,2018-04-30,3.96,True
short_interest_days_to_cover,LITE,OK,2018-05-15,5.12,True
short_interest_days_to_cover,LLY,OK,2017-12-29,5.12,True
short_interest_days_to_cover,LLY,OK,2018-01-12,4.61,True
short_interest_days_to_cover,LLY,OK,2018-01-31,1.98,True
short_interest_days_to_cover,LLY,OK,2018-02-15,1.57,True
short_interest_days_to_cover,LLY,OK,2018-02-28,2.32,True
short_interest_days_to_cover,LLY,OK,2018-03-15,3.63,True
short_interest_days_to_cover,LLY,OK,2018-03-29,2.35,True
short_interest_days_to_cover,LLY,OK,2018-04-13,2.7,True
short_interest_days_to_cover,LLY,OK,2018-04-30,2.13,True
short_interest_days_to_cover,LLY,OK,2018-05-15,2.72,True
short_interest_days_to_cover,LMT,OK,2017-12-29,3.09,True
short_interest_days_to_cover,LMT,OK,2018-01-12,2.19,True
short_interest_days_to_cover,LMT,OK,2018-01-31,1.59,True
short_interest_days_to_cover,LMT,OK,2018-02-15,1.35,True
short_interest_days_to_cover,LMT,OK,2018-02-28,2.64,True
short_interest_days_to_cover,LMT,OK,2018-03-15,2.25,True
short_interest_days_to_cover,LMT,OK,2018-03-29,1.38,True
short_interest_days_to_cover,LMT,OK,2018-04-13,2.33,True
short_interest_days_to_cover,LMT,OK,2018-04-30,1.49,True
short_interest_days_to_cover,LMT,OK,2018-05-15,1.35,True
short_interest_days_to_cover,LNT,OK,2017-12-29,5.75,True
short_interest_days_to_cover,LNT,OK,2018-01-12,5.04,True
short_interest_days_to_cover,LNT,OK,2018-01-31,4.55,True
short_interest_days_to_cover,LNT,OK,2018-02-15,3.26,True
short_interest_days_to_cover,LNT,OK,2018-02-28,3.24,True
short_interest_days_to_cover,LNT,OK,2018-03-15,4.09,True
short_interest_days_to_cover,LNT,OK,2018-03-29,4.39,True
short_interest_days_to_cover,LNT,OK,2018-04-13,4.1,True
short_interest_days_to_cover,LNT,OK,2018-04-30,5.82,True
short_interest_days_to_cover,LNT,OK,2018-05-15,5.02,True
short_interest_days_to_cover,LOW,OK,2017-12-29,2.09,True
short_interest_days_to_cover,LOW,OK,2018-01-12,1.85,True
short_interest_days_to_cover,LOW,OK,2018-01-31,1.47,True
short_interest_days_to_cover,LOW,OK,2018-02-15,1.36,True
short_interest_days_to_cover,LOW,OK,2018-02-28,1.0,True
short_interest_days_to_cover,LOW,OK,2018-03-15,1.49,True
short_interest_days_to_cover,LOW,OK,2018-03-29,1.33,True
short_interest_days_to_cover,LOW,OK,2018-04-13,1.86,True
short_interest_days_to_cover,LOW,OK,2018-04-30,1.92,True
short_interest_days_to_cover,LOW,OK,2018-05-15,2.47,True
short_interest_days_to_cover,LRCX,OK,2017-12-29,5.33,True
short_interest_days_to_cover,LRCX,OK,2018-01-12,4.23,True
short_interest_days_to_cover,LRCX,OK,2018-01-31,2.32,True
short_interest_days_to_cover,LRCX,OK,2018-02-15,2.17,True
short_interest_days_to_cover,LRCX,OK,2018-02-28,3.65,True
short_interest_days_to_cover,LRCX,OK,2018-03-15,2.58,True
short_interest_days_to_cover,LRCX,OK,2018-03-29,2.68,True
short_interest_days_to_cover,LRCX,OK,2018-04-13,3.2,True
short_interest_days_to_cover,LRCX,OK,2018-04-30,2.52,True
short_interest_days_to_cover,LRCX,OK,2018-05-15,5.62,True
short_interest_days_to_cover,LSEGY,OK,2025-11-28,1.0,True
short_interest_days_to_cover,LSEGY,OK,2025-12-15,1.0,True
short_interest_days_to_cover,LSEGY,OK,2025-12-31,1.0,True
short_interest_days_to_cover,LSEGY,OK,2026-01-15,1.0,True
short_interest_days_to_cover,LSEGY,OK,2026-01-30,1.0,True
short_interest_days_to_cover,LSEGY,OK,2026-02-13,1.0,True
short_interest_days_to_cover,LSEGY,OK,2026-02-27,1.0,True
short_interest_days_to_cover,LSEGY,OK,2026-03-13,1.0,True
short_interest_days_to_cover,LSEGY,OK,2026-03-31,1.0,True
short_interest_days_to_cover,LSEGY,OK,2026-04-15,1.0,True
short_interest_days_to_cover,LULU,OK,2017-12-29,4.49,True
short_interest_days_to_cover,LULU,OK,2018-01-12,2.81,True
short_interest_days_to_cover,LULU,OK,2018-01-31,3.61,True
short_interest_days_to_cover,LULU,OK,2018-02-15,1.33,True
short_interest_days_to_cover,LULU,OK,2018-02-28,3.25,True
short_interest_days_to_cover,LULU,OK,2018-03-15,3.05,True
short_interest_days_to_cover,LULU,OK,2018-03-29,1.56,True
short_interest_days_to_cover,LULU,OK,2018-04-13,2.1,True
short_interest_days_to_cover,LULU,OK,2018-04-30,2.35,True
short_interest_days_to_cover,LULU,OK,2018-05-15,2.93,True
short_interest_days_to_cover,LUV,OK,2017-12-29,2.96,True
short_interest_days_to_cover,LUV,OK,2018-01-12,2.51,True
short_interest_days_to_cover,LUV,OK,2018-01-31,1.94,True
short_interest_days_to_cover,LUV,OK,2018-02-15,1.9,True
short_interest_days_to_cover,LUV,OK,2018-02-28,2.48,True
short_interest_days_to_cover,LUV,OK,2018-03-15,2.42,True
short_interest_days_to_cover,LUV,OK,2018-03-29,2.19,True
short_interest_days_to_cover,LUV,OK,2018-04-13,2.21,True
short_interest_days_to_cover,LUV,OK,2018-04-30,1.89,True
short_interest_days_to_cover,LUV,OK,2018-05-15,1.87,True
short_interest_days_to_cover,LVS,OK,2017-12-29,2.61,True
short_interest_days_to_cover,LVS,OK,2018-01-12,2.38,True
short_interest_days_to_cover,LVS,OK,2018-01-31,1.08,True
short_interest_days_to_cover,LVS,OK,2018-02-15,1.6,True
short_interest_days_to_cover,LVS,OK,2018-02-28,2.62,True
short_interest_days_to_cover,LVS,OK,2018-03-15,1.85,True
short_interest_days_to_cover,LVS,OK,2018-03-29,1.44,True
short_interest_days_to_cover,LVS,OK,2018-04-13,1.53,True
short_interest_days_to_cover,LVS,OK,2018-04-30,1.28,True
short_interest_days_to_cover,LVS,OK,2018-05-15,2.04,True
short_interest_days_to_cover,LYB,OK,2017-12-29,7.63,True
short_interest_days_to_cover,LYB,OK,2018-01-12,7.61,True
short_interest_days_to_cover,LYB,OK,2018-01-31,4.9,True
short_interest_days_to_cover,LYB,OK,2018-02-15,2.75,True
short_interest_days_to_cover,LYB,OK,2018-02-28,4.74,True
short_interest_days_to_cover,LYB,OK,2018-03-15,4.37,True
short_interest_days_to_cover,LYB,OK,2018-03-29,3.39,True
short_interest_days_to_cover,LYB,OK,2018-04-13,3.77,True
short_interest_days_to_cover,LYB,OK,2018-04-30,3.76,True
short_interest_days_to_cover,LYB,OK,2018-05-15,4.02,True
short_interest_days_to_cover,LYG,OK,2017-12-29,2.04,True
short_interest_days_to_cover,LYG,OK,2018-01-12,2.84,True
short_interest_days_to_cover,LYG,OK,2018-01-31,2.47,True
short_interest_days_to_cover,LYG,OK,2018-02-15,2.4,True
short_interest_days_to_cover,LYG,OK,2018-02-28,2.13,True
short_interest_days_to_cover,LYG,OK,2018-03-15,2.61,True
short_interest_days_to_cover,LYG,OK,2018-03-29,3.07,True
short_interest_days_to_cover,LYG,OK,2018-04-13,4.57,True
short_interest_days_to_cover,LYG,OK,2018-04-30,1.0,True
short_interest_days_to_cover,LYG,OK,2018-05-15,2.04,True
short_interest_days_to_cover,LYV,OK,2017-12-29,13.77,True
short_interest_days_to_cover,LYV,OK,2018-01-12,14.5,True
short_interest_days_to_cover,LYV,OK,2018-01-31,9.68,True
short_interest_days_to_cover,LYV,OK,2018-02-15,9.93,True
short_interest_days_to_cover,LYV,OK,2018-02-28,7.38,True
short_interest_days_to_cover,LYV,OK,2018-03-15,7.93,True
short_interest_days_to_cover,LYV,OK,2018-03-29,6.66,True
short_interest_days_to_cover,LYV,OK,2018-04-13,5.03,True
short_interest_days_to_cover,LYV,OK,2018-04-30,9.29,True
short_interest_days_to_cover,LYV,OK,2018-05-15,6.9,True
short_interest_days_to_cover,MA,OK,2017-12-29,2.9,True
short_interest_days_to_cover,MA,OK,2018-01-12,1.75,True
short_interest_days_to_cover,MA,OK,2018-01-31,1.91,True
short_interest_days_to_cover,MA,OK,2018-02-15,1.53,True
short_interest_days_to_cover,MA,OK,2018-02-28,1.67,True
short_interest_days_to_cover,MA,OK,2018-03-15,2.34,True
short_interest_days_to_cover,MA,OK,2018-03-29,1.69,True
short_interest_days_to_cover,MA,OK,2018-04-13,2.03,True
short_interest_days_to_cover,MA,OK,2018-04-30,1.64,True
short_interest_days_to_cover,MA,OK,2018-05-15,1.98,True
short_interest_days_to_cover,MAA,OK,2017-12-29,4.0,True
short_interest_days_to_cover,MAA,OK,2018-01-12,3.02,True
short_interest_days_to_cover,MAA,OK,2018-01-31,2.82,True
short_interest_days_to_cover,MAA,OK,2018-02-15,1.96,True
short_interest_days_to_cover,MAA,OK,2018-02-28,2.18,True
short_interest_days_to_cover,MAA,OK,2018-03-15,1.87,True
short_interest_days_to_cover,MAA,OK,2018-03-29,1.92,True
short_interest_days_to_cover,MAA,OK,2018-04-13,1.97,True
short_interest_days_to_cover,MAA,OK,2018-04-30,2.88,True
short_interest_days_to_cover,MAA,OK,2018-05-15,2.77,True
short_interest_days_to_cover,MAR,OK,2017-12-29,5.25,True
short_interest_days_to_cover,MAR,OK,2018-01-12,4.64,True
short_interest_days_to_cover,MAR,OK,2018-01-31,4.7,True
short_interest_days_to_cover,MAR,OK,2018-02-15,3.12,True
short_interest_days_to_cover,MAR,OK,2018-02-28,3.51,True
short_interest_days_to_cover,MAR,OK,2018-03-15,4.01,True
short_interest_days_to_cover,MAR,OK,2018-03-29,4.24,True
short_interest_days_to_cover,MAR,OK,2018-04-13,2.64,True
short_interest_days_to_cover,MAR,OK,2018-04-30,5.24,True
short_interest_days_to_cover,MAR,OK,2018-05-15,2.81,True
short_interest_days_to_cover,MAS,OK,2017-12-29,3.16,True
short_interest_days_to_cover,MAS,OK,2018-01-12,2.59,True
short_interest_days_to_cover,MAS,OK,2018-01-31,1.98,True
short_interest_days_to_cover,MAS,OK,2018-02-15,1.93,True
short_interest_days_to_cover,MAS,OK,2018-02-28,3.04,True
short_interest_days_to_cover,MAS,OK,2018-03-15,3.05,True
short_interest_days_to_cover,MAS,OK,2018-03-29,2.99,True
short_interest_days_to_cover,MAS,OK,2018-04-13,2.76,True
short_interest_days_to_cover,MAS,OK,2018-04-30,1.16,True
short_interest_days_to_cover,MAS,OK,2018-05-15,2.18,True
short_interest_days_to_cover,MCD,OK,2017-12-29,2.61,True
short_interest_days_to_cover,MCD,OK,2018-01-12,2.09,True
short_interest_days_to_cover,MCD,OK,2018-01-31,1.51,True
short_interest_days_to_cover,MCD,OK,2018-02-15,1.26,True
short_interest_days_to_cover,MCD,OK,2018-02-28,1.22,True
short_interest_days_to_cover,MCD,OK,2018-03-15,1.51,True
short_interest_days_to_cover,MCD,OK,2018-03-29,1.46,True
short_interest_days_to_cover,MCD,OK,2018-04-13,1.75,True
short_interest_days_to_cover,MCD,OK,2018-04-30,2.0,True
short_interest_days_to_cover,MCD,OK,2018-05-15,2.22,True
short_interest_days_to_cover,MCHP,OK,2017-12-29,22.37,True
short_interest_days_to_cover,MCHP,OK,2018-01-12,17.57,True
short_interest_days_to_cover,MCHP,OK,2018-01-31,11.53,True
short_interest_days_to_cover,MCHP,OK,2018-02-15,5.55,True
short_interest_days_to_cover,MCHP,OK,2018-02-28,8.54,True
short_interest_days_to_cover,MCHP,OK,2018-03-15,8.63,True
short_interest_days_to_cover,MCHP,OK,2018-03-29,11.57,True
short_interest_days_to_cover,MCHP,OK,2018-04-13,11.38,True
short_interest_days_to_cover,MCHP,OK,2018-04-30,10.86,True
short_interest_days_to_cover,MCHP,OK,2018-05-15,11.93,True
short_interest_days_to_cover,MCK,OK,2017-12-29,5.33,True
short_interest_days_to_cover,MCK,OK,2018-01-12,5.26,True
short_interest_days_to_cover,MCK,OK,2018-01-31,3.95,True
short_interest_days_to_cover,MCK,OK,2018-02-15,3.51,True
short_interest_days_to_cover,MCK,OK,2018-02-28,5.81,True
short_interest_days_to_cover,MCK,OK,2018-03-15,5.2,True
short_interest_days_to_cover,MCK,OK,2018-03-29,4.0,True
short_interest_days_to_cover,MCK,OK,2018-04-13,5.15,True
short_interest_days_to_cover,MCK,OK,2018-04-30,4.86,True
short_interest_days_to_cover,MCK,OK,2018-05-15,5.25,True
short_interest_days_to_cover,MCO,OK,2017-12-29,4.04,True
short_interest_days_to_cover,MCO,OK,2018-01-12,3.34,True
short_interest_days_to_cover,MCO,OK,2018-01-31,4.14,True
short_interest_days_to_cover,MCO,OK,2018-02-15,2.04,True
short_interest_days_to_cover,MCO,OK,2018-02-28,3.05,True
short_interest_days_to_cover,MCO,OK,2018-03-15,3.16,True
short_interest_days_to_cover,MCO,OK,2018-03-29,4.12,True
short_interest_days_to_cover,MCO,OK,2018-04-13,4.63,True
short_interest_days_to_cover,MCO,OK,2018-04-30,3.85,True
short_interest_days_to_cover,MCO,OK,2018-05-15,4.71,True
short_interest_days_to_cover,MDLN,OK,2025-12-31,1.0,True
short_interest_days_to_cover,MDLN,OK,2026-01-15,1.27,True
short_interest_days_to_cover,MDLN,OK,2026-01-30,2.31,True
short_interest_days_to_cover,MDLN,OK,2026-02-13,2.71,True
short_interest_days_to_cover,MDLN,OK,2026-02-27,3.18,True
short_interest_days_to_cover,MDLN,OK,2026-03-13,1.19,True
short_interest_days_to_cover,MDLN,OK,2026-03-31,2.85,True
short_interest_days_to_cover,MDLN,OK,2026-04-15,3.12,True
short_interest_days_to_cover,MDLN,OK,2026-04-30,3.72,True
short_interest_days_to_cover,MDLN,OK,2026-05-15,2.84,True
short_interest_days_to_cover,MDLZ,OK,2017-12-29,1.25,True
short_interest_days_to_cover,MDLZ,OK,2018-01-12,1.33,True
short_interest_days_to_cover,MDLZ,OK,2018-01-31,1.67,True
short_interest_days_to_cover,MDLZ,OK,2018-02-15,1.34,True
short_interest_days_to_cover,MDLZ,OK,2018-02-28,1.9,True
short_interest_days_to_cover,MDLZ,OK,2018-03-15,1.69,True
short_interest_days_to_cover,MDLZ,OK,2018-03-29,1.13,True
short_interest_days_to_cover,MDLZ,OK,2018-04-13,1.42,True
short_interest_days_to_cover,MDLZ,OK,2018-04-30,1.5,True
short_interest_days_to_cover,MDLZ,OK,2018-05-15,1.64,True
short_interest_days_to_cover,MDT,OK,2017-12-29,2.25,True
short_interest_days_to_cover,MDT,OK,2018-01-12,1.59,True
short_interest_days_to_cover,MDT,OK,2018-01-31,2.11,True
short_interest_days_to_cover,MDT,OK,2018-02-15,1.99,True
short_interest_days_to_cover,MDT,OK,2018-02-28,1.71,True
short_interest_days_to_cover,MDT,OK,2018-03-15,2.52,True
short_interest_days_to_cover,MDT,OK,2018-03-29,2.11,True
short_interest_days_to_cover,MDT,OK,2018-04-13,2.54,True
short_interest_days_to_cover,MDT,OK,2018-04-30,2.68,True
short_interest_days_to_cover,MDT,OK,2018-05-15,2.16,True
short_interest_days_to_cover,MELI,OK,2017-12-29,5.57,True
short_interest_days_to_cover,MELI,OK,2018-01-12,7.29,True
short_interest_days_to_cover,MELI,OK,2018-01-31,4.49,True
short_interest_days_to_cover,MELI,OK,2018-02-15,3.04,True
short_interest_days_to_cover,MELI,OK,2018-02-28,2.83,True
short_interest_days_to_cover,MELI,OK,2018-03-15,3.59,True
short_interest_days_to_cover,MELI,OK,2018-03-29,2.97,True
short_interest_days_to_cover,MELI,OK,2018-04-13,3.55,True
short_interest_days_to_cover,MELI,OK,2018-04-30,3.87,True
short_interest_days_to_cover,MELI,OK,2018-05-15,3.37,True
short_interest_days_to_cover,MET,OK,2017-12-29,2.43,True
short_interest_days_to_cover,MET,OK,2018-01-12,2.82,True
short_interest_days_to_cover,MET,OK,2018-01-31,1.28,True
short_interest_days_to_cover,MET,OK,2018-02-15,1.0,True
short_interest_days_to_cover,MET,OK,2018-02-28,2.05,True
short_interest_days_to_cover,MET,OK,2018-03-15,2.17,True
short_interest_days_to_cover,MET,OK,2018-03-29,1.72,True
short_interest_days_to_cover,MET,OK,2018-04-13,1.95,True
short_interest_days_to_cover,MET,OK,2018-04-30,2.84,True
short_interest_days_to_cover,MET,OK,2018-05-15,1.92,True
short_interest_days_to_cover,META,OK,2021-07-15,1.0,True
short_interest_days_to_cover,META,OK,2021-07-30,1.0,True
short_interest_days_to_cover,META,OK,2021-08-13,1.0,True
short_interest_days_to_cover,META,OK,2021-08-31,1.0,True
short_interest_days_to_cover,META,OK,2021-09-15,1.0,True
short_interest_days_to_cover,META,OK,2021-09-30,1.0,True
short_interest_days_to_cover,META,OK,2021-10-15,2.07,True
short_interest_days_to_cover,META,OK,2021-10-29,1.0,True
short_interest_days_to_cover,META,OK,2021-11-15,1.0,True
short_interest_days_to_cover,META,OK,2021-11-30,1.0,True
short_interest_days_to_cover,MFC,OK,2017-12-29,3.52,True
short_interest_days_to_cover,MFC,OK,2018-01-12,2.17,True
short_interest_days_to_cover,MFC,OK,2018-01-31,1.42,True
short_interest_days_to_cover,MFC,OK,2018-02-15,1.35,True
short_interest_days_to_cover,MFC,OK,2018-02-28,2.26,True
short_interest_days_to_cover,MFC,OK,2018-03-15,2.52,True
short_interest_days_to_cover,MFC,OK,2018-03-29,2.57,True
short_interest_days_to_cover,MFC,OK,2018-04-13,2.85,True
short_interest_days_to_cover,MFC,OK,2018-04-30,3.27,True
short_interest_days_to_cover,MFC,OK,2018-05-15,3.36,True
short_interest_days_to_cover,MFG,OK,2017-12-29,5.46,True
short_interest_days_to_cover,MFG,OK,2018-01-12,4.14,True
short_interest_days_to_cover,MFG,OK,2018-01-31,4.88,True
short_interest_days_to_cover,MFG,OK,2018-02-15,2.89,True
short_interest_days_to_cover,MFG,OK,2018-02-28,2.96,True
short_interest_days_to_cover,MFG,OK,2018-03-15,4.54,True
short_interest_days_to_cover,MFG,OK,2018-03-29,4.89,True
short_interest_days_to_cover,MFG,OK,2018-04-13,4.58,True
short_interest_days_to_cover,MFG,OK,2018-04-30,4.14,True
short_interest_days_to_cover,MFG,OK,2018-05-15,7.27,True
short_interest_days_to_cover,MGCLY,OK,2025-04-30,1.0,True
short_interest_days_to_cover,MGCLY,OK,2025-05-15,1.0,True
short_interest_days_to_cover,MGCLY,OK,2025-05-30,1.0,True
short_interest_days_to_cover,MGCLY,OK,2025-06-30,1.0,True
short_interest_days_to_cover,MGCLY,OK,2025-07-15,1.0,True
short_interest_days_to_cover,MGCLY,OK,2025-07-31,3.61,True
short_interest_days_to_cover,MGCLY,OK,2025-08-15,1.0,True
short_interest_days_to_cover,MGCLY,OK,2025-08-29,1.0,True
short_interest_days_to_cover,MGCLY,OK,2025-09-15,1.0,True
short_interest_days_to_cover,MGCLY,OK,2025-09-30,1.0,True
short_interest_days_to_cover,MGM,OK,2017-12-29,3.59,True
short_interest_days_to_cover,MGM,OK,2018-01-12,2.97,True
short_interest_days_to_cover,MGM,OK,2018-01-31,2.11,True
short_interest_days_to_cover,MGM,OK,2018-02-15,2.2,True
short_interest_days_to_cover,MGM,OK,2018-02-28,2.97,True
short_interest_days_to_cover,MGM,OK,2018-03-15,2.8,True
short_interest_days_to_cover,MGM,OK,2018-03-29,2.35,True
short_interest_days_to_cover,MGM,OK,2018-04-13,2.06,True
short_interest_days_to_cover,MGM,OK,2018-04-30,1.69,True
short_interest_days_to_cover,MGM,OK,2018-05-15,2.13,True
short_interest_days_to_cover,MKC,OK,2017-12-29,14.47,True
short_interest_days_to_cover,MKC,OK,2018-01-12,12.09,True
short_interest_days_to_cover,MKC,OK,2018-01-31,5.87,True
short_interest_days_to_cover,MKC,OK,2018-02-15,9.55,True
short_interest_days_to_cover,MKC,OK,2018-02-28,10.25,True
short_interest_days_to_cover,MKC,OK,2018-03-15,11.04,True
short_interest_days_to_cover,MKC,OK,2018-03-29,7.02,True
short_interest_days_to_cover,MKC,OK,2018-04-13,9.93,True
short_interest_days_to_cover,MKC,OK,2018-04-30,11.81,True
short_interest_days_to_cover,MKC,OK,2018-05-15,13.5,True
short_interest_days_to_cover,MLM,OK,2017-12-29,3.77,True
short_interest_days_to_cover,MLM,OK,2018-01-12,4.27,True
short_interest_days_to_cover,MLM,OK,2018-01-31,4.11,True
short_interest_days_to_cover,MLM,OK,2018-02-15,2.0,True
short_interest_days_to_cover,MLM,OK,2018-02-28,3.88,True
short_interest_days_to_cover,MLM,OK,2018-03-15,4.33,True
short_interest_days_to_cover,MLM,OK,2018-03-29,3.87,True
short_interest_days_to_cover,MLM,OK,2018-04-13,5.05,True
short_interest_days_to_cover,MLM,OK,2018-04-30,5.31,True
short_interest_days_to_cover,MLM,OK,2018-05-15,3.6,True
short_interest_days_to_cover,MMM,OK,2017-12-29,4.9,True
short_interest_days_to_cover,MMM,OK,2018-01-12,4.35,True
short_interest_days_to_cover,MMM,OK,2018-01-31,3.6,True
short_interest_days_to_cover,MMM,OK,2018-02-15,2.53,True
short_interest_days_to_cover,MMM,OK,2018-02-28,3.51,True
short_interest_days_to_cover,MMM,OK,2018-03-15,3.46,True
short_interest_days_to_cover,MMM,OK,2018-03-29,2.39,True
short_interest_days_to_cover,MMM,OK,2018-04-13,2.73,True
short_interest_days_to_cover,MMM,OK,2018-04-30,1.66,True
short_interest_days_to_cover,MMM,OK,2018-05-15,2.3,True
short_interest_days_to_cover,MNST,OK,2017-12-29,4.24,True
short_interest_days_to_cover,MNST,OK,2018-01-12,2.39,True
short_interest_days_to_cover,MNST,OK,2018-01-31,2.33,True
short_interest_days_to_cover,MNST,OK,2018-02-15,2.24,True
short_interest_days_to_cover,MNST,OK,2018-02-28,2.77,True
short_interest_days_to_cover,MNST,OK,2018-03-15,1.96,True
short_interest_days_to_cover,MNST,OK,2018-03-29,3.07,True
short_interest_days_to_cover,MNST,OK,2018-04-13,3.45,True
short_interest_days_to_cover,MNST,OK,2018-04-30,2.68,True
short_interest_days_to_cover,MNST,OK,2018-05-15,1.57,True
short_interest_days_to_cover,MO,OK,2017-12-29,2.14,True
short_interest_days_to_cover,MO,OK,2018-01-12,1.94,True
short_interest_days_to_cover,MO,OK,2018-01-31,1.93,True
short_interest_days_to_cover,MO,OK,2018-02-15,1.45,True
short_interest_days_to_cover,MO,OK,2018-02-28,2.43,True
short_interest_days_to_cover,MO,OK,2018-03-15,2.47,True
short_interest_days_to_cover,MO,OK,2018-03-29,1.87,True
short_interest_days_to_cover,MO,OK,2018-04-13,2.59,True
short_interest_days_to_cover,MO,OK,2018-04-30,1.54,True
short_interest_days_to_cover,MO,OK,2018-05-15,2.79,True
short_interest_days_to_cover,MOS,OK,2017-12-29,4.28,True
short_interest_days_to_cover,MOS,OK,2018-01-12,3.73,True
short_interest_days_to_cover,MOS,OK,2018-01-31,2.92,True
short_interest_days_to_cover,MOS,OK,2018-02-15,2.67,True
short_interest_days_to_cover,MOS,OK,2018-02-28,2.35,True
short_interest_days_to_cover,MOS,OK,2018-03-15,2.74,True
short_interest_days_to_cover,MOS,OK,2018-03-29,2.81,True
short_interest_days_to_cover,MOS,OK,2018-04-13,3.25,True
short_interest_days_to_cover,MOS,OK,2018-04-30,2.79,True
short_interest_days_to_cover,MOS,OK,2018-05-15,2.73,True
short_interest_days_to_cover,MPC,OK,2017-12-29,2.11,True
short_interest_days_to_cover,MPC,OK,2018-01-12,2.77,True
short_interest_days_to_cover,MPC,OK,2018-01-31,1.77,True
short_interest_days_to_cover,MPC,OK,2018-02-15,1.71,True
short_interest_days_to_cover,MPC,OK,2018-02-28,2.11,True
short_interest_days_to_cover,MPC,OK,2018-03-15,2.58,True
short_interest_days_to_cover,MPC,OK,2018-03-29,2.21,True
short_interest_days_to_cover,MPC,OK,2018-04-13,2.66,True
short_interest_days_to_cover,MPC,OK,2018-04-30,1.7,True
short_interest_days_to_cover,MPC,OK,2018-05-15,2.3,True
short_interest_days_to_cover,MPWR,OK,2017-12-29,3.22,True
short_interest_days_to_cover,MPWR,OK,2018-01-12,4.31,True
short_interest_days_to_cover,MPWR,OK,2018-01-31,2.4,True
short_interest_days_to_cover,MPWR,OK,2018-02-15,2.2,True
short_interest_days_to_cover,MPWR,OK,2018-02-28,4.17,True
short_interest_days_to_cover,MPWR,OK,2018-03-15,4.59,True
short_interest_days_to_cover,MPWR,OK,2018-03-29,3.08,True
short_interest_days_to_cover,MPWR,OK,2018-04-13,4.23,True
short_interest_days_to_cover,MPWR,OK,2018-04-30,5.17,True
short_interest_days_to_cover,MPWR,OK,2018-05-15,5.05,True
short_interest_days_to_cover,MRK,OK,2017-12-29,2.45,True
short_interest_days_to_cover,MRK,OK,2018-01-12,2.27,True
short_interest_days_to_cover,MRK,OK,2018-01-31,1.44,True
short_interest_days_to_cover,MRK,OK,2018-02-15,1.45,True
short_interest_days_to_cover,MRK,OK,2018-02-28,1.95,True
short_interest_days_to_cover,MRK,OK,2018-03-15,2.1,True
short_interest_days_to_cover,MRK,OK,2018-03-29,1.91,True
short_interest_days_to_cover,MRK,OK,2018-04-13,1.86,True
short_interest_days_to_cover,MRK,OK,2018-04-30,1.49,True
short_interest_days_to_cover,MRK,OK,2018-05-15,2.01,True
short_interest_days_to_cover,MRNA,OK,2017-12-29,2.56,True
short_interest_days_to_cover,MRNA,OK,2018-01-12,1.86,True
short_interest_days_to_cover,MRNA,OK,2018-01-31,3.69,True
short_interest_days_to_cover,MRNA,OK,2018-02-15,5.08,True
short_interest_days_to_cover,MRNA,OK,2018-02-28,9.47,True
short_interest_days_to_cover,MRNA,OK,2018-03-15,11.52,True
short_interest_days_to_cover,MRNA,OK,2018-03-29,3.95,True
short_interest_days_to_cover,MRNA,OK,2018-04-13,12.79,True
short_interest_days_to_cover,MRNA,OK,2018-04-30,4.04,True
short_interest_days_to_cover,MRNA,OK,2018-05-15,18.25,True
short_interest_days_to_cover,MRSH,OK,2026-01-15,2.19,True
short_interest_days_to_cover,MRSH,OK,2026-01-30,2.09,True
short_interest_days_to_cover,MRSH,OK,2026-02-13,1.45,True
short_interest_days_to_cover,MRSH,OK,2026-02-27,1.65,True
short_interest_days_to_cover,MRSH,OK,2026-03-13,2.16,True
short_interest_days_to_cover,MRSH,OK,2026-03-31,1.49,True
short_interest_days_to_cover,MRSH,OK,2026-04-15,2.52,True
short_interest_days_to_cover,MRSH,OK,2026-04-30,1.79,True
short_interest_days_to_cover,MRSH,OK,2026-05-15,2.37,True
short_interest_days_to_cover,MRSH,OK,2026-05-29,2.59,True
short_interest_days_to_cover,MRVL,OK,2017-12-29,6.01,True
short_interest_days_to_cover,MRVL,OK,2018-01-12,3.87,True
short_interest_days_to_cover,MRVL,OK,2018-01-31,4.02,True
short_interest_days_to_cover,MRVL,OK,2018-02-15,4.5,True
short_interest_days_to_cover,MRVL,OK,2018-02-28,7.22,True
short_interest_days_to_cover,MRVL,OK,2018-03-15,3.28,True
short_interest_days_to_cover,MRVL,OK,2018-03-29,6.34,True
short_interest_days_to_cover,MRVL,OK,2018-04-13,6.27,True
short_interest_days_to_cover,MRVL,OK,2018-04-30,7.92,True
short_interest_days_to_cover,MRVL,OK,2018-05-15,6.16,True
short_interest_days_to_cover,MS,OK,2017-12-29,1.7,True
short_interest_days_to_cover,MS,OK,2018-01-12,1.61,True
short_interest_days_to_cover,MS,OK,2018-01-31,1.12,True
short_interest_days_to_cover,MS,OK,2018-02-15,1.05,True
short_interest_days_to_cover,MS,OK,2018-02-28,1.5,True
short_interest_days_to_cover,MS,OK,2018-03-15,1.51,True
short_interest_days_to_cover,MS,OK,2018-03-29,1.0,True
short_interest_days_to_cover,MS,OK,2018-04-13,1.0,True
short_interest_days_to_cover,MS,OK,2018-04-30,1.0,True
short_interest_days_to_cover,MS,OK,2018-05-15,1.79,True
short_interest_days_to_cover,MSCI,OK,2017-12-29,1.58,True
short_interest_days_to_cover,MSCI,OK,2018-01-12,2.84,True
short_interest_days_to_cover,MSCI,OK,2018-01-31,2.63,True
short_interest_days_to_cover,MSCI,OK,2018-02-15,1.2,True
short_interest_days_to_cover,MSCI,OK,2018-02-28,2.04,True
short_interest_days_to_cover,MSCI,OK,2018-03-15,1.98,True
short_interest_days_to_cover,MSCI,OK,2018-03-29,1.63,True
short_interest_days_to_cover,MSCI,OK,2018-04-13,1.0,True
short_interest_days_to_cover,MSCI,OK,2018-04-30,1.81,True
short_interest_days_to_cover,MSCI,OK,2018-05-15,1.94,True
short_interest_days_to_cover,MSFT,OK,2017-12-29,2.31,True
short_interest_days_to_cover,MSFT,OK,2018-01-12,1.88,True
short_interest_days_to_cover,MSFT,OK,2018-01-31,1.57,True
short_interest_days_to_cover,MSFT,OK,2018-02-15,1.31,True
short_interest_days_to_cover,MSFT,OK,2018-02-28,1.96,True
short_interest_days_to_cover,MSFT,OK,2018-03-15,1.93,True
short_interest_days_to_cover,MSFT,OK,2018-03-29,1.22,True
short_interest_days_to_cover,MSFT,OK,2018-04-13,1.46,True
short_interest_days_to_cover,MSFT,OK,2018-04-30,1.57,True
short_interest_days_to_cover,MSFT,OK,2018-05-15,1.96,True
short_interest_days_to_cover,MSI,OK,2017-12-29,6.65,True
short_interest_days_to_cover,MSI,OK,2018-01-12,5.97,True
short_interest_days_to_cover,MSI,OK,2018-01-31,6.2,True
short_interest_days_to_cover,MSI,OK,2018-02-15,2.44,True
short_interest_days_to_cover,MSI,OK,2018-02-28,5.12,True
short_interest_days_to_cover,MSI,OK,2018-03-15,4.89,True
short_interest_days_to_cover,MSI,OK,2018-03-29,4.62,True
short_interest_days_to_cover,MSI,OK,2018-04-13,4.68,True
short_interest_days_to_cover,MSI,OK,2018-04-30,6.2,True
short_interest_days_to_cover,MSI,OK,2018-05-15,3.54,True
short_interest_days_to_cover,MTB,OK,2017-12-29,3.47,True
short_interest_days_to_cover,MTB,OK,2018-01-12,3.83,True
short_interest_days_to_cover,MTB,OK,2018-01-31,2.82,True
short_interest_days_to_cover,MTB,OK,2018-02-15,2.22,True
short_interest_days_to_cover,MTB,OK,2018-02-28,2.62,True
short_interest_days_to_cover,MTB,OK,2018-03-15,3.2,True
short_interest_days_to_cover,MTB,OK,2018-03-29,2.21,True
short_interest_days_to_cover,MTB,OK,2018-04-13,2.88,True
short_interest_days_to_cover,MTB,OK,2018-04-30,1.82,True
short_interest_days_to_cover,MTB,OK,2018-05-15,2.88,True
short_interest_days_to_cover,MTD,OK,2017-12-29,2.02,True
short_interest_days_to_cover,MTD,OK,2018-01-12,2.4,True
short_interest_days_to_cover,MTD,OK,2018-01-31,2.61,True
short_interest_days_to_cover,MTD,OK,2018-02-15,1.92,True
short_interest_days_to_cover,MTD,OK,2018-02-28,3.66,True
short_interest_days_to_cover,MTD,OK,2018-03-15,2.47,True
short_interest_days_to_cover,MTD,OK,2018-03-29,2.39,True
short_interest_days_to_cover,MTD,OK,2018-04-13,2.29,True
short_interest_days_to_cover,MTD,OK,2018-04-30,3.21,True
short_interest_days_to_cover,MTD,OK,2018-05-15,2.4,True
short_interest_days_to_cover,MU,OK,2017-12-29,1.32,True
short_interest_days_to_cover,MU,OK,2018-01-12,1.49,True
short_interest_days_to_cover,MU,OK,2018-01-31,1.62,True
short_interest_days_to_cover,MU,OK,2018-02-15,1.35,True
short_interest_days_to_cover,MU,OK,2018-02-28,1.55,True
short_interest_days_to_cover,MU,OK,2018-03-15,1.0,True
short_interest_days_to_cover,MU,OK,2018-03-29,1.0,True
short_interest_days_to_cover,MU,OK,2018-04-13,1.0,True
short_interest_days_to_cover,MU,OK,2018-04-30,1.26,True
short_interest_days_to_cover,MU,OK,2018-05-15,1.99,True
short_interest_days_to_cover,MUFG,OK,2018-04-13,2.24,True
short_interest_days_to_cover,MUFG,OK,2018-04-30,1.0,True
short_interest_days_to_cover,MUFG,OK,2018-05-15,1.88,True
short_interest_days_to_cover,MUFG,OK,2018-05-31,1.04,True
short_interest_days_to_cover,MUFG,OK,2018-06-15,1.21,True
short_interest_days_to_cover,MUFG,OK,2018-06-29,2.13,True
short_interest_days_to_cover,MUFG,OK,2018-07-13,1.38,True
short_interest_days_to_cover,MUFG,OK,2018-07-31,2.57,True
short_interest_days_to_cover,MUFG,OK,2018-08-15,3.62,True
short_interest_days_to_cover,MUFG,OK,2018-08-31,4.01,True
short_interest_days_to_cover,NBIS,OK,2024-08-30,999.99,True
short_interest_days_to_cover,NBIS,OK,2024-09-13,999.99,True
short_interest_days_to_cover,NBIS,OK,2024-09-30,999.99,True
short_interest_days_to_cover,NBIS,OK,2024-10-15,999.99,True
short_interest_days_to_cover,NBIS,OK,2024-10-31,1.0,True
short_interest_days_to_cover,NBIS,OK,2024-11-15,1.0,True
short_interest_days_to_cover,NBIS,OK,2024-11-29,1.0,True
short_interest_days_to_cover,NBIS,OK,2024-12-13,1.0,True
short_interest_days_to_cover,NBIS,OK,2024-12-31,1.03,True
short_interest_days_to_cover,NBIS,OK,2025-01-15,1.0,True
short_interest_days_to_cover,NCLH,OK,2017-12-29,2.32,True
short_interest_days_to_cover,NCLH,OK,2018-01-12,2.36,True
short_interest_days_to_cover,NCLH,OK,2018-01-31,1.82,True
short_interest_days_to_cover,NCLH,OK,2018-02-15,2.39,True
short_interest_days_to_cover,NCLH,OK,2018-02-28,1.42,True
short_interest_days_to_cover,NCLH,OK,2018-03-15,1.56,True
short_interest_days_to_cover,NCLH,OK,2018-03-29,1.45,True
short_interest_days_to_cover,NCLH,OK,2018-04-13,2.24,True
short_interest_days_to_cover,NCLH,OK,2018-04-30,2.51,True
short_interest_days_to_cover,NCLH,OK,2018-05-15,2.03,True
short_interest_days_to_cover,NDAQ,OK,2017-12-29,3.95,True
short_interest_days_to_cover,NDAQ,OK,2018-01-12,4.31,True
short_interest_days_to_cover,NDAQ,OK,2018-01-31,3.75,True
short_interest_days_to_cover,NDAQ,OK,2018-02-15,2.4,True
short_interest_days_to_cover,NDAQ,OK,2018-02-28,2.92,True
short_interest_days_to_cover,NDAQ,OK,2018-03-15,5.05,True
short_interest_days_to_cover,NDAQ,OK,2018-03-29,2.9,True
short_interest_days_to_cover,NDAQ,OK,2018-04-13,2.92,True
short_interest_days_to_cover,NDAQ,OK,2018-04-30,2.23,True
short_interest_days_to_cover,NDAQ,OK,2018-05-15,3.21,True
short_interest_days_to_cover,NDSN,OK,2017-12-29,4.01,True
short_interest_days_to_cover,NDSN,OK,2018-01-12,3.1,True
short_interest_days_to_cover,NDSN,OK,2018-01-31,3.1,True
short_interest_days_to_cover,NDSN,OK,2018-02-15,3.35,True
short_interest_days_to_cover,NDSN,OK,2018-02-28,2.44,True
short_interest_days_to_cover,NDSN,OK,2018-03-15,4.17,True
short_interest_days_to_cover,NDSN,OK,2018-03-29,4.27,True
short_interest_days_to_cover,NDSN,OK,2018-04-13,2.53,True
short_interest_days_to_cover,NDSN,OK,2018-04-30,3.49,True
short_interest_days_to_cover,NDSN,OK,2018-05-15,3.67,True
short_interest_days_to_cover,NEE,OK,2017-12-29,4.11,True
short_interest_days_to_cover,NEE,OK,2018-01-12,2.82,True
short_interest_days_to_cover,NEE,OK,2018-01-31,2.72,True
short_interest_days_to_cover,NEE,OK,2018-02-15,2.37,True
short_interest_days_to_cover,NEE,OK,2018-02-28,3.19,True
short_interest_days_to_cover,NEE,OK,2018-03-15,3.44,True
short_interest_days_to_cover,NEE,OK,2018-03-29,2.78,True
short_interest_days_to_cover,NEE,OK,2018-04-13,4.44,True
short_interest_days_to_cover,NEE,OK,2018-04-30,4.4,True
short_interest_days_to_cover,NEE,OK,2018-05-15,4.76,True
short_interest_days_to_cover,NEM,OK,2017-12-29,1.96,True
short_interest_days_to_cover,NEM,OK,2018-01-12,2.01,True
short_interest_days_to_cover,NEM,OK,2018-01-31,2.06,True
short_interest_days_to_cover,NEM,OK,2018-02-15,1.49,True
short_interest_days_to_cover,NEM,OK,2018-02-28,2.07,True
short_interest_days_to_cover,NEM,OK,2018-03-15,1.76,True
short_interest_days_to_cover,NEM,OK,2018-03-29,1.29,True
short_interest_days_to_cover,NEM,OK,2018-04-13,1.53,True
short_interest_days_to_cover,NEM,OK,2018-04-30,1.59,True
short_interest_days_to_cover,NEM,OK,2018-05-15,1.87,True
short_interest_days_to_cover,NET,OK,2019-09-30,1.0,True
short_interest_days_to_cover,NET,OK,2019-10-15,2.11,True
short_interest_days_to_cover,NET,OK,2019-10-31,3.46,True
short_interest_days_to_cover,NET,OK,2019-11-15,4.33,True
short_interest_days_to_cover,NET,OK,2019-11-29,4.3,True
short_interest_days_to_cover,NET,OK,2019-12-13,5.72,True
short_interest_days_to_cover,NET,OK,2019-12-31,5.36,True
short_interest_days_to_cover,NET,OK,2020-01-15,7.45,True
short_interest_days_to_cover,NET,OK,2020-01-31,9.78,True
short_interest_days_to_cover,NET,OK,2020-02-14,5.23,True
short_interest_days_to_cover,NFLX,OK,2017-12-29,3.98,True
short_interest_days_to_cover,NFLX,OK,2018-01-12,2.97,True
short_interest_days_to_cover,NFLX,OK,2018-01-31,1.64,True
short_interest_days_to_cover,NFLX,OK,2018-02-15,2.0,True
short_interest_days_to_cover,NFLX,OK,2018-02-28,2.44,True
short_interest_days_to_cover,NFLX,OK,2018-03-15,1.43,True
short_interest_days_to_cover,NFLX,OK,2018-03-29,1.81,True
short_interest_days_to_cover,NFLX,OK,2018-04-13,1.63,True
short_interest_days_to_cover,NFLX,OK,2018-04-30,1.45,True
short_interest_days_to_cover,NFLX,OK,2018-05-15,3.55,True
short_interest_days_to_cover,NGG,OK,2017-12-29,1.46,True
short_interest_days_to_cover,NGG,OK,2018-01-12,1.6,True
short_interest_days_to_cover,NGG,OK,2018-01-31,1.57,True
short_interest_days_to_cover,NGG,OK,2018-02-15,1.31,True
short_interest_days_to_cover,NGG,OK,2018-02-28,1.6,True
short_interest_days_to_cover,NGG,OK,2018-03-15,1.8,True
short_interest_days_to_cover,NGG,OK,2018-03-29,1.35,True
short_interest_days_to_cover,NGG,OK,2018-04-13,1.09,True
short_interest_days_to_cover,NGG,OK,2018-04-30,1.0,True
short_interest_days_to_cover,NGG,OK,2018-05-15,1.0,True
short_interest_days_to_cover,NI,OK,2017-12-29,2.77,True
short_interest_days_to_cover,NI,OK,2018-01-12,2.74,True
short_interest_days_to_cover,NI,OK,2018-01-31,3.02,True
short_interest_days_to_cover,NI,OK,2018-02-15,1.94,True
short_interest_days_to_cover,NI,OK,2018-02-28,2.21,True
short_interest_days_to_cover,NI,OK,2018-03-15,2.79,True
short_interest_days_to_cover,NI,OK,2018-03-29,2.46,True
short_interest_days_to_cover,NI,OK,2018-04-13,2.9,True
short_interest_days_to_cover,NI,OK,2018-04-30,4.5,True
short_interest_days_to_cover,NI,OK,2018-05-15,3.37,True
short_interest_days_to_cover,NKE,OK,2017-12-29,3.08,True
short_interest_days_to_cover,NKE,OK,2018-01-12,3.92,True
short_interest_days_to_cover,NKE,OK,2018-01-31,3.29,True
short_interest_days_to_cover,NKE,OK,2018-02-15,2.69,True
short_interest_days_to_cover,NKE,OK,2018-02-28,4.31,True
short_interest_days_to_cover,NKE,OK,2018-03-15,3.86,True
short_interest_days_to_cover,NKE,OK,2018-03-29,2.4,True
short_interest_days_to_cover,NKE,OK,2018-04-13,3.09,True
short_interest_days_to_cover,NKE,OK,2018-04-30,3.28,True
short_interest_days_to_cover,NKE,OK,2018-05-15,4.12,True
short_interest_days_to_cover,NOC,OK,2017-12-29,2.61,True
short_interest_days_to_cover,NOC,OK,2018-01-12,2.32,True
short_interest_days_to_cover,NOC,OK,2018-01-31,1.87,True
short_interest_days_to_cover,NOC,OK,2018-02-15,1.63,True
short_interest_days_to_cover,NOC,OK,2018-02-28,2.15,True
short_interest_days_to_cover,NOC,OK,2018-03-15,2.14,True
short_interest_days_to_cover,NOC,OK,2018-03-29,1.97,True
short_interest_days_to_cover,NOC,OK,2018-04-13,1.96,True
short_interest_days_to_cover,NOC,OK,2018-04-30,1.29,True
short_interest_days_to_cover,NOC,OK,2018-05-15,1.19,True
short_interest_days_to_cover,NOK,OK,2017-12-29,2.34,True
short_interest_days_to_cover,NOK,OK,2018-01-12,2.77,True
short_interest_days_to_cover,NOK,OK,2018-01-31,1.93,True
short_interest_days_to_cover,NOK,OK,2018-02-15,1.0,True
short_interest_days_to_cover,NOK,OK,2018-02-28,1.66,True
short_interest_days_to_cover,NOK,OK,2018-03-15,1.74,True
short_interest_days_to_cover,NOK,OK,2018-03-29,1.66,True
short_interest_days_to_cover,NOK,OK,2018-04-13,2.4,True
short_interest_days_to_cover,NOK,OK,2018-04-30,1.2,True
short_interest_days_to_cover,NOK,OK,2018-05-15,1.75,True
short_interest_days_to_cover,NOW,OK,2017-12-29,8.25,True
short_interest_days_to_cover,NOW,OK,2018-01-12,8.49,True
short_interest_days_to_cover,NOW,OK,2018-01-31,5.41,True
short_interest_days_to_cover,NOW,OK,2018-02-15,3.96,True
short_interest_days_to_cover,NOW,OK,2018-02-28,6.32,True
short_interest_days_to_cover,NOW,OK,2018-03-15,4.88,True
short_interest_days_to_cover,NOW,OK,2018-03-29,4.14,True
short_interest_days_to_cover,NOW,OK,2018-04-13,5.59,True
short_interest_days_to_cover,NOW,OK,2018-04-30,4.16,True
short_interest_days_to_cover,NOW,OK,2018-05-15,4.81,True
short_interest_days_to_cover,NRG,OK,2017-12-29,4.08,True
short_interest_days_to_cover,NRG,OK,2018-01-12,3.97,True
short_interest_days_to_cover,NRG,OK,2018-01-31,2.65,True
short_interest_days_to_cover,NRG,OK,2018-02-15,2.8,True
short_interest_days_to_cover,NRG,OK,2018-02-28,3.6,True
short_interest_days_to_cover,NRG,OK,2018-03-15,2.72,True
short_interest_days_to_cover,NRG,OK,2018-03-29,2.64,True
short_interest_days_to_cover,NRG,OK,2018-04-13,3.24,True
short_interest_days_to_cover,NRG,OK,2018-04-30,3.28,True
short_interest_days_to_cover,NRG,OK,2018-05-15,1.88,True
short_interest_days_to_cover,NSC,OK,2017-12-29,3.48,True
short_interest_days_to_cover,NSC,OK,2018-01-12,2.82,True
short_interest_days_to_cover,NSC,OK,2018-01-31,2.02,True
short_interest_days_to_cover,NSC,OK,2018-02-15,2.59,True
short_interest_days_to_cover,NSC,OK,2018-02-28,3.25,True
short_interest_days_to_cover,NSC,OK,2018-03-15,3.43,True
short_interest_days_to_cover,NSC,OK,2018-03-29,3.18,True
short_interest_days_to_cover,NSC,OK,2018-04-13,2.7,True
short_interest_days_to_cover,NSC,OK,2018-04-30,2.62,True
short_interest_days_to_cover,NSC,OK,2018-05-15,4.27,True
short_interest_days_to_cover,NTAP,OK,2017-12-29,6.79,True
short_interest_days_to_cover,NTAP,OK,2018-01-12,3.92,True
short_interest_days_to_cover,NTAP,OK,2018-01-31,3.23,True
short_interest_days_to_cover,NTAP,OK,2018-02-15,1.45,True
short_interest_days_to_cover,NTAP,OK,2018-02-28,2.29,True
short_interest_days_to_cover,NTAP,OK,2018-03-15,3.74,True
short_interest_days_to_cover,NTAP,OK,2018-03-29,3.9,True
short_interest_days_to_cover,NTAP,OK,2018-04-13,2.9,True
short_interest_days_to_cover,NTAP,OK,2018-04-30,5.03,True
short_interest_days_to_cover,NTAP,OK,2018-05-15,4.06,True
short_interest_days_to_cover,NTES,OK,2017-12-29,1.85,True
short_interest_days_to_cover,NTES,OK,2018-01-12,1.83,True
short_interest_days_to_cover,NTES,OK,2018-01-31,1.47,True
short_interest_days_to_cover,NTES,OK,2018-02-15,1.0,True
short_interest_days_to_cover,NTES,OK,2018-02-28,1.68,True
short_interest_days_to_cover,NTES,OK,2018-03-15,1.05,True
short_interest_days_to_cover,NTES,OK,2018-03-29,1.1,True
short_interest_days_to_cover,NTES,OK,2018-04-13,1.22,True
short_interest_days_to_cover,NTES,OK,2018-04-30,1.0,True
short_interest_days_to_cover,NTES,OK,2018-05-15,1.04,True
short_interest_days_to_cover,NTRS,OK,2017-12-29,2.0,True
short_interest_days_to_cover,NTRS,OK,2018-01-12,2.08,True
short_interest_days_to_cover,NTRS,OK,2018-01-31,1.56,True
short_interest_days_to_cover,NTRS,OK,2018-02-15,1.3,True
short_interest_days_to_cover,NTRS,OK,2018-02-28,1.65,True
short_interest_days_to_cover,NTRS,OK,2018-03-15,1.96,True
short_interest_days_to_cover,NTRS,OK,2018-03-29,1.59,True
short_interest_days_to_cover,NTRS,OK,2018-04-13,1.33,True
short_interest_days_to_cover,NTRS,OK,2018-04-30,1.46,True
short_interest_days_to_cover,NTRS,OK,2018-05-15,1.56,True
short_interest_days_to_cover,NU,OK,2021-12-15,1.11,True
short_interest_days_to_cover,NU,OK,2021-12-31,6.49,True
short_interest_days_to_cover,NU,OK,2022-01-14,7.48,True
short_interest_days_to_cover,NU,OK,2022-01-31,8.8,True
short_interest_days_to_cover,NU,OK,2022-02-15,7.79,True
short_interest_days_to_cover,NU,OK,2022-02-28,3.48,True
short_interest_days_to_cover,NU,OK,2022-03-15,6.7,True
short_interest_days_to_cover,NU,OK,2022-03-31,8.07,True
short_interest_days_to_cover,NU,OK,2022-04-14,14.85,True
short_interest_days_to_cover,NU,OK,2022-04-29,10.58,True
short_interest_days_to_cover,NUE,OK,2017-12-29,2.36,True
short_interest_days_to_cover,NUE,OK,2018-01-12,2.18,True
short_interest_days_to_cover,NUE,OK,2018-01-31,1.81,True
short_interest_days_to_cover,NUE,OK,2018-02-15,1.64,True
short_interest_days_to_cover,NUE,OK,2018-02-28,2.34,True
short_interest_days_to_cover,NUE,OK,2018-03-15,2.03,True
short_interest_days_to_cover,NUE,OK,2018-03-29,1.63,True
short_interest_days_to_cover,NUE,OK,2018-04-13,2.35,True
short_interest_days_to_cover,NUE,OK,2018-04-30,2.0,True
short_interest_days_to_cover,NUE,OK,2018-05-15,2.17,True
short_interest_days_to_cover,NVDA,OK,2017-12-29,1.87,True
short_interest_days_to_cover,NVDA,OK,2018-01-12,1.21,True
short_interest_days_to_cover,NVDA,OK,2018-01-31,1.17,True
short_interest_days_to_cover,NVDA,OK,2018-02-15,1.0,True
short_interest_days_to_cover,NVDA,OK,2018-02-28,1.0,True
short_interest_days_to_cover,NVDA,OK,2018-03-15,1.0,True
short_interest_days_to_cover,NVDA,OK,2018-03-29,1.0,True
short_interest_days_to_cover,NVDA,OK,2018-04-13,1.0,True
short_interest_days_to_cover,NVDA,OK,2018-04-30,1.41,True
short_interest_days_to_cover,NVDA,OK,2018-05-15,1.0,True
short_interest_days_to_cover,NVO,OK,2017-12-29,2.99,True
short_interest_days_to_cover,NVO,OK,2018-01-12,3.37,True
short_interest_days_to_cover,NVO,OK,2018-01-31,1.83,True
short_interest_days_to_cover,NVO,OK,2018-02-15,1.0,True
short_interest_days_to_cover,NVO,OK,2018-02-28,1.28,True
short_interest_days_to_cover,NVO,OK,2018-03-15,1.51,True
short_interest_days_to_cover,NVO,OK,2018-03-29,1.03,True
short_interest_days_to_cover,NVO,OK,2018-04-13,1.25,True
short_interest_days_to_cover,NVO,OK,2018-04-30,1.33,True
short_interest_days_to_cover,NVO,OK,2018-05-15,1.0,True
short_interest_days_to_cover,NVR,OK,2017-12-29,3.68,True
short_interest_days_to_cover,NVR,OK,2018-01-12,3.22,True
short_interest_days_to_cover,NVR,OK,2018-01-31,2.24,True
short_interest_days_to_cover,NVR,OK,2018-02-15,1.67,True
short_interest_days_to_cover,NVR,OK,2018-02-28,2.89,True
short_interest_days_to_cover,NVR,OK,2018-03-15,3.23,True
short_interest_days_to_cover,NVR,OK,2018-03-29,2.9,True
short_interest_days_to_cover,NVR,OK,2018-04-13,3.63,True
short_interest_days_to_cover,NVR,OK,2018-04-30,2.88,True
short_interest_days_to_cover,NVR,OK,2018-05-15,2.32,True
short_interest_days_to_cover,NVS,OK,2017-12-29,2.53,True
short_interest_days_to_cover,NVS,OK,2018-01-12,2.51,True
short_interest_days_to_cover,NVS,OK,2018-01-31,1.03,True
short_interest_days_to_cover,NVS,OK,2018-02-15,1.16,True
short_interest_days_to_cover,NVS,OK,2018-02-28,1.72,True
short_interest_days_to_cover,NVS,OK,2018-03-15,1.0,True
short_interest_days_to_cover,NVS,OK,2018-03-29,1.0,True
short_interest_days_to_cover,NVS,OK,2018-04-13,1.0,True
short_interest_days_to_cover,NVS,OK,2018-04-30,1.0,True
short_interest_days_to_cover,NVS,OK,2018-05-15,1.0,True
short_interest_days_to_cover,NWG,OK,2020-07-31,1.87,True
short_interest_days_to_cover,NWG,OK,2020-08-14,2.14,True
short_interest_days_to_cover,NWG,OK,2020-08-31,1.24,True
short_interest_days_to_cover,NWG,OK,2020-09-15,1.0,True
short_interest_days_to_cover,NWG,OK,2020-09-30,1.65,True
short_interest_days_to_cover,NWG,OK,2020-10-15,2.06,True
short_interest_days_to_cover,NWG,OK,2020-10-30,2.85,True
short_interest_days_to_cover,NWG,OK,2020-11-13,1.52,True
short_interest_days_to_cover,NWG,OK,2020-11-30,1.62,True
short_interest_days_to_cover,NWG,OK,2020-12-15,1.0,True
short_interest_days_to_cover,NWS,OK,2017-12-29,4.59,True
short_interest_days_to_cover,NWS,OK,2018-01-12,3.86,True
short_interest_days_to_cover,NWS,OK,2018-01-31,5.55,True
short_interest_days_to_cover,NWS,OK,2018-02-15,2.45,True
short_interest_days_to_cover,NWS,OK,2018-02-28,3.76,True
short_interest_days_to_cover,NWS,OK,2018-03-15,3.92,True
short_interest_days_to_cover,NWS,OK,2018-03-29,1.65,True
short_interest_days_to_cover,NWS,OK,2018-04-13,3.49,True
short_interest_days_to_cover,NWS,OK,2018-04-30,4.23,True
short_interest_days_to_cover,NWS,OK,2018-05-15,1.87,True
short_interest_days_to_cover,NWSA,OK,2017-12-29,2.64,True
short_interest_days_to_cover,NWSA,OK,2018-01-12,3.16,True
short_interest_days_to_cover,NWSA,OK,2018-01-31,3.99,True
short_interest_days_to_cover,NWSA,OK,2018-02-15,2.13,True
short_interest_days_to_cover,NWSA,OK,2018-02-28,3.37,True
short_interest_days_to_cover,NWSA,OK,2018-03-15,4.69,True
short_interest_days_to_cover,NWSA,OK,2018-03-29,3.98,True
short_interest_days_to_cover,NWSA,OK,2018-04-13,4.76,True
short_interest_days_to_cover,NWSA,OK,2018-04-30,5.9,True
short_interest_days_to_cover,NWSA,OK,2018-05-15,4.44,True
short_interest_days_to_cover,NXPI,OK,2017-12-29,1.23,True
short_interest_days_to_cover,NXPI,OK,2018-01-12,1.39,True
short_interest_days_to_cover,NXPI,OK,2018-01-31,1.0,True
short_interest_days_to_cover,NXPI,OK,2018-02-15,1.0,True
short_interest_days_to_cover,NXPI,OK,2018-02-28,1.0,True
short_interest_days_to_cover,NXPI,OK,2018-03-15,1.22,True
short_interest_days_to_cover,NXPI,OK,2018-03-29,1.25,True
short_interest_days_to_cover,NXPI,OK,2018-04-13,2.08,True
short_interest_days_to_cover,NXPI,OK,2018-04-30,1.28,True
short_interest_days_to_cover,NXPI,OK,2018-05-15,1.0,True
short_interest_days_to_cover,O,OK,2017-12-29,15.68,True
short_interest_days_to_cover,O,OK,2018-01-12,11.0,True
short_interest_days_to_cover,O,OK,2018-01-31,11.19,True
short_interest_days_to_cover,O,OK,2018-02-15,6.96,True
short_interest_days_to_cover,O,OK,2018-02-28,8.21,True
short_interest_days_to_cover,O,OK,2018-03-15,14.34,True
short_interest_days_to_cover,O,OK,2018-03-29,11.9,True
short_interest_days_to_cover,O,OK,2018-04-13,15.86,True
short_interest_days_to_cover,O,OK,2018-04-30,13.76,True
short_interest_days_to_cover,O,OK,2018-05-15,12.82,True
short_interest_days_to_cover,ODFL,OK,2017-12-29,3.07,True
short_interest_days_to_cover,ODFL,OK,2018-01-12,3.35,True
short_interest_days_to_cover,ODFL,OK,2018-01-31,3.84,True
short_interest_days_to_cover,ODFL,OK,2018-02-15,2.25,True
short_interest_days_to_cover,ODFL,OK,2018-02-28,3.52,True
short_interest_days_to_cover,ODFL,OK,2018-03-15,3.71,True
short_interest_days_to_cover,ODFL,OK,2018-03-29,4.54,True
short_interest_days_to_cover,ODFL,OK,2018-04-13,4.79,True
short_interest_days_to_cover,ODFL,OK,2018-04-30,3.97,True
short_interest_days_to_cover,ODFL,OK,2018-05-15,4.02,True
short_interest_days_to_cover,OKE,OK,2017-12-29,3.67,True
short_interest_days_to_cover,OKE,OK,2018-01-12,2.65,True
short_interest_days_to_cover,OKE,OK,2018-01-31,2.72,True
short_interest_days_to_cover,OKE,OK,2018-02-15,3.34,True
short_interest_days_to_cover,OKE,OK,2018-02-28,3.64,True
short_interest_days_to_cover,OKE,OK,2018-03-15,4.64,True
short_interest_days_to_cover,OKE,OK,2018-03-29,3.19,True
short_interest_days_to_cover,OKE,OK,2018-04-13,5.52,True
short_interest_days_to_cover,OKE,OK,2018-04-30,5.97,True
short_interest_days_to_cover,OKE,OK,2018-05-15,4.64,True
short_interest_days_to_cover,OMC,OK,2017-12-29,15.64,True
short_interest_days_to_cover,OMC,OK,2018-01-12,10.28,True
short_interest_days_to_cover,OMC,OK,2018-01-31,11.2,True
short_interest_days_to_cover,OMC,OK,2018-02-15,6.19,True
short_interest_days_to_cover,OMC,OK,2018-02-28,9.14,True
short_interest_days_to_cover,OMC,OK,2018-03-15,10.75,True
short_interest_days_to_cover,OMC,OK,2018-03-29,13.51,True
short_interest_days_to_cover,OMC,OK,2018-04-13,15.07,True
short_interest_days_to_cover,OMC,OK,2018-04-30,10.42,True
short_interest_days_to_cover,OMC,OK,2018-05-15,19.1,True
short_interest_days_to_cover,ON,OK,2017-12-29,4.02,True
short_interest_days_to_cover,ON,OK,2018-01-12,3.65,True
short_interest_days_to_cover,ON,OK,2018-01-31,2.38,True
short_interest_days_to_cover,ON,OK,2018-02-15,1.86,True
short_interest_days_to_cover,ON,OK,2018-02-28,3.15,True
short_interest_days_to_cover,ON,OK,2018-03-15,2.74,True
short_interest_days_to_cover,ON,OK,2018-03-29,2.68,True
short_interest_days_to_cover,ON,OK,2018-04-13,3.87,True
short_interest_days_to_cover,ON,OK,2018-04-30,3.15,True
short_interest_days_to_cover,ON,OK,2018-05-15,4.63,True
short_interest_days_to_cover,ORCL,OK,2017-12-29,2.07,True
short_interest_days_to_cover,ORCL,OK,2018-01-12,1.98,True
short_interest_days_to_cover,ORCL,OK,2018-01-31,2.49,True
short_interest_days_to_cover,ORCL,OK,2018-02-15,2.49,True
short_interest_days_to_cover,ORCL,OK,2018-02-28,3.21,True
short_interest_days_to_cover,ORCL,OK,2018-03-15,2.69,True
short_interest_days_to_cover,ORCL,OK,2018-03-29,1.33,True
short_interest_days_to_cover,ORCL,OK,2018-04-13,2.01,True
short_interest_days_to_cover,ORCL,OK,2018-04-30,2.66,True
short_interest_days_to_cover,ORCL,OK,2018-05-15,2.92,True
short_interest_days_to_cover,ORLY,OK,2017-12-29,3.68,True
short_interest_days_to_cover,ORLY,OK,2018-01-12,3.44,True
short_interest_days_to_cover,ORLY,OK,2018-01-31,3.51,True
short_interest_days_to_cover,ORLY,OK,2018-02-15,2.39,True
short_interest_days_to_cover,ORLY,OK,2018-02-28,3.52,True
short_interest_days_to_cover,ORLY,OK,2018-03-15,5.09,True
short_interest_days_to_cover,ORLY,OK,2018-03-29,4.85,True
short_interest_days_to_cover,ORLY,OK,2018-04-13,4.92,True
short_interest_days_to_cover,ORLY,OK,2018-04-30,2.91,True
short_interest_days_to_cover,ORLY,OK,2018-05-15,5.15,True
short_interest_days_to_cover,OTIS,OK,2020-04-15,1.0,True
short_interest_days_to_cover,OTIS,OK,2020-04-30,1.0,True
short_interest_days_to_cover,OTIS,OK,2020-05-15,1.21,True
short_interest_days_to_cover,OTIS,OK,2020-05-29,1.01,True
short_interest_days_to_cover,OTIS,OK,2020-06-15,1.47,True
short_interest_days_to_cover,OTIS,OK,2020-06-30,1.66,True
short_interest_days_to_cover,OTIS,OK,2020-07-15,1.62,True
short_interest_days_to_cover,OTIS,OK,2020-07-31,1.52,True
short_interest_days_to_cover,OTIS,OK,2020-08-14,2.1,True
short_interest_days_to_cover,OTIS,OK,2020-08-31,2.47,True
short_interest_days_to_cover,OXY,OK,2017-12-29,3.66,True
short_interest_days_to_cover,OXY,OK,2018-01-12,3.18,True
short_interest_days_to_cover,OXY,OK,2018-01-31,3.31,True
short_interest_days_to_cover,OXY,OK,2018-02-15,1.91,True
short_interest_days_to_cover,OXY,OK,2018-02-28,1.42,True
short_interest_days_to_cover,OXY,OK,2018-03-15,1.77,True
short_interest_days_to_cover,OXY,OK,2018-03-29,1.63,True
short_interest_days_to_cover,OXY,OK,2018-04-13,1.59,True
short_interest_days_to_cover,OXY,OK,2018-04-30,2.52,True
short_interest_days_to_cover,OXY,OK,2018-05-15,2.21,True
short_interest_days_to_cover,PANW,OK,2017-12-29,7.34,True
short_interest_days_to_cover,PANW,OK,2018-01-12,4.71,True
short_interest_days_to_cover,PANW,OK,2018-01-31,4.37,True
short_interest_days_to_cover,PANW,OK,2018-02-15,3.84,True
short_interest_days_to_cover,PANW,OK,2018-02-28,1.92,True
short_interest_days_to_cover,PANW,OK,2018-03-15,3.07,True
short_interest_days_to_cover,PANW,OK,2018-03-29,3.72,True
short_interest_days_to_cover,PANW,OK,2018-04-13,2.3,True
short_interest_days_to_cover,PANW,OK,2018-04-30,4.53,True
short_interest_days_to_cover,PANW,OK,2018-05-15,4.19,True
short_interest_days_to_cover,PAYX,OK,2017-12-29,5.18,True
short_interest_days_to_cover,PAYX,OK,2018-01-12,4.53,True
short_interest_days_to_cover,PAYX,OK,2018-01-31,3.64,True
short_interest_days_to_cover,PAYX,OK,2018-02-15,3.18,True
short_interest_days_to_cover,PAYX,OK,2018-02-28,4.25,True
short_interest_days_to_cover,PAYX,OK,2018-03-15,5.02,True
short_interest_days_to_cover,PAYX,OK,2018-03-29,3.58,True
short_interest_days_to_cover,PAYX,OK,2018-04-13,5.69,True
short_interest_days_to_cover,PAYX,OK,2018-04-30,3.68,True
short_interest_days_to_cover,PAYX,OK,2018-05-15,4.89,True
short_interest_days_to_cover,PBR,OK,2017-12-29,4.05,True
short_interest_days_to_cover,PBR,OK,2018-01-12,2.54,True
short_interest_days_to_cover,PBR,OK,2018-01-31,1.86,True
short_interest_days_to_cover,PBR,OK,2018-02-15,1.57,True
short_interest_days_to_cover,PBR,OK,2018-02-28,1.8,True
short_interest_days_to_cover,PBR,OK,2018-03-15,2.52,True
short_interest_days_to_cover,PBR,OK,2018-03-29,2.26,True
short_interest_days_to_cover,PBR,OK,2018-04-13,2.38,True
short_interest_days_to_cover,PBR,OK,2018-04-30,2.7,True
short_interest_days_to_cover,PBR,OK,2018-05-15,1.92,True
short_interest_days_to_cover,PCAR,OK,2017-12-29,8.19,True
short_interest_days_to_cover,PCAR,OK,2018-01-12,3.68,True
short_interest_days_to_cover,PCAR,OK,2018-01-31,3.62,True
short_interest_days_to_cover,PCAR,OK,2018-02-15,4.03,True
short_interest_days_to_cover,PCAR,OK,2018-02-28,3.9,True
short_interest_days_to_cover,PCAR,OK,2018-03-15,2.99,True
short_interest_days_to_cover,PCAR,OK,2018-03-29,3.51,True
short_interest_days_to_cover,PCAR,OK,2018-04-13,3.61,True
short_interest_days_to_cover,PCAR,OK,2018-04-30,3.08,True
short_interest_days_to_cover,PCAR,OK,2018-05-15,3.91,True
short_interest_days_to_cover,PCG,OK,2017-12-29,1.0,True
short_interest_days_to_cover,PCG,OK,2018-01-12,1.27,True
short_interest_days_to_cover,PCG,OK,2018-01-31,1.49,True
short_interest_days_to_cover,PCG,OK,2018-02-15,1.2,True
short_interest_days_to_cover,PCG,OK,2018-02-28,1.38,True
short_interest_days_to_cover,PCG,OK,2018-03-15,1.88,True
short_interest_days_to_cover,PCG,OK,2018-03-29,1.42,True
short_interest_days_to_cover,PCG,OK,2018-04-13,2.2,True
short_interest_days_to_cover,PCG,OK,2018-04-30,2.0,True
short_interest_days_to_cover,PCG,OK,2018-05-15,2.11,True
short_interest_days_to_cover,PDD,OK,2018-07-31,1.0,True
short_interest_days_to_cover,PDD,OK,2018-08-15,1.74,True
short_interest_days_to_cover,PDD,OK,2018-08-31,3.95,True
short_interest_days_to_cover,PDD,OK,2018-09-14,2.36,True
short_interest_days_to_cover,PDD,OK,2018-09-28,3.64,True
short_interest_days_to_cover,PDD,OK,2018-10-15,3.51,True
short_interest_days_to_cover,PDD,OK,2018-10-31,4.1,True
short_interest_days_to_cover,PDD,OK,2018-11-15,2.99,True
short_interest_days_to_cover,PDD,OK,2018-11-30,3.36,True
short_interest_days_to_cover,PDD,OK,2018-12-14,5.1,True
short_interest_days_to_cover,PEG,OK,2017-12-29,2.81,True
short_interest_days_to_cover,PEG,OK,2018-01-12,2.05,True
short_interest_days_to_cover,PEG,OK,2018-01-31,3.02,True
short_interest_days_to_cover,PEG,OK,2018-02-15,1.98,True
short_interest_days_to_cover,PEG,OK,2018-02-28,2.73,True
short_interest_days_to_cover,PEG,OK,2018-03-15,2.97,True
short_interest_days_to_cover,PEG,OK,2018-03-29,3.12,True
short_interest_days_to_cover,PEG,OK,2018-04-13,3.84,True
short_interest_days_to_cover,PEG,OK,2018-04-30,3.95,True
short_interest_days_to_cover,PEG,OK,2018-05-15,4.44,True
short_interest_days_to_cover,PEP,OK,2017-12-29,2.57,True
short_interest_days_to_cover,PEP,OK,2018-01-12,1.89,True
short_interest_days_to_cover,PEP,OK,2018-01-31,1.96,True
short_interest_days_to_cover,PEP,OK,2018-02-15,1.67,True
short_interest_days_to_cover,PEP,OK,2018-02-28,1.73,True
short_interest_days_to_cover,PEP,OK,2018-03-15,1.9,True
short_interest_days_to_cover,PEP,OK,2018-03-29,1.37,True
short_interest_days_to_cover,PEP,OK,2018-04-13,2.12,True
short_interest_days_to_cover,PEP,OK,2018-04-30,1.38,True
short_interest_days_to_cover,PEP,OK,2018-05-15,1.35,True
short_interest_days_to_cover,PFE,OK,2017-12-29,4.22,True
short_interest_days_to_cover,PFE,OK,2018-01-12,3.34,True
short_interest_days_to_cover,PFE,OK,2018-01-31,2.02,True
short_interest_days_to_cover,PFE,OK,2018-02-15,1.92,True
short_interest_days_to_cover,PFE,OK,2018-02-28,2.61,True
short_interest_days_to_cover,PFE,OK,2018-03-15,6.44,True
short_interest_days_to_cover,PFE,OK,2018-03-29,4.15,True
short_interest_days_to_cover,PFE,OK,2018-04-13,3.94,True
short_interest_days_to_cover,PFE,OK,2018-04-30,3.29,True
short_interest_days_to_cover,PFE,OK,2018-05-15,2.57,True
short_interest_days_to_cover,PFG,OK,2017-12-29,4.61,True
short_interest_days_to_cover,PFG,OK,2018-01-12,4.13,True
short_interest_days_to_cover,PFG,OK,2018-01-31,2.4,True
short_interest_days_to_cover,PFG,OK,2018-02-15,1.74,True
short_interest_days_to_cover,PFG,OK,2018-02-28,2.34,True
short_interest_days_to_cover,PFG,OK,2018-03-15,2.07,True
short_interest_days_to_cover,PFG,OK,2018-03-29,1.95,True
short_interest_days_to_cover,PFG,OK,2018-04-13,2.23,True
short_interest_days_to_cover,PFG,OK,2018-04-30,2.23,True
short_interest_days_to_cover,PFG,OK,2018-05-15,2.55,True
short_interest_days_to_cover,PG,OK,2017-12-29,6.63,True
short_interest_days_to_cover,PG,OK,2018-01-12,5.02,True
short_interest_days_to_cover,PG,OK,2018-01-31,3.08,True
short_interest_days_to_cover,PG,OK,2018-02-15,2.6,True
short_interest_days_to_cover,PG,OK,2018-02-28,3.33,True
short_interest_days_to_cover,PG,OK,2018-03-15,4.01,True
short_interest_days_to_cover,PG,OK,2018-03-29,3.03,True
short_interest_days_to_cover,PG,OK,2018-04-13,3.76,True
short_interest_days_to_cover,PG,OK,2018-04-30,2.73,True
short_interest_days_to_cover,PG,OK,2018-05-15,3.5,True
short_interest_days_to_cover,PGR,OK,2017-12-29,4.25,True
short_interest_days_to_cover,PGR,OK,2018-01-12,2.34,True
short_interest_days_to_cover,PGR,OK,2018-01-31,1.87,True
short_interest_days_to_cover,PGR,OK,2018-02-15,2.29,True
short_interest_days_to_cover,PGR,OK,2018-02-28,2.89,True
short_interest_days_to_cover,PGR,OK,2018-03-15,3.0,True
short_interest_days_to_cover,PGR,OK,2018-03-29,2.34,True
short_interest_days_to_cover,PGR,OK,2018-04-13,2.18,True
short_interest_days_to_cover,PGR,OK,2018-04-30,2.3,True
short_interest_days_to_cover,PGR,OK,2018-05-15,3.11,True
short_interest_days_to_cover,PH,OK,2017-12-29,3.19,True
short_interest_days_to_cover,PH,OK,2018-01-12,3.43,True
short_interest_days_to_cover,PH,OK,2018-01-31,2.34,True
short_interest_days_to_cover,PH,OK,2018-02-15,1.54,True
short_interest_days_to_cover,PH,OK,2018-02-28,2.83,True
short_interest_days_to_cover,PH,OK,2018-03-15,1.94,True
short_interest_days_to_cover,PH,OK,2018-03-29,2.23,True
short_interest_days_to_cover,PH,OK,2018-04-13,2.42,True
short_interest_days_to_cover,PH,OK,2018-04-30,1.2,True
short_interest_days_to_cover,PH,OK,2018-05-15,2.77,True
short_interest_days_to_cover,PHM,OK,2017-12-29,5.73,True
short_interest_days_to_cover,PHM,OK,2018-01-12,4.65,True
short_interest_days_to_cover,PHM,OK,2018-01-31,2.83,True
short_interest_days_to_cover,PHM,OK,2018-02-15,2.69,True
short_interest_days_to_cover,PHM,OK,2018-02-28,3.49,True
short_interest_days_to_cover,PHM,OK,2018-03-15,4.82,True
short_interest_days_to_cover,PHM,OK,2018-03-29,4.41,True
short_interest_days_to_cover,PHM,OK,2018-04-13,3.78,True
short_interest_days_to_cover,PHM,OK,2018-04-30,3.7,True
short_interest_days_to_cover,PHM,OK,2018-05-15,5.08,True
short_interest_days_to_cover,PKG,OK,2017-12-29,3.1,True
short_interest_days_to_cover,PKG,OK,2018-01-12,2.54,True
short_interest_days_to_cover,PKG,OK,2018-01-31,1.64,True
short_interest_days_to_cover,PKG,OK,2018-02-15,1.63,True
short_interest_days_to_cover,PKG,OK,2018-02-28,2.42,True
short_interest_days_to_cover,PKG,OK,2018-03-15,2.56,True
short_interest_days_to_cover,PKG,OK,2018-03-29,1.31,True
short_interest_days_to_cover,PKG,OK,2018-04-13,2.29,True
short_interest_days_to_cover,PKG,OK,2018-04-30,2.21,True
short_interest_days_to_cover,PKG,OK,2018-05-15,2.16,True
short_interest_days_to_cover,PLD,OK,2017-12-29,3.55,True
short_interest_days_to_cover,PLD,OK,2018-01-12,2.51,True
short_interest_days_to_cover,PLD,OK,2018-01-31,2.53,True
short_interest_days_to_cover,PLD,OK,2018-02-15,2.35,True
short_interest_days_to_cover,PLD,OK,2018-02-28,2.42,True
short_interest_days_to_cover,PLD,OK,2018-03-15,3.74,True
short_interest_days_to_cover,PLD,OK,2018-03-29,3.39,True
short_interest_days_to_cover,PLD,OK,2018-04-13,3.62,True
short_interest_days_to_cover,PLD,OK,2018-04-30,2.53,True
short_interest_days_to_cover,PLD,OK,2018-05-15,3.61,True
short_interest_days_to_cover,PLTR,OK,2020-10-15,1.16,True
short_interest_days_to_cover,PLTR,OK,2020-10-30,2.14,True
short_interest_days_to_cover,PLTR,OK,2020-11-13,1.0,True
short_interest_days_to_cover,PLTR,OK,2020-11-30,1.0,True
short_interest_days_to_cover,PLTR,OK,2020-12-15,1.0,True
short_interest_days_to_cover,PLTR,OK,2020-12-31,1.87,True
short_interest_days_to_cover,PLTR,OK,2021-01-15,3.05,True
short_interest_days_to_cover,PLTR,OK,2021-01-29,1.0,True
short_interest_days_to_cover,PLTR,OK,2021-02-12,1.69,True
short_interest_days_to_cover,PLTR,OK,2021-02-26,1.0,True
short_interest_days_to_cover,PM,OK,2017-12-29,2.19,True
short_interest_days_to_cover,PM,OK,2018-01-12,1.96,True
short_interest_days_to_cover,PM,OK,2018-01-31,1.82,True
short_interest_days_to_cover,PM,OK,2018-02-15,1.5,True
short_interest_days_to_cover,PM,OK,2018-02-28,2.16,True
short_interest_days_to_cover,PM,OK,2018-03-15,2.19,True
short_interest_days_to_cover,PM,OK,2018-03-29,1.62,True
short_interest_days_to_cover,PM,OK,2018-04-13,2.33,True
short_interest_days_to_cover,PM,OK,2018-04-30,1.0,True
short_interest_days_to_cover,PM,OK,2018-05-15,2.02,True
short_interest_days_to_cover,PNC,OK,2017-12-29,3.73,True
short_interest_days_to_cover,PNC,OK,2018-01-12,1.96,True
short_interest_days_to_cover,PNC,OK,2018-01-31,2.4,True
short_interest_days_to_cover,PNC,OK,2018-02-15,2.06,True
short_interest_days_to_cover,PNC,OK,2018-02-28,2.89,True
short_interest_days_to_cover,PNC,OK,2018-03-15,2.99,True
short_interest_days_to_cover,PNC,OK,2018-03-29,2.13,True
short_interest_days_to_cover,PNC,OK,2018-04-13,2.34,True
short_interest_days_to_cover,PNC,OK,2018-04-30,2.29,True
short_interest_days_to_cover,PNC,OK,2018-05-15,2.84,True
short_interest_days_to_cover,PNR,OK,2017-12-29,3.75,True
short_interest_days_to_cover,PNR,OK,2018-01-12,2.34,True
short_interest_days_to_cover,PNR,OK,2018-01-31,2.41,True
short_interest_days_to_cover,PNR,OK,2018-02-15,1.7,True
short_interest_days_to_cover,PNR,OK,2018-02-28,3.31,True
short_interest_days_to_cover,PNR,OK,2018-03-15,3.15,True
short_interest_days_to_cover,PNR,OK,2018-03-29,1.97,True
short_interest_days_to_cover,PNR,OK,2018-04-13,1.97,True
short_interest_days_to_cover,PNR,OK,2018-04-30,1.62,True
short_interest_days_to_cover,PNR,OK,2018-05-15,1.0,True
short_interest_days_to_cover,PNW,OK,2017-12-29,4.57,True
short_interest_days_to_cover,PNW,OK,2018-01-12,3.94,True
short_interest_days_to_cover,PNW,OK,2018-01-31,3.21,True
short_interest_days_to_cover,PNW,OK,2018-02-15,2.64,True
short_interest_days_to_cover,PNW,OK,2018-02-28,2.46,True
short_interest_days_to_cover,PNW,OK,2018-03-15,2.61,True
short_interest_days_to_cover,PNW,OK,2018-03-29,2.17,True
short_interest_days_to_cover,PNW,OK,2018-04-13,2.28,True
short_interest_days_to_cover,PNW,OK,2018-04-30,1.87,True
short_interest_days_to_cover,PNW,OK,2018-05-15,2.3,True
short_interest_days_to_cover,PODD,OK,2017-12-29,12.38,True
short_interest_days_to_cover,PODD,OK,2018-01-12,5.63,True
short_interest_days_to_cover,PODD,OK,2018-01-31,10.35,True
short_interest_days_to_cover,PODD,OK,2018-02-15,9.53,True
short_interest_days_to_cover,PODD,OK,2018-02-28,8.81,True
short_interest_days_to_cover,PODD,OK,2018-03-15,11.23,True
short_interest_days_to_cover,PODD,OK,2018-03-29,9.61,True
short_interest_days_to_cover,PODD,OK,2018-04-13,12.4,True
short_interest_days_to_cover,PODD,OK,2018-04-30,17.55,True
short_interest_days_to_cover,PODD,OK,2018-05-15,10.34,True
short_interest_days_to_cover,PPG,OK,2017-12-29,6.77,True
short_interest_days_to_cover,PPG,OK,2018-01-12,5.69,True
short_interest_days_to_cover,PPG,OK,2018-01-31,3.71,True
short_interest_days_to_cover,PPG,OK,2018-02-15,4.28,True
short_interest_days_to_cover,PPG,OK,2018-02-28,6.44,True
short_interest_days_to_cover,PPG,OK,2018-03-15,5.52,True
short_interest_days_to_cover,PPG,OK,2018-03-29,5.15,True
short_interest_days_to_cover,PPG,OK,2018-04-13,5.69,True
short_interest_days_to_cover,PPG,OK,2018-04-30,4.04,True
short_interest_days_to_cover,PPG,OK,2018-05-15,2.93,True
short_interest_days_to_cover,PPL,OK,2017-12-29,1.85,True
short_interest_days_to_cover,PPL,OK,2018-01-12,2.24,True
short_interest_days_to_cover,PPL,OK,2018-01-31,3.26,True
short_interest_days_to_cover,PPL,OK,2018-02-15,2.81,True
short_interest_days_to_cover,PPL,OK,2018-02-28,2.7,True
short_interest_days_to_cover,PPL,OK,2018-03-15,2.96,True
short_interest_days_to_cover,PPL,OK,2018-03-29,2.36,True
short_interest_days_to_cover,PPL,OK,2018-04-13,3.95,True
short_interest_days_to_cover,PPL,OK,2018-04-30,3.35,True
short_interest_days_to_cover,PPL,OK,2018-05-15,5.95,True
short_interest_days_to_cover,PRU,OK,2017-12-29,2.78,True
short_interest_days_to_cover,PRU,OK,2018-01-12,2.56,True
short_interest_days_to_cover,PRU,OK,2018-01-31,2.37,True
short_interest_days_to_cover,PRU,OK,2018-02-15,1.54,True
short_interest_days_to_cover,PRU,OK,2018-02-28,2.13,True
short_interest_days_to_cover,PRU,OK,2018-03-15,2.46,True
short_interest_days_to_cover,PRU,OK,2018-03-29,2.27,True
short_interest_days_to_cover,PRU,OK,2018-04-13,2.69,True
short_interest_days_to_cover,PRU,OK,2018-04-30,3.62,True
short_interest_days_to_cover,PRU,OK,2018-05-15,1.54,True
short_interest_days_to_cover,PSA,OK,2017-12-29,15.8,True
short_interest_days_to_cover,PSA,OK,2018-01-12,12.13,True
short_interest_days_to_cover,PSA,OK,2018-01-31,8.57,True
short_interest_days_to_cover,PSA,OK,2018-02-15,7.68,True
short_interest_days_to_cover,PSA,OK,2018-02-28,7.46,True
short_interest_days_to_cover,PSA,OK,2018-03-15,9.85,True
short_interest_days_to_cover,PSA,OK,2018-03-29,9.76,True
short_interest_days_to_cover,PSA,OK,2018-04-13,13.14,True
short_interest_days_to_cover,PSA,OK,2018-04-30,11.14,True
short_interest_days_to_cover,PSA,OK,2018-05-15,12.06,True
short_interest_days_to_cover,PSKY,OK,2025-08-15,2.1,True
short_interest_days_to_cover,PSKY,OK,2025-08-29,4.13,True
short_interest_days_to_cover,PSKY,OK,2025-09-15,4.36,True
short_interest_days_to_cover,PSKY,OK,2025-09-30,4.44,True
short_interest_days_to_cover,PSKY,OK,2025-10-15,7.83,True
short_interest_days_to_cover,PSKY,OK,2025-10-31,12.1,True
short_interest_days_to_cover,PSKY,OK,2025-11-14,6.07,True
short_interest_days_to_cover,PSKY,OK,2025-11-28,6.95,True
short_interest_days_to_cover,PSKY,OK,2025-12-15,3.28,True
short_interest_days_to_cover,PSKY,OK,2025-12-31,6.44,True
short_interest_days_to_cover,PSX,OK,2017-12-29,3.79,True
short_interest_days_to_cover,PSX,OK,2018-01-12,4.81,True
short_interest_days_to_cover,PSX,OK,2018-01-31,3.5,True
short_interest_days_to_cover,PSX,OK,2018-02-15,2.18,True
short_interest_days_to_cover,PSX,OK,2018-02-28,1.92,True
short_interest_days_to_cover,PSX,OK,2018-03-15,2.57,True
short_interest_days_to_cover,PSX,OK,2018-03-29,2.97,True
short_interest_days_to_cover,PSX,OK,2018-04-13,2.67,True
short_interest_days_to_cover,PSX,OK,2018-04-30,2.09,True
short_interest_days_to_cover,PSX,OK,2018-05-15,2.74,True
short_interest_days_to_cover,PTC,OK,2017-12-29,3.98,True
short_interest_days_to_cover,PTC,OK,2018-01-12,4.65,True
short_interest_days_to_cover,PTC,OK,2018-01-31,2.05,True
short_interest_days_to_cover,PTC,OK,2018-02-15,3.67,True
short_interest_days_to_cover,PTC,OK,2018-02-28,5.87,True
short_interest_days_to_cover,PTC,OK,2018-03-15,4.23,True
short_interest_days_to_cover,PTC,OK,2018-03-29,3.97,True
short_interest_days_to_cover,PTC,OK,2018-04-13,3.3,True
short_interest_days_to_cover,PTC,OK,2018-04-30,3.0,True
short_interest_days_to_cover,PTC,OK,2018-05-15,3.81,True
short_interest_days_to_cover,PWR,OK,2017-12-29,2.79,True
short_interest_days_to_cover,PWR,OK,2018-01-12,2.02,True
short_interest_days_to_cover,PWR,OK,2018-01-31,1.61,True
short_interest_days_to_cover,PWR,OK,2018-02-15,1.03,True
short_interest_days_to_cover,PWR,OK,2018-02-28,1.44,True
short_interest_days_to_cover,PWR,OK,2018-03-15,1.81,True
short_interest_days_to_cover,PWR,OK,2018-03-29,1.66,True
short_interest_days_to_cover,PWR,OK,2018-04-13,2.42,True
short_interest_days_to_cover,PWR,OK,2018-04-30,1.64,True
short_interest_days_to_cover,PWR,OK,2018-05-15,2.11,True
short_interest_days_to_cover,PYPL,OK,2017-12-29,3.11,True
short_interest_days_to_cover,PYPL,OK,2018-01-12,1.96,True
short_interest_days_to_cover,PYPL,OK,2018-01-31,1.47,True
short_interest_days_to_cover,PYPL,OK,2018-02-15,1.0,True
short_interest_days_to_cover,PYPL,OK,2018-02-28,2.56,True
short_interest_days_to_cover,PYPL,OK,2018-03-15,2.11,True
short_interest_days_to_cover,PYPL,OK,2018-03-29,1.65,True
short_interest_days_to_cover,PYPL,OK,2018-04-13,1.59,True
short_interest_days_to_cover,PYPL,OK,2018-04-30,1.7,True
short_interest_days_to_cover,PYPL,OK,2018-05-15,1.61,True
short_interest_days_to_cover,Q,OK,2025-11-14,1.0,True
short_interest_days_to_cover,Q,OK,2025-11-28,1.09,True
short_interest_days_to_cover,Q,OK,2025-12-15,1.45,True
short_interest_days_to_cover,Q,OK,2025-12-31,1.71,True
short_interest_days_to_cover,Q,OK,2026-01-15,1.24,True
short_interest_days_to_cover,Q,OK,2026-01-30,1.13,True
short_interest_days_to_cover,Q,OK,2026-02-13,1.13,True
short_interest_days_to_cover,Q,OK,2026-02-27,1.0,True
short_interest_days_to_cover,Q,OK,2026-03-13,1.27,True
short_interest_days_to_cover,Q,OK,2026-03-31,1.71,True
short_interest_days_to_cover,QCOM,OK,2017-12-29,3.21,True
short_interest_days_to_cover,QCOM,OK,2018-01-12,3.03,True
short_interest_days_to_cover,QCOM,OK,2018-01-31,1.68,True
short_interest_days_to_cover,QCOM,OK,2018-02-15,1.18,True
short_interest_days_to_cover,QCOM,OK,2018-02-28,1.22,True
short_interest_days_to_cover,QCOM,OK,2018-03-15,1.0,True
short_interest_days_to_cover,QCOM,OK,2018-03-29,1.41,True
short_interest_days_to_cover,QCOM,OK,2018-04-13,2.17,True
short_interest_days_to_cover,QCOM,OK,2018-04-30,1.6,True
short_interest_days_to_cover,QCOM,OK,2018-05-15,1.87,True
short_interest_days_to_cover,RACE,OK,2017-12-29,11.56,True
short_interest_days_to_cover,RACE,OK,2018-01-12,8.2,True
short_interest_days_to_cover,RACE,OK,2018-01-31,8.5,True
short_interest_days_to_cover,RACE,OK,2018-02-15,3.14,True
short_interest_days_to_cover,RACE,OK,2018-02-28,7.54,True
short_interest_days_to_cover,RACE,OK,2018-03-15,7.06,True
short_interest_days_to_cover,RACE,OK,2018-03-29,7.78,True
short_interest_days_to_cover,RACE,OK,2018-04-13,9.86,True
short_interest_days_to_cover,RACE,OK,2018-04-30,11.89,True
short_interest_days_to_cover,RACE,OK,2018-05-15,6.22,True
short_interest_days_to_cover,RCL,OK,2017-12-29,3.89,True
short_interest_days_to_cover,RCL,OK,2018-01-12,3.47,True
short_interest_days_to_cover,RCL,OK,2018-01-31,2.5,True
short_interest_days_to_cover,RCL,OK,2018-02-15,2.83,True
short_interest_days_to_cover,RCL,OK,2018-02-28,3.19,True
short_interest_days_to_cover,RCL,OK,2018-03-15,2.51,True
short_interest_days_to_cover,RCL,OK,2018-03-29,3.01,True
short_interest_days_to_cover,RCL,OK,2018-04-13,3.08,True
short_interest_days_to_cover,RCL,OK,2018-04-30,1.69,True
short_interest_days_to_cover,RCL,OK,2018-05-15,1.79,True
short_interest_days_to_cover,REG,OK,2017-12-29,5.28,True
short_interest_days_to_cover,REG,OK,2018-01-12,4.62,True
short_interest_days_to_cover,REG,OK,2018-01-31,4.19,True
short_interest_days_to_cover,REG,OK,2018-02-15,3.2,True
short_interest_days_to_cover,REG,OK,2018-02-28,3.35,True
short_interest_days_to_cover,REG,OK,2018-03-15,4.18,True
short_interest_days_to_cover,REG,OK,2018-03-29,3.54,True
short_interest_days_to_cover,REG,OK,2018-04-13,4.95,True
short_interest_days_to_cover,REG,OK,2018-04-30,5.4,True
short_interest_days_to_cover,REG,OK,2018-05-15,5.63,True
short_interest_days_to_cover,REGN,OK,2017-12-29,3.71,True
short_interest_days_to_cover,REGN,OK,2018-01-12,2.74,True
short_interest_days_to_cover,REGN,OK,2018-01-31,2.29,True
short_interest_days_to_cover,REGN,OK,2018-02-15,1.38,True
short_interest_days_to_cover,REGN,OK,2018-02-28,2.78,True
short_interest_days_to_cover,REGN,OK,2018-03-15,3.43,True
short_interest_days_to_cover,REGN,OK,2018-03-29,3.53,True
short_interest_days_to_cover,REGN,OK,2018-04-13,3.75,True
short_interest_days_to_cover,REGN,OK,2018-04-30,2.99,True
short_interest_days_to_cover,REGN,OK,2018-05-15,2.38,True
short_interest_days_to_cover,RELX,OK,2017-12-29,3.04,True
short_interest_days_to_cover,RELX,OK,2018-01-12,1.0,True
short_interest_days_to_cover,RELX,OK,2018-01-31,1.0,True
short_interest_days_to_cover,RELX,OK,2018-02-15,1.0,True
short_interest_days_to_cover,RELX,OK,2018-02-28,1.0,True
short_interest_days_to_cover,RELX,OK,2018-03-15,1.0,True
short_interest_days_to_cover,RELX,OK,2018-03-29,1.0,True
short_interest_days_to_cover,RELX,OK,2018-04-13,1.0,True
short_interest_days_to_cover,RELX,OK,2018-04-30,1.0,True
short_interest_days_to_cover,RELX,OK,2018-05-15,1.0,True
short_interest_days_to_cover,RF,OK,2017-12-29,2.57,True
short_interest_days_to_cover,RF,OK,2018-01-12,2.52,True
short_interest_days_to_cover,RF,OK,2018-01-31,1.72,True
short_interest_days_to_cover,RF,OK,2018-02-15,1.37,True
short_interest_days_to_cover,RF,OK,2018-02-28,1.74,True
short_interest_days_to_cover,RF,OK,2018-03-15,2.17,True
short_interest_days_to_cover,RF,OK,2018-03-29,1.27,True
short_interest_days_to_cover,RF,OK,2018-04-13,1.7,True
short_interest_days_to_cover,RF,OK,2018-04-30,1.28,True
short_interest_days_to_cover,RF,OK,2018-05-15,1.79,True
short_interest_days_to_cover,RIO,OK,2017-12-29,5.42,True
short_interest_days_to_cover,RIO,OK,2018-01-12,3.9,True
short_interest_days_to_cover,RIO,OK,2018-01-31,4.31,True
short_interest_days_to_cover,RIO,OK,2018-02-15,2.2,True
short_interest_days_to_cover,RIO,OK,2018-02-28,3.23,True
short_interest_days_to_cover,RIO,OK,2018-03-15,2.31,True
short_interest_days_to_cover,RIO,OK,2018-03-29,2.63,True
short_interest_days_to_cover,RIO,OK,2018-04-13,2.67,True
short_interest_days_to_cover,RIO,OK,2018-04-30,2.28,True
short_interest_days_to_cover,RIO,OK,2018-05-15,2.73,True
short_interest_days_to_cover,RJF,OK,2017-12-29,2.63,True
short_interest_days_to_cover,RJF,OK,2018-01-12,2.37,True
short_interest_days_to_cover,RJF,OK,2018-01-31,2.51,True
short_interest_days_to_cover,RJF,OK,2018-02-15,2.69,True
short_interest_days_to_cover,RJF,OK,2018-02-28,2.33,True
short_interest_days_to_cover,RJF,OK,2018-03-15,3.19,True
short_interest_days_to_cover,RJF,OK,2018-03-29,2.28,True
short_interest_days_to_cover,RJF,OK,2018-04-13,2.26,True
short_interest_days_to_cover,RJF,OK,2018-04-30,1.94,True
short_interest_days_to_cover,RJF,OK,2018-05-15,3.17,True
short_interest_days_to_cover,RKLB,OK,2021-08-31,1.9,True
short_interest_days_to_cover,RKLB,OK,2021-09-15,1.0,True
short_interest_days_to_cover,RKLB,OK,2021-09-30,2.51,True
short_interest_days_to_cover,RKLB,OK,2021-10-15,1.0,True
short_interest_days_to_cover,RKLB,OK,2021-10-29,1.02,True
short_interest_days_to_cover,RKLB,OK,2021-11-15,1.54,True
short_interest_days_to_cover,RKLB,OK,2021-11-30,1.0,True
short_interest_days_to_cover,RKLB,OK,2021-12-15,1.18,True
short_interest_days_to_cover,RKLB,OK,2021-12-31,2.06,True
short_interest_days_to_cover,RKLB,OK,2022-01-14,2.42,True
short_interest_days_to_cover,RL,OK,2017-12-29,9.79,True
short_interest_days_to_cover,RL,OK,2018-01-12,7.52,True
short_interest_days_to_cover,RL,OK,2018-01-31,5.87,True
short_interest_days_to_cover,RL,OK,2018-02-15,5.41,True
short_interest_days_to_cover,RL,OK,2018-02-28,10.46,True
short_interest_days_to_cover,RL,OK,2018-03-15,9.79,True
short_interest_days_to_cover,RL,OK,2018-03-29,10.06,True
short_interest_days_to_cover,RL,OK,2018-04-13,7.57,True
short_interest_days_to_cover,RL,OK,2018-04-30,8.92,True
short_interest_days_to_cover,RL,OK,2018-05-15,7.96,True
short_interest_days_to_cover,RMD,OK,2017-12-29,15.61,True
short_interest_days_to_cover,RMD,OK,2018-01-12,12.49,True
short_interest_days_to_cover,RMD,OK,2018-01-31,4.37,True
short_interest_days_to_cover,RMD,OK,2018-02-15,5.84,True
short_interest_days_to_cover,RMD,OK,2018-02-28,6.17,True
short_interest_days_to_cover,RMD,OK,2018-03-15,9.48,True
short_interest_days_to_cover,RMD,OK,2018-03-29,5.77,True
short_interest_days_to_cover,RMD,OK,2018-04-13,4.87,True
short_interest_days_to_cover,RMD,OK,2018-04-30,4.31,True
short_interest_days_to_cover,RMD,OK,2018-05-15,4.64,True
short_interest_days_to_cover,ROK,OK,2017-12-29,1.44,True
short_interest_days_to_cover,ROK,OK,2018-01-12,1.35,True
short_interest_days_to_cover,ROK,OK,2018-01-31,1.31,True
short_interest_days_to_cover,ROK,OK,2018-02-15,1.32,True
short_interest_days_to_cover,ROK,OK,2018-02-28,1.84,True
short_interest_days_to_cover,ROK,OK,2018-03-15,2.03,True
short_interest_days_to_cover,ROK,OK,2018-03-29,1.88,True
short_interest_days_to_cover,ROK,OK,2018-04-13,2.23,True
short_interest_days_to_cover,ROK,OK,2018-04-30,1.98,True
short_interest_days_to_cover,ROK,OK,2018-05-15,2.83,True
short_interest_days_to_cover,ROL,OK,2017-12-29,23.33,True
short_interest_days_to_cover,ROL,OK,2018-01-12,15.05,True
short_interest_days_to_cover,ROL,OK,2018-01-31,13.81,True
short_interest_days_to_cover,ROL,OK,2018-02-15,10.86,True
short_interest_days_to_cover,ROL,OK,2018-02-28,9.66,True
short_interest_days_to_cover,ROL,OK,2018-03-15,14.3,True
short_interest_days_to_cover,ROL,OK,2018-03-29,16.13,True
short_interest_days_to_cover,ROL,OK,2018-04-13,14.67,True
short_interest_days_to_cover,ROL,OK,2018-04-30,10.52,True
short_interest_days_to_cover,ROL,OK,2018-05-15,17.93,True
short_interest_days_to_cover,ROP,OK,2017-12-29,4.43,True
short_interest_days_to_cover,ROP,OK,2018-01-12,5.71,True
short_interest_days_to_cover,ROP,OK,2018-01-31,4.17,True
short_interest_days_to_cover,ROP,OK,2018-02-15,3.38,True
short_interest_days_to_cover,ROP,OK,2018-02-28,4.91,True
short_interest_days_to_cover,ROP,OK,2018-03-15,4.73,True
short_interest_days_to_cover,ROP,OK,2018-03-29,4.72,True
short_interest_days_to_cover,ROP,OK,2018-04-13,3.98,True
short_interest_days_to_cover,ROP,OK,2018-04-30,3.37,True
short_interest_days_to_cover,ROP,OK,2018-05-15,4.83,True
short_interest_days_to_cover,ROST,OK,2017-12-29,4.77,True
short_interest_days_to_cover,ROST,OK,2018-01-12,3.89,True
short_interest_days_to_cover,ROST,OK,2018-01-31,3.95,True
short_interest_days_to_cover,ROST,OK,2018-02-15,2.78,True
short_interest_days_to_cover,ROST,OK,2018-02-28,2.88,True
short_interest_days_to_cover,ROST,OK,2018-03-15,1.7,True
short_interest_days_to_cover,ROST,OK,2018-03-29,2.17,True
short_interest_days_to_cover,ROST,OK,2018-04-13,2.37,True
short_interest_days_to_cover,ROST,OK,2018-04-30,1.47,True
short_interest_days_to_cover,ROST,OK,2018-05-15,1.81,True
short_interest_days_to_cover,RSG,OK,2017-12-29,3.07,True
short_interest_days_to_cover,RSG,OK,2018-01-12,3.06,True
short_interest_days_to_cover,RSG,OK,2018-01-31,3.9,True
short_interest_days_to_cover,RSG,OK,2018-02-15,1.57,True
short_interest_days_to_cover,RSG,OK,2018-02-28,2.09,True
short_interest_days_to_cover,RSG,OK,2018-03-15,2.47,True
short_interest_days_to_cover,RSG,OK,2018-03-29,3.18,True
short_interest_days_to_cover,RSG,OK,2018-04-13,3.32,True
short_interest_days_to_cover,RSG,OK,2018-04-30,3.95,True
short_interest_days_to_cover,RSG,OK,2018-05-15,3.31,True
short_interest_days_to_cover,RTNTF,OK,2017-12-29,215.57,True
short_interest_days_to_cover,RTNTF,OK,2018-01-12,719.44,True
short_interest_days_to_cover,RTNTF,OK,2018-01-31,16.82,True
short_interest_days_to_cover,RTNTF,OK,2018-02-15,9.88,True
short_interest_days_to_cover,RTNTF,OK,2018-02-28,64.95,True
short_interest_days_to_cover,RTNTF,OK,2018-03-15,119.68,True
short_interest_days_to_cover,RTNTF,OK,2018-03-29,5.15,True
short_interest_days_to_cover,RTNTF,OK,2018-04-13,206.24,True
short_interest_days_to_cover,RTNTF,OK,2018-04-30,165.73,True
short_interest_days_to_cover,RTNTF,OK,2018-05-15,169.1,True
short_interest_days_to_cover,RTX,OK,2020-04-15,1.09,True
short_interest_days_to_cover,RTX,OK,2020-04-30,1.9,True
short_interest_days_to_cover,RTX,OK,2020-05-15,1.24,True
short_interest_days_to_cover,RTX,OK,2020-05-29,1.58,True
short_interest_days_to_cover,RTX,OK,2020-06-15,1.47,True
short_interest_days_to_cover,RTX,OK,2020-06-30,1.36,True
short_interest_days_to_cover,RTX,OK,2020-07-15,1.77,True
short_interest_days_to_cover,RTX,OK,2020-07-31,1.46,True
short_interest_days_to_cover,RTX,OK,2020-08-14,1.38,True
short_interest_days_to_cover,RTX,OK,2020-08-31,1.93,True
short_interest_days_to_cover,RVTY,OK,2023-05-31,4.01,True
short_interest_days_to_cover,RVTY,OK,2023-06-15,4.14,True
short_interest_days_to_cover,RVTY,OK,2023-06-30,3.61,True
short_interest_days_to_cover,RVTY,OK,2023-07-14,5.72,True
short_interest_days_to_cover,RVTY,OK,2023-07-31,3.5,True
short_interest_days_to_cover,RVTY,OK,2023-08-15,3.48,True
short_interest_days_to_cover,RVTY,OK,2023-08-31,5.89,True
short_interest_days_to_cover,RVTY,OK,2023-09-15,3.6,True
short_interest_days_to_cover,RVTY,OK,2023-09-29,5.27,True
short_interest_days_to_cover,RVTY,OK,2023-10-13,5.36,True
short_interest_days_to_cover,RY,OK,2017-12-29,12.63,True
short_interest_days_to_cover,RY,OK,2018-01-12,10.52,True
short_interest_days_to_cover,RY,OK,2018-01-31,7.46,True
short_interest_days_to_cover,RY,OK,2018-02-15,6.13,True
short_interest_days_to_cover,RY,OK,2018-02-28,6.3,True
short_interest_days_to_cover,RY,OK,2018-03-15,7.23,True
short_interest_days_to_cover,RY,OK,2018-03-29,7.0,True
short_interest_days_to_cover,RY,OK,2018-04-13,7.54,True
short_interest_days_to_cover,RY,OK,2018-04-30,8.34,True
short_interest_days_to_cover,RY,OK,2018-05-15,10.32,True
short_interest_days_to_cover,SAN,OK,2017-12-29,1.55,True
short_interest_days_to_cover,SAN,OK,2018-01-12,1.03,True
short_interest_days_to_cover,SAN,OK,2018-01-31,1.07,True
short_interest_days_to_cover,SAN,OK,2018-02-15,1.0,True
short_interest_days_to_cover,SAN,OK,2018-02-28,1.0,True
short_interest_days_to_cover,SAN,OK,2018-03-15,2.04,True
short_interest_days_to_cover,SAN,OK,2018-03-29,1.03,True
short_interest_days_to_cover,SAN,OK,2018-04-13,2.03,True
short_interest_days_to_cover,SAN,OK,2018-04-30,2.17,True
short_interest_days_to_cover,SAN,OK,2018-05-15,2.37,True
short_interest_days_to_cover,SAP,OK,2017-12-29,9.76,True
short_interest_days_to_cover,SAP,OK,2018-01-12,4.1,True
short_interest_days_to_cover,SAP,OK,2018-01-31,2.04,True
short_interest_days_to_cover,SAP,OK,2018-02-15,1.9,True
short_interest_days_to_cover,SAP,OK,2018-02-28,2.21,True
short_interest_days_to_cover,SAP,OK,2018-03-15,2.18,True
short_interest_days_to_cover,SAP,OK,2018-03-29,2.79,True
short_interest_days_to_cover,SAP,OK,2018-04-13,3.55,True
short_interest_days_to_cover,SAP,OK,2018-04-30,2.95,True
short_interest_days_to_cover,SAP,OK,2018-05-15,4.4,True
short_interest_days_to_cover,SATS,OK,2017-12-29,2.84,True
short_interest_days_to_cover,SATS,OK,2018-01-12,1.75,True
short_interest_days_to_cover,SATS,OK,2018-01-31,2.23,True
short_interest_days_to_cover,SATS,OK,2018-02-15,1.79,True
short_interest_days_to_cover,SATS,OK,2018-02-28,1.22,True
short_interest_days_to_cover,SATS,OK,2018-03-15,2.99,True
short_interest_days_to_cover,SATS,OK,2018-03-29,3.65,True
short_interest_days_to_cover,SATS,OK,2018-04-13,3.66,True
short_interest_days_to_cover,SATS,OK,2018-04-30,4.46,True
short_interest_days_to_cover,SATS,OK,2018-05-15,2.65,True
short_interest_days_to_cover,SBAC,OK,2017-12-29,3.17,True
short_interest_days_to_cover,SBAC,OK,2018-01-12,3.06,True
short_interest_days_to_cover,SBAC,OK,2018-01-31,2.94,True
short_interest_days_to_cover,SBAC,OK,2018-02-15,2.8,True
short_interest_days_to_cover,SBAC,OK,2018-02-28,2.73,True
short_interest_days_to_cover,SBAC,OK,2018-03-15,3.63,True
short_interest_days_to_cover,SBAC,OK,2018-03-29,3.33,True
short_interest_days_to_cover,SBAC,OK,2018-04-13,2.34,True
short_interest_days_to_cover,SBAC,OK,2018-04-30,3.24,True
short_interest_days_to_cover,SBAC,OK,2018-05-15,4.07,True
short_interest_days_to_cover,SBUX,OK,2017-12-29,4.76,True
short_interest_days_to_cover,SBUX,OK,2018-01-12,4.94,True
short_interest_days_to_cover,SBUX,OK,2018-01-31,1.75,True
short_interest_days_to_cover,SBUX,OK,2018-02-15,2.07,True
short_interest_days_to_cover,SBUX,OK,2018-02-28,3.4,True
short_interest_days_to_cover,SBUX,OK,2018-03-15,4.15,True
short_interest_days_to_cover,SBUX,OK,2018-03-29,3.63,True
short_interest_days_to_cover,SBUX,OK,2018-04-13,4.15,True
short_interest_days_to_cover,SBUX,OK,2018-04-30,3.01,True
short_interest_days_to_cover,SBUX,OK,2018-05-15,3.72,True
short_interest_days_to_cover,SCCO,OK,2017-12-29,8.9,True
short_interest_days_to_cover,SCCO,OK,2018-01-12,10.24,True
short_interest_days_to_cover,SCCO,OK,2018-01-31,9.92,True
short_interest_days_to_cover,SCCO,OK,2018-02-15,6.9,True
short_interest_days_to_cover,SCCO,OK,2018-02-28,6.65,True
short_interest_days_to_cover,SCCO,OK,2018-03-15,8.91,True
short_interest_days_to_cover,SCCO,OK,2018-03-29,9.84,True
short_interest_days_to_cover,SCCO,OK,2018-04-13,10.18,True
short_interest_days_to_cover,SCCO,OK,2018-04-30,8.84,True
short_interest_days_to_cover,SCCO,OK,2018-05-15,8.87,True
short_interest_days_to_cover,SCHW,OK,2017-12-29,4.48,True
short_interest_days_to_cover,SCHW,OK,2018-01-12,3.95,True
short_interest_days_to_cover,SCHW,OK,2018-01-31,2.66,True
short_interest_days_to_cover,SCHW,OK,2018-02-15,1.84,True
short_interest_days_to_cover,SCHW,OK,2018-02-28,3.04,True
short_interest_days_to_cover,SCHW,OK,2018-03-15,3.11,True
short_interest_days_to_cover,SCHW,OK,2018-03-29,2.57,True
short_interest_days_to_cover,SCHW,OK,2018-04-13,3.03,True
short_interest_days_to_cover,SCHW,OK,2018-04-30,2.87,True
short_interest_days_to_cover,SCHW,OK,2018-05-15,4.77,True
short_interest_days_to_cover,SHEL,OK,2022-02-15,1.6,True
short_interest_days_to_cover,SHEL,OK,2022-02-28,1.39,True
short_interest_days_to_cover,SHEL,OK,2022-03-15,1.0,True
short_interest_days_to_cover,SHEL,OK,2022-03-31,1.11,True
short_interest_days_to_cover,SHEL,OK,2022-04-14,1.54,True
short_interest_days_to_cover,SHEL,OK,2022-04-29,1.45,True
short_interest_days_to_cover,SHEL,OK,2022-05-13,1.2,True
short_interest_days_to_cover,SHEL,OK,2022-05-31,1.16,True
short_interest_days_to_cover,SHEL,OK,2022-06-15,1.92,True
short_interest_days_to_cover,SHEL,OK,2022-06-30,1.15,True
short_interest_days_to_cover,SHOP,OK,2017-12-29,8.73,True
short_interest_days_to_cover,SHOP,OK,2018-01-12,6.45,True
short_interest_days_to_cover,SHOP,OK,2018-01-31,4.54,True
short_interest_days_to_cover,SHOP,OK,2018-02-15,1.93,True
short_interest_days_to_cover,SHOP,OK,2018-02-28,2.07,True
short_interest_days_to_cover,SHOP,OK,2018-03-15,3.9,True
short_interest_days_to_cover,SHOP,OK,2018-03-29,2.4,True
short_interest_days_to_cover,SHOP,OK,2018-04-13,4.02,True
short_interest_days_to_cover,SHOP,OK,2018-04-30,5.33,True
short_interest_days_to_cover,SHOP,OK,2018-05-15,4.53,True
short_interest_days_to_cover,SHW,OK,2017-12-29,2.7,True
short_interest_days_to_cover,SHW,OK,2018-01-12,2.7,True
short_interest_days_to_cover,SHW,OK,2018-01-31,2.04,True
short_interest_days_to_cover,SHW,OK,2018-02-15,2.61,True
short_interest_days_to_cover,SHW,OK,2018-02-28,2.84,True
short_interest_days_to_cover,SHW,OK,2018-03-15,3.29,True
short_interest_days_to_cover,SHW,OK,2018-03-29,3.56,True
short_interest_days_to_cover,SHW,OK,2018-04-13,2.76,True
short_interest_days_to_cover,SHW,OK,2018-04-30,1.88,True
short_interest_days_to_cover,SHW,OK,2018-05-15,3.19,True
short_interest_days_to_cover,SJM,OK,2017-12-29,9.45,True
short_interest_days_to_cover,SJM,OK,2018-01-12,7.93,True
short_interest_days_to_cover,SJM,OK,2018-01-31,6.12,True
short_interest_days_to_cover,SJM,OK,2018-02-15,6.31,True
short_interest_days_to_cover,SJM,OK,2018-02-28,6.57,True
short_interest_days_to_cover,SJM,OK,2018-03-15,8.6,True
short_interest_days_to_cover,SJM,OK,2018-03-29,6.88,True
short_interest_days_to_cover,SJM,OK,2018-04-13,9.6,True
short_interest_days_to_cover,SJM,OK,2018-04-30,8.8,True
short_interest_days_to_cover,SJM,OK,2018-05-15,10.16,True
short_interest_days_to_cover,SLB,OK,2017-12-29,2.57,True
short_interest_days_to_cover,SLB,OK,2018-01-12,2.81,True
short_interest_days_to_cover,SLB,OK,2018-01-31,2.4,True
short_interest_days_to_cover,SLB,OK,2018-02-15,2.09,True
short_interest_days_to_cover,SLB,OK,2018-02-28,2.89,True
short_interest_days_to_cover,SLB,OK,2018-03-15,3.78,True
short_interest_days_to_cover,SLB,OK,2018-03-29,3.1,True
short_interest_days_to_cover,SLB,OK,2018-04-13,3.02,True
short_interest_days_to_cover,SLB,OK,2018-04-30,2.78,True
short_interest_days_to_cover,SLB,OK,2018-05-15,3.51,True
short_interest_days_to_cover,SMERY,OK,2026-01-30,2.92,True
short_interest_days_to_cover,SMERY,OK,2026-02-13,1.0,True
short_interest_days_to_cover,SMERY,OK,2026-02-27,1.0,True
short_interest_days_to_cover,SMERY,OK,2026-03-13,1.0,True
short_interest_days_to_cover,SMERY,OK,2026-03-31,1.0,True
short_interest_days_to_cover,SMERY,OK,2026-04-15,1.0,True
short_interest_days_to_cover,SMERY,OK,2026-04-30,1.0,True
short_interest_days_to_cover,SMERY,OK,2026-05-15,1.0,True
short_interest_days_to_cover,SMERY,OK,2026-05-29,1.0,True
short_interest_days_to_cover,SMERY,OK,2026-06-15,1.0,True
short_interest_days_to_cover,SMFG,OK,2017-12-29,3.53,True
short_interest_days_to_cover,SMFG,OK,2018-01-12,2.77,True
short_interest_days_to_cover,SMFG,OK,2018-01-31,2.24,True
short_interest_days_to_cover,SMFG,OK,2018-02-15,2.45,True
short_interest_days_to_cover,SMFG,OK,2018-02-28,3.22,True
short_interest_days_to_cover,SMFG,OK,2018-03-15,5.14,True
short_interest_days_to_cover,SMFG,OK,2018-03-29,1.17,True
short_interest_days_to_cover,SMFG,OK,2018-04-13,2.78,True
short_interest_days_to_cover,SMFG,OK,2018-04-30,3.74,True
short_interest_days_to_cover,SMFG,OK,2018-05-15,3.69,True
short_interest_days_to_cover,SNA,OK,2017-12-29,17.05,True
short_interest_days_to_cover,SNA,OK,2018-01-12,11.23,True
short_interest_days_to_cover,SNA,OK,2018-01-31,10.7,True
short_interest_days_to_cover,SNA,OK,2018-02-15,6.67,True
short_interest_days_to_cover,SNA,OK,2018-02-28,10.54,True
short_interest_days_to_cover,SNA,OK,2018-03-15,7.93,True
short_interest_days_to_cover,SNA,OK,2018-03-29,9.0,True
short_interest_days_to_cover,SNA,OK,2018-04-13,11.56,True
short_interest_days_to_cover,SNA,OK,2018-04-30,7.27,True
short_interest_days_to_cover,SNA,OK,2018-05-15,15.61,True
short_interest_days_to_cover,SNDK,OK,2025-02-28,1.15,True
short_interest_days_to_cover,SNDK,OK,2025-03-14,1.01,True
short_interest_days_to_cover,SNDK,OK,2025-03-31,1.49,True
short_interest_days_to_cover,SNDK,OK,2025-04-15,1.21,True
short_interest_days_to_cover,SNDK,OK,2025-04-30,3.21,True
short_interest_days_to_cover,SNDK,OK,2025-05-15,2.85,True
short_interest_days_to_cover,SNDK,OK,2025-05-30,3.29,True
short_interest_days_to_cover,SNDK,OK,2025-06-13,1.47,True
short_interest_days_to_cover,SNDK,OK,2025-06-30,2.51,True
short_interest_days_to_cover,SNDK,OK,2025-07-15,2.97,True
short_interest_days_to_cover,SNOW,OK,2020-09-30,1.0,True
short_interest_days_to_cover,SNOW,OK,2020-10-15,2.7,True
short_interest_days_to_cover,SNOW,OK,2020-10-30,2.36,True
short_interest_days_to_cover,SNOW,OK,2020-11-13,4.7,True
short_interest_days_to_cover,SNOW,OK,2020-11-30,4.25,True
short_interest_days_to_cover,SNOW,OK,2020-12-15,1.49,True
short_interest_days_to_cover,SNOW,OK,2020-12-31,2.55,True
short_interest_days_to_cover,SNOW,OK,2021-01-15,1.66,True
short_interest_days_to_cover,SNOW,OK,2021-01-29,3.26,True
short_interest_days_to_cover,SNOW,OK,2021-02-12,2.61,True
short_interest_days_to_cover,SNPS,OK,2017-12-29,3.27,True
short_interest_days_to_cover,SNPS,OK,2018-01-12,3.48,True
short_interest_days_to_cover,SNPS,OK,2018-01-31,3.36,True
short_interest_days_to_cover,SNPS,OK,2018-02-15,1.84,True
short_interest_days_to_cover,SNPS,OK,2018-02-28,1.72,True
short_interest_days_to_cover,SNPS,OK,2018-03-15,2.45,True
short_interest_days_to_cover,SNPS,OK,2018-03-29,2.15,True
short_interest_days_to_cover,SNPS,OK,2018-04-13,2.03,True
short_interest_days_to_cover,SNPS,OK,2018-04-30,1.73,True
short_interest_days_to_cover,SNPS,OK,2018-05-15,2.09,True
short_interest_days_to_cover,SNY,OK,2017-12-29,1.26,True
short_interest_days_to_cover,SNY,OK,2018-01-12,1.4,True
short_interest_days_to_cover,SNY,OK,2018-01-31,1.0,True
short_interest_days_to_cover,SNY,OK,2018-02-15,1.0,True
short_interest_days_to_cover,SNY,OK,2018-02-28,2.08,True
short_interest_days_to_cover,SNY,OK,2018-03-15,2.31,True
short_interest_days_to_cover,SNY,OK,2018-03-29,1.25,True
short_interest_days_to_cover,SNY,OK,2018-04-13,2.25,True
short_interest_days_to_cover,SNY,OK,2018-04-30,1.54,True
short_interest_days_to_cover,SNY,OK,2018-05-15,1.83,True
short_interest_days_to_cover,SO,OK,2017-12-29,4.79,True
short_interest_days_to_cover,SO,OK,2018-01-12,4.28,True
short_interest_days_to_cover,SO,OK,2018-01-31,3.14,True
short_interest_days_to_cover,SO,OK,2018-02-15,3.48,True
short_interest_days_to_cover,SO,OK,2018-02-28,4.38,True
short_interest_days_to_cover,SO,OK,2018-03-15,5.06,True
short_interest_days_to_cover,SO,OK,2018-03-29,5.57,True
short_interest_days_to_cover,SO,OK,2018-04-13,7.44,True
short_interest_days_to_cover,SO,OK,2018-04-30,6.44,True
short_interest_days_to_cover,SO,OK,2018-05-15,6.46,True
short_interest_days_to_cover,SOLV,OK,2024-04-15,1.0,True
short_interest_days_to_cover,SOLV,OK,2024-04-30,2.28,True
short_interest_days_to_cover,SOLV,OK,2024-05-15,2.4,True
short_interest_days_to_cover,SOLV,OK,2024-05-31,2.8,True
short_interest_days_to_cover,SOLV,OK,2024-06-14,3.72,True
short_interest_days_to_cover,SOLV,OK,2024-06-28,1.92,True
short_interest_days_to_cover,SOLV,OK,2024-07-15,5.49,True
short_interest_days_to_cover,SOLV,OK,2024-07-31,3.57,True
short_interest_days_to_cover,SOLV,OK,2024-08-15,4.32,True
short_interest_days_to_cover,SOLV,OK,2024-08-30,5.33,True
short_interest_days_to_cover,SONY,OK,2021-04-15,2.43,True
short_interest_days_to_cover,SONY,OK,2021-04-30,2.23,True
short_interest_days_to_cover,SONY,OK,2021-05-14,1.2,True
short_interest_days_to_cover,SONY,OK,2021-05-28,1.79,True
short_interest_days_to_cover,SONY,OK,2021-06-15,2.29,True
short_interest_days_to_cover,SONY,OK,2021-06-30,1.53,True
short_interest_days_to_cover,SONY,OK,2021-07-15,1.72,True
short_interest_days_to_cover,SONY,OK,2021-07-30,1.68,True
short_interest_days_to_cover,SONY,OK,2021-08-13,2.12,True
short_interest_days_to_cover,SONY,OK,2021-08-31,1.95,True
short_interest_days_to_cover,SPG,OK,2017-12-29,9.1,True
short_interest_days_to_cover,SPG,OK,2018-01-12,8.05,True
short_interest_days_to_cover,SPG,OK,2018-01-31,6.72,True
short_interest_days_to_cover,SPG,OK,2018-02-15,5.43,True
short_interest_days_to_cover,SPG,OK,2018-02-28,8.17,True
short_interest_days_to_cover,SPG,OK,2018-03-15,8.45,True
short_interest_days_to_cover,SPG,OK,2018-03-29,7.61,True
short_interest_days_to_cover,SPG,OK,2018-04-13,9.27,True
short_interest_days_to_cover,SPG,OK,2018-04-30,7.64,True
short_interest_days_to_cover,SPG,OK,2018-05-15,7.93,True
short_interest_days_to_cover,SPGI,OK,2017-12-29,1.92,True
short_interest_days_to_cover,SPGI,OK,2018-01-12,2.3,True
short_interest_days_to_cover,SPGI,OK,2018-01-31,1.91,True
short_interest_days_to_cover,SPGI,OK,2018-02-15,1.1,True
short_interest_days_to_cover,SPGI,OK,2018-02-28,1.98,True
short_interest_days_to_cover,SPGI,OK,2018-03-15,4.47,True
short_interest_days_to_cover,SPGI,OK,2018-03-29,3.11,True
short_interest_days_to_cover,SPGI,OK,2018-04-13,3.7,True
short_interest_days_to_cover,SPGI,OK,2018-04-30,2.63,True
short_interest_days_to_cover,SPGI,OK,2018-05-15,2.84,True
short_interest_days_to_cover,SPOT,OK,2018-04-13,1.0,True
short_interest_days_to_cover,SPOT,OK,2018-04-30,1.16,True
short_interest_days_to_cover,SPOT,OK,2018-05-15,1.0,True
short_interest_days_to_cover,SPOT,OK,2018-05-31,1.44,True
short_interest_days_to_cover,SPOT,OK,2018-06-15,1.15,True
short_interest_days_to_cover,SPOT,OK,2018-06-29,1.05,True
short_interest_days_to_cover,SPOT,OK,2018-07-13,1.53,True
short_interest_days_to_cover,SPOT,OK,2018-07-31,1.28,True
short_interest_days_to_cover,SPOT,OK,2018-08-15,2.32,True
short_interest_days_to_cover,SPOT,OK,2018-08-31,3.09,True
short_interest_days_to_cover,SRE,OK,2017-12-29,5.32,True
short_interest_days_to_cover,SRE,OK,2018-01-12,5.58,True
short_interest_days_to_cover,SRE,OK,2018-01-31,7.95,True
short_interest_days_to_cover,SRE,OK,2018-02-15,8.73,True
short_interest_days_to_cover,SRE,OK,2018-02-28,8.38,True
short_interest_days_to_cover,SRE,OK,2018-03-15,7.86,True
short_interest_days_to_cover,SRE,OK,2018-03-29,7.65,True
short_interest_days_to_cover,SRE,OK,2018-04-13,8.24,True
short_interest_days_to_cover,SRE,OK,2018-04-30,6.44,True
short_interest_days_to_cover,SRE,OK,2018-05-15,6.63,True
short_interest_days_to_cover,STE,OK,2017-12-29,6.56,True
short_interest_days_to_cover,STE,OK,2018-01-12,4.45,True
short_interest_days_to_cover,STE,OK,2018-01-31,5.19,True
short_interest_days_to_cover,STE,OK,2018-02-15,3.94,True
short_interest_days_to_cover,STE,OK,2018-02-28,6.87,True
short_interest_days_to_cover,STE,OK,2018-03-15,6.59,True
short_interest_days_to_cover,STE,OK,2018-03-29,6.25,True
short_interest_days_to_cover,STE,OK,2018-04-13,8.88,True
short_interest_days_to_cover,STE,OK,2018-04-30,8.48,True
short_interest_days_to_cover,STE,OK,2018-05-15,4.91,True
short_interest_days_to_cover,STLD,OK,2017-12-29,3.74,True
short_interest_days_to_cover,STLD,OK,2018-01-12,2.93,True
short_interest_days_to_cover,STLD,OK,2018-01-31,2.48,True
short_interest_days_to_cover,STLD,OK,2018-02-15,2.58,True
short_interest_days_to_cover,STLD,OK,2018-02-28,1.97,True
short_interest_days_to_cover,STLD,OK,2018-03-15,1.79,True
short_interest_days_to_cover,STLD,OK,2018-03-29,2.38,True
short_interest_days_to_cover,STLD,OK,2018-04-13,2.5,True
short_interest_days_to_cover,STLD,OK,2018-04-30,2.54,True
short_interest_days_to_cover,STLD,OK,2018-05-15,3.89,True
short_interest_days_to_cover,STM,OK,2017-12-29,3.74,True
short_interest_days_to_cover,STM,OK,2018-01-12,2.49,True
short_interest_days_to_cover,STM,OK,2018-01-31,1.5,True
short_interest_days_to_cover,STM,OK,2018-02-15,1.41,True
short_interest_days_to_cover,STM,OK,2018-02-28,2.12,True
short_interest_days_to_cover,STM,OK,2018-03-15,1.76,True
short_interest_days_to_cover,STM,OK,2018-03-29,2.04,True
short_interest_days_to_cover,STM,OK,2018-04-13,1.77,True
short_interest_days_to_cover,STM,OK,2018-04-30,1.48,True
short_interest_days_to_cover,STM,OK,2018-05-15,1.65,True
short_interest_days_to_cover,STT,OK,2017-12-29,3.36,True
short_interest_days_to_cover,STT,OK,2018-01-12,2.96,True
short_interest_days_to_cover,STT,OK,2018-01-31,2.18,True
short_interest_days_to_cover,STT,OK,2018-02-15,2.43,True
short_interest_days_to_cover,STT,OK,2018-02-28,2.32,True
short_interest_days_to_cover,STT,OK,2018-03-15,2.34,True
short_interest_days_to_cover,STT,OK,2018-03-29,2.45,True
short_interest_days_to_cover,STT,OK,2018-04-13,3.09,True
short_interest_days_to_cover,STT,OK,2018-04-30,2.2,True
short_interest_days_to_cover,STT,OK,2018-05-15,3.49,True
short_interest_days_to_cover,STX,OK,2017-12-29,13.66,True
short_interest_days_to_cover,STX,OK,2018-01-12,5.1,True
short_interest_days_to_cover,STX,OK,2018-01-31,6.13,True
short_interest_days_to_cover,STX,OK,2018-02-15,5.41,True
short_interest_days_to_cover,STX,OK,2018-02-28,9.46,True
short_interest_days_to_cover,STX,OK,2018-03-15,6.23,True
short_interest_days_to_cover,STX,OK,2018-03-29,4.81,True
short_interest_days_to_cover,STX,OK,2018-04-13,5.51,True
short_interest_days_to_cover,STX,OK,2018-04-30,6.09,True
short_interest_days_to_cover,STX,OK,2018-05-15,4.19,True
short_interest_days_to_cover,STZ,OK,2017-12-29,2.65,True
short_interest_days_to_cover,STZ,OK,2018-01-12,1.05,True
short_interest_days_to_cover,STZ,OK,2018-01-31,1.38,True
short_interest_days_to_cover,STZ,OK,2018-02-15,1.39,True
short_interest_days_to_cover,STZ,OK,2018-02-28,1.75,True
short_interest_days_to_cover,STZ,OK,2018-03-15,2.15,True
short_interest_days_to_cover,STZ,OK,2018-03-29,1.46,True
short_interest_days_to_cover,STZ,OK,2018-04-13,1.93,True
short_interest_days_to_cover,STZ,OK,2018-04-30,3.12,True
short_interest_days_to_cover,STZ,OK,2018-05-15,2.6,True
short_interest_days_to_cover,SU,OK,2017-12-29,1.47,True
short_interest_days_to_cover,SU,OK,2018-01-12,1.36,True
short_interest_days_to_cover,SU,OK,2018-01-31,1.34,True
short_interest_days_to_cover,SU,OK,2018-02-15,1.0,True
short_interest_days_to_cover,SU,OK,2018-02-28,1.28,True
short_interest_days_to_cover,SU,OK,2018-03-15,1.0,True
short_interest_days_to_cover,SU,OK,2018-03-29,1.6,True
short_interest_days_to_cover,SU,OK,2018-04-13,2.17,True
short_interest_days_to_cover,SU,OK,2018-04-30,2.03,True
short_interest_days_to_cover,SU,OK,2018-05-15,2.04,True
short_interest_days_to_cover,SW,OK,2024-07-15,1.94,True
short_interest_days_to_cover,SW,OK,2024-07-31,2.8,True
short_interest_days_to_cover,SW,OK,2024-08-15,4.08,True
short_interest_days_to_cover,SW,OK,2024-08-30,3.57,True
short_interest_days_to_cover,SW,OK,2024-09-13,3.15,True
short_interest_days_to_cover,SW,OK,2024-09-30,2.93,True
short_interest_days_to_cover,SW,OK,2024-10-15,5.47,True
short_interest_days_to_cover,SW,OK,2024-10-31,4.4,True
short_interest_days_to_cover,SW,OK,2024-11-15,5.95,True
short_interest_days_to_cover,SW,OK,2024-11-29,4.46,True
short_interest_days_to_cover,SWK,OK,2017-12-29,3.27,True
short_interest_days_to_cover,SWK,OK,2018-01-12,2.28,True
short_interest_days_to_cover,SWK,OK,2018-01-31,1.55,True
short_interest_days_to_cover,SWK,OK,2018-02-15,1.44,True
short_interest_days_to_cover,SWK,OK,2018-02-28,1.92,True
short_interest_days_to_cover,SWK,OK,2018-03-15,1.56,True
short_interest_days_to_cover,SWK,OK,2018-03-29,2.18,True
short_interest_days_to_cover,SWK,OK,2018-04-13,2.13,True
short_interest_days_to_cover,SWK,OK,2018-04-30,1.72,True
short_interest_days_to_cover,SWK,OK,2018-05-15,2.77,True
short_interest_days_to_cover,SWKS,OK,2017-12-29,4.61,True
short_interest_days_to_cover,SWKS,OK,2018-01-12,4.69,True
short_interest_days_to_cover,SWKS,OK,2018-01-31,3.47,True
short_interest_days_to_cover,SWKS,OK,2018-02-15,2.17,True
short_interest_days_to_cover,SWKS,OK,2018-02-28,4.16,True
short_interest_days_to_cover,SWKS,OK,2018-03-15,4.21,True
short_interest_days_to_cover,SWKS,OK,2018-03-29,4.11,True
short_interest_days_to_cover,SWKS,OK,2018-04-13,4.63,True
short_interest_days_to_cover,SWKS,OK,2018-04-30,3.02,True
short_interest_days_to_cover,SWKS,OK,2018-05-15,2.32,True
short_interest_days_to_cover,SYK,OK,2017-12-29,7.32,True
short_interest_days_to_cover,SYK,OK,2018-01-12,5.58,True
short_interest_days_to_cover,SYK,OK,2018-01-31,4.15,True
short_interest_days_to_cover,SYK,OK,2018-02-15,4.82,True
short_interest_days_to_cover,SYK,OK,2018-02-28,5.72,True
short_interest_days_to_cover,SYK,OK,2018-03-15,7.27,True
short_interest_days_to_cover,SYK,OK,2018-03-29,4.52,True
short_interest_days_to_cover,SYK,OK,2018-04-13,5.7,True
short_interest_days_to_cover,SYK,OK,2018-04-30,3.91,True
short_interest_days_to_cover,SYK,OK,2018-05-15,4.84,True
short_interest_days_to_cover,T,OK,2017-12-29,7.87,True
short_interest_days_to_cover,T,OK,2018-01-12,6.02,True
short_interest_days_to_cover,T,OK,2018-01-31,6.41,True
short_interest_days_to_cover,T,OK,2018-02-15,4.46,True
short_interest_days_to_cover,T,OK,2018-02-28,8.25,True
short_interest_days_to_cover,T,OK,2018-03-15,8.68,True
short_interest_days_to_cover,T,OK,2018-03-29,6.31,True
short_interest_days_to_cover,T,OK,2018-04-13,7.32,True
short_interest_days_to_cover,T,OK,2018-04-30,5.0,True
short_interest_days_to_cover,T,OK,2018-05-15,6.1,True
short_interest_days_to_cover,TAP,OK,2017-12-29,2.61,True
short_interest_days_to_cover,TAP,OK,2018-01-12,2.66,True
short_interest_days_to_cover,TAP,OK,2018-01-31,3.07,True
short_interest_days_to_cover,TAP,OK,2018-02-15,1.51,True
short_interest_days_to_cover,TAP,OK,2018-02-28,2.7,True
short_interest_days_to_cover,TAP,OK,2018-03-15,2.5,True
short_interest_days_to_cover,TAP,OK,2018-03-29,1.71,True
short_interest_days_to_cover,TAP,OK,2018-04-13,1.81,True
short_interest_days_to_cover,TAP,OK,2018-04-30,2.12,True
short_interest_days_to_cover,TAP,OK,2018-05-15,1.31,True
short_interest_days_to_cover,TD,OK,2017-12-29,5.25,True
short_interest_days_to_cover,TD,OK,2018-01-12,5.32,True
short_interest_days_to_cover,TD,OK,2018-01-31,3.65,True
short_interest_days_to_cover,TD,OK,2018-02-15,3.16,True
short_interest_days_to_cover,TD,OK,2018-02-28,3.23,True
short_interest_days_to_cover,TD,OK,2018-03-15,3.43,True
short_interest_days_to_cover,TD,OK,2018-03-29,3.54,True
short_interest_days_to_cover,TD,OK,2018-04-13,4.55,True
short_interest_days_to_cover,TD,OK,2018-04-30,5.74,True
short_interest_days_to_cover,TD,OK,2018-05-15,5.47,True
short_interest_days_to_cover,TDG,OK,2017-12-29,21.03,True
short_interest_days_to_cover,TDG,OK,2018-01-12,12.5,True
short_interest_days_to_cover,TDG,OK,2018-01-31,14.54,True
short_interest_days_to_cover,TDG,OK,2018-02-15,8.41,True
short_interest_days_to_cover,TDG,OK,2018-02-28,13.11,True
short_interest_days_to_cover,TDG,OK,2018-03-15,5.64,True
short_interest_days_to_cover,TDG,OK,2018-03-29,9.5,True
short_interest_days_to_cover,TDG,OK,2018-04-13,11.98,True
short_interest_days_to_cover,TDG,OK,2018-04-30,10.8,True
short_interest_days_to_cover,TDG,OK,2018-05-15,10.17,True
short_interest_days_to_cover,TECH,OK,2017-12-29,8.99,True
short_interest_days_to_cover,TECH,OK,2018-01-12,5.84,True
short_interest_days_to_cover,TECH,OK,2018-01-31,4.87,True
short_interest_days_to_cover,TECH,OK,2018-02-15,4.77,True
short_interest_days_to_cover,TECH,OK,2018-02-28,4.94,True
short_interest_days_to_cover,TECH,OK,2018-03-15,5.01,True
short_interest_days_to_cover,TECH,OK,2018-03-29,5.56,True
short_interest_days_to_cover,TECH,OK,2018-04-13,5.95,True
short_interest_days_to_cover,TECH,OK,2018-04-30,6.01,True
short_interest_days_to_cover,TECH,OK,2018-05-15,4.66,True
short_interest_days_to_cover,TEL,OK,2017-12-29,4.9,True
short_interest_days_to_cover,TEL,OK,2018-01-12,3.76,True
short_interest_days_to_cover,TEL,OK,2018-01-31,2.78,True
short_interest_days_to_cover,TEL,OK,2018-02-15,3.25,True
short_interest_days_to_cover,TEL,OK,2018-02-28,5.04,True
short_interest_days_to_cover,TEL,OK,2018-03-15,3.47,True
short_interest_days_to_cover,TEL,OK,2018-03-29,3.55,True
short_interest_days_to_cover,TEL,OK,2018-04-13,2.83,True
short_interest_days_to_cover,TEL,OK,2018-04-30,2.26,True
short_interest_days_to_cover,TEL,OK,2018-05-15,2.85,True
short_interest_days_to_cover,TER,OK,2017-12-29,4.97,True
short_interest_days_to_cover,TER,OK,2018-01-12,3.65,True
short_interest_days_to_cover,TER,OK,2018-01-31,2.57,True
short_interest_days_to_cover,TER,OK,2018-02-15,2.99,True
short_interest_days_to_cover,TER,OK,2018-02-28,4.3,True
short_interest_days_to_cover,TER,OK,2018-03-15,5.29,True
short_interest_days_to_cover,TER,OK,2018-03-29,4.46,True
short_interest_days_to_cover,TER,OK,2018-04-13,4.91,True
short_interest_days_to_cover,TER,OK,2018-04-30,2.25,True
short_interest_days_to_cover,TER,OK,2018-05-15,3.98,True
short_interest_days_to_cover,TFC,OK,2019-12-13,2.59,True
short_interest_days_to_cover,TFC,OK,2019-12-31,3.11,True
short_interest_days_to_cover,TFC,OK,2020-01-15,2.57,True
short_interest_days_to_cover,TFC,OK,2020-01-31,2.4,True
short_interest_days_to_cover,TFC,OK,2020-02-14,3.98,True
short_interest_days_to_cover,TFC,OK,2020-02-28,2.32,True
short_interest_days_to_cover,TFC,OK,2020-03-13,1.4,True
short_interest_days_to_cover,TFC,OK,2020-03-31,1.51,True
short_interest_days_to_cover,TFC,OK,2020-04-15,1.8,True
short_interest_days_to_cover,TFC,OK,2020-04-30,2.69,True
short_interest_days_to_cover,TGT,OK,2017-12-29,8.28,True
short_interest_days_to_cover,TGT,OK,2018-01-12,4.61,True
short_interest_days_to_cover,TGT,OK,2018-01-31,6.31,True
short_interest_days_to_cover,TGT,OK,2018-02-15,7.41,True
short_interest_days_to_cover,TGT,OK,2018-02-28,6.74,True
short_interest_days_to_cover,TGT,OK,2018-03-15,5.69,True
short_interest_days_to_cover,TGT,OK,2018-03-29,7.03,True
short_interest_days_to_cover,TGT,OK,2018-04-13,9.26,True
short_interest_days_to_cover,TGT,OK,2018-04-30,10.25,True
short_interest_days_to_cover,TGT,OK,2018-05-15,8.66,True
short_interest_days_to_cover,TJX,OK,2017-12-29,4.85,True
short_interest_days_to_cover,TJX,OK,2018-01-12,4.15,True
short_interest_days_to_cover,TJX,OK,2018-01-31,4.0,True
short_interest_days_to_cover,TJX,OK,2018-02-15,2.83,True
short_interest_days_to_cover,TJX,OK,2018-02-28,2.77,True
short_interest_days_to_cover,TJX,OK,2018-03-15,3.0,True
short_interest_days_to_cover,TJX,OK,2018-03-29,3.47,True
short_interest_days_to_cover,TJX,OK,2018-04-13,3.51,True
short_interest_days_to_cover,TJX,OK,2018-04-30,4.26,True
short_interest_days_to_cover,TJX,OK,2018-05-15,3.9,True
short_interest_days_to_cover,TM,OK,2017-12-29,7.39,True
short_interest_days_to_cover,TM,OK,2018-01-12,4.7,True
short_interest_days_to_cover,TM,OK,2018-01-31,3.75,True
short_interest_days_to_cover,TM,OK,2018-02-15,3.51,True
short_interest_days_to_cover,TM,OK,2018-02-28,6.92,True
short_interest_days_to_cover,TM,OK,2018-03-15,4.31,True
short_interest_days_to_cover,TM,OK,2018-03-29,5.42,True
short_interest_days_to_cover,TM,OK,2018-04-13,3.3,True
short_interest_days_to_cover,TM,OK,2018-04-30,4.91,True
short_interest_days_to_cover,TM,OK,2018-05-15,5.82,True
short_interest_days_to_cover,TMO,OK,2017-12-29,4.83,True
short_interest_days_to_cover,TMO,OK,2018-01-12,3.05,True
short_interest_days_to_cover,TMO,OK,2018-01-31,2.64,True
short_interest_days_to_cover,TMO,OK,2018-02-15,2.1,True
short_interest_days_to_cover,TMO,OK,2018-02-28,3.38,True
short_interest_days_to_cover,TMO,OK,2018-03-15,2.92,True
short_interest_days_to_cover,TMO,OK,2018-03-29,2.39,True
short_interest_days_to_cover,TMO,OK,2018-04-13,3.39,True
short_interest_days_to_cover,TMO,OK,2018-04-30,3.11,True
short_interest_days_to_cover,TMO,OK,2018-05-15,3.12,True
short_interest_days_to_cover,TMUS,OK,2017-12-29,2.72,True
short_interest_days_to_cover,TMUS,OK,2018-01-12,2.62,True
short_interest_days_to_cover,TMUS,OK,2018-01-31,2.73,True
short_interest_days_to_cover,TMUS,OK,2018-02-15,1.42,True
short_interest_days_to_cover,TMUS,OK,2018-02-28,2.05,True
short_interest_days_to_cover,TMUS,OK,2018-03-15,2.1,True
short_interest_days_to_cover,TMUS,OK,2018-03-29,2.96,True
short_interest_days_to_cover,TMUS,OK,2018-04-13,1.62,True
short_interest_days_to_cover,TMUS,OK,2018-04-30,1.72,True
short_interest_days_to_cover,TMUS,OK,2018-05-15,1.84,True
short_interest_days_to_cover,TRGP,OK,2017-12-29,4.3,True
short_interest_days_to_cover,TRGP,OK,2018-01-12,4.64,True
short_interest_days_to_cover,TRGP,OK,2018-01-31,6.0,True
short_interest_days_to_cover,TRGP,OK,2018-02-15,4.37,True
short_interest_days_to_cover,TRGP,OK,2018-02-28,5.32,True
short_interest_days_to_cover,TRGP,OK,2018-03-15,7.46,True
short_interest_days_to_cover,TRGP,OK,2018-03-29,5.28,True
short_interest_days_to_cover,TRGP,OK,2018-04-13,5.1,True
short_interest_days_to_cover,TRGP,OK,2018-04-30,6.4,True
short_interest_days_to_cover,TRGP,OK,2018-05-15,5.8,True
short_interest_days_to_cover,TRP,OK,2017-12-29,5.3,True
short_interest_days_to_cover,TRP,OK,2018-01-12,3.91,True
short_interest_days_to_cover,TRP,OK,2018-01-31,2.26,True
short_interest_days_to_cover,TRP,OK,2018-02-15,2.3,True
short_interest_days_to_cover,TRP,OK,2018-02-28,4.43,True
short_interest_days_to_cover,TRP,OK,2018-03-15,4.0,True
short_interest_days_to_cover,TRP,OK,2018-03-29,3.75,True
short_interest_days_to_cover,TRP,OK,2018-04-13,4.36,True
short_interest_days_to_cover,TRP,OK,2018-04-30,4.46,True
short_interest_days_to_cover,TRP,OK,2018-05-15,6.63,True
short_interest_days_to_cover,TRV,OK,2017-12-29,5.25,True
short_interest_days_to_cover,TRV,OK,2018-01-12,3.5,True
short_interest_days_to_cover,TRV,OK,2018-01-31,3.25,True
short_interest_days_to_cover,TRV,OK,2018-02-15,3.33,True
short_interest_days_to_cover,TRV,OK,2018-02-28,2.91,True
short_interest_days_to_cover,TRV,OK,2018-03-15,2.99,True
short_interest_days_to_cover,TRV,OK,2018-03-29,2.69,True
short_interest_days_to_cover,TRV,OK,2018-04-13,2.96,True
short_interest_days_to_cover,TRV,OK,2018-04-30,2.17,True
short_interest_days_to_cover,TRV,OK,2018-05-15,2.39,True
short_interest_days_to_cover,TSLA,OK,2017-12-29,6.21,True
short_interest_days_to_cover,TSLA,OK,2018-01-12,4.91,True
short_interest_days_to_cover,TSLA,OK,2018-01-31,5.25,True
short_interest_days_to_cover,TSLA,OK,2018-02-15,4.73,True
short_interest_days_to_cover,TSLA,OK,2018-02-28,5.62,True
short_interest_days_to_cover,TSLA,OK,2018-03-15,4.96,True
short_interest_days_to_cover,TSLA,OK,2018-03-29,3.36,True
short_interest_days_to_cover,TSLA,OK,2018-04-13,2.91,True
short_interest_days_to_cover,TSLA,OK,2018-04-30,7.26,True
short_interest_days_to_cover,TSLA,OK,2018-05-15,4.92,True
short_interest_days_to_cover,TT,OK,2020-03-13,1.26,True
short_interest_days_to_cover,TT,OK,2020-03-31,1.14,True
short_interest_days_to_cover,TT,OK,2020-04-15,2.64,True
short_interest_days_to_cover,TT,OK,2020-04-30,2.02,True
short_interest_days_to_cover,TT,OK,2020-05-15,2.22,True
short_interest_days_to_cover,TT,OK,2020-05-29,2.8,True
short_interest_days_to_cover,TT,OK,2020-06-15,2.28,True
short_interest_days_to_cover,TT,OK,2020-06-30,1.53,True
short_interest_days_to_cover,TT,OK,2020-07-15,2.68,True
short_interest_days_to_cover,TT,OK,2020-07-31,1.59,True
short_interest_days_to_cover,TTE,OK,2021-06-15,2.05,True
short_interest_days_to_cover,TTE,OK,2021-06-30,2.38,True
short_interest_days_to_cover,TTE,OK,2021-07-15,2.09,True
short_interest_days_to_cover,TTE,OK,2021-07-30,1.67,True
short_interest_days_to_cover,TTE,OK,2021-08-13,1.88,True
short_interest_days_to_cover,TTE,OK,2021-08-31,3.27,True
short_interest_days_to_cover,TTE,OK,2021-09-15,2.29,True
short_interest_days_to_cover,TTE,OK,2021-09-30,1.31,True
short_interest_days_to_cover,TTE,OK,2021-10-15,1.71,True
short_interest_days_to_cover,TTE,OK,2021-10-29,1.62,True
short_interest_days_to_cover,TXN,OK,2017-12-29,3.75,True
short_interest_days_to_cover,TXN,OK,2018-01-12,3.11,True
short_interest_days_to_cover,TXN,OK,2018-01-31,2.01,True
short_interest_days_to_cover,TXN,OK,2018-02-15,1.84,True
short_interest_days_to_cover,TXN,OK,2018-02-28,2.74,True
short_interest_days_to_cover,TXN,OK,2018-03-15,3.04,True
short_interest_days_to_cover,TXN,OK,2018-03-29,2.24,True
short_interest_days_to_cover,TXN,OK,2018-04-13,2.5,True
short_interest_days_to_cover,TXN,OK,2018-04-30,1.8,True
short_interest_days_to_cover,TXN,OK,2018-05-15,2.79,True
short_interest_days_to_cover,UBER,OK,2019-05-15,1.0,True
short_interest_days_to_cover,UBER,OK,2019-05-31,1.57,True
short_interest_days_to_cover,UBER,OK,2019-06-14,2.22,True
short_interest_days_to_cover,UBER,OK,2019-06-28,3.26,True
short_interest_days_to_cover,UBER,OK,2019-07-15,4.14,True
short_interest_days_to_cover,UBER,OK,2019-07-31,6.4,True
short_interest_days_to_cover,UBER,OK,2019-08-15,2.41,True
short_interest_days_to_cover,UBER,OK,2019-08-30,5.27,True
short_interest_days_to_cover,UBER,OK,2019-09-13,4.49,True
short_interest_days_to_cover,UBER,OK,2019-09-30,6.48,True
short_interest_days_to_cover,UBS,OK,2017-12-29,4.04,True
short_interest_days_to_cover,UBS,OK,2018-01-12,3.24,True
short_interest_days_to_cover,UBS,OK,2018-01-31,2.61,True
short_interest_days_to_cover,UBS,OK,2018-02-15,2.87,True
short_interest_days_to_cover,UBS,OK,2018-02-28,5.23,True
short_interest_days_to_cover,UBS,OK,2018-03-15,2.87,True
short_interest_days_to_cover,UBS,OK,2018-03-29,3.4,True
short_interest_days_to_cover,UBS,OK,2018-04-13,3.33,True
short_interest_days_to_cover,UBS,OK,2018-04-30,4.76,True
short_interest_days_to_cover,UBS,OK,2018-05-15,4.87,True
short_interest_days_to_cover,UL,OK,2017-12-29,1.0,True
short_interest_days_to_cover,UL,OK,2018-01-12,1.0,True
short_interest_days_to_cover,UL,OK,2018-01-31,1.0,True
short_interest_days_to_cover,UL,OK,2018-02-15,1.0,True
short_interest_days_to_cover,UL,OK,2018-02-28,1.0,True
short_interest_days_to_cover,UL,OK,2018-03-15,1.43,True
short_interest_days_to_cover,UL,OK,2018-03-29,1.39,True
short_interest_days_to_cover,UL,OK,2018-04-13,2.25,True
short_interest_days_to_cover,UL,OK,2018-04-30,2.4,True
short_interest_days_to_cover,UL,OK,2018-05-15,2.24,True
short_interest_days_to_cover,UNH,OK,2017-12-29,2.58,True
short_interest_days_to_cover,UNH,OK,2018-01-12,2.59,True
short_interest_days_to_cover,UNH,OK,2018-01-31,1.72,True
short_interest_days_to_cover,UNH,OK,2018-02-15,1.82,True
short_interest_days_to_cover,UNH,OK,2018-02-28,2.55,True
short_interest_days_to_cover,UNH,OK,2018-03-15,2.59,True
short_interest_days_to_cover,UNH,OK,2018-03-29,1.93,True
short_interest_days_to_cover,UNH,OK,2018-04-13,2.06,True
short_interest_days_to_cover,UNH,OK,2018-04-30,2.39,True
short_interest_days_to_cover,UNH,OK,2018-05-15,2.69,True
short_interest_days_to_cover,UNP,OK,2017-12-29,3.05,True
short_interest_days_to_cover,UNP,OK,2018-01-12,2.65,True
short_interest_days_to_cover,UNP,OK,2018-01-31,2.11,True
short_interest_days_to_cover,UNP,OK,2018-02-15,2.85,True
short_interest_days_to_cover,UNP,OK,2018-02-28,4.43,True
short_interest_days_to_cover,UNP,OK,2018-03-15,3.51,True
short_interest_days_to_cover,UNP,OK,2018-03-29,2.41,True
short_interest_days_to_cover,UNP,OK,2018-04-13,2.5,True
short_interest_days_to_cover,UNP,OK,2018-04-30,2.34,True
short_interest_days_to_cover,UNP,OK,2018-05-15,3.61,True
short_interest_days_to_cover,UPS,OK,2017-12-29,3.67,True
short_interest_days_to_cover,UPS,OK,2018-01-12,2.96,True
short_interest_days_to_cover,UPS,OK,2018-01-31,3.06,True
short_interest_days_to_cover,UPS,OK,2018-02-15,1.25,True
short_interest_days_to_cover,UPS,OK,2018-02-28,2.38,True
short_interest_days_to_cover,UPS,OK,2018-03-15,2.28,True
short_interest_days_to_cover,UPS,OK,2018-03-29,2.86,True
short_interest_days_to_cover,UPS,OK,2018-04-13,3.54,True
short_interest_days_to_cover,UPS,OK,2018-04-30,3.74,True
short_interest_days_to_cover,UPS,OK,2018-05-15,4.32,True
short_interest_days_to_cover,URI,OK,2017-12-29,4.76,True
short_interest_days_to_cover,URI,OK,2018-01-12,4.09,True
short_interest_days_to_cover,URI,OK,2018-01-31,2.54,True
short_interest_days_to_cover,URI,OK,2018-02-15,2.67,True
short_interest_days_to_cover,URI,OK,2018-02-28,3.11,True
short_interest_days_to_cover,URI,OK,2018-03-15,3.07,True
short_interest_days_to_cover,URI,OK,2018-03-29,2.81,True
short_interest_days_to_cover,URI,OK,2018-04-13,3.07,True
short_interest_days_to_cover,URI,OK,2018-04-30,1.66,True
short_interest_days_to_cover,URI,OK,2018-05-15,2.8,True
short_interest_days_to_cover,USB,OK,2017-12-29,3.48,True
short_interest_days_to_cover,USB,OK,2018-01-12,2.66,True
short_interest_days_to_cover,USB,OK,2018-01-31,2.33,True
short_interest_days_to_cover,USB,OK,2018-02-15,1.34,True
short_interest_days_to_cover,USB,OK,2018-02-28,2.27,True
short_interest_days_to_cover,USB,OK,2018-03-15,2.31,True
short_interest_days_to_cover,USB,OK,2018-03-29,1.6,True
short_interest_days_to_cover,USB,OK,2018-04-13,2.01,True
short_interest_days_to_cover,USB,OK,2018-04-30,1.64,True
short_interest_days_to_cover,USB,OK,2018-05-15,2.13,True
short_interest_days_to_cover,V,OK,2017-12-29,3.93,True
short_interest_days_to_cover,V,OK,2018-01-12,3.92,True
short_interest_days_to_cover,V,OK,2018-01-31,3.31,True
short_interest_days_to_cover,V,OK,2018-02-15,2.12,True
short_interest_days_to_cover,V,OK,2018-02-28,4.0,True
short_interest_days_to_cover,V,OK,2018-03-15,3.49,True
short_interest_days_to_cover,V,OK,2018-03-29,2.35,True
short_interest_days_to_cover,V,OK,2018-04-13,3.46,True
short_interest_days_to_cover,V,OK,2018-04-30,3.68,True
short_interest_days_to_cover,V,OK,2018-05-15,4.91,True
short_interest_days_to_cover,VALE,OK,2017-12-29,4.74,True
short_interest_days_to_cover,VALE,OK,2018-01-12,3.89,True
short_interest_days_to_cover,VALE,OK,2018-01-31,2.95,True
short_interest_days_to_cover,VALE,OK,2018-02-15,2.91,True
short_interest_days_to_cover,VALE,OK,2018-02-28,3.65,True
short_interest_days_to_cover,VALE,OK,2018-03-15,4.52,True
short_interest_days_to_cover,VALE,OK,2018-03-29,3.72,True
short_interest_days_to_cover,VALE,OK,2018-04-13,5.09,True
short_interest_days_to_cover,VALE,OK,2018-04-30,4.39,True
short_interest_days_to_cover,VALE,OK,2018-05-15,4.46,True
short_interest_days_to_cover,VLO,OK,2017-12-29,6.03,True
short_interest_days_to_cover,VLO,OK,2018-01-12,5.34,True
short_interest_days_to_cover,VLO,OK,2018-01-31,5.44,True
short_interest_days_to_cover,VLO,OK,2018-02-15,2.72,True
short_interest_days_to_cover,VLO,OK,2018-02-28,4.86,True
short_interest_days_to_cover,VLO,OK,2018-03-15,3.45,True
short_interest_days_to_cover,VLO,OK,2018-03-29,2.75,True
short_interest_days_to_cover,VLO,OK,2018-04-13,3.45,True
short_interest_days_to_cover,VLO,OK,2018-04-30,2.96,True
short_interest_days_to_cover,VLO,OK,2018-05-15,2.94,True
short_interest_days_to_cover,VRT,OK,2020-02-14,1.78,True
short_interest_days_to_cover,VRT,OK,2020-02-28,1.79,True
short_interest_days_to_cover,VRT,OK,2020-03-13,1.82,True
short_interest_days_to_cover,VRT,OK,2020-03-31,1.43,True
short_interest_days_to_cover,VRT,OK,2020-04-15,3.46,True
short_interest_days_to_cover,VRT,OK,2020-04-30,4.33,True
short_interest_days_to_cover,VRT,OK,2020-05-15,2.32,True
short_interest_days_to_cover,VRT,OK,2020-05-29,3.87,True
short_interest_days_to_cover,VRT,OK,2020-06-15,2.16,True
short_interest_days_to_cover,VRT,OK,2020-06-30,2.69,True
short_interest_days_to_cover,VRTX,OK,2017-12-29,3.91,True
short_interest_days_to_cover,VRTX,OK,2018-01-12,2.75,True
short_interest_days_to_cover,VRTX,OK,2018-01-31,2.01,True
short_interest_days_to_cover,VRTX,OK,2018-02-15,1.53,True
short_interest_days_to_cover,VRTX,OK,2018-02-28,2.73,True
short_interest_days_to_cover,VRTX,OK,2018-03-15,2.73,True
short_interest_days_to_cover,VRTX,OK,2018-03-29,2.53,True
short_interest_days_to_cover,VRTX,OK,2018-04-13,2.5,True
short_interest_days_to_cover,VRTX,OK,2018-04-30,2.01,True
short_interest_days_to_cover,VRTX,OK,2018-05-15,2.29,True
short_interest_days_to_cover,VZ,OK,2017-12-29,2.99,True
short_interest_days_to_cover,VZ,OK,2018-01-12,2.1,True
short_interest_days_to_cover,VZ,OK,2018-01-31,1.81,True
short_interest_days_to_cover,VZ,OK,2018-02-15,1.8,True
short_interest_days_to_cover,VZ,OK,2018-02-28,2.2,True
short_interest_days_to_cover,VZ,OK,2018-03-15,2.11,True
short_interest_days_to_cover,VZ,OK,2018-03-29,2.11,True
short_interest_days_to_cover,VZ,OK,2018-04-13,2.42,True
short_interest_days_to_cover,VZ,OK,2018-04-30,2.07,True
short_interest_days_to_cover,VZ,OK,2018-05-15,1.8,True
short_interest_days_to_cover,WBD,OK,2022-04-14,2.86,True
short_interest_days_to_cover,WBD,OK,2022-04-29,1.19,True
short_interest_days_to_cover,WBD,OK,2022-05-13,2.01,True
short_interest_days_to_cover,WBD,OK,2022-05-31,2.2,True
short_interest_days_to_cover,WBD,OK,2022-06-15,2.7,True
short_interest_days_to_cover,WBD,OK,2022-06-30,2.41,True
short_interest_days_to_cover,WBD,OK,2022-07-15,3.34,True
short_interest_days_to_cover,WBD,OK,2022-07-29,3.36,True
short_interest_days_to_cover,WBD,OK,2022-08-15,1.81,True
short_interest_days_to_cover,WBD,OK,2022-08-31,2.2,True
short_interest_days_to_cover,WDC,OK,2017-12-29,3.08,True
short_interest_days_to_cover,WDC,OK,2018-01-12,3.34,True
short_interest_days_to_cover,WDC,OK,2018-01-31,1.77,True
short_interest_days_to_cover,WDC,OK,2018-02-15,2.18,True
short_interest_days_to_cover,WDC,OK,2018-02-28,2.63,True
short_interest_days_to_cover,WDC,OK,2018-03-15,1.85,True
short_interest_days_to_cover,WDC,OK,2018-03-29,1.81,True
short_interest_days_to_cover,WDC,OK,2018-04-13,3.01,True
short_interest_days_to_cover,WDC,OK,2018-04-30,1.49,True
short_interest_days_to_cover,WDC,OK,2018-05-15,1.91,True
short_interest_days_to_cover,WELL,OK,2018-02-28,3.39,True
short_interest_days_to_cover,WELL,OK,2018-03-15,3.92,True
short_interest_days_to_cover,WELL,OK,2018-03-29,3.6,True
short_interest_days_to_cover,WELL,OK,2018-04-13,4.13,True
short_interest_days_to_cover,WELL,OK,2018-04-30,3.27,True
short_interest_days_to_cover,WELL,OK,2018-05-15,3.6,True
short_interest_days_to_cover,WELL,OK,2018-05-31,4.17,True
short_interest_days_to_cover,WELL,OK,2018-06-15,5.55,True
short_interest_days_to_cover,WELL,OK,2018-06-29,4.66,True
short_interest_days_to_cover,WELL,OK,2018-07-13,6.47,True
short_interest_days_to_cover,WFC,OK,2017-12-29,2.35,True
short_interest_days_to_cover,WFC,OK,2018-01-12,2.06,True
short_interest_days_to_cover,WFC,OK,2018-01-31,2.1,True
short_interest_days_to_cover,WFC,OK,2018-02-15,1.0,True
short_interest_days_to_cover,WFC,OK,2018-02-28,2.03,True
short_interest_days_to_cover,WFC,OK,2018-03-15,1.89,True
short_interest_days_to_cover,WFC,OK,2018-03-29,1.24,True
short_interest_days_to_cover,WFC,OK,2018-04-13,1.54,True
short_interest_days_to_cover,WFC,OK,2018-04-30,1.42,True
short_interest_days_to_cover,WFC,OK,2018-05-15,2.14,True
short_interest_days_to_cover,WM,OK,2017-12-29,4.6,True
short_interest_days_to_cover,WM,OK,2018-01-12,3.65,True
short_interest_days_to_cover,WM,OK,2018-01-31,3.53,True
short_interest_days_to_cover,WM,OK,2018-02-15,1.25,True
short_interest_days_to_cover,WM,OK,2018-02-28,2.45,True
short_interest_days_to_cover,WM,OK,2018-03-15,2.58,True
short_interest_days_to_cover,WM,OK,2018-03-29,2.43,True
short_interest_days_to_cover,WM,OK,2018-04-13,2.14,True
short_interest_days_to_cover,WM,OK,2018-04-30,1.91,True
short_interest_days_to_cover,WM,OK,2018-05-15,2.85,True
short_interest_days_to_cover,WMB,OK,2017-12-29,3.52,True
short_interest_days_to_cover,WMB,OK,2018-01-12,3.6,True
short_interest_days_to_cover,WMB,OK,2018-01-31,3.45,True
short_interest_days_to_cover,WMB,OK,2018-02-15,2.26,True
short_interest_days_to_cover,WMB,OK,2018-02-28,2.91,True
short_interest_days_to_cover,WMB,OK,2018-03-15,2.39,True
short_interest_days_to_cover,WMB,OK,2018-03-29,1.74,True
short_interest_days_to_cover,WMB,OK,2018-04-13,1.67,True
short_interest_days_to_cover,WMB,OK,2018-04-30,3.17,True
short_interest_days_to_cover,WMB,OK,2018-05-15,2.43,True
short_interest_days_to_cover,WMT,OK,2017-12-29,3.59,True
short_interest_days_to_cover,WMT,OK,2018-01-12,4.19,True
short_interest_days_to_cover,WMT,OK,2018-01-31,4.02,True
short_interest_days_to_cover,WMT,OK,2018-02-15,3.34,True
short_interest_days_to_cover,WMT,OK,2018-02-28,1.61,True
short_interest_days_to_cover,WMT,OK,2018-03-15,3.53,True
short_interest_days_to_cover,WMT,OK,2018-03-29,3.46,True
short_interest_days_to_cover,WMT,OK,2018-04-13,4.57,True
short_interest_days_to_cover,WMT,OK,2018-04-30,5.67,True
short_interest_days_to_cover,WMT,OK,2018-05-15,3.62,True
short_interest_days_to_cover,XOM,OK,2017-12-29,3.7,True
short_interest_days_to_cover,XOM,OK,2018-01-12,3.26,True
short_interest_days_to_cover,XOM,OK,2018-01-31,3.15,True
short_interest_days_to_cover,XOM,OK,2018-02-15,1.59,True
short_interest_days_to_cover,XOM,OK,2018-02-28,2.33,True
short_interest_days_to_cover,XOM,OK,2018-03-15,2.07,True
short_interest_days_to_cover,XOM,OK,2018-03-29,1.78,True
short_interest_days_to_cover,XOM,OK,2018-04-13,2.21,True
short_interest_days_to_cover,XOM,OK,2018-04-30,2.24,True
short_interest_days_to_cover,XOM,OK,2018-05-15,2.55,True
short_interest_days_to_cover,XYZ,OK,2025-01-31,2.01,True
short_interest_days_to_cover,XYZ,OK,2025-02-14,2.43,True
short_interest_days_to_cover,XYZ,OK,2025-02-28,1.0,True
short_interest_days_to_cover,XYZ,OK,2025-03-14,1.65,True
short_interest_days_to_cover,XYZ,OK,2025-03-31,1.73,True
short_interest_days_to_cover,XYZ,OK,2025-04-15,1.61,True
short_interest_days_to_cover,XYZ,OK,2025-04-30,2.61,True
short_interest_days_to_cover,XYZ,OK,2025-05-15,1.0,True
short_interest_days_to_cover,XYZ,OK,2025-05-30,2.09,True
short_interest_days_to_cover,XYZ,OK,2025-06-13,2.95,True
