ticker,status,available_date,value,pit_ok
A,OK,2026-06-26,0.999,True
A,OK,2026-06-25,0.9958,True
A,OK,2026-06-24,1.0,True
A,OK,2026-06-22,0.961,True
A,OK,2026-06-21,0.962,True
A,OK,2026-06-20,0.988,True
A,OK,2026-06-19,0.9983,True
A,OK,2026-06-18,0.998,True
A,OK,2026-06-17,0.9925,True
A,OK,2026-06-16,0.992,True
A,OK,2026-06-14,0.995,True
A,OK,2026-06-12,0.998,True
A,OK,2026-06-10,0.992,True
A,OK,2026-06-09,0.9845,True
A,OK,2026-06-07,0.991,True
A,OK,2026-06-04,0.998,True
A,OK,2026-06-03,0.9985,True
A,OK,2026-06-02,0.9973,True
A,OK,2026-06-01,0.991,True
A,OK,2026-05-31,0.996,True
A,OK,2026-05-30,0.996,True
A,OK,2026-05-29,0.989,True
A,OK,2026-05-28,0.3497,True
AAPL,DROPPED_FUTURE_DATE,2026-06-27,0.6639,False
AAPL,OK,2026-06-26,0.3811,True
AAPL,OK,2026-06-25,0.5152,True
AAPL,OK,2026-06-24,0.7178,True
AAPL,OK,2026-06-23,0.8284,True
AAPL,OK,2026-06-22,0.7728,True
AAPL,OK,2026-06-21,0.992,True
AAPL,OK,2026-06-20,0.9207,True
AAPL,OK,2026-06-19,0.9502,True
AAPL,OK,2026-06-18,0.6237,True
AAPL,OK,2026-06-17,0.7669,True
AAPL,OK,2026-06-16,0.7446,True
AAPL,OK,2026-06-15,0.8871,True
AAPL,OK,2026-06-14,0.9948,True
AAPL,OK,2026-06-13,0.8547,True
AAPL,OK,2026-06-12,0.911,True
AAPL,OK,2026-06-11,0.9022,True
AAPL,OK,2026-06-10,0.8903,True
AAPL,OK,2026-06-09,0.6271,True
AAPL,OK,2026-06-08,0.7447,True
AAPL,OK,2026-06-07,0.798,True
AAPL,OK,2026-06-06,0.8877,True
AAPL,OK,2026-06-05,0.8858,True
AAPL,OK,2026-06-04,0.7133,True
AAPL,OK,2026-06-03,0.8024,True
AAPL,OK,2026-06-02,0.8114,True
AAPL,OK,2026-06-01,0.7206,True
AAPL,OK,2026-05-31,0.837,True
AAPL,OK,2026-05-30,0.9641,True
AAPL,OK,2026-05-29,0.7273,True
AAPL,OK,2026-05-28,0.8697,True
ABBV,OK,2026-06-26,0.9555,True
ABBV,OK,2026-06-25,0.996,True
ABBV,OK,2026-06-24,0.9008,True
ABBV,OK,2026-06-23,0.9201,True
ABBV,OK,2026-06-22,0.7079,True
ABBV,OK,2026-06-21,0.975,True
ABBV,OK,2026-06-20,0.923,True
ABBV,OK,2026-06-19,0.9892,True
ABBV,OK,2026-06-18,0.864,True
ABBV,OK,2026-06-17,0.993,True
ABBV,OK,2026-06-16,0.9904,True
ABBV,OK,2026-06-15,0.9884,True
ABBV,OK,2026-06-13,0.9973,True
ABBV,OK,2026-06-12,0.7657,True
ABBV,OK,2026-06-11,0.9956,True
ABBV,OK,2026-06-10,0.9802,True
ABBV,OK,2026-06-09,0.9988,True
ABBV,OK,2026-06-08,0.9814,True
ABBV,OK,2026-06-07,0.776,True
ABBV,OK,2026-06-06,0.99,True
ABBV,OK,2026-06-05,0.9957,True
ABBV,OK,2026-06-04,0.592,True
ABBV,OK,2026-06-03,0.8795,True
ABBV,OK,2026-06-02,0.9875,True
ABBV,OK,2026-06-01,0.9957,True
ABBV,OK,2026-05-29,0.75,True
ABBV,OK,2026-05-28,0.8343,True
ABNB,OK,2026-06-26,0.9865,True
ABNB,OK,2026-06-25,0.9898,True
ABNB,OK,2026-06-24,-0.8168,True
ABNB,OK,2026-06-23,0.992,True
ABNB,OK,2026-06-22,0.998,True
ABNB,OK,2026-06-18,0.9775,True
ABNB,OK,2026-06-17,0.9937,True
ABNB,OK,2026-06-16,0.8473,True
ABNB,OK,2026-06-15,0.7673,True
ABNB,OK,2026-06-12,0.962,True
ABNB,OK,2026-06-11,0.9953,True
ABNB,OK,2026-06-09,0.956,True
ABNB,OK,2026-06-08,0.998,True
ABNB,OK,2026-06-07,0.997,True
ABNB,OK,2026-06-05,0.7171,True
ABNB,OK,2026-06-04,0.981,True
ABNB,OK,2026-06-02,0.985,True
ABNB,OK,2026-06-01,0.993,True
ABNB,OK,2026-05-29,0.988,True
ABNB,OK,2026-05-28,0.999,True
ABT,DROPPED_FUTURE_DATE,2026-06-27,0.988,False
ABT,OK,2026-06-26,0.9825,True
ABT,OK,2026-06-25,0.853,True
ABT,OK,2026-06-24,0.9577,True
ABT,OK,2026-06-23,0.9863,True
ABT,OK,2026-06-22,0.8583,True
ABT,OK,2026-06-21,0.996,True
ABT,OK,2026-06-20,0.9963,True
ABT,OK,2026-06-19,0.969,True
ABT,OK,2026-06-18,0.5,True
ABT,OK,2026-06-17,0.997,True
ABT,OK,2026-06-16,0.9585,True
ABT,OK,2026-06-15,0.9938,True
ABT,OK,2026-06-14,0.993,True
ABT,OK,2026-06-13,0.9395,True
ABT,OK,2026-06-12,0.287,True
ABT,OK,2026-06-11,0.9963,True
ABT,OK,2026-06-10,0.9818,True
ABT,OK,2026-06-09,0.8213,True
ABT,OK,2026-06-08,0.9802,True
ABT,OK,2026-06-07,0.991,True
ABT,OK,2026-06-06,0.852,True
ABT,OK,2026-06-05,0.9975,True
ABT,OK,2026-06-04,0.9913,True
ABT,OK,2026-06-03,0.932,True
ABT,OK,2026-06-02,0.998,True
ABT,OK,2026-06-01,0.976,True
ABT,OK,2026-05-29,0.6042,True
ABT,OK,2026-05-28,0.999,True
ACGL,OK,2026-06-26,1.0,True
ACGL,OK,2026-06-25,-0.949,True
ACGL,OK,2026-06-24,0.963,True
ACGL,OK,2026-06-23,0.98,True
ACGL,OK,2026-06-22,0.999,True
ACGL,OK,2026-06-17,0.976,True
ACGL,OK,2026-06-16,0.9857,True
ACGL,OK,2026-06-09,0.958,True
ACGL,OK,2026-06-06,0.981,True
ACGL,OK,2026-06-05,0.999,True
ACGL,OK,2026-06-04,0.976,True
ACGL,OK,2026-06-03,0.971,True
ACGL,OK,2026-06-02,0.7253,True
ACGL,OK,2026-05-29,0.98,True
ACGL,OK,2026-05-28,0.936,True
ACN,DROPPED_FUTURE_DATE,2026-06-27,0.978,False
ACN,OK,2026-06-26,0.9767,True
ACN,OK,2026-06-25,0.9925,True
ACN,OK,2026-06-24,0.976,True
ACN,OK,2026-06-23,0.8366,True
ACN,OK,2026-06-22,0.7777,True
ACN,OK,2026-06-21,-0.9485,True
ACN,OK,2026-06-20,0.9845,True
ACN,OK,2026-06-19,0.986,True
ACN,OK,2026-06-18,0.3489,True
ACN,OK,2026-06-17,0.7921,True
ACN,OK,2026-06-16,0.9855,True
ACN,OK,2026-06-15,0.7266,True
ACN,OK,2026-06-14,0.9753,True
ACN,OK,2026-06-13,0.9265,True
ACN,OK,2026-06-12,0.578,True
ACN,OK,2026-06-11,0.9974,True
ACN,OK,2026-06-10,0.9313,True
ACN,OK,2026-06-09,0.9964,True
ACN,OK,2026-06-08,0.9954,True
ACN,OK,2026-06-07,0.993,True
ACN,OK,2026-06-05,0.9743,True
ACN,OK,2026-06-04,0.8325,True
ACN,OK,2026-06-03,0.9943,True
ACN,OK,2026-06-02,0.9911,True
ACN,OK,2026-06-01,0.9953,True
ACN,OK,2026-05-30,0.992,True
ACN,OK,2026-05-29,0.9983,True
ACN,OK,2026-05-28,0.9914,True
ADBE,DROPPED_FUTURE_DATE,2026-06-27,0.998,False
ADBE,OK,2026-06-26,0.6183,True
ADBE,OK,2026-06-25,0.8322,True
ADBE,OK,2026-06-24,0.4501,True
ADBE,OK,2026-06-23,0.9297,True
ADBE,OK,2026-06-22,0.921,True
ADBE,OK,2026-06-21,0.9898,True
ADBE,OK,2026-06-20,0.987,True
ADBE,OK,2026-06-19,0.9903,True
ADBE,OK,2026-06-18,0.9165,True
ADBE,OK,2026-06-17,0.7092,True
ADBE,OK,2026-06-16,0.9972,True
ADBE,OK,2026-06-15,0.9428,True
ADBE,OK,2026-06-14,0.9927,True
ADBE,OK,2026-06-13,0.7459,True
ADBE,OK,2026-06-12,0.5797,True
ADBE,OK,2026-06-11,0.463,True
ADBE,OK,2026-06-10,0.8085,True
ADBE,OK,2026-06-09,0.9163,True
ADBE,OK,2026-06-08,0.4329,True
ADBE,OK,2026-06-07,0.9503,True
ADBE,OK,2026-06-06,0.974,True
ADBE,OK,2026-06-05,0.6816,True
ADBE,OK,2026-06-04,0.8148,True
ADBE,OK,2026-06-03,0.8586,True
ADBE,OK,2026-06-02,0.6728,True
ADBE,OK,2026-06-01,0.7511,True
ADBE,OK,2026-05-31,0.93,True
ADBE,OK,2026-05-30,0.4563,True
ADBE,OK,2026-05-29,0.9887,True
ADBE,OK,2026-05-28,0.7594,True
ADI,DROPPED_FUTURE_DATE,2026-06-27,0.9938,False
ADI,OK,2026-06-26,-0.1483,True
ADI,OK,2026-06-25,0.989,True
ADI,OK,2026-06-24,0.998,True
ADI,OK,2026-06-23,0.5918,True
ADI,OK,2026-06-22,0.8648,True
ADI,OK,2026-06-21,0.998,True
ADI,OK,2026-06-19,0.9965,True
ADI,OK,2026-06-18,-0.651,True
ADI,OK,2026-06-17,0.9675,True
ADI,OK,2026-06-16,0.968,True
ADI,OK,2026-06-15,0.9807,True
ADI,OK,2026-06-12,0.9247,True
ADI,OK,2026-06-11,0.0045,True
ADI,OK,2026-06-10,0.8805,True
ADI,OK,2026-06-09,0.991,True
ADI,OK,2026-06-08,0.525,True
ADI,OK,2026-06-07,0.988,True
ADI,OK,2026-06-05,0.8946,True
ADI,OK,2026-06-04,0.534,True
ADI,OK,2026-06-03,0.987,True
ADI,OK,2026-06-02,0.9639,True
ADI,OK,2026-05-31,0.9893,True
ADI,OK,2026-05-29,0.9938,True
ADI,OK,2026-05-28,0.9952,True
ADM,OK,2026-06-26,0.997,True
ADM,OK,2026-06-25,0.9837,True
ADM,OK,2026-06-24,0.9715,True
ADM,OK,2026-06-20,0.9897,True
ADM,OK,2026-06-19,0.9977,True
ADM,OK,2026-06-18,0.9985,True
ADM,OK,2026-06-17,0.9827,True
ADM,OK,2026-06-15,0.991,True
ADM,OK,2026-06-14,0.999,True
ADM,OK,2026-06-13,0.987,True
ADM,OK,2026-06-12,1.0,True
ADM,OK,2026-06-11,0.9975,True
ADM,OK,2026-06-10,0.9915,True
ADM,OK,2026-06-09,0.968,True
ADM,OK,2026-06-08,0.9955,True
ADM,OK,2026-06-07,0.997,True
ADM,OK,2026-06-05,1.0,True
ADM,OK,2026-06-04,0.9985,True
ADM,OK,2026-06-03,0.9955,True
ADM,OK,2026-06-02,0.996,True
ADM,OK,2026-06-01,0.997,True
ADM,OK,2026-05-29,0.996,True
ADM,OK,2026-05-28,0.995,True
ADP,OK,2026-06-23,0.986,True
ADP,OK,2026-06-19,0.999,True
ADP,OK,2026-06-18,0.981,True
ADP,OK,2026-06-16,0.996,True
ADP,OK,2026-06-15,0.9,True
ADP,OK,2026-06-13,0.986,True
ADP,OK,2026-06-12,0.997,True
ADP,OK,2026-06-11,0.9525,True
ADP,OK,2026-06-09,0.989,True
ADP,OK,2026-06-08,0.998,True
ADP,OK,2026-06-07,0.966,True
ADP,OK,2026-06-05,0.715,True
ADP,OK,2026-06-04,0.918,True
ADP,OK,2026-06-03,0.62,True
ADP,OK,2026-06-02,0.9728,True
ADP,OK,2026-06-01,0.736,True
ADP,OK,2026-05-31,0.992,True
ADP,OK,2026-05-30,0.995,True
ADP,OK,2026-05-29,0.9985,True
ADSK,OK,2026-06-26,-0.1483,True
ADSK,OK,2026-06-24,0.0505,True
ADSK,OK,2026-06-23,0.8368,True
ADSK,OK,2026-06-22,0.5676,True
ADSK,OK,2026-06-20,0.996,True
ADSK,OK,2026-06-19,0.997,True
ADSK,OK,2026-06-18,0.993,True
ADSK,OK,2026-06-17,0.9423,True
ADSK,OK,2026-06-16,0.978,True
ADSK,OK,2026-06-15,0.9965,True
ADSK,OK,2026-06-13,0.921,True
ADSK,OK,2026-06-12,0.662,True
ADSK,OK,2026-06-11,-0.9892,True
ADSK,OK,2026-06-10,0.998,True
ADSK,OK,2026-06-09,0.995,True
ADSK,OK,2026-06-08,0.897,True
ADSK,OK,2026-06-07,0.9875,True
ADSK,OK,2026-06-04,0.9965,True
ADSK,OK,2026-06-03,0.9878,True
ADSK,OK,2026-06-02,0.8769,True
ADSK,OK,2026-06-01,0.9957,True
ADSK,OK,2026-05-31,0.99,True
ADSK,OK,2026-05-30,0.996,True
ADSK,OK,2026-05-29,0.8219,True
ADSK,OK,2026-05-28,0.811,True
AEE,OK,2026-06-26,0.999,True
AEE,OK,2026-06-17,0.991,True
AEE,OK,2026-06-16,0.7957,True
AEE,OK,2026-06-15,0.933,True
AEE,OK,2026-06-08,0.998,True
AEE,OK,2026-06-04,0.994,True
AEE,OK,2026-06-01,0.9875,True
AEE,OK,2026-05-29,0.996,True
AEM,OK,2026-06-25,1.0,True
AEM,OK,2026-06-24,0.3798,True
AEM,OK,2026-06-23,0.984,True
AEM,OK,2026-06-20,0.9922,True
AEM,OK,2026-06-19,0.998,True
AEM,OK,2026-06-18,0.996,True
AEM,OK,2026-06-17,0.9915,True
AEM,OK,2026-06-16,0.8296,True
AEM,OK,2026-06-15,0.9127,True
AEM,OK,2026-06-13,0.9817,True
AEM,OK,2026-06-12,0.998,True
AEM,OK,2026-06-11,0.9953,True
AEM,OK,2026-06-10,0.9715,True
AEM,OK,2026-06-09,0.9947,True
AEM,OK,2026-06-08,0.99,True
AEM,OK,2026-06-07,0.993,True
AEM,OK,2026-06-06,0.999,True
AEM,OK,2026-06-05,0.992,True
AEM,OK,2026-06-04,0.9021,True
AEM,OK,2026-06-02,0.997,True
AEM,OK,2026-05-31,0.9965,True
AEM,OK,2026-05-29,0.998,True
AEP,DROPPED_FUTURE_DATE,2026-06-27,0.996,False
AEP,OK,2026-06-26,0.998,True
AEP,OK,2026-06-25,0.968,True
AEP,OK,2026-06-24,0.995,True
AEP,OK,2026-06-23,0.982,True
AEP,OK,2026-06-22,0.987,True
AEP,OK,2026-06-20,0.999,True
AEP,OK,2026-06-18,0.9215,True
AEP,OK,2026-06-17,0.9975,True
AEP,OK,2026-06-16,0.493,True
AEP,OK,2026-06-15,0.996,True
AEP,OK,2026-06-09,0.998,True
AEP,OK,2026-06-08,0.9975,True
AEP,OK,2026-06-07,0.997,True
AEP,OK,2026-06-06,0.984,True
AEP,OK,2026-06-04,0.655,True
AEP,OK,2026-06-02,0.996,True
AEP,OK,2026-05-31,0.9895,True
AEP,OK,2026-05-30,0.9967,True
AEP,OK,2026-05-29,0.997,True
AES,OK,2026-06-26,0.998,True
AES,OK,2026-06-23,0.982,True
AES,OK,2026-06-19,0.998,True
AES,OK,2026-06-18,0.641,True
AES,OK,2026-06-17,0.987,True
AES,OK,2026-06-15,0.985,True
AES,OK,2026-06-13,0.997,True
AES,OK,2026-06-12,0.6005,True
AES,OK,2026-06-08,0.998,True
AES,OK,2026-06-05,0.991,True
AES,OK,2026-06-04,0.988,True
AES,OK,2026-06-01,0.732,True
AES,OK,2026-05-29,0.977,True
AFL,OK,2026-06-26,0.991,True
AFL,OK,2026-06-23,0.998,True
AFL,OK,2026-06-18,1.0,True
AFL,OK,2026-06-17,-0.988,True
AFL,OK,2026-06-13,0.997,True
AFL,OK,2026-06-10,0.986,True
AFL,OK,2026-06-08,0.99,True
AFL,OK,2026-06-05,0.993,True
AFL,OK,2026-06-03,0.876,True
AFL,OK,2026-06-02,0.99,True
AFL,OK,2026-06-01,0.971,True
AFL,OK,2026-05-31,0.978,True
AFL,OK,2026-05-29,0.996,True
AFL,OK,2026-05-28,0.994,True
AIG,OK,2026-06-26,0.995,True
AIG,OK,2026-06-24,0.979,True
AIG,OK,2026-06-22,0.995,True
AIG,OK,2026-06-18,0.975,True
AIG,OK,2026-06-17,0.998,True
AIG,OK,2026-06-15,0.98,True
AIG,OK,2026-06-14,0.996,True
AIG,OK,2026-06-12,0.998,True
AIG,OK,2026-06-11,0.9655,True
AIG,OK,2026-06-09,0.9813,True
AIG,OK,2026-06-05,0.992,True
AIG,OK,2026-06-04,0.987,True
AIG,OK,2026-06-02,0.995,True
AIG,OK,2026-05-29,0.99,True
AIZ,OK,2026-06-24,0.998,True
AIZ,OK,2026-06-23,0.9885,True
AIZ,OK,2026-06-19,0.998,True
AIZ,OK,2026-06-16,0.9985,True
AIZ,OK,2026-06-15,0.9945,True
AIZ,OK,2026-06-12,0.998,True
AIZ,OK,2026-06-11,0.992,True
AIZ,OK,2026-06-09,0.998,True
AIZ,OK,2026-06-08,0.9895,True
AIZ,OK,2026-06-04,0.998,True
AIZ,OK,2026-06-03,0.984,True
AIZ,OK,2026-05-30,0.992,True
AIZ,OK,2026-05-29,0.9375,True
AIZ,OK,2026-05-28,0.9805,True
AJG,OK,2026-06-26,0.3285,True
AJG,OK,2026-06-24,0.998,True
AJG,OK,2026-06-23,0.983,True
AJG,OK,2026-06-22,0.9955,True
AJG,OK,2026-06-19,0.998,True
AJG,OK,2026-06-17,0.9865,True
AJG,OK,2026-06-15,0.9917,True
AJG,OK,2026-06-11,0.999,True
AJG,OK,2026-06-10,0.5048,True
AJG,OK,2026-06-09,0.991,True
AJG,OK,2026-06-08,-0.042,True
AJG,OK,2026-06-06,0.984,True
AJG,OK,2026-06-03,0.052,True
AJG,OK,2026-06-02,0.906,True
AJG,OK,2026-06-01,0.9945,True
AJG,OK,2026-05-31,0.976,True
AJG,OK,2026-05-28,0.999,True
AKAM,OK,2026-06-25,0.989,True
AKAM,OK,2026-06-23,0.9613,True
AKAM,OK,2026-06-22,0.9975,True
AKAM,OK,2026-06-19,0.999,True
AKAM,OK,2026-06-18,0.975,True
AKAM,OK,2026-06-17,0.996,True
AKAM,OK,2026-06-16,0.9935,True
AKAM,OK,2026-06-15,1.0,True
AKAM,OK,2026-06-12,0.99,True
AKAM,OK,2026-06-11,0.999,True
AKAM,OK,2026-06-10,0.9967,True
AKAM,OK,2026-06-09,0.9927,True
AKAM,OK,2026-06-08,0.999,True
AKAM,OK,2026-06-07,0.995,True
AKAM,OK,2026-06-06,0.997,True
AKAM,OK,2026-06-05,0.9985,True
AKAM,OK,2026-06-04,0.9968,True
AKAM,OK,2026-06-03,0.9983,True
AKAM,OK,2026-06-02,0.9965,True
AKAM,OK,2026-06-01,0.997,True
AKAM,OK,2026-05-29,0.996,True
AKAM,OK,2026-05-28,0.991,True
ALAB,OK,2026-06-26,0.983,True
ALAB,OK,2026-06-25,0.986,True
ALAB,OK,2026-06-23,-0.003,True
ALAB,OK,2026-06-22,0.989,True
ALAB,OK,2026-06-20,0.995,True
ALAB,OK,2026-06-19,0.9901,True
ALAB,OK,2026-06-17,0.9843,True
ALAB,OK,2026-06-16,0.995,True
ALAB,OK,2026-06-15,0.9973,True
ALAB,OK,2026-06-14,0.991,True
ALAB,OK,2026-06-12,0.8703,True
ALAB,OK,2026-06-11,0.9924,True
ALAB,OK,2026-06-10,0.9987,True
ALAB,OK,2026-06-09,0.9973,True
ALAB,OK,2026-06-08,0.9783,True
ALAB,OK,2026-06-07,0.993,True
ALAB,OK,2026-06-06,0.995,True
ALAB,OK,2026-06-05,0.9985,True
ALAB,OK,2026-06-04,0.9985,True
ALAB,OK,2026-06-03,0.9753,True
ALAB,OK,2026-06-02,0.9843,True
ALAB,OK,2026-06-01,0.9987,True
ALAB,OK,2026-05-30,0.993,True
ALAB,OK,2026-05-29,0.8694,True
ALAB,OK,2026-05-28,0.9944,True
ALB,DROPPED_FUTURE_DATE,2026-06-27,0.998,False
ALB,OK,2026-06-26,0.9688,True
ALB,OK,2026-06-25,0.9724,True
ALB,OK,2026-06-24,0.9975,True
ALB,OK,2026-06-23,0.99,True
ALB,OK,2026-06-22,0.9937,True
ALB,OK,2026-06-20,0.9875,True
ALB,OK,2026-06-19,0.9958,True
ALB,OK,2026-06-18,0.9833,True
ALB,OK,2026-06-17,0.995,True
ALB,OK,2026-06-16,0.9951,True
ALB,OK,2026-06-15,0.997,True
ALB,OK,2026-06-13,0.997,True
ALB,OK,2026-06-12,0.808,True
ALB,OK,2026-06-11,0.6548,True
ALB,OK,2026-06-10,0.991,True
ALB,OK,2026-06-09,0.9723,True
ALB,OK,2026-06-08,0.9935,True
ALB,OK,2026-06-07,-0.938,True
ALB,OK,2026-06-06,0.998,True
ALB,OK,2026-06-05,0.9962,True
ALB,OK,2026-06-04,0.9956,True
ALB,OK,2026-06-03,0.9953,True
ALB,OK,2026-06-02,0.9955,True
ALB,OK,2026-06-01,0.9947,True
ALB,OK,2026-05-30,0.998,True
ALB,OK,2026-05-29,0.9668,True
ALB,OK,2026-05-28,0.995,True
ALGN,OK,2026-06-25,0.9977,True
ALGN,OK,2026-06-24,0.996,True
ALGN,OK,2026-06-23,0.999,True
ALGN,OK,2026-06-21,0.989,True
ALGN,OK,2026-06-19,0.975,True
ALGN,OK,2026-06-18,0.99,True
ALGN,OK,2026-06-17,0.996,True
ALGN,OK,2026-06-16,0.999,True
ALGN,OK,2026-06-15,0.998,True
ALGN,OK,2026-06-12,0.999,True
ALGN,OK,2026-06-10,0.983,True
ALGN,OK,2026-06-09,0.996,True
ALGN,OK,2026-06-08,0.996,True
ALGN,OK,2026-06-07,0.991,True
ALGN,OK,2026-06-04,0.999,True
ALGN,OK,2026-06-03,0.9985,True
ALGN,OK,2026-06-02,0.9995,True
ALGN,OK,2026-06-01,0.996,True
ALGN,OK,2026-05-29,0.998,True
ALGN,OK,2026-05-28,0.9958,True
ALL,DROPPED_FUTURE_DATE,2026-06-27,-0.91,False
ALL,OK,2026-06-25,0.974,True
ALL,OK,2026-06-24,0.999,True
ALL,OK,2026-06-23,0.9975,True
ALL,OK,2026-06-18,-0.958,True
ALL,OK,2026-06-16,0.897,True
ALL,OK,2026-06-15,0.996,True
ALL,OK,2026-06-14,0.989,True
ALL,OK,2026-06-13,0.997,True
ALL,OK,2026-06-12,1.0,True
ALL,OK,2026-06-11,0.9923,True
ALL,OK,2026-06-10,0.992,True
ALL,OK,2026-06-09,0.999,True
ALL,OK,2026-06-08,0.7244,True
ALL,OK,2026-06-06,0.984,True
ALL,OK,2026-06-05,0.984,True
ALL,OK,2026-06-03,0.998,True
ALL,OK,2026-06-02,0.999,True
ALL,OK,2026-06-01,0.995,True
ALL,OK,2026-05-30,0.979,True
ALL,OK,2026-05-29,0.9738,True
ALL,OK,2026-05-28,0.976,True
ALLE,OK,2026-06-25,0.997,True
ALLE,OK,2026-06-24,0.999,True
ALLE,OK,2026-06-22,0.997,True
ALLE,OK,2026-06-16,0.998,True
ALLE,OK,2026-06-15,0.999,True
ALLE,OK,2026-06-11,-0.4921,True
ALLE,OK,2026-06-03,0.994,True
ALLE,OK,2026-06-02,0.972,True
ALLE,OK,2026-06-01,0.984,True
ALLE,OK,2026-05-28,0.993,True
AMAT,DROPPED_FUTURE_DATE,2026-06-27,0.836,False
AMAT,OK,2026-06-26,0.5095,True
AMAT,OK,2026-06-25,0.9454,True
AMAT,OK,2026-06-24,0.9937,True
AMAT,OK,2026-06-23,0.5362,True
AMAT,OK,2026-06-22,0.7379,True
AMAT,OK,2026-06-21,0.991,True
AMAT,OK,2026-06-20,0.998,True
AMAT,OK,2026-06-19,0.9725,True
AMAT,OK,2026-06-18,0.2099,True
AMAT,OK,2026-06-17,0.8115,True
AMAT,OK,2026-06-16,0.8179,True
AMAT,OK,2026-06-15,0.9775,True
AMAT,OK,2026-06-13,0.9913,True
AMAT,OK,2026-06-12,0.9909,True
AMAT,OK,2026-06-11,0.0171,True
AMAT,OK,2026-06-10,0.9172,True
AMAT,OK,2026-06-09,0.9912,True
AMAT,OK,2026-06-08,0.4313,True
AMAT,OK,2026-06-07,0.994,True
AMAT,OK,2026-06-06,0.992,True
AMAT,OK,2026-06-05,0.6128,True
AMAT,OK,2026-06-04,0.588,True
AMAT,OK,2026-06-03,0.9843,True
AMAT,OK,2026-06-02,0.9779,True
AMAT,OK,2026-06-01,0.9952,True
AMAT,OK,2026-05-31,0.994,True
AMAT,OK,2026-05-30,0.9968,True
AMAT,OK,2026-05-29,0.9963,True
AMAT,OK,2026-05-28,0.6851,True
AMCR,OK,2026-06-19,0.881,True
AMCR,OK,2026-06-18,0.996,True
AMCR,OK,2026-06-16,0.99,True
AMCR,OK,2026-06-15,0.992,True
AMCR,OK,2026-06-12,0.992,True
AMCR,OK,2026-06-10,0.904,True
AMCR,OK,2026-06-09,0.856,True
AMCR,OK,2026-06-05,0.997,True
AMCR,OK,2026-06-02,0.998,True
AMCR,OK,2026-05-31,0.9955,True
AMCR,OK,2026-05-29,0.992,True
AMD,DROPPED_FUTURE_DATE,2026-06-27,0.8319,False
AMD,OK,2026-06-26,0.6162,True
AMD,OK,2026-06-25,0.9368,True
AMD,OK,2026-06-24,0.8413,True
AMD,OK,2026-06-23,0.4584,True
AMD,OK,2026-06-22,0.874,True
AMD,OK,2026-06-21,0.999,True
AMD,OK,2026-06-20,0.9969,True
AMD,OK,2026-06-19,0.9149,True
AMD,OK,2026-06-18,0.6299,True
AMD,OK,2026-06-17,0.8653,True
AMD,OK,2026-06-16,0.6216,True
AMD,OK,2026-06-15,0.8965,True
AMD,OK,2026-06-14,0.9963,True
AMD,OK,2026-06-13,0.9587,True
AMD,OK,2026-06-12,0.8859,True
AMD,OK,2026-06-11,0.7015,True
AMD,OK,2026-06-10,0.5999,True
AMD,OK,2026-06-09,0.8177,True
AMD,OK,2026-06-08,0.6929,True
AMD,OK,2026-06-07,0.9877,True
AMD,OK,2026-06-06,0.9153,True
AMD,OK,2026-06-05,0.7815,True
AMD,OK,2026-06-04,0.8616,True
AMD,OK,2026-06-03,0.8595,True
AMD,OK,2026-06-02,0.9125,True
AMD,OK,2026-06-01,0.7779,True
AMD,OK,2026-05-31,0.8304,True
AMD,OK,2026-05-30,0.9373,True
AMD,OK,2026-05-29,0.7153,True
AMD,OK,2026-05-28,0.7821,True
AME,OK,2026-06-25,0.997,True
AME,OK,2026-06-22,0.9985,True
AME,OK,2026-06-18,0.993,True
AME,OK,2026-06-17,0.9925,True
AME,OK,2026-06-15,0.999,True
AME,OK,2026-06-12,0.992,True
AME,OK,2026-06-09,0.9885,True
AME,OK,2026-06-05,0.9965,True
AME,OK,2026-06-02,0.993,True
AME,OK,2026-05-29,0.997,True
AMGN,DROPPED_FUTURE_DATE,2026-06-27,0.998,False
AMGN,OK,2026-06-26,0.308,True
AMGN,OK,2026-06-25,0.3683,True
AMGN,OK,2026-06-24,0.981,True
AMGN,OK,2026-06-23,0.983,True
AMGN,OK,2026-06-22,0.763,True
AMGN,OK,2026-06-19,0.995,True
AMGN,OK,2026-06-18,0.631,True
AMGN,OK,2026-06-17,0.985,True
AMGN,OK,2026-06-15,0.989,True
AMGN,OK,2026-06-14,0.977,True
AMGN,OK,2026-06-13,0.923,True
AMGN,OK,2026-06-12,0.88,True
AMGN,OK,2026-06-11,0.9268,True
AMGN,OK,2026-06-10,0.993,True
AMGN,OK,2026-06-09,0.9885,True
AMGN,OK,2026-06-08,0.6892,True
AMGN,OK,2026-06-07,0.997,True
AMGN,OK,2026-06-06,0.996,True
AMGN,OK,2026-06-05,0.9653,True
AMGN,OK,2026-06-04,0.9913,True
AMGN,OK,2026-06-03,0.999,True
AMGN,OK,2026-06-02,0.986,True
AMGN,OK,2026-06-01,0.975,True
AMGN,OK,2026-05-31,0.9775,True
AMGN,OK,2026-05-29,0.8645,True
AMGN,OK,2026-05-28,0.998,True
AMP,OK,2026-06-23,0.999,True
AMP,OK,2026-06-21,0.999,True
AMP,OK,2026-06-19,0.998,True
AMP,OK,2026-06-17,0.999,True
AMP,OK,2026-06-13,0.993,True
AMP,OK,2026-06-11,0.9985,True
AMP,OK,2026-06-10,0.818,True
AMP,OK,2026-06-09,0.999,True
AMP,OK,2026-06-08,0.999,True
AMP,OK,2026-06-05,0.991,True
AMP,OK,2026-06-03,0.5945,True
AMP,OK,2026-06-02,0.999,True
AMP,OK,2026-06-01,0.995,True
AMP,OK,2026-05-29,0.898,True
AMP,OK,2026-05-28,0.856,True
AMT,OK,2026-06-26,0.788,True
AMT,OK,2026-06-25,0.994,True
AMT,OK,2026-06-23,0.998,True
AMT,OK,2026-06-19,0.993,True
AMT,OK,2026-06-17,0.996,True
AMT,OK,2026-06-16,0.8718,True
AMT,OK,2026-06-15,0.99,True
AMT,OK,2026-06-13,0.986,True
AMT,OK,2026-06-12,0.995,True
AMT,OK,2026-06-11,0.996,True
AMT,OK,2026-06-10,0.9819,True
AMT,OK,2026-06-08,0.999,True
AMT,OK,2026-06-06,0.995,True
AMT,OK,2026-06-05,0.997,True
AMT,OK,2026-06-04,0.7375,True
AMT,OK,2026-06-02,0.987,True
AMT,OK,2026-06-01,0.998,True
AMT,OK,2026-05-30,0.998,True
AMT,OK,2026-05-29,0.999,True
AMX,OK,2026-06-26,0.527,True
AMX,OK,2026-06-18,0.998,True
AMX,OK,2026-06-06,0.999,True
AMX,OK,2026-05-29,0.996,True
AMZN,DROPPED_FUTURE_DATE,2026-06-27,0.9575,False
AMZN,OK,2026-06-26,0.6952,True
AMZN,OK,2026-06-25,0.8327,True
AMZN,OK,2026-06-24,0.8183,True
AMZN,OK,2026-06-23,0.669,True
AMZN,OK,2026-06-22,0.6869,True
AMZN,OK,2026-06-21,0.9506,True
AMZN,OK,2026-06-20,0.9206,True
AMZN,OK,2026-06-19,0.8971,True
AMZN,OK,2026-06-18,0.7741,True
AMZN,OK,2026-06-17,0.8309,True
AMZN,OK,2026-06-16,0.7718,True
AMZN,OK,2026-06-15,0.7109,True
AMZN,OK,2026-06-14,0.9921,True
AMZN,OK,2026-06-13,0.9689,True
AMZN,OK,2026-06-12,0.904,True
AMZN,OK,2026-06-11,0.8023,True
AMZN,OK,2026-06-10,0.7761,True
AMZN,OK,2026-06-09,0.8488,True
AMZN,OK,2026-06-08,0.8263,True
AMZN,OK,2026-06-07,0.991,True
AMZN,OK,2026-06-06,0.9921,True
AMZN,OK,2026-06-05,0.7968,True
AMZN,OK,2026-06-04,0.8761,True
AMZN,OK,2026-06-03,0.8229,True
AMZN,OK,2026-06-02,0.6994,True
AMZN,OK,2026-06-01,0.7765,True
AMZN,OK,2026-05-31,0.7481,True
AMZN,OK,2026-05-30,0.8675,True
AMZN,OK,2026-05-29,0.5954,True
AMZN,OK,2026-05-28,0.8346,True
ANET,OK,2026-06-26,-0.757,True
ANET,OK,2026-06-25,0.982,True
ANET,OK,2026-06-24,0.7818,True
ANET,OK,2026-06-23,0.996,True
ANET,OK,2026-06-22,0.833,True
ANET,OK,2026-06-19,0.986,True
ANET,OK,2026-06-18,0.9432,True
ANET,OK,2026-06-17,0.9935,True
ANET,OK,2026-06-16,0.9308,True
ANET,OK,2026-06-15,0.996,True
ANET,OK,2026-06-14,0.4427,True
ANET,OK,2026-06-13,0.998,True
ANET,OK,2026-06-12,0.9727,True
ANET,OK,2026-06-11,0.9245,True
ANET,OK,2026-06-10,0.998,True
ANET,OK,2026-06-09,0.993,True
ANET,OK,2026-06-07,0.993,True
ANET,OK,2026-06-05,0.9808,True
ANET,OK,2026-06-04,0.999,True
ANET,OK,2026-06-03,0.9757,True
ANET,OK,2026-06-02,0.9936,True
ANET,OK,2026-06-01,0.9298,True
ANET,OK,2026-05-31,0.99,True
ANET,OK,2026-05-30,0.9715,True
ANET,OK,2026-05-29,0.9943,True
ANET,OK,2026-05-28,0.9085,True
AON,OK,2026-06-24,0.984,True
AON,OK,2026-06-22,0.991,True
AON,OK,2026-06-16,0.983,True
AON,OK,2026-06-14,0.995,True
AON,OK,2026-06-12,0.824,True
AON,OK,2026-06-11,0.9893,True
AON,OK,2026-06-10,0.99,True
AON,OK,2026-06-09,0.997,True
AON,OK,2026-06-05,0.995,True
AON,OK,2026-06-04,0.984,True
AON,OK,2026-06-03,0.984,True
AON,OK,2026-06-01,0.991,True
AON,OK,2026-05-29,0.996,True
AON,OK,2026-05-28,0.941,True
AOS,OK,2026-06-26,0.9955,True
AOS,OK,2026-06-25,0.995,True
AOS,OK,2026-06-24,0.9975,True
AOS,OK,2026-06-23,0.128,True
AOS,OK,2026-06-22,0.9175,True
AOS,OK,2026-06-19,0.998,True
AOS,OK,2026-06-18,0.9783,True
AOS,OK,2026-06-17,0.967,True
AOS,OK,2026-06-15,0.981,True
AOS,OK,2026-06-14,0.805,True
AOS,OK,2026-06-10,0.937,True
AOS,OK,2026-06-08,0.996,True
AOS,OK,2026-06-05,0.937,True
AOS,OK,2026-06-04,0.994,True
AOS,OK,2026-06-03,0.937,True
AOS,OK,2026-06-02,0.997,True
AOS,OK,2026-06-01,0.995,True
AOS,OK,2026-05-31,0.927,True
AOS,OK,2026-05-29,0.961,True
AOS,OK,2026-05-28,0.998,True
APA,DROPPED_FUTURE_DATE,2026-06-27,0.979,False
APA,OK,2026-06-26,0.9305,True
APA,OK,2026-06-24,0.5083,True
APA,OK,2026-06-23,0.993,True
APA,OK,2026-06-22,0.989,True
APA,OK,2026-06-19,0.998,True
APA,OK,2026-06-18,-0.1701,True
APA,OK,2026-06-17,0.992,True
APA,OK,2026-06-16,0.2996,True
APA,OK,2026-06-15,0.8948,True
APA,OK,2026-06-14,0.995,True
APA,OK,2026-06-11,0.201,True
APA,OK,2026-06-10,0.2032,True
APA,OK,2026-06-09,0.9111,True
APA,OK,2026-06-08,0.1287,True
APA,OK,2026-06-06,0.997,True
APA,OK,2026-06-05,0.998,True
APA,OK,2026-06-04,0.999,True
APA,OK,2026-06-03,0.996,True
APA,OK,2026-06-02,0.986,True
APA,OK,2026-06-01,0.993,True
APA,OK,2026-05-29,0.9975,True
APA,OK,2026-05-28,1.0,True
APD,OK,2026-06-26,0.985,True
APD,OK,2026-06-25,0.99,True
APD,OK,2026-06-24,-0.014,True
APD,OK,2026-06-16,0.999,True
APD,OK,2026-06-15,0.998,True
APD,OK,2026-06-12,0.998,True
APD,OK,2026-06-11,0.999,True
APD,OK,2026-06-10,0.9927,True
APD,OK,2026-06-05,0.997,True
APD,OK,2026-06-04,0.987,True
APD,OK,2026-06-03,0.996,True
APD,OK,2026-06-02,0.9923,True
APD,OK,2026-06-01,0.9924,True
APD,OK,2026-05-28,-0.863,True
APH,OK,2026-06-26,0.934,True
APH,OK,2026-06-25,0.999,True
APH,OK,2026-06-24,0.997,True
APH,OK,2026-06-23,0.997,True
APH,OK,2026-06-22,0.0,True
APH,OK,2026-06-19,0.9963,True
APH,OK,2026-06-18,0.858,True
APH,OK,2026-06-16,0.9933,True
APH,OK,2026-06-15,0.998,True
APH,OK,2026-06-13,0.999,True
APH,OK,2026-06-12,0.7175,True
APH,OK,2026-06-11,0.9972,True
APH,OK,2026-06-10,0.8384,True
APH,OK,2026-06-09,0.998,True
APH,OK,2026-06-08,0.998,True
APH,OK,2026-06-07,0.9915,True
APH,OK,2026-06-06,0.999,True
APH,OK,2026-06-05,0.9955,True
APH,OK,2026-06-04,0.997,True
APH,OK,2026-06-03,0.9805,True
APH,OK,2026-06-02,0.9829,True
APH,OK,2026-06-01,0.9963,True
APH,OK,2026-05-29,0.9976,True
APH,OK,2026-05-28,0.9967,True
APO,DROPPED_FUTURE_DATE,2026-06-27,0.894,False
APO,OK,2026-06-26,0.99,True
APO,OK,2026-06-25,0.6685,True
APO,OK,2026-06-24,0.9085,True
APO,OK,2026-06-23,0.6362,True
APO,OK,2026-06-22,0.9747,True
APO,OK,2026-06-21,0.975,True
APO,OK,2026-06-20,0.9863,True
APO,OK,2026-06-19,0.3745,True
APO,OK,2026-06-18,0.7723,True
APO,OK,2026-06-17,0.7348,True
APO,OK,2026-06-16,0.0085,True
APO,OK,2026-06-14,-0.97,True
APO,OK,2026-06-13,0.9913,True
APO,OK,2026-06-12,0.6583,True
APO,OK,2026-06-11,0.927,True
APO,OK,2026-06-10,0.5596,True
APO,OK,2026-06-09,0.6213,True
APO,OK,2026-06-08,0.9573,True
APO,OK,2026-06-06,0.9907,True
APO,OK,2026-06-05,0.7305,True
APO,OK,2026-06-04,0.5553,True
APO,OK,2026-06-03,0.6599,True
APO,OK,2026-06-02,0.99,True
APO,OK,2026-06-01,0.9923,True
APO,OK,2026-05-31,0.9913,True
APO,OK,2026-05-29,0.7203,True
APO,OK,2026-05-28,0.2231,True
APP,OK,2026-06-26,0.733,True
APP,OK,2026-06-25,0.8437,True
APP,OK,2026-06-24,0.995,True
APP,OK,2026-06-23,0.994,True
APP,OK,2026-06-22,0.9845,True
APP,OK,2026-06-20,0.9965,True
APP,OK,2026-06-19,0.9963,True
APP,OK,2026-06-18,0.992,True
APP,OK,2026-06-17,0.9918,True
APP,OK,2026-06-16,0.8303,True
APP,OK,2026-06-15,0.9966,True
APP,OK,2026-06-13,0.993,True
APP,OK,2026-06-12,0.666,True
APP,OK,2026-06-11,0.9975,True
APP,OK,2026-06-10,0.9896,True
APP,OK,2026-06-09,0.9772,True
APP,OK,2026-06-08,0.9453,True
APP,OK,2026-06-07,0.994,True
APP,OK,2026-06-05,0.998,True
APP,OK,2026-06-04,0.928,True
APP,OK,2026-06-03,0.9891,True
APP,OK,2026-06-02,0.9787,True
APP,OK,2026-06-01,0.999,True
APP,OK,2026-05-29,0.8963,True
APP,OK,2026-05-28,0.9976,True
APTV,OK,2026-06-26,0.999,True
APTV,OK,2026-06-24,0.975,True
APTV,OK,2026-06-23,0.985,True
APTV,OK,2026-06-18,0.999,True
APTV,OK,2026-06-15,0.9943,True
APTV,OK,2026-06-13,0.996,True
APTV,OK,2026-06-08,0.9945,True
APTV,OK,2026-06-07,0.999,True
APTV,OK,2026-06-05,0.993,True
APTV,OK,2026-06-04,0.994,True
APTV,OK,2026-06-03,0.9955,True
APTV,OK,2026-06-02,0.8969,True
APTV,OK,2026-06-01,0.9975,True
ARE,OK,2026-06-25,1.0,True
ARE,OK,2026-06-24,0.999,True
ARE,OK,2026-06-17,0.998,True
ARE,OK,2026-06-16,0.964,True
ARE,OK,2026-06-15,0.999,True
ARE,OK,2026-06-09,0.995,True
ARE,OK,2026-06-08,0.998,True
ARE,OK,2026-06-04,0.961,True
ARE,OK,2026-06-01,0.8268,True
ARE,OK,2026-05-29,0.989,True
ARE,OK,2026-05-28,0.995,True
ARES,OK,2026-06-26,0.995,True
ARES,OK,2026-06-25,0.8792,True
ARES,OK,2026-06-24,0.9905,True
ARES,OK,2026-06-23,0.957,True
ARES,OK,2026-06-22,0.991,True
ARES,OK,2026-06-19,0.3745,True
ARES,OK,2026-06-18,0.9982,True
ARES,OK,2026-06-17,0.974,True
ARES,OK,2026-06-16,0.995,True
ARES,OK,2026-06-15,0.995,True
ARES,OK,2026-06-12,0.997,True
ARES,OK,2026-06-11,0.995,True
ARES,OK,2026-06-10,0.7038,True
ARES,OK,2026-06-09,0.9915,True
ARES,OK,2026-06-08,0.6974,True
ARES,OK,2026-06-06,0.9985,True
ARES,OK,2026-06-05,0.9895,True
ARES,OK,2026-06-04,0.9531,True
ARES,OK,2026-06-03,0.729,True
ARES,OK,2026-06-01,-0.969,True
ARES,OK,2026-05-29,0.0445,True
ARES,OK,2026-05-28,0.5523,True
ARM,OK,2026-06-26,0.2973,True
ARM,OK,2026-06-25,0.996,True
ARM,OK,2026-06-24,-0.0495,True
ARM,OK,2026-06-23,0.3807,True
ARM,OK,2026-06-21,0.928,True
ARM,OK,2026-06-20,0.997,True
ARM,OK,2026-06-19,0.995,True
ARM,OK,2026-06-18,-0.647,True
ARM,OK,2026-06-17,0.8337,True
ARM,OK,2026-06-16,0.3443,True
ARM,OK,2026-06-15,0.8739,True
ARM,OK,2026-06-13,0.988,True
ARM,OK,2026-06-12,0.9504,True
ARM,OK,2026-06-11,0.2202,True
ARM,OK,2026-06-10,0.4306,True
ARM,OK,2026-06-09,0.5424,True
ARM,OK,2026-06-08,0.3078,True
ARM,OK,2026-06-07,0.9917,True
ARM,OK,2026-06-06,0.9867,True
ARM,OK,2026-06-05,0.684,True
ARM,OK,2026-06-04,0.507,True
ARM,OK,2026-06-03,0.9154,True
ARM,OK,2026-06-02,0.8087,True
ARM,OK,2026-06-01,0.8342,True
ARM,OK,2026-05-31,0.984,True
ARM,OK,2026-05-30,0.9905,True
ARM,OK,2026-05-29,0.9918,True
ARM,OK,2026-05-28,0.3339,True
ASML,OK,2026-06-26,0.1527,True
ASML,OK,2026-06-25,0.9757,True
ASML,OK,2026-06-24,0.7883,True
ASML,OK,2026-06-23,0.6216,True
ASML,OK,2026-06-22,0.4804,True
ASML,OK,2026-06-21,0.991,True
ASML,OK,2026-06-20,0.6504,True
ASML,OK,2026-06-19,0.5249,True
ASML,OK,2026-06-18,0.9834,True
ASML,OK,2026-06-17,0.7874,True
ASML,OK,2026-06-16,0.7886,True
ASML,OK,2026-06-15,0.9181,True
ASML,OK,2026-06-14,0.9975,True
ASML,OK,2026-06-13,0.992,True
ASML,OK,2026-06-12,0.9553,True
ASML,OK,2026-06-11,0.1483,True
ASML,OK,2026-06-10,0.5939,True
ASML,OK,2026-06-09,0.9138,True
ASML,OK,2026-06-08,0.391,True
ASML,OK,2026-06-07,0.9943,True
ASML,OK,2026-06-06,0.9115,True
ASML,OK,2026-06-05,0.8139,True
ASML,OK,2026-06-04,0.7078,True
ASML,OK,2026-06-03,0.8346,True
ASML,OK,2026-06-02,0.9359,True
ASML,OK,2026-06-01,0.8916,True
ASML,OK,2026-05-31,0.9665,True
ASML,OK,2026-05-30,0.9977,True
ASML,OK,2026-05-29,0.9528,True
ASML,OK,2026-05-28,0.7586,True
ASX,OK,2026-06-26,0.9985,True
ASX,OK,2026-06-25,0.994,True
ASX,OK,2026-06-24,0.999,True
ASX,OK,2026-06-22,0.999,True
ASX,OK,2026-06-19,0.999,True
ASX,OK,2026-06-17,0.998,True
ASX,OK,2026-06-15,0.9845,True
ASX,OK,2026-06-12,0.999,True
ASX,OK,2026-06-10,0.999,True
ASX,OK,2026-06-09,0.981,True
ASX,OK,2026-06-08,0.999,True
ASX,OK,2026-06-05,1.0,True
ASX,OK,2026-06-04,0.9937,True
ASX,OK,2026-06-03,0.999,True
ASX,OK,2026-06-02,0.992,True
ASX,OK,2026-05-29,0.999,True
ASX,OK,2026-05-28,0.998,True
ATEYY,OK,2026-06-26,0.977,True
ATEYY,OK,2026-06-25,0.955,True
ATEYY,OK,2026-06-23,0.992,True
ATEYY,OK,2026-06-15,0.981,True
ATEYY,OK,2026-06-10,0.95,True
ATEYY,OK,2026-06-08,0.999,True
ATEYY,OK,2026-06-01,0.999,True
ATO,OK,2026-06-24,0.986,True
ATO,OK,2026-06-17,0.984,True
ATO,OK,2026-06-15,0.995,True
ATO,OK,2026-06-05,0.992,True
ATO,OK,2026-06-03,0.9995,True
ATO,OK,2026-06-02,1.0,True
ATO,OK,2026-06-01,0.9978,True
ATO,OK,2026-05-29,0.994,True
ATO,OK,2026-05-28,0.718,True
AVB,OK,2026-06-26,0.202,True
AVB,OK,2026-06-22,0.967,True
AVB,OK,2026-06-19,0.9863,True
AVB,OK,2026-06-18,0.984,True
AVB,OK,2026-06-15,-0.002,True
AVB,OK,2026-06-13,0.969,True
AVB,OK,2026-06-12,0.991,True
AVB,OK,2026-06-09,0.81,True
AVB,OK,2026-06-08,0.9985,True
AVB,OK,2026-06-02,0.99,True
AVB,OK,2026-06-01,0.992,True
AVB,OK,2026-05-29,0.994,True
AVGO,DROPPED_FUTURE_DATE,2026-06-27,0.9379,False
AVGO,OK,2026-06-26,0.7063,True
AVGO,OK,2026-06-25,0.7996,True
AVGO,OK,2026-06-24,0.8503,True
AVGO,OK,2026-06-23,0.5068,True
AVGO,OK,2026-06-22,0.939,True
AVGO,OK,2026-06-21,0.9853,True
AVGO,OK,2026-06-20,0.9824,True
AVGO,OK,2026-06-19,0.9831,True
AVGO,OK,2026-06-18,0.621,True
AVGO,OK,2026-06-17,0.7739,True
AVGO,OK,2026-06-16,0.6185,True
AVGO,OK,2026-06-15,0.9719,True
AVGO,OK,2026-06-14,0.7871,True
AVGO,OK,2026-06-13,0.8757,True
AVGO,OK,2026-06-12,0.7213,True
AVGO,OK,2026-06-11,0.8692,True
AVGO,OK,2026-06-10,0.5687,True
AVGO,OK,2026-06-09,0.6943,True
AVGO,OK,2026-06-08,0.5393,True
AVGO,OK,2026-06-07,0.7421,True
AVGO,OK,2026-06-06,0.8435,True
AVGO,OK,2026-06-05,0.547,True
AVGO,OK,2026-06-04,0.4891,True
AVGO,OK,2026-06-03,0.8073,True
AVGO,OK,2026-06-02,0.8737,True
AVGO,OK,2026-06-01,0.7629,True
AVGO,OK,2026-05-31,0.766,True
AVGO,OK,2026-05-30,0.9133,True
AVGO,OK,2026-05-29,0.7948,True
AVGO,OK,2026-05-28,0.755,True
AVY,OK,2026-06-24,-0.014,True
AVY,OK,2026-06-19,0.99,True
AVY,OK,2026-06-17,0.9965,True
AVY,OK,2026-06-16,0.99,True
AVY,OK,2026-06-15,0.992,True
AVY,OK,2026-06-12,0.9925,True
AVY,OK,2026-06-11,0.9965,True
AVY,OK,2026-06-10,0.9883,True
AVY,OK,2026-06-09,0.9965,True
AVY,OK,2026-06-08,0.999,True
AVY,OK,2026-06-05,0.998,True
AVY,OK,2026-06-04,0.988,True
AVY,OK,2026-06-01,0.994,True
AWK,OK,2026-06-25,0.9973,True
AWK,OK,2026-06-24,0.9983,True
AWK,OK,2026-06-23,0.9983,True
AWK,OK,2026-06-22,0.997,True
AWK,OK,2026-06-21,0.997,True
AWK,OK,2026-06-20,0.998,True
AWK,OK,2026-06-19,0.9925,True
AWK,OK,2026-06-18,0.9945,True
AWK,OK,2026-06-17,0.99,True
AWK,OK,2026-06-16,0.9957,True
AWK,OK,2026-06-15,0.995,True
AWK,OK,2026-06-13,0.999,True
AWK,OK,2026-06-12,1.0,True
AWK,OK,2026-06-11,0.994,True
AWK,OK,2026-06-10,0.973,True
AWK,OK,2026-06-09,0.9946,True
AWK,OK,2026-06-08,0.94,True
AWK,OK,2026-06-05,0.999,True
AWK,OK,2026-06-04,0.9963,True
AWK,OK,2026-06-03,0.998,True
AWK,OK,2026-06-02,0.9963,True
AWK,OK,2026-06-01,0.9981,True
AWK,OK,2026-05-29,0.99,True
AWK,OK,2026-05-28,0.996,True
AXON,DROPPED_FUTURE_DATE,2026-06-27,0.97,False
AXON,OK,2026-06-25,0.8767,True
AXON,OK,2026-06-24,0.9906,True
AXON,OK,2026-06-23,0.998,True
AXON,OK,2026-06-22,0.988,True
AXON,OK,2026-06-19,0.9943,True
AXON,OK,2026-06-18,0.99,True
AXON,OK,2026-06-17,0.999,True
AXON,OK,2026-06-16,0.9855,True
AXON,OK,2026-06-15,0.9595,True
AXON,OK,2026-06-13,0.997,True
AXON,OK,2026-06-12,0.993,True
AXON,OK,2026-06-11,0.9894,True
AXON,OK,2026-06-10,0.9973,True
AXON,OK,2026-06-09,0.9978,True
AXON,OK,2026-06-08,0.9985,True
AXON,OK,2026-06-07,0.998,True
AXON,OK,2026-06-06,0.992,True
AXON,OK,2026-06-05,0.991,True
AXON,OK,2026-06-04,0.997,True
AXON,OK,2026-06-03,0.5145,True
AXON,OK,2026-06-02,0.9985,True
AXON,OK,2026-06-01,0.995,True
AXON,OK,2026-05-29,0.9155,True
AXON,OK,2026-05-28,0.997,True
AXP,DROPPED_FUTURE_DATE,2026-06-27,0.988,False
AXP,OK,2026-06-25,0.9802,True
AXP,OK,2026-06-24,0.9792,True
AXP,OK,2026-06-23,0.9947,True
AXP,OK,2026-06-22,0.36,True
AXP,OK,2026-06-20,0.9885,True
AXP,OK,2026-06-19,0.9945,True
AXP,OK,2026-06-18,0.9696,True
AXP,OK,2026-06-17,0.993,True
AXP,OK,2026-06-16,0.9803,True
AXP,OK,2026-06-15,0.8801,True
AXP,OK,2026-06-14,0.996,True
AXP,OK,2026-06-13,0.948,True
AXP,OK,2026-06-12,0.991,True
AXP,OK,2026-06-11,0.9984,True
AXP,OK,2026-06-10,0.9854,True
AXP,OK,2026-06-09,0.6625,True
AXP,OK,2026-06-08,0.9938,True
AXP,OK,2026-06-06,0.65,True
AXP,OK,2026-06-05,0.7816,True
AXP,OK,2026-06-04,0.8849,True
AXP,OK,2026-06-03,0.9733,True
AXP,OK,2026-06-02,0.6706,True
AXP,OK,2026-06-01,0.2445,True
AXP,OK,2026-05-31,0.9956,True
AXP,OK,2026-05-30,0.9935,True
AXP,OK,2026-05-29,0.9912,True
AXP,OK,2026-05-28,0.9957,True
AZN,OK,2026-06-26,0.577,True
AZN,OK,2026-06-25,0.7602,True
AZN,OK,2026-06-24,0.4244,True
AZN,OK,2026-06-23,-0.002,True
AZN,OK,2026-06-22,0.8158,True
AZN,OK,2026-06-20,0.997,True
AZN,OK,2026-06-19,0.977,True
AZN,OK,2026-06-18,0.9945,True
AZN,OK,2026-06-17,0.6563,True
AZN,OK,2026-06-16,0.9973,True
AZN,OK,2026-06-15,0.523,True
AZN,OK,2026-06-13,-0.077,True
AZN,OK,2026-06-12,-0.6458,True
AZN,OK,2026-06-11,0.985,True
AZN,OK,2026-06-10,0.9952,True
AZN,OK,2026-06-09,0.9523,True
AZN,OK,2026-06-08,0.6538,True
AZN,OK,2026-06-05,0.5983,True
AZN,OK,2026-06-04,0.9833,True
AZN,OK,2026-06-03,0.995,True
AZN,OK,2026-06-02,0.0723,True
AZN,OK,2026-06-01,0.3294,True
AZN,OK,2026-05-31,0.9765,True
AZN,OK,2026-05-29,0.4045,True
AZN,OK,2026-05-28,0.419,True
AZO,OK,2026-06-26,0.998,True
AZO,OK,2026-06-25,0.995,True
AZO,OK,2026-06-23,0.992,True
AZO,OK,2026-06-17,0.984,True
AZO,OK,2026-06-16,0.958,True
AZO,OK,2026-06-15,0.999,True
AZO,OK,2026-06-09,0.9865,True
AZO,OK,2026-06-08,0.991,True
AZO,OK,2026-06-06,0.9945,True
AZO,OK,2026-06-04,0.987,True
AZO,OK,2026-06-03,0.9937,True
AZO,OK,2026-06-02,0.998,True
AZO,OK,2026-06-01,0.984,True
AZO,OK,2026-05-30,0.985,True
AZO,OK,2026-05-29,0.0,True
AZO,OK,2026-05-28,0.9375,True
B,OK,2026-06-26,0.984,True
B,OK,2026-06-24,-0.1121,True
B,OK,2026-06-23,0.2477,True
B,OK,2026-06-17,0.98,True
B,OK,2026-06-16,0.447,True
B,OK,2026-06-15,0.937,True
B,OK,2026-06-14,0.996,True
B,OK,2026-06-13,0.9955,True
B,OK,2026-06-12,-0.652,True
B,OK,2026-06-11,0.997,True
B,OK,2026-06-10,0.97,True
B,OK,2026-06-09,0.273,True
B,OK,2026-06-05,0.9535,True
B,OK,2026-06-04,0.9835,True
B,OK,2026-06-02,0.991,True
B,OK,2026-06-01,0.989,True
B,OK,2026-05-29,0.629,True
B,OK,2026-05-28,-0.928,True
BA,DROPPED_FUTURE_DATE,2026-06-27,0.993,False
BA,OK,2026-06-26,0.4582,True
BA,OK,2026-06-25,0.9913,True
BA,OK,2026-06-24,0.5276,True
BA,OK,2026-06-23,0.9719,True
BA,OK,2026-06-22,0.7389,True
BA,OK,2026-06-21,0.9973,True
BA,OK,2026-06-20,0.9505,True
BA,OK,2026-06-19,0.8658,True
BA,OK,2026-06-18,0.7978,True
BA,OK,2026-06-17,0.933,True
BA,OK,2026-06-16,0.6559,True
BA,OK,2026-06-15,0.6165,True
BA,OK,2026-06-14,0.996,True
BA,OK,2026-06-12,0.9984,True
BA,OK,2026-06-11,0.8687,True
BA,OK,2026-06-10,0.5174,True
BA,OK,2026-06-09,0.749,True
BA,OK,2026-06-08,0.3889,True
BA,OK,2026-06-07,0.7919,True
BA,OK,2026-06-06,0.9565,True
BA,OK,2026-06-05,0.7718,True
BA,OK,2026-06-04,0.9334,True
BA,OK,2026-06-03,0.8968,True
BA,OK,2026-06-02,0.9864,True
BA,OK,2026-06-01,0.2307,True
BA,OK,2026-05-31,0.9743,True
BA,OK,2026-05-30,0.9935,True
BA,OK,2026-05-29,0.6662,True
BA,OK,2026-05-28,0.7101,True
BABA,OK,2026-06-26,0.984,True
BABA,OK,2026-06-25,0.4939,True
BABA,OK,2026-06-24,0.4804,True
BABA,OK,2026-06-23,0.4699,True
BABA,OK,2026-06-22,0.4384,True
BABA,OK,2026-06-21,0.8686,True
BABA,OK,2026-06-20,0.989,True
BABA,OK,2026-06-19,0.8678,True
BABA,OK,2026-06-18,0.6165,True
BABA,OK,2026-06-17,0.982,True
BABA,OK,2026-06-16,0.7466,True
BABA,OK,2026-06-15,0.7674,True
BABA,OK,2026-06-14,0.9915,True
BABA,OK,2026-06-13,0.7663,True
BABA,OK,2026-06-12,0.6743,True
BABA,OK,2026-06-11,0.4673,True
BABA,OK,2026-06-10,0.7687,True
BABA,OK,2026-06-09,0.6897,True
BABA,OK,2026-06-08,0.6214,True
BABA,OK,2026-06-07,0.9969,True
BABA,OK,2026-06-06,0.9946,True
BABA,OK,2026-06-05,0.6597,True
BABA,OK,2026-06-04,0.9824,True
BABA,OK,2026-06-03,0.9776,True
BABA,OK,2026-06-02,0.5142,True
BABA,OK,2026-06-01,0.6644,True
BABA,OK,2026-05-31,0.995,True
BABA,OK,2026-05-29,0.9945,True
BABA,OK,2026-05-28,0.9775,True
BAC,DROPPED_FUTURE_DATE,2026-06-27,0.7119,False
BAC,OK,2026-06-26,0.5148,True
BAC,OK,2026-06-25,0.8026,True
BAC,OK,2026-06-24,0.6759,True
BAC,OK,2026-06-23,0.599,True
BAC,OK,2026-06-22,0.3775,True
BAC,OK,2026-06-21,0.998,True
BAC,OK,2026-06-20,0.7415,True
BAC,OK,2026-06-19,0.892,True
BAC,OK,2026-06-18,0.6926,True
BAC,OK,2026-06-17,0.8733,True
BAC,OK,2026-06-16,0.4752,True
BAC,OK,2026-06-15,0.8276,True
BAC,OK,2026-06-14,0.9903,True
BAC,OK,2026-06-13,0.7899,True
BAC,OK,2026-06-12,0.7801,True
BAC,OK,2026-06-11,0.7403,True
BAC,OK,2026-06-10,0.6262,True
BAC,OK,2026-06-09,0.7498,True
BAC,OK,2026-06-08,0.655,True
BAC,OK,2026-06-07,0.9603,True
BAC,OK,2026-06-06,0.3355,True
BAC,OK,2026-06-05,0.7558,True
BAC,OK,2026-06-04,0.6884,True
BAC,OK,2026-06-03,0.7094,True
BAC,OK,2026-06-02,0.9246,True
BAC,OK,2026-06-01,0.793,True
BAC,OK,2026-05-31,0.925,True
BAC,OK,2026-05-30,0.9222,True
BAC,OK,2026-05-29,0.6667,True
BAC,OK,2026-05-28,0.9591,True
BAESY,OK,2026-06-26,0.998,True
BAESY,OK,2026-06-24,-0.382,True
BAESY,OK,2026-06-23,0.988,True
BAESY,OK,2026-06-22,0.999,True
BAESY,OK,2026-06-17,0.999,True
BAESY,OK,2026-06-15,0.846,True
BAESY,OK,2026-06-14,0.997,True
BAESY,OK,2026-06-11,0.9975,True
BAESY,OK,2026-06-04,0.991,True
BAESY,OK,2026-06-02,0.997,True
BAESY,OK,2026-05-28,0.8743,True
BALL,OK,2026-06-17,0.0165,True
BALL,OK,2026-06-16,0.995,True
BALL,OK,2026-06-14,0.996,True
BALL,OK,2026-06-12,0.997,True
BALL,OK,2026-06-09,0.996,True
BALL,OK,2026-06-04,0.99,True
BALL,OK,2026-06-02,0.996,True
BALL,OK,2026-06-01,0.996,True
BALL,OK,2026-05-28,0.9555,True
BAM,DROPPED_FUTURE_DATE,2026-06-27,0.996,False
BAM,OK,2026-06-25,0.993,True
BAM,OK,2026-06-24,0.499,True
BAM,OK,2026-06-23,0.9895,True
BAM,OK,2026-06-22,0.9948,True
BAM,OK,2026-06-18,0.8305,True
BAM,OK,2026-06-17,0.999,True
BAM,OK,2026-06-16,0.98,True
BAM,OK,2026-06-15,0.49,True
BAM,OK,2026-06-14,0.996,True
BAM,OK,2026-06-12,0.6647,True
BAM,OK,2026-06-10,0.565,True
BAM,OK,2026-06-09,0.8942,True
BAM,OK,2026-06-08,0.996,True
BAM,OK,2026-06-06,0.9983,True
BAM,OK,2026-06-05,0.5186,True
BAM,OK,2026-06-04,0.9877,True
BAM,OK,2026-06-03,0.9942,True
BAM,OK,2026-06-02,0.9533,True
BAM,OK,2026-06-01,0.9683,True
BAM,OK,2026-05-31,0.999,True
BAM,OK,2026-05-30,0.9975,True
BAM,OK,2026-05-29,0.9843,True
BAM,OK,2026-05-28,0.3175,True
BAX,OK,2026-06-25,0.978,True
BAX,OK,2026-06-24,0.992,True
BAX,OK,2026-06-22,0.999,True
BAX,OK,2026-06-19,0.999,True
BAX,OK,2026-06-18,1.0,True
BAX,OK,2026-06-17,0.989,True
BAX,OK,2026-06-16,0.999,True
BAX,OK,2026-06-15,0.998,True
BAX,OK,2026-06-14,0.996,True
BAX,OK,2026-06-12,0.9975,True
BAX,OK,2026-06-11,0.995,True
BAX,OK,2026-06-10,0.987,True
BAX,OK,2026-06-08,0.999,True
BAX,OK,2026-06-03,0.99,True
BAX,OK,2026-06-01,0.997,True
BAX,OK,2026-05-29,0.741,True
BBVA,OK,2026-06-26,0.9825,True
BBVA,OK,2026-06-25,0.9957,True
BBVA,OK,2026-06-22,0.998,True
BBVA,OK,2026-06-17,0.527,True
BBVA,OK,2026-06-09,0.9955,True
BBVA,OK,2026-06-04,1.0,True
BBVA,OK,2026-06-03,0.995,True
BBVA,OK,2026-06-01,0.3415,True
BBY,OK,2026-06-25,0.997,True
BBY,OK,2026-06-24,0.9223,True
BBY,OK,2026-06-23,0.7015,True
BBY,OK,2026-06-22,0.8974,True
BBY,OK,2026-06-19,0.997,True
BBY,OK,2026-06-17,0.998,True
BBY,OK,2026-06-16,0.996,True
BBY,OK,2026-06-12,0.9985,True
BBY,OK,2026-06-11,0.995,True
BBY,OK,2026-06-10,1.0,True
BBY,OK,2026-06-08,0.9785,True
BBY,OK,2026-06-05,0.996,True
BBY,OK,2026-06-04,0.9544,True
BBY,OK,2026-06-03,0.9575,True
BBY,OK,2026-06-02,0.9897,True
BBY,OK,2026-06-01,0.9969,True
BBY,OK,2026-05-30,0.9975,True
BBY,OK,2026-05-29,0.8677,True
BBY,OK,2026-05-28,0.5521,True
BCS,DROPPED_FUTURE_DATE,2026-06-27,0.981,False
BCS,OK,2026-06-26,0.997,True
BCS,OK,2026-06-25,0.854,True
BCS,OK,2026-06-24,0.9937,True
BCS,OK,2026-06-23,0.6325,True
BCS,OK,2026-06-20,0.9847,True
BCS,OK,2026-06-17,0.991,True
BCS,OK,2026-06-15,0.998,True
BCS,OK,2026-06-13,0.3307,True
BCS,OK,2026-06-12,0.9283,True
BCS,OK,2026-06-10,0.6682,True
BCS,OK,2026-06-09,0.9532,True
BCS,OK,2026-06-08,0.9835,True
BCS,OK,2026-06-07,0.9695,True
BCS,OK,2026-06-06,0.9903,True
BCS,OK,2026-06-04,0.9778,True
BCS,OK,2026-06-03,0.8268,True
BCS,OK,2026-06-02,0.853,True
BCS,OK,2026-06-01,0.6082,True
BCS,OK,2026-05-31,0.099,True
BCS,OK,2026-05-30,0.9015,True
BCS,OK,2026-05-29,0.2555,True
BCS,OK,2026-05-28,0.605,True
BDX,OK,2026-06-24,0.993,True
BDX,OK,2026-06-23,0.837,True
BDX,OK,2026-06-22,0.9933,True
BDX,OK,2026-06-21,0.997,True
BDX,OK,2026-06-18,1.0,True
BDX,OK,2026-06-16,0.999,True
BDX,OK,2026-06-15,0.9315,True
BDX,OK,2026-06-14,0.995,True
BDX,OK,2026-06-12,0.994,True
BDX,OK,2026-06-11,0.993,True
BDX,OK,2026-06-08,0.995,True
BDX,OK,2026-06-06,0.984,True
BDX,OK,2026-06-05,0.999,True
BDX,OK,2026-06-04,0.985,True
BDX,OK,2026-06-02,0.993,True
BDX,OK,2026-06-01,0.9825,True
BDX,OK,2026-05-31,0.983,True
BDX,OK,2026-05-29,0.749,True
BE,DROPPED_FUTURE_DATE,2026-06-27,0.996,False
BE,OK,2026-06-26,0.9918,True
BE,OK,2026-06-25,0.9974,True
BE,OK,2026-06-24,0.9981,True
BE,OK,2026-06-23,0.9932,True
BE,OK,2026-06-22,0.9958,True
BE,OK,2026-06-21,0.9968,True
BE,OK,2026-06-19,0.9964,True
BE,OK,2026-06-18,0.9975,True
BE,OK,2026-06-17,0.6217,True
BE,OK,2026-06-16,0.8547,True
BE,OK,2026-06-15,0.9943,True
BE,OK,2026-06-14,0.9965,True
BE,OK,2026-06-13,0.8762,True
BE,OK,2026-06-12,0.9944,True
BE,OK,2026-06-11,0.2096,True
BE,OK,2026-06-10,0.4608,True
BE,OK,2026-06-09,0.5314,True
BE,OK,2026-06-08,0.9818,True
BE,OK,2026-06-07,0.996,True
BE,OK,2026-06-06,0.998,True
BE,OK,2026-06-05,0.8011,True
BE,OK,2026-06-04,0.9933,True
BE,OK,2026-06-03,0.9975,True
BE,OK,2026-06-02,0.8053,True
BE,OK,2026-06-01,0.9908,True
BE,OK,2026-05-31,0.9925,True
BE,OK,2026-05-30,0.986,True
BE,OK,2026-05-29,0.99,True
BE,OK,2026-05-28,0.9406,True
BEN,OK,2026-06-26,0.998,True
BEN,OK,2026-06-25,0.977,True
BEN,OK,2026-06-24,0.984,True
BEN,OK,2026-06-23,0.9921,True
BEN,OK,2026-06-21,0.999,True
BEN,OK,2026-06-20,0.997,True
BEN,OK,2026-06-19,0.994,True
BEN,OK,2026-06-18,0.998,True
BEN,OK,2026-06-17,0.8343,True
BEN,OK,2026-06-16,0.999,True
BEN,OK,2026-06-15,0.996,True
BEN,OK,2026-06-14,0.991,True
BEN,OK,2026-06-09,0.9975,True
BEN,OK,2026-06-08,0.99,True
BEN,OK,2026-06-07,0.993,True
BEN,OK,2026-06-05,0.946,True
BEN,OK,2026-06-04,0.9776,True
BEN,OK,2026-06-03,0.0615,True
BEN,OK,2026-06-02,0.999,True
BEN,OK,2026-05-30,0.988,True
BEN,OK,2026-05-29,0.997,True
BEN,OK,2026-05-28,0.992,True
BG,OK,2026-06-26,-0.34,True
BG,OK,2026-06-25,0.9945,True
BG,OK,2026-06-24,0.9437,True
BG,OK,2026-06-19,0.977,True
BG,OK,2026-06-13,0.987,True
BG,OK,2026-06-09,1.0,True
BG,OK,2026-06-08,0.999,True
BG,OK,2026-06-04,0.997,True
BG,OK,2026-06-03,0.992,True
BG,OK,2026-06-02,0.996,True
BG,OK,2026-06-01,0.997,True
BG,OK,2026-05-28,0.984,True
BHP,OK,2026-06-26,0.9738,True
BHP,OK,2026-06-25,0.9625,True
BHP,OK,2026-06-24,0.7193,True
BHP,OK,2026-06-23,0.674,True
BHP,OK,2026-06-22,0.7475,True
BHP,OK,2026-06-19,0.7555,True
BHP,OK,2026-06-18,0.716,True
BHP,OK,2026-06-17,0.4395,True
BHP,OK,2026-06-16,0.6833,True
BHP,OK,2026-06-15,0.999,True
BHP,OK,2026-06-13,0.999,True
BHP,OK,2026-06-12,0.996,True
BHP,OK,2026-06-11,0.958,True
BHP,OK,2026-06-10,0.987,True
BHP,OK,2026-06-09,0.9498,True
BHP,OK,2026-06-08,0.9867,True
BHP,OK,2026-06-07,0.994,True
BHP,OK,2026-06-06,0.992,True
BHP,OK,2026-06-05,0.7513,True
BHP,OK,2026-06-04,0.8352,True
BHP,OK,2026-06-03,0.975,True
BHP,OK,2026-06-02,0.996,True
BHP,OK,2026-06-01,0.997,True
BHP,OK,2026-05-30,0.99,True
BHP,OK,2026-05-29,0.543,True
BHP,OK,2026-05-28,0.995,True
BIIB,OK,2026-06-26,0.9768,True
BIIB,OK,2026-06-25,0.9987,True
BIIB,OK,2026-06-23,0.7375,True
BIIB,OK,2026-06-22,1.0,True
BIIB,OK,2026-06-21,0.989,True
BIIB,OK,2026-06-20,0.998,True
BIIB,OK,2026-06-19,0.994,True
BIIB,OK,2026-06-18,0.6918,True
BIIB,OK,2026-06-17,0.998,True
BIIB,OK,2026-06-16,0.801,True
BIIB,OK,2026-06-15,0.998,True
BIIB,OK,2026-06-13,0.999,True
BIIB,OK,2026-06-11,0.927,True
BIIB,OK,2026-06-10,0.3803,True
BIIB,OK,2026-06-09,0.995,True
BIIB,OK,2026-06-05,0.5423,True
BIIB,OK,2026-06-04,0.9837,True
BIIB,OK,2026-06-03,0.1428,True
BIIB,OK,2026-06-02,0.9965,True
BIIB,OK,2026-06-01,0.4737,True
BIIB,OK,2026-05-29,0.996,True
BKNG,OK,2026-06-26,0.997,True
BKNG,OK,2026-06-25,0.989,True
BKNG,OK,2026-06-24,-0.4546,True
BKNG,OK,2026-06-23,0.031,True
BKNG,OK,2026-06-22,0.984,True
BKNG,OK,2026-06-21,0.993,True
BKNG,OK,2026-06-18,0.9975,True
BKNG,OK,2026-06-17,0.9917,True
BKNG,OK,2026-06-16,0.9914,True
BKNG,OK,2026-06-15,0.9973,True
BKNG,OK,2026-06-14,0.992,True
BKNG,OK,2026-06-13,0.9925,True
BKNG,OK,2026-06-12,0.9325,True
BKNG,OK,2026-06-11,0.9955,True
BKNG,OK,2026-06-10,0.9934,True
BKNG,OK,2026-06-08,0.9907,True
BKNG,OK,2026-06-06,0.997,True
BKNG,OK,2026-06-05,0.9961,True
BKNG,OK,2026-06-04,0.9883,True
BKNG,OK,2026-06-03,0.9977,True
BKNG,OK,2026-06-02,0.9813,True
BKNG,OK,2026-06-01,0.9933,True
BKNG,OK,2026-05-31,0.938,True
BKNG,OK,2026-05-30,0.974,True
BKNG,OK,2026-05-29,0.9933,True
BKNG,OK,2026-05-28,0.991,True
BKR,OK,2026-06-26,0.8995,True
BKR,OK,2026-06-25,0.9983,True
BKR,OK,2026-06-24,0.226,True
BKR,OK,2026-06-23,0.8673,True
BKR,OK,2026-06-22,0.997,True
BKR,OK,2026-06-21,0.974,True
BKR,OK,2026-06-18,-0.3293,True
BKR,OK,2026-06-17,0.997,True
BKR,OK,2026-06-16,0.2052,True
BKR,OK,2026-06-15,0.9955,True
BKR,OK,2026-06-13,0.96,True
BKR,OK,2026-06-12,0.9015,True
BKR,OK,2026-06-10,0.9833,True
BKR,OK,2026-06-09,0.4684,True
BKR,OK,2026-06-08,0.3356,True
BKR,OK,2026-06-07,0.998,True
BKR,OK,2026-06-06,0.98,True
BKR,OK,2026-06-05,0.334,True
BKR,OK,2026-06-04,0.9685,True
BKR,OK,2026-06-02,-0.0255,True
BKR,OK,2026-06-01,0.9878,True
BKR,OK,2026-05-30,0.997,True
BKR,OK,2026-05-29,0.906,True
BKR,OK,2026-05-28,0.7174,True
BLDR,OK,2026-06-25,0.9945,True
BLDR,OK,2026-06-24,0.0218,True
BLDR,OK,2026-06-22,0.9945,True
BLDR,OK,2026-06-19,0.998,True
BLDR,OK,2026-06-18,0.426,True
BLDR,OK,2026-06-16,0.968,True
BLDR,OK,2026-06-12,0.9605,True
BLDR,OK,2026-06-11,0.983,True
BLDR,OK,2026-06-09,0.8187,True
BLDR,OK,2026-06-08,0.9565,True
BLDR,OK,2026-06-07,0.978,True
BLDR,OK,2026-06-05,0.98,True
BLDR,OK,2026-06-01,0.997,True
BLDR,OK,2026-05-30,0.994,True
BLDR,OK,2026-05-29,0.998,True
BLK,DROPPED_FUTURE_DATE,2026-06-27,0.9935,False
BLK,OK,2026-06-26,0.6988,True
BLK,OK,2026-06-25,0.9407,True
BLK,OK,2026-06-24,0.9615,True
BLK,OK,2026-06-23,0.8201,True
BLK,OK,2026-06-22,0.6745,True
BLK,OK,2026-06-21,0.997,True
BLK,OK,2026-06-20,0.9515,True
BLK,OK,2026-06-19,-0.25,True
BLK,OK,2026-06-18,0.9983,True
BLK,OK,2026-06-17,0.7277,True
BLK,OK,2026-06-16,0.4533,True
BLK,OK,2026-06-15,0.6643,True
BLK,OK,2026-06-13,0.998,True
BLK,OK,2026-06-12,0.5959,True
BLK,OK,2026-06-11,0.6707,True
BLK,OK,2026-06-10,0.999,True
BLK,OK,2026-06-09,0.9632,True
BLK,OK,2026-06-08,0.9787,True
BLK,OK,2026-06-06,0.9982,True
BLK,OK,2026-06-05,0.3158,True
BLK,OK,2026-06-04,0.9763,True
BLK,OK,2026-06-03,0.7741,True
BLK,OK,2026-06-02,0.5946,True
BLK,OK,2026-06-01,0.4106,True
BLK,OK,2026-05-31,0.997,True
BLK,OK,2026-05-29,0.362,True
BLK,OK,2026-05-28,0.994,True
BMO,OK,2026-06-26,0.996,True
BMO,OK,2026-06-25,0.993,True
BMO,OK,2026-06-24,0.9795,True
BMO,OK,2026-06-23,0.988,True
BMO,OK,2026-06-22,0.3337,True
BMO,OK,2026-06-19,0.936,True
BMO,OK,2026-06-18,0.7783,True
BMO,OK,2026-06-17,0.995,True
BMO,OK,2026-06-16,0.2113,True
BMO,OK,2026-06-15,0.7019,True
BMO,OK,2026-06-12,0.499,True
BMO,OK,2026-06-11,0.666,True
BMO,OK,2026-06-10,0.0343,True
BMO,OK,2026-06-09,-0.168,True
BMO,OK,2026-06-08,0.9945,True
BMO,OK,2026-06-05,0.486,True
BMO,OK,2026-06-04,0.7338,True
BMO,OK,2026-06-03,0.7102,True
BMO,OK,2026-06-02,0.3563,True
BMO,OK,2026-06-01,0.749,True
BMO,OK,2026-05-31,0.994,True
BMO,OK,2026-05-30,0.9937,True
BMO,OK,2026-05-29,0.3795,True
BMO,OK,2026-05-28,0.3162,True
BMY,OK,2026-06-26,0.4677,True
BMY,OK,2026-06-25,0.7265,True
BMY,OK,2026-06-24,0.5292,True
BMY,OK,2026-06-23,0.9737,True
BMY,OK,2026-06-22,0.9963,True
BMY,OK,2026-06-21,0.989,True
BMY,OK,2026-06-19,0.9945,True
BMY,OK,2026-06-18,0.9428,True
BMY,OK,2026-06-17,0.9841,True
BMY,OK,2026-06-16,0.9598,True
BMY,OK,2026-06-15,0.969,True
BMY,OK,2026-06-14,1.0,True
BMY,OK,2026-06-13,0.9795,True
BMY,OK,2026-06-12,0.987,True
BMY,OK,2026-06-11,0.8636,True
BMY,OK,2026-06-10,0.9925,True
BMY,OK,2026-06-09,0.9777,True
BMY,OK,2026-06-08,0.981,True
BMY,OK,2026-06-07,0.776,True
BMY,OK,2026-06-06,0.995,True
BMY,OK,2026-06-05,0.8696,True
BMY,OK,2026-06-04,0.9908,True
BMY,OK,2026-06-03,0.653,True
BMY,OK,2026-06-02,0.9827,True
BMY,OK,2026-06-01,0.388,True
BMY,OK,2026-05-31,0.977,True
BMY,OK,2026-05-30,0.2,True
BMY,OK,2026-05-29,0.6743,True
BMY,OK,2026-05-28,0.9875,True
BN,OK,2026-06-26,0.9985,True
BN,OK,2026-06-25,0.999,True
BN,OK,2026-06-24,0.998,True
BN,OK,2026-06-21,0.998,True
BN,OK,2026-06-20,0.999,True
BN,OK,2026-06-16,0.966,True
BN,OK,2026-06-15,0.9905,True
BN,OK,2026-06-14,0.996,True
BN,OK,2026-06-13,0.9965,True
BN,OK,2026-06-12,0.4995,True
BN,OK,2026-06-11,0.988,True
BN,OK,2026-06-10,0.625,True
BN,OK,2026-06-09,0.353,True
BN,OK,2026-06-06,0.998,True
BN,OK,2026-06-04,0.999,True
BN,OK,2026-06-02,0.996,True
BN,OK,2026-06-01,0.998,True
BN,OK,2026-05-30,0.998,True
BN,OK,2026-05-29,0.997,True
BNS,OK,2026-06-24,0.9975,True
BNS,OK,2026-06-19,0.875,True
BNS,OK,2026-06-18,0.8442,True
BNS,OK,2026-06-13,0.997,True
BNS,OK,2026-06-12,0.861,True
BNS,OK,2026-06-11,0.996,True
BNS,OK,2026-06-10,0.996,True
BNS,OK,2026-06-09,0.993,True
BNS,OK,2026-06-08,0.7677,True
BNS,OK,2026-06-05,0.9938,True
BNS,OK,2026-06-04,-0.064,True
BNS,OK,2026-06-03,0.999,True
BNS,OK,2026-06-02,0.99,True
BNS,OK,2026-06-01,0.2235,True
BNS,OK,2026-05-29,0.323,True
BNS,OK,2026-05-28,0.0,True
BNY,OK,2026-06-26,0.879,True
BNY,OK,2026-06-25,0.928,True
BNY,OK,2026-06-24,0.968,True
BNY,OK,2026-06-23,0.88,True
BNY,OK,2026-06-22,0.823,True
BNY,OK,2026-06-19,0.873,True
BNY,OK,2026-06-18,0.998,True
BNY,OK,2026-06-17,0.5157,True
BNY,OK,2026-06-16,0.88,True
BNY,OK,2026-06-15,0.935,True
BNY,OK,2026-06-12,0.9358,True
BNY,OK,2026-06-11,0.751,True
BNY,OK,2026-06-10,0.958,True
BNY,OK,2026-06-09,0.782,True
BNY,OK,2026-06-08,0.9065,True
BNY,OK,2026-06-05,0.875,True
BNY,OK,2026-06-04,0.823,True
BNY,OK,2026-06-03,0.8577,True
BNY,OK,2026-06-02,0.6065,True
BNY,OK,2026-06-01,0.874,True
BNY,OK,2026-05-29,0.91,True
BNY,OK,2026-05-28,0.6335,True
BP,DROPPED_FUTURE_DATE,2026-06-27,0.995,False
BP,OK,2026-06-26,0.994,True
BP,OK,2026-06-25,0.9863,True
BP,OK,2026-06-24,0.781,True
BP,OK,2026-06-23,0.4604,True
BP,OK,2026-06-22,0.6514,True
BP,OK,2026-06-18,0.5375,True
BP,OK,2026-06-17,0.961,True
BP,OK,2026-06-16,0.4285,True
BP,OK,2026-06-15,0.8297,True
BP,OK,2026-06-13,0.9925,True
BP,OK,2026-06-12,0.8967,True
BP,OK,2026-06-11,0.6348,True
BP,OK,2026-06-10,0.9795,True
BP,OK,2026-06-09,0.4793,True
BP,OK,2026-06-08,0.7759,True
BP,OK,2026-06-06,0.6525,True
BP,OK,2026-06-05,0.4178,True
BP,OK,2026-06-04,0.9925,True
BP,OK,2026-06-03,0.5423,True
BP,OK,2026-06-02,0.5535,True
BP,OK,2026-06-01,0.4633,True
BP,OK,2026-05-31,-0.22,True
BP,OK,2026-05-30,0.984,True
BP,OK,2026-05-29,0.173,True
BP,OK,2026-05-28,0.3911,True
BR,OK,2026-06-24,0.977,True
BR,OK,2026-06-23,0.999,True
BR,OK,2026-06-19,0.998,True
BR,OK,2026-06-18,0.9973,True
BR,OK,2026-06-17,0.9975,True
BR,OK,2026-06-16,0.9973,True
BR,OK,2026-06-15,0.992,True
BR,OK,2026-06-13,0.989,True
BR,OK,2026-06-11,0.994,True
BR,OK,2026-06-10,0.989,True
BR,OK,2026-06-09,0.9837,True
BR,OK,2026-06-05,0.995,True
BR,OK,2026-06-03,0.9507,True
BR,OK,2026-06-02,0.998,True
BR,OK,2026-06-01,0.994,True
BR,OK,2026-05-31,0.9967,True
BR,OK,2026-05-29,0.928,True
BR,OK,2026-05-28,0.9977,True
BRO,DROPPED_FUTURE_DATE,2026-06-27,-0.91,False
BRO,OK,2026-06-26,0.995,True
BRO,OK,2026-06-25,0.997,True
BRO,OK,2026-06-24,-0.536,True
BRO,OK,2026-06-22,0.991,True
BRO,OK,2026-06-19,0.999,True
BRO,OK,2026-06-18,0.961,True
BRO,OK,2026-06-15,0.001,True
BRO,OK,2026-06-13,0.992,True
BRO,OK,2026-06-12,0.986,True
BRO,OK,2026-06-11,0.997,True
BRO,OK,2026-06-10,0.997,True
BRO,OK,2026-06-09,0.9985,True
BRO,OK,2026-06-08,0.999,True
BRO,OK,2026-06-05,0.9913,True
BRO,OK,2026-06-04,0.961,True
BRO,OK,2026-06-03,0.999,True
BRO,OK,2026-06-02,1.0,True
BRO,OK,2026-06-01,0.991,True
BRO,OK,2026-05-28,0.999,True
BSX,OK,2026-06-26,0.999,True
BSX,OK,2026-06-25,0.97,True
BSX,OK,2026-06-24,0.9903,True
BSX,OK,2026-06-23,0.98,True
BSX,OK,2026-06-22,0.987,True
BSX,OK,2026-06-21,0.996,True
BSX,OK,2026-06-18,0.778,True
BSX,OK,2026-06-17,0.995,True
BSX,OK,2026-06-15,0.995,True
BSX,OK,2026-06-14,0.995,True
BSX,OK,2026-06-13,0.8825,True
BSX,OK,2026-06-11,0.9473,True
BSX,OK,2026-06-10,0.994,True
BSX,OK,2026-06-09,0.967,True
BSX,OK,2026-06-08,0.9935,True
BSX,OK,2026-06-07,0.991,True
BSX,OK,2026-06-05,0.9815,True
BSX,OK,2026-06-04,0.994,True
BSX,OK,2026-06-03,0.99,True
BSX,OK,2026-06-02,0.9954,True
BSX,OK,2026-06-01,0.9524,True
BSX,OK,2026-05-31,0.996,True
BSX,OK,2026-05-30,0.984,True
BSX,OK,2026-05-29,0.9176,True
BSX,OK,2026-05-28,0.7126,True
BTI,OK,2026-06-26,0.616,True
BTI,OK,2026-06-24,0.994,True
BTI,OK,2026-06-23,-0.6215,True
BTI,OK,2026-06-22,1.0,True
BTI,OK,2026-06-18,0.999,True
BTI,OK,2026-06-14,0.984,True
BTI,OK,2026-06-11,0.996,True
BTI,OK,2026-06-10,0.998,True
BTI,OK,2026-06-08,0.991,True
BTI,OK,2026-06-07,0.993,True
BTI,OK,2026-06-05,0.351,True
BTI,OK,2026-06-02,0.348,True
BTI,OK,2026-06-01,0.997,True
BTI,OK,2026-05-31,0.89,True
BTI,OK,2026-05-30,0.989,True
BTI,OK,2026-05-29,0.4373,True
BTI,OK,2026-05-28,0.984,True
BUD,OK,2026-06-25,0.999,True
BUD,OK,2026-06-24,0.989,True
BUD,OK,2026-06-23,0.999,True
BUD,OK,2026-06-18,0.998,True
BUD,OK,2026-06-17,0.953,True
BUD,OK,2026-06-16,0.859,True
BUD,OK,2026-06-15,0.3327,True
BUD,OK,2026-06-11,0.999,True
BUD,OK,2026-06-08,0.9923,True
BUD,OK,2026-06-07,0.998,True
BUD,OK,2026-06-05,0.202,True
BUD,OK,2026-06-04,0.99,True
BUD,OK,2026-06-03,0.993,True
BUD,OK,2026-06-02,0.4235,True
BUD,OK,2026-05-28,0.583,True
BX,OK,2026-06-25,0.9735,True
BX,OK,2026-06-24,0.9955,True
BX,OK,2026-06-23,0.34,True
BX,OK,2026-06-22,0.8947,True
BX,OK,2026-06-19,0.522,True
BX,OK,2026-06-18,-0.1982,True
BX,OK,2026-06-17,0.9743,True
BX,OK,2026-06-16,0.7703,True
BX,OK,2026-06-15,0.994,True
BX,OK,2026-06-13,0.9975,True
BX,OK,2026-06-12,0.6028,True
BX,OK,2026-06-11,0.9033,True
BX,OK,2026-06-10,0.7057,True
BX,OK,2026-06-09,0.532,True
BX,OK,2026-06-08,0.6791,True
BX,OK,2026-06-07,0.995,True
BX,OK,2026-06-06,0.9923,True
BX,OK,2026-06-05,0.9735,True
BX,OK,2026-06-04,0.6737,True
BX,OK,2026-06-03,0.5097,True
BX,OK,2026-06-02,0.9527,True
BX,OK,2026-06-01,0.9865,True
BX,OK,2026-05-29,0.8092,True
BX,OK,2026-05-28,0.563,True
BXP,OK,2026-06-25,0.998,True
BXP,OK,2026-06-24,0.999,True
BXP,OK,2026-06-23,0.991,True
BXP,OK,2026-06-18,0.706,True
BXP,OK,2026-06-17,0.974,True
BXP,OK,2026-06-16,0.995,True
BXP,OK,2026-06-13,0.986,True
BXP,OK,2026-06-09,0.995,True
C,DROPPED_FUTURE_DATE,2026-06-27,0.9675,False
C,OK,2026-06-26,0.704,True
C,OK,2026-06-25,0.8539,True
C,OK,2026-06-24,0.6105,True
C,OK,2026-06-23,0.999,True
C,OK,2026-06-22,0.5696,True
C,OK,2026-06-21,0.966,True
C,OK,2026-06-20,0.9823,True
C,OK,2026-06-19,0.8397,True
C,OK,2026-06-18,0.8379,True
C,OK,2026-06-17,0.8773,True
C,OK,2026-06-16,0.4195,True
C,OK,2026-06-15,0.8118,True
C,OK,2026-06-13,0.965,True
C,OK,2026-06-12,0.8953,True
C,OK,2026-06-11,0.7128,True
C,OK,2026-06-10,0.6612,True
C,OK,2026-06-09,0.5593,True
C,OK,2026-06-08,0.7604,True
C,OK,2026-06-07,0.9806,True
C,OK,2026-06-06,0.9045,True
C,OK,2026-06-05,0.1929,True
C,OK,2026-06-04,0.8198,True
C,OK,2026-06-03,0.5575,True
C,OK,2026-06-02,0.085,True
C,OK,2026-06-01,0.9547,True
C,OK,2026-05-31,0.3327,True
C,OK,2026-05-30,0.9094,True
C,OK,2026-05-29,0.5324,True
C,OK,2026-05-28,0.9953,True
CAG,DROPPED_FUTURE_DATE,2026-06-27,-0.911,False
CAG,OK,2026-06-25,0.8336,True
CAG,OK,2026-06-24,0.7705,True
CAG,OK,2026-06-23,0.988,True
CAG,OK,2026-06-22,0.873,True
CAG,OK,2026-06-20,0.925,True
CAG,OK,2026-06-17,0.94,True
CAG,OK,2026-06-09,0.948,True
CAG,OK,2026-06-06,0.991,True
CAG,OK,2026-06-05,0.5386,True
CAG,OK,2026-06-03,0.279,True
CAG,OK,2026-06-02,0.667,True
CAG,OK,2026-06-01,0.985,True
CAG,OK,2026-05-31,-0.9655,True
CAG,OK,2026-05-29,0.998,True
CAH,OK,2026-06-26,0.9935,True
CAH,OK,2026-06-25,0.9953,True
CAH,OK,2026-06-24,0.995,True
CAH,OK,2026-06-23,0.21,True
CAH,OK,2026-06-20,0.998,True
CAH,OK,2026-06-19,0.994,True
CAH,OK,2026-06-18,0.9972,True
CAH,OK,2026-06-16,0.999,True
CAH,OK,2026-06-15,0.995,True
CAH,OK,2026-06-14,0.995,True
CAH,OK,2026-06-12,0.993,True
CAH,OK,2026-06-09,0.995,True
CAH,OK,2026-06-08,-0.999,True
CAH,OK,2026-06-06,0.996,True
CAH,OK,2026-06-05,0.981,True
CAH,OK,2026-06-04,0.4195,True
CAH,OK,2026-06-02,0.9985,True
CAH,OK,2026-06-01,0.9965,True
CARR,OK,2026-06-25,0.5,True
CARR,OK,2026-06-19,0.998,True
CARR,OK,2026-06-17,0.925,True
CARR,OK,2026-06-16,0.999,True
CARR,OK,2026-06-15,0.995,True
CARR,OK,2026-06-14,0.805,True
CARR,OK,2026-06-13,1.0,True
CARR,OK,2026-06-12,0.992,True
CARR,OK,2026-06-10,0.9515,True
CARR,OK,2026-06-09,0.962,True
CARR,OK,2026-06-08,0.996,True
CARR,OK,2026-06-05,0.9975,True
CARR,OK,2026-06-04,0.989,True
CARR,OK,2026-06-03,0.958,True
CARR,OK,2026-06-02,0.955,True
CARR,OK,2026-06-01,0.997,True
CARR,OK,2026-05-29,0.983,True
CASY,OK,2026-06-26,0.9995,True
CASY,OK,2026-06-25,0.5996,True
CASY,OK,2026-06-24,0.9986,True
CASY,OK,2026-06-23,0.9423,True
CASY,OK,2026-06-22,0.988,True
CASY,OK,2026-06-21,0.999,True
CASY,OK,2026-06-19,0.9818,True
CASY,OK,2026-06-18,0.999,True
CASY,OK,2026-06-17,0.9983,True
CASY,OK,2026-06-15,0.9833,True
CASY,OK,2026-06-13,0.9975,True
CASY,OK,2026-06-12,0.771,True
CASY,OK,2026-06-11,0.9917,True
CASY,OK,2026-06-10,0.2662,True
CASY,OK,2026-06-09,0.764,True
CASY,OK,2026-06-08,0.9547,True
CASY,OK,2026-06-07,0.955,True
CASY,OK,2026-06-05,0.996,True
CASY,OK,2026-06-04,0.992,True
CASY,OK,2026-06-03,0.995,True
CASY,OK,2026-06-02,0.947,True
CASY,OK,2026-06-01,1.0,True
CASY,OK,2026-05-29,0.958,True
CASY,OK,2026-05-28,0.994,True
CAT,DROPPED_FUTURE_DATE,2026-06-27,0.999,False
CAT,OK,2026-06-26,0.5772,True
CAT,OK,2026-06-25,0.9109,True
CAT,OK,2026-06-24,0.5889,True
CAT,OK,2026-06-23,0.7942,True
CAT,OK,2026-06-22,0.6354,True
CAT,OK,2026-06-21,0.988,True
CAT,OK,2026-06-20,0.9975,True
CAT,OK,2026-06-19,0.9962,True
CAT,OK,2026-06-18,0.4074,True
CAT,OK,2026-06-17,0.9668,True
CAT,OK,2026-06-16,0.6489,True
CAT,OK,2026-06-15,0.995,True
CAT,OK,2026-06-12,0.9965,True
CAT,OK,2026-06-11,0.8769,True
CAT,OK,2026-06-10,0.7617,True
CAT,OK,2026-06-09,0.8923,True
CAT,OK,2026-06-08,0.9952,True
CAT,OK,2026-06-07,0.9966,True
CAT,OK,2026-06-06,0.9953,True
CAT,OK,2026-06-05,0.697,True
CAT,OK,2026-06-04,0.9913,True
CAT,OK,2026-06-03,0.3407,True
CAT,OK,2026-06-02,0.456,True
CAT,OK,2026-06-01,0.8643,True
CAT,OK,2026-05-31,0.9895,True
CAT,OK,2026-05-30,0.582,True
CAT,OK,2026-05-29,0.997,True
CAT,OK,2026-05-28,0.3791,True
CB,OK,2026-06-26,0.9985,True
CB,OK,2026-06-25,-0.0075,True
CB,OK,2026-06-24,0.998,True
CB,OK,2026-06-23,0.998,True
CB,OK,2026-06-22,0.332,True
CB,OK,2026-06-21,0.6862,True
CB,OK,2026-06-19,-0.542,True
CB,OK,2026-06-18,0.979,True
CB,OK,2026-06-15,0.995,True
CB,OK,2026-06-14,0.975,True
CB,OK,2026-06-12,0.989,True
CB,OK,2026-06-11,0.992,True
CB,OK,2026-06-10,0.998,True
CB,OK,2026-06-08,0.985,True
CB,OK,2026-06-07,0.9903,True
CB,OK,2026-06-05,0.995,True
CB,OK,2026-06-04,0.994,True
CB,OK,2026-06-03,0.9975,True
CB,OK,2026-06-01,0.9905,True
CB,OK,2026-05-31,0.984,True
CB,OK,2026-05-29,0.999,True
CBOE,DROPPED_FUTURE_DATE,2026-06-27,0.998,False
CBOE,OK,2026-06-26,0.976,True
CBOE,OK,2026-06-25,0.9783,True
CBOE,OK,2026-06-24,0.7367,True
CBOE,OK,2026-06-23,0.818,True
CBOE,OK,2026-06-22,0.971,True
CBOE,OK,2026-06-21,0.988,True
CBOE,OK,2026-06-20,0.922,True
CBOE,OK,2026-06-19,0.989,True
CBOE,OK,2026-06-18,0.3574,True
CBOE,OK,2026-06-17,0.7544,True
CBOE,OK,2026-06-16,0.9166,True
CBOE,OK,2026-06-15,0.9796,True
CBOE,OK,2026-06-12,0.8343,True
CBOE,OK,2026-06-11,0.9905,True
CBOE,OK,2026-06-10,0.9385,True
CBOE,OK,2026-06-09,-0.524,True
CBOE,OK,2026-06-08,0.7668,True
CBOE,OK,2026-06-05,0.9724,True
CBOE,OK,2026-06-04,0.998,True
CBOE,OK,2026-06-03,0.9945,True
CBOE,OK,2026-06-02,0.7683,True
CBOE,OK,2026-06-01,0.9683,True
CBOE,OK,2026-05-31,0.984,True
CBOE,OK,2026-05-29,0.961,True
CBOE,OK,2026-05-28,0.9952,True
CBRE,DROPPED_FUTURE_DATE,2026-06-27,0.997,False
CBRE,OK,2026-06-25,0.4955,True
CBRE,OK,2026-06-24,0.991,True
CBRE,OK,2026-06-23,0.7535,True
CBRE,OK,2026-06-19,0.995,True
CBRE,OK,2026-06-16,0.8045,True
CBRE,OK,2026-06-15,0.991,True
CBRE,OK,2026-06-12,0.998,True
CBRE,OK,2026-06-11,0.999,True
CBRE,OK,2026-06-10,0.988,True
CBRE,OK,2026-06-09,0.999,True
CBRE,OK,2026-06-07,0.983,True
CBRE,OK,2026-06-05,0.986,True
CBRE,OK,2026-06-04,0.997,True
CBRE,OK,2026-06-03,0.8783,True
CBRE,OK,2026-05-30,0.969,True
CBRE,OK,2026-05-28,0.993,True
CCI,OK,2026-06-26,0.987,True
CCI,OK,2026-06-15,0.98,True
CCI,OK,2026-06-13,0.997,True
CCI,OK,2026-06-12,0.992,True
CCI,OK,2026-06-10,0.996,True
CCI,OK,2026-06-08,0.983,True
CCI,OK,2026-06-05,0.9955,True
CCI,OK,2026-06-04,0.983,True
CCI,OK,2026-06-03,0.998,True
CCI,OK,2026-05-28,0.999,True
CCL,OK,2026-06-26,0.987,True
CCL,OK,2026-06-25,0.9842,True
CCL,OK,2026-06-24,0.3283,True
CCL,OK,2026-06-23,0.6904,True
CCL,OK,2026-06-22,0.6432,True
CCL,OK,2026-06-21,0.9625,True
CCL,OK,2026-06-19,0.996,True
CCL,OK,2026-06-18,0.049,True
CCL,OK,2026-06-17,0.9593,True
CCL,OK,2026-06-16,0.6877,True
CCL,OK,2026-06-15,0.9271,True
CCL,OK,2026-06-14,0.998,True
CCL,OK,2026-06-12,0.9474,True
CCL,OK,2026-06-11,-0.2768,True
CCL,OK,2026-06-10,0.3587,True
CCL,OK,2026-06-09,0.8121,True
CCL,OK,2026-06-08,0.9936,True
CCL,OK,2026-06-07,0.9923,True
CCL,OK,2026-06-06,0.995,True
CCL,OK,2026-06-05,0.982,True
CCL,OK,2026-06-04,0.9975,True
CCL,OK,2026-06-02,0.994,True
CCL,OK,2026-06-01,0.8142,True
CCL,OK,2026-05-31,0.983,True
CCL,OK,2026-05-29,0.8888,True
CCL,OK,2026-05-28,0.9788,True
CDNS,OK,2026-06-25,0.986,True
CDNS,OK,2026-06-24,0.998,True
CDNS,OK,2026-06-23,0.994,True
CDNS,OK,2026-06-22,0.999,True
CDNS,OK,2026-06-17,0.9827,True
CDNS,OK,2026-06-15,0.9865,True
CDNS,OK,2026-06-14,1.0,True
CDNS,OK,2026-06-13,0.9925,True
CDNS,OK,2026-06-12,0.995,True
CDNS,OK,2026-06-11,0.9953,True
CDNS,OK,2026-06-10,0.9925,True
CDNS,OK,2026-06-09,0.7743,True
CDNS,OK,2026-06-08,0.991,True
CDNS,OK,2026-06-05,0.9978,True
CDNS,OK,2026-06-03,0.9956,True
CDNS,OK,2026-06-02,0.9864,True
CDNS,OK,2026-06-01,0.8014,True
CDNS,OK,2026-05-31,0.989,True
CDNS,OK,2026-05-29,0.9278,True
CDNS,OK,2026-05-28,0.4967,True
CDW,OK,2026-06-23,0.6063,True
CDW,OK,2026-06-16,0.981,True
CDW,OK,2026-06-15,0.994,True
CDW,OK,2026-06-14,0.999,True
CDW,OK,2026-06-12,0.984,True
CDW,OK,2026-06-11,0.979,True
CDW,OK,2026-06-08,0.996,True
CDW,OK,2026-06-05,0.998,True
CDW,OK,2026-06-02,0.99,True
CDW,OK,2026-06-01,0.997,True
CDW,OK,2026-05-31,0.982,True
CDW,OK,2026-05-29,0.998,True
CEG,OK,2026-06-26,0.6816,True
CEG,OK,2026-06-25,0.9124,True
CEG,OK,2026-06-24,0.8929,True
CEG,OK,2026-06-23,0.7603,True
CEG,OK,2026-06-22,0.997,True
CEG,OK,2026-06-21,0.9975,True
CEG,OK,2026-06-20,0.997,True
CEG,OK,2026-06-19,0.993,True
CEG,OK,2026-06-18,0.9866,True
CEG,OK,2026-06-17,0.992,True
CEG,OK,2026-06-16,1.0,True
CEG,OK,2026-06-15,0.9985,True
CEG,OK,2026-06-14,0.999,True
CEG,OK,2026-06-13,0.9957,True
CEG,OK,2026-06-12,0.9913,True
CEG,OK,2026-06-11,0.9118,True
CEG,OK,2026-06-10,0.9927,True
CEG,OK,2026-06-09,0.9983,True
CEG,OK,2026-06-08,0.996,True
CEG,OK,2026-06-06,0.9988,True
CEG,OK,2026-06-05,0.9818,True
CEG,OK,2026-06-04,0.9707,True
CEG,OK,2026-06-03,0.9974,True
CEG,OK,2026-06-02,0.998,True
CEG,OK,2026-06-01,0.5648,True
CEG,OK,2026-05-31,0.997,True
CEG,OK,2026-05-30,0.9975,True
CEG,OK,2026-05-29,0.9973,True
CEG,OK,2026-05-28,1.0,True
CF,OK,2026-06-24,0.989,True
CF,OK,2026-06-22,0.99,True
CF,OK,2026-06-21,0.995,True
CF,OK,2026-06-20,0.994,True
CF,OK,2026-06-19,0.9975,True
CF,OK,2026-06-18,0.542,True
CF,OK,2026-06-16,0.99,True
CF,OK,2026-06-15,0.2695,True
CF,OK,2026-06-12,0.996,True
CF,OK,2026-06-11,0.9888,True
CF,OK,2026-06-10,0.997,True
CF,OK,2026-06-09,0.9917,True
CF,OK,2026-06-05,0.9533,True
CF,OK,2026-06-04,0.9958,True
CF,OK,2026-06-03,0.996,True
CF,OK,2026-06-02,0.9975,True
CF,OK,2026-06-01,0.994,True
CF,OK,2026-05-29,0.995,True
CF,OK,2026-05-28,0.988,True
CFG,OK,2026-06-26,0.988,True
CFG,OK,2026-06-25,0.6063,True
CFG,OK,2026-06-24,-0.1265,True
CFG,OK,2026-06-23,0.817,True
CFG,OK,2026-06-19,0.9985,True
CFG,OK,2026-06-18,0.996,True
CFG,OK,2026-06-15,0.991,True
CFG,OK,2026-06-12,-0.361,True
CFG,OK,2026-06-07,0.998,True
CFG,OK,2026-06-05,0.971,True
CFG,OK,2026-06-04,0.964,True
CFG,OK,2026-06-02,0.998,True
CFG,OK,2026-05-31,0.994,True
CFG,OK,2026-05-29,0.9155,True
CHD,OK,2026-06-24,0.9975,True
CHD,OK,2026-06-23,0.996,True
CHD,OK,2026-06-22,0.998,True
CHD,OK,2026-06-20,0.9595,True
CHD,OK,2026-06-19,0.998,True
CHD,OK,2026-06-15,0.98,True
CHD,OK,2026-06-14,0.994,True
CHD,OK,2026-06-12,0.998,True
CHD,OK,2026-06-11,0.998,True
CHD,OK,2026-06-09,0.999,True
CHD,OK,2026-06-08,0.992,True
CHD,OK,2026-06-05,0.999,True
CHD,OK,2026-06-04,0.999,True
CHD,OK,2026-06-02,0.9185,True
CHD,OK,2026-06-01,0.7855,True
CHD,OK,2026-05-29,0.99,True
CHRW,OK,2026-06-25,0.999,True
CHRW,OK,2026-06-24,0.998,True
CHRW,OK,2026-06-23,0.997,True
CHRW,OK,2026-06-22,0.9898,True
CHRW,OK,2026-06-20,0.999,True
CHRW,OK,2026-06-19,0.998,True
CHRW,OK,2026-06-18,0.9825,True
CHRW,OK,2026-06-17,0.986,True
CHRW,OK,2026-06-15,0.99,True
CHRW,OK,2026-06-12,0.9905,True
CHRW,OK,2026-06-10,0.0414,True
CHRW,OK,2026-06-09,0.9983,True
CHRW,OK,2026-06-08,0.9963,True
CHRW,OK,2026-06-04,0.281,True
CHRW,OK,2026-06-03,0.98,True
CHRW,OK,2026-06-01,0.998,True
CHRW,OK,2026-05-31,0.999,True
CHRW,OK,2026-05-29,0.998,True
CHRW,OK,2026-05-28,0.986,True
CHTR,DROPPED_FUTURE_DATE,2026-06-27,0.904,False
CHTR,OK,2026-06-26,0.998,True
CHTR,OK,2026-06-25,0.99,True
CHTR,OK,2026-06-23,0.976,True
CHTR,OK,2026-06-22,0.962,True
CHTR,OK,2026-06-19,0.995,True
CHTR,OK,2026-06-18,0.9913,True
CHTR,OK,2026-06-17,0.9706,True
CHTR,OK,2026-06-16,0.997,True
CHTR,OK,2026-06-15,0.9965,True
CHTR,OK,2026-06-14,0.989,True
CHTR,OK,2026-06-13,0.9945,True
CHTR,OK,2026-06-12,0.8528,True
CHTR,OK,2026-06-11,0.983,True
CHTR,OK,2026-06-10,0.992,True
CHTR,OK,2026-06-09,-0.2,True
CHTR,OK,2026-06-08,0.992,True
CHTR,OK,2026-06-07,0.995,True
CHTR,OK,2026-06-05,0.498,True
CHTR,OK,2026-06-04,0.9873,True
CHTR,OK,2026-06-03,0.998,True
CHTR,OK,2026-06-02,0.998,True
CHTR,OK,2026-06-01,0.99,True
CHTR,OK,2026-05-30,0.971,True
CHTR,OK,2026-05-29,0.997,True
CI,OK,2026-06-25,0.999,True
CI,OK,2026-06-24,0.998,True
CI,OK,2026-06-23,0.999,True
CI,OK,2026-06-22,0.967,True
CI,OK,2026-06-21,1.0,True
CI,OK,2026-06-16,0.437,True
CI,OK,2026-06-15,0.999,True
CI,OK,2026-06-10,0.995,True
CI,OK,2026-06-08,0.956,True
CI,OK,2026-06-07,0.98,True
CI,OK,2026-06-06,0.9875,True
CI,OK,2026-06-05,0.993,True
CI,OK,2026-06-04,0.4662,True
CI,OK,2026-06-03,1.0,True
CI,OK,2026-06-02,0.9967,True
CI,OK,2026-05-31,0.985,True
CI,OK,2026-05-29,0.9905,True
CI,OK,2026-05-28,0.999,True
CIEN,DROPPED_FUTURE_DATE,2026-06-27,0.9945,False
CIEN,OK,2026-06-26,0.5508,True
CIEN,OK,2026-06-25,0.981,True
CIEN,OK,2026-06-24,0.978,True
CIEN,OK,2026-06-23,0.8767,True
CIEN,OK,2026-06-22,0.997,True
CIEN,OK,2026-06-20,0.995,True
CIEN,OK,2026-06-19,0.9727,True
CIEN,OK,2026-06-17,0.9923,True
CIEN,OK,2026-06-16,0.9386,True
CIEN,OK,2026-06-15,0.996,True
CIEN,OK,2026-06-14,0.983,True
CIEN,OK,2026-06-13,0.992,True
CIEN,OK,2026-06-12,0.9987,True
CIEN,OK,2026-06-11,0.9883,True
CIEN,OK,2026-06-10,0.7558,True
CIEN,OK,2026-06-09,0.9608,True
CIEN,OK,2026-06-08,0.1537,True
CIEN,OK,2026-06-07,0.7336,True
CIEN,OK,2026-06-06,0.929,True
CIEN,OK,2026-06-05,0.8034,True
CIEN,OK,2026-06-04,0.3611,True
CIEN,OK,2026-06-03,0.4182,True
CIEN,OK,2026-06-02,0.7946,True
CIEN,OK,2026-06-01,0.9875,True
CIEN,OK,2026-05-31,0.9208,True
CIEN,OK,2026-05-30,0.498,True
CIEN,OK,2026-05-29,0.9061,True
CIEN,OK,2026-05-28,0.9963,True
CINF,OK,2026-06-25,0.999,True
CINF,OK,2026-06-23,0.998,True
CINF,OK,2026-06-19,0.0075,True
CINF,OK,2026-06-17,0.998,True
CINF,OK,2026-06-16,-0.1095,True
CINF,OK,2026-06-15,0.992,True
CINF,OK,2026-06-11,0.9835,True
CINF,OK,2026-06-08,0.99,True
CINF,OK,2026-06-05,0.999,True
CINF,OK,2026-06-02,0.991,True
CINF,OK,2026-05-29,0.9985,True
CINF,OK,2026-05-28,0.9913,True
CL,OK,2026-06-26,0.953,True
CL,OK,2026-06-25,0.9003,True
CL,OK,2026-06-24,0.998,True
CL,OK,2026-06-23,0.919,True
CL,OK,2026-06-22,0.0865,True
CL,OK,2026-06-20,0.995,True
CL,OK,2026-06-19,0.9868,True
CL,OK,2026-06-18,0.662,True
CL,OK,2026-06-17,0.9965,True
CL,OK,2026-06-16,0.8227,True
CL,OK,2026-06-14,0.993,True
CL,OK,2026-06-13,-0.7535,True
CL,OK,2026-06-12,0.997,True
CL,OK,2026-06-11,0.996,True
CL,OK,2026-06-09,0.999,True
CL,OK,2026-06-08,0.981,True
CL,OK,2026-06-05,0.0105,True
CL,OK,2026-06-04,0.975,True
CL,OK,2026-06-03,0.9875,True
CL,OK,2026-06-02,0.847,True
CL,OK,2026-05-31,-0.318,True
CL,OK,2026-05-29,0.9995,True
CLX,OK,2026-06-24,1.0,True
CLX,OK,2026-06-23,0.996,True
CLX,OK,2026-06-22,0.998,True
CLX,OK,2026-06-18,0.986,True
CLX,OK,2026-06-17,0.998,True
CLX,OK,2026-06-16,0.9975,True
CLX,OK,2026-06-15,0.997,True
CLX,OK,2026-06-14,0.9972,True
CLX,OK,2026-06-12,0.997,True
CLX,OK,2026-06-10,0.9987,True
CLX,OK,2026-06-08,0.999,True
CLX,OK,2026-06-07,0.997,True
CLX,OK,2026-06-06,0.992,True
CLX,OK,2026-06-05,0.987,True
CLX,OK,2026-06-04,0.994,True
CLX,OK,2026-06-02,0.9945,True
CLX,OK,2026-06-01,0.9985,True
CLX,OK,2026-05-31,0.9905,True
CLX,OK,2026-05-29,0.7984,True
CLX,OK,2026-05-28,0.995,True
CM,OK,2026-06-26,0.99,True
CM,OK,2026-06-24,0.994,True
CM,OK,2026-06-23,0.9355,True
CM,OK,2026-06-19,0.9345,True
CM,OK,2026-06-18,0.98,True
CM,OK,2026-06-17,0.998,True
CM,OK,2026-06-10,0.949,True
CM,OK,2026-06-09,0.0,True
CM,OK,2026-06-08,0.994,True
CM,OK,2026-06-05,0.831,True
CM,OK,2026-06-04,0.6295,True
CM,OK,2026-06-03,0.9975,True
CM,OK,2026-06-02,0.7083,True
CM,OK,2026-06-01,0.089,True
CM,OK,2026-05-29,-0.037,True
CM,OK,2026-05-28,0.6985,True
CMCSA,OK,2026-06-26,0.9687,True
CMCSA,OK,2026-06-25,0.6315,True
CMCSA,OK,2026-06-23,0.9935,True
CMCSA,OK,2026-06-22,0.3113,True
CMCSA,OK,2026-06-21,0.3477,True
CMCSA,OK,2026-06-19,0.9935,True
CMCSA,OK,2026-06-18,0.9889,True
CMCSA,OK,2026-06-17,0.8414,True
CMCSA,OK,2026-06-16,0.9564,True
CMCSA,OK,2026-06-15,0.9477,True
CMCSA,OK,2026-06-14,0.2618,True
CMCSA,OK,2026-06-13,0.997,True
CMCSA,OK,2026-06-12,0.9647,True
CMCSA,OK,2026-06-11,0.9545,True
CMCSA,OK,2026-06-10,0.9937,True
CMCSA,OK,2026-06-09,0.56,True
CMCSA,OK,2026-06-08,0.999,True
CMCSA,OK,2026-06-07,0.9354,True
CMCSA,OK,2026-06-06,1.0,True
CMCSA,OK,2026-06-05,0.6953,True
CMCSA,OK,2026-06-04,0.9827,True
CMCSA,OK,2026-06-03,0.9985,True
CMCSA,OK,2026-06-02,0.999,True
CMCSA,OK,2026-06-01,0.998,True
CMCSA,OK,2026-05-31,0.996,True
CMCSA,OK,2026-05-30,0.99,True
CMCSA,OK,2026-05-29,0.974,True
CMCSA,OK,2026-05-28,0.998,True
CME,DROPPED_FUTURE_DATE,2026-06-27,0.995,False
CME,OK,2026-06-26,0.994,True
CME,OK,2026-06-25,0.5486,True
CME,OK,2026-06-24,0.498,True
CME,OK,2026-06-23,0.9405,True
CME,OK,2026-06-22,0.9935,True
CME,OK,2026-06-20,0.9987,True
CME,OK,2026-06-19,0.717,True
CME,OK,2026-06-18,0.5048,True
CME,OK,2026-06-17,0.7698,True
CME,OK,2026-06-16,0.3148,True
CME,OK,2026-06-15,0.7703,True
CME,OK,2026-06-14,0.9873,True
CME,OK,2026-06-13,0.7103,True
CME,OK,2026-06-12,0.995,True
CME,OK,2026-06-11,0.4056,True
CME,OK,2026-06-10,0.511,True
CME,OK,2026-06-09,0.6267,True
CME,OK,2026-06-08,-0.083,True
CME,OK,2026-06-07,0.999,True
CME,OK,2026-06-06,0.997,True
CME,OK,2026-06-05,0.9972,True
CME,OK,2026-06-03,0.567,True
CME,OK,2026-06-02,0.636,True
CME,OK,2026-06-01,1.0,True
CME,OK,2026-05-31,0.987,True
CME,OK,2026-05-30,0.983,True
CME,OK,2026-05-29,-0.097,True
CME,OK,2026-05-28,0.51,True
CMG,OK,2026-06-26,0.961,True
CMG,OK,2026-06-25,1.0,True
CMG,OK,2026-06-24,0.848,True
CMG,OK,2026-06-23,0.981,True
CMG,OK,2026-06-22,0.999,True
CMG,OK,2026-06-20,0.992,True
CMG,OK,2026-06-19,0.9853,True
CMG,OK,2026-06-17,0.9363,True
CMG,OK,2026-06-12,0.9995,True
CMG,OK,2026-06-11,0.994,True
CMG,OK,2026-06-10,0.619,True
CMG,OK,2026-06-09,0.9964,True
CMG,OK,2026-06-08,0.868,True
CMG,OK,2026-06-06,0.991,True
CMG,OK,2026-06-05,0.9315,True
CMG,OK,2026-06-04,0.9958,True
CMG,OK,2026-06-03,0.6183,True
CMG,OK,2026-06-02,0.9898,True
CMG,OK,2026-06-01,0.8673,True
CMG,OK,2026-05-30,0.974,True
CMG,OK,2026-05-29,0.9923,True
CMG,OK,2026-05-28,0.999,True
CMI,OK,2026-06-25,0.6762,True
CMI,OK,2026-06-23,0.7453,True
CMI,OK,2026-06-19,1.0,True
CMI,OK,2026-06-18,0.6993,True
CMI,OK,2026-06-17,0.6748,True
CMI,OK,2026-06-16,0.999,True
CMI,OK,2026-06-15,0.996,True
CMI,OK,2026-06-13,0.993,True
CMI,OK,2026-06-12,0.988,True
CMI,OK,2026-06-11,0.961,True
CMI,OK,2026-06-10,0.9141,True
CMI,OK,2026-06-09,0.988,True
CMI,OK,2026-06-08,0.1971,True
CMI,OK,2026-06-06,0.9935,True
CMI,OK,2026-06-04,0.971,True
CMI,OK,2026-06-03,-0.836,True
CMI,OK,2026-06-02,1.0,True
CMI,OK,2026-06-01,0.9765,True
CMI,OK,2026-05-31,0.993,True
CMI,OK,2026-05-28,0.7906,True
CMS,OK,2026-06-26,0.999,True
CMS,OK,2026-06-25,0.997,True
CMS,OK,2026-06-24,0.985,True
CMS,OK,2026-06-18,1.0,True
CMS,OK,2026-06-16,0.985,True
CMS,OK,2026-06-09,0.998,True
CMS,OK,2026-06-08,0.9943,True
CMS,OK,2026-06-07,0.983,True
CMS,OK,2026-06-04,0.1005,True
CMS,OK,2026-06-03,0.817,True
CMS,OK,2026-06-01,0.999,True
CMS,OK,2026-05-28,0.991,True
CNC,OK,2026-06-25,0.988,True
CNC,OK,2026-06-24,0.998,True
CNC,OK,2026-06-23,0.803,True
CNC,OK,2026-06-22,0.9964,True
CNC,OK,2026-06-21,1.0,True
CNC,OK,2026-06-20,0.993,True
CNC,OK,2026-06-19,0.996,True
CNC,OK,2026-06-18,0.999,True
CNC,OK,2026-06-17,0.996,True
CNC,OK,2026-06-16,0.8716,True
CNC,OK,2026-06-15,0.7894,True
CNC,OK,2026-06-12,0.998,True
CNC,OK,2026-06-11,0.998,True
CNC,OK,2026-06-10,0.7677,True
CNC,OK,2026-06-08,0.993,True
CNC,OK,2026-06-07,0.994,True
CNC,OK,2026-06-05,0.739,True
CNC,OK,2026-06-04,0.4345,True
CNC,OK,2026-06-03,0.995,True
CNC,OK,2026-06-02,0.8293,True
CNC,OK,2026-06-01,0.994,True
CNC,OK,2026-05-28,0.942,True
CNI,DROPPED_FUTURE_DATE,2026-06-27,0.998,False
CNI,OK,2026-06-26,0.9935,True
CNI,OK,2026-06-25,0.981,True
CNI,OK,2026-06-24,0.0,True
CNI,OK,2026-06-19,0.987,True
CNI,OK,2026-06-15,0.99,True
CNI,OK,2026-06-13,0.9985,True
CNI,OK,2026-06-12,0.9965,True
CNI,OK,2026-06-11,0.9957,True
CNI,OK,2026-06-10,0.9955,True
CNI,OK,2026-06-09,0.991,True
CNI,OK,2026-06-08,0.967,True
CNI,OK,2026-06-06,0.994,True
CNI,OK,2026-06-05,0.9228,True
CNI,OK,2026-06-04,0.8108,True
CNI,OK,2026-06-03,0.9265,True
CNI,OK,2026-06-02,0.997,True
CNI,OK,2026-06-01,0.659,True
CNI,OK,2026-05-29,0.996,True
CNI,OK,2026-05-28,0.8543,True
CNP,OK,2026-06-24,0.986,True
CNP,OK,2026-06-23,1.0,True
CNP,OK,2026-06-16,0.9965,True
CNP,OK,2026-06-13,0.994,True
CNP,OK,2026-06-12,0.984,True
CNP,OK,2026-06-07,0.997,True
CNP,OK,2026-06-01,0.9973,True
CNP,OK,2026-05-28,0.998,True
CNQ,OK,2026-06-25,0.989,True
CNQ,OK,2026-06-22,0.999,True
CNQ,OK,2026-06-18,0.8295,True
CNQ,OK,2026-06-17,0.999,True
CNQ,OK,2026-06-12,0.998,True
CNQ,OK,2026-06-11,0.953,True
CNQ,OK,2026-06-09,0.999,True
CNQ,OK,2026-06-08,0.998,True
CNQ,OK,2026-06-05,0.9967,True
CNQ,OK,2026-05-29,0.997,True
COF,OK,2026-06-26,0.999,True
COF,OK,2026-06-25,0.965,True
COF,OK,2026-06-24,-0.726,True
COF,OK,2026-06-23,0.9267,True
COF,OK,2026-06-22,0.993,True
COF,OK,2026-06-20,0.997,True
COF,OK,2026-06-16,0.993,True
COF,OK,2026-06-15,0.994,True
COF,OK,2026-06-13,0.983,True
COF,OK,2026-06-11,0.994,True
COF,OK,2026-06-10,0.608,True
COF,OK,2026-06-09,0.997,True
COF,OK,2026-06-08,0.998,True
COF,OK,2026-06-07,0.987,True
COF,OK,2026-06-05,0.998,True
COF,OK,2026-06-04,0.9973,True
COF,OK,2026-06-03,-0.743,True
COF,OK,2026-06-02,0.9423,True
COF,OK,2026-06-01,0.998,True
COF,OK,2026-05-31,0.974,True
COF,OK,2026-05-29,0.998,True
COHR,OK,2026-06-26,0.1175,True
COHR,OK,2026-06-25,0.99,True
COHR,OK,2026-06-24,0.999,True
COHR,OK,2026-06-23,0.9557,True
COHR,OK,2026-06-21,0.988,True
COHR,OK,2026-06-19,0.9893,True
COHR,OK,2026-06-18,0.995,True
COHR,OK,2026-06-16,0.6422,True
COHR,OK,2026-06-15,0.9963,True
COHR,OK,2026-06-13,0.9893,True
COHR,OK,2026-06-12,0.9975,True
COHR,OK,2026-06-11,0.8119,True
COHR,OK,2026-06-10,0.6729,True
COHR,OK,2026-06-09,0.5442,True
COHR,OK,2026-06-08,0.5885,True
COHR,OK,2026-06-07,0.993,True
COHR,OK,2026-06-06,0.9925,True
COHR,OK,2026-06-05,0.9828,True
COHR,OK,2026-06-04,0.4985,True
COHR,OK,2026-06-03,0.9165,True
COHR,OK,2026-06-02,0.7828,True
COHR,OK,2026-06-01,0.8968,True
COHR,OK,2026-05-31,0.9853,True
COHR,OK,2026-05-30,0.926,True
COHR,OK,2026-05-29,0.944,True
COHR,OK,2026-05-28,0.9963,True
COIN,DROPPED_FUTURE_DATE,2026-06-27,0.9795,False
COIN,OK,2026-06-26,0.9059,True
COIN,OK,2026-06-25,0.757,True
COIN,OK,2026-06-24,0.2383,True
COIN,OK,2026-06-23,0.9927,True
COIN,OK,2026-06-22,0.743,True
COIN,OK,2026-06-21,0.999,True
COIN,OK,2026-06-20,0.9465,True
COIN,OK,2026-06-19,0.6893,True
COIN,OK,2026-06-18,0.927,True
COIN,OK,2026-06-17,0.8326,True
COIN,OK,2026-06-16,0.8283,True
COIN,OK,2026-06-15,0.5936,True
COIN,OK,2026-06-14,0.981,True
COIN,OK,2026-06-13,0.4053,True
COIN,OK,2026-06-12,0.7758,True
COIN,OK,2026-06-11,0.3282,True
COIN,OK,2026-06-10,0.3537,True
COIN,OK,2026-06-09,0.9788,True
COIN,OK,2026-06-08,0.4391,True
COIN,OK,2026-06-07,0.929,True
COIN,OK,2026-06-06,0.9885,True
COIN,OK,2026-06-05,0.498,True
COIN,OK,2026-06-04,0.3508,True
COIN,OK,2026-06-03,0.9847,True
COIN,OK,2026-06-02,0.8209,True
COIN,OK,2026-06-01,0.433,True
COIN,OK,2026-05-31,0.986,True
COIN,OK,2026-05-30,0.991,True
COIN,OK,2026-05-29,0.5255,True
COIN,OK,2026-05-28,-0.0927,True
COO,OK,2026-06-26,0.988,True
COO,OK,2026-06-23,0.998,True
COO,OK,2026-06-17,0.998,True
COO,OK,2026-06-16,0.911,True
COO,OK,2026-06-14,0.999,True
COO,OK,2026-06-12,0.996,True
COO,OK,2026-06-11,0.996,True
COO,OK,2026-06-08,0.8607,True
COO,OK,2026-06-07,0.991,True
COO,OK,2026-06-06,0.963,True
COO,OK,2026-06-05,0.7339,True
COO,OK,2026-06-04,0.9723,True
COO,OK,2026-06-03,0.996,True
COO,OK,2026-06-01,0.9885,True
COO,OK,2026-05-30,0.996,True
COO,OK,2026-05-29,0.999,True
COP,DROPPED_FUTURE_DATE,2026-06-27,0.995,False
COP,OK,2026-06-26,0.994,True
COP,OK,2026-06-25,0.918,True
COP,OK,2026-06-24,0.4075,True
COP,OK,2026-06-23,0.9993,True
COP,OK,2026-06-22,0.8666,True
COP,OK,2026-06-21,0.993,True
COP,OK,2026-06-20,0.997,True
COP,OK,2026-06-19,0.9803,True
COP,OK,2026-06-18,0.1991,True
COP,OK,2026-06-17,0.8374,True
COP,OK,2026-06-16,0.4158,True
COP,OK,2026-06-15,0.748,True
COP,OK,2026-06-14,0.996,True
COP,OK,2026-06-13,0.986,True
COP,OK,2026-06-12,0.9142,True
COP,OK,2026-06-11,0.4983,True
COP,OK,2026-06-10,0.15,True
COP,OK,2026-06-09,0.9213,True
COP,OK,2026-06-08,0.132,True
COP,OK,2026-06-06,0.996,True
COP,OK,2026-06-05,0.9978,True
COP,OK,2026-06-04,0.9563,True
COP,OK,2026-06-03,0.9965,True
COP,OK,2026-06-02,0.993,True
COP,OK,2026-06-01,0.989,True
COP,OK,2026-05-31,0.513,True
COP,OK,2026-05-30,0.921,True
COP,OK,2026-05-29,0.9193,True
COP,OK,2026-05-28,0.9973,True
COR,OK,2026-06-26,0.9985,True
COR,OK,2026-06-25,0.9977,True
COR,OK,2026-06-24,0.998,True
COR,OK,2026-06-23,0.962,True
COR,OK,2026-06-19,0.994,True
COR,OK,2026-06-18,0.9988,True
COR,OK,2026-06-17,0.9967,True
COR,OK,2026-06-15,0.997,True
COR,OK,2026-06-10,0.9837,True
COR,OK,2026-06-09,0.995,True
COR,OK,2026-06-08,-0.004,True
COR,OK,2026-06-05,0.998,True
COR,OK,2026-06-03,0.972,True
COR,OK,2026-06-02,0.997,True
COR,OK,2026-06-01,0.9953,True
COST,DROPPED_FUTURE_DATE,2026-06-27,0.9974,False
COST,OK,2026-06-26,0.975,True
COST,OK,2026-06-25,0.9727,True
COST,OK,2026-06-24,0.7862,True
COST,OK,2026-06-23,0.9613,True
COST,OK,2026-06-22,0.6878,True
COST,OK,2026-06-21,0.9806,True
COST,OK,2026-06-20,0.9962,True
COST,OK,2026-06-19,0.9914,True
COST,OK,2026-06-18,0.9498,True
COST,OK,2026-06-17,0.9969,True
COST,OK,2026-06-16,0.9233,True
COST,OK,2026-06-15,0.9973,True
COST,OK,2026-06-14,0.9863,True
COST,OK,2026-06-13,0.5426,True
COST,OK,2026-06-12,0.4962,True
COST,OK,2026-06-11,0.9931,True
COST,OK,2026-06-10,0.9771,True
COST,OK,2026-06-09,0.8851,True
COST,OK,2026-06-08,0.8393,True
COST,OK,2026-06-07,0.9973,True
COST,OK,2026-06-06,0.797,True
COST,OK,2026-06-05,0.6633,True
COST,OK,2026-06-04,0.7513,True
COST,OK,2026-06-03,0.9099,True
COST,OK,2026-06-02,0.9773,True
COST,OK,2026-06-01,0.8284,True
COST,OK,2026-05-31,0.9878,True
COST,OK,2026-05-30,0.9948,True
COST,OK,2026-05-29,0.7307,True
COST,OK,2026-05-28,0.5047,True
CP,OK,2026-06-26,0.981,True
CP,OK,2026-06-23,0.946,True
CP,OK,2026-06-18,0.999,True
CP,OK,2026-06-17,0.9975,True
CP,OK,2026-06-12,0.922,True
CP,OK,2026-06-08,0.98,True
CP,OK,2026-06-07,0.991,True
CP,OK,2026-06-05,0.995,True
CP,OK,2026-06-03,0.997,True
CP,OK,2026-06-02,0.857,True
CP,OK,2026-06-01,0.993,True
CP,OK,2026-05-31,0.651,True
CP,OK,2026-05-28,0.973,True
CPAY,OK,2026-06-26,0.998,True
CPAY,OK,2026-06-23,0.9953,True
CPAY,OK,2026-06-19,0.999,True
CPAY,OK,2026-06-18,0.999,True
CPAY,OK,2026-06-17,0.994,True
CPAY,OK,2026-06-15,0.994,True
CPAY,OK,2026-06-12,0.999,True
CPAY,OK,2026-06-11,0.996,True
CPAY,OK,2026-06-10,0.9995,True
CPAY,OK,2026-06-04,0.998,True
CPAY,OK,2026-06-01,0.866,True
CPAY,OK,2026-05-28,0.988,True
CPRT,OK,2026-06-22,0.997,True
CPRT,OK,2026-06-17,0.996,True
CPRT,OK,2026-06-12,0.99,True
CPRT,OK,2026-06-09,0.998,True
CPRT,OK,2026-06-08,1.0,True
CPRT,OK,2026-06-05,0.988,True
CPRT,OK,2026-06-01,0.999,True
CPRT,OK,2026-05-28,0.9995,True
CPT,OK,2026-06-26,0.997,True
CPT,OK,2026-06-22,0.993,True
CPT,OK,2026-06-15,0.66,True
CPT,OK,2026-06-09,0.9935,True
CPT,OK,2026-06-06,0.993,True
CPT,OK,2026-06-05,0.998,True
CPT,OK,2026-06-01,0.944,True
CRH,OK,2026-06-26,0.9953,True
CRH,OK,2026-06-25,0.869,True
CRH,OK,2026-06-24,0.989,True
CRH,OK,2026-06-23,0.9955,True
CRH,OK,2026-06-22,0.6625,True
CRH,OK,2026-06-21,0.927,True
CRH,OK,2026-06-18,0.985,True
CRH,OK,2026-06-17,0.999,True
CRH,OK,2026-06-16,0.99,True
CRH,OK,2026-06-12,0.988,True
CRH,OK,2026-06-06,0.37,True
CRH,OK,2026-06-03,0.991,True
CRH,OK,2026-06-02,0.999,True
CRH,OK,2026-05-31,0.997,True
CRL,OK,2026-06-26,0.995,True
CRL,OK,2026-06-22,0.9905,True
CRL,OK,2026-06-19,0.953,True
CRL,OK,2026-06-18,0.997,True
CRL,OK,2026-06-17,0.9703,True
CRL,OK,2026-06-16,0.999,True
CRL,OK,2026-06-15,0.998,True
CRL,OK,2026-06-12,0.994,True
CRL,OK,2026-06-10,0.999,True
CRL,OK,2026-06-09,0.998,True
CRL,OK,2026-06-07,0.991,True
CRL,OK,2026-06-04,0.9987,True
CRL,OK,2026-06-01,0.94,True
CRL,OK,2026-05-31,0.996,True
CRL,OK,2026-05-29,0.997,True
CRM,DROPPED_FUTURE_DATE,2026-06-27,0.9965,False
CRM,OK,2026-06-26,0.4237,True
CRM,OK,2026-06-25,0.8345,True
CRM,OK,2026-06-24,0.7854,True
CRM,OK,2026-06-23,0.8324,True
CRM,OK,2026-06-22,0.6332,True
CRM,OK,2026-06-21,0.984,True
CRM,OK,2026-06-20,0.975,True
CRM,OK,2026-06-19,0.993,True
CRM,OK,2026-06-18,0.7508,True
CRM,OK,2026-06-17,0.9304,True
CRM,OK,2026-06-16,0.6212,True
CRM,OK,2026-06-15,0.8056,True
CRM,OK,2026-06-14,0.992,True
CRM,OK,2026-06-13,0.9702,True
CRM,OK,2026-06-12,0.7261,True
CRM,OK,2026-06-11,0.3043,True
CRM,OK,2026-06-10,0.8365,True
CRM,OK,2026-06-09,0.8128,True
CRM,OK,2026-06-08,0.9753,True
CRM,OK,2026-06-07,0.9955,True
CRM,OK,2026-06-06,0.9971,True
CRM,OK,2026-06-05,0.6423,True
CRM,OK,2026-06-04,0.8874,True
CRM,OK,2026-06-03,0.88,True
CRM,OK,2026-06-02,0.8319,True
CRM,OK,2026-06-01,0.7051,True
CRM,OK,2026-05-31,0.9847,True
CRM,OK,2026-05-30,0.7457,True
CRM,OK,2026-05-29,0.7536,True
CRM,OK,2026-05-28,0.868,True
CRWD,DROPPED_FUTURE_DATE,2026-06-27,0.993,False
CRWD,OK,2026-06-26,0.9753,True
CRWD,OK,2026-06-25,0.9912,True
CRWD,OK,2026-06-24,0.9385,True
CRWD,OK,2026-06-23,0.9866,True
CRWD,OK,2026-06-22,0.9938,True
CRWD,OK,2026-06-21,0.991,True
CRWD,OK,2026-06-19,0.735,True
CRWD,OK,2026-06-18,0.985,True
CRWD,OK,2026-06-17,0.9802,True
CRWD,OK,2026-06-16,0.5163,True
CRWD,OK,2026-06-15,0.9938,True
CRWD,OK,2026-06-14,0.992,True
CRWD,OK,2026-06-13,0.984,True
CRWD,OK,2026-06-12,0.8885,True
CRWD,OK,2026-06-11,0.9452,True
CRWD,OK,2026-06-10,0.9797,True
CRWD,OK,2026-06-09,0.7163,True
CRWD,OK,2026-06-08,0.9197,True
CRWD,OK,2026-06-07,0.9825,True
CRWD,OK,2026-06-06,0.9796,True
CRWD,OK,2026-06-05,0.7838,True
CRWD,OK,2026-06-04,0.5814,True
CRWD,OK,2026-06-03,0.7435,True
CRWD,OK,2026-06-02,0.872,True
CRWD,OK,2026-06-01,0.6561,True
CRWD,OK,2026-05-31,0.6828,True
CRWD,OK,2026-05-30,0.9888,True
CRWD,OK,2026-05-29,0.9289,True
CRWD,OK,2026-05-28,0.9771,True
CSCO,DROPPED_FUTURE_DATE,2026-06-27,0.9963,False
CSCO,OK,2026-06-26,0.6645,True
CSCO,OK,2026-06-25,0.9918,True
CSCO,OK,2026-06-24,0.6659,True
CSCO,OK,2026-06-23,0.481,True
CSCO,OK,2026-06-22,0.59,True
CSCO,OK,2026-06-19,0.8823,True
CSCO,OK,2026-06-18,0.9716,True
CSCO,OK,2026-06-17,0.997,True
CSCO,OK,2026-06-16,0.7213,True
CSCO,OK,2026-06-15,0.9932,True
CSCO,OK,2026-06-14,0.986,True
CSCO,OK,2026-06-13,0.985,True
CSCO,OK,2026-06-12,0.9944,True
CSCO,OK,2026-06-11,0.9964,True
CSCO,OK,2026-06-10,0.997,True
CSCO,OK,2026-06-09,0.5239,True
CSCO,OK,2026-06-08,0.7991,True
CSCO,OK,2026-06-07,0.9899,True
CSCO,OK,2026-06-06,0.968,True
CSCO,OK,2026-06-05,0.641,True
CSCO,OK,2026-06-04,0.9741,True
CSCO,OK,2026-06-03,0.9384,True
CSCO,OK,2026-06-02,0.8496,True
CSCO,OK,2026-06-01,0.9291,True
CSCO,OK,2026-05-31,0.8365,True
CSCO,OK,2026-05-30,0.9874,True
CSCO,OK,2026-05-29,0.9121,True
CSCO,OK,2026-05-28,0.9956,True
CSGP,DROPPED_FUTURE_DATE,2026-06-27,0.989,False
CSGP,OK,2026-06-25,0.973,True
CSGP,OK,2026-06-24,0.9975,True
CSGP,OK,2026-06-22,0.996,True
CSGP,OK,2026-06-19,0.9935,True
CSGP,OK,2026-06-18,0.751,True
CSGP,OK,2026-06-16,0.9704,True
CSGP,OK,2026-06-13,0.9915,True
CSGP,OK,2026-06-12,0.475,True
CSGP,OK,2026-06-11,0.999,True
CSGP,OK,2026-06-09,0.9833,True
CSGP,OK,2026-06-05,0.999,True
CSGP,OK,2026-06-04,0.101,True
CSGP,OK,2026-06-03,0.992,True
CSGP,OK,2026-06-02,0.998,True
CSGP,OK,2026-06-01,0.997,True
CSGP,OK,2026-05-30,0.969,True
CSGP,OK,2026-05-29,0.97,True
CSGP,OK,2026-05-28,0.9983,True
CSX,OK,2026-06-25,0.9926,True
CSX,OK,2026-06-24,0.49,True
CSX,OK,2026-06-22,0.872,True
CSX,OK,2026-06-19,0.982,True
CSX,OK,2026-06-18,0.921,True
CSX,OK,2026-06-17,0.997,True
CSX,OK,2026-06-16,0.943,True
CSX,OK,2026-06-15,0.9264,True
CSX,OK,2026-06-12,0.9917,True
CSX,OK,2026-06-11,0.9957,True
CSX,OK,2026-06-10,0.958,True
CSX,OK,2026-06-09,0.994,True
CSX,OK,2026-06-08,0.9893,True
CSX,OK,2026-06-03,0.922,True
CSX,OK,2026-06-02,1.0,True
CSX,OK,2026-06-01,0.9915,True
CSX,OK,2026-05-31,0.978,True
CSX,OK,2026-05-29,0.996,True
CTAS,OK,2026-06-25,0.963,True
CTAS,OK,2026-06-24,0.989,True
CTAS,OK,2026-06-19,0.991,True
CTAS,OK,2026-06-18,0.7975,True
CTAS,OK,2026-06-16,0.9965,True
CTAS,OK,2026-06-15,0.9953,True
CTAS,OK,2026-06-13,0.9945,True
CTAS,OK,2026-06-12,0.938,True
CTAS,OK,2026-06-10,0.996,True
CTAS,OK,2026-06-08,0.998,True
CTAS,OK,2026-06-05,0.999,True
CTAS,OK,2026-06-04,0.952,True
CTAS,OK,2026-06-03,0.994,True
CTAS,OK,2026-06-02,0.986,True
CTAS,OK,2026-06-01,0.998,True
CTAS,OK,2026-05-29,0.999,True
CTAS,OK,2026-05-28,0.997,True
CTSH,DROPPED_FUTURE_DATE,2026-06-27,0.981,False
CTSH,OK,2026-06-26,0.984,True
CTSH,OK,2026-06-24,-0.891,True
CTSH,OK,2026-06-23,0.9858,True
CTSH,OK,2026-06-22,0.988,True
CTSH,OK,2026-06-21,-0.9485,True
CTSH,OK,2026-06-20,0.975,True
CTSH,OK,2026-06-19,0.997,True
CTSH,OK,2026-06-18,-0.4483,True
CTSH,OK,2026-06-17,0.9927,True
CTSH,OK,2026-06-16,0.986,True
CTSH,OK,2026-06-15,0.997,True
CTSH,OK,2026-06-14,0.996,True
CTSH,OK,2026-06-12,0.8528,True
CTSH,OK,2026-06-11,0.9965,True
CTSH,OK,2026-06-10,0.991,True
CTSH,OK,2026-06-09,0.997,True
CTSH,OK,2026-06-08,0.788,True
CTSH,OK,2026-06-07,0.9605,True
CTSH,OK,2026-06-05,0.999,True
CTSH,OK,2026-06-04,0.996,True
CTSH,OK,2026-06-03,0.8853,True
CTSH,OK,2026-06-02,0.9548,True
CTSH,OK,2026-06-01,0.7927,True
CTSH,OK,2026-05-31,0.991,True
CTSH,OK,2026-05-29,0.9673,True
CTVA,OK,2026-06-25,1.0,True
CTVA,OK,2026-06-22,0.999,True
CTVA,OK,2026-06-18,0.9205,True
CTVA,OK,2026-06-16,0.986,True
CTVA,OK,2026-06-15,0.561,True
CTVA,OK,2026-06-12,0.916,True
CTVA,OK,2026-06-11,0.2215,True
CTVA,OK,2026-06-10,0.981,True
CTVA,OK,2026-06-09,0.9825,True
CTVA,OK,2026-06-07,0.997,True
CTVA,OK,2026-06-04,0.999,True
CTVA,OK,2026-06-02,0.999,True
CTVA,OK,2026-06-01,0.999,True
CTVA,OK,2026-05-29,0.997,True
CTVA,OK,2026-05-28,0.382,True
CVNA,OK,2026-06-26,0.992,True
CVNA,OK,2026-06-25,0.982,True
CVNA,OK,2026-06-24,0.9875,True
CVNA,OK,2026-06-23,0.9845,True
CVNA,OK,2026-06-22,0.9645,True
CVNA,OK,2026-06-19,0.999,True
CVNA,OK,2026-06-18,0.9857,True
CVNA,OK,2026-06-17,0.4061,True
CVNA,OK,2026-06-16,0.7463,True
CVNA,OK,2026-06-15,0.966,True
CVNA,OK,2026-06-12,0.7983,True
CVNA,OK,2026-06-11,0.999,True
CVNA,OK,2026-06-10,0.993,True
CVNA,OK,2026-06-09,0.9943,True
CVNA,OK,2026-06-08,0.998,True
CVNA,OK,2026-06-05,0.9965,True
CVNA,OK,2026-06-04,0.9965,True
CVNA,OK,2026-06-03,0.974,True
CVNA,OK,2026-06-02,0.8738,True
CVNA,OK,2026-06-01,0.987,True
CVNA,OK,2026-05-29,0.9953,True
CVNA,OK,2026-05-28,0.999,True
CVS,DROPPED_FUTURE_DATE,2026-06-27,0.999,False
CVS,OK,2026-06-26,0.9675,True
CVS,OK,2026-06-25,0.8564,True
CVS,OK,2026-06-24,0.7069,True
CVS,OK,2026-06-23,0.816,True
CVS,OK,2026-06-22,0.988,True
CVS,OK,2026-06-20,0.993,True
CVS,OK,2026-06-19,0.9953,True
CVS,OK,2026-06-18,0.9823,True
CVS,OK,2026-06-17,1.0,True
CVS,OK,2026-06-16,0.8113,True
CVS,OK,2026-06-15,0.9908,True
CVS,OK,2026-06-14,0.9953,True
CVS,OK,2026-06-13,0.996,True
CVS,OK,2026-06-12,0.9983,True
CVS,OK,2026-06-11,0.994,True
CVS,OK,2026-06-10,0.9967,True
CVS,OK,2026-06-09,0.9977,True
CVS,OK,2026-06-08,0.9936,True
CVS,OK,2026-06-06,0.993,True
CVS,OK,2026-06-05,0.9013,True
CVS,OK,2026-06-04,0.4794,True
CVS,OK,2026-06-03,0.9965,True
CVS,OK,2026-06-02,0.9974,True
CVS,OK,2026-06-01,0.994,True
CVS,OK,2026-05-31,0.9905,True
CVS,OK,2026-05-30,0.995,True
CVS,OK,2026-05-29,0.7462,True
CVS,OK,2026-05-28,0.785,True
CVX,DROPPED_FUTURE_DATE,2026-06-27,0.346,False
CVX,OK,2026-06-26,0.9874,True
CVX,OK,2026-06-25,0.2689,True
CVX,OK,2026-06-24,0.5348,True
CVX,OK,2026-06-23,0.895,True
CVX,OK,2026-06-22,0.6129,True
CVX,OK,2026-06-21,0.986,True
CVX,OK,2026-06-20,0.9942,True
CVX,OK,2026-06-19,-0.3317,True
CVX,OK,2026-06-18,0.424,True
CVX,OK,2026-06-17,0.5529,True
CVX,OK,2026-06-16,0.7318,True
CVX,OK,2026-06-15,0.7321,True
CVX,OK,2026-06-14,0.9965,True
CVX,OK,2026-06-13,-0.999,True
CVX,OK,2026-06-12,0.4738,True
CVX,OK,2026-06-11,0.5224,True
CVX,OK,2026-06-10,0.3585,True
CVX,OK,2026-06-09,0.5137,True
CVX,OK,2026-06-08,0.5444,True
CVX,OK,2026-06-07,0.9907,True
CVX,OK,2026-06-06,0.7524,True
CVX,OK,2026-06-05,0.7143,True
CVX,OK,2026-06-04,0.9355,True
CVX,OK,2026-06-03,0.6735,True
CVX,OK,2026-06-02,0.8336,True
CVX,OK,2026-06-01,0.596,True
CVX,OK,2026-05-31,0.2127,True
CVX,OK,2026-05-30,0.1035,True
CVX,OK,2026-05-29,0.2213,True
CVX,OK,2026-05-28,0.9859,True
CYATY,OK,2026-06-09,0.995,True
CYATY,OK,2026-05-30,0.9955,True
D,OK,2026-06-26,0.998,True
D,OK,2026-06-24,0.9835,True
D,OK,2026-06-23,0.982,True
D,OK,2026-06-22,0.992,True
D,OK,2026-06-18,0.9983,True
D,OK,2026-06-16,0.997,True
D,OK,2026-06-14,0.999,True
D,OK,2026-06-13,0.998,True
D,OK,2026-06-12,0.997,True
D,OK,2026-06-11,0.9995,True
D,OK,2026-06-10,0.999,True
D,OK,2026-06-09,0.9947,True
D,OK,2026-06-08,0.9873,True
D,OK,2026-06-07,0.9985,True
D,OK,2026-06-06,0.999,True
D,OK,2026-06-05,0.9975,True
D,OK,2026-06-04,0.997,True
D,OK,2026-06-01,0.995,True
D,OK,2026-05-31,0.998,True
D,OK,2026-05-30,0.997,True
D,OK,2026-05-29,0.987,True
D,OK,2026-05-28,0.9953,True
DAL,DROPPED_FUTURE_DATE,2026-06-27,0.988,False
DAL,OK,2026-06-26,0.6627,True
DAL,OK,2026-06-25,0.939,True
DAL,OK,2026-06-24,0.1368,True
DAL,OK,2026-06-23,0.4415,True
DAL,OK,2026-06-22,0.9203,True
DAL,OK,2026-06-21,0.996,True
DAL,OK,2026-06-19,0.9328,True
DAL,OK,2026-06-18,-0.0837,True
DAL,OK,2026-06-17,0.888,True
DAL,OK,2026-06-16,0.9678,True
DAL,OK,2026-06-15,0.7318,True
DAL,OK,2026-06-14,0.9953,True
DAL,OK,2026-06-13,0.9947,True
DAL,OK,2026-06-12,0.9903,True
DAL,OK,2026-06-11,0.3325,True
DAL,OK,2026-06-10,0.127,True
DAL,OK,2026-06-09,0.8032,True
DAL,OK,2026-06-08,0.5065,True
DAL,OK,2026-06-07,0.9775,True
DAL,OK,2026-06-06,0.994,True
DAL,OK,2026-06-05,0.8885,True
DAL,OK,2026-06-04,0.9947,True
DAL,OK,2026-06-03,0.9913,True
DAL,OK,2026-06-02,0.9953,True
DAL,OK,2026-06-01,0.9971,True
DAL,OK,2026-05-30,0.96,True
DAL,OK,2026-05-29,-0.273,True
DAL,OK,2026-05-28,0.9548,True
DASH,OK,2026-06-26,0.996,True
DASH,OK,2026-06-25,0.9864,True
DASH,OK,2026-06-24,0.2345,True
DASH,OK,2026-06-23,0.994,True
DASH,OK,2026-06-22,0.988,True
DASH,OK,2026-06-21,0.912,True
DASH,OK,2026-06-20,0.967,True
DASH,OK,2026-06-18,0.999,True
DASH,OK,2026-06-17,0.9928,True
DASH,OK,2026-06-16,0.8166,True
DASH,OK,2026-06-15,0.8559,True
DASH,OK,2026-06-14,0.987,True
DASH,OK,2026-06-12,0.99,True
DASH,OK,2026-06-11,0.9795,True
DASH,OK,2026-06-10,0.9813,True
DASH,OK,2026-06-09,0.99,True
DASH,OK,2026-06-08,0.996,True
DASH,OK,2026-06-07,0.5433,True
DASH,OK,2026-06-06,0.984,True
DASH,OK,2026-06-05,0.958,True
DASH,OK,2026-06-04,0.993,True
DASH,OK,2026-06-03,0.494,True
DASH,OK,2026-06-02,0.9936,True
DASH,OK,2026-06-01,0.9947,True
DASH,OK,2026-05-30,0.993,True
DASH,OK,2026-05-29,0.9925,True
DASH,OK,2026-05-28,0.7866,True
DB,OK,2026-06-26,0.933,True
DB,OK,2026-06-25,0.965,True
DB,OK,2026-06-24,0.6442,True
DB,OK,2026-06-23,0.6085,True
DB,OK,2026-06-20,0.9805,True
DB,OK,2026-06-17,0.963,True
DB,OK,2026-06-15,0.913,True
DB,OK,2026-06-12,0.998,True
DB,OK,2026-06-10,0.992,True
DB,OK,2026-06-09,0.977,True
DB,OK,2026-06-08,0.495,True
DB,OK,2026-06-07,0.996,True
DB,OK,2026-06-06,0.006,True
DB,OK,2026-06-04,0.915,True
DB,OK,2026-06-03,-0.0623,True
DB,OK,2026-06-02,0.996,True
DB,OK,2026-05-29,0.997,True
DB,OK,2026-05-28,0.4933,True
DD,OK,2026-06-26,0.947,True
DD,OK,2026-06-24,0.7098,True
DD,OK,2026-06-23,0.994,True
DD,OK,2026-06-22,0.992,True
DD,OK,2026-06-16,0.9875,True
DD,OK,2026-06-15,0.987,True
DD,OK,2026-06-12,0.997,True
DD,OK,2026-06-11,0.997,True
DD,OK,2026-06-10,0.9867,True
DD,OK,2026-06-09,0.995,True
DD,OK,2026-06-04,0.987,True
DD,OK,2026-06-02,0.9765,True
DD,OK,2026-06-01,0.996,True
DDOG,OK,2026-06-26,0.1375,True
DDOG,OK,2026-06-24,0.9995,True
DDOG,OK,2026-06-22,0.8057,True
DDOG,OK,2026-06-20,0.986,True
DDOG,OK,2026-06-19,0.9985,True
DDOG,OK,2026-06-18,0.8613,True
DDOG,OK,2026-06-17,0.9805,True
DDOG,OK,2026-06-16,0.2134,True
DDOG,OK,2026-06-15,0.86,True
DDOG,OK,2026-06-14,0.9937,True
DDOG,OK,2026-06-13,0.9665,True
DDOG,OK,2026-06-12,0.9923,True
DDOG,OK,2026-06-11,0.994,True
DDOG,OK,2026-06-10,0.5218,True
DDOG,OK,2026-06-09,0.9149,True
DDOG,OK,2026-06-08,0.9993,True
DDOG,OK,2026-06-06,0.995,True
DDOG,OK,2026-06-05,0.991,True
DDOG,OK,2026-06-04,0.988,True
DDOG,OK,2026-06-03,0.8222,True
DDOG,OK,2026-06-02,0.8957,True
DDOG,OK,2026-06-01,0.994,True
DDOG,OK,2026-05-31,0.995,True
DDOG,OK,2026-05-30,0.9963,True
DDOG,OK,2026-05-29,0.9306,True
DDOG,OK,2026-05-28,0.9881,True
DE,OK,2026-06-26,0.8355,True
DE,OK,2026-06-25,0.9927,True
DE,OK,2026-06-23,0.995,True
DE,OK,2026-06-22,0.9955,True
DE,OK,2026-06-19,0.999,True
DE,OK,2026-06-18,0.846,True
DE,OK,2026-06-16,0.99,True
DE,OK,2026-06-15,0.991,True
DE,OK,2026-06-12,0.991,True
DE,OK,2026-06-11,0.988,True
DE,OK,2026-06-10,0.994,True
DE,OK,2026-06-09,0.992,True
DE,OK,2026-06-08,0.998,True
DE,OK,2026-06-07,0.986,True
DE,OK,2026-06-05,0.984,True
DE,OK,2026-06-03,0.3843,True
DE,OK,2026-06-02,0.4913,True
DE,OK,2026-06-01,0.928,True
DE,OK,2026-05-30,0.991,True
DE,OK,2026-05-29,0.997,True
DE,OK,2026-05-28,0.838,True
DECK,OK,2026-06-26,0.998,True
DECK,OK,2026-06-25,0.989,True
DECK,OK,2026-06-24,0.992,True
DECK,OK,2026-06-22,0.99,True
DECK,OK,2026-06-19,0.995,True
DECK,OK,2026-06-17,0.998,True
DECK,OK,2026-06-16,0.995,True
DECK,OK,2026-06-15,0.995,True
DECK,OK,2026-06-11,0.979,True
DECK,OK,2026-06-10,0.9923,True
DECK,OK,2026-06-09,0.999,True
DECK,OK,2026-06-08,0.996,True
DECK,OK,2026-06-05,0.998,True
DECK,OK,2026-06-04,0.984,True
DECK,OK,2026-06-03,0.923,True
DECK,OK,2026-06-02,0.036,True
DECK,OK,2026-06-01,0.996,True
DECK,OK,2026-05-31,0.989,True
DECK,OK,2026-05-29,0.999,True
DECK,OK,2026-05-28,0.8123,True
DELL,DROPPED_FUTURE_DATE,2026-06-27,0.995,False
DELL,OK,2026-06-26,0.836,True
DELL,OK,2026-06-25,0.8841,True
DELL,OK,2026-06-24,0.988,True
DELL,OK,2026-06-23,0.9668,True
DELL,OK,2026-06-22,0.8502,True
DELL,OK,2026-06-20,0.9943,True
DELL,OK,2026-06-19,0.983,True
DELL,OK,2026-06-18,0.9813,True
DELL,OK,2026-06-17,0.8858,True
DELL,OK,2026-06-16,0.9883,True
DELL,OK,2026-06-15,0.992,True
DELL,OK,2026-06-14,0.9977,True
DELL,OK,2026-06-13,0.9895,True
DELL,OK,2026-06-12,0.91,True
DELL,OK,2026-06-11,0.9789,True
DELL,OK,2026-06-10,0.8931,True
DELL,OK,2026-06-09,0.6634,True
DELL,OK,2026-06-08,0.9861,True
DELL,OK,2026-06-07,0.9903,True
DELL,OK,2026-06-06,0.9907,True
DELL,OK,2026-06-05,0.7938,True
DELL,OK,2026-06-04,0.975,True
DELL,OK,2026-06-03,0.9374,True
DELL,OK,2026-06-02,0.9092,True
DELL,OK,2026-06-01,0.7823,True
DELL,OK,2026-05-31,0.9808,True
DELL,OK,2026-05-30,0.985,True
DELL,OK,2026-05-29,0.7778,True
DELL,OK,2026-05-28,0.7702,True
DG,OK,2026-06-26,0.9975,True
DG,OK,2026-06-25,0.9945,True
DG,OK,2026-06-24,0.4903,True
DG,OK,2026-06-23,0.973,True
DG,OK,2026-06-22,0.985,True
DG,OK,2026-06-19,0.998,True
DG,OK,2026-06-18,0.9965,True
DG,OK,2026-06-17,0.9916,True
DG,OK,2026-06-16,0.98,True
DG,OK,2026-06-15,0.9935,True
DG,OK,2026-06-12,0.9955,True
DG,OK,2026-06-11,0.9884,True
DG,OK,2026-06-10,0.998,True
DG,OK,2026-06-09,0.7958,True
DG,OK,2026-06-06,0.8272,True
DG,OK,2026-06-05,0.998,True
DG,OK,2026-06-04,0.925,True
DG,OK,2026-06-03,0.6897,True
DG,OK,2026-06-02,0.798,True
DG,OK,2026-06-01,0.8471,True
DG,OK,2026-05-31,0.971,True
DG,OK,2026-05-30,0.996,True
DG,OK,2026-05-29,0.6607,True
DG,OK,2026-05-28,0.4964,True
DGX,OK,2026-06-26,0.992,True
DGX,OK,2026-06-25,0.996,True
DGX,OK,2026-06-24,0.952,True
DGX,OK,2026-06-23,0.999,True
DGX,OK,2026-06-19,0.995,True
DGX,OK,2026-06-18,0.989,True
DGX,OK,2026-06-17,0.978,True
DGX,OK,2026-06-16,0.981,True
DGX,OK,2026-06-10,0.7555,True
DGX,OK,2026-06-09,1.0,True
DGX,OK,2026-06-05,0.996,True
DGX,OK,2026-06-04,0.9545,True
DGX,OK,2026-06-01,0.996,True
DGX,OK,2026-05-29,0.9975,True
DGX,OK,2026-05-28,0.997,True
DHI,OK,2026-06-26,0.9985,True
DHI,OK,2026-06-25,0.0145,True
DHI,OK,2026-06-24,-0.1345,True
DHI,OK,2026-06-19,0.9703,True
DHI,OK,2026-06-17,0.9937,True
DHI,OK,2026-06-15,0.99,True
DHI,OK,2026-06-14,0.997,True
DHI,OK,2026-06-13,0.8398,True
DHI,OK,2026-06-12,0.489,True
DHI,OK,2026-06-11,0.997,True
DHI,OK,2026-06-10,0.993,True
DHI,OK,2026-06-09,0.8173,True
DHI,OK,2026-06-08,0.972,True
DHI,OK,2026-06-07,0.983,True
DHI,OK,2026-06-03,0.9933,True
DHI,OK,2026-06-02,0.999,True
DHI,OK,2026-06-01,0.942,True
DHI,OK,2026-05-30,0.522,True
DHR,OK,2026-06-26,0.979,True
DHR,OK,2026-06-25,0.9843,True
DHR,OK,2026-06-24,0.935,True
DHR,OK,2026-06-23,0.9985,True
DHR,OK,2026-06-22,0.993,True
DHR,OK,2026-06-19,0.9965,True
DHR,OK,2026-06-18,0.4045,True
DHR,OK,2026-06-16,0.9965,True
DHR,OK,2026-06-15,0.9862,True
DHR,OK,2026-06-14,0.996,True
DHR,OK,2026-06-12,0.9882,True
DHR,OK,2026-06-11,0.962,True
DHR,OK,2026-06-10,0.4995,True
DHR,OK,2026-06-09,0.9963,True
DHR,OK,2026-06-08,0.977,True
DHR,OK,2026-06-07,0.995,True
DHR,OK,2026-06-06,0.995,True
DHR,OK,2026-06-05,0.998,True
DHR,OK,2026-06-04,0.991,True
DHR,OK,2026-06-03,0.995,True
DHR,OK,2026-06-02,0.9845,True
DHR,OK,2026-06-01,0.996,True
DHR,OK,2026-05-29,0.998,True
DIS,OK,2026-06-26,0.998,True
DIS,OK,2026-06-25,0.649,True
DIS,OK,2026-06-24,0.9767,True
DIS,OK,2026-06-23,0.3069,True
DIS,OK,2026-06-22,0.9049,True
DIS,OK,2026-06-21,0.2608,True
DIS,OK,2026-06-20,0.9925,True
DIS,OK,2026-06-19,0.9947,True
DIS,OK,2026-06-18,0.9794,True
DIS,OK,2026-06-17,0.7886,True
DIS,OK,2026-06-16,0.8171,True
DIS,OK,2026-06-15,0.9099,True
DIS,OK,2026-06-14,0.483,True
DIS,OK,2026-06-13,0.9905,True
DIS,OK,2026-06-12,0.793,True
DIS,OK,2026-06-11,0.993,True
DIS,OK,2026-06-10,0.656,True
DIS,OK,2026-06-08,0.9955,True
DIS,OK,2026-06-07,0.9195,True
DIS,OK,2026-06-06,0.997,True
DIS,OK,2026-06-05,0.9034,True
DIS,OK,2026-06-04,0.997,True
DIS,OK,2026-06-03,0.9563,True
DIS,OK,2026-06-02,0.995,True
DIS,OK,2026-06-01,0.998,True
DIS,OK,2026-05-31,-0.519,True
DIS,OK,2026-05-30,0.9983,True
DIS,OK,2026-05-29,0.9559,True
DIS,OK,2026-05-28,0.998,True
DLR,OK,2026-06-25,0.948,True
DLR,OK,2026-06-23,0.996,True
DLR,OK,2026-06-22,0.9873,True
DLR,OK,2026-06-17,0.9983,True
DLR,OK,2026-06-16,0.964,True
DLR,OK,2026-06-15,0.993,True
DLR,OK,2026-06-13,0.966,True
DLR,OK,2026-06-12,0.999,True
DLR,OK,2026-06-11,0.996,True
DLR,OK,2026-06-10,0.999,True
DLR,OK,2026-06-09,0.999,True
DLR,OK,2026-06-08,0.992,True
DLR,OK,2026-06-04,1.0,True
DLR,OK,2026-06-03,0.9855,True
DLR,OK,2026-06-02,0.997,True
DLR,OK,2026-06-01,0.979,True
DLR,OK,2026-05-31,0.999,True
DLR,OK,2026-05-30,0.9816,True
DLR,OK,2026-05-28,0.997,True
DLTR,OK,2026-06-25,0.9163,True
DLTR,OK,2026-06-23,0.999,True
DLTR,OK,2026-06-22,0.965,True
DLTR,OK,2026-06-20,0.967,True
DLTR,OK,2026-06-19,0.998,True
DLTR,OK,2026-06-18,0.998,True
DLTR,OK,2026-06-14,0.9965,True
DLTR,OK,2026-06-12,0.996,True
DLTR,OK,2026-06-11,0.986,True
DLTR,OK,2026-06-10,0.99,True
DLTR,OK,2026-06-09,0.987,True
DLTR,OK,2026-06-07,0.98,True
DLTR,OK,2026-06-06,0.99,True
DLTR,OK,2026-06-04,0.9438,True
DLTR,OK,2026-06-03,0.292,True
DLTR,OK,2026-06-02,0.5984,True
DLTR,OK,2026-06-01,0.994,True
DLTR,OK,2026-05-31,0.9995,True
DLTR,OK,2026-05-30,0.996,True
DLTR,OK,2026-05-29,0.7438,True
DLTR,OK,2026-05-28,0.267,True
DOC,OK,2026-06-26,0.996,True
DOC,OK,2026-06-24,1.0,True
DOC,OK,2026-06-19,0.997,True
DOC,OK,2026-06-18,0.874,True
DOC,OK,2026-06-17,0.97,True
DOC,OK,2026-06-15,0.8975,True
DOC,OK,2026-06-11,0.997,True
DOC,OK,2026-06-10,0.995,True
DOC,OK,2026-06-08,0.994,True
DOC,OK,2026-06-07,0.999,True
DOC,OK,2026-06-05,0.997,True
DOC,OK,2026-06-04,0.999,True
DOC,OK,2026-06-02,0.99,True
DOC,OK,2026-05-29,0.979,True
DOC,OK,2026-05-28,0.557,True
DOV,OK,2026-06-26,0.999,True
DOV,OK,2026-06-23,0.997,True
DOV,OK,2026-06-17,0.999,True
DOV,OK,2026-06-16,0.957,True
DOV,OK,2026-06-15,0.997,True
DOV,OK,2026-06-14,0.998,True
DOV,OK,2026-06-10,0.9863,True
DOV,OK,2026-06-09,0.992,True
DOV,OK,2026-06-01,0.976,True
DOW,DROPPED_FUTURE_DATE,2026-06-27,0.998,False
DOW,OK,2026-06-26,0.9923,True
DOW,OK,2026-06-25,0.481,True
DOW,OK,2026-06-24,0.993,True
DOW,OK,2026-06-23,0.9926,True
DOW,OK,2026-06-22,0.996,True
DOW,OK,2026-06-19,0.997,True
DOW,OK,2026-06-18,0.5864,True
DOW,OK,2026-06-17,0.5916,True
DOW,OK,2026-06-16,0.9955,True
DOW,OK,2026-06-15,0.955,True
DOW,OK,2026-06-13,0.989,True
DOW,OK,2026-06-12,0.0025,True
DOW,OK,2026-06-11,0.9963,True
DOW,OK,2026-06-10,0.9844,True
DOW,OK,2026-06-09,0.9945,True
DOW,OK,2026-06-08,0.9917,True
DOW,OK,2026-06-06,0.999,True
DOW,OK,2026-06-05,0.959,True
DOW,OK,2026-06-04,0.995,True
DOW,OK,2026-06-03,0.9975,True
DOW,OK,2026-06-02,0.9975,True
DOW,OK,2026-06-01,0.9892,True
DOW,OK,2026-05-31,0.921,True
DOW,OK,2026-05-30,0.9973,True
DOW,OK,2026-05-29,0.9905,True
DOW,OK,2026-05-28,0.9868,True
DPZ,OK,2026-06-26,0.947,True
DPZ,OK,2026-06-25,0.858,True
DPZ,OK,2026-06-24,0.997,True
DPZ,OK,2026-06-23,0.637,True
DPZ,OK,2026-06-22,0.8348,True
DPZ,OK,2026-06-21,0.0095,True
DPZ,OK,2026-06-18,0.869,True
DPZ,OK,2026-06-17,0.99,True
DPZ,OK,2026-06-16,0.358,True
DPZ,OK,2026-06-15,0.999,True
DPZ,OK,2026-06-12,0.9985,True
DPZ,OK,2026-06-11,0.987,True
DPZ,OK,2026-06-10,0.998,True
DPZ,OK,2026-06-07,0.997,True
DPZ,OK,2026-06-03,0.994,True
DPZ,OK,2026-06-02,0.934,True
DPZ,OK,2026-06-01,0.999,True
DPZ,OK,2026-05-29,0.975,True
DRI,OK,2026-06-26,0.999,True
DRI,OK,2026-06-25,0.7141,True
DRI,OK,2026-06-24,0.2399,True
DRI,OK,2026-06-23,0.9955,True
DRI,OK,2026-06-22,0.6902,True
DRI,OK,2026-06-21,0.617,True
DRI,OK,2026-06-19,0.9885,True
DRI,OK,2026-06-18,0.725,True
DRI,OK,2026-06-17,0.9915,True
DRI,OK,2026-06-15,0.998,True
DRI,OK,2026-06-12,0.996,True
DRI,OK,2026-06-11,0.827,True
DRI,OK,2026-06-10,0.9943,True
DRI,OK,2026-06-09,0.992,True
DRI,OK,2026-06-08,-0.795,True
DRI,OK,2026-06-05,0.996,True
DRI,OK,2026-06-02,0.991,True
DRI,OK,2026-06-01,1.0,True
DRI,OK,2026-05-29,0.9915,True
DRI,OK,2026-05-28,0.7975,True
DTE,OK,2026-06-24,0.991,True
DTE,OK,2026-06-23,0.9987,True
DTE,OK,2026-06-22,0.737,True
DTE,OK,2026-06-19,0.994,True
DTE,OK,2026-06-18,0.979,True
DTE,OK,2026-06-15,0.4147,True
DTE,OK,2026-06-11,0.966,True
DTE,OK,2026-06-10,0.907,True
DTE,OK,2026-06-09,0.8825,True
DTE,OK,2026-06-05,0.997,True
DTE,OK,2026-06-04,0.994,True
DTE,OK,2026-06-03,0.968,True
DTE,OK,2026-06-02,0.999,True
DTE,OK,2026-05-29,0.9985,True
DTE,OK,2026-05-28,0.988,True
DTEGY,OK,2026-06-17,0.974,True
DTEGY,OK,2026-06-12,0.9927,True
DTEGY,OK,2026-06-11,0.883,True
DTEGY,OK,2026-06-09,0.8855,True
DTEGY,OK,2026-06-06,0.9965,True
DTEGY,OK,2026-06-02,0.999,True
DTEGY,OK,2026-05-28,0.997,True
DUK,OK,2026-06-26,0.8996,True
DUK,OK,2026-06-25,0.9715,True
DUK,OK,2026-06-24,0.9937,True
DUK,OK,2026-06-23,0.991,True
DUK,OK,2026-06-22,1.0,True
DUK,OK,2026-06-19,0.9982,True
DUK,OK,2026-06-18,0.998,True
DUK,OK,2026-06-17,0.995,True
DUK,OK,2026-06-16,1.0,True
DUK,OK,2026-06-15,0.984,True
DUK,OK,2026-06-13,0.996,True
DUK,OK,2026-06-12,0.9968,True
DUK,OK,2026-06-11,0.9982,True
DUK,OK,2026-06-10,0.9975,True
DUK,OK,2026-06-08,0.9963,True
DUK,OK,2026-06-06,0.9985,True
DUK,OK,2026-06-05,0.8725,True
DUK,OK,2026-06-04,0.9082,True
DUK,OK,2026-06-03,0.995,True
DUK,OK,2026-06-02,0.843,True
DUK,OK,2026-06-01,0.984,True
DUK,OK,2026-05-30,-0.698,True
DUK,OK,2026-05-29,0.9985,True
DUK,OK,2026-05-28,0.9993,True
DVA,OK,2026-06-26,0.7,True
DVA,OK,2026-06-24,0.7975,True
DVA,OK,2026-06-23,1.0,True
DVA,OK,2026-06-22,0.7523,True
DVA,OK,2026-06-21,0.9945,True
DVA,OK,2026-06-18,0.9975,True
DVA,OK,2026-06-17,0.9863,True
DVA,OK,2026-06-15,0.9813,True
DVA,OK,2026-06-14,0.9965,True
DVA,OK,2026-06-12,0.0,True
DVA,OK,2026-06-11,0.6762,True
DVA,OK,2026-06-10,0.998,True
DVA,OK,2026-06-09,0.947,True
DVA,OK,2026-06-08,0.999,True
DVA,OK,2026-06-06,0.996,True
DVA,OK,2026-06-05,0.9975,True
DVA,OK,2026-06-04,0.9803,True
DVA,OK,2026-06-03,0.9983,True
DVA,OK,2026-06-02,0.024,True
DVA,OK,2026-05-28,0.9983,True
DVN,DROPPED_FUTURE_DATE,2026-06-27,0.998,False
DVN,OK,2026-06-26,0.9993,True
DVN,OK,2026-06-25,0.9907,True
DVN,OK,2026-06-24,0.4944,True
DVN,OK,2026-06-23,0.988,True
DVN,OK,2026-06-22,0.999,True
DVN,OK,2026-06-21,0.992,True
DVN,OK,2026-06-20,0.9985,True
DVN,OK,2026-06-18,0.5031,True
DVN,OK,2026-06-17,0.997,True
DVN,OK,2026-06-16,0.2928,True
DVN,OK,2026-06-15,0.9189,True
DVN,OK,2026-06-14,0.996,True
DVN,OK,2026-06-13,0.99,True
DVN,OK,2026-06-12,0.0,True
DVN,OK,2026-06-11,0.4269,True
DVN,OK,2026-06-10,0.4154,True
DVN,OK,2026-06-09,0.9149,True
DVN,OK,2026-06-08,0.2796,True
DVN,OK,2026-06-07,0.998,True
DVN,OK,2026-06-06,0.963,True
DVN,OK,2026-06-05,0.9945,True
DVN,OK,2026-06-04,0.981,True
DVN,OK,2026-06-03,0.9983,True
DVN,OK,2026-06-02,0.3845,True
DVN,OK,2026-06-01,0.6607,True
DVN,OK,2026-05-31,0.9935,True
DVN,OK,2026-05-29,0.9937,True
DVN,OK,2026-05-28,0.996,True
DXCM,OK,2026-06-26,0.999,True
DXCM,OK,2026-06-25,0.996,True
DXCM,OK,2026-06-24,0.999,True
DXCM,OK,2026-06-23,0.997,True
DXCM,OK,2026-06-22,0.9945,True
DXCM,OK,2026-06-20,0.9985,True
DXCM,OK,2026-06-18,0.0,True
DXCM,OK,2026-06-16,0.9977,True
DXCM,OK,2026-06-12,0.994,True
DXCM,OK,2026-06-11,0.999,True
DXCM,OK,2026-06-10,0.998,True
DXCM,OK,2026-06-08,0.999,True
DXCM,OK,2026-06-06,0.9955,True
DXCM,OK,2026-06-05,0.949,True
DXCM,OK,2026-06-04,0.9963,True
DXCM,OK,2026-06-03,0.9957,True
DXCM,OK,2026-06-02,0.9973,True
DXCM,OK,2026-05-28,0.9995,True
E,OK,2026-06-26,0.998,True
E,OK,2026-06-25,-0.202,True
E,OK,2026-06-22,0.494,True
E,OK,2026-06-10,0.997,True
E,OK,2026-06-09,0.994,True
E,OK,2026-06-08,0.9047,True
E,OK,2026-06-05,0.438,True
E,OK,2026-06-03,0.2515,True
E,OK,2026-06-01,0.998,True
E,OK,2026-05-31,0.99,True
E,OK,2026-05-29,0.7415,True
E,OK,2026-05-28,0.972,True
EA,OK,2026-06-23,0.945,True
EA,OK,2026-06-17,0.939,True
EA,OK,2026-06-16,0.9833,True
EA,OK,2026-06-15,0.999,True
EA,OK,2026-06-10,0.982,True
EA,OK,2026-06-09,1.0,True
EA,OK,2026-06-07,0.975,True
EA,OK,2026-06-06,0.242,True
EA,OK,2026-06-04,0.9757,True
EA,OK,2026-06-03,0.9965,True
EA,OK,2026-06-02,0.996,True
EA,OK,2026-06-01,0.985,True
EA,OK,2026-05-30,0.995,True
EA,OK,2026-05-29,0.9945,True
EBAY,DROPPED_FUTURE_DATE,2026-06-27,0.926,False
EBAY,OK,2026-06-26,0.9318,True
EBAY,OK,2026-06-25,0.975,True
EBAY,OK,2026-06-24,0.9718,True
EBAY,OK,2026-06-23,0.8978,True
EBAY,OK,2026-06-20,0.9895,True
EBAY,OK,2026-06-19,0.9975,True
EBAY,OK,2026-06-18,0.9955,True
EBAY,OK,2026-06-16,0.0085,True
EBAY,OK,2026-06-15,0.9805,True
EBAY,OK,2026-06-14,0.896,True
EBAY,OK,2026-06-12,0.9937,True
EBAY,OK,2026-06-11,0.995,True
EBAY,OK,2026-06-10,0.9985,True
EBAY,OK,2026-06-09,0.511,True
EBAY,OK,2026-06-08,0.8938,True
EBAY,OK,2026-06-07,0.5657,True
EBAY,OK,2026-06-06,1.0,True
EBAY,OK,2026-06-05,0.567,True
EBAY,OK,2026-06-04,0.952,True
EBAY,OK,2026-06-03,0.7692,True
EBAY,OK,2026-06-02,0.4063,True
EBAY,OK,2026-05-31,0.984,True
EBAY,OK,2026-05-29,0.3563,True
EBAY,OK,2026-05-28,0.998,True
ECL,OK,2026-06-26,0.989,True
ECL,OK,2026-06-24,0.6583,True
ECL,OK,2026-06-19,0.982,True
ECL,OK,2026-06-17,0.996,True
ECL,OK,2026-06-15,0.994,True
ECL,OK,2026-06-14,0.996,True
ECL,OK,2026-06-13,0.999,True
ECL,OK,2026-06-10,0.996,True
ECL,OK,2026-06-09,0.9965,True
ECL,OK,2026-06-08,0.999,True
ECL,OK,2026-06-07,0.985,True
ECL,OK,2026-06-05,0.998,True
ECL,OK,2026-06-03,0.9025,True
ECL,OK,2026-06-01,0.994,True
ECL,OK,2026-05-29,0.998,True
ECL,OK,2026-05-28,0.9965,True
ED,DROPPED_FUTURE_DATE,2026-06-27,0.998,False
ED,OK,2026-06-25,0.978,True
ED,OK,2026-06-24,0.975,True
ED,OK,2026-06-23,0.968,True
ED,OK,2026-06-22,0.998,True
ED,OK,2026-06-19,0.9977,True
ED,OK,2026-06-17,0.998,True
ED,OK,2026-06-15,0.9935,True
ED,OK,2026-06-12,0.9967,True
ED,OK,2026-06-11,0.9975,True
ED,OK,2026-06-10,0.983,True
ED,OK,2026-06-06,0.994,True
ED,OK,2026-06-03,0.998,True
ED,OK,2026-06-02,0.917,True
ED,OK,2026-06-01,0.998,True
ED,OK,2026-05-31,0.99,True
ED,OK,2026-05-29,0.998,True
EFX,OK,2026-06-25,0.999,True
EFX,OK,2026-06-24,0.998,True
EFX,OK,2026-06-22,0.993,True
EFX,OK,2026-06-17,0.998,True
EFX,OK,2026-06-15,0.999,True
EFX,OK,2026-06-14,0.998,True
EFX,OK,2026-06-12,0.997,True
EFX,OK,2026-06-11,0.9678,True
EFX,OK,2026-06-10,0.981,True
EFX,OK,2026-06-09,0.8668,True
EFX,OK,2026-06-05,0.999,True
EFX,OK,2026-06-04,0.99,True
EFX,OK,2026-06-02,0.9913,True
EFX,OK,2026-06-01,0.998,True
EFX,OK,2026-05-28,0.994,True
EG,OK,2026-06-26,0.998,True
EG,OK,2026-06-19,0.988,True
EG,OK,2026-06-18,0.889,True
EG,OK,2026-06-17,0.9945,True
EG,OK,2026-06-12,0.997,True
EG,OK,2026-06-09,0.958,True
EG,OK,2026-06-07,0.996,True
EG,OK,2026-06-04,0.976,True
EG,OK,2026-06-01,0.998,True
EG,OK,2026-05-30,0.98,True
EG,OK,2026-05-29,0.9485,True
EIX,OK,2026-06-25,0.999,True
EIX,OK,2026-06-24,0.949,True
EIX,OK,2026-06-23,0.982,True
EIX,OK,2026-06-18,0.984,True
EIX,OK,2026-06-11,0.9925,True
EIX,OK,2026-06-06,0.99,True
EIX,OK,2026-06-05,0.993,True
EIX,OK,2026-06-04,0.956,True
EIX,OK,2026-06-03,0.6738,True
EIX,OK,2026-05-29,0.9865,True
EIX,OK,2026-05-28,0.994,True
EL,DROPPED_FUTURE_DATE,2026-06-27,0.998,False
EL,OK,2026-06-24,0.9975,True
EL,OK,2026-06-23,0.9765,True
EL,OK,2026-06-22,0.8747,True
EL,OK,2026-06-21,0.999,True
EL,OK,2026-06-20,0.5355,True
EL,OK,2026-06-19,0.9993,True
EL,OK,2026-06-18,1.0,True
EL,OK,2026-06-17,0.9953,True
EL,OK,2026-06-16,0.999,True
EL,OK,2026-06-15,0.999,True
EL,OK,2026-06-12,0.998,True
EL,OK,2026-06-11,0.999,True
EL,OK,2026-06-10,0.999,True
EL,OK,2026-06-09,0.997,True
EL,OK,2026-06-08,0.999,True
EL,OK,2026-06-07,0.996,True
EL,OK,2026-06-05,0.9955,True
EL,OK,2026-06-04,0.996,True
EL,OK,2026-06-03,1.0,True
EL,OK,2026-06-02,0.923,True
EL,OK,2026-06-01,0.995,True
EL,OK,2026-05-29,0.999,True
EL,OK,2026-05-28,0.812,True
ELV,OK,2026-06-26,0.9208,True
ELV,OK,2026-06-25,0.9764,True
ELV,OK,2026-06-24,0.9983,True
ELV,OK,2026-06-23,0.998,True
ELV,OK,2026-06-21,1.0,True
ELV,OK,2026-06-18,0.997,True
ELV,OK,2026-06-17,1.0,True
ELV,OK,2026-06-15,0.999,True
ELV,OK,2026-06-11,0.997,True
ELV,OK,2026-06-10,0.977,True
ELV,OK,2026-06-08,0.846,True
ELV,OK,2026-06-07,0.997,True
ELV,OK,2026-06-05,0.999,True
ELV,OK,2026-06-04,0.3778,True
ELV,OK,2026-06-03,0.999,True
ELV,OK,2026-06-02,0.99,True
ELV,OK,2026-06-01,0.994,True
ELV,OK,2026-05-31,0.993,True
ELV,OK,2026-05-29,0.499,True
ELV,OK,2026-05-28,0.995,True
EME,OK,2026-06-26,0.9985,True
EME,OK,2026-06-25,0.999,True
EME,OK,2026-06-24,0.9953,True
EME,OK,2026-06-23,0.99,True
EME,OK,2026-06-22,0.9975,True
EME,OK,2026-06-20,0.9965,True
EME,OK,2026-06-19,0.9943,True
EME,OK,2026-06-18,0.9966,True
EME,OK,2026-06-17,0.9933,True
EME,OK,2026-06-16,0.9985,True
EME,OK,2026-06-12,0.994,True
EME,OK,2026-06-11,0.998,True
EME,OK,2026-06-10,0.9995,True
EME,OK,2026-06-09,0.999,True
EME,OK,2026-06-08,0.999,True
EME,OK,2026-06-07,0.996,True
EME,OK,2026-06-05,0.9943,True
EME,OK,2026-06-04,0.997,True
EME,OK,2026-06-02,0.9978,True
EME,OK,2026-06-01,0.9977,True
EME,OK,2026-05-31,0.989,True
EME,OK,2026-05-29,0.998,True
EME,OK,2026-05-28,0.999,True
EMR,OK,2026-06-25,0.968,True
EMR,OK,2026-06-24,0.986,True
EMR,OK,2026-06-23,0.992,True
EMR,OK,2026-06-22,0.999,True
EMR,OK,2026-06-17,0.9947,True
EMR,OK,2026-06-16,0.9963,True
EMR,OK,2026-06-15,0.994,True
EMR,OK,2026-06-12,0.997,True
EMR,OK,2026-06-11,0.745,True
EMR,OK,2026-06-10,0.8767,True
EMR,OK,2026-06-09,0.995,True
EMR,OK,2026-06-08,0.988,True
EMR,OK,2026-06-06,0.998,True
EMR,OK,2026-06-05,0.997,True
EMR,OK,2026-06-04,0.9807,True
EMR,OK,2026-06-02,0.995,True
EMR,OK,2026-06-01,1.0,True
EMR,OK,2026-05-28,0.984,True
ENB,OK,2026-06-26,0.994,True
ENB,OK,2026-06-25,0.999,True
ENB,OK,2026-06-23,0.9855,True
ENB,OK,2026-06-21,0.9965,True
ENB,OK,2026-06-20,0.986,True
ENB,OK,2026-06-19,0.9953,True
ENB,OK,2026-06-18,0.8934,True
ENB,OK,2026-06-17,0.8127,True
ENB,OK,2026-06-16,0.995,True
ENB,OK,2026-06-13,0.9975,True
ENB,OK,2026-06-12,0.997,True
ENB,OK,2026-06-11,0.9945,True
ENB,OK,2026-06-10,0.762,True
ENB,OK,2026-06-09,0.992,True
ENB,OK,2026-06-08,0.9835,True
ENB,OK,2026-06-07,0.9985,True
ENB,OK,2026-06-05,0.9965,True
ENB,OK,2026-06-04,0.997,True
ENB,OK,2026-06-03,0.991,True
ENB,OK,2026-06-02,0.996,True
ENB,OK,2026-06-01,0.257,True
ENB,OK,2026-05-30,0.999,True
ENB,OK,2026-05-29,0.998,True
ENB,OK,2026-05-28,0.9983,True
EOG,OK,2026-06-24,0.224,True
EOG,OK,2026-06-23,0.9405,True
EOG,OK,2026-06-22,0.997,True
EOG,OK,2026-06-18,0.9985,True
EOG,OK,2026-06-17,0.995,True
EOG,OK,2026-06-16,0.9985,True
EOG,OK,2026-06-15,0.9813,True
EOG,OK,2026-06-14,0.997,True
EOG,OK,2026-06-13,0.99,True
EOG,OK,2026-06-12,0.3195,True
EOG,OK,2026-06-11,0.996,True
EOG,OK,2026-06-09,0.998,True
EOG,OK,2026-06-06,0.968,True
EOG,OK,2026-06-05,0.9985,True
EOG,OK,2026-06-04,0.9715,True
EOG,OK,2026-06-03,0.9413,True
EOG,OK,2026-06-02,0.994,True
EOG,OK,2026-05-31,-0.863,True
EOG,OK,2026-05-29,0.9965,True
EPD,DROPPED_FUTURE_DATE,2026-06-27,0.539,False
EPD,OK,2026-06-26,0.9603,True
EPD,OK,2026-06-24,0.9955,True
EPD,OK,2026-06-23,0.992,True
EPD,OK,2026-06-22,0.999,True
EPD,OK,2026-06-20,0.996,True
EPD,OK,2026-06-18,0.992,True
EPD,OK,2026-06-17,0.9967,True
EPD,OK,2026-06-16,0.998,True
EPD,OK,2026-06-15,0.9993,True
EPD,OK,2026-06-14,0.9983,True
EPD,OK,2026-06-13,0.9885,True
EPD,OK,2026-06-12,0.996,True
EPD,OK,2026-06-10,0.987,True
EPD,OK,2026-06-08,0.9863,True
EPD,OK,2026-06-07,0.998,True
EPD,OK,2026-06-05,0.9223,True
EPD,OK,2026-06-04,0.9983,True
EPD,OK,2026-06-03,0.9826,True
EPD,OK,2026-06-02,0.996,True
EPD,OK,2026-05-31,0.9957,True
EPD,OK,2026-05-28,0.992,True
EQIX,OK,2026-06-25,0.9705,True
EQIX,OK,2026-06-24,0.997,True
EQIX,OK,2026-06-23,0.9953,True
EQIX,OK,2026-06-20,0.9822,True
EQIX,OK,2026-06-18,0.998,True
EQIX,OK,2026-06-17,0.9987,True
EQIX,OK,2026-06-16,0.8688,True
EQIX,OK,2026-06-15,0.9925,True
EQIX,OK,2026-06-13,0.994,True
EQIX,OK,2026-06-12,0.995,True
EQIX,OK,2026-06-11,0.993,True
EQIX,OK,2026-06-10,0.9925,True
EQIX,OK,2026-06-09,0.992,True
EQIX,OK,2026-06-08,0.984,True
EQIX,OK,2026-06-07,0.993,True
EQIX,OK,2026-06-06,0.995,True
EQIX,OK,2026-06-04,0.9965,True
EQIX,OK,2026-06-03,0.991,True
EQIX,OK,2026-06-02,0.987,True
EQIX,OK,2026-06-01,0.9883,True
EQIX,OK,2026-05-31,0.999,True
EQIX,OK,2026-05-30,0.987,True
EQIX,OK,2026-05-29,0.9917,True
EQIX,OK,2026-05-28,0.991,True
EQNR,OK,2026-06-26,0.9937,True
EQNR,OK,2026-06-25,0.9345,True
EQNR,OK,2026-06-23,0.8013,True
EQNR,OK,2026-06-22,0.9887,True
EQNR,OK,2026-06-20,0.999,True
EQNR,OK,2026-06-19,0.882,True
EQNR,OK,2026-06-18,0.9875,True
EQNR,OK,2026-06-17,0.911,True
EQNR,OK,2026-06-16,0.6848,True
EQNR,OK,2026-06-15,0.716,True
EQNR,OK,2026-06-12,0.9905,True
EQNR,OK,2026-06-11,0.9963,True
EQNR,OK,2026-06-10,0.686,True
EQNR,OK,2026-06-09,0.5784,True
EQNR,OK,2026-06-08,-0.052,True
EQNR,OK,2026-06-07,0.999,True
EQNR,OK,2026-06-04,0.996,True
EQNR,OK,2026-06-02,0.659,True
EQNR,OK,2026-06-01,0.5817,True
EQNR,OK,2026-05-30,0.997,True
EQNR,OK,2026-05-29,0.996,True
EQNR,OK,2026-05-28,0.705,True
EQR,OK,2026-06-19,0.9893,True
EQR,OK,2026-06-18,0.947,True
EQR,OK,2026-06-16,0.983,True
EQR,OK,2026-06-15,0.489,True
EQR,OK,2026-06-13,0.969,True
EQR,OK,2026-06-12,0.991,True
EQR,OK,2026-06-09,0.9895,True
EQR,OK,2026-06-08,0.9985,True
EQR,OK,2026-06-02,0.99,True
EQR,OK,2026-06-01,0.992,True
EQR,OK,2026-05-29,0.999,True
EQR,OK,2026-05-28,0.965,True
EQT,OK,2026-06-24,0.999,True
EQT,OK,2026-06-23,1.0,True
EQT,OK,2026-06-22,0.998,True
EQT,OK,2026-06-21,0.9955,True
EQT,OK,2026-06-20,0.994,True
EQT,OK,2026-06-18,0.9955,True
EQT,OK,2026-06-17,0.999,True
EQT,OK,2026-06-15,0.9855,True
EQT,OK,2026-06-14,0.996,True
EQT,OK,2026-06-10,0.962,True
EQT,OK,2026-06-08,0.995,True
EQT,OK,2026-06-06,0.998,True
EQT,OK,2026-06-04,0.997,True
EQT,OK,2026-06-03,0.9853,True
EQT,OK,2026-06-02,0.998,True
EQT,OK,2026-06-01,0.983,True
EQT,OK,2026-05-31,0.999,True
EQT,OK,2026-05-30,0.984,True
EQT,OK,2026-05-28,0.904,True
ERIE,OK,2026-06-24,-0.536,True
ERIE,OK,2026-06-18,0.931,True
ERIE,OK,2026-06-10,0.9975,True
ERIE,OK,2026-06-07,0.998,True
ES,OK,2026-06-24,0.997,True
ES,OK,2026-06-23,1.0,True
ES,OK,2026-06-22,0.986,True
ES,OK,2026-06-17,0.989,True
ES,OK,2026-06-13,0.991,True
ES,OK,2026-06-12,0.992,True
ES,OK,2026-06-11,-0.898,True
ES,OK,2026-06-05,0.998,True
ES,OK,2026-06-03,1.0,True
ES,OK,2026-05-31,0.995,True
ESS,OK,2026-06-26,0.9945,True
ESS,OK,2026-06-18,0.946,True
ESS,OK,2026-06-15,0.98,True
ESS,OK,2026-06-14,0.999,True
ESS,OK,2026-06-09,0.993,True
ESS,OK,2026-06-03,0.998,True
ESS,OK,2026-06-01,0.9935,True
ESS,OK,2026-05-29,0.9855,True
ESS,OK,2026-05-28,0.992,True
ET,OK,2026-06-25,0.99,True
ET,OK,2026-06-24,0.998,True
ET,OK,2026-06-23,0.785,True
ET,OK,2026-06-22,0.997,True
ET,OK,2026-06-21,0.9973,True
ET,OK,2026-06-19,0.995,True
ET,OK,2026-06-18,0.4493,True
ET,OK,2026-06-17,0.987,True
ET,OK,2026-06-16,1.0,True
ET,OK,2026-06-15,0.8835,True
ET,OK,2026-06-14,0.9987,True
ET,OK,2026-06-12,0.995,True
ET,OK,2026-06-11,0.9905,True
ET,OK,2026-06-10,0.995,True
ET,OK,2026-06-09,0.984,True
ET,OK,2026-06-08,0.997,True
ET,OK,2026-06-07,0.9983,True
ET,OK,2026-06-06,0.993,True
ET,OK,2026-06-05,0.995,True
ET,OK,2026-06-04,0.9907,True
ET,OK,2026-06-03,0.97,True
ET,OK,2026-06-02,1.0,True
ET,OK,2026-06-01,0.993,True
ET,OK,2026-05-31,0.9953,True
ET,OK,2026-05-28,0.999,True
ETN,OK,2026-06-26,0.988,True
ETN,OK,2026-06-24,0.932,True
ETN,OK,2026-06-23,0.9975,True
ETN,OK,2026-06-22,0.9958,True
ETN,OK,2026-06-19,0.9961,True
ETN,OK,2026-06-18,0.2953,True
ETN,OK,2026-06-17,0.9055,True
ETN,OK,2026-06-16,0.998,True
ETN,OK,2026-06-15,0.998,True
ETN,OK,2026-06-14,-0.645,True
ETN,OK,2026-06-12,0.7697,True
ETN,OK,2026-06-11,0.0053,True
ETN,OK,2026-06-10,0.992,True
ETN,OK,2026-06-08,0.998,True
ETN,OK,2026-06-06,0.99,True
ETN,OK,2026-06-05,0.999,True
ETN,OK,2026-06-04,0.995,True
ETN,OK,2026-06-03,0.998,True
ETN,OK,2026-06-02,0.868,True
ETN,OK,2026-06-01,0.0278,True
ETN,OK,2026-05-29,0.991,True
ETN,OK,2026-05-28,0.998,True
ETR,OK,2026-06-26,0.318,True
ETR,OK,2026-06-23,0.979,True
ETR,OK,2026-06-22,0.992,True
ETR,OK,2026-06-18,0.97,True
ETR,OK,2026-06-16,0.493,True
ETR,OK,2026-06-15,0.9903,True
ETR,OK,2026-06-13,0.994,True
ETR,OK,2026-06-12,0.992,True
ETR,OK,2026-06-10,0.8608,True
ETR,OK,2026-06-09,0.996,True
ETR,OK,2026-06-08,0.473,True
ETR,OK,2026-06-07,0.99,True
ETR,OK,2026-06-02,0.956,True
ETR,OK,2026-06-01,0.994,True
ETR,OK,2026-05-31,0.996,True
ETR,OK,2026-05-29,0.996,True
EVRG,OK,2026-06-25,0.999,True
EVRG,OK,2026-06-23,0.9625,True
EVRG,OK,2026-06-19,0.995,True
EVRG,OK,2026-06-18,1.0,True
EVRG,OK,2026-06-11,0.991,True
EVRG,OK,2026-06-10,0.996,True
EVRG,OK,2026-06-09,0.999,True
EVRG,OK,2026-05-29,0.977,True
EW,OK,2026-06-26,0.999,True
EW,OK,2026-06-24,0.992,True
EW,OK,2026-06-22,0.978,True
EW,OK,2026-06-21,0.989,True
EW,OK,2026-06-16,0.341,True
EW,OK,2026-06-12,0.999,True
EW,OK,2026-06-05,0.996,True
EW,OK,2026-06-04,0.994,True
EW,OK,2026-05-28,0.9955,True
EXC,OK,2026-06-26,0.994,True
EXC,OK,2026-06-16,0.999,True
EXC,OK,2026-06-14,0.964,True
EXC,OK,2026-06-13,0.983,True
EXC,OK,2026-06-10,0.9873,True
EXC,OK,2026-06-08,0.9977,True
EXC,OK,2026-06-07,0.99,True
EXC,OK,2026-06-05,0.997,True
EXC,OK,2026-06-04,1.0,True
EXC,OK,2026-06-02,0.999,True
EXC,OK,2026-05-30,0.995,True
EXE,OK,2026-06-24,0.997,True
EXE,OK,2026-06-23,0.996,True
EXE,OK,2026-06-18,0.994,True
EXE,OK,2026-06-17,0.998,True
EXE,OK,2026-06-16,0.964,True
EXE,OK,2026-06-12,1.0,True
EXE,OK,2026-06-10,0.998,True
EXE,OK,2026-06-09,-0.542,True
EXE,OK,2026-06-07,0.997,True
EXE,OK,2026-06-06,0.995,True
EXE,OK,2026-06-05,0.9905,True
EXE,OK,2026-06-04,0.997,True
EXE,OK,2026-06-02,0.9945,True
EXE,OK,2026-06-01,0.9977,True
EXE,OK,2026-05-31,0.9875,True
EXE,OK,2026-05-28,0.999,True
EXPD,OK,2026-06-26,0.554,True
EXPD,OK,2026-06-25,0.999,True
EXPD,OK,2026-06-24,0.998,True
EXPD,OK,2026-06-23,0.9973,True
EXPD,OK,2026-06-22,0.996,True
EXPD,OK,2026-06-19,0.9985,True
EXPD,OK,2026-06-18,0.9906,True
EXPD,OK,2026-06-17,0.6905,True
EXPD,OK,2026-06-16,0.9943,True
EXPD,OK,2026-06-15,0.999,True
EXPD,OK,2026-06-12,0.9947,True
EXPD,OK,2026-06-11,0.987,True
EXPD,OK,2026-06-10,0.999,True
EXPD,OK,2026-06-09,0.9987,True
EXPD,OK,2026-06-08,0.9693,True
EXPD,OK,2026-06-07,0.998,True
EXPD,OK,2026-06-05,0.998,True
EXPD,OK,2026-06-04,0.9978,True
EXPD,OK,2026-06-03,0.9963,True
EXPD,OK,2026-06-02,0.9985,True
EXPD,OK,2026-06-01,0.9955,True
EXPD,OK,2026-05-29,0.9985,True
EXPD,OK,2026-05-28,0.998,True
EXPE,OK,2026-06-25,0.999,True
EXPE,OK,2026-06-24,-0.4168,True
EXPE,OK,2026-06-23,0.995,True
EXPE,OK,2026-06-18,0.999,True
EXPE,OK,2026-06-16,0.993,True
EXPE,OK,2026-06-15,0.999,True
EXPE,OK,2026-06-13,0.988,True
EXPE,OK,2026-06-11,0.992,True
EXPE,OK,2026-06-08,0.975,True
EXPE,OK,2026-06-07,0.99,True
EXPE,OK,2026-06-04,0.981,True
EXPE,OK,2026-06-03,0.997,True
EXPE,OK,2026-06-02,0.998,True
EXPE,OK,2026-06-01,0.9797,True
EXPE,OK,2026-05-29,0.997,True
EXPE,OK,2026-05-28,0.999,True
EXR,OK,2026-06-25,0.991,True
EXR,OK,2026-06-24,0.9855,True
EXR,OK,2026-06-23,0.993,True
EXR,OK,2026-06-19,0.995,True
EXR,OK,2026-06-16,0.8523,True
EXR,OK,2026-06-12,0.999,True
EXR,OK,2026-06-11,1.0,True
EXR,OK,2026-06-09,0.9905,True
F,DROPPED_FUTURE_DATE,2026-06-27,0.9983,False
F,OK,2026-06-26,0.9746,True
F,OK,2026-06-25,0.9545,True
F,OK,2026-06-24,0.983,True
F,OK,2026-06-23,0.9823,True
F,OK,2026-06-22,0.9256,True
F,OK,2026-06-21,0.9875,True
F,OK,2026-06-20,0.996,True
F,OK,2026-06-19,0.998,True
F,OK,2026-06-18,0.9315,True
F,OK,2026-06-17,0.8968,True
F,OK,2026-06-16,0.7375,True
F,OK,2026-06-15,0.5055,True
F,OK,2026-06-13,0.8575,True
F,OK,2026-06-12,-0.36,True
F,OK,2026-06-11,0.9396,True
F,OK,2026-06-10,0.7804,True
F,OK,2026-06-09,0.9908,True
F,OK,2026-06-08,0.9903,True
F,OK,2026-06-07,0.295,True
F,OK,2026-06-05,0.8523,True
F,OK,2026-06-04,0.7995,True
F,OK,2026-06-03,0.8117,True
F,OK,2026-06-02,0.6115,True
F,OK,2026-06-01,0.9884,True
F,OK,2026-05-31,0.989,True
F,OK,2026-05-30,0.998,True
F,OK,2026-05-29,0.9003,True
F,OK,2026-05-28,0.2768,True
FANG,DROPPED_FUTURE_DATE,2026-06-27,0.982,False
FANG,OK,2026-06-26,0.9643,True
FANG,OK,2026-06-24,-0.8168,True
FANG,OK,2026-06-23,1.0,True
FANG,OK,2026-06-20,0.9985,True
FANG,OK,2026-06-19,0.999,True
FANG,OK,2026-06-18,-0.1351,True
FANG,OK,2026-06-17,0.998,True
FANG,OK,2026-06-16,0.3774,True
FANG,OK,2026-06-15,0.9127,True
FANG,OK,2026-06-14,0.996,True
FANG,OK,2026-06-12,0.994,True
FANG,OK,2026-06-11,-0.9915,True
FANG,OK,2026-06-10,0.3588,True
FANG,OK,2026-06-09,0.8996,True
FANG,OK,2026-06-08,-0.3,True
FANG,OK,2026-06-07,0.2495,True
FANG,OK,2026-06-06,0.975,True
FANG,OK,2026-06-05,0.998,True
FANG,OK,2026-06-04,0.9927,True
FANG,OK,2026-06-03,0.9977,True
FANG,OK,2026-06-02,0.996,True
FANG,OK,2026-05-31,0.988,True
FANG,OK,2026-05-29,0.999,True
FAST,OK,2026-06-26,0.987,True
FAST,OK,2026-06-25,0.968,True
FAST,OK,2026-06-24,0.97,True
FAST,OK,2026-06-18,0.9975,True
FAST,OK,2026-06-17,0.989,True
FAST,OK,2026-06-16,1.0,True
FAST,OK,2026-06-15,0.993,True
FAST,OK,2026-06-11,0.999,True
FAST,OK,2026-06-09,0.9663,True
FAST,OK,2026-06-08,0.9945,True
FAST,OK,2026-06-05,0.998,True
FAST,OK,2026-06-04,0.9705,True
FAST,OK,2026-05-29,0.998,True
FCX,OK,2026-06-26,0.969,True
FCX,OK,2026-06-25,0.991,True
FCX,OK,2026-06-24,0.0522,True
FCX,OK,2026-06-23,0.6725,True
FCX,OK,2026-06-19,0.977,True
FCX,OK,2026-06-18,0.9975,True
FCX,OK,2026-06-17,-0.997,True
FCX,OK,2026-06-16,0.6337,True
FCX,OK,2026-06-15,0.9208,True
FCX,OK,2026-06-12,0.998,True
FCX,OK,2026-06-10,0.9823,True
FCX,OK,2026-06-09,0.9,True
FCX,OK,2026-06-08,0.9935,True
FCX,OK,2026-06-05,0.9527,True
FCX,OK,2026-06-04,0.98,True
FCX,OK,2026-06-03,0.937,True
FCX,OK,2026-06-02,0.7057,True
FCX,OK,2026-06-01,0.989,True
FCX,OK,2026-05-29,0.9877,True
FCX,OK,2026-05-28,0.2386,True
FDS,OK,2026-06-26,0.9898,True
FDS,OK,2026-06-25,0.4307,True
FDS,OK,2026-06-24,0.7965,True
FDS,OK,2026-06-23,0.359,True
FDS,OK,2026-06-22,0.7195,True
FDS,OK,2026-06-19,0.998,True
FDS,OK,2026-06-18,-0.1355,True
FDS,OK,2026-06-17,0.368,True
FDS,OK,2026-06-16,0.3525,True
FDS,OK,2026-06-15,0.0,True
FDS,OK,2026-06-14,0.995,True
FDS,OK,2026-06-12,0.9947,True
FDS,OK,2026-06-11,0.1243,True
FDS,OK,2026-06-10,0.074,True
FDS,OK,2026-06-09,0.1426,True
FDS,OK,2026-06-08,0.5885,True
FDS,OK,2026-06-07,-0.511,True
FDS,OK,2026-06-06,0.996,True
FDS,OK,2026-06-05,0.416,True
FDS,OK,2026-06-04,0.5367,True
FDS,OK,2026-06-03,0.2462,True
FDS,OK,2026-06-02,0.234,True
FDS,OK,2026-06-01,0.8443,True
FDS,OK,2026-05-31,0.997,True
FDS,OK,2026-05-29,0.0,True
FDS,OK,2026-05-28,0.1716,True
FDX,OK,2026-06-26,0.8136,True
FDX,OK,2026-06-25,0.4647,True
FDX,OK,2026-06-24,0.4735,True
FDX,OK,2026-06-23,0.7368,True
FDX,OK,2026-06-22,0.5993,True
FDX,OK,2026-06-21,0.7552,True
FDX,OK,2026-06-20,0.775,True
FDX,OK,2026-06-19,0.5311,True
FDX,OK,2026-06-18,0.4335,True
FDX,OK,2026-06-17,0.989,True
FDX,OK,2026-06-16,0.9975,True
FDX,OK,2026-06-15,0.997,True
FDX,OK,2026-06-13,0.988,True
FDX,OK,2026-06-12,0.6677,True
FDX,OK,2026-06-11,0.8907,True
FDX,OK,2026-06-10,0.7935,True
FDX,OK,2026-06-09,0.99,True
FDX,OK,2026-06-08,0.9913,True
FDX,OK,2026-06-07,0.98,True
FDX,OK,2026-06-06,1.0,True
FDX,OK,2026-06-05,0.8375,True
FDX,OK,2026-06-04,0.9802,True
FDX,OK,2026-06-03,0.687,True
FDX,OK,2026-06-02,0.9062,True
FDX,OK,2026-06-01,0.8785,True
FDX,OK,2026-05-29,0.794,True
FDX,OK,2026-05-28,0.8471,True
FE,OK,2026-06-26,0.999,True
FE,OK,2026-06-25,0.9975,True
FE,OK,2026-06-24,0.997,True
FE,OK,2026-06-22,0.989,True
FE,OK,2026-06-19,0.998,True
FE,OK,2026-06-18,0.9975,True
FE,OK,2026-06-17,0.994,True
FE,OK,2026-06-16,0.998,True
FE,OK,2026-06-15,0.934,True
FE,OK,2026-06-08,0.977,True
FE,OK,2026-06-05,0.992,True
FE,OK,2026-06-02,0.976,True
FE,OK,2026-05-28,0.998,True
FFIV,OK,2026-06-26,0.996,True
FFIV,OK,2026-06-23,0.983,True
FFIV,OK,2026-06-22,0.998,True
FFIV,OK,2026-06-17,0.991,True
FFIV,OK,2026-06-16,0.999,True
FFIV,OK,2026-06-15,0.999,True
FFIV,OK,2026-06-10,0.998,True
FFIV,OK,2026-06-09,0.876,True
FFIV,OK,2026-06-04,0.9967,True
FFIV,OK,2026-06-03,0.9985,True
FFIV,OK,2026-06-01,0.999,True
FFIV,OK,2026-05-31,0.99,True
FFIV,OK,2026-05-29,0.999,True
FFIV,OK,2026-05-28,0.9985,True
FICO,DROPPED_FUTURE_DATE,2026-06-27,0.994,False
FICO,OK,2026-06-24,0.994,True
FICO,OK,2026-06-23,0.999,True
FICO,OK,2026-06-22,0.996,True
FICO,OK,2026-06-20,0.967,True
FICO,OK,2026-06-17,0.998,True
FICO,OK,2026-06-14,0.999,True
FICO,OK,2026-06-13,0.992,True
FICO,OK,2026-06-11,0.991,True
FICO,OK,2026-06-10,0.9985,True
FICO,OK,2026-06-09,0.998,True
FICO,OK,2026-06-08,0.9975,True
FICO,OK,2026-06-05,0.9985,True
FICO,OK,2026-06-04,0.9985,True
FICO,OK,2026-06-03,0.9495,True
FICO,OK,2026-06-02,0.998,True
FICO,OK,2026-05-31,0.992,True
FICO,OK,2026-05-29,0.9975,True
FICO,OK,2026-05-28,0.9945,True
FIS,OK,2026-06-25,0.978,True
FIS,OK,2026-06-24,0.227,True
FIS,OK,2026-06-20,0.9785,True
FIS,OK,2026-06-19,0.995,True
FIS,OK,2026-06-18,0.916,True
FIS,OK,2026-06-17,0.998,True
FIS,OK,2026-06-16,0.986,True
FIS,OK,2026-06-15,0.9955,True
FIS,OK,2026-06-11,0.999,True
FIS,OK,2026-06-10,0.976,True
FIS,OK,2026-06-09,0.974,True
FIS,OK,2026-06-08,0.9915,True
FIS,OK,2026-06-05,0.997,True
FIS,OK,2026-06-02,0.948,True
FIS,OK,2026-06-01,0.994,True
FIS,OK,2026-05-30,0.987,True
FIS,OK,2026-05-29,0.997,True
FIS,OK,2026-05-28,0.832,True
FISV,DROPPED_FUTURE_DATE,2026-06-27,0.998,False
FISV,OK,2026-06-26,0.7245,True
FISV,OK,2026-06-24,0.727,True
FISV,OK,2026-06-23,0.998,True
FISV,OK,2026-06-22,0.881,True
FISV,OK,2026-06-20,0.998,True
FISV,OK,2026-06-19,0.986,True
FISV,OK,2026-06-18,0.996,True
FISV,OK,2026-06-17,0.9773,True
FISV,OK,2026-06-16,0.751,True
FISV,OK,2026-06-15,0.5365,True
FISV,OK,2026-06-12,0.982,True
FISV,OK,2026-06-11,0.998,True
FISV,OK,2026-06-10,0.979,True
FISV,OK,2026-06-09,0.653,True
FISV,OK,2026-06-08,0.992,True
FISV,OK,2026-06-07,0.996,True
FISV,OK,2026-06-06,0.998,True
FISV,OK,2026-06-05,0.7912,True
FISV,OK,2026-06-04,0.999,True
FISV,OK,2026-06-03,0.9957,True
FISV,OK,2026-06-02,0.9977,True
FISV,OK,2026-06-01,0.985,True
FISV,OK,2026-05-30,0.9913,True
FISV,OK,2026-05-29,0.9937,True
FISV,OK,2026-05-28,0.99,True
FITB,DROPPED_FUTURE_DATE,2026-06-27,0.997,False
FITB,OK,2026-06-26,0.9915,True
FITB,OK,2026-06-25,-0.178,True
FITB,OK,2026-06-23,0.979,True
FITB,OK,2026-06-22,0.997,True
FITB,OK,2026-06-19,0.999,True
FITB,OK,2026-06-18,0.996,True
FITB,OK,2026-06-17,0.997,True
FITB,OK,2026-06-15,0.9734,True
FITB,OK,2026-06-12,0.9566,True
FITB,OK,2026-06-11,0.9975,True
FITB,OK,2026-06-10,0.8923,True
FITB,OK,2026-06-09,0.995,True
FITB,OK,2026-06-08,0.997,True
FITB,OK,2026-06-06,0.9975,True
FITB,OK,2026-06-05,0.997,True
FITB,OK,2026-06-04,0.972,True
FITB,OK,2026-06-03,0.999,True
FITB,OK,2026-06-02,0.998,True
FITB,OK,2026-06-01,0.9305,True
FITB,OK,2026-05-31,0.999,True
FIX,DROPPED_FUTURE_DATE,2026-06-27,0.994,False
FIX,OK,2026-06-26,0.999,True
FIX,OK,2026-06-25,0.987,True
FIX,OK,2026-06-24,0.997,True
FIX,OK,2026-06-23,0.9868,True
FIX,OK,2026-06-22,0.9945,True
FIX,OK,2026-06-19,0.992,True
FIX,OK,2026-06-18,0.6303,True
FIX,OK,2026-06-17,0.6657,True
FIX,OK,2026-06-16,0.9948,True
FIX,OK,2026-06-15,0.998,True
FIX,OK,2026-06-13,0.9935,True
FIX,OK,2026-06-12,0.996,True
FIX,OK,2026-06-11,0.529,True
FIX,OK,2026-06-10,0.9975,True
FIX,OK,2026-06-09,0.9332,True
FIX,OK,2026-06-08,0.5125,True
FIX,OK,2026-06-07,0.998,True
FIX,OK,2026-06-06,0.998,True
FIX,OK,2026-06-05,0.8554,True
FIX,OK,2026-06-04,0.649,True
FIX,OK,2026-06-03,0.448,True
FIX,OK,2026-06-02,0.8445,True
FIX,OK,2026-06-01,0.9995,True
FIX,OK,2026-05-31,0.994,True
FIX,OK,2026-05-29,0.9975,True
FIX,OK,2026-05-28,0.991,True
FLEX,OK,2026-06-26,0.9927,True
FLEX,OK,2026-06-25,0.9975,True
FLEX,OK,2026-06-24,0.997,True
FLEX,OK,2026-06-23,0.989,True
FLEX,OK,2026-06-22,0.972,True
FLEX,OK,2026-06-21,0.981,True
FLEX,OK,2026-06-20,0.9945,True
FLEX,OK,2026-06-19,0.989,True
FLEX,OK,2026-06-16,0.967,True
FLEX,OK,2026-06-15,0.9987,True
FLEX,OK,2026-06-14,1.0,True
FLEX,OK,2026-06-13,0.9975,True
FLEX,OK,2026-06-12,0.986,True
FLEX,OK,2026-06-11,0.9897,True
FLEX,OK,2026-06-10,0.7453,True
FLEX,OK,2026-06-09,0.7112,True
FLEX,OK,2026-06-08,0.7742,True
FLEX,OK,2026-06-07,0.999,True
FLEX,OK,2026-06-06,0.9455,True
FLEX,OK,2026-06-05,0.7781,True
FLEX,OK,2026-06-04,0.9982,True
FLEX,OK,2026-06-03,0.9915,True
FLEX,OK,2026-06-02,0.996,True
FLEX,OK,2026-06-01,0.9977,True
FLEX,OK,2026-05-29,0.988,True
FLEX,OK,2026-05-28,0.9945,True
FOX,OK,2026-06-26,0.99,True
FOX,OK,2026-06-25,0.999,True
FOX,OK,2026-06-24,0.993,True
FOX,OK,2026-06-23,-0.079,True
FOX,OK,2026-06-22,0.996,True
FOX,OK,2026-06-21,0.9607,True
FOX,OK,2026-06-19,0.9838,True
FOX,OK,2026-06-18,0.989,True
FOX,OK,2026-06-17,0.9703,True
FOX,OK,2026-06-16,0.7292,True
FOX,OK,2026-06-15,0.7261,True
FOX,OK,2026-06-12,0.9055,True
FOX,OK,2026-06-08,0.9943,True
FOX,OK,2026-06-07,0.997,True
FOX,OK,2026-06-05,0.727,True
FOX,OK,2026-06-02,1.0,True
FOX,OK,2026-05-28,0.993,True
FOXA,OK,2026-06-26,0.99,True
FOXA,OK,2026-06-25,1.0,True
FOXA,OK,2026-06-23,0.6133,True
FOXA,OK,2026-06-21,0.9607,True
FOXA,OK,2026-06-19,0.953,True
FOXA,OK,2026-06-18,0.979,True
FOXA,OK,2026-06-17,0.9808,True
FOXA,OK,2026-06-16,0.8492,True
FOXA,OK,2026-06-15,0.7282,True
FOXA,OK,2026-06-12,0.812,True
FOXA,OK,2026-06-10,0.997,True
FOXA,OK,2026-06-09,0.771,True
FOXA,OK,2026-06-08,0.9965,True
FOXA,OK,2026-06-07,0.998,True
FOXA,OK,2026-06-05,0.727,True
FOXA,OK,2026-06-02,0.998,True
FOXA,OK,2026-05-28,0.993,True
FRT,OK,2026-06-23,0.996,True
FRT,OK,2026-06-15,0.986,True
FRT,OK,2026-06-12,1.0,True
FRT,OK,2026-06-11,0.964,True
FRT,OK,2026-06-10,0.999,True
FRT,OK,2026-06-08,0.9945,True
FRT,OK,2026-06-05,0.994,True
FRT,OK,2026-06-01,0.997,True
FRT,OK,2026-05-31,0.996,True
FRT,OK,2026-05-30,0.9715,True
FSLR,OK,2026-06-26,0.209,True
FSLR,OK,2026-06-25,0.424,True
FSLR,OK,2026-06-24,0.794,True
FSLR,OK,2026-06-23,0.994,True
FSLR,OK,2026-06-22,0.989,True
FSLR,OK,2026-06-21,0.9975,True
FSLR,OK,2026-06-19,0.998,True
FSLR,OK,2026-06-18,0.9935,True
FSLR,OK,2026-06-17,0.9974,True
FSLR,OK,2026-06-15,0.925,True
FSLR,OK,2026-06-14,0.996,True
FSLR,OK,2026-06-12,0.966,True
FSLR,OK,2026-06-11,0.944,True
FSLR,OK,2026-06-10,0.9615,True
FSLR,OK,2026-06-09,0.9968,True
FSLR,OK,2026-06-08,0.9963,True
FSLR,OK,2026-06-07,0.9805,True
FSLR,OK,2026-06-05,0.987,True
FSLR,OK,2026-06-04,0.993,True
FSLR,OK,2026-06-03,0.9923,True
FSLR,OK,2026-06-02,0.999,True
FSLR,OK,2026-05-31,0.989,True
FSLR,OK,2026-05-30,0.994,True
FSLR,OK,2026-05-29,0.974,True
FSLR,OK,2026-05-28,0.4163,True
FTNT,DROPPED_FUTURE_DATE,2026-06-27,0.901,False
FTNT,OK,2026-06-26,0.2835,True
FTNT,OK,2026-06-24,0.5165,True
FTNT,OK,2026-06-23,0.8281,True
FTNT,OK,2026-06-17,0.999,True
FTNT,OK,2026-06-16,0.2174,True
FTNT,OK,2026-06-15,0.9937,True
FTNT,OK,2026-06-13,0.993,True
FTNT,OK,2026-06-12,0.9843,True
FTNT,OK,2026-06-11,0.9898,True
FTNT,OK,2026-06-10,0.991,True
FTNT,OK,2026-06-09,0.9935,True
FTNT,OK,2026-06-08,0.996,True
FTNT,OK,2026-06-07,0.995,True
FTNT,OK,2026-06-06,0.993,True
FTNT,OK,2026-06-05,0.9983,True
FTNT,OK,2026-06-04,0.9913,True
FTNT,OK,2026-06-03,0.9892,True
FTNT,OK,2026-06-02,0.9733,True
FTNT,OK,2026-06-01,-0.228,True
FTNT,OK,2026-05-30,0.982,True
FTNT,OK,2026-05-29,0.994,True
FTNT,OK,2026-05-28,0.998,True
FTV,OK,2026-06-26,1.0,True
FTV,OK,2026-06-24,0.998,True
FTV,OK,2026-06-23,0.999,True
FTV,OK,2026-06-22,0.998,True
FTV,OK,2026-06-15,0.9805,True
FTV,OK,2026-06-09,0.991,True
FTV,OK,2026-06-08,0.999,True
FTV,OK,2026-06-05,0.997,True
FTV,OK,2026-06-01,0.934,True
FTV,OK,2026-05-29,0.9965,True
GD,DROPPED_FUTURE_DATE,2026-06-27,0.993,False
GD,OK,2026-06-26,0.998,True
GD,OK,2026-06-25,0.99,True
GD,OK,2026-06-23,0.999,True
GD,OK,2026-06-22,0.896,True
GD,OK,2026-06-19,0.997,True
GD,OK,2026-06-18,0.992,True
GD,OK,2026-06-17,0.9897,True
GD,OK,2026-06-16,0.995,True
GD,OK,2026-06-15,0.9985,True
GD,OK,2026-06-14,0.976,True
GD,OK,2026-06-13,0.999,True
GD,OK,2026-06-11,0.9653,True
GD,OK,2026-06-10,0.3923,True
GD,OK,2026-06-09,0.9945,True
GD,OK,2026-06-07,0.995,True
GD,OK,2026-06-05,0.999,True
GD,OK,2026-06-04,0.995,True
GD,OK,2026-06-03,0.882,True
GD,OK,2026-06-02,0.7563,True
GD,OK,2026-06-01,0.8748,True
GD,OK,2026-05-29,0.9953,True
GD,OK,2026-05-28,0.995,True
GDDY,DROPPED_FUTURE_DATE,2026-06-27,0.994,False
GDDY,OK,2026-06-26,0.995,True
GDDY,OK,2026-06-25,0.785,True
GDDY,OK,2026-06-24,0.986,True
GDDY,OK,2026-06-23,0.949,True
GDDY,OK,2026-06-22,0.982,True
GDDY,OK,2026-06-19,0.996,True
GDDY,OK,2026-06-17,0.498,True
GDDY,OK,2026-06-16,0.94,True
GDDY,OK,2026-06-15,0.999,True
GDDY,OK,2026-06-14,0.982,True
GDDY,OK,2026-06-13,0.998,True
GDDY,OK,2026-06-10,1.0,True
GDDY,OK,2026-06-09,0.999,True
GDDY,OK,2026-06-08,0.497,True
GDDY,OK,2026-06-03,0.992,True
GDDY,OK,2026-05-28,0.998,True
GE,DROPPED_FUTURE_DATE,2026-06-27,0.9853,False
GE,OK,2026-06-26,0.796,True
GE,OK,2026-06-25,0.9825,True
GE,OK,2026-06-24,0.9907,True
GE,OK,2026-06-23,0.8042,True
GE,OK,2026-06-22,1.0,True
GE,OK,2026-06-21,0.9965,True
GE,OK,2026-06-20,0.983,True
GE,OK,2026-06-19,0.7795,True
GE,OK,2026-06-18,0.5227,True
GE,OK,2026-06-17,0.8594,True
GE,OK,2026-06-16,0.564,True
GE,OK,2026-06-15,0.8655,True
GE,OK,2026-06-13,0.997,True
GE,OK,2026-06-12,0.8835,True
GE,OK,2026-06-11,0.9725,True
GE,OK,2026-06-10,0.6471,True
GE,OK,2026-06-09,0.994,True
GE,OK,2026-06-08,0.9243,True
GE,OK,2026-06-07,0.9923,True
GE,OK,2026-06-05,0.993,True
GE,OK,2026-06-04,0.9927,True
GE,OK,2026-06-03,0.961,True
GE,OK,2026-06-02,0.8847,True
GE,OK,2026-06-01,0.9948,True
GE,OK,2026-05-31,0.905,True
GE,OK,2026-05-30,0.991,True
GE,OK,2026-05-29,0.9975,True
GE,OK,2026-05-28,0.9223,True
GEHC,OK,2026-06-25,0.995,True
GEHC,OK,2026-06-24,0.9913,True
GEHC,OK,2026-06-23,0.4188,True
GEHC,OK,2026-06-22,0.997,True
GEHC,OK,2026-06-17,0.992,True
GEHC,OK,2026-06-15,0.998,True
GEHC,OK,2026-06-10,0.987,True
GEHC,OK,2026-06-09,0.998,True
GEHC,OK,2026-06-05,0.9853,True
GEHC,OK,2026-06-04,0.9907,True
GEHC,OK,2026-06-03,0.996,True
GEHC,OK,2026-06-02,0.995,True
GEHC,OK,2026-06-01,1.0,True
GEHC,OK,2026-05-29,0.997,True
GEN,OK,2026-06-19,0.993,True
GEN,OK,2026-06-18,0.998,True
GEN,OK,2026-06-15,0.98,True
GEN,OK,2026-06-08,0.999,True
GEN,OK,2026-06-05,0.0015,True
GEN,OK,2026-06-04,0.9985,True
GEV,DROPPED_FUTURE_DATE,2026-06-27,0.996,False
GEV,OK,2026-06-26,0.68,True
GEV,OK,2026-06-25,0.9938,True
GEV,OK,2026-06-24,0.9881,True
GEV,OK,2026-06-23,0.8145,True
GEV,OK,2026-06-22,0.7278,True
GEV,OK,2026-06-21,0.988,True
GEV,OK,2026-06-20,0.6553,True
GEV,OK,2026-06-19,0.9966,True
GEV,OK,2026-06-18,0.3699,True
GEV,OK,2026-06-17,0.5308,True
GEV,OK,2026-06-16,0.982,True
GEV,OK,2026-06-15,0.8648,True
GEV,OK,2026-06-13,0.995,True
GEV,OK,2026-06-11,0.2943,True
GEV,OK,2026-06-10,0.995,True
GEV,OK,2026-06-09,0.993,True
GEV,OK,2026-06-08,0.9967,True
GEV,OK,2026-06-07,0.228,True
GEV,OK,2026-06-06,0.9758,True
GEV,OK,2026-06-05,0.998,True
GEV,OK,2026-06-04,0.9802,True
GEV,OK,2026-06-03,0.9958,True
GEV,OK,2026-06-02,0.9948,True
GEV,OK,2026-06-01,0.1325,True
GEV,OK,2026-05-31,0.9935,True
GEV,OK,2026-05-29,1.0,True
GEV,OK,2026-05-28,0.949,True
GILD,DROPPED_FUTURE_DATE,2026-06-27,0.973,False
GILD,OK,2026-06-26,0.9323,True
GILD,OK,2026-06-25,0.4209,True
GILD,OK,2026-06-24,0.434,True
GILD,OK,2026-06-23,0.4898,True
GILD,OK,2026-06-22,0.9133,True
GILD,OK,2026-06-18,0.7927,True
GILD,OK,2026-06-17,0.9963,True
GILD,OK,2026-06-16,0.9405,True
GILD,OK,2026-06-15,0.9716,True
GILD,OK,2026-06-13,0.9917,True
GILD,OK,2026-06-12,0.992,True
GILD,OK,2026-06-11,0.772,True
GILD,OK,2026-06-10,0.992,True
GILD,OK,2026-06-09,0.982,True
GILD,OK,2026-06-08,-0.3025,True
GILD,OK,2026-06-07,0.975,True
GILD,OK,2026-06-06,0.996,True
GILD,OK,2026-06-05,0.986,True
GILD,OK,2026-06-04,0.6573,True
GILD,OK,2026-06-03,0.9838,True
GILD,OK,2026-06-02,0.96,True
GILD,OK,2026-06-01,0.961,True
GILD,OK,2026-05-31,0.978,True
GILD,OK,2026-05-29,0.9973,True
GILD,OK,2026-05-28,0.935,True
GIS,OK,2026-06-26,0.988,True
GIS,OK,2026-06-24,0.9783,True
GIS,OK,2026-06-23,0.989,True
GIS,OK,2026-06-22,0.98,True
GIS,OK,2026-06-17,0.9472,True
GIS,OK,2026-06-15,0.992,True
GIS,OK,2026-06-12,0.996,True
GIS,OK,2026-06-11,0.749,True
GIS,OK,2026-06-10,0.482,True
GIS,OK,2026-06-09,0.9743,True
GIS,OK,2026-06-08,0.996,True
GIS,OK,2026-06-06,0.9225,True
GIS,OK,2026-06-05,-0.1365,True
GIS,OK,2026-06-04,0.953,True
GIS,OK,2026-06-03,0.6086,True
GIS,OK,2026-06-02,0.8062,True
GIS,OK,2026-06-01,0.9925,True
GIS,OK,2026-05-31,0.922,True
GIS,OK,2026-05-28,1.0,True
GL,OK,2026-06-26,0.998,True
GL,OK,2026-06-25,0.9993,True
GL,OK,2026-06-24,1.0,True
GL,OK,2026-06-22,0.999,True
GL,OK,2026-06-18,0.916,True
GL,OK,2026-06-17,0.997,True
GL,OK,2026-06-15,0.939,True
GL,OK,2026-06-12,0.999,True
GL,OK,2026-06-10,1.0,True
GL,OK,2026-06-08,0.999,True
GL,OK,2026-06-07,0.996,True
GL,OK,2026-06-05,0.999,True
GL,OK,2026-06-03,0.999,True
GLW,DROPPED_FUTURE_DATE,2026-06-27,0.994,False
GLW,OK,2026-06-26,0.8567,True
GLW,OK,2026-06-25,0.918,True
GLW,OK,2026-06-24,0.8213,True
GLW,OK,2026-06-23,0.9233,True
GLW,OK,2026-06-22,0.989,True
GLW,OK,2026-06-21,0.988,True
GLW,OK,2026-06-19,0.9223,True
GLW,OK,2026-06-18,0.8373,True
GLW,OK,2026-06-16,0.945,True
GLW,OK,2026-06-15,0.8888,True
GLW,OK,2026-06-14,0.995,True
GLW,OK,2026-06-13,0.997,True
GLW,OK,2026-06-12,0.9963,True
GLW,OK,2026-06-11,0.9968,True
GLW,OK,2026-06-10,0.8527,True
GLW,OK,2026-06-09,0.901,True
GLW,OK,2026-06-08,0.6779,True
GLW,OK,2026-06-07,0.9945,True
GLW,OK,2026-06-05,0.9717,True
GLW,OK,2026-06-04,0.587,True
GLW,OK,2026-06-03,0.784,True
GLW,OK,2026-06-02,0.6985,True
GLW,OK,2026-06-01,0.966,True
GLW,OK,2026-05-31,0.9935,True
GLW,OK,2026-05-30,0.993,True
GLW,OK,2026-05-29,0.788,True
GLW,OK,2026-05-28,0.9865,True
GM,OK,2026-06-26,0.9866,True
GM,OK,2026-06-25,0.9547,True
GM,OK,2026-06-24,0.981,True
GM,OK,2026-06-23,0.877,True
GM,OK,2026-06-22,0.9647,True
GM,OK,2026-06-21,0.992,True
GM,OK,2026-06-20,0.9875,True
GM,OK,2026-06-19,0.993,True
GM,OK,2026-06-18,0.884,True
GM,OK,2026-06-17,0.8004,True
GM,OK,2026-06-16,0.6034,True
GM,OK,2026-06-15,0.9878,True
GM,OK,2026-06-13,0.9097,True
GM,OK,2026-06-12,0.273,True
GM,OK,2026-06-11,0.9259,True
GM,OK,2026-06-10,0.7982,True
GM,OK,2026-06-09,0.8199,True
GM,OK,2026-06-08,0.997,True
GM,OK,2026-06-07,0.9985,True
GM,OK,2026-06-06,0.9968,True
GM,OK,2026-06-05,0.818,True
GM,OK,2026-06-04,0.6603,True
GM,OK,2026-06-03,0.7443,True
GM,OK,2026-06-02,0.9957,True
GM,OK,2026-06-01,0.4939,True
GM,OK,2026-05-31,0.987,True
GM,OK,2026-05-29,0.5352,True
GM,OK,2026-05-28,0.8292,True
GNRC,OK,2026-06-23,0.989,True
GNRC,OK,2026-06-22,0.989,True
GNRC,OK,2026-06-18,0.946,True
GNRC,OK,2026-06-17,0.999,True
GNRC,OK,2026-06-16,0.997,True
GNRC,OK,2026-06-15,0.9716,True
GNRC,OK,2026-06-09,0.996,True
GNRC,OK,2026-06-08,0.998,True
GNRC,OK,2026-06-06,0.998,True
GNRC,OK,2026-06-05,0.998,True
GNRC,OK,2026-06-03,0.9975,True
GNRC,OK,2026-06-02,0.8163,True
GNRC,OK,2026-05-31,0.9945,True
GNRC,OK,2026-05-29,0.9975,True
GNRC,OK,2026-05-28,0.993,True
GOOG,DROPPED_FUTURE_DATE,2026-06-27,0.8667,False
GOOG,OK,2026-06-26,0.5942,True
GOOG,OK,2026-06-25,0.6672,True
GOOG,OK,2026-06-24,0.6104,True
GOOG,OK,2026-06-23,0.564,True
GOOG,OK,2026-06-22,0.634,True
GOOG,OK,2026-06-21,0.871,True
GOOG,OK,2026-06-20,0.9684,True
GOOG,OK,2026-06-19,0.8875,True
GOOG,OK,2026-06-18,0.7637,True
GOOG,OK,2026-06-17,0.6723,True
GOOG,OK,2026-06-16,0.8048,True
GOOG,OK,2026-06-15,0.6927,True
GOOG,OK,2026-06-14,0.9529,True
GOOG,OK,2026-06-13,0.9928,True
GOOG,OK,2026-06-12,0.87,True
GOOG,OK,2026-06-11,0.7624,True
GOOG,OK,2026-06-10,0.7212,True
GOOG,OK,2026-06-09,0.8487,True
GOOG,OK,2026-06-08,0.7265,True
GOOG,OK,2026-06-07,0.8412,True
GOOG,OK,2026-06-06,0.9775,True
GOOG,OK,2026-06-05,0.7491,True
GOOG,OK,2026-06-04,0.7959,True
GOOG,OK,2026-06-03,0.7588,True
GOOG,OK,2026-06-02,0.7355,True
GOOG,OK,2026-06-01,0.7999,True
GOOG,OK,2026-05-31,0.7713,True
GOOG,OK,2026-05-30,0.9062,True
GOOG,OK,2026-05-29,0.7098,True
GOOG,OK,2026-05-28,0.8744,True
GOOGL,DROPPED_FUTURE_DATE,2026-06-27,0.9025,False
GOOGL,OK,2026-06-26,0.6162,True
GOOGL,OK,2026-06-25,0.7004,True
GOOGL,OK,2026-06-24,0.6414,True
GOOGL,OK,2026-06-23,0.5775,True
GOOGL,OK,2026-06-22,0.649,True
GOOGL,OK,2026-06-21,0.9307,True
GOOGL,OK,2026-06-20,0.9739,True
GOOGL,OK,2026-06-19,0.9137,True
GOOGL,OK,2026-06-18,0.7999,True
GOOGL,OK,2026-06-17,0.7223,True
GOOGL,OK,2026-06-16,0.8195,True
GOOGL,OK,2026-06-15,0.7473,True
GOOGL,OK,2026-06-14,0.9629,True
GOOGL,OK,2026-06-13,0.9913,True
GOOGL,OK,2026-06-12,0.8695,True
GOOGL,OK,2026-06-11,0.7899,True
GOOGL,OK,2026-06-10,0.7494,True
GOOGL,OK,2026-06-09,0.8638,True
GOOGL,OK,2026-06-08,0.7662,True
GOOGL,OK,2026-06-07,0.8366,True
GOOGL,OK,2026-06-06,0.968,True
GOOGL,OK,2026-06-05,0.7819,True
GOOGL,OK,2026-06-04,0.8082,True
GOOGL,OK,2026-06-03,0.7764,True
GOOGL,OK,2026-06-02,0.7448,True
GOOGL,OK,2026-06-01,0.7856,True
GOOGL,OK,2026-05-31,0.822,True
GOOGL,OK,2026-05-30,0.9184,True
GOOGL,OK,2026-05-29,0.715,True
GOOGL,OK,2026-05-28,0.8556,True
GPC,OK,2026-06-26,0.995,True
GPC,OK,2026-06-25,0.9995,True
GPC,OK,2026-06-24,0.997,True
GPC,OK,2026-06-23,0.981,True
GPC,OK,2026-06-16,0.986,True
GPC,OK,2026-06-15,0.997,True
GPC,OK,2026-06-14,0.986,True
GPC,OK,2026-06-12,0.9935,True
GPC,OK,2026-06-11,0.969,True
GPC,OK,2026-06-09,0.997,True
GPC,OK,2026-06-05,0.988,True
GPC,OK,2026-06-04,0.987,True
GPC,OK,2026-06-02,0.991,True
GPC,OK,2026-06-01,0.986,True
GPC,OK,2026-05-28,0.994,True
GPN,OK,2026-06-26,0.998,True
GPN,OK,2026-06-23,0.997,True
GPN,OK,2026-06-21,0.997,True
GPN,OK,2026-06-20,0.9925,True
GPN,OK,2026-06-17,0.994,True
GPN,OK,2026-06-15,0.9445,True
GPN,OK,2026-06-12,0.99,True
GPN,OK,2026-06-11,0.2115,True
GPN,OK,2026-06-10,0.995,True
GPN,OK,2026-06-07,0.982,True
GPN,OK,2026-06-05,0.979,True
GPN,OK,2026-06-04,0.977,True
GPN,OK,2026-06-03,0.5893,True
GPN,OK,2026-06-02,0.997,True
GPN,OK,2026-05-30,0.987,True
GPN,OK,2026-05-29,0.981,True
GRMN,OK,2026-06-25,0.982,True
GRMN,OK,2026-06-24,0.964,True
GRMN,OK,2026-06-17,0.992,True
GRMN,OK,2026-06-13,0.978,True
GRMN,OK,2026-06-12,0.999,True
GRMN,OK,2026-06-11,0.993,True
GRMN,OK,2026-06-09,0.972,True
GRMN,OK,2026-06-06,0.976,True
GRMN,OK,2026-06-05,0.9555,True
GRMN,OK,2026-06-04,0.991,True
GRMN,OK,2026-06-03,0.992,True
GRMN,OK,2026-05-31,0.988,True
GRMN,OK,2026-05-30,0.99,True
GRMN,OK,2026-05-29,0.99,True
GS,DROPPED_FUTURE_DATE,2026-06-27,0.044,False
GS,OK,2026-06-26,0.4907,True
GS,OK,2026-06-25,0.7753,True
GS,OK,2026-06-24,0.664,True
GS,OK,2026-06-23,0.8636,True
GS,OK,2026-06-22,0.5746,True
GS,OK,2026-06-21,0.7373,True
GS,OK,2026-06-20,0.934,True
GS,OK,2026-06-19,0.5122,True
GS,OK,2026-06-18,0.6827,True
GS,OK,2026-06-17,0.6958,True
GS,OK,2026-06-16,0.5525,True
GS,OK,2026-06-15,0.8479,True
GS,OK,2026-06-14,0.9856,True
GS,OK,2026-06-13,0.447,True
GS,OK,2026-06-12,0.8865,True
GS,OK,2026-06-11,0.9687,True
GS,OK,2026-06-10,0.6825,True
GS,OK,2026-06-09,0.8056,True
GS,OK,2026-06-08,0.7298,True
GS,OK,2026-06-07,0.974,True
GS,OK,2026-06-06,0.9917,True
GS,OK,2026-06-05,0.8308,True
GS,OK,2026-06-04,0.8622,True
GS,OK,2026-06-03,0.5081,True
GS,OK,2026-06-02,0.6511,True
GS,OK,2026-06-01,0.4239,True
GS,OK,2026-05-31,0.0252,True
GS,OK,2026-05-30,0.916,True
GS,OK,2026-05-29,0.5013,True
GS,OK,2026-05-28,0.8712,True
GSK,OK,2026-06-26,0.997,True
GSK,OK,2026-06-25,0.999,True
GSK,OK,2026-06-24,0.9935,True
GSK,OK,2026-06-23,0.9995,True
GSK,OK,2026-06-22,0.992,True
GSK,OK,2026-06-21,0.999,True
GSK,OK,2026-06-19,0.9927,True
GSK,OK,2026-06-18,0.9923,True
GSK,OK,2026-06-17,0.999,True
GSK,OK,2026-06-16,0.6537,True
GSK,OK,2026-06-14,0.9755,True
GSK,OK,2026-06-13,0.9887,True
GSK,OK,2026-06-12,0.9715,True
GSK,OK,2026-06-11,0.9858,True
GSK,OK,2026-06-10,0.9218,True
GSK,OK,2026-06-09,0.7023,True
GSK,OK,2026-06-05,0.99,True
GSK,OK,2026-06-04,0.997,True
GSK,OK,2026-06-03,0.9938,True
GSK,OK,2026-06-02,0.995,True
GSK,OK,2026-06-01,0.995,True
GSK,OK,2026-05-30,0.998,True
GSK,OK,2026-05-29,0.983,True
GWW,OK,2026-06-23,0.983,True
GWW,OK,2026-06-22,0.994,True
GWW,OK,2026-06-20,0.981,True
GWW,OK,2026-06-19,0.9963,True
GWW,OK,2026-06-18,0.9985,True
GWW,OK,2026-06-17,0.985,True
GWW,OK,2026-06-16,1.0,True
GWW,OK,2026-06-15,0.9777,True
GWW,OK,2026-06-11,0.996,True
GWW,OK,2026-06-10,0.9915,True
GWW,OK,2026-06-09,0.95,True
GWW,OK,2026-06-08,0.995,True
GWW,OK,2026-06-04,0.996,True
GWW,OK,2026-06-03,0.999,True
GWW,OK,2026-06-02,0.999,True
HAL,OK,2026-06-26,0.989,True
HAL,OK,2026-06-25,0.988,True
HAL,OK,2026-06-24,0.4954,True
HAL,OK,2026-06-18,-0.2854,True
HAL,OK,2026-06-17,0.9953,True
HAL,OK,2026-06-16,0.3813,True
HAL,OK,2026-06-15,0.9168,True
HAL,OK,2026-06-13,0.996,True
HAL,OK,2026-06-12,0.997,True
HAL,OK,2026-06-10,0.2299,True
HAL,OK,2026-06-09,0.6997,True
HAL,OK,2026-06-08,0.3368,True
HAL,OK,2026-06-07,0.991,True
HAL,OK,2026-06-06,0.98,True
HAL,OK,2026-06-05,0.996,True
HAL,OK,2026-06-03,0.986,True
HAL,OK,2026-06-02,0.937,True
HAL,OK,2026-06-01,0.996,True
HAL,OK,2026-05-31,0.999,True
HAL,OK,2026-05-29,0.993,True
HAL,OK,2026-05-28,0.973,True
HAS,OK,2026-06-26,0.9945,True
HAS,OK,2026-06-23,0.9885,True
HAS,OK,2026-06-19,0.9983,True
HAS,OK,2026-06-18,0.9965,True
HAS,OK,2026-06-17,0.99,True
HAS,OK,2026-06-16,0.9985,True
HAS,OK,2026-06-15,0.98,True
HAS,OK,2026-06-14,0.999,True
HAS,OK,2026-06-12,0.9955,True
HAS,OK,2026-06-11,0.9973,True
HAS,OK,2026-06-10,0.987,True
HAS,OK,2026-06-09,0.992,True
HAS,OK,2026-06-08,0.999,True
HAS,OK,2026-06-05,0.93,True
HAS,OK,2026-06-04,0.999,True
HAS,OK,2026-06-03,0.999,True
HAS,OK,2026-06-02,0.9946,True
HAS,OK,2026-05-30,0.997,True
HAS,OK,2026-05-28,0.991,True
HBAN,OK,2026-06-25,0.888,True
HBAN,OK,2026-06-23,0.993,True
HBAN,OK,2026-06-17,0.996,True
HBAN,OK,2026-06-16,0.99,True
HBAN,OK,2026-06-15,0.997,True
HBAN,OK,2026-06-12,0.997,True
HBAN,OK,2026-06-11,0.9975,True
HBAN,OK,2026-06-10,0.998,True
HBAN,OK,2026-06-09,0.9953,True
HBAN,OK,2026-06-08,0.999,True
HBAN,OK,2026-06-05,0.9985,True
HBAN,OK,2026-06-04,0.9985,True
HBAN,OK,2026-06-03,0.997,True
HBAN,OK,2026-06-02,0.998,True
HBAN,OK,2026-06-01,0.9983,True
HBAN,OK,2026-05-29,0.9985,True
HBAN,OK,2026-05-28,0.998,True
HCA,DROPPED_FUTURE_DATE,2026-06-27,0.999,False
HCA,OK,2026-06-24,0.999,True
HCA,OK,2026-06-23,0.981,True
HCA,OK,2026-06-22,0.996,True
HCA,OK,2026-06-21,1.0,True
HCA,OK,2026-06-19,0.993,True
HCA,OK,2026-06-16,0.999,True
HCA,OK,2026-06-15,0.998,True
HCA,OK,2026-06-11,0.988,True
HCA,OK,2026-06-10,0.9965,True
HCA,OK,2026-06-09,0.997,True
HCA,OK,2026-06-07,0.98,True
HCA,OK,2026-06-05,0.985,True
HCA,OK,2026-06-04,0.9835,True
HCA,OK,2026-06-03,0.997,True
HCA,OK,2026-06-02,0.9875,True
HCA,OK,2026-05-28,0.997,True
HD,DROPPED_FUTURE_DATE,2026-06-27,0.999,False
HD,OK,2026-06-26,0.991,True
HD,OK,2026-06-25,0.989,True
HD,OK,2026-06-24,0.1368,True
HD,OK,2026-06-23,0.945,True
HD,OK,2026-06-22,0.9874,True
HD,OK,2026-06-20,0.985,True
HD,OK,2026-06-19,0.9963,True
HD,OK,2026-06-18,0.9933,True
HD,OK,2026-06-17,0.9868,True
HD,OK,2026-06-15,0.988,True
HD,OK,2026-06-14,0.998,True
HD,OK,2026-06-12,0.9173,True
HD,OK,2026-06-11,0.9987,True
HD,OK,2026-06-10,0.9937,True
HD,OK,2026-06-09,0.946,True
HD,OK,2026-06-08,0.934,True
HD,OK,2026-06-07,0.871,True
HD,OK,2026-06-06,0.8938,True
HD,OK,2026-06-04,0.45,True
HD,OK,2026-06-03,0.9955,True
HD,OK,2026-06-02,0.663,True
HD,OK,2026-06-01,0.845,True
HD,OK,2026-05-30,0.994,True
HD,OK,2026-05-29,0.9985,True
HD,OK,2026-05-28,0.9867,True
HDB,OK,2026-06-24,0.0,True
HDB,OK,2026-06-17,0.4975,True
HDB,OK,2026-06-16,-0.296,True
HDB,OK,2026-06-12,0.9945,True
HDB,OK,2026-06-10,-0.296,True
HDB,OK,2026-06-03,0.347,True
HDB,OK,2026-05-29,-0.296,True
HDB,OK,2026-05-28,-0.296,True
HIG,OK,2026-06-23,0.983,True
HIG,OK,2026-06-14,0.995,True
HIG,OK,2026-06-11,0.9825,True
HIG,OK,2026-06-09,0.998,True
HIG,OK,2026-06-05,0.998,True
HIG,OK,2026-06-04,0.9863,True
HIG,OK,2026-06-03,0.6472,True
HIG,OK,2026-06-01,0.976,True
HIG,OK,2026-05-28,0.998,True
HII,OK,2026-06-26,0.9953,True
HII,OK,2026-06-24,0.999,True
HII,OK,2026-06-23,0.991,True
HII,OK,2026-06-22,0.8055,True
HII,OK,2026-06-18,0.9657,True
HII,OK,2026-06-17,0.999,True
HII,OK,2026-06-16,0.995,True
HII,OK,2026-06-15,0.4827,True
HII,OK,2026-06-11,0.995,True
HII,OK,2026-06-08,0.996,True
HII,OK,2026-06-07,0.995,True
HII,OK,2026-06-04,0.9973,True
HII,OK,2026-06-03,0.992,True
HII,OK,2026-06-02,0.995,True
HII,OK,2026-06-01,0.9675,True
HII,OK,2026-05-29,0.995,True
HII,OK,2026-05-28,0.998,True
HLT,OK,2026-06-23,0.944,True
HLT,OK,2026-06-18,0.428,True
HLT,OK,2026-06-16,0.987,True
HLT,OK,2026-06-13,0.997,True
HLT,OK,2026-06-12,0.999,True
HLT,OK,2026-06-08,0.6315,True
HLT,OK,2026-06-07,0.9975,True
HLT,OK,2026-06-04,0.9985,True
HLT,OK,2026-06-03,0.972,True
HLT,OK,2026-06-02,0.997,True
HLT,OK,2026-06-01,0.9987,True
HLT,OK,2026-05-30,0.972,True
HLT,OK,2026-05-28,0.998,True
HON,DROPPED_FUTURE_DATE,2026-06-27,0.998,False
HON,OK,2026-06-26,0.979,True
HON,OK,2026-06-25,0.5253,True
HON,OK,2026-06-24,0.7476,True
HON,OK,2026-06-23,0.8823,True
HON,OK,2026-06-22,0.9957,True
HON,OK,2026-06-19,0.9815,True
HON,OK,2026-06-18,0.9613,True
HON,OK,2026-06-17,0.926,True
HON,OK,2026-06-16,0.9757,True
HON,OK,2026-06-15,0.8046,True
HON,OK,2026-06-14,0.99,True
HON,OK,2026-06-12,0.9492,True
HON,OK,2026-06-11,0.871,True
HON,OK,2026-06-10,0.6802,True
HON,OK,2026-06-09,0.9948,True
HON,OK,2026-06-08,0.8496,True
HON,OK,2026-06-07,0.9945,True
HON,OK,2026-06-05,0.893,True
HON,OK,2026-06-04,0.7746,True
HON,OK,2026-06-03,0.8385,True
HON,OK,2026-06-02,0.5503,True
HON,OK,2026-06-01,0.9545,True
HON,OK,2026-05-31,0.991,True
HON,OK,2026-05-30,0.993,True
HON,OK,2026-05-29,0.7325,True
HON,OK,2026-05-28,0.975,True
HOOD,DROPPED_FUTURE_DATE,2026-06-27,0.987,False
HOOD,OK,2026-06-26,0.8348,True
HOOD,OK,2026-06-25,0.5731,True
HOOD,OK,2026-06-24,0.6033,True
HOOD,OK,2026-06-23,0.8804,True
HOOD,OK,2026-06-22,0.6685,True
HOOD,OK,2026-06-20,0.6947,True
HOOD,OK,2026-06-19,0.978,True
HOOD,OK,2026-06-18,0.7944,True
HOOD,OK,2026-06-17,0.6358,True
HOOD,OK,2026-06-16,0.7245,True
HOOD,OK,2026-06-15,0.6919,True
HOOD,OK,2026-06-14,0.9907,True
HOOD,OK,2026-06-13,0.9952,True
HOOD,OK,2026-06-12,0.8386,True
HOOD,OK,2026-06-11,0.9913,True
HOOD,OK,2026-06-10,0.4079,True
HOOD,OK,2026-06-09,0.876,True
HOOD,OK,2026-06-08,0.6952,True
HOOD,OK,2026-06-07,0.984,True
HOOD,OK,2026-06-06,0.9887,True
HOOD,OK,2026-06-05,0.9893,True
HOOD,OK,2026-06-04,0.7702,True
HOOD,OK,2026-06-03,0.8997,True
HOOD,OK,2026-06-02,0.9245,True
HOOD,OK,2026-06-01,0.7439,True
HOOD,OK,2026-05-31,0.9957,True
HOOD,OK,2026-05-30,0.9875,True
HOOD,OK,2026-05-29,0.6679,True
HOOD,OK,2026-05-28,0.6356,True
HPE,DROPPED_FUTURE_DATE,2026-06-27,0.9915,False
HPE,OK,2026-06-26,0.9945,True
HPE,OK,2026-06-25,0.9943,True
HPE,OK,2026-06-24,0.9921,True
HPE,OK,2026-06-23,0.9594,True
HPE,OK,2026-06-22,0.9656,True
HPE,OK,2026-06-21,0.999,True
HPE,OK,2026-06-20,0.9955,True
HPE,OK,2026-06-19,0.855,True
HPE,OK,2026-06-18,0.9853,True
HPE,OK,2026-06-17,0.7107,True
HPE,OK,2026-06-16,0.894,True
HPE,OK,2026-06-15,0.8669,True
HPE,OK,2026-06-14,0.9957,True
HPE,OK,2026-06-13,0.9933,True
HPE,OK,2026-06-12,0.99,True
HPE,OK,2026-06-11,0.9824,True
HPE,OK,2026-06-10,0.955,True
HPE,OK,2026-06-09,0.9791,True
HPE,OK,2026-06-08,0.8213,True
HPE,OK,2026-06-07,0.9653,True
HPE,OK,2026-06-06,0.9826,True
HPE,OK,2026-06-05,0.7964,True
HPE,OK,2026-06-04,0.9283,True
HPE,OK,2026-06-03,0.9953,True
HPE,OK,2026-06-02,0.7792,True
HPE,OK,2026-06-01,0.7397,True
HPE,OK,2026-05-31,0.9745,True
HPE,OK,2026-05-30,0.983,True
HPE,OK,2026-05-29,0.8954,True
HPE,OK,2026-05-28,0.9985,True
HPQ,OK,2026-06-26,0.996,True
HPQ,OK,2026-06-25,0.998,True
HPQ,OK,2026-06-23,0.9907,True
HPQ,OK,2026-06-22,0.7825,True
HPQ,OK,2026-06-18,0.947,True
HPQ,OK,2026-06-17,0.9985,True
HPQ,OK,2026-06-16,0.851,True
HPQ,OK,2026-06-15,0.978,True
HPQ,OK,2026-06-14,0.969,True
HPQ,OK,2026-06-13,0.998,True
HPQ,OK,2026-06-12,0.9945,True
HPQ,OK,2026-06-11,0.992,True
HPQ,OK,2026-06-09,0.998,True
HPQ,OK,2026-06-08,0.999,True
HPQ,OK,2026-06-06,0.9875,True
HPQ,OK,2026-06-05,0.9733,True
HPQ,OK,2026-06-04,0.984,True
HPQ,OK,2026-06-03,0.995,True
HPQ,OK,2026-06-02,0.862,True
HPQ,OK,2026-06-01,0.7675,True
HPQ,OK,2026-05-31,0.997,True
HPQ,OK,2026-05-30,0.996,True
HPQ,OK,2026-05-29,0.7852,True
HPQ,OK,2026-05-28,0.3831,True
HRL,OK,2026-06-26,0.991,True
HRL,OK,2026-06-25,0.9957,True
HRL,OK,2026-06-23,0.995,True
HRL,OK,2026-06-21,0.991,True
HRL,OK,2026-06-17,0.965,True
HRL,OK,2026-06-12,0.99,True
HRL,OK,2026-06-11,0.999,True
HRL,OK,2026-06-09,0.999,True
HRL,OK,2026-06-07,0.957,True
HRL,OK,2026-06-06,0.999,True
HRL,OK,2026-06-05,0.981,True
HRL,OK,2026-06-04,0.997,True
HRL,OK,2026-06-03,0.981,True
HRL,OK,2026-06-02,0.987,True
HRL,OK,2026-06-01,0.9918,True
HRL,OK,2026-05-31,0.997,True
HRL,OK,2026-05-30,0.996,True
HRL,OK,2026-05-29,0.994,True
HRL,OK,2026-05-28,0.4943,True
HSBC,OK,2026-06-26,0.2883,True
HSBC,OK,2026-06-25,0.846,True
HSBC,OK,2026-06-24,0.8225,True
HSBC,OK,2026-06-23,0.9931,True
HSBC,OK,2026-06-22,0.9411,True
HSBC,OK,2026-06-21,0.994,True
HSBC,OK,2026-06-20,0.997,True
HSBC,OK,2026-06-19,0.2977,True
HSBC,OK,2026-06-18,0.5103,True
HSBC,OK,2026-06-17,0.4984,True
HSBC,OK,2026-06-16,0.6548,True
HSBC,OK,2026-06-15,0.5389,True
HSBC,OK,2026-06-14,0.9867,True
HSBC,OK,2026-06-13,0.985,True
HSBC,OK,2026-06-12,0.3253,True
HSBC,OK,2026-06-11,0.8964,True
HSBC,OK,2026-06-10,0.6241,True
HSBC,OK,2026-06-09,0.7313,True
HSBC,OK,2026-06-08,0.7302,True
HSBC,OK,2026-06-07,0.9791,True
HSBC,OK,2026-06-06,0.992,True
HSBC,OK,2026-06-05,0.7083,True
HSBC,OK,2026-06-04,0.7023,True
HSBC,OK,2026-06-03,0.9644,True
HSBC,OK,2026-06-02,0.331,True
HSBC,OK,2026-06-01,0.5739,True
HSBC,OK,2026-05-31,0.9813,True
HSBC,OK,2026-05-30,0.9915,True
HSBC,OK,2026-05-29,0.8416,True
HSBC,OK,2026-05-28,0.5987,True
HSIC,OK,2026-06-26,0.996,True
HSIC,OK,2026-06-24,0.997,True
HSIC,OK,2026-06-23,0.989,True
HSIC,OK,2026-06-18,0.994,True
HSIC,OK,2026-06-14,0.994,True
HSIC,OK,2026-06-11,0.857,True
HSIC,OK,2026-06-09,0.9895,True
HSIC,OK,2026-06-04,0.997,True
HSIC,OK,2026-05-30,0.999,True
HSIC,OK,2026-05-29,0.996,True
HSIC,OK,2026-05-28,0.998,True
HST,OK,2026-06-25,0.996,True
HST,OK,2026-06-24,0.998,True
HST,OK,2026-06-19,0.998,True
HST,OK,2026-06-18,0.933,True
HST,OK,2026-06-11,0.997,True
HST,OK,2026-06-09,0.998,True
HST,OK,2026-06-07,0.997,True
HST,OK,2026-06-06,0.993,True
HST,OK,2026-05-28,0.557,True
HSY,OK,2026-06-26,0.986,True
HSY,OK,2026-06-25,0.991,True
HSY,OK,2026-06-24,0.9953,True
HSY,OK,2026-06-23,0.935,True
HSY,OK,2026-06-22,0.998,True
HSY,OK,2026-06-18,0.997,True
HSY,OK,2026-06-17,0.994,True
HSY,OK,2026-06-16,0.977,True
HSY,OK,2026-06-15,0.996,True
HSY,OK,2026-06-13,0.996,True
HSY,OK,2026-06-12,0.9925,True
HSY,OK,2026-06-11,0.991,True
HSY,OK,2026-06-09,0.9507,True
HSY,OK,2026-06-07,0.972,True
HSY,OK,2026-06-05,0.984,True
HSY,OK,2026-06-03,0.9825,True
HSY,OK,2026-06-02,0.9885,True
HSY,OK,2026-06-01,0.999,True
HSY,OK,2026-05-30,0.9995,True
HSY,OK,2026-05-29,0.991,True
HSY,OK,2026-05-28,0.985,True
HTHIY,OK,2026-06-26,0.997,True
HTHIY,OK,2026-06-24,0.958,True
HTHIY,OK,2026-06-19,0.993,True
HTHIY,OK,2026-06-10,0.9955,True
HTHIY,OK,2026-06-09,0.916,True
HTHIY,OK,2026-06-05,0.9815,True
HTHIY,OK,2026-06-02,0.998,True
HUBB,OK,2026-06-26,0.999,True
HUBB,OK,2026-06-25,0.997,True
HUBB,OK,2026-06-22,0.994,True
HUBB,OK,2026-06-18,0.997,True
HUBB,OK,2026-06-16,0.996,True
HUBB,OK,2026-06-14,0.998,True
HUBB,OK,2026-06-13,0.993,True
HUBB,OK,2026-06-11,0.9935,True
HUBB,OK,2026-06-10,0.494,True
HUBB,OK,2026-06-09,0.877,True
HUBB,OK,2026-06-08,0.9895,True
HUBB,OK,2026-06-03,0.974,True
HUBB,OK,2026-06-02,0.976,True
HUBB,OK,2026-05-28,0.878,True
HUM,OK,2026-06-26,0.975,True
HUM,OK,2026-06-25,0.996,True
HUM,OK,2026-06-24,0.997,True
HUM,OK,2026-06-23,0.994,True
HUM,OK,2026-06-22,0.9855,True
HUM,OK,2026-06-21,0.998,True
HUM,OK,2026-06-19,0.9985,True
HUM,OK,2026-06-18,0.9965,True
HUM,OK,2026-06-17,0.998,True
HUM,OK,2026-06-16,0.7185,True
HUM,OK,2026-06-15,0.9942,True
HUM,OK,2026-06-14,0.9963,True
HUM,OK,2026-06-13,0.994,True
HUM,OK,2026-06-12,0.997,True
HUM,OK,2026-06-11,0.9763,True
HUM,OK,2026-06-10,0.9945,True
HUM,OK,2026-06-09,0.99,True
HUM,OK,2026-06-08,0.983,True
HUM,OK,2026-06-07,0.96,True
HUM,OK,2026-06-06,0.998,True
HUM,OK,2026-06-05,0.988,True
HUM,OK,2026-06-04,0.5208,True
HUM,OK,2026-06-03,1.0,True
HUM,OK,2026-06-02,0.997,True
HUM,OK,2026-06-01,0.9915,True
HUM,OK,2026-05-29,0.999,True
HWM,DROPPED_FUTURE_DATE,2026-06-27,0.97,False
HWM,OK,2026-06-26,0.998,True
HWM,OK,2026-06-25,0.987,True
HWM,OK,2026-06-23,0.996,True
HWM,OK,2026-06-22,0.997,True
HWM,OK,2026-06-21,0.999,True
HWM,OK,2026-06-20,0.989,True
HWM,OK,2026-06-19,0.9985,True
HWM,OK,2026-06-18,0.8055,True
HWM,OK,2026-06-17,0.5087,True
HWM,OK,2026-06-16,0.9985,True
HWM,OK,2026-06-15,0.993,True
HWM,OK,2026-06-13,0.7017,True
HWM,OK,2026-06-12,0.9403,True
HWM,OK,2026-06-11,0.997,True
HWM,OK,2026-06-10,0.991,True
HWM,OK,2026-06-09,0.994,True
HWM,OK,2026-06-05,0.9943,True
HWM,OK,2026-06-04,0.9977,True
HWM,OK,2026-06-01,0.97,True
HWM,OK,2026-05-29,0.964,True
HWM,OK,2026-05-28,0.931,True
IBKR,OK,2026-06-26,0.993,True
IBKR,OK,2026-06-25,0.995,True
IBKR,OK,2026-06-24,0.908,True
IBKR,OK,2026-06-23,0.9883,True
IBKR,OK,2026-06-22,0.997,True
IBKR,OK,2026-06-20,0.0465,True
IBKR,OK,2026-06-19,0.997,True
IBKR,OK,2026-06-18,0.999,True
IBKR,OK,2026-06-17,0.969,True
IBKR,OK,2026-06-16,0.9995,True
IBKR,OK,2026-06-15,0.993,True
IBKR,OK,2026-06-13,0.998,True
IBKR,OK,2026-06-11,0.995,True
IBKR,OK,2026-06-10,0.979,True
IBKR,OK,2026-06-09,0.994,True
IBKR,OK,2026-06-08,0.4785,True
IBKR,OK,2026-06-07,0.999,True
IBKR,OK,2026-06-06,0.9725,True
IBKR,OK,2026-06-05,0.8776,True
IBKR,OK,2026-06-04,0.9775,True
IBKR,OK,2026-06-03,0.9978,True
IBKR,OK,2026-06-02,0.7468,True
IBKR,OK,2026-06-01,0.997,True
IBKR,OK,2026-05-30,0.983,True
IBKR,OK,2026-05-29,0.9155,True
IBKR,OK,2026-05-28,0.9955,True
IBM,DROPPED_FUTURE_DATE,2026-06-27,0.995,False
IBM,OK,2026-06-26,0.4475,True
IBM,OK,2026-06-25,0.8272,True
IBM,OK,2026-06-24,0.9848,True
IBM,OK,2026-06-23,0.6501,True
IBM,OK,2026-06-22,0.8236,True
IBM,OK,2026-06-21,0.011,True
IBM,OK,2026-06-20,0.998,True
IBM,OK,2026-06-19,0.8736,True
IBM,OK,2026-06-18,0.2026,True
IBM,OK,2026-06-17,0.9737,True
IBM,OK,2026-06-16,0.9929,True
IBM,OK,2026-06-15,0.9915,True
IBM,OK,2026-06-14,0.9487,True
IBM,OK,2026-06-13,0.9918,True
IBM,OK,2026-06-12,0.752,True
IBM,OK,2026-06-11,0.8018,True
IBM,OK,2026-06-10,0.8634,True
IBM,OK,2026-06-09,0.8112,True
IBM,OK,2026-06-08,0.9516,True
IBM,OK,2026-06-07,0.9908,True
IBM,OK,2026-06-06,0.7687,True
IBM,OK,2026-06-05,0.5382,True
IBM,OK,2026-06-04,0.9414,True
IBM,OK,2026-06-03,0.7923,True
IBM,OK,2026-06-02,0.7484,True
IBM,OK,2026-06-01,0.7046,True
IBM,OK,2026-05-31,0.9925,True
IBM,OK,2026-05-30,0.9921,True
IBM,OK,2026-05-29,0.6005,True
IBM,OK,2026-05-28,0.8299,True
IBN,OK,2026-06-23,0.0,True
IBN,OK,2026-06-11,0.994,True
IBN,OK,2026-06-04,0.948,True
IBN,OK,2026-06-01,0.0,True
IBN,OK,2026-05-28,0.994,True
ICE,OK,2026-06-26,0.7482,True
ICE,OK,2026-06-25,0.979,True
ICE,OK,2026-06-23,0.9895,True
ICE,OK,2026-06-22,0.9898,True
ICE,OK,2026-06-20,0.9913,True
ICE,OK,2026-06-19,0.999,True
ICE,OK,2026-06-18,0.967,True
ICE,OK,2026-06-17,0.9747,True
ICE,OK,2026-06-16,0.974,True
ICE,OK,2026-06-15,0.9758,True
ICE,OK,2026-06-12,0.9442,True
ICE,OK,2026-06-11,0.952,True
ICE,OK,2026-06-10,0.9627,True
ICE,OK,2026-06-09,0.8832,True
ICE,OK,2026-06-08,0.5995,True
ICE,OK,2026-06-07,0.999,True
ICE,OK,2026-06-05,0.9788,True
ICE,OK,2026-06-04,0.9825,True
ICE,OK,2026-06-03,0.9229,True
ICE,OK,2026-06-02,0.6457,True
ICE,OK,2026-06-01,0.758,True
ICE,OK,2026-05-30,0.99,True
ICE,OK,2026-05-29,0.979,True
ICE,OK,2026-05-28,0.943,True
IDXX,OK,2026-06-22,0.991,True
IDXX,OK,2026-06-09,0.991,True
IDXX,OK,2026-06-04,0.993,True
IDXX,OK,2026-06-03,0.962,True
IEX,OK,2026-06-25,0.997,True
IEX,OK,2026-06-24,0.997,True
IEX,OK,2026-06-22,0.999,True
IEX,OK,2026-06-19,0.993,True
IEX,OK,2026-06-18,0.8,True
IEX,OK,2026-06-17,0.983,True
IEX,OK,2026-06-12,0.996,True
IEX,OK,2026-06-09,0.995,True
IEX,OK,2026-06-01,1.0,True
IEX,OK,2026-05-29,0.9983,True
IFF,OK,2026-06-18,0.984,True
IFF,OK,2026-06-12,0.7595,True
IFF,OK,2026-06-10,0.9755,True
IFF,OK,2026-06-09,0.9855,True
IFF,OK,2026-06-08,1.0,True
IFF,OK,2026-06-07,0.985,True
IFF,OK,2026-06-05,0.997,True
IFF,OK,2026-06-04,0.9985,True
IFF,OK,2026-06-01,0.997,True
IFF,OK,2026-05-29,0.5473,True
IFF,OK,2026-05-28,0.999,True
IFNNY,OK,2026-06-25,0.9985,True
IFNNY,OK,2026-06-24,0.995,True
IFNNY,OK,2026-06-22,-0.71,True
IFNNY,OK,2026-06-18,0.97,True
IFNNY,OK,2026-06-15,1.0,True
IFNNY,OK,2026-06-12,0.827,True
IFNNY,OK,2026-06-10,0.999,True
IFNNY,OK,2026-06-09,0.998,True
IFNNY,OK,2026-06-06,0.9116,True
IFNNY,OK,2026-06-05,0.5457,True
IFNNY,OK,2026-06-03,0.999,True
IFNNY,OK,2026-06-02,0.4995,True
IFNNY,OK,2026-06-01,0.994,True
IFNNY,OK,2026-05-31,0.993,True
IFNNY,OK,2026-05-29,0.9923,True
IMO,OK,2026-06-23,0.998,True
IMO,OK,2026-06-22,0.999,True
IMO,OK,2026-06-11,0.992,True
IMO,OK,2026-06-10,0.997,True
IMO,OK,2026-06-09,0.998,True
IMO,OK,2026-06-06,0.998,True
IMO,OK,2026-06-05,0.9945,True
IMO,OK,2026-06-03,0.9995,True
IMO,OK,2026-06-02,0.968,True
IMO,OK,2026-06-01,0.9993,True
IMO,OK,2026-05-29,0.9987,True
IMO,OK,2026-05-28,0.5,True
INCY,DROPPED_FUTURE_DATE,2026-06-27,0.997,False
INCY,OK,2026-06-26,0.5414,True
INCY,OK,2026-06-22,0.8494,True
INCY,OK,2026-06-21,0.989,True
INCY,OK,2026-06-19,0.9755,True
INCY,OK,2026-06-17,0.996,True
INCY,OK,2026-06-16,0.996,True
INCY,OK,2026-06-15,0.9685,True
INCY,OK,2026-06-14,0.998,True
INCY,OK,2026-06-13,0.9937,True
INCY,OK,2026-06-12,0.997,True
INCY,OK,2026-06-11,0.527,True
INCY,OK,2026-06-10,0.99,True
INCY,OK,2026-06-09,0.986,True
INCY,OK,2026-06-08,0.626,True
INCY,OK,2026-06-05,0.9937,True
INCY,OK,2026-06-04,0.999,True
INCY,OK,2026-06-02,0.494,True
INCY,OK,2026-05-30,0.9205,True
INCY,OK,2026-05-29,0.993,True
INCY,OK,2026-05-28,0.9967,True
ING,DROPPED_FUTURE_DATE,2026-06-27,0.987,False
ING,OK,2026-06-25,0.998,True
ING,OK,2026-06-23,0.5633,True
ING,OK,2026-06-18,0.997,True
ING,OK,2026-06-16,0.992,True
ING,OK,2026-06-15,0.9953,True
ING,OK,2026-06-12,0.6393,True
ING,OK,2026-06-11,0.998,True
ING,OK,2026-06-10,0.6653,True
ING,OK,2026-06-09,0.992,True
ING,OK,2026-06-08,0.7706,True
ING,OK,2026-06-07,0.997,True
ING,OK,2026-06-06,-0.997,True
ING,OK,2026-06-04,0.9825,True
ING,OK,2026-06-03,-0.928,True
ING,OK,2026-06-02,0.992,True
ING,OK,2026-05-29,-0.477,True
ING,OK,2026-05-28,0.998,True
INTC,DROPPED_FUTURE_DATE,2026-06-27,0.9815,False
INTC,OK,2026-06-26,0.5342,True
INTC,OK,2026-06-25,0.7382,True
INTC,OK,2026-06-24,0.7158,True
INTC,OK,2026-06-23,0.6005,True
INTC,OK,2026-06-22,0.7367,True
INTC,OK,2026-06-21,0.9705,True
INTC,OK,2026-06-20,0.9869,True
INTC,OK,2026-06-19,0.8463,True
INTC,OK,2026-06-18,0.5167,True
INTC,OK,2026-06-17,0.7739,True
INTC,OK,2026-06-16,0.7631,True
INTC,OK,2026-06-15,0.9112,True
INTC,OK,2026-06-14,0.8804,True
INTC,OK,2026-06-13,0.9336,True
INTC,OK,2026-06-12,0.8456,True
INTC,OK,2026-06-11,0.6456,True
INTC,OK,2026-06-10,0.7775,True
INTC,OK,2026-06-09,0.7695,True
INTC,OK,2026-06-08,0.6499,True
INTC,OK,2026-06-07,0.9865,True
INTC,OK,2026-06-06,0.8425,True
INTC,OK,2026-06-05,0.7276,True
INTC,OK,2026-06-04,0.7843,True
INTC,OK,2026-06-03,0.8893,True
INTC,OK,2026-06-02,0.9121,True
INTC,OK,2026-06-01,0.7773,True
INTC,OK,2026-05-31,0.9501,True
INTC,OK,2026-05-30,0.8929,True
INTC,OK,2026-05-29,0.7418,True
INTC,OK,2026-05-28,0.8092,True
INTU,OK,2026-06-26,0.0638,True
INTU,OK,2026-06-25,0.9756,True
INTU,OK,2026-06-24,0.361,True
INTU,OK,2026-06-23,0.7877,True
INTU,OK,2026-06-22,0.806,True
INTU,OK,2026-06-21,0.988,True
INTU,OK,2026-06-20,0.996,True
INTU,OK,2026-06-19,0.993,True
INTU,OK,2026-06-18,0.9793,True
INTU,OK,2026-06-17,0.9863,True
INTU,OK,2026-06-16,0.5792,True
INTU,OK,2026-06-15,0.992,True
INTU,OK,2026-06-14,0.999,True
INTU,OK,2026-06-13,0.9915,True
INTU,OK,2026-06-12,0.355,True
INTU,OK,2026-06-11,-0.0094,True
INTU,OK,2026-06-10,0.9937,True
INTU,OK,2026-06-09,0.8213,True
INTU,OK,2026-06-06,0.9945,True
INTU,OK,2026-06-05,0.9637,True
INTU,OK,2026-06-04,0.9995,True
INTU,OK,2026-06-03,0.7781,True
INTU,OK,2026-06-02,0.6578,True
INTU,OK,2026-06-01,0.9856,True
INTU,OK,2026-05-30,0.9785,True
INTU,OK,2026-05-29,0.9273,True
INTU,OK,2026-05-28,0.9725,True
INVH,OK,2026-06-24,0.987,True
INVH,OK,2026-06-22,0.993,True
INVH,OK,2026-06-16,0.6505,True
INVH,OK,2026-06-15,0.988,True
INVH,OK,2026-06-12,0.627,True
INVH,OK,2026-06-08,1.0,True
INVH,OK,2026-06-05,0.998,True
INVH,OK,2026-06-03,0.998,True
INVH,OK,2026-06-02,0.988,True
INVH,OK,2026-06-01,0.9493,True
INVH,OK,2026-05-29,0.999,True
IP,OK,2026-06-26,0.99,True
IP,OK,2026-06-25,0.972,True
IP,OK,2026-06-24,-0.014,True
IP,OK,2026-06-23,0.967,True
IP,OK,2026-06-18,0.972,True
IP,OK,2026-06-17,1.0,True
IP,OK,2026-06-16,0.994,True
IP,OK,2026-06-15,0.996,True
IP,OK,2026-06-09,0.997,True
IP,OK,2026-06-08,0.4605,True
IP,OK,2026-06-05,0.9975,True
IP,OK,2026-06-04,0.997,True
IP,OK,2026-06-03,0.995,True
IP,OK,2026-06-02,0.996,True
IP,OK,2026-06-01,0.994,True
IP,OK,2026-05-31,0.996,True
IP,OK,2026-05-29,0.998,True
IQV,OK,2026-06-25,0.992,True
IQV,OK,2026-06-24,0.9915,True
IQV,OK,2026-06-23,0.999,True
IQV,OK,2026-06-22,0.996,True
IQV,OK,2026-06-21,0.989,True
IQV,OK,2026-06-19,0.953,True
IQV,OK,2026-06-17,0.9933,True
IQV,OK,2026-06-15,0.999,True
IQV,OK,2026-06-12,1.0,True
IQV,OK,2026-06-09,0.9835,True
IQV,OK,2026-06-08,0.981,True
IQV,OK,2026-06-06,0.996,True
IQV,OK,2026-06-05,0.9825,True
IQV,OK,2026-06-04,0.9975,True
IQV,OK,2026-06-03,0.2115,True
IQV,OK,2026-06-01,0.994,True
IQV,OK,2026-05-30,0.991,True
IQV,OK,2026-05-29,1.0,True
IR,OK,2026-06-25,0.9765,True
IR,OK,2026-06-19,0.99,True
IR,OK,2026-06-18,0.992,True
IR,OK,2026-06-10,0.8207,True
IR,OK,2026-06-08,0.999,True
IR,OK,2026-06-05,0.9965,True
IR,OK,2026-06-04,0.997,True
IR,OK,2026-06-01,0.9983,True
IR,OK,2026-05-28,0.97,True
IRM,OK,2026-06-25,0.6105,True
IRM,OK,2026-06-23,0.987,True
IRM,OK,2026-06-17,0.998,True
IRM,OK,2026-06-15,0.9878,True
IRM,OK,2026-06-09,0.986,True
IRM,OK,2026-06-04,0.999,True
IRM,OK,2026-05-30,0.98,True
IRM,OK,2026-05-29,0.979,True
ISRG,OK,2026-06-26,0.9913,True
ISRG,OK,2026-06-25,0.9903,True
ISRG,OK,2026-06-24,0.9934,True
ISRG,OK,2026-06-23,0.988,True
ISRG,OK,2026-06-22,0.9953,True
ISRG,OK,2026-06-21,0.996,True
ISRG,OK,2026-06-20,0.992,True
ISRG,OK,2026-06-19,0.9883,True
ISRG,OK,2026-06-18,0.8823,True
ISRG,OK,2026-06-17,0.9953,True
ISRG,OK,2026-06-16,0.998,True
ISRG,OK,2026-06-15,0.991,True
ISRG,OK,2026-06-12,0.9988,True
ISRG,OK,2026-06-11,0.9978,True
ISRG,OK,2026-06-10,0.999,True
ISRG,OK,2026-06-09,0.9252,True
ISRG,OK,2026-06-08,0.998,True
ISRG,OK,2026-06-05,0.9988,True
ISRG,OK,2026-06-04,0.9864,True
ISRG,OK,2026-06-03,0.6959,True
ISRG,OK,2026-06-02,0.9987,True
ISRG,OK,2026-06-01,0.999,True
ISRG,OK,2026-05-31,0.9803,True
ISRG,OK,2026-05-30,0.9935,True
ISRG,OK,2026-05-29,0.893,True
ISRG,OK,2026-05-28,0.998,True
IT,OK,2026-06-26,0.997,True
IT,OK,2026-06-24,0.039,True
IT,OK,2026-06-23,0.9985,True
IT,OK,2026-06-22,0.809,True
IT,OK,2026-06-20,0.975,True
IT,OK,2026-06-19,0.996,True
IT,OK,2026-06-18,0.999,True
IT,OK,2026-06-17,0.9943,True
IT,OK,2026-06-16,0.991,True
IT,OK,2026-06-15,0.9907,True
IT,OK,2026-06-14,0.942,True
IT,OK,2026-06-12,0.986,True
IT,OK,2026-06-10,0.9927,True
IT,OK,2026-06-09,0.995,True
IT,OK,2026-06-08,0.996,True
IT,OK,2026-06-07,0.992,True
IT,OK,2026-06-05,0.997,True
IT,OK,2026-06-04,0.9934,True
IT,OK,2026-06-02,0.991,True
IT,OK,2026-06-01,0.7637,True
IT,OK,2026-05-30,0.999,True
IT,OK,2026-05-29,-0.422,True
IT,OK,2026-05-28,0.9464,True
ITUB,OK,2026-06-03,0.485,True
ITW,OK,2026-06-24,0.997,True
ITW,OK,2026-06-22,0.967,True
ITW,OK,2026-06-18,0.998,True
ITW,OK,2026-06-15,0.997,True
ITW,OK,2026-06-11,0.9967,True
ITW,OK,2026-06-10,0.996,True
ITW,OK,2026-06-08,0.999,True
ITW,OK,2026-06-07,0.997,True
ITW,OK,2026-06-03,0.9815,True
ITW,OK,2026-05-29,0.998,True
IVZ,DROPPED_FUTURE_DATE,2026-06-27,0.984,False
IVZ,OK,2026-06-26,0.8938,True
IVZ,OK,2026-06-25,0.992,True
IVZ,OK,2026-06-24,0.9893,True
IVZ,OK,2026-06-23,0.993,True
IVZ,OK,2026-06-22,0.9965,True
IVZ,OK,2026-06-21,0.998,True
IVZ,OK,2026-06-20,0.777,True
IVZ,OK,2026-06-19,0.996,True
IVZ,OK,2026-06-18,0.967,True
IVZ,OK,2026-06-17,0.9943,True
IVZ,OK,2026-06-16,0.995,True
IVZ,OK,2026-06-15,0.9864,True
IVZ,OK,2026-06-13,0.999,True
IVZ,OK,2026-06-12,0.816,True
IVZ,OK,2026-06-11,0.995,True
IVZ,OK,2026-06-10,0.9665,True
IVZ,OK,2026-06-09,0.992,True
IVZ,OK,2026-06-08,0.6643,True
IVZ,OK,2026-06-06,0.997,True
IVZ,OK,2026-06-05,0.9913,True
IVZ,OK,2026-06-04,0.9912,True
IVZ,OK,2026-06-03,0.9908,True
IVZ,OK,2026-06-02,0.9877,True
IVZ,OK,2026-06-01,0.9925,True
IVZ,OK,2026-05-30,0.986,True
IVZ,OK,2026-05-29,0.997,True
IVZ,OK,2026-05-28,0.8673,True
J,OK,2026-06-26,0.999,True
J,OK,2026-06-25,0.9725,True
J,OK,2026-06-23,0.933,True
J,OK,2026-06-18,0.999,True
J,OK,2026-06-17,0.9947,True
J,OK,2026-06-15,0.7873,True
J,OK,2026-06-13,0.994,True
J,OK,2026-06-11,0.9987,True
J,OK,2026-06-10,0.991,True
J,OK,2026-06-09,0.994,True
J,OK,2026-06-05,0.997,True
J,OK,2026-06-04,0.9975,True
J,OK,2026-06-03,0.945,True
J,OK,2026-06-02,0.999,True
J,OK,2026-05-29,0.997,True
J,OK,2026-05-28,0.999,True
JBHT,DROPPED_FUTURE_DATE,2026-06-27,0.901,False
JBHT,OK,2026-06-26,0.998,True
JBHT,OK,2026-06-25,0.999,True
JBHT,OK,2026-06-24,0.9955,True
JBHT,OK,2026-06-18,0.9805,True
JBHT,OK,2026-06-15,0.1325,True
JBHT,OK,2026-06-11,0.97,True
JBHT,OK,2026-06-10,0.2356,True
JBHT,OK,2026-06-09,0.9987,True
JBHT,OK,2026-06-08,0.9987,True
JBHT,OK,2026-06-07,0.994,True
JBHT,OK,2026-06-05,0.997,True
JBHT,OK,2026-06-04,0.974,True
JBHT,OK,2026-06-03,-0.836,True
JBHT,OK,2026-06-02,0.996,True
JBHT,OK,2026-06-01,0.97,True
JBHT,OK,2026-05-28,0.996,True
JBL,OK,2026-06-26,0.999,True
JBL,OK,2026-06-25,0.9973,True
JBL,OK,2026-06-24,0.999,True
JBL,OK,2026-06-23,1.0,True
JBL,OK,2026-06-22,0.985,True
JBL,OK,2026-06-21,0.981,True
JBL,OK,2026-06-19,0.9785,True
JBL,OK,2026-06-18,0.9993,True
JBL,OK,2026-06-17,0.7487,True
JBL,OK,2026-06-16,0.4721,True
JBL,OK,2026-06-15,0.6088,True
JBL,OK,2026-06-14,0.798,True
JBL,OK,2026-06-13,0.718,True
JBL,OK,2026-06-12,0.7678,True
JBL,OK,2026-06-11,0.998,True
JBL,OK,2026-06-10,0.9965,True
JBL,OK,2026-06-08,0.998,True
JBL,OK,2026-06-05,0.729,True
JBL,OK,2026-06-04,0.9977,True
JBL,OK,2026-06-03,0.9775,True
JBL,OK,2026-06-02,0.999,True
JBL,OK,2026-05-31,0.995,True
JBL,OK,2026-05-29,0.994,True
JCI,DROPPED_FUTURE_DATE,2026-06-27,0.998,False
JCI,OK,2026-06-26,0.986,True
JCI,OK,2026-06-25,0.999,True
JCI,OK,2026-06-24,0.989,True
JCI,OK,2026-06-16,0.997,True
JCI,OK,2026-06-15,0.992,True
JCI,OK,2026-06-14,0.805,True
JCI,OK,2026-06-11,0.998,True
JCI,OK,2026-06-10,0.9613,True
JCI,OK,2026-06-09,0.958,True
JCI,OK,2026-06-08,0.999,True
JCI,OK,2026-06-04,0.9963,True
JCI,OK,2026-06-03,0.9928,True
JCI,OK,2026-06-02,0.8273,True
JCI,OK,2026-05-29,0.998,True
JCI,OK,2026-05-28,0.982,True
JKHY,OK,2026-06-26,0.994,True
JKHY,OK,2026-06-25,0.998,True
JKHY,OK,2026-06-24,0.995,True
JKHY,OK,2026-06-22,0.999,True
JKHY,OK,2026-06-20,0.994,True
JKHY,OK,2026-06-18,0.1495,True
JKHY,OK,2026-06-16,0.998,True
JKHY,OK,2026-06-15,0.9975,True
JKHY,OK,2026-06-13,0.994,True
JKHY,OK,2026-06-11,0.2155,True
JKHY,OK,2026-06-08,0.999,True
JKHY,OK,2026-06-06,0.993,True
JKHY,OK,2026-06-05,0.977,True
JKHY,OK,2026-06-04,0.9985,True
JKHY,OK,2026-06-03,0.981,True
JKHY,OK,2026-05-29,0.944,True
JKHY,OK,2026-05-28,0.9995,True
JNJ,DROPPED_FUTURE_DATE,2026-06-27,0.996,False
JNJ,OK,2026-06-26,0.7957,True
JNJ,OK,2026-06-25,0.9932,True
JNJ,OK,2026-06-24,0.6998,True
JNJ,OK,2026-06-23,0.987,True
JNJ,OK,2026-06-22,0.8428,True
JNJ,OK,2026-06-21,0.9896,True
JNJ,OK,2026-06-20,0.9917,True
JNJ,OK,2026-06-19,0.9894,True
JNJ,OK,2026-06-18,0.8643,True
JNJ,OK,2026-06-17,0.5922,True
JNJ,OK,2026-06-16,0.7144,True
JNJ,OK,2026-06-15,0.7716,True
JNJ,OK,2026-06-14,0.9945,True
JNJ,OK,2026-06-13,0.2344,True
JNJ,OK,2026-06-12,0.816,True
JNJ,OK,2026-06-11,0.8412,True
JNJ,OK,2026-06-10,0.7609,True
JNJ,OK,2026-06-09,0.989,True
JNJ,OK,2026-06-08,0.7017,True
JNJ,OK,2026-06-07,0.9977,True
JNJ,OK,2026-06-06,0.601,True
JNJ,OK,2026-06-05,0.7738,True
JNJ,OK,2026-06-04,0.9857,True
JNJ,OK,2026-06-03,0.8394,True
JNJ,OK,2026-06-02,0.6079,True
JNJ,OK,2026-06-01,0.5559,True
JNJ,OK,2026-05-31,-0.2566,True
JNJ,OK,2026-05-30,0.742,True
JNJ,OK,2026-05-29,0.5282,True
JNJ,OK,2026-05-28,0.7914,True
JPM,DROPPED_FUTURE_DATE,2026-06-27,0.991,False
JPM,OK,2026-06-26,0.6582,True
JPM,OK,2026-06-25,0.6814,True
JPM,OK,2026-06-24,0.711,True
JPM,OK,2026-06-23,0.8589,True
JPM,OK,2026-06-22,0.8461,True
JPM,OK,2026-06-21,0.718,True
JPM,OK,2026-06-20,0.9915,True
JPM,OK,2026-06-19,0.9649,True
JPM,OK,2026-06-18,0.738,True
JPM,OK,2026-06-17,0.735,True
JPM,OK,2026-06-16,0.6038,True
JPM,OK,2026-06-15,0.7471,True
JPM,OK,2026-06-14,0.6926,True
JPM,OK,2026-06-13,0.8739,True
JPM,OK,2026-06-12,0.5505,True
JPM,OK,2026-06-11,0.3598,True
JPM,OK,2026-06-10,0.632,True
JPM,OK,2026-06-09,0.5023,True
JPM,OK,2026-06-08,0.8153,True
JPM,OK,2026-06-07,0.8595,True
JPM,OK,2026-06-06,0.806,True
JPM,OK,2026-06-05,0.8332,True
JPM,OK,2026-06-04,0.8355,True
JPM,OK,2026-06-03,0.6531,True
JPM,OK,2026-06-02,0.9751,True
JPM,OK,2026-06-01,0.7971,True
JPM,OK,2026-05-31,0.7198,True
JPM,OK,2026-05-30,0.6877,True
JPM,OK,2026-05-29,0.5609,True
JPM,OK,2026-05-28,0.7826,True
KDP,DROPPED_FUTURE_DATE,2026-06-27,0.99,False
KDP,OK,2026-06-25,0.9411,True
KDP,OK,2026-06-24,0.738,True
KDP,OK,2026-06-23,0.8852,True
KDP,OK,2026-06-20,0.9595,True
KDP,OK,2026-06-19,0.999,True
KDP,OK,2026-06-18,0.998,True
KDP,OK,2026-06-17,0.9943,True
KDP,OK,2026-06-16,1.0,True
KDP,OK,2026-06-15,0.994,True
KDP,OK,2026-06-12,0.9953,True
KDP,OK,2026-06-11,0.9888,True
KDP,OK,2026-06-10,0.8115,True
KDP,OK,2026-06-08,0.965,True
KDP,OK,2026-06-04,0.997,True
KDP,OK,2026-06-03,0.999,True
KDP,OK,2026-06-01,0.999,True
KDP,OK,2026-05-28,0.9925,True
KEY,OK,2026-06-26,0.994,True
KEY,OK,2026-06-25,0.996,True
KEY,OK,2026-06-24,-0.2183,True
KEY,OK,2026-06-22,0.996,True
KEY,OK,2026-06-21,0.999,True
KEY,OK,2026-06-20,0.997,True
KEY,OK,2026-06-19,0.999,True
KEY,OK,2026-06-18,0.995,True
KEY,OK,2026-06-17,0.999,True
KEY,OK,2026-06-16,0.998,True
KEY,OK,2026-06-15,0.9985,True
KEY,OK,2026-06-12,0.999,True
KEY,OK,2026-06-10,0.996,True
KEY,OK,2026-06-09,0.996,True
KEY,OK,2026-06-07,0.997,True
KEY,OK,2026-06-03,0.9475,True
KEY,OK,2026-06-02,0.9975,True
KEY,OK,2026-06-01,0.977,True
KEY,OK,2026-05-31,0.9965,True
KEY,OK,2026-05-29,0.996,True
KEY,OK,2026-05-28,0.997,True
KEYS,OK,2026-06-25,0.8543,True
KEYS,OK,2026-06-22,0.999,True
KEYS,OK,2026-06-19,0.997,True
KEYS,OK,2026-06-18,0.9967,True
KEYS,OK,2026-06-17,0.996,True
KEYS,OK,2026-06-16,0.9778,True
KEYS,OK,2026-06-15,0.995,True
KEYS,OK,2026-06-12,0.991,True
KEYS,OK,2026-06-11,0.9865,True
KEYS,OK,2026-06-09,0.997,True
KEYS,OK,2026-06-08,0.995,True
KEYS,OK,2026-06-06,0.994,True
KEYS,OK,2026-06-05,0.997,True
KEYS,OK,2026-06-04,0.992,True
KEYS,OK,2026-06-03,0.995,True
KEYS,OK,2026-06-02,0.9935,True
KEYS,OK,2026-06-01,0.9897,True
KEYS,OK,2026-05-29,0.995,True
KEYS,OK,2026-05-28,0.984,True
KHC,DROPPED_FUTURE_DATE,2026-06-27,0.994,False
KHC,OK,2026-06-25,0.989,True
KHC,OK,2026-06-23,0.993,True
KHC,OK,2026-06-22,0.991,True
KHC,OK,2026-06-20,0.9965,True
KHC,OK,2026-06-19,0.9942,True
KHC,OK,2026-06-18,0.9542,True
KHC,OK,2026-06-17,0.9958,True
KHC,OK,2026-06-16,0.989,True
KHC,OK,2026-06-15,0.986,True
KHC,OK,2026-06-14,0.999,True
KHC,OK,2026-06-13,0.994,True
KHC,OK,2026-06-12,0.9906,True
KHC,OK,2026-06-11,0.9688,True
KHC,OK,2026-06-10,0.9475,True
KHC,OK,2026-06-09,0.9835,True
KHC,OK,2026-06-08,0.993,True
KHC,OK,2026-06-07,0.979,True
KHC,OK,2026-06-06,0.991,True
KHC,OK,2026-06-05,0.9903,True
KHC,OK,2026-06-04,0.9708,True
KHC,OK,2026-06-03,0.3527,True
KHC,OK,2026-06-02,0.984,True
KHC,OK,2026-06-01,0.996,True
KHC,OK,2026-05-30,0.999,True
KHC,OK,2026-05-29,0.9905,True
KHC,OK,2026-05-28,0.998,True
KIM,OK,2026-06-26,0.998,True
KIM,OK,2026-06-23,0.963,True
KIM,OK,2026-06-22,0.993,True
KIM,OK,2026-06-17,0.946,True
KIM,OK,2026-06-15,0.984,True
KIM,OK,2026-06-13,0.986,True
KIM,OK,2026-06-11,0.999,True
KIM,OK,2026-06-10,0.6643,True
KIM,OK,2026-06-08,0.99,True
KIM,OK,2026-06-01,0.997,True
KIM,OK,2026-05-29,0.992,True
KIM,OK,2026-05-28,0.956,True
KKR,DROPPED_FUTURE_DATE,2026-06-27,0.991,False
KKR,OK,2026-06-26,0.6553,True
KKR,OK,2026-06-25,0.9613,True
KKR,OK,2026-06-24,0.494,True
KKR,OK,2026-06-23,0.9755,True
KKR,OK,2026-06-22,0.9935,True
KKR,OK,2026-06-19,-0.25,True
KKR,OK,2026-06-17,0.5922,True
KKR,OK,2026-06-15,0.9975,True
KKR,OK,2026-06-14,0.991,True
KKR,OK,2026-06-12,0.1497,True
KKR,OK,2026-06-11,0.7125,True
KKR,OK,2026-06-10,0.9195,True
KKR,OK,2026-06-09,0.997,True
KKR,OK,2026-06-08,0.9658,True
KKR,OK,2026-06-07,0.854,True
KKR,OK,2026-06-06,0.981,True
KKR,OK,2026-06-05,0.967,True
KKR,OK,2026-06-04,0.9614,True
KKR,OK,2026-06-03,0.7362,True
KKR,OK,2026-06-02,0.9893,True
KKR,OK,2026-06-01,0.9185,True
KKR,OK,2026-05-31,0.996,True
KKR,OK,2026-05-29,0.9735,True
KKR,OK,2026-05-28,0.9855,True
KLAC,OK,2026-06-26,0.2531,True
KLAC,OK,2026-06-25,0.9428,True
KLAC,OK,2026-06-24,0.1998,True
KLAC,OK,2026-06-23,0.5849,True
KLAC,OK,2026-06-22,0.7558,True
KLAC,OK,2026-06-19,0.9884,True
KLAC,OK,2026-06-18,-0.2374,True
KLAC,OK,2026-06-17,0.841,True
KLAC,OK,2026-06-16,0.6406,True
KLAC,OK,2026-06-15,0.9837,True
KLAC,OK,2026-06-14,0.998,True
KLAC,OK,2026-06-13,0.9887,True
KLAC,OK,2026-06-12,0.8261,True
KLAC,OK,2026-06-11,-0.4045,True
KLAC,OK,2026-06-10,0.8989,True
KLAC,OK,2026-06-09,0.9893,True
KLAC,OK,2026-06-08,0.2823,True
KLAC,OK,2026-06-07,0.997,True
KLAC,OK,2026-06-05,0.8247,True
KLAC,OK,2026-06-04,0.2438,True
KLAC,OK,2026-06-03,0.9911,True
KLAC,OK,2026-06-02,0.9713,True
KLAC,OK,2026-05-30,0.996,True
KLAC,OK,2026-05-29,0.997,True
KLAC,OK,2026-05-28,0.142,True
KMB,OK,2026-06-25,0.999,True
KMB,OK,2026-06-24,0.999,True
KMB,OK,2026-06-23,0.996,True
KMB,OK,2026-06-20,0.9595,True
KMB,OK,2026-06-19,0.973,True
KMB,OK,2026-06-18,0.986,True
KMB,OK,2026-06-17,0.997,True
KMB,OK,2026-06-16,0.9865,True
KMB,OK,2026-06-15,0.9935,True
KMB,OK,2026-06-12,0.999,True
KMB,OK,2026-06-11,0.998,True
KMB,OK,2026-06-10,0.959,True
KMB,OK,2026-06-08,0.9957,True
KMB,OK,2026-06-06,0.708,True
KMB,OK,2026-06-05,0.9873,True
KMB,OK,2026-06-04,0.9985,True
KMB,OK,2026-06-03,0.977,True
KMB,OK,2026-06-01,0.997,True
KMB,OK,2026-05-31,0.993,True
KMB,OK,2026-05-30,0.999,True
KMB,OK,2026-05-29,0.6615,True
KMB,OK,2026-05-28,0.9985,True
KMI,OK,2026-06-26,0.9973,True
KMI,OK,2026-06-25,0.995,True
KMI,OK,2026-06-24,0.998,True
KMI,OK,2026-06-23,1.0,True
KMI,OK,2026-06-22,0.9983,True
KMI,OK,2026-06-21,0.997,True
KMI,OK,2026-06-19,0.996,True
KMI,OK,2026-06-18,0.999,True
KMI,OK,2026-06-17,0.9973,True
KMI,OK,2026-06-16,0.998,True
KMI,OK,2026-06-15,0.8665,True
KMI,OK,2026-06-13,0.996,True
KMI,OK,2026-06-12,0.9506,True
KMI,OK,2026-06-11,0.996,True
KMI,OK,2026-06-10,0.998,True
KMI,OK,2026-06-08,0.9906,True
KMI,OK,2026-06-07,0.999,True
KMI,OK,2026-06-06,0.968,True
KMI,OK,2026-06-05,0.9963,True
KMI,OK,2026-06-04,0.997,True
KMI,OK,2026-06-03,0.9935,True
KMI,OK,2026-06-02,0.9956,True
KMI,OK,2026-06-01,0.9995,True
KMI,OK,2026-05-31,0.996,True
KMI,OK,2026-05-29,0.9935,True
KMI,OK,2026-05-28,0.9995,True
KO,DROPPED_FUTURE_DATE,2026-06-27,0.9893,False
KO,OK,2026-06-26,0.8832,True
KO,OK,2026-06-25,0.9964,True
KO,OK,2026-06-24,0.8782,True
KO,OK,2026-06-23,0.9762,True
KO,OK,2026-06-22,0.7591,True
KO,OK,2026-06-21,0.9917,True
KO,OK,2026-06-20,0.9957,True
KO,OK,2026-06-19,0.9862,True
KO,OK,2026-06-18,0.7342,True
KO,OK,2026-06-17,0.9943,True
KO,OK,2026-06-16,0.9839,True
KO,OK,2026-06-15,0.9872,True
KO,OK,2026-06-14,0.8075,True
KO,OK,2026-06-13,0.8804,True
KO,OK,2026-06-12,0.9635,True
KO,OK,2026-06-11,0.9682,True
KO,OK,2026-06-10,0.9791,True
KO,OK,2026-06-09,0.8858,True
KO,OK,2026-06-08,0.954,True
KO,OK,2026-06-07,0.9616,True
KO,OK,2026-06-06,0.956,True
KO,OK,2026-06-05,0.9782,True
KO,OK,2026-06-04,0.6876,True
KO,OK,2026-06-03,0.9982,True
KO,OK,2026-06-02,0.8723,True
KO,OK,2026-06-01,0.9903,True
KO,OK,2026-05-31,0.9975,True
KO,OK,2026-05-30,0.5551,True
KO,OK,2026-05-29,0.7974,True
KO,OK,2026-05-28,0.9818,True
KR,OK,2026-06-26,0.9965,True
KR,OK,2026-06-25,0.9973,True
KR,OK,2026-06-24,0.9976,True
KR,OK,2026-06-23,0.9973,True
KR,OK,2026-06-22,0.2565,True
KR,OK,2026-06-19,0.9868,True
KR,OK,2026-06-18,0.4577,True
KR,OK,2026-06-17,0.8562,True
KR,OK,2026-06-16,0.499,True
KR,OK,2026-06-15,0.198,True
KR,OK,2026-06-14,0.8062,True
KR,OK,2026-06-13,0.9605,True
KR,OK,2026-06-12,0.5508,True
KR,OK,2026-06-11,0.9966,True
KR,OK,2026-06-10,0.9915,True
KR,OK,2026-06-09,0.4077,True
KR,OK,2026-06-08,0.8045,True
KR,OK,2026-06-06,0.99,True
KR,OK,2026-06-05,0.998,True
KR,OK,2026-06-04,0.997,True
KR,OK,2026-06-02,0.998,True
KR,OK,2026-06-01,0.248,True
KR,OK,2026-05-29,0.9918,True
KVUE,OK,2026-06-26,0.989,True
KVUE,OK,2026-06-25,0.9953,True
KVUE,OK,2026-06-20,0.9595,True
KVUE,OK,2026-06-19,0.973,True
KVUE,OK,2026-06-17,0.863,True
KVUE,OK,2026-06-16,0.9893,True
KVUE,OK,2026-06-15,0.987,True
KVUE,OK,2026-06-12,0.997,True
KVUE,OK,2026-06-11,0.994,True
KVUE,OK,2026-06-10,0.954,True
KVUE,OK,2026-06-08,0.997,True
KVUE,OK,2026-06-06,0.997,True
KVUE,OK,2026-06-05,0.988,True
KVUE,OK,2026-06-04,0.999,True
KVUE,OK,2026-05-31,0.998,True
KVUE,OK,2026-05-29,0.662,True
KXIAY,OK,2026-06-18,0.998,True
KXIAY,OK,2026-06-08,0.862,True
KXIAY,OK,2026-06-03,0.989,True
L,OK,2026-06-18,0.893,True
L,OK,2026-06-08,0.995,True
L,OK,2026-06-06,0.995,True
LDOS,OK,2026-06-26,0.9925,True
LDOS,OK,2026-06-23,0.9945,True
LDOS,OK,2026-06-22,0.9895,True
LDOS,OK,2026-06-20,0.9913,True
LDOS,OK,2026-06-18,0.9845,True
LDOS,OK,2026-06-17,0.9062,True
LDOS,OK,2026-06-16,0.9825,True
LDOS,OK,2026-06-15,0.9903,True
LDOS,OK,2026-06-12,0.997,True
LDOS,OK,2026-06-11,0.999,True
LDOS,OK,2026-06-10,0.9805,True
LDOS,OK,2026-06-06,0.982,True
LDOS,OK,2026-06-05,0.9805,True
LDOS,OK,2026-06-04,0.9868,True
LDOS,OK,2026-06-03,0.993,True
LDOS,OK,2026-06-02,0.998,True
LDOS,OK,2026-05-29,0.996,True
LDOS,OK,2026-05-28,0.997,True
LEN,DROPPED_FUTURE_DATE,2026-06-27,0.991,False
LEN,OK,2026-06-26,0.6618,True
LEN,OK,2026-06-25,0.5976,True
LEN,OK,2026-06-24,0.3893,True
LEN,OK,2026-06-23,0.988,True
LEN,OK,2026-06-22,0.9928,True
LEN,OK,2026-06-20,0.999,True
LEN,OK,2026-06-19,1.0,True
LEN,OK,2026-06-18,0.984,True
LEN,OK,2026-06-17,0.9898,True
LEN,OK,2026-06-16,0.999,True
LEN,OK,2026-06-15,0.8202,True
LEN,OK,2026-06-14,0.99,True
LEN,OK,2026-06-13,0.8398,True
LEN,OK,2026-06-12,0.4041,True
LEN,OK,2026-06-11,0.333,True
LEN,OK,2026-06-10,0.9544,True
LEN,OK,2026-06-09,0.913,True
LEN,OK,2026-06-08,0.6449,True
LEN,OK,2026-06-07,0.9904,True
LEN,OK,2026-06-06,0.84,True
LEN,OK,2026-06-05,0.9915,True
LEN,OK,2026-06-04,0.985,True
LEN,OK,2026-06-03,0.9943,True
LEN,OK,2026-06-02,0.0,True
LEN,OK,2026-06-01,0.8619,True
LEN,OK,2026-05-31,0.318,True
LEN,OK,2026-05-30,0.522,True
LEN,OK,2026-05-29,0.967,True
LEN,OK,2026-05-28,0.9783,True
LH,OK,2026-06-26,0.997,True
LH,OK,2026-06-25,0.9963,True
LH,OK,2026-06-24,0.993,True
LH,OK,2026-06-22,0.379,True
LH,OK,2026-06-18,0.98,True
LH,OK,2026-06-15,0.998,True
LH,OK,2026-06-12,0.998,True
LH,OK,2026-06-11,0.994,True
LH,OK,2026-06-10,0.999,True
LH,OK,2026-06-08,0.998,True
LH,OK,2026-06-05,0.996,True
LH,OK,2026-06-04,0.998,True
LH,OK,2026-06-02,0.995,True
LH,OK,2026-06-01,0.974,True
LH,OK,2026-05-29,0.9623,True
LH,OK,2026-05-28,-0.18,True
LHX,OK,2026-06-26,0.979,True
LHX,OK,2026-06-25,0.7232,True
LHX,OK,2026-06-24,0.6813,True
LHX,OK,2026-06-22,0.767,True
LHX,OK,2026-06-20,0.913,True
LHX,OK,2026-06-19,0.995,True
LHX,OK,2026-06-18,0.998,True
LHX,OK,2026-06-17,0.4195,True
LHX,OK,2026-06-15,0.574,True
LHX,OK,2026-06-14,0.997,True
LHX,OK,2026-06-12,0.999,True
LHX,OK,2026-06-11,0.9918,True
LHX,OK,2026-06-10,0.6148,True
LHX,OK,2026-06-09,0.996,True
LHX,OK,2026-06-08,0.9885,True
LHX,OK,2026-06-07,0.996,True
LHX,OK,2026-06-05,0.978,True
LHX,OK,2026-06-04,0.9918,True
LHX,OK,2026-06-03,0.9985,True
LHX,OK,2026-06-02,0.9897,True
LHX,OK,2026-06-01,0.9795,True
LHX,OK,2026-05-30,0.996,True
LHX,OK,2026-05-29,0.997,True
LHX,OK,2026-05-28,0.999,True
LII,OK,2026-06-25,0.999,True
LII,OK,2026-06-24,0.999,True
LII,OK,2026-06-23,0.988,True
LII,OK,2026-06-18,0.885,True
LII,OK,2026-06-16,0.997,True
LII,OK,2026-06-14,0.805,True
LII,OK,2026-06-13,0.995,True
LII,OK,2026-06-05,0.999,True
LII,OK,2026-06-03,0.999,True
LII,OK,2026-06-02,0.869,True
LII,OK,2026-06-01,0.99,True
LII,OK,2026-05-28,0.9965,True
LIN,OK,2026-06-25,0.9927,True
LIN,OK,2026-06-24,0.991,True
LIN,OK,2026-06-23,0.993,True
LIN,OK,2026-06-22,0.9975,True
LIN,OK,2026-06-19,1.0,True
LIN,OK,2026-06-18,0.963,True
LIN,OK,2026-06-16,0.718,True
LIN,OK,2026-06-15,0.98,True
LIN,OK,2026-06-12,0.986,True
LIN,OK,2026-06-11,0.997,True
LIN,OK,2026-06-10,0.998,True
LIN,OK,2026-06-05,0.981,True
LIN,OK,2026-06-03,0.9945,True
LIN,OK,2026-06-02,0.994,True
LIN,OK,2026-06-01,0.9927,True
LIN,OK,2026-05-30,0.9952,True
LIN,OK,2026-05-28,0.998,True
LITE,OK,2026-06-26,0.4448,True
LITE,OK,2026-06-24,0.992,True
LITE,OK,2026-06-23,0.8685,True
LITE,OK,2026-06-22,0.2765,True
LITE,OK,2026-06-20,0.9945,True
LITE,OK,2026-06-19,0.9753,True
LITE,OK,2026-06-18,0.9925,True
LITE,OK,2026-06-17,0.6637,True
LITE,OK,2026-06-16,0.8173,True
LITE,OK,2026-06-15,0.996,True
LITE,OK,2026-06-14,0.986,True
LITE,OK,2026-06-13,0.995,True
LITE,OK,2026-06-12,0.7285,True
LITE,OK,2026-06-11,0.7617,True
LITE,OK,2026-06-10,0.9917,True
LITE,OK,2026-06-09,0.939,True
LITE,OK,2026-06-08,0.5034,True
LITE,OK,2026-06-07,0.997,True
LITE,OK,2026-06-05,0.9575,True
LITE,OK,2026-06-04,0.998,True
LITE,OK,2026-06-03,0.7789,True
LITE,OK,2026-06-02,0.7646,True
LITE,OK,2026-06-01,0.9893,True
LITE,OK,2026-05-31,0.464,True
LITE,OK,2026-05-30,0.9085,True
LITE,OK,2026-05-29,0.625,True
LITE,OK,2026-05-28,0.6015,True
LLY,DROPPED_FUTURE_DATE,2026-06-27,0.7126,False
LLY,OK,2026-06-26,0.7095,True
LLY,OK,2026-06-25,0.7063,True
LLY,OK,2026-06-24,0.5867,True
LLY,OK,2026-06-23,0.8413,True
LLY,OK,2026-06-22,0.8574,True
LLY,OK,2026-06-21,0.9867,True
LLY,OK,2026-06-20,0.9943,True
LLY,OK,2026-06-19,0.9392,True
LLY,OK,2026-06-18,0.9759,True
LLY,OK,2026-06-17,0.5835,True
LLY,OK,2026-06-16,0.5481,True
LLY,OK,2026-06-15,0.8761,True
LLY,OK,2026-06-14,0.9593,True
LLY,OK,2026-06-13,0.9817,True
LLY,OK,2026-06-12,0.9092,True
LLY,OK,2026-06-11,0.7695,True
LLY,OK,2026-06-10,0.8381,True
LLY,OK,2026-06-09,0.7873,True
LLY,OK,2026-06-08,0.3421,True
LLY,OK,2026-06-07,0.2793,True
LLY,OK,2026-06-06,0.8667,True
LLY,OK,2026-06-05,0.8468,True
LLY,OK,2026-06-04,0.38,True
LLY,OK,2026-06-03,0.8246,True
LLY,OK,2026-06-02,0.8697,True
LLY,OK,2026-06-01,0.8317,True
LLY,OK,2026-05-31,0.2441,True
LLY,OK,2026-05-30,0.9456,True
LLY,OK,2026-05-29,0.9165,True
LLY,OK,2026-05-28,0.7151,True
LMT,DROPPED_FUTURE_DATE,2026-06-27,0.993,False
LMT,OK,2026-06-26,0.7338,True
LMT,OK,2026-06-25,0.7885,True
LMT,OK,2026-06-24,0.4545,True
LMT,OK,2026-06-23,0.9949,True
LMT,OK,2026-06-22,0.777,True
LMT,OK,2026-06-21,0.999,True
LMT,OK,2026-06-20,0.9803,True
LMT,OK,2026-06-19,0.993,True
LMT,OK,2026-06-18,0.9513,True
LMT,OK,2026-06-17,0.9262,True
LMT,OK,2026-06-16,0.4686,True
LMT,OK,2026-06-15,0.7348,True
LMT,OK,2026-06-14,0.991,True
LMT,OK,2026-06-13,0.994,True
LMT,OK,2026-06-12,0.9854,True
LMT,OK,2026-06-11,0.5283,True
LMT,OK,2026-06-10,0.4558,True
LMT,OK,2026-06-09,0.9921,True
LMT,OK,2026-06-08,0.9785,True
LMT,OK,2026-06-07,0.995,True
LMT,OK,2026-06-05,0.64,True
LMT,OK,2026-06-04,0.7044,True
LMT,OK,2026-06-03,0.7221,True
LMT,OK,2026-06-02,0.9967,True
LMT,OK,2026-06-01,0.4605,True
LMT,OK,2026-05-31,0.9975,True
LMT,OK,2026-05-30,0.994,True
LMT,OK,2026-05-29,0.9903,True
LMT,OK,2026-05-28,0.6703,True
LNT,OK,2026-06-23,0.982,True
LNT,OK,2026-06-19,0.9967,True
LNT,OK,2026-06-12,0.999,True
LNT,OK,2026-06-10,0.995,True
LNT,OK,2026-06-08,0.999,True
LNT,OK,2026-06-01,0.985,True
LOW,OK,2026-06-26,0.9843,True
LOW,OK,2026-06-25,0.989,True
LOW,OK,2026-06-24,0.9915,True
LOW,OK,2026-06-23,0.9988,True
LOW,OK,2026-06-22,0.9945,True
LOW,OK,2026-06-20,0.994,True
LOW,OK,2026-06-19,0.998,True
LOW,OK,2026-06-18,0.9763,True
LOW,OK,2026-06-16,0.99,True
LOW,OK,2026-06-15,0.982,True
LOW,OK,2026-06-14,1.0,True
LOW,OK,2026-06-13,0.981,True
LOW,OK,2026-06-12,0.4576,True
LOW,OK,2026-06-11,0.98,True
LOW,OK,2026-06-10,0.997,True
LOW,OK,2026-06-09,0.998,True
LOW,OK,2026-06-08,0.996,True
LOW,OK,2026-06-06,0.9687,True
LOW,OK,2026-06-05,0.992,True
LOW,OK,2026-06-04,0.4957,True
LOW,OK,2026-06-03,0.996,True
LOW,OK,2026-06-02,0.3333,True
LOW,OK,2026-06-01,0.925,True
LOW,OK,2026-05-30,0.991,True
LOW,OK,2026-05-29,0.976,True
LOW,OK,2026-05-28,0.98,True
LRCX,DROPPED_FUTURE_DATE,2026-06-27,0.995,False
LRCX,OK,2026-06-26,0.3283,True
LRCX,OK,2026-06-25,0.9514,True
LRCX,OK,2026-06-24,0.7968,True
LRCX,OK,2026-06-23,0.7004,True
LRCX,OK,2026-06-22,0.7656,True
LRCX,OK,2026-06-21,0.983,True
LRCX,OK,2026-06-19,0.9894,True
LRCX,OK,2026-06-18,0.186,True
LRCX,OK,2026-06-17,0.8638,True
LRCX,OK,2026-06-16,0.7231,True
LRCX,OK,2026-06-15,0.9449,True
LRCX,OK,2026-06-13,0.9913,True
LRCX,OK,2026-06-12,0.9988,True
LRCX,OK,2026-06-11,0.1726,True
LRCX,OK,2026-06-10,0.878,True
LRCX,OK,2026-06-09,0.9911,True
LRCX,OK,2026-06-08,0.3481,True
LRCX,OK,2026-06-07,0.9945,True
LRCX,OK,2026-06-06,0.992,True
LRCX,OK,2026-06-05,0.7409,True
LRCX,OK,2026-06-04,0.6102,True
LRCX,OK,2026-06-03,0.9845,True
LRCX,OK,2026-06-02,0.9731,True
LRCX,OK,2026-06-01,0.996,True
LRCX,OK,2026-05-31,0.998,True
LRCX,OK,2026-05-30,0.997,True
LRCX,OK,2026-05-29,0.9953,True
LRCX,OK,2026-05-28,0.9934,True
LSEGY,OK,2026-06-19,0.999,True
LSEGY,OK,2026-06-11,0.778,True
LSEGY,OK,2026-05-29,0.998,True
LULU,OK,2026-06-26,0.5505,True
LULU,OK,2026-06-24,0.9987,True
LULU,OK,2026-06-23,0.9955,True
LULU,OK,2026-06-22,0.999,True
LULU,OK,2026-06-21,0.723,True
LULU,OK,2026-06-20,0.999,True
LULU,OK,2026-06-19,0.997,True
LULU,OK,2026-06-18,0.9505,True
LULU,OK,2026-06-17,0.3286,True
LULU,OK,2026-06-16,0.998,True
LULU,OK,2026-06-15,0.9817,True
LULU,OK,2026-06-13,0.991,True
LULU,OK,2026-06-12,0.963,True
LULU,OK,2026-06-11,0.8695,True
LULU,OK,2026-06-10,0.6602,True
LULU,OK,2026-06-09,0.9863,True
LULU,OK,2026-06-08,0.0164,True
LULU,OK,2026-06-07,0.2983,True
LULU,OK,2026-06-06,0.9509,True
LULU,OK,2026-06-05,0.4181,True
LULU,OK,2026-06-04,0.6742,True
LULU,OK,2026-06-03,0.3593,True
LULU,OK,2026-06-02,0.7999,True
LULU,OK,2026-06-01,0.5842,True
LULU,OK,2026-05-31,0.8895,True
LULU,OK,2026-05-30,0.996,True
LULU,OK,2026-05-29,0.991,True
LULU,OK,2026-05-28,0.8668,True
LUV,OK,2026-06-26,0.999,True
LUV,OK,2026-06-25,0.938,True
LUV,OK,2026-06-24,-0.3962,True
LUV,OK,2026-06-22,0.988,True
LUV,OK,2026-06-21,0.993,True
LUV,OK,2026-06-18,-0.4844,True
LUV,OK,2026-06-17,0.965,True
LUV,OK,2026-06-16,0.5652,True
LUV,OK,2026-06-15,0.6437,True
LUV,OK,2026-06-12,0.9775,True
LUV,OK,2026-06-11,-0.9915,True
LUV,OK,2026-06-10,-0.0909,True
LUV,OK,2026-06-09,0.9214,True
LUV,OK,2026-06-08,0.2212,True
LUV,OK,2026-06-07,0.995,True
LUV,OK,2026-06-06,0.997,True
LUV,OK,2026-06-05,0.984,True
LUV,OK,2026-06-03,0.999,True
LUV,OK,2026-06-02,0.992,True
LUV,OK,2026-06-01,0.9905,True
LUV,OK,2026-05-30,0.9367,True
LVS,OK,2026-06-25,0.988,True
LVS,OK,2026-06-22,0.9885,True
LVS,OK,2026-06-10,0.996,True
LVS,OK,2026-06-09,0.999,True
LVS,OK,2026-06-08,0.97,True
LVS,OK,2026-06-04,0.832,True
LVS,OK,2026-06-03,0.997,True
LVS,OK,2026-06-02,0.7073,True
LVS,OK,2026-06-01,0.8503,True
LVS,OK,2026-05-28,1.0,True
LYB,OK,2026-06-26,0.9494,True
LYB,OK,2026-06-25,0.984,True
LYB,OK,2026-06-24,0.987,True
LYB,OK,2026-06-18,0.998,True
LYB,OK,2026-06-17,0.994,True
LYB,OK,2026-06-15,0.9967,True
LYB,OK,2026-06-12,1.0,True
LYB,OK,2026-06-11,0.9935,True
LYB,OK,2026-06-10,0.9987,True
LYB,OK,2026-06-09,0.995,True
LYB,OK,2026-06-08,0.9905,True
LYB,OK,2026-06-07,-0.494,True
LYB,OK,2026-06-05,0.998,True
LYB,OK,2026-06-04,0.9987,True
LYB,OK,2026-06-03,0.9975,True
LYB,OK,2026-06-02,0.998,True
LYB,OK,2026-06-01,0.9985,True
LYB,OK,2026-05-29,1.0,True
LYB,OK,2026-05-28,0.994,True
LYG,DROPPED_FUTURE_DATE,2026-06-27,0.981,False
LYG,OK,2026-06-19,0.996,True
LYG,OK,2026-06-15,0.9735,True
LYG,OK,2026-06-14,-0.998,True
LYG,OK,2026-06-12,0.9085,True
LYG,OK,2026-06-10,0.998,True
LYG,OK,2026-06-09,0.774,True
LYG,OK,2026-06-02,0.994,True
LYV,OK,2026-06-26,0.557,True
LYV,OK,2026-06-25,0.999,True
LYV,OK,2026-06-24,0.999,True
LYV,OK,2026-06-23,0.945,True
LYV,OK,2026-06-19,0.9885,True
LYV,OK,2026-06-18,0.988,True
LYV,OK,2026-06-17,0.9995,True
LYV,OK,2026-06-16,0.993,True
LYV,OK,2026-06-13,0.977,True
LYV,OK,2026-06-12,0.998,True
LYV,OK,2026-06-11,0.999,True
LYV,OK,2026-06-10,0.9745,True
LYV,OK,2026-06-04,0.996,True
LYV,OK,2026-06-01,0.998,True
LYV,OK,2026-05-28,0.9945,True
MA,DROPPED_FUTURE_DATE,2026-06-27,0.9695,False
MA,OK,2026-06-26,0.9933,True
MA,OK,2026-06-25,0.9965,True
MA,OK,2026-06-24,0.936,True
MA,OK,2026-06-23,0.7544,True
MA,OK,2026-06-22,0.877,True
MA,OK,2026-06-19,0.9935,True
MA,OK,2026-06-18,0.9963,True
MA,OK,2026-06-17,0.9878,True
MA,OK,2026-06-16,0.9464,True
MA,OK,2026-06-14,0.997,True
MA,OK,2026-06-13,0.9827,True
MA,OK,2026-06-12,0.9885,True
MA,OK,2026-06-11,0.9915,True
MA,OK,2026-06-10,0.985,True
MA,OK,2026-06-09,0.9976,True
MA,OK,2026-06-08,0.996,True
MA,OK,2026-06-07,0.997,True
MA,OK,2026-06-06,0.9865,True
MA,OK,2026-06-05,0.9914,True
MA,OK,2026-06-04,0.992,True
MA,OK,2026-06-03,0.9181,True
MA,OK,2026-06-02,0.9871,True
MA,OK,2026-06-01,0.9903,True
MA,OK,2026-05-31,0.9907,True
MA,OK,2026-05-30,0.987,True
MA,OK,2026-05-29,0.9918,True
MA,OK,2026-05-28,0.9951,True
MAA,OK,2026-06-23,0.996,True
MAA,OK,2026-06-19,0.988,True
MAA,OK,2026-06-18,0.973,True
MAA,OK,2026-06-17,0.998,True
MAA,OK,2026-06-15,-0.002,True
MAA,OK,2026-06-06,0.993,True
MAA,OK,2026-06-03,0.995,True
MAA,OK,2026-06-01,0.972,True
MAA,OK,2026-05-29,0.999,True
MAR,OK,2026-06-26,0.9407,True
MAR,OK,2026-06-25,-0.178,True
MAR,OK,2026-06-24,0.655,True
MAR,OK,2026-06-23,0.9797,True
MAR,OK,2026-06-21,0.997,True
MAR,OK,2026-06-20,0.98,True
MAR,OK,2026-06-19,0.998,True
MAR,OK,2026-06-18,-0.142,True
MAR,OK,2026-06-17,0.9945,True
MAR,OK,2026-06-16,0.8735,True
MAR,OK,2026-06-15,0.999,True
MAR,OK,2026-06-13,0.9947,True
MAR,OK,2026-06-12,0.9657,True
MAR,OK,2026-06-11,0.997,True
MAR,OK,2026-06-10,0.9855,True
MAR,OK,2026-06-09,0.9983,True
MAR,OK,2026-06-08,0.6155,True
MAR,OK,2026-06-05,0.9985,True
MAR,OK,2026-06-04,0.999,True
MAR,OK,2026-06-03,0.9866,True
MAR,OK,2026-05-31,0.938,True
MAR,OK,2026-05-29,0.548,True
MAR,OK,2026-05-28,0.997,True
MAS,OK,2026-06-25,0.997,True
MAS,OK,2026-06-23,0.994,True
MAS,OK,2026-06-18,0.426,True
MAS,OK,2026-06-16,0.968,True
MAS,OK,2026-06-15,0.99,True
MAS,OK,2026-06-10,0.994,True
MAS,OK,2026-06-01,0.9975,True
MAS,OK,2026-05-31,0.995,True
MAS,OK,2026-05-29,0.999,True
MAS,OK,2026-05-28,0.998,True
MCD,OK,2026-06-26,0.9853,True
MCD,OK,2026-06-25,0.9862,True
MCD,OK,2026-06-24,0.9925,True
MCD,OK,2026-06-23,0.9883,True
MCD,OK,2026-06-22,0.9875,True
MCD,OK,2026-06-19,0.999,True
MCD,OK,2026-06-18,0.8553,True
MCD,OK,2026-06-17,0.7732,True
MCD,OK,2026-06-16,0.883,True
MCD,OK,2026-06-15,0.8644,True
MCD,OK,2026-06-14,0.9947,True
MCD,OK,2026-06-12,0.996,True
MCD,OK,2026-06-11,0.9717,True
MCD,OK,2026-06-10,0.991,True
MCD,OK,2026-06-09,0.9902,True
MCD,OK,2026-06-08,0.9983,True
MCD,OK,2026-06-07,0.9325,True
MCD,OK,2026-06-06,0.6618,True
MCD,OK,2026-06-05,0.8276,True
MCD,OK,2026-06-04,0.9966,True
MCD,OK,2026-06-03,0.9732,True
MCD,OK,2026-06-02,0.9391,True
MCD,OK,2026-06-01,0.9948,True
MCD,OK,2026-05-31,0.998,True
MCD,OK,2026-05-29,0.9957,True
MCD,OK,2026-05-28,0.9783,True
MCHP,DROPPED_FUTURE_DATE,2026-06-27,0.991,False
MCHP,OK,2026-06-26,-0.1483,True
MCHP,OK,2026-06-25,0.9862,True
MCHP,OK,2026-06-24,1.0,True
MCHP,OK,2026-06-23,0.5918,True
MCHP,OK,2026-06-22,0.7286,True
MCHP,OK,2026-06-19,0.8698,True
MCHP,OK,2026-06-18,-0.478,True
MCHP,OK,2026-06-17,0.9946,True
MCHP,OK,2026-06-16,0.4949,True
MCHP,OK,2026-06-15,0.9083,True
MCHP,OK,2026-06-13,0.996,True
MCHP,OK,2026-06-12,0.996,True
MCHP,OK,2026-06-11,-0.2008,True
MCHP,OK,2026-06-10,0.0391,True
MCHP,OK,2026-06-09,0.9875,True
MCHP,OK,2026-06-08,0.3497,True
MCHP,OK,2026-06-06,0.339,True
MCHP,OK,2026-06-05,0.9816,True
MCHP,OK,2026-06-04,0.9913,True
MCHP,OK,2026-06-03,0.9905,True
MCHP,OK,2026-06-02,0.9645,True
MCHP,OK,2026-06-01,0.9948,True
MCHP,OK,2026-05-29,0.993,True
MCHP,OK,2026-05-28,0.9443,True
MCK,OK,2026-06-25,0.997,True
MCK,OK,2026-06-24,0.9605,True
MCK,OK,2026-06-23,0.9878,True
MCK,OK,2026-06-19,0.994,True
MCK,OK,2026-06-18,0.998,True
MCK,OK,2026-06-15,0.986,True
MCK,OK,2026-06-13,0.983,True
MCK,OK,2026-06-10,0.982,True
MCK,OK,2026-06-09,0.995,True
MCK,OK,2026-06-08,0.3273,True
MCK,OK,2026-06-06,0.99,True
MCK,OK,2026-06-05,0.983,True
MCK,OK,2026-06-04,0.999,True
MCK,OK,2026-06-03,0.6138,True
MCK,OK,2026-06-02,0.997,True
MCK,OK,2026-06-01,0.994,True
MCK,OK,2026-05-29,0.999,True
MCO,OK,2026-06-26,0.296,True
MCO,OK,2026-06-24,0.996,True
MCO,OK,2026-06-22,0.99,True
MCO,OK,2026-06-20,0.992,True
MCO,OK,2026-06-19,0.994,True
MCO,OK,2026-06-17,0.99,True
MCO,OK,2026-06-16,0.986,True
MCO,OK,2026-06-12,0.9952,True
MCO,OK,2026-06-10,0.511,True
MCO,OK,2026-06-04,0.005,True
MCO,OK,2026-06-03,0.9937,True
MCO,OK,2026-06-02,0.964,True
MCO,OK,2026-05-29,0.999,True
MCO,OK,2026-05-28,-0.973,True
MDLN,OK,2026-06-18,0.998,True
MDLN,OK,2026-06-13,0.995,True
MDLN,OK,2026-06-12,0.007,True
MDLN,OK,2026-06-09,0.99,True
MDLN,OK,2026-06-05,0.178,True
MDLZ,OK,2026-06-26,0.947,True
MDLZ,OK,2026-06-23,0.998,True
MDLZ,OK,2026-06-22,0.083,True
MDLZ,OK,2026-06-20,0.9965,True
MDLZ,OK,2026-06-18,0.969,True
MDLZ,OK,2026-06-17,0.9473,True
MDLZ,OK,2026-06-16,0.992,True
MDLZ,OK,2026-06-15,0.987,True
MDLZ,OK,2026-06-13,0.954,True
MDLZ,OK,2026-06-12,0.993,True
MDLZ,OK,2026-06-11,0.995,True
MDLZ,OK,2026-06-10,0.812,True
MDLZ,OK,2026-06-09,0.9265,True
MDLZ,OK,2026-06-08,0.997,True
MDLZ,OK,2026-06-07,0.919,True
MDLZ,OK,2026-06-06,0.9955,True
MDLZ,OK,2026-06-04,0.998,True
MDLZ,OK,2026-06-03,0.998,True
MDLZ,OK,2026-06-02,0.963,True
MDLZ,OK,2026-06-01,0.802,True
MDLZ,OK,2026-05-28,0.998,True
MDT,DROPPED_FUTURE_DATE,2026-06-27,0.981,False
MDT,OK,2026-06-26,0.997,True
MDT,OK,2026-06-25,0.9827,True
MDT,OK,2026-06-24,0.996,True
MDT,OK,2026-06-23,0.9844,True
MDT,OK,2026-06-22,0.9885,True
MDT,OK,2026-06-21,0.988,True
MDT,OK,2026-06-18,0.778,True
MDT,OK,2026-06-17,0.9865,True
MDT,OK,2026-06-16,0.9738,True
MDT,OK,2026-06-15,0.9693,True
MDT,OK,2026-06-14,0.9948,True
MDT,OK,2026-06-13,0.942,True
MDT,OK,2026-06-12,0.9975,True
MDT,OK,2026-06-11,0.9953,True
MDT,OK,2026-06-10,0.9888,True
MDT,OK,2026-06-09,0.9883,True
MDT,OK,2026-06-08,0.9972,True
MDT,OK,2026-06-07,0.9955,True
MDT,OK,2026-06-06,0.8185,True
MDT,OK,2026-06-05,0.9958,True
MDT,OK,2026-06-04,0.5369,True
MDT,OK,2026-06-03,0.7819,True
MDT,OK,2026-06-02,0.7658,True
MDT,OK,2026-06-01,0.9638,True
MDT,OK,2026-05-31,0.9763,True
MDT,OK,2026-05-30,0.9967,True
MDT,OK,2026-05-29,0.9893,True
MDT,OK,2026-05-28,0.999,True
MELI,DROPPED_FUTURE_DATE,2026-06-27,0.999,False
MELI,OK,2026-06-25,0.995,True
MELI,OK,2026-06-24,0.976,True
MELI,OK,2026-06-23,0.995,True
MELI,OK,2026-06-22,0.9923,True
MELI,OK,2026-06-21,0.992,True
MELI,OK,2026-06-20,0.994,True
MELI,OK,2026-06-19,0.9977,True
MELI,OK,2026-06-18,0.9857,True
MELI,OK,2026-06-17,0.998,True
MELI,OK,2026-06-16,0.9935,True
MELI,OK,2026-06-15,0.999,True
MELI,OK,2026-06-14,0.9635,True
MELI,OK,2026-06-12,0.9965,True
MELI,OK,2026-06-11,0.9873,True
MELI,OK,2026-06-10,0.995,True
MELI,OK,2026-06-09,0.9933,True
MELI,OK,2026-06-08,0.9973,True
MELI,OK,2026-06-07,0.9958,True
MELI,OK,2026-06-05,0.998,True
MELI,OK,2026-06-04,0.99,True
MELI,OK,2026-06-02,0.999,True
MELI,OK,2026-05-31,0.997,True
MELI,OK,2026-05-30,0.9924,True
MELI,OK,2026-05-29,0.9485,True
MELI,OK,2026-05-28,0.984,True
MET,OK,2026-06-25,0.989,True
MET,OK,2026-06-24,0.9895,True
MET,OK,2026-06-22,0.995,True
MET,OK,2026-06-19,0.998,True
MET,OK,2026-06-16,0.997,True
MET,OK,2026-06-15,0.931,True
MET,OK,2026-06-12,0.8745,True
MET,OK,2026-06-11,0.9978,True
MET,OK,2026-06-10,0.99,True
MET,OK,2026-06-09,0.9975,True
MET,OK,2026-06-08,0.938,True
MET,OK,2026-06-07,0.996,True
MET,OK,2026-06-06,0.998,True
MET,OK,2026-06-05,0.996,True
MET,OK,2026-06-04,0.954,True
MET,OK,2026-06-03,0.969,True
MET,OK,2026-06-02,0.9985,True
MET,OK,2026-06-01,1.0,True
MET,OK,2026-05-31,0.985,True
MET,OK,2026-05-29,0.0995,True
MET,OK,2026-05-28,0.346,True
META,DROPPED_FUTURE_DATE,2026-06-27,0.9493,False
META,OK,2026-06-26,0.65,True
META,OK,2026-06-25,0.7219,True
META,OK,2026-06-24,0.8797,True
META,OK,2026-06-23,0.6837,True
META,OK,2026-06-22,0.8625,True
META,OK,2026-06-21,0.8775,True
META,OK,2026-06-20,0.9949,True
META,OK,2026-06-19,0.9215,True
META,OK,2026-06-18,0.7603,True
META,OK,2026-06-17,0.7883,True
META,OK,2026-06-16,0.8602,True
META,OK,2026-06-15,0.7562,True
META,OK,2026-06-14,0.9341,True
META,OK,2026-06-13,0.9792,True
META,OK,2026-06-12,0.7718,True
META,OK,2026-06-11,0.6875,True
META,OK,2026-06-10,0.766,True
META,OK,2026-06-09,0.7664,True
META,OK,2026-06-08,0.8408,True
META,OK,2026-06-07,0.9267,True
META,OK,2026-06-06,0.9705,True
META,OK,2026-06-05,0.7781,True
META,OK,2026-06-04,0.8638,True
META,OK,2026-06-03,0.6974,True
META,OK,2026-06-02,0.766,True
META,OK,2026-06-01,0.8293,True
META,OK,2026-05-31,0.8446,True
META,OK,2026-05-30,0.9334,True
META,OK,2026-05-29,0.753,True
META,OK,2026-05-28,0.8561,True
MFC,OK,2026-06-25,0.999,True
MFC,OK,2026-06-24,0.999,True
MFC,OK,2026-06-23,0.9975,True
MFC,OK,2026-06-22,0.998,True
MFC,OK,2026-06-18,0.9263,True
MFC,OK,2026-06-17,0.972,True
MFC,OK,2026-06-16,0.999,True
MFC,OK,2026-06-15,0.989,True
MFC,OK,2026-06-12,0.9985,True
MFC,OK,2026-06-11,1.0,True
MFC,OK,2026-06-10,0.998,True
MFC,OK,2026-06-06,0.998,True
MFC,OK,2026-06-05,0.9985,True
MFC,OK,2026-06-04,0.999,True
MFC,OK,2026-06-02,0.999,True
MFC,OK,2026-06-01,0.996,True
MFG,OK,2026-06-19,0.9925,True
MFG,OK,2026-06-15,0.9,True
MFG,OK,2026-06-11,0.998,True
MFG,OK,2026-06-10,0.995,True
MFG,OK,2026-06-09,0.9973,True
MFG,OK,2026-06-08,-0.671,True
MFG,OK,2026-06-06,0.994,True
MFG,OK,2026-06-05,0.998,True
MFG,OK,2026-06-04,0.25,True
MFG,OK,2026-06-03,0.998,True
MFG,OK,2026-06-01,0.998,True
MGM,OK,2026-06-26,0.999,True
MGM,OK,2026-06-23,0.984,True
MGM,OK,2026-06-19,0.997,True
MGM,OK,2026-06-18,0.9975,True
MGM,OK,2026-06-17,0.978,True
MGM,OK,2026-06-16,0.9965,True
MGM,OK,2026-06-15,0.9328,True
MGM,OK,2026-06-13,0.997,True
MGM,OK,2026-06-11,0.988,True
MGM,OK,2026-06-10,0.866,True
MGM,OK,2026-06-09,0.998,True
MGM,OK,2026-06-08,0.994,True
MGM,OK,2026-06-06,0.9923,True
MGM,OK,2026-06-05,0.991,True
MGM,OK,2026-06-04,0.988,True
MGM,OK,2026-06-03,0.7233,True
MGM,OK,2026-06-02,0.8962,True
MGM,OK,2026-06-01,0.4572,True
MGM,OK,2026-05-31,0.997,True
MGM,OK,2026-05-30,0.999,True
MGM,OK,2026-05-29,0.9915,True
MGM,OK,2026-05-28,0.7963,True
MKC,OK,2026-06-26,0.7082,True
MKC,OK,2026-06-25,0.7971,True
MKC,OK,2026-06-24,0.2287,True
MKC,OK,2026-06-23,0.973,True
MKC,OK,2026-06-22,0.992,True
MKC,OK,2026-06-21,0.856,True
MKC,OK,2026-06-19,0.979,True
MKC,OK,2026-06-18,0.998,True
MKC,OK,2026-06-17,0.9647,True
MKC,OK,2026-06-16,0.9043,True
MKC,OK,2026-06-15,0.984,True
MKC,OK,2026-06-13,0.989,True
MKC,OK,2026-06-09,0.9627,True
MKC,OK,2026-06-06,0.988,True
MKC,OK,2026-06-05,0.999,True
MKC,OK,2026-06-03,0.996,True
MKC,OK,2026-06-02,0.34,True
MKC,OK,2026-06-01,0.9715,True
MKC,OK,2026-05-29,-0.148,True
MLM,OK,2026-06-25,0.998,True
MLM,OK,2026-06-24,-0.014,True
MLM,OK,2026-06-19,0.9955,True
MLM,OK,2026-06-11,0.997,True
MLM,OK,2026-06-10,0.9583,True
MLM,OK,2026-06-08,0.998,True
MLM,OK,2026-06-07,0.998,True
MLM,OK,2026-06-06,0.973,True
MMM,OK,2026-06-26,0.9915,True
MMM,OK,2026-06-25,0.9973,True
MMM,OK,2026-06-24,0.99,True
MMM,OK,2026-06-23,0.974,True
MMM,OK,2026-06-22,0.994,True
MMM,OK,2026-06-17,0.988,True
MMM,OK,2026-06-16,0.981,True
MMM,OK,2026-06-15,0.974,True
MMM,OK,2026-06-13,0.988,True
MMM,OK,2026-06-12,0.999,True
MMM,OK,2026-06-11,0.975,True
MMM,OK,2026-06-10,0.9748,True
MMM,OK,2026-06-08,0.6497,True
MMM,OK,2026-06-05,0.997,True
MMM,OK,2026-06-04,0.999,True
MMM,OK,2026-06-01,0.9955,True
MMM,OK,2026-05-29,0.296,True
MMM,OK,2026-05-28,-0.4855,True
MNST,OK,2026-06-23,0.9965,True
MNST,OK,2026-06-22,0.9997,True
MNST,OK,2026-06-19,0.993,True
MNST,OK,2026-06-18,0.998,True
MNST,OK,2026-06-17,0.9965,True
MNST,OK,2026-06-15,0.988,True
MNST,OK,2026-06-12,0.829,True
MNST,OK,2026-06-11,0.8475,True
MNST,OK,2026-06-10,0.883,True
MNST,OK,2026-06-09,0.9985,True
MNST,OK,2026-06-08,0.985,True
MNST,OK,2026-06-07,0.999,True
MNST,OK,2026-06-03,0.999,True
MNST,OK,2026-06-02,0.847,True
MNST,OK,2026-06-01,0.985,True
MNST,OK,2026-05-31,0.993,True
MNST,OK,2026-05-28,0.9963,True
MO,OK,2026-06-26,0.998,True
MO,OK,2026-06-25,0.995,True
MO,OK,2026-06-24,0.861,True
MO,OK,2026-06-23,0.9973,True
MO,OK,2026-06-22,0.9975,True
MO,OK,2026-06-21,0.996,True
MO,OK,2026-06-20,0.995,True
MO,OK,2026-06-19,0.9957,True
MO,OK,2026-06-18,0.9985,True
MO,OK,2026-06-17,0.9928,True
MO,OK,2026-06-16,0.9967,True
MO,OK,2026-06-15,0.999,True
MO,OK,2026-06-14,0.998,True
MO,OK,2026-06-13,0.982,True
MO,OK,2026-06-12,0.996,True
MO,OK,2026-06-11,0.988,True
MO,OK,2026-06-10,0.998,True
MO,OK,2026-06-09,1.0,True
MO,OK,2026-06-08,0.9943,True
MO,OK,2026-06-06,0.997,True
MO,OK,2026-06-05,0.9935,True
MO,OK,2026-06-04,0.994,True
MO,OK,2026-06-03,0.9963,True
MO,OK,2026-06-02,0.9872,True
MO,OK,2026-06-01,0.973,True
MO,OK,2026-05-31,-0.774,True
MO,OK,2026-05-29,0.9995,True
MO,OK,2026-05-28,0.7618,True
MOS,OK,2026-06-26,0.9813,True
MOS,OK,2026-06-24,0.989,True
MOS,OK,2026-06-23,0.993,True
MOS,OK,2026-06-20,0.994,True
MOS,OK,2026-06-19,0.991,True
MOS,OK,2026-06-16,0.964,True
MOS,OK,2026-06-15,0.2698,True
MOS,OK,2026-06-12,0.052,True
MOS,OK,2026-06-11,-0.557,True
MOS,OK,2026-06-10,0.976,True
MOS,OK,2026-06-04,0.999,True
MOS,OK,2026-06-02,0.997,True
MPC,OK,2026-06-26,0.999,True
MPC,OK,2026-06-25,0.9915,True
MPC,OK,2026-06-24,0.594,True
MPC,OK,2026-06-23,0.07,True
MPC,OK,2026-06-22,0.075,True
MPC,OK,2026-06-21,0.984,True
MPC,OK,2026-06-18,0.9824,True
MPC,OK,2026-06-17,0.9506,True
MPC,OK,2026-06-16,0.7885,True
MPC,OK,2026-06-15,0.8533,True
MPC,OK,2026-06-14,0.9915,True
MPC,OK,2026-06-12,0.9834,True
MPC,OK,2026-06-11,0.9968,True
MPC,OK,2026-06-10,0.4883,True
MPC,OK,2026-06-09,0.9291,True
MPC,OK,2026-06-08,0.4112,True
MPC,OK,2026-06-07,-0.494,True
MPC,OK,2026-06-05,0.9977,True
MPC,OK,2026-06-04,0.9953,True
MPC,OK,2026-06-03,0.9968,True
MPC,OK,2026-06-02,0.9974,True
MPC,OK,2026-06-01,0.9969,True
MPC,OK,2026-05-30,0.976,True
MPC,OK,2026-05-29,0.9988,True
MPC,OK,2026-05-28,0.984,True
MPWR,OK,2026-06-26,1.0,True
MPWR,OK,2026-06-24,0.998,True
MPWR,OK,2026-06-23,0.9975,True
MPWR,OK,2026-06-22,0.996,True
MPWR,OK,2026-06-19,0.995,True
MPWR,OK,2026-06-18,0.993,True
MPWR,OK,2026-06-17,0.992,True
MPWR,OK,2026-06-16,0.976,True
MPWR,OK,2026-06-15,0.999,True
MPWR,OK,2026-06-14,0.998,True
MPWR,OK,2026-06-12,0.9867,True
MPWR,OK,2026-06-11,0.9965,True
MPWR,OK,2026-06-10,0.992,True
MPWR,OK,2026-06-09,0.957,True
MPWR,OK,2026-06-08,0.797,True
MPWR,OK,2026-06-05,0.096,True
MPWR,OK,2026-06-04,0.994,True
MPWR,OK,2026-06-03,0.9765,True
MPWR,OK,2026-06-02,0.9725,True
MPWR,OK,2026-06-01,0.9935,True
MPWR,OK,2026-05-29,0.998,True
MPWR,OK,2026-05-28,0.9962,True
MRK,OK,2026-06-26,0.8504,True
MRK,OK,2026-06-25,0.6551,True
MRK,OK,2026-06-24,0.7748,True
MRK,OK,2026-06-23,0.8538,True
MRK,OK,2026-06-22,0.7588,True
MRK,OK,2026-06-21,0.982,True
MRK,OK,2026-06-18,0.9891,True
MRK,OK,2026-06-17,0.8459,True
MRK,OK,2026-06-16,0.8145,True
MRK,OK,2026-06-15,0.9773,True
MRK,OK,2026-06-14,0.98,True
MRK,OK,2026-06-12,0.6309,True
MRK,OK,2026-06-11,0.9929,True
MRK,OK,2026-06-10,0.992,True
MRK,OK,2026-06-09,0.9883,True
MRK,OK,2026-06-08,0.6531,True
MRK,OK,2026-06-07,0.988,True
MRK,OK,2026-06-06,0.9963,True
MRK,OK,2026-06-05,0.9923,True
MRK,OK,2026-06-04,0.8785,True
MRK,OK,2026-06-03,0.9956,True
MRK,OK,2026-06-02,0.9912,True
MRK,OK,2026-06-01,0.507,True
MRK,OK,2026-05-31,0.9387,True
MRK,OK,2026-05-30,0.921,True
MRK,OK,2026-05-29,0.6622,True
MRK,OK,2026-05-28,0.9732,True
MRNA,OK,2026-06-26,0.6503,True
MRNA,OK,2026-06-25,0.9975,True
MRNA,OK,2026-06-24,0.996,True
MRNA,OK,2026-06-23,0.9923,True
MRNA,OK,2026-06-22,0.9433,True
MRNA,OK,2026-06-21,0.989,True
MRNA,OK,2026-06-20,-0.0325,True
MRNA,OK,2026-06-19,0.998,True
MRNA,OK,2026-06-18,0.8123,True
MRNA,OK,2026-06-17,0.5685,True
MRNA,OK,2026-06-16,0.5968,True
MRNA,OK,2026-06-15,0.989,True
MRNA,OK,2026-06-14,0.995,True
MRNA,OK,2026-06-13,0.96,True
MRNA,OK,2026-06-12,0.478,True
MRNA,OK,2026-06-11,0.984,True
MRNA,OK,2026-06-10,0.6653,True
MRNA,OK,2026-06-09,0.902,True
MRNA,OK,2026-06-08,-0.989,True
MRNA,OK,2026-06-07,0.996,True
MRNA,OK,2026-06-05,0.9883,True
MRNA,OK,2026-06-04,0.965,True
MRNA,OK,2026-06-03,0.997,True
MRNA,OK,2026-06-02,0.963,True
MRNA,OK,2026-06-01,0.5934,True
MRNA,OK,2026-05-29,0.9965,True
MRSH,OK,2026-06-23,0.66,True
MRSH,OK,2026-06-22,0.991,True
MRSH,OK,2026-06-19,0.999,True
MRSH,OK,2026-06-16,0.983,True
MRSH,OK,2026-06-15,0.9885,True
MRSH,OK,2026-06-11,0.998,True
MRSH,OK,2026-06-10,0.995,True
MRSH,OK,2026-06-08,0.999,True
MRSH,OK,2026-06-04,0.681,True
MRSH,OK,2026-06-03,0.9985,True
MRSH,OK,2026-06-02,0.998,True
MRSH,OK,2026-06-01,0.9845,True
MRSH,OK,2026-05-31,0.993,True
MRSH,OK,2026-05-29,0.997,True
MRVL,DROPPED_FUTURE_DATE,2026-06-27,0.998,False
MRVL,OK,2026-06-26,0.5765,True
MRVL,OK,2026-06-25,0.8877,True
MRVL,OK,2026-06-24,0.988,True
MRVL,OK,2026-06-23,0.7079,True
MRVL,OK,2026-06-22,0.9941,True
MRVL,OK,2026-06-21,0.99,True
MRVL,OK,2026-06-20,0.9033,True
MRVL,OK,2026-06-19,0.991,True
MRVL,OK,2026-06-18,0.4517,True
MRVL,OK,2026-06-17,0.9461,True
MRVL,OK,2026-06-16,0.3788,True
MRVL,OK,2026-06-15,0.915,True
MRVL,OK,2026-06-14,0.9932,True
MRVL,OK,2026-06-13,0.84,True
MRVL,OK,2026-06-12,0.728,True
MRVL,OK,2026-06-11,0.556,True
MRVL,OK,2026-06-10,0.5376,True
MRVL,OK,2026-06-09,0.6278,True
MRVL,OK,2026-06-08,0.6942,True
MRVL,OK,2026-06-07,0.9853,True
MRVL,OK,2026-06-06,0.8839,True
MRVL,OK,2026-06-05,0.6645,True
MRVL,OK,2026-06-04,0.4611,True
MRVL,OK,2026-06-03,0.78,True
MRVL,OK,2026-06-02,0.7018,True
MRVL,OK,2026-06-01,0.9885,True
MRVL,OK,2026-05-31,0.9945,True
MRVL,OK,2026-05-30,0.9887,True
MRVL,OK,2026-05-29,0.7735,True
MRVL,OK,2026-05-28,0.659,True
MS,DROPPED_FUTURE_DATE,2026-06-27,0.0355,False
MS,OK,2026-06-26,0.8309,True
MS,OK,2026-06-25,0.7778,True
MS,OK,2026-06-24,0.5622,True
MS,OK,2026-06-23,0.9618,True
MS,OK,2026-06-22,0.2938,True
MS,OK,2026-06-20,0.9356,True
MS,OK,2026-06-19,0.974,True
MS,OK,2026-06-18,0.7999,True
MS,OK,2026-06-17,0.9342,True
MS,OK,2026-06-16,0.4286,True
MS,OK,2026-06-15,0.646,True
MS,OK,2026-06-14,0.4775,True
MS,OK,2026-06-13,0.9613,True
MS,OK,2026-06-12,0.924,True
MS,OK,2026-06-11,0.8181,True
MS,OK,2026-06-10,0.7001,True
MS,OK,2026-06-09,0.7477,True
MS,OK,2026-06-08,0.3863,True
MS,OK,2026-06-07,0.9948,True
MS,OK,2026-06-06,0.955,True
MS,OK,2026-06-05,0.7113,True
MS,OK,2026-06-04,0.8283,True
MS,OK,2026-06-03,0.4706,True
MS,OK,2026-06-02,0.5916,True
MS,OK,2026-06-01,0.6433,True
MS,OK,2026-05-31,0.985,True
MS,OK,2026-05-30,0.9136,True
MS,OK,2026-05-29,0.609,True
MS,OK,2026-05-28,0.6857,True
MSCI,OK,2026-06-26,0.959,True
MSCI,OK,2026-06-25,0.586,True
MSCI,OK,2026-06-24,0.5632,True
MSCI,OK,2026-06-23,0.754,True
MSCI,OK,2026-06-22,0.461,True
MSCI,OK,2026-06-19,0.5965,True
MSCI,OK,2026-06-18,0.996,True
MSCI,OK,2026-06-17,0.9915,True
MSCI,OK,2026-06-16,0.998,True
MSCI,OK,2026-06-15,0.969,True
MSCI,OK,2026-06-14,0.967,True
MSCI,OK,2026-06-13,0.997,True
MSCI,OK,2026-06-12,0.984,True
MSCI,OK,2026-06-11,0.993,True
MSCI,OK,2026-06-10,0.2757,True
MSCI,OK,2026-06-09,0.7692,True
MSCI,OK,2026-06-08,0.9443,True
MSCI,OK,2026-06-06,0.932,True
MSCI,OK,2026-06-05,0.983,True
MSCI,OK,2026-06-03,0.9075,True
MSCI,OK,2026-06-02,0.99,True
MSCI,OK,2026-06-01,0.997,True
MSCI,OK,2026-05-29,0.998,True
MSCI,OK,2026-05-28,0.9945,True
MSFT,DROPPED_FUTURE_DATE,2026-06-27,0.9635,False
MSFT,OK,2026-06-26,0.4158,True
MSFT,OK,2026-06-25,0.64,True
MSFT,OK,2026-06-24,0.9071,True
MSFT,OK,2026-06-23,0.764,True
MSFT,OK,2026-06-22,0.7575,True
MSFT,OK,2026-06-21,0.9231,True
MSFT,OK,2026-06-20,0.9923,True
MSFT,OK,2026-06-19,0.7259,True
MSFT,OK,2026-06-18,0.8071,True
MSFT,OK,2026-06-17,0.879,True
MSFT,OK,2026-06-16,0.7421,True
MSFT,OK,2026-06-15,0.839,True
MSFT,OK,2026-06-14,0.9876,True
MSFT,OK,2026-06-13,0.9278,True
MSFT,OK,2026-06-12,0.9096,True
MSFT,OK,2026-06-11,0.7459,True
MSFT,OK,2026-06-10,0.7239,True
MSFT,OK,2026-06-09,0.7873,True
MSFT,OK,2026-06-08,0.9467,True
MSFT,OK,2026-06-07,0.9921,True
MSFT,OK,2026-06-06,0.9749,True
MSFT,OK,2026-06-05,0.7408,True
MSFT,OK,2026-06-04,0.8915,True
MSFT,OK,2026-06-03,0.8476,True
MSFT,OK,2026-06-02,0.8793,True
MSFT,OK,2026-06-01,0.7545,True
MSFT,OK,2026-05-31,0.848,True
MSFT,OK,2026-05-30,0.8918,True
MSFT,OK,2026-05-29,0.8299,True
MSFT,OK,2026-05-28,0.8643,True
MSI,OK,2026-06-24,0.9987,True
MSI,OK,2026-06-23,1.0,True
MSI,OK,2026-06-18,0.998,True
MSI,OK,2026-06-16,0.9945,True
MSI,OK,2026-06-12,0.97,True
MSI,OK,2026-06-11,0.999,True
MSI,OK,2026-06-10,0.982,True
MSI,OK,2026-06-08,0.9715,True
MSI,OK,2026-06-06,0.9965,True
MSI,OK,2026-06-05,0.999,True
MSI,OK,2026-06-04,0.9965,True
MSI,OK,2026-06-03,0.999,True
MSI,OK,2026-06-01,0.8666,True
MSI,OK,2026-05-31,0.995,True
MTB,DROPPED_FUTURE_DATE,2026-06-27,0.995,False
MTB,OK,2026-06-26,0.992,True
MTB,OK,2026-06-25,0.993,True
MTB,OK,2026-06-23,0.997,True
MTB,OK,2026-06-20,0.984,True
MTB,OK,2026-06-19,0.995,True
MTB,OK,2026-06-18,0.999,True
MTB,OK,2026-06-17,0.824,True
MTB,OK,2026-06-16,0.9893,True
MTB,OK,2026-06-15,0.98,True
MTB,OK,2026-06-10,0.992,True
MTB,OK,2026-06-05,1.0,True
MTB,OK,2026-06-04,0.947,True
MTB,OK,2026-06-03,0.999,True
MTB,OK,2026-06-01,0.999,True
MTB,OK,2026-05-28,0.998,True
MTD,OK,2026-06-26,0.995,True
MTD,OK,2026-06-24,1.0,True
MTD,OK,2026-06-18,0.997,True
MTD,OK,2026-06-11,0.977,True
MTD,OK,2026-06-04,0.995,True
MTD,OK,2026-06-02,0.995,True
MTD,OK,2026-05-28,0.87,True
MU,DROPPED_FUTURE_DATE,2026-06-27,0.7978,False
MU,OK,2026-06-26,0.4579,True
MU,OK,2026-06-25,0.5925,True
MU,OK,2026-06-24,0.5064,True
MU,OK,2026-06-23,0.4046,True
MU,OK,2026-06-22,0.7032,True
MU,OK,2026-06-21,0.7917,True
MU,OK,2026-06-20,0.7926,True
MU,OK,2026-06-19,0.7836,True
MU,OK,2026-06-18,0.694,True
MU,OK,2026-06-17,0.7885,True
MU,OK,2026-06-16,0.7165,True
MU,OK,2026-06-15,0.6772,True
MU,OK,2026-06-14,0.8136,True
MU,OK,2026-06-13,0.9742,True
MU,OK,2026-06-12,0.9049,True
MU,OK,2026-06-11,0.667,True
MU,OK,2026-06-10,0.5485,True
MU,OK,2026-06-09,0.624,True
MU,OK,2026-06-08,0.4859,True
MU,OK,2026-06-07,0.9359,True
MU,OK,2026-06-06,0.7496,True
MU,OK,2026-06-05,0.5472,True
MU,OK,2026-06-04,0.5508,True
MU,OK,2026-06-03,0.8953,True
MU,OK,2026-06-02,0.8536,True
MU,OK,2026-06-01,0.953,True
MU,OK,2026-05-31,0.9835,True
MU,OK,2026-05-30,0.9256,True
MU,OK,2026-05-29,0.7401,True
MU,OK,2026-05-28,0.8313,True
MUFG,OK,2026-06-25,0.997,True
MUFG,OK,2026-06-23,0.998,True
MUFG,OK,2026-06-18,0.999,True
MUFG,OK,2026-06-17,0.864,True
MUFG,OK,2026-06-10,0.985,True
MUFG,OK,2026-06-09,0.0,True
MUFG,OK,2026-06-08,0.999,True
MUFG,OK,2026-06-06,0.984,True
MUFG,OK,2026-06-04,0.6607,True
MUFG,OK,2026-05-30,0.98,True
MUFG,OK,2026-05-28,0.2965,True
NBIS,OK,2026-06-26,0.977,True
NBIS,OK,2026-06-25,0.997,True
NBIS,OK,2026-06-24,0.999,True
NBIS,OK,2026-06-23,0.825,True
NBIS,OK,2026-06-22,0.803,True
NBIS,OK,2026-06-21,0.997,True
NBIS,OK,2026-06-20,0.996,True
NBIS,OK,2026-06-19,0.9918,True
NBIS,OK,2026-06-18,0.923,True
NBIS,OK,2026-06-17,0.4975,True
NBIS,OK,2026-06-16,0.79,True
NBIS,OK,2026-06-15,0.9923,True
NBIS,OK,2026-06-14,0.994,True
NBIS,OK,2026-06-13,0.9977,True
NBIS,OK,2026-06-12,0.7964,True
NBIS,OK,2026-06-11,0.9667,True
NBIS,OK,2026-06-10,0.8469,True
NBIS,OK,2026-06-09,0.9534,True
NBIS,OK,2026-06-08,0.9622,True
NBIS,OK,2026-06-06,0.992,True
NBIS,OK,2026-06-05,0.9798,True
NBIS,OK,2026-06-04,0.9936,True
NBIS,OK,2026-06-03,0.992,True
NBIS,OK,2026-06-02,0.8055,True
NBIS,OK,2026-06-01,0.983,True
NBIS,OK,2026-05-30,0.9935,True
NBIS,OK,2026-05-29,0.6955,True
NBIS,OK,2026-05-28,0.7753,True
NCLH,OK,2026-06-25,0.9887,True
NCLH,OK,2026-06-24,-0.1993,True
NCLH,OK,2026-06-23,0.6422,True
NCLH,OK,2026-06-22,0.6823,True
NCLH,OK,2026-06-19,0.9955,True
NCLH,OK,2026-06-18,-0.2379,True
NCLH,OK,2026-06-17,0.9695,True
NCLH,OK,2026-06-16,0.457,True
NCLH,OK,2026-06-15,0.9271,True
NCLH,OK,2026-06-14,0.995,True
NCLH,OK,2026-06-13,0.997,True
NCLH,OK,2026-06-12,0.9945,True
NCLH,OK,2026-06-11,0.197,True
NCLH,OK,2026-06-10,-0.0933,True
NCLH,OK,2026-06-09,0.8984,True
NCLH,OK,2026-06-08,0.2208,True
NCLH,OK,2026-06-06,0.995,True
NCLH,OK,2026-06-05,0.9827,True
NCLH,OK,2026-06-03,0.9833,True
NCLH,OK,2026-06-02,0.995,True
NCLH,OK,2026-06-01,0.995,True
NCLH,OK,2026-05-29,0.984,True
NCLH,OK,2026-05-28,0.828,True
NDAQ,DROPPED_FUTURE_DATE,2026-06-27,0.4727,False
NDAQ,OK,2026-06-26,0.9343,True
NDAQ,OK,2026-06-25,0.996,True
NDAQ,OK,2026-06-24,0.875,True
NDAQ,OK,2026-06-23,0.998,True
NDAQ,OK,2026-06-22,0.997,True
NDAQ,OK,2026-06-20,0.9915,True
NDAQ,OK,2026-06-19,0.153,True
NDAQ,OK,2026-06-18,0.9822,True
NDAQ,OK,2026-06-17,0.9818,True
NDAQ,OK,2026-06-16,0.969,True
NDAQ,OK,2026-06-15,0.9495,True
NDAQ,OK,2026-06-13,0.989,True
NDAQ,OK,2026-06-12,0.7715,True
NDAQ,OK,2026-06-11,0.9803,True
NDAQ,OK,2026-06-10,0.726,True
NDAQ,OK,2026-06-09,0.9813,True
NDAQ,OK,2026-06-08,0.9197,True
NDAQ,OK,2026-06-07,-0.3157,True
NDAQ,OK,2026-06-06,0.965,True
NDAQ,OK,2026-06-05,0.8046,True
NDAQ,OK,2026-06-04,0.9803,True
NDAQ,OK,2026-06-03,0.962,True
NDAQ,OK,2026-06-02,-0.714,True
NDAQ,OK,2026-06-01,0.621,True
NDAQ,OK,2026-05-29,0.998,True
NDAQ,OK,2026-05-28,0.973,True
NDSN,OK,2026-06-23,0.9955,True
NDSN,OK,2026-06-16,0.9775,True
NDSN,OK,2026-06-09,0.998,True
NDSN,OK,2026-06-08,0.999,True
NDSN,OK,2026-06-04,0.914,True
NDSN,OK,2026-06-03,0.995,True
NDSN,OK,2026-06-01,0.986,True
NDSN,OK,2026-05-29,0.995,True
NEE,OK,2026-06-26,0.9978,True
NEE,OK,2026-06-25,0.9914,True
NEE,OK,2026-06-24,0.9916,True
NEE,OK,2026-06-23,0.999,True
NEE,OK,2026-06-22,0.9863,True
NEE,OK,2026-06-19,0.998,True
NEE,OK,2026-06-18,0.9856,True
NEE,OK,2026-06-17,0.997,True
NEE,OK,2026-06-16,0.962,True
NEE,OK,2026-06-15,0.994,True
NEE,OK,2026-06-14,0.999,True
NEE,OK,2026-06-12,0.995,True
NEE,OK,2026-06-11,0.9973,True
NEE,OK,2026-06-10,0.9943,True
NEE,OK,2026-06-09,0.9925,True
NEE,OK,2026-06-08,0.9915,True
NEE,OK,2026-06-07,0.9965,True
NEE,OK,2026-06-06,0.999,True
NEE,OK,2026-06-05,0.9967,True
NEE,OK,2026-06-04,0.9965,True
NEE,OK,2026-06-02,0.862,True
NEE,OK,2026-06-01,0.9732,True
NEE,OK,2026-05-31,0.997,True
NEE,OK,2026-05-30,0.7851,True
NEE,OK,2026-05-28,0.9955,True
NEM,OK,2026-06-26,1.0,True
NEM,OK,2026-06-25,0.996,True
NEM,OK,2026-06-24,0.1542,True
NEM,OK,2026-06-23,0.6717,True
NEM,OK,2026-06-22,0.98,True
NEM,OK,2026-06-20,0.975,True
NEM,OK,2026-06-19,0.3593,True
NEM,OK,2026-06-18,0.9715,True
NEM,OK,2026-06-17,0.9938,True
NEM,OK,2026-06-16,0.7933,True
NEM,OK,2026-06-15,0.9127,True
NEM,OK,2026-06-14,0.989,True
NEM,OK,2026-06-13,0.9855,True
NEM,OK,2026-06-12,0.996,True
NEM,OK,2026-06-11,0.8923,True
NEM,OK,2026-06-10,0.5034,True
NEM,OK,2026-06-09,0.997,True
NEM,OK,2026-06-07,0.977,True
NEM,OK,2026-06-06,0.9965,True
NEM,OK,2026-06-05,0.9733,True
NEM,OK,2026-06-04,0.9837,True
NEM,OK,2026-06-03,0.998,True
NEM,OK,2026-06-02,0.998,True
NEM,OK,2026-06-01,0.988,True
NEM,OK,2026-05-31,0.993,True
NEM,OK,2026-05-29,0.9775,True
NEM,OK,2026-05-28,-0.8995,True
NET,OK,2026-06-26,0.862,True
NET,OK,2026-06-25,0.9865,True
NET,OK,2026-06-24,0.953,True
NET,OK,2026-06-23,0.6265,True
NET,OK,2026-06-22,0.9828,True
NET,OK,2026-06-19,0.9905,True
NET,OK,2026-06-18,0.207,True
NET,OK,2026-06-16,0.1596,True
NET,OK,2026-06-15,0.9925,True
NET,OK,2026-06-13,0.993,True
NET,OK,2026-06-12,0.7597,True
NET,OK,2026-06-10,0.7563,True
NET,OK,2026-06-09,0.9055,True
NET,OK,2026-06-08,0.9555,True
NET,OK,2026-06-07,0.995,True
NET,OK,2026-06-06,0.9883,True
NET,OK,2026-06-05,0.9934,True
NET,OK,2026-06-04,0.5483,True
NET,OK,2026-06-03,0.8941,True
NET,OK,2026-06-02,0.9295,True
NET,OK,2026-06-01,0.988,True
NET,OK,2026-05-31,0.999,True
NET,OK,2026-05-29,0.996,True
NET,OK,2026-05-28,0.977,True
NFLX,DROPPED_FUTURE_DATE,2026-06-27,0.94,False
NFLX,OK,2026-06-26,0.8606,True
NFLX,OK,2026-06-25,0.5389,True
NFLX,OK,2026-06-24,0.9449,True
NFLX,OK,2026-06-23,0.6005,True
NFLX,OK,2026-06-22,0.7274,True
NFLX,OK,2026-06-21,0.8513,True
NFLX,OK,2026-06-20,0.7137,True
NFLX,OK,2026-06-19,0.5807,True
NFLX,OK,2026-06-18,0.9546,True
NFLX,OK,2026-06-17,0.7774,True
NFLX,OK,2026-06-16,0.7826,True
NFLX,OK,2026-06-15,0.925,True
NFLX,OK,2026-06-14,0.988,True
NFLX,OK,2026-06-13,0.1363,True
NFLX,OK,2026-06-12,0.7828,True
NFLX,OK,2026-06-11,0.9693,True
NFLX,OK,2026-06-10,0.6993,True
NFLX,OK,2026-06-09,0.6528,True
NFLX,OK,2026-06-08,0.8194,True
NFLX,OK,2026-06-07,0.9418,True
NFLX,OK,2026-06-06,0.7721,True
NFLX,OK,2026-06-05,0.4958,True
NFLX,OK,2026-06-04,0.7667,True
NFLX,OK,2026-06-03,0.8496,True
NFLX,OK,2026-06-02,0.4447,True
NFLX,OK,2026-06-01,0.909,True
NFLX,OK,2026-05-31,0.9324,True
NFLX,OK,2026-05-30,0.7911,True
NFLX,OK,2026-05-29,0.9846,True
NFLX,OK,2026-05-28,0.3601,True
NGG,OK,2026-06-24,0.992,True
NGG,OK,2026-06-23,1.0,True
NGG,OK,2026-06-12,0.9975,True
NGG,OK,2026-06-08,0.992,True
NGG,OK,2026-06-05,0.992,True
NGG,OK,2026-06-03,0.962,True
NI,OK,2026-06-25,0.996,True
NI,OK,2026-06-23,0.9893,True
NI,OK,2026-06-22,0.977,True
NI,OK,2026-06-11,0.997,True
NI,OK,2026-06-05,0.991,True
NI,OK,2026-06-04,0.982,True
NKE,DROPPED_FUTURE_DATE,2026-06-27,0.498,False
NKE,OK,2026-06-26,0.5278,True
NKE,OK,2026-06-25,0.935,True
NKE,OK,2026-06-24,0.6916,True
NKE,OK,2026-06-23,0.6827,True
NKE,OK,2026-06-22,0.7835,True
NKE,OK,2026-06-19,0.8978,True
NKE,OK,2026-06-18,0.9192,True
NKE,OK,2026-06-17,0.992,True
NKE,OK,2026-06-16,0.9698,True
NKE,OK,2026-06-15,0.991,True
NKE,OK,2026-06-14,-0.1847,True
NKE,OK,2026-06-13,0.988,True
NKE,OK,2026-06-12,0.99,True
NKE,OK,2026-06-11,0.903,True
NKE,OK,2026-06-10,0.5895,True
NKE,OK,2026-06-09,0.971,True
NKE,OK,2026-06-08,0.7137,True
NKE,OK,2026-06-07,0.3407,True
NKE,OK,2026-06-06,0.996,True
NKE,OK,2026-06-05,0.2928,True
NKE,OK,2026-06-04,0.8583,True
NKE,OK,2026-06-03,0.9873,True
NKE,OK,2026-06-02,0.8118,True
NKE,OK,2026-06-01,0.9918,True
NKE,OK,2026-05-31,0.989,True
NKE,OK,2026-05-29,0.913,True
NKE,OK,2026-05-28,0.5537,True
NOC,OK,2026-06-26,0.9985,True
NOC,OK,2026-06-25,0.755,True
NOC,OK,2026-06-24,0.998,True
NOC,OK,2026-06-23,0.9947,True
NOC,OK,2026-06-22,0.8058,True
NOC,OK,2026-06-19,0.997,True
NOC,OK,2026-06-18,0.8033,True
NOC,OK,2026-06-17,0.9975,True
NOC,OK,2026-06-16,0.996,True
NOC,OK,2026-06-15,0.244,True
NOC,OK,2026-06-14,0.996,True
NOC,OK,2026-06-13,0.994,True
NOC,OK,2026-06-12,0.997,True
NOC,OK,2026-06-11,0.9903,True
NOC,OK,2026-06-10,0.7375,True
NOC,OK,2026-06-09,0.9878,True
NOC,OK,2026-06-08,0.996,True
NOC,OK,2026-06-06,0.996,True
NOC,OK,2026-06-05,0.4457,True
NOC,OK,2026-06-04,0.9947,True
NOC,OK,2026-06-03,0.9897,True
NOC,OK,2026-06-02,0.922,True
NOC,OK,2026-05-31,0.994,True
NOC,OK,2026-05-30,0.997,True
NOC,OK,2026-05-28,0.991,True
NOK,OK,2026-06-26,0.9935,True
NOK,OK,2026-06-25,0.959,True
NOK,OK,2026-06-24,0.9655,True
NOK,OK,2026-06-23,0.8825,True
NOK,OK,2026-06-22,0.9965,True
NOK,OK,2026-06-16,0.6587,True
NOK,OK,2026-06-15,0.9983,True
NOK,OK,2026-06-13,0.994,True
NOK,OK,2026-06-12,0.6627,True
NOK,OK,2026-06-11,0.997,True
NOK,OK,2026-06-10,0.998,True
NOK,OK,2026-06-09,0.9939,True
NOK,OK,2026-06-08,0.909,True
NOK,OK,2026-06-07,0.9945,True
NOK,OK,2026-06-05,0.6705,True
NOK,OK,2026-06-04,0.787,True
NOK,OK,2026-06-03,0.6543,True
NOK,OK,2026-06-02,0.988,True
NOK,OK,2026-06-01,0.9947,True
NOK,OK,2026-05-31,0.606,True
NOK,OK,2026-05-30,0.995,True
NOK,OK,2026-05-29,0.963,True
NOK,OK,2026-05-28,0.996,True
NOW,DROPPED_FUTURE_DATE,2026-06-27,0.9267,False
NOW,OK,2026-06-26,0.5773,True
NOW,OK,2026-06-25,0.9898,True
NOW,OK,2026-06-24,0.9854,True
NOW,OK,2026-06-23,0.9486,True
NOW,OK,2026-06-22,0.8605,True
NOW,OK,2026-06-21,0.9907,True
NOW,OK,2026-06-20,0.986,True
NOW,OK,2026-06-19,0.993,True
NOW,OK,2026-06-18,0.8935,True
NOW,OK,2026-06-17,0.9904,True
NOW,OK,2026-06-16,0.2424,True
NOW,OK,2026-06-15,0.997,True
NOW,OK,2026-06-14,0.993,True
NOW,OK,2026-06-13,0.9378,True
NOW,OK,2026-06-12,0.6403,True
NOW,OK,2026-06-11,0.2343,True
NOW,OK,2026-06-10,0.8394,True
NOW,OK,2026-06-09,0.7164,True
NOW,OK,2026-06-08,0.7339,True
NOW,OK,2026-06-07,0.979,True
NOW,OK,2026-06-06,0.9972,True
NOW,OK,2026-06-05,0.7133,True
NOW,OK,2026-06-04,0.8412,True
NOW,OK,2026-06-03,0.9156,True
NOW,OK,2026-06-02,0.8322,True
NOW,OK,2026-06-01,0.8118,True
NOW,OK,2026-05-31,0.9848,True
NOW,OK,2026-05-30,0.9275,True
NOW,OK,2026-05-29,0.9616,True
NOW,OK,2026-05-28,0.9923,True
NRG,OK,2026-06-26,0.994,True
NRG,OK,2026-06-25,0.978,True
NRG,OK,2026-06-24,0.985,True
NRG,OK,2026-06-23,0.999,True
NRG,OK,2026-06-19,0.999,True
NRG,OK,2026-06-18,0.994,True
NRG,OK,2026-06-17,0.984,True
NRG,OK,2026-06-16,0.995,True
NRG,OK,2026-06-12,0.992,True
NRG,OK,2026-06-11,0.996,True
NRG,OK,2026-06-10,0.976,True
NRG,OK,2026-06-06,0.995,True
NRG,OK,2026-06-05,0.9953,True
NRG,OK,2026-06-04,0.926,True
NRG,OK,2026-06-03,-0.402,True
NRG,OK,2026-06-02,0.998,True
NRG,OK,2026-06-01,0.997,True
NRG,OK,2026-05-28,0.998,True
NSC,OK,2026-06-25,0.963,True
NSC,OK,2026-06-24,0.997,True
NSC,OK,2026-06-19,0.982,True
NSC,OK,2026-06-18,0.751,True
NSC,OK,2026-06-15,0.989,True
NSC,OK,2026-06-13,0.996,True
NSC,OK,2026-06-11,0.2505,True
NSC,OK,2026-06-09,0.961,True
NSC,OK,2026-06-08,0.971,True
NSC,OK,2026-06-05,0.993,True
NSC,OK,2026-06-04,0.9675,True
NSC,OK,2026-06-02,0.998,True
NSC,OK,2026-06-01,0.9908,True
NSC,OK,2026-05-29,0.92,True
NSC,OK,2026-05-28,0.7957,True
NTAP,OK,2026-06-26,0.9975,True
NTAP,OK,2026-06-25,0.987,True
NTAP,OK,2026-06-24,0.9767,True
NTAP,OK,2026-06-23,0.9955,True
NTAP,OK,2026-06-22,0.999,True
NTAP,OK,2026-06-19,0.999,True
NTAP,OK,2026-06-18,0.996,True
NTAP,OK,2026-06-16,0.999,True
NTAP,OK,2026-06-12,0.9975,True
NTAP,OK,2026-06-11,0.998,True
NTAP,OK,2026-06-10,0.997,True
NTAP,OK,2026-06-07,0.997,True
NTAP,OK,2026-06-05,0.986,True
NTAP,OK,2026-06-04,0.996,True
NTAP,OK,2026-06-03,0.9962,True
NTAP,OK,2026-06-02,0.997,True
NTAP,OK,2026-06-01,0.9584,True
NTAP,OK,2026-05-31,0.999,True
NTAP,OK,2026-05-30,0.995,True
NTAP,OK,2026-05-29,0.7764,True
NTAP,OK,2026-05-28,0.7011,True
NTES,OK,2026-06-25,0.998,True
NTES,OK,2026-06-23,0.988,True
NTES,OK,2026-06-18,0.993,True
NTES,OK,2026-06-15,0.999,True
NTES,OK,2026-06-12,0.995,True
NTES,OK,2026-06-11,1.0,True
NTES,OK,2026-06-09,0.9983,True
NTES,OK,2026-06-08,0.99,True
NTES,OK,2026-06-06,0.993,True
NTES,OK,2026-06-05,0.992,True
NTES,OK,2026-06-03,0.944,True
NTES,OK,2026-06-02,0.99,True
NTES,OK,2026-06-01,-0.329,True
NTES,OK,2026-05-31,0.973,True
NTRS,OK,2026-06-25,0.999,True
NTRS,OK,2026-06-22,0.999,True
NTRS,OK,2026-06-18,0.9977,True
NTRS,OK,2026-06-17,0.9956,True
NTRS,OK,2026-06-16,0.998,True
NTRS,OK,2026-06-15,0.499,True
NTRS,OK,2026-06-13,0.996,True
NTRS,OK,2026-06-12,0.9967,True
NTRS,OK,2026-06-11,1.0,True
NTRS,OK,2026-06-10,0.9985,True
NTRS,OK,2026-06-09,0.999,True
NTRS,OK,2026-06-08,0.999,True
NTRS,OK,2026-06-05,1.0,True
NTRS,OK,2026-06-03,0.999,True
NTRS,OK,2026-06-02,0.9925,True
NTRS,OK,2026-06-01,1.0,True
NTRS,OK,2026-05-29,1.0,True
NTRS,OK,2026-05-28,0.993,True
NU,OK,2026-06-26,0.998,True
NU,OK,2026-06-25,0.989,True
NU,OK,2026-06-24,0.411,True
NU,OK,2026-06-23,0.996,True
NU,OK,2026-06-20,0.987,True
NU,OK,2026-06-18,0.986,True
NU,OK,2026-06-17,0.957,True
NU,OK,2026-06-15,0.1165,True
NU,OK,2026-06-14,0.959,True
NU,OK,2026-06-13,0.9236,True
NU,OK,2026-06-12,0.729,True
NU,OK,2026-06-11,0.9834,True
NU,OK,2026-06-10,0.99,True
NU,OK,2026-06-09,0.9956,True
NU,OK,2026-06-08,0.9953,True
NU,OK,2026-06-05,0.976,True
NU,OK,2026-06-04,0.9768,True
NU,OK,2026-06-03,0.9078,True
NU,OK,2026-06-02,0.9477,True
NU,OK,2026-06-01,0.963,True
NU,OK,2026-05-31,0.9962,True
NU,OK,2026-05-30,0.979,True
NU,OK,2026-05-29,0.9903,True
NUE,DROPPED_FUTURE_DATE,2026-06-27,0.999,False
NUE,OK,2026-06-26,0.9943,True
NUE,OK,2026-06-25,0.9977,True
NUE,OK,2026-06-24,0.9897,True
NUE,OK,2026-06-23,0.9847,True
NUE,OK,2026-06-22,0.869,True
NUE,OK,2026-06-20,0.994,True
NUE,OK,2026-06-19,0.9967,True
NUE,OK,2026-06-18,0.9973,True
NUE,OK,2026-06-17,0.9977,True
NUE,OK,2026-06-16,0.9898,True
NUE,OK,2026-06-15,0.9987,True
NUE,OK,2026-06-14,0.986,True
NUE,OK,2026-06-13,0.99,True
NUE,OK,2026-06-12,0.9925,True
NUE,OK,2026-06-11,0.9905,True
NUE,OK,2026-06-10,0.99,True
NUE,OK,2026-06-09,0.7813,True
NUE,OK,2026-06-08,0.995,True
NUE,OK,2026-06-05,0.9975,True
NUE,OK,2026-06-04,0.993,True
NUE,OK,2026-06-03,0.9907,True
NUE,OK,2026-06-02,0.991,True
NUE,OK,2026-06-01,0.9945,True
NUE,OK,2026-05-31,0.999,True
NUE,OK,2026-05-29,0.9993,True
NVDA,DROPPED_FUTURE_DATE,2026-06-27,0.9188,False
NVDA,OK,2026-06-26,0.7216,True
NVDA,OK,2026-06-25,0.859,True
NVDA,OK,2026-06-24,0.8325,True
NVDA,OK,2026-06-23,0.7733,True
NVDA,OK,2026-06-22,0.8765,True
NVDA,OK,2026-06-21,0.9089,True
NVDA,OK,2026-06-20,0.9226,True
NVDA,OK,2026-06-19,0.886,True
NVDA,OK,2026-06-18,0.8594,True
NVDA,OK,2026-06-17,0.836,True
NVDA,OK,2026-06-16,0.8488,True
NVDA,OK,2026-06-15,0.8487,True
NVDA,OK,2026-06-14,0.8827,True
NVDA,OK,2026-06-13,0.9226,True
NVDA,OK,2026-06-12,0.8402,True
NVDA,OK,2026-06-11,0.8428,True
NVDA,OK,2026-06-10,0.7545,True
NVDA,OK,2026-06-09,0.8592,True
NVDA,OK,2026-06-08,0.7438,True
NVDA,OK,2026-06-07,0.8937,True
NVDA,OK,2026-06-06,0.8942,True
NVDA,OK,2026-06-05,0.7509,True
NVDA,OK,2026-06-04,0.8578,True
NVDA,OK,2026-06-03,0.8426,True
NVDA,OK,2026-06-02,0.8452,True
NVDA,OK,2026-06-01,0.824,True
NVDA,OK,2026-05-31,0.9038,True
NVDA,OK,2026-05-30,0.8976,True
NVDA,OK,2026-05-29,0.792,True
NVDA,OK,2026-05-28,0.8456,True
NVO,OK,2026-06-26,0.8155,True
NVO,OK,2026-06-25,0.9984,True
NVO,OK,2026-06-24,0.6642,True
NVO,OK,2026-06-23,0.974,True
NVO,OK,2026-06-22,0.8273,True
NVO,OK,2026-06-21,0.997,True
NVO,OK,2026-06-20,0.9905,True
NVO,OK,2026-06-19,0.9127,True
NVO,OK,2026-06-18,0.9806,True
NVO,OK,2026-06-17,0.1137,True
NVO,OK,2026-06-16,0.6881,True
NVO,OK,2026-06-15,0.9953,True
NVO,OK,2026-06-14,0.9908,True
NVO,OK,2026-06-13,0.9913,True
NVO,OK,2026-06-12,0.8549,True
NVO,OK,2026-06-11,0.7127,True
NVO,OK,2026-06-10,0.8089,True
NVO,OK,2026-06-09,0.9873,True
NVO,OK,2026-06-08,0.8655,True
NVO,OK,2026-06-07,0.554,True
NVO,OK,2026-06-06,0.751,True
NVO,OK,2026-06-05,0.9243,True
NVO,OK,2026-06-04,0.9925,True
NVO,OK,2026-06-03,0.8005,True
NVO,OK,2026-06-02,0.9884,True
NVO,OK,2026-06-01,0.984,True
NVO,OK,2026-05-31,0.9975,True
NVO,OK,2026-05-30,0.9918,True
NVO,OK,2026-05-29,0.9355,True
NVO,OK,2026-05-28,0.7593,True
NVR,DROPPED_FUTURE_DATE,2026-06-27,0.991,False
NVR,OK,2026-06-25,0.998,True
NVR,OK,2026-06-24,0.6505,True
NVR,OK,2026-06-19,0.9975,True
NVR,OK,2026-06-17,0.997,True
NVR,OK,2026-06-15,0.996,True
NVR,OK,2026-06-12,0.997,True
NVR,OK,2026-06-11,0.9927,True
NVR,OK,2026-06-07,0.9875,True
NVR,OK,2026-06-02,0.995,True
NVR,OK,2026-06-01,0.9175,True
NVR,OK,2026-05-30,0.998,True
NVR,OK,2026-05-29,0.999,True
NVR,OK,2026-05-28,0.903,True
NVS,OK,2026-06-26,0.999,True
NVS,OK,2026-06-25,0.6077,True
NVS,OK,2026-06-24,0.17,True
NVS,OK,2026-06-23,0.936,True
NVS,OK,2026-06-22,0.9945,True
NVS,OK,2026-06-20,0.991,True
NVS,OK,2026-06-19,0.995,True
NVS,OK,2026-06-16,0.9955,True
NVS,OK,2026-06-15,0.996,True
NVS,OK,2026-06-14,0.998,True
NVS,OK,2026-06-12,0.7247,True
NVS,OK,2026-06-11,0.6617,True
NVS,OK,2026-06-10,0.9917,True
NVS,OK,2026-06-09,0.444,True
NVS,OK,2026-06-08,0.9045,True
NVS,OK,2026-06-07,0.993,True
NVS,OK,2026-06-05,0.99,True
NVS,OK,2026-06-04,0.9793,True
NVS,OK,2026-06-03,0.4998,True
NVS,OK,2026-06-02,0.7353,True
NVS,OK,2026-06-01,0.933,True
NVS,OK,2026-05-31,-0.601,True
NVS,OK,2026-05-29,0.999,True
NVS,OK,2026-05-28,0.9977,True
NWG,OK,2026-06-24,0.992,True
NWG,OK,2026-06-17,-0.671,True
NWG,OK,2026-05-28,0.872,True
NWS,OK,2026-06-26,0.0,True
NWS,OK,2026-06-25,0.996,True
NWS,OK,2026-06-23,0.648,True
NWS,OK,2026-06-18,0.9935,True
NWS,OK,2026-06-16,0.701,True
NWS,OK,2026-06-15,0.998,True
NWS,OK,2026-06-12,0.998,True
NWS,OK,2026-06-11,0.91,True
NWS,OK,2026-06-10,0.998,True
NWS,OK,2026-06-09,0.999,True
NWS,OK,2026-06-05,0.997,True
NWS,OK,2026-06-03,0.999,True
NWS,OK,2026-06-02,0.6653,True
NWS,OK,2026-05-28,0.026,True
NWSA,OK,2026-06-26,0.0,True
NWSA,OK,2026-06-25,0.996,True
NWSA,OK,2026-06-23,0.648,True
NWSA,OK,2026-06-19,0.991,True
NWSA,OK,2026-06-18,0.9858,True
NWSA,OK,2026-06-16,0.701,True
NWSA,OK,2026-06-15,0.998,True
NWSA,OK,2026-06-12,0.998,True
NWSA,OK,2026-06-11,0.91,True
NWSA,OK,2026-06-10,0.998,True
NWSA,OK,2026-06-09,0.999,True
NWSA,OK,2026-06-05,0.997,True
NWSA,OK,2026-06-03,0.999,True
NWSA,OK,2026-06-02,0.998,True
NWSA,OK,2026-05-28,0.026,True
NXPI,OK,2026-06-26,0.4753,True
NXPI,OK,2026-06-25,0.999,True
NXPI,OK,2026-06-24,-0.3253,True
NXPI,OK,2026-06-23,0.3232,True
NXPI,OK,2026-06-22,0.6674,True
NXPI,OK,2026-06-21,0.99,True
NXPI,OK,2026-06-20,0.995,True
NXPI,OK,2026-06-19,0.9797,True
NXPI,OK,2026-06-18,-0.4139,True
NXPI,OK,2026-06-17,0.9732,True
NXPI,OK,2026-06-16,0.3072,True
NXPI,OK,2026-06-15,0.9636,True
NXPI,OK,2026-06-13,0.997,True
NXPI,OK,2026-06-12,0.966,True
NXPI,OK,2026-06-11,-0.0049,True
NXPI,OK,2026-06-10,-0.0907,True
NXPI,OK,2026-06-09,0.8856,True
NXPI,OK,2026-06-08,0.3227,True
NXPI,OK,2026-06-06,0.998,True
NXPI,OK,2026-06-05,0.6904,True
NXPI,OK,2026-06-04,0.993,True
NXPI,OK,2026-06-03,0.991,True
NXPI,OK,2026-06-02,0.9612,True
NXPI,OK,2026-06-01,0.6993,True
NXPI,OK,2026-05-31,0.996,True
NXPI,OK,2026-05-29,-0.45,True
NXPI,OK,2026-05-28,0.5302,True
O,DROPPED_FUTURE_DATE,2026-06-27,0.539,False
O,OK,2026-06-26,0.9953,True
O,OK,2026-06-25,0.7932,True
O,OK,2026-06-24,0.997,True
O,OK,2026-06-23,0.9963,True
O,OK,2026-06-22,0.9973,True
O,OK,2026-06-21,0.996,True
O,OK,2026-06-20,0.9937,True
O,OK,2026-06-19,0.964,True
O,OK,2026-06-18,0.9965,True
O,OK,2026-06-17,0.975,True
O,OK,2026-06-16,0.9917,True
O,OK,2026-06-15,0.991,True
O,OK,2026-06-14,0.9982,True
O,OK,2026-06-13,0.998,True
O,OK,2026-06-12,0.9972,True
O,OK,2026-06-11,0.9972,True
O,OK,2026-06-10,0.995,True
O,OK,2026-06-09,0.979,True
O,OK,2026-06-08,0.9903,True
O,OK,2026-06-07,0.9987,True
O,OK,2026-06-06,0.99,True
O,OK,2026-06-05,0.9973,True
O,OK,2026-06-04,0.9905,True
O,OK,2026-06-03,0.9917,True
O,OK,2026-06-02,0.995,True
O,OK,2026-06-01,0.9927,True
O,OK,2026-05-31,0.948,True
O,OK,2026-05-30,0.6554,True
O,OK,2026-05-29,1.0,True
O,OK,2026-05-28,0.92,True
ODFL,OK,2026-06-25,0.999,True
ODFL,OK,2026-06-24,0.992,True
ODFL,OK,2026-06-23,0.919,True
ODFL,OK,2026-06-22,0.998,True
ODFL,OK,2026-06-20,0.9915,True
ODFL,OK,2026-06-17,0.8962,True
ODFL,OK,2026-06-15,0.8901,True
ODFL,OK,2026-06-13,0.995,True
ODFL,OK,2026-06-12,0.997,True
ODFL,OK,2026-06-11,0.9863,True
ODFL,OK,2026-06-10,0.4273,True
ODFL,OK,2026-06-09,0.9763,True
ODFL,OK,2026-06-08,0.9943,True
ODFL,OK,2026-06-07,0.994,True
ODFL,OK,2026-06-05,0.477,True
ODFL,OK,2026-06-04,0.6647,True
ODFL,OK,2026-06-03,0.433,True
ODFL,OK,2026-06-02,0.8407,True
ODFL,OK,2026-06-01,0.646,True
ODFL,OK,2026-05-29,0.645,True
OKE,OK,2026-06-25,0.991,True
OKE,OK,2026-06-24,0.998,True
OKE,OK,2026-06-17,0.99,True
OKE,OK,2026-06-14,0.9965,True
OKE,OK,2026-06-13,0.9975,True
OKE,OK,2026-06-12,0.9915,True
OKE,OK,2026-06-11,0.991,True
OKE,OK,2026-06-09,0.993,True
OKE,OK,2026-06-05,0.965,True
OKE,OK,2026-06-04,0.9975,True
OKE,OK,2026-06-03,0.979,True
OKE,OK,2026-06-02,0.99,True
OKE,OK,2026-06-01,0.996,True
OKE,OK,2026-05-31,0.995,True
OKE,OK,2026-05-29,0.6535,True
OKE,OK,2026-05-28,0.998,True
OMC,OK,2026-06-26,0.976,True
OMC,OK,2026-06-24,0.931,True
OMC,OK,2026-06-23,0.988,True
OMC,OK,2026-06-17,0.972,True
OMC,OK,2026-06-12,0.999,True
OMC,OK,2026-06-11,1.0,True
OMC,OK,2026-06-09,0.998,True
OMC,OK,2026-06-06,0.998,True
OMC,OK,2026-06-04,0.997,True
OMC,OK,2026-06-03,-0.523,True
OMC,OK,2026-06-02,0.988,True
OMC,OK,2026-06-01,0.998,True
OMC,OK,2026-05-28,0.989,True
ON,DROPPED_FUTURE_DATE,2026-06-27,0.993,False
ON,OK,2026-06-26,0.433,True
ON,OK,2026-06-25,0.9845,True
ON,OK,2026-06-24,0.0065,True
ON,OK,2026-06-23,0.4306,True
ON,OK,2026-06-22,0.6953,True
ON,OK,2026-06-21,0.991,True
ON,OK,2026-06-20,0.9973,True
ON,OK,2026-06-19,0.9915,True
ON,OK,2026-06-18,0.994,True
ON,OK,2026-06-17,0.982,True
ON,OK,2026-06-16,0.9768,True
ON,OK,2026-06-15,0.9927,True
ON,OK,2026-06-14,0.997,True
ON,OK,2026-06-13,0.993,True
ON,OK,2026-06-12,0.998,True
ON,OK,2026-06-11,0.9633,True
ON,OK,2026-06-10,0.6703,True
ON,OK,2026-06-09,0.9924,True
ON,OK,2026-06-08,0.5875,True
ON,OK,2026-06-06,0.991,True
ON,OK,2026-06-05,0.9598,True
ON,OK,2026-06-04,0.996,True
ON,OK,2026-06-03,0.988,True
ON,OK,2026-06-02,0.8048,True
ON,OK,2026-06-01,0.385,True
ON,OK,2026-05-29,0.999,True
ON,OK,2026-05-28,0.994,True
ORCL,DROPPED_FUTURE_DATE,2026-06-27,0.9132,False
ORCL,OK,2026-06-26,0.5855,True
ORCL,OK,2026-06-25,0.7488,True
ORCL,OK,2026-06-24,0.8679,True
ORCL,OK,2026-06-23,0.5824,True
ORCL,OK,2026-06-22,0.934,True
ORCL,OK,2026-06-21,0.9872,True
ORCL,OK,2026-06-20,0.9685,True
ORCL,OK,2026-06-19,0.9903,True
ORCL,OK,2026-06-18,0.9475,True
ORCL,OK,2026-06-17,0.9841,True
ORCL,OK,2026-06-16,0.6111,True
ORCL,OK,2026-06-15,0.9785,True
ORCL,OK,2026-06-14,0.9503,True
ORCL,OK,2026-06-13,0.8826,True
ORCL,OK,2026-06-12,0.7553,True
ORCL,OK,2026-06-11,0.4883,True
ORCL,OK,2026-06-10,0.6436,True
ORCL,OK,2026-06-09,0.7267,True
ORCL,OK,2026-06-08,0.7202,True
ORCL,OK,2026-06-07,0.6157,True
ORCL,OK,2026-06-06,0.835,True
ORCL,OK,2026-06-05,0.5832,True
ORCL,OK,2026-06-04,0.8251,True
ORCL,OK,2026-06-03,0.9395,True
ORCL,OK,2026-06-02,0.8495,True
ORCL,OK,2026-06-01,0.878,True
ORCL,OK,2026-05-31,0.9625,True
ORCL,OK,2026-05-30,0.9778,True
ORCL,OK,2026-05-29,0.929,True
ORCL,OK,2026-05-28,0.7874,True
ORLY,OK,2026-06-26,0.995,True
ORLY,OK,2026-06-25,0.999,True
ORLY,OK,2026-06-24,0.998,True
ORLY,OK,2026-06-16,0.979,True
ORLY,OK,2026-06-14,0.997,True
ORLY,OK,2026-06-12,1.0,True
ORLY,OK,2026-06-10,0.999,True
ORLY,OK,2026-06-08,0.991,True
ORLY,OK,2026-06-06,0.991,True
ORLY,OK,2026-06-04,0.993,True
ORLY,OK,2026-06-03,0.999,True
ORLY,OK,2026-06-02,0.99,True
ORLY,OK,2026-06-01,0.999,True
ORLY,OK,2026-05-29,0.9985,True
ORLY,OK,2026-05-28,0.9577,True
OTIS,OK,2026-06-15,0.996,True
OTIS,OK,2026-06-14,0.999,True
OTIS,OK,2026-06-12,0.994,True
OTIS,OK,2026-06-11,0.994,True
OTIS,OK,2026-06-10,0.818,True
OTIS,OK,2026-06-09,0.986,True
OTIS,OK,2026-05-29,0.998,True
OXY,DROPPED_FUTURE_DATE,2026-06-27,0.998,False
OXY,OK,2026-06-26,0.9495,True
OXY,OK,2026-06-25,0.961,True
OXY,OK,2026-06-24,0.5163,True
OXY,OK,2026-06-23,1.0,True
OXY,OK,2026-06-22,0.997,True
OXY,OK,2026-06-18,0.2813,True
OXY,OK,2026-06-17,0.9975,True
OXY,OK,2026-06-16,0.155,True
OXY,OK,2026-06-15,0.787,True
OXY,OK,2026-06-14,0.996,True
OXY,OK,2026-06-13,0.994,True
OXY,OK,2026-06-12,0.9927,True
OXY,OK,2026-06-11,0.4714,True
OXY,OK,2026-06-10,0.997,True
OXY,OK,2026-06-09,0.9116,True
OXY,OK,2026-06-08,0.977,True
OXY,OK,2026-06-07,0.9927,True
OXY,OK,2026-06-05,0.9967,True
OXY,OK,2026-06-04,0.979,True
OXY,OK,2026-06-03,0.9885,True
OXY,OK,2026-06-02,0.9923,True
OXY,OK,2026-06-01,0.5365,True
OXY,OK,2026-05-30,1.0,True
OXY,OK,2026-05-29,0.8968,True
OXY,OK,2026-05-28,0.3105,True
PANW,DROPPED_FUTURE_DATE,2026-06-27,0.999,False
PANW,OK,2026-06-26,0.776,True
PANW,OK,2026-06-25,0.9893,True
PANW,OK,2026-06-24,0.8305,True
PANW,OK,2026-06-23,0.984,True
PANW,OK,2026-06-22,0.9565,True
PANW,OK,2026-06-19,0.9985,True
PANW,OK,2026-06-18,0.998,True
PANW,OK,2026-06-17,0.999,True
PANW,OK,2026-06-16,0.3,True
PANW,OK,2026-06-15,0.9915,True
PANW,OK,2026-06-13,0.992,True
PANW,OK,2026-06-12,0.9886,True
PANW,OK,2026-06-11,0.9893,True
PANW,OK,2026-06-10,0.998,True
PANW,OK,2026-06-09,0.7999,True
PANW,OK,2026-06-08,0.8918,True
PANW,OK,2026-06-07,0.9904,True
PANW,OK,2026-06-06,0.962,True
PANW,OK,2026-06-05,0.7943,True
PANW,OK,2026-06-04,0.6712,True
PANW,OK,2026-06-03,0.5879,True
PANW,OK,2026-06-02,0.8122,True
PANW,OK,2026-06-01,0.5013,True
PANW,OK,2026-05-31,0.6898,True
PANW,OK,2026-05-30,0.9963,True
PANW,OK,2026-05-29,0.9147,True
PANW,OK,2026-05-28,0.9713,True
PAYX,DROPPED_FUTURE_DATE,2026-06-27,0.982,False
PAYX,OK,2026-06-26,0.996,True
PAYX,OK,2026-06-25,0.998,True
PAYX,OK,2026-06-24,0.5853,True
PAYX,OK,2026-06-23,0.8468,True
PAYX,OK,2026-06-22,0.797,True
PAYX,OK,2026-06-19,0.9903,True
PAYX,OK,2026-06-18,0.99,True
PAYX,OK,2026-06-17,0.981,True
PAYX,OK,2026-06-15,0.9826,True
PAYX,OK,2026-06-10,0.935,True
PAYX,OK,2026-06-09,0.9965,True
PAYX,OK,2026-06-08,0.897,True
PAYX,OK,2026-06-05,0.999,True
PAYX,OK,2026-06-04,0.996,True
PAYX,OK,2026-06-03,0.9973,True
PAYX,OK,2026-06-02,0.9873,True
PAYX,OK,2026-06-01,0.9965,True
PAYX,OK,2026-05-29,0.99,True
PAYX,OK,2026-05-28,0.791,True
PBR,OK,2026-06-25,0.9825,True
PBR,OK,2026-06-24,0.991,True
PBR,OK,2026-06-23,0.149,True
PBR,OK,2026-06-22,0.8273,True
PBR,OK,2026-06-19,0.999,True
PBR,OK,2026-06-16,0.999,True
PBR,OK,2026-06-15,0.8295,True
PBR,OK,2026-06-13,0.987,True
PBR,OK,2026-06-12,0.996,True
PBR,OK,2026-06-11,0.9965,True
PBR,OK,2026-06-10,0.6083,True
PBR,OK,2026-06-09,0.501,True
PBR,OK,2026-06-08,0.542,True
PBR,OK,2026-06-07,0.999,True
PBR,OK,2026-06-06,0.999,True
PBR,OK,2026-06-04,0.999,True
PBR,OK,2026-06-03,0.499,True
PBR,OK,2026-06-02,0.999,True
PBR,OK,2026-06-01,0.6385,True
PBR,OK,2026-05-31,0.981,True
PBR,OK,2026-05-30,0.997,True
PBR,OK,2026-05-29,0.925,True
PBR,OK,2026-05-28,0.998,True
PCAR,OK,2026-06-25,0.995,True
PCAR,OK,2026-06-24,0.999,True
PCAR,OK,2026-06-23,0.989,True
PCAR,OK,2026-06-22,0.999,True
PCAR,OK,2026-06-16,0.99,True
PCAR,OK,2026-06-15,0.993,True
PCAR,OK,2026-06-10,0.897,True
PCAR,OK,2026-06-09,0.986,True
PCAR,OK,2026-06-08,0.995,True
PCAR,OK,2026-06-07,0.989,True
PCAR,OK,2026-06-03,0.0745,True
PCAR,OK,2026-06-02,0.997,True
PCAR,OK,2026-06-01,0.999,True
PCAR,OK,2026-05-29,0.998,True
PCAR,OK,2026-05-28,0.995,True
PCG,OK,2026-06-26,0.925,True
PCG,OK,2026-06-25,0.843,True
PCG,OK,2026-06-24,0.998,True
PCG,OK,2026-06-22,0.998,True
PCG,OK,2026-06-20,0.998,True
PCG,OK,2026-06-19,0.9978,True
PCG,OK,2026-06-18,0.991,True
PCG,OK,2026-06-17,0.9883,True
PCG,OK,2026-06-16,0.9976,True
PCG,OK,2026-06-15,-0.997,True
PCG,OK,2026-06-13,0.997,True
PCG,OK,2026-06-12,0.9956,True
PCG,OK,2026-06-11,0.9948,True
PCG,OK,2026-06-10,0.9977,True
PCG,OK,2026-06-09,-0.996,True
PCG,OK,2026-06-08,0.5428,True
PCG,OK,2026-06-05,0.9397,True
PCG,OK,2026-06-04,0.994,True
PCG,OK,2026-06-03,0.9985,True
PCG,OK,2026-06-02,0.979,True
PCG,OK,2026-06-01,0.998,True
PCG,OK,2026-05-29,0.9913,True
PCG,OK,2026-05-28,0.997,True
PDD,OK,2026-06-26,0.996,True
PDD,OK,2026-06-24,0.975,True
PDD,OK,2026-06-23,0.989,True
PDD,OK,2026-06-22,0.994,True
PDD,OK,2026-06-17,0.985,True
PDD,OK,2026-06-16,0.9935,True
PDD,OK,2026-06-12,0.985,True
PDD,OK,2026-06-11,-0.988,True
PDD,OK,2026-06-09,0.6957,True
PDD,OK,2026-06-08,0.995,True
PDD,OK,2026-06-07,0.992,True
PDD,OK,2026-06-05,0.99,True
PDD,OK,2026-06-02,0.9515,True
PDD,OK,2026-06-01,0.8403,True
PDD,OK,2026-05-31,0.9396,True
PDD,OK,2026-05-30,0.996,True
PDD,OK,2026-05-28,0.99,True
PEG,OK,2026-06-25,0.999,True
PEG,OK,2026-06-16,0.9835,True
PEG,OK,2026-06-11,0.992,True
PEG,OK,2026-06-10,0.956,True
PEG,OK,2026-06-09,0.985,True
PEG,OK,2026-06-08,0.9915,True
PEG,OK,2026-06-07,0.941,True
PEG,OK,2026-06-05,0.9963,True
PEG,OK,2026-06-04,0.995,True
PEG,OK,2026-06-01,0.987,True
PEG,OK,2026-05-31,0.994,True
PEP,DROPPED_FUTURE_DATE,2026-06-27,0.843,False
PEP,OK,2026-06-26,0.9832,True
PEP,OK,2026-06-25,0.985,True
PEP,OK,2026-06-24,0.9869,True
PEP,OK,2026-06-23,0.9957,True
PEP,OK,2026-06-22,0.9837,True
PEP,OK,2026-06-19,0.998,True
PEP,OK,2026-06-18,0.6683,True
PEP,OK,2026-06-17,0.997,True
PEP,OK,2026-06-16,0.9304,True
PEP,OK,2026-06-15,0.9887,True
PEP,OK,2026-06-14,0.994,True
PEP,OK,2026-06-13,0.96,True
PEP,OK,2026-06-12,0.8277,True
PEP,OK,2026-06-11,0.989,True
PEP,OK,2026-06-10,0.99,True
PEP,OK,2026-06-09,0.9853,True
PEP,OK,2026-06-08,0.9917,True
PEP,OK,2026-06-07,0.999,True
PEP,OK,2026-06-06,0.994,True
PEP,OK,2026-06-05,0.9965,True
PEP,OK,2026-06-04,0.5107,True
PEP,OK,2026-06-03,0.994,True
PEP,OK,2026-06-02,0.8012,True
PEP,OK,2026-06-01,0.9919,True
PEP,OK,2026-05-31,0.9975,True
PEP,OK,2026-05-30,0.9687,True
PEP,OK,2026-05-29,0.505,True
PEP,OK,2026-05-28,0.9906,True
PFE,DROPPED_FUTURE_DATE,2026-06-27,0.982,False
PFE,OK,2026-06-26,0.7597,True
PFE,OK,2026-06-25,0.9951,True
PFE,OK,2026-06-24,0.53,True
PFE,OK,2026-06-23,0.5954,True
PFE,OK,2026-06-22,0.9951,True
PFE,OK,2026-06-21,0.9948,True
PFE,OK,2026-06-20,0.9903,True
PFE,OK,2026-06-19,0.9905,True
PFE,OK,2026-06-18,0.8064,True
PFE,OK,2026-06-17,0.7882,True
PFE,OK,2026-06-16,0.8714,True
PFE,OK,2026-06-15,0.9881,True
PFE,OK,2026-06-14,0.9875,True
PFE,OK,2026-06-13,0.9862,True
PFE,OK,2026-06-12,0.7286,True
PFE,OK,2026-06-11,0.8566,True
PFE,OK,2026-06-10,0.6918,True
PFE,OK,2026-06-09,0.9614,True
PFE,OK,2026-06-08,0.9803,True
PFE,OK,2026-06-07,0.993,True
PFE,OK,2026-06-06,0.9705,True
PFE,OK,2026-06-05,0.9848,True
PFE,OK,2026-06-04,0.9878,True
PFE,OK,2026-06-03,0.9913,True
PFE,OK,2026-06-02,0.9954,True
PFE,OK,2026-06-01,0.5079,True
PFE,OK,2026-05-31,0.0316,True
PFE,OK,2026-05-30,-0.156,True
PFE,OK,2026-05-29,0.3825,True
PFE,OK,2026-05-28,0.6652,True
PFG,OK,2026-06-24,-0.126,True
PFG,OK,2026-06-22,0.99,True
PFG,OK,2026-06-17,0.996,True
PFG,OK,2026-06-15,0.999,True
PFG,OK,2026-06-13,0.993,True
PFG,OK,2026-06-11,0.994,True
PFG,OK,2026-06-09,0.996,True
PFG,OK,2026-06-04,0.998,True
PFG,OK,2026-06-03,0.998,True
PFG,OK,2026-05-29,0.9987,True
PFG,OK,2026-05-28,0.984,True
PG,DROPPED_FUTURE_DATE,2026-06-27,0.996,False
PG,OK,2026-06-26,0.9983,True
PG,OK,2026-06-25,0.9898,True
PG,OK,2026-06-24,0.9917,True
PG,OK,2026-06-23,0.9717,True
PG,OK,2026-06-22,0.9213,True
PG,OK,2026-06-21,0.994,True
PG,OK,2026-06-20,0.9957,True
PG,OK,2026-06-19,0.973,True
PG,OK,2026-06-18,0.833,True
PG,OK,2026-06-17,0.9953,True
PG,OK,2026-06-16,0.9926,True
PG,OK,2026-06-15,0.9953,True
PG,OK,2026-06-14,0.9948,True
PG,OK,2026-06-13,0.998,True
PG,OK,2026-06-12,0.997,True
PG,OK,2026-06-11,0.6052,True
PG,OK,2026-06-10,0.9788,True
PG,OK,2026-06-09,0.9896,True
PG,OK,2026-06-08,0.9593,True
PG,OK,2026-06-07,0.965,True
PG,OK,2026-06-06,0.998,True
PG,OK,2026-06-05,0.4918,True
PG,OK,2026-06-04,0.9683,True
PG,OK,2026-06-03,0.996,True
PG,OK,2026-06-02,0.9715,True
PG,OK,2026-06-01,0.9957,True
PG,OK,2026-05-31,0.989,True
PG,OK,2026-05-30,0.6566,True
PG,OK,2026-05-29,0.9743,True
PG,OK,2026-05-28,0.899,True
PGR,DROPPED_FUTURE_DATE,2026-06-27,-0.91,False
PGR,OK,2026-06-26,0.999,True
PGR,OK,2026-06-25,0.826,True
PGR,OK,2026-06-24,0.999,True
PGR,OK,2026-06-23,0.9145,True
PGR,OK,2026-06-22,0.988,True
PGR,OK,2026-06-21,0.985,True
PGR,OK,2026-06-18,0.9627,True
PGR,OK,2026-06-17,0.9444,True
PGR,OK,2026-06-16,0.74,True
PGR,OK,2026-06-15,0.9975,True
PGR,OK,2026-06-14,0.999,True
PGR,OK,2026-06-13,0.9957,True
PGR,OK,2026-06-11,1.0,True
PGR,OK,2026-06-10,0.985,True
PGR,OK,2026-06-09,0.972,True
PGR,OK,2026-06-08,0.987,True
PGR,OK,2026-06-07,0.996,True
PGR,OK,2026-06-06,0.984,True
PGR,OK,2026-06-04,0.968,True
PGR,OK,2026-06-03,0.9907,True
PGR,OK,2026-06-02,0.9945,True
PGR,OK,2026-06-01,0.968,True
PGR,OK,2026-05-31,0.972,True
PGR,OK,2026-05-29,0.978,True
PGR,OK,2026-05-28,0.988,True
PH,OK,2026-06-26,0.998,True
PH,OK,2026-06-16,0.9895,True
PH,OK,2026-06-13,0.995,True
PH,OK,2026-06-12,0.999,True
PH,OK,2026-06-11,0.958,True
PH,OK,2026-06-10,0.8555,True
PH,OK,2026-06-09,0.9865,True
PH,OK,2026-06-07,0.997,True
PH,OK,2026-06-04,0.925,True
PH,OK,2026-06-03,0.967,True
PH,OK,2026-05-31,0.996,True
PHM,OK,2026-06-26,0.9985,True
PHM,OK,2026-06-25,0.998,True
PHM,OK,2026-06-24,0.2758,True
PHM,OK,2026-06-23,0.995,True
PHM,OK,2026-06-22,0.988,True
PHM,OK,2026-06-21,0.999,True
PHM,OK,2026-06-20,1.0,True
PHM,OK,2026-06-19,0.993,True
PHM,OK,2026-06-18,0.993,True
PHM,OK,2026-06-17,0.9958,True
PHM,OK,2026-06-16,0.995,True
PHM,OK,2026-06-13,0.9565,True
PHM,OK,2026-06-12,0.988,True
PHM,OK,2026-06-11,0.9967,True
PHM,OK,2026-06-10,0.986,True
PHM,OK,2026-06-09,0.729,True
PHM,OK,2026-06-07,0.988,True
PHM,OK,2026-06-05,0.996,True
PHM,OK,2026-06-03,0.998,True
PHM,OK,2026-06-01,0.995,True
PHM,OK,2026-05-30,0.998,True
PHM,OK,2026-05-29,0.903,True
PHM,OK,2026-05-28,0.999,True
PKG,OK,2026-06-24,0.985,True
PKG,OK,2026-06-22,0.898,True
PKG,OK,2026-06-18,0.969,True
PKG,OK,2026-06-16,0.997,True
PKG,OK,2026-06-11,0.999,True
PKG,OK,2026-06-09,0.996,True
PKG,OK,2026-06-08,0.997,True
PKG,OK,2026-06-05,0.997,True
PKG,OK,2026-06-03,0.999,True
PKG,OK,2026-06-02,0.996,True
PKG,OK,2026-06-01,0.856,True
PKG,OK,2026-05-29,0.999,True
PKG,OK,2026-05-28,0.997,True
PLD,OK,2026-06-26,0.9974,True
PLD,OK,2026-06-25,0.9832,True
PLD,OK,2026-06-24,0.8639,True
PLD,OK,2026-06-23,0.996,True
PLD,OK,2026-06-22,0.997,True
PLD,OK,2026-06-20,0.9753,True
PLD,OK,2026-06-19,0.9973,True
PLD,OK,2026-06-18,0.987,True
PLD,OK,2026-06-17,0.9883,True
PLD,OK,2026-06-16,0.9925,True
PLD,OK,2026-06-14,0.998,True
PLD,OK,2026-06-13,0.992,True
PLD,OK,2026-06-12,0.9975,True
PLD,OK,2026-06-10,0.9913,True
PLD,OK,2026-06-08,0.998,True
PLD,OK,2026-06-07,0.993,True
PLD,OK,2026-06-06,0.9933,True
PLD,OK,2026-06-05,0.9983,True
PLD,OK,2026-06-04,0.9798,True
PLD,OK,2026-06-03,0.9983,True
PLD,OK,2026-06-02,0.998,True
PLD,OK,2026-05-30,0.9908,True
PLD,OK,2026-05-29,0.9833,True
PLD,OK,2026-05-28,0.9365,True
PLTR,DROPPED_FUTURE_DATE,2026-06-27,0.754,False
PLTR,OK,2026-06-26,0.5304,True
PLTR,OK,2026-06-25,0.7966,True
PLTR,OK,2026-06-24,0.7547,True
PLTR,OK,2026-06-23,0.7023,True
PLTR,OK,2026-06-22,0.7392,True
PLTR,OK,2026-06-21,0.9977,True
PLTR,OK,2026-06-20,0.9968,True
PLTR,OK,2026-06-19,0.993,True
PLTR,OK,2026-06-18,0.6631,True
PLTR,OK,2026-06-17,0.8844,True
PLTR,OK,2026-06-16,0.583,True
PLTR,OK,2026-06-15,0.7436,True
PLTR,OK,2026-06-14,0.9505,True
PLTR,OK,2026-06-13,0.9967,True
PLTR,OK,2026-06-12,0.8713,True
PLTR,OK,2026-06-11,0.7824,True
PLTR,OK,2026-06-10,0.818,True
PLTR,OK,2026-06-09,0.8749,True
PLTR,OK,2026-06-08,0.8955,True
PLTR,OK,2026-06-07,0.9939,True
PLTR,OK,2026-06-06,0.9972,True
PLTR,OK,2026-06-05,0.8395,True
PLTR,OK,2026-06-04,0.7847,True
PLTR,OK,2026-06-03,0.7477,True
PLTR,OK,2026-06-02,0.9477,True
PLTR,OK,2026-06-01,0.9508,True
PLTR,OK,2026-05-31,0.9775,True
PLTR,OK,2026-05-30,0.9234,True
PLTR,OK,2026-05-29,0.9687,True
PLTR,OK,2026-05-28,0.8808,True
PM,OK,2026-06-26,0.6593,True
PM,OK,2026-06-24,0.998,True
PM,OK,2026-06-23,0.994,True
PM,OK,2026-06-22,0.999,True
PM,OK,2026-06-19,0.9975,True
PM,OK,2026-06-18,0.9973,True
PM,OK,2026-06-16,0.998,True
PM,OK,2026-06-15,0.999,True
PM,OK,2026-06-14,0.998,True
PM,OK,2026-06-11,0.9703,True
PM,OK,2026-06-08,0.999,True
PM,OK,2026-06-04,0.9973,True
PM,OK,2026-06-03,0.793,True
PM,OK,2026-06-02,0.6953,True
PM,OK,2026-06-01,0.9738,True
PM,OK,2026-05-30,0.989,True
PM,OK,2026-05-29,0.999,True
PM,OK,2026-05-28,0.7615,True
PNC,OK,2026-06-26,0.7637,True
PNC,OK,2026-06-25,0.449,True
PNC,OK,2026-06-24,0.5397,True
PNC,OK,2026-06-23,0.999,True
PNC,OK,2026-06-22,-0.878,True
PNC,OK,2026-06-20,0.9175,True
PNC,OK,2026-06-18,0.923,True
PNC,OK,2026-06-17,0.988,True
PNC,OK,2026-06-16,0.998,True
PNC,OK,2026-06-15,0.9743,True
PNC,OK,2026-06-13,0.997,True
PNC,OK,2026-06-12,0.996,True
PNC,OK,2026-06-10,0.998,True
PNC,OK,2026-06-08,0.993,True
PNC,OK,2026-06-05,0.996,True
PNC,OK,2026-06-04,0.922,True
PNC,OK,2026-06-03,0.9595,True
PNC,OK,2026-05-28,0.9968,True
PNR,OK,2026-06-19,0.981,True
PNR,OK,2026-06-15,0.98,True
PNR,OK,2026-06-11,0.999,True
PNR,OK,2026-06-01,0.47,True
PNW,OK,2026-06-24,0.747,True
PNW,OK,2026-06-23,0.9625,True
PNW,OK,2026-06-15,0.998,True
PNW,OK,2026-06-06,0.996,True
PNW,OK,2026-06-03,0.993,True
PNW,OK,2026-05-29,0.999,True
PODD,OK,2026-06-26,0.997,True
PODD,OK,2026-06-25,0.9975,True
PODD,OK,2026-06-24,0.997,True
PODD,OK,2026-06-22,0.989,True
PODD,OK,2026-06-21,0.991,True
PODD,OK,2026-06-19,0.993,True
PODD,OK,2026-06-16,0.994,True
PODD,OK,2026-06-15,0.9893,True
PODD,OK,2026-06-11,0.993,True
PODD,OK,2026-06-08,0.9805,True
PODD,OK,2026-06-07,0.991,True
PODD,OK,2026-06-06,0.999,True
PODD,OK,2026-06-05,0.9945,True
PODD,OK,2026-06-04,0.9967,True
PODD,OK,2026-06-03,0.987,True
PODD,OK,2026-06-02,0.999,True
PODD,OK,2026-06-01,0.979,True
PODD,OK,2026-05-31,0.996,True
PODD,OK,2026-05-30,0.939,True
PODD,OK,2026-05-28,0.999,True
PPG,OK,2026-06-18,0.984,True
PPG,OK,2026-06-12,0.995,True
PPG,OK,2026-06-11,0.9915,True
PPG,OK,2026-06-10,0.994,True
PPG,OK,2026-06-09,0.996,True
PPG,OK,2026-06-08,0.9975,True
PPG,OK,2026-06-06,0.989,True
PPG,OK,2026-06-05,0.996,True
PPG,OK,2026-06-03,-0.936,True
PPG,OK,2026-06-02,0.997,True
PPG,OK,2026-05-28,0.998,True
PPL,OK,2026-06-26,0.999,True
PPL,OK,2026-06-23,0.983,True
PPL,OK,2026-06-19,0.998,True
PPL,OK,2026-06-17,0.989,True
PPL,OK,2026-06-16,0.9963,True
PPL,OK,2026-06-12,0.9875,True
PPL,OK,2026-06-10,0.998,True
PPL,OK,2026-06-09,0.997,True
PPL,OK,2026-06-08,0.988,True
PPL,OK,2026-06-06,0.708,True
PPL,OK,2026-06-05,0.9905,True
PPL,OK,2026-06-04,0.999,True
PPL,OK,2026-06-02,0.99,True
PPL,OK,2026-06-01,0.998,True
PPL,OK,2026-05-29,0.997,True
PRU,OK,2026-06-25,0.999,True
PRU,OK,2026-06-22,1.0,True
PRU,OK,2026-06-18,0.997,True
PRU,OK,2026-06-16,0.999,True
PRU,OK,2026-06-15,0.9927,True
PRU,OK,2026-06-14,0.995,True
PRU,OK,2026-06-11,0.998,True
PRU,OK,2026-06-10,0.992,True
PRU,OK,2026-06-09,0.9927,True
PRU,OK,2026-06-08,0.858,True
PRU,OK,2026-06-07,0.998,True
PRU,OK,2026-06-04,0.549,True
PRU,OK,2026-06-03,0.986,True
PRU,OK,2026-06-02,0.996,True
PRU,OK,2026-05-30,0.66,True
PRU,OK,2026-05-29,0.6245,True
PRU,OK,2026-05-28,0.998,True
PSA,OK,2026-06-26,0.997,True
PSA,OK,2026-06-25,0.997,True
PSA,OK,2026-06-24,0.997,True
PSA,OK,2026-06-23,0.996,True
PSA,OK,2026-06-22,0.894,True
PSA,OK,2026-06-15,0.998,True
PSA,OK,2026-06-13,0.986,True
PSA,OK,2026-06-12,0.961,True
PSA,OK,2026-06-09,0.999,True
PSA,OK,2026-06-06,0.994,True
PSA,OK,2026-06-05,0.993,True
PSA,OK,2026-06-02,0.99,True
PSA,OK,2026-06-01,0.969,True
PSA,OK,2026-05-29,0.992,True
PSKY,DROPPED_FUTURE_DATE,2026-06-27,0.894,False
PSKY,OK,2026-06-25,0.999,True
PSKY,OK,2026-06-24,0.9085,True
PSKY,OK,2026-06-23,0.9415,True
PSKY,OK,2026-06-21,0.51,True
PSKY,OK,2026-06-19,0.996,True
PSKY,OK,2026-06-18,0.493,True
PSKY,OK,2026-06-17,0.9423,True
PSKY,OK,2026-06-16,0.6783,True
PSKY,OK,2026-06-15,0.9847,True
PSKY,OK,2026-06-14,0.5973,True
PSKY,OK,2026-06-13,0.469,True
PSKY,OK,2026-06-12,0.7148,True
PSKY,OK,2026-06-10,0.971,True
PSKY,OK,2026-06-09,0.249,True
PSKY,OK,2026-06-08,0.0,True
PSKY,OK,2026-06-07,0.8357,True
PSKY,OK,2026-06-06,0.9617,True
PSKY,OK,2026-06-05,0.2363,True
PSKY,OK,2026-06-04,0.983,True
PSKY,OK,2026-06-03,0.997,True
PSKY,OK,2026-06-02,0.541,True
PSKY,OK,2026-06-01,0.7473,True
PSKY,OK,2026-05-31,-0.519,True
PSKY,OK,2026-05-29,0.7087,True
PSKY,OK,2026-05-28,0.6095,True
PSX,OK,2026-06-26,1.0,True
PSX,OK,2026-06-25,0.9928,True
PSX,OK,2026-06-24,0.5168,True
PSX,OK,2026-06-23,0.83,True
PSX,OK,2026-06-22,0.9744,True
PSX,OK,2026-06-21,0.981,True
PSX,OK,2026-06-19,0.999,True
PSX,OK,2026-06-18,0.993,True
PSX,OK,2026-06-17,0.951,True
PSX,OK,2026-06-16,-0.649,True
PSX,OK,2026-06-15,0.8149,True
PSX,OK,2026-06-12,0.999,True
PSX,OK,2026-06-11,0.999,True
PSX,OK,2026-06-10,-0.2725,True
PSX,OK,2026-06-09,0.8999,True
PSX,OK,2026-06-08,0.9963,True
PSX,OK,2026-06-06,0.963,True
PSX,OK,2026-06-05,1.0,True
PSX,OK,2026-06-04,0.9916,True
PSX,OK,2026-06-03,0.818,True
PSX,OK,2026-06-02,0.99,True
PSX,OK,2026-06-01,0.9953,True
PSX,OK,2026-05-29,0.992,True
PTC,OK,2026-06-26,0.999,True
PTC,OK,2026-06-24,-0.891,True
PTC,OK,2026-06-19,0.999,True
PTC,OK,2026-06-18,0.993,True
PTC,OK,2026-06-15,0.959,True
PTC,OK,2026-06-13,0.991,True
PTC,OK,2026-06-11,0.9975,True
PTC,OK,2026-06-10,0.9995,True
PTC,OK,2026-06-09,0.989,True
PTC,OK,2026-06-08,0.994,True
PTC,OK,2026-06-07,0.992,True
PTC,OK,2026-06-05,0.999,True
PTC,OK,2026-06-04,0.999,True
PTC,OK,2026-06-01,0.999,True
PTC,OK,2026-05-29,0.9995,True
PTC,OK,2026-05-28,0.996,True
PWR,OK,2026-06-26,0.998,True
PWR,OK,2026-06-25,0.991,True
PWR,OK,2026-06-24,0.997,True
PWR,OK,2026-06-23,0.9995,True
PWR,OK,2026-06-20,0.499,True
PWR,OK,2026-06-19,0.9927,True
PWR,OK,2026-06-18,0.9725,True
PWR,OK,2026-06-17,0.4983,True
PWR,OK,2026-06-16,0.527,True
PWR,OK,2026-06-15,0.999,True
PWR,OK,2026-06-14,0.3653,True
PWR,OK,2026-06-13,0.992,True
PWR,OK,2026-06-12,0.9053,True
PWR,OK,2026-06-11,0.499,True
PWR,OK,2026-06-10,0.997,True
PWR,OK,2026-06-09,0.9967,True
PWR,OK,2026-06-08,0.999,True
PWR,OK,2026-06-07,0.991,True
PWR,OK,2026-06-05,0.995,True
PWR,OK,2026-06-04,0.999,True
PWR,OK,2026-06-03,0.966,True
PWR,OK,2026-06-02,0.9984,True
PWR,OK,2026-06-01,0.9984,True
PWR,OK,2026-05-31,0.998,True
PWR,OK,2026-05-29,0.997,True
PWR,OK,2026-05-28,0.922,True
PYPL,OK,2026-06-26,0.9965,True
PYPL,OK,2026-06-25,0.9928,True
PYPL,OK,2026-06-24,0.9918,True
PYPL,OK,2026-06-23,0.9948,True
PYPL,OK,2026-06-22,0.8456,True
PYPL,OK,2026-06-21,0.998,True
PYPL,OK,2026-06-20,0.9925,True
PYPL,OK,2026-06-19,0.992,True
PYPL,OK,2026-06-18,0.999,True
PYPL,OK,2026-06-17,0.9292,True
PYPL,OK,2026-06-16,0.9393,True
PYPL,OK,2026-06-15,0.9955,True
PYPL,OK,2026-06-14,0.9955,True
PYPL,OK,2026-06-12,0.969,True
PYPL,OK,2026-06-11,0.7677,True
PYPL,OK,2026-06-10,0.8075,True
PYPL,OK,2026-06-09,0.949,True
PYPL,OK,2026-06-08,0.988,True
PYPL,OK,2026-06-07,0.988,True
PYPL,OK,2026-06-06,0.997,True
PYPL,OK,2026-06-05,0.998,True
PYPL,OK,2026-06-04,0.6326,True
PYPL,OK,2026-06-03,0.971,True
PYPL,OK,2026-06-02,0.8641,True
PYPL,OK,2026-06-01,0.9833,True
PYPL,OK,2026-05-31,0.958,True
PYPL,OK,2026-05-30,0.999,True
PYPL,OK,2026-05-29,0.9954,True
PYPL,OK,2026-05-28,0.896,True
Q,OK,2026-06-24,0.965,True
Q,OK,2026-06-23,0.994,True
Q,OK,2026-06-11,0.99,True
Q,OK,2026-05-28,0.994,True
QCOM,DROPPED_FUTURE_DATE,2026-06-27,0.9965,False
QCOM,OK,2026-06-26,0.5316,True
QCOM,OK,2026-06-25,0.7326,True
QCOM,OK,2026-06-24,0.5469,True
QCOM,OK,2026-06-23,0.503,True
QCOM,OK,2026-06-22,0.719,True
QCOM,OK,2026-06-21,0.9355,True
QCOM,OK,2026-06-20,0.991,True
QCOM,OK,2026-06-19,0.9794,True
QCOM,OK,2026-06-18,0.4643,True
QCOM,OK,2026-06-17,0.9825,True
QCOM,OK,2026-06-16,0.5696,True
QCOM,OK,2026-06-15,0.8555,True
QCOM,OK,2026-06-14,0.9925,True
QCOM,OK,2026-06-13,0.999,True
QCOM,OK,2026-06-12,0.9701,True
QCOM,OK,2026-06-11,0.7039,True
QCOM,OK,2026-06-10,0.3129,True
QCOM,OK,2026-06-09,0.5304,True
QCOM,OK,2026-06-08,0.9727,True
QCOM,OK,2026-06-07,0.9887,True
QCOM,OK,2026-06-06,0.9938,True
QCOM,OK,2026-06-05,0.7149,True
QCOM,OK,2026-06-04,0.6905,True
QCOM,OK,2026-06-03,0.9331,True
QCOM,OK,2026-06-02,0.866,True
QCOM,OK,2026-06-01,0.7279,True
QCOM,OK,2026-05-31,0.9823,True
QCOM,OK,2026-05-30,0.982,True
QCOM,OK,2026-05-29,0.7878,True
QCOM,OK,2026-05-28,0.1601,True
RACE,OK,2026-06-26,0.946,True
RACE,OK,2026-06-25,0.836,True
RACE,OK,2026-06-22,0.7263,True
RACE,OK,2026-06-21,0.99,True
RACE,OK,2026-06-20,0.991,True
RACE,OK,2026-06-19,0.9967,True
RACE,OK,2026-06-18,0.998,True
RACE,OK,2026-06-17,0.996,True
RACE,OK,2026-06-16,0.9425,True
RACE,OK,2026-06-15,0.6892,True
RACE,OK,2026-06-12,0.974,True
RACE,OK,2026-06-11,0.9893,True
RACE,OK,2026-06-09,0.9925,True
RACE,OK,2026-06-08,0.964,True
RACE,OK,2026-06-06,0.9785,True
RACE,OK,2026-06-05,0.986,True
RACE,OK,2026-06-04,0.996,True
RACE,OK,2026-06-03,0.9013,True
RACE,OK,2026-06-02,0.9918,True
RACE,OK,2026-06-01,-0.572,True
RACE,OK,2026-05-30,0.984,True
RACE,OK,2026-05-29,0.9863,True
RACE,OK,2026-05-28,0.134,True
RCL,OK,2026-06-26,0.9805,True
RCL,OK,2026-06-25,0.9894,True
RCL,OK,2026-06-24,0.2028,True
RCL,OK,2026-06-23,0.3865,True
RCL,OK,2026-06-22,0.6192,True
RCL,OK,2026-06-19,0.995,True
RCL,OK,2026-06-18,-0.3218,True
RCL,OK,2026-06-17,0.994,True
RCL,OK,2026-06-16,0.7725,True
RCL,OK,2026-06-15,0.8733,True
RCL,OK,2026-06-14,0.459,True
RCL,OK,2026-06-13,0.997,True
RCL,OK,2026-06-12,0.9685,True
RCL,OK,2026-06-11,-0.9915,True
RCL,OK,2026-06-10,0.3025,True
RCL,OK,2026-06-09,0.8561,True
RCL,OK,2026-06-08,0.1258,True
RCL,OK,2026-06-07,0.9875,True
RCL,OK,2026-06-06,0.998,True
RCL,OK,2026-06-05,0.966,True
RCL,OK,2026-06-04,0.9965,True
RCL,OK,2026-06-03,0.9955,True
RCL,OK,2026-06-01,0.998,True
RCL,OK,2026-05-31,0.983,True
RCL,OK,2026-05-29,0.8398,True
RCL,OK,2026-05-28,0.908,True
REG,OK,2026-06-25,0.878,True
REG,OK,2026-06-22,0.991,True
REG,OK,2026-06-08,0.99,True
REG,OK,2026-06-02,0.99,True
REG,OK,2026-05-28,0.965,True
REGN,OK,2026-06-26,0.997,True
REGN,OK,2026-06-25,0.8048,True
REGN,OK,2026-06-24,0.999,True
REGN,OK,2026-06-23,0.9883,True
REGN,OK,2026-06-22,0.7237,True
REGN,OK,2026-06-21,0.989,True
REGN,OK,2026-06-20,0.977,True
REGN,OK,2026-06-19,0.9895,True
REGN,OK,2026-06-17,0.999,True
REGN,OK,2026-06-15,0.948,True
REGN,OK,2026-06-14,0.995,True
REGN,OK,2026-06-13,0.996,True
REGN,OK,2026-06-12,0.904,True
REGN,OK,2026-06-11,0.995,True
REGN,OK,2026-06-10,0.8428,True
REGN,OK,2026-06-09,0.867,True
REGN,OK,2026-06-05,0.9755,True
REGN,OK,2026-06-04,0.9945,True
REGN,OK,2026-06-03,0.995,True
REGN,OK,2026-06-02,0.97,True
REGN,OK,2026-06-01,0.9504,True
REGN,OK,2026-05-31,0.975,True
REGN,OK,2026-05-29,0.84,True
REGN,OK,2026-05-28,0.955,True
RELX,OK,2026-06-23,0.994,True
RELX,OK,2026-06-15,0.989,True
RELX,OK,2026-06-13,0.998,True
RELX,OK,2026-06-11,0.997,True
RELX,OK,2026-06-04,0.992,True
RF,OK,2026-06-26,0.992,True
RF,OK,2026-06-23,0.998,True
RF,OK,2026-06-19,0.999,True
RF,OK,2026-06-18,0.9483,True
RF,OK,2026-06-17,0.7975,True
RF,OK,2026-06-13,0.998,True
RF,OK,2026-06-12,0.997,True
RF,OK,2026-06-11,0.998,True
RF,OK,2026-06-10,0.599,True
RF,OK,2026-06-04,0.999,True
RF,OK,2026-06-02,0.9987,True
RF,OK,2026-06-01,0.998,True
RF,OK,2026-05-28,0.998,True
RIO,OK,2026-06-26,0.9455,True
RIO,OK,2026-06-25,0.497,True
RIO,OK,2026-06-24,0.9533,True
RIO,OK,2026-06-23,0.999,True
RIO,OK,2026-06-22,0.996,True
RIO,OK,2026-06-19,0.986,True
RIO,OK,2026-06-18,0.9407,True
RIO,OK,2026-06-17,-0.2887,True
RIO,OK,2026-06-16,0.6885,True
RIO,OK,2026-06-15,0.999,True
RIO,OK,2026-06-14,0.991,True
RIO,OK,2026-06-12,1.0,True
RIO,OK,2026-06-11,0.969,True
RIO,OK,2026-06-09,0.807,True
RIO,OK,2026-06-08,0.9815,True
RIO,OK,2026-06-06,0.9915,True
RIO,OK,2026-06-04,0.9733,True
RIO,OK,2026-06-03,0.9806,True
RIO,OK,2026-06-01,0.997,True
RIO,OK,2026-05-31,0.999,True
RIO,OK,2026-05-30,0.925,True
RIO,OK,2026-05-29,0.144,True
RJF,OK,2026-06-24,0.995,True
RJF,OK,2026-06-23,0.995,True
RJF,OK,2026-06-22,0.969,True
RJF,OK,2026-06-20,0.992,True
RJF,OK,2026-06-16,0.991,True
RJF,OK,2026-06-11,0.9985,True
RJF,OK,2026-06-10,0.0,True
RJF,OK,2026-06-08,0.9815,True
RJF,OK,2026-06-07,0.994,True
RJF,OK,2026-06-06,0.952,True
RJF,OK,2026-06-05,0.4303,True
RJF,OK,2026-06-04,0.998,True
RJF,OK,2026-06-02,0.946,True
RJF,OK,2026-06-01,0.9865,True
RJF,OK,2026-05-31,0.992,True
RJF,OK,2026-05-29,0.0995,True
RJF,OK,2026-05-28,0.9893,True
RKLB,DROPPED_FUTURE_DATE,2026-06-27,0.998,False
RKLB,OK,2026-06-26,0.9078,True
RKLB,OK,2026-06-25,0.5916,True
RKLB,OK,2026-06-24,0.8846,True
RKLB,OK,2026-06-23,0.8404,True
RKLB,OK,2026-06-22,0.7355,True
RKLB,OK,2026-06-21,0.9068,True
RKLB,OK,2026-06-20,0.9976,True
RKLB,OK,2026-06-19,0.9829,True
RKLB,OK,2026-06-18,0.9865,True
RKLB,OK,2026-06-17,0.9678,True
RKLB,OK,2026-06-16,0.8259,True
RKLB,OK,2026-06-15,0.8592,True
RKLB,OK,2026-06-14,0.461,True
RKLB,OK,2026-06-13,0.9956,True
RKLB,OK,2026-06-12,0.8123,True
RKLB,OK,2026-06-11,0.7553,True
RKLB,OK,2026-06-10,0.8438,True
RKLB,OK,2026-06-09,0.9831,True
RKLB,OK,2026-06-08,0.8531,True
RKLB,OK,2026-06-07,0.9885,True
RKLB,OK,2026-06-06,0.9935,True
RKLB,OK,2026-06-05,0.716,True
RKLB,OK,2026-06-04,0.6747,True
RKLB,OK,2026-06-03,0.843,True
RKLB,OK,2026-06-02,0.902,True
RKLB,OK,2026-06-01,0.5991,True
RKLB,OK,2026-05-31,0.9642,True
RKLB,OK,2026-05-30,0.993,True
RKLB,OK,2026-05-29,0.5898,True
RKLB,OK,2026-05-28,0.8133,True
RL,DROPPED_FUTURE_DATE,2026-06-27,0.998,False
RL,OK,2026-06-26,0.996,True
RL,OK,2026-06-25,0.9985,True
RL,OK,2026-06-24,0.9975,True
RL,OK,2026-06-23,0.999,True
RL,OK,2026-06-22,0.9863,True
RL,OK,2026-06-19,0.9977,True
RL,OK,2026-06-18,0.9905,True
RL,OK,2026-06-17,0.9905,True
RL,OK,2026-06-16,0.997,True
RL,OK,2026-06-15,0.997,True
RL,OK,2026-06-13,0.996,True
RL,OK,2026-06-12,0.9955,True
RL,OK,2026-06-11,0.9995,True
RL,OK,2026-06-10,0.9973,True
RL,OK,2026-06-09,0.999,True
RL,OK,2026-06-08,0.998,True
RL,OK,2026-06-05,0.999,True
RL,OK,2026-06-04,0.4698,True
RL,OK,2026-06-03,0.999,True
RL,OK,2026-06-02,0.996,True
RL,OK,2026-06-01,0.992,True
RL,OK,2026-05-30,0.994,True
RL,OK,2026-05-29,0.7897,True
RL,OK,2026-05-28,0.997,True
RMD,OK,2026-06-25,0.995,True
RMD,OK,2026-06-24,0.998,True
RMD,OK,2026-06-18,0.969,True
RMD,OK,2026-06-17,0.863,True
RMD,OK,2026-06-15,0.999,True
RMD,OK,2026-06-11,0.9903,True
RMD,OK,2026-06-09,0.998,True
RMD,OK,2026-06-07,0.991,True
RMD,OK,2026-06-05,0.975,True
RMD,OK,2026-06-03,0.9983,True
RMD,OK,2026-06-02,0.923,True
RMD,OK,2026-06-01,0.998,True
RMD,OK,2026-05-31,0.996,True
ROK,OK,2026-06-26,0.998,True
ROK,OK,2026-06-25,1.0,True
ROK,OK,2026-06-24,0.992,True
ROK,OK,2026-06-23,0.999,True
ROK,OK,2026-06-22,0.9935,True
ROK,OK,2026-06-19,0.9995,True
ROK,OK,2026-06-18,0.9955,True
ROK,OK,2026-06-17,0.994,True
ROK,OK,2026-06-16,0.995,True
ROK,OK,2026-06-15,0.9895,True
ROK,OK,2026-06-12,0.9955,True
ROK,OK,2026-06-11,0.8085,True
ROK,OK,2026-06-10,0.873,True
ROK,OK,2026-06-09,0.9936,True
ROK,OK,2026-06-08,0.998,True
ROK,OK,2026-06-04,0.999,True
ROK,OK,2026-06-01,0.999,True
ROK,OK,2026-05-28,0.7705,True
ROL,OK,2026-06-24,0.9975,True
ROL,OK,2026-06-23,0.999,True
ROL,OK,2026-06-19,0.999,True
ROL,OK,2026-06-18,0.998,True
ROL,OK,2026-06-17,0.998,True
ROL,OK,2026-06-16,0.999,True
ROL,OK,2026-06-15,0.997,True
ROL,OK,2026-06-12,0.997,True
ROL,OK,2026-06-11,0.9975,True
ROL,OK,2026-06-10,0.995,True
ROL,OK,2026-06-07,0.982,True
ROL,OK,2026-06-05,0.9955,True
ROL,OK,2026-06-02,0.998,True
ROL,OK,2026-06-01,0.8565,True
ROP,OK,2026-06-26,0.979,True
ROP,OK,2026-06-24,0.982,True
ROP,OK,2026-06-19,0.422,True
ROP,OK,2026-06-18,0.999,True
ROP,OK,2026-06-17,0.999,True
ROP,OK,2026-06-16,0.752,True
ROP,OK,2026-06-13,0.991,True
ROP,OK,2026-06-12,0.3443,True
ROP,OK,2026-06-11,0.973,True
ROP,OK,2026-06-10,0.996,True
ROP,OK,2026-06-09,0.981,True
ROP,OK,2026-06-07,0.996,True
ROP,OK,2026-06-06,0.708,True
ROP,OK,2026-06-05,0.999,True
ROP,OK,2026-06-04,0.9955,True
ROP,OK,2026-06-02,0.9915,True
ROP,OK,2026-06-01,0.987,True
ROP,OK,2026-05-29,0.997,True
ROST,OK,2026-06-26,0.989,True
ROST,OK,2026-06-25,0.7996,True
ROST,OK,2026-06-23,0.9805,True
ROST,OK,2026-06-22,0.9985,True
ROST,OK,2026-06-20,0.989,True
ROST,OK,2026-06-19,0.999,True
ROST,OK,2026-06-18,0.994,True
ROST,OK,2026-06-17,0.9987,True
ROST,OK,2026-06-16,0.9803,True
ROST,OK,2026-06-15,0.9688,True
ROST,OK,2026-06-13,0.635,True
ROST,OK,2026-06-12,0.7022,True
ROST,OK,2026-06-11,0.999,True
ROST,OK,2026-06-10,0.991,True
ROST,OK,2026-06-09,0.997,True
ROST,OK,2026-06-08,0.999,True
ROST,OK,2026-06-07,0.994,True
ROST,OK,2026-06-05,0.9913,True
ROST,OK,2026-06-04,0.9497,True
ROST,OK,2026-06-03,1.0,True
ROST,OK,2026-06-02,0.9941,True
ROST,OK,2026-06-01,0.999,True
ROST,OK,2026-05-30,0.999,True
ROST,OK,2026-05-29,1.0,True
ROST,OK,2026-05-28,0.7642,True
RSG,OK,2026-06-26,0.9975,True
RSG,OK,2026-06-25,0.988,True
RSG,OK,2026-06-23,0.97,True
RSG,OK,2026-06-18,0.927,True
RSG,OK,2026-06-17,0.011,True
RSG,OK,2026-06-16,0.994,True
RSG,OK,2026-06-15,0.999,True
RSG,OK,2026-06-13,0.999,True
RSG,OK,2026-06-10,1.0,True
RSG,OK,2026-06-07,0.988,True
RSG,OK,2026-06-06,0.995,True
RSG,OK,2026-06-05,0.9985,True
RSG,OK,2026-06-04,0.982,True
RSG,OK,2026-06-03,0.997,True
RSG,OK,2026-06-02,0.973,True
RSG,OK,2026-05-29,0.055,True
RTX,DROPPED_FUTURE_DATE,2026-06-27,0.994,False
RTX,OK,2026-06-26,0.9682,True
RTX,OK,2026-06-25,0.9131,True
RTX,OK,2026-06-24,0.9844,True
RTX,OK,2026-06-23,0.8494,True
RTX,OK,2026-06-22,0.8502,True
RTX,OK,2026-06-21,0.9963,True
RTX,OK,2026-06-20,0.982,True
RTX,OK,2026-06-19,0.9751,True
RTX,OK,2026-06-18,0.9955,True
RTX,OK,2026-06-17,0.9591,True
RTX,OK,2026-06-16,0.9879,True
RTX,OK,2026-06-15,0.4947,True
RTX,OK,2026-06-13,0.9883,True
RTX,OK,2026-06-12,0.9866,True
RTX,OK,2026-06-11,0.9911,True
RTX,OK,2026-06-10,0.827,True
RTX,OK,2026-06-09,0.9424,True
RTX,OK,2026-06-08,0.813,True
RTX,OK,2026-06-07,0.865,True
RTX,OK,2026-06-06,0.993,True
RTX,OK,2026-06-05,0.8572,True
RTX,OK,2026-06-04,0.7485,True
RTX,OK,2026-06-03,0.9669,True
RTX,OK,2026-06-02,0.981,True
RTX,OK,2026-06-01,0.8721,True
RTX,OK,2026-05-31,0.966,True
RTX,OK,2026-05-30,0.991,True
RTX,OK,2026-05-29,0.8739,True
RTX,OK,2026-05-28,0.9974,True
RVTY,OK,2026-06-25,0.997,True
RVTY,OK,2026-06-24,1.0,True
RVTY,OK,2026-06-19,0.995,True
RVTY,OK,2026-06-16,0.999,True
RVTY,OK,2026-06-15,0.999,True
RVTY,OK,2026-06-08,0.998,True
RVTY,OK,2026-06-07,0.991,True
RVTY,OK,2026-06-04,0.998,True
RVTY,OK,2026-06-01,0.998,True
RVTY,OK,2026-05-31,0.996,True
RVTY,OK,2026-05-29,0.995,True
RY,OK,2026-06-26,0.9945,True
RY,OK,2026-06-23,0.9985,True
RY,OK,2026-06-22,-0.98,True
RY,OK,2026-06-19,0.1753,True
RY,OK,2026-06-18,0.963,True
RY,OK,2026-06-17,1.0,True
RY,OK,2026-06-16,0.0075,True
RY,OK,2026-06-15,-0.0005,True
RY,OK,2026-06-12,0.999,True
RY,OK,2026-06-10,0.4034,True
RY,OK,2026-06-09,0.9618,True
RY,OK,2026-06-08,0.9482,True
RY,OK,2026-06-06,0.985,True
RY,OK,2026-06-05,0.996,True
RY,OK,2026-06-04,0.999,True
RY,OK,2026-06-03,0.999,True
RY,OK,2026-06-02,0.9943,True
RY,OK,2026-06-01,0.998,True
RY,OK,2026-05-31,0.991,True
RY,OK,2026-05-29,0.5,True
RY,OK,2026-05-28,0.5197,True
SAN,OK,2026-06-25,0.9724,True
SAN,OK,2026-06-24,0.998,True
SAN,OK,2026-06-23,0.71,True
SAN,OK,2026-06-22,0.9403,True
SAN,OK,2026-06-20,0.989,True
SAN,OK,2026-06-19,0.8917,True
SAN,OK,2026-06-18,0.6623,True
SAN,OK,2026-06-17,0.527,True
SAN,OK,2026-06-15,0.9695,True
SAN,OK,2026-06-14,0.997,True
SAN,OK,2026-06-13,-0.994,True
SAN,OK,2026-06-12,0.9704,True
SAN,OK,2026-06-11,0.101,True
SAN,OK,2026-06-10,0.9611,True
SAN,OK,2026-06-09,0.675,True
SAN,OK,2026-06-08,0.9932,True
SAN,OK,2026-06-06,0.974,True
SAN,OK,2026-06-04,0.885,True
SAN,OK,2026-06-03,0.867,True
SAN,OK,2026-06-02,0.495,True
SAN,OK,2026-06-01,0.999,True
SAN,OK,2026-05-29,0.999,True
SAN,OK,2026-05-28,0.9553,True
SAP,OK,2026-06-26,0.997,True
SAP,OK,2026-06-25,0.9763,True
SAP,OK,2026-06-24,0.9984,True
SAP,OK,2026-06-23,0.8467,True
SAP,OK,2026-06-22,0.749,True
SAP,OK,2026-06-20,0.998,True
SAP,OK,2026-06-19,0.9985,True
SAP,OK,2026-06-18,0.9279,True
SAP,OK,2026-06-17,0.4596,True
SAP,OK,2026-06-16,0.9694,True
SAP,OK,2026-06-15,0.9972,True
SAP,OK,2026-06-13,0.978,True
SAP,OK,2026-06-12,0.6517,True
SAP,OK,2026-06-11,0.7527,True
SAP,OK,2026-06-10,0.8043,True
SAP,OK,2026-06-09,0.8268,True
SAP,OK,2026-06-08,0.8246,True
SAP,OK,2026-06-07,0.9975,True
SAP,OK,2026-06-06,0.9925,True
SAP,OK,2026-06-05,0.766,True
SAP,OK,2026-06-04,0.7774,True
SAP,OK,2026-06-03,0.855,True
SAP,OK,2026-06-02,0.9015,True
SAP,OK,2026-06-01,0.8948,True
SAP,OK,2026-05-31,0.998,True
SAP,OK,2026-05-30,0.986,True
SAP,OK,2026-05-29,0.666,True
SAP,OK,2026-05-28,0.4778,True
SATS,DROPPED_FUTURE_DATE,2026-06-27,0.979,False
SATS,OK,2026-06-26,0.9495,True
SATS,OK,2026-06-25,0.995,True
SATS,OK,2026-06-23,0.9665,True
SATS,OK,2026-06-22,0.7596,True
SATS,OK,2026-06-21,0.9965,True
SATS,OK,2026-06-18,0.99,True
SATS,OK,2026-06-17,0.641,True
SATS,OK,2026-06-16,-0.108,True
SATS,OK,2026-06-15,0.7615,True
SATS,OK,2026-06-14,0.991,True
SATS,OK,2026-06-13,0.997,True
SATS,OK,2026-06-12,0.7673,True
SATS,OK,2026-06-11,0.6674,True
SATS,OK,2026-06-10,0.8718,True
SATS,OK,2026-06-09,0.9904,True
SATS,OK,2026-06-08,0.995,True
SATS,OK,2026-06-07,0.9945,True
SATS,OK,2026-06-06,0.996,True
SATS,OK,2026-06-05,0.279,True
SATS,OK,2026-06-04,0.9957,True
SATS,OK,2026-06-03,0.998,True
SATS,OK,2026-06-02,0.9973,True
SATS,OK,2026-06-01,0.9925,True
SATS,OK,2026-05-31,0.995,True
SATS,OK,2026-05-29,0.9928,True
SATS,OK,2026-05-28,0.9953,True
SBAC,OK,2026-06-26,0.987,True
SBAC,OK,2026-06-24,0.998,True
SBAC,OK,2026-06-15,0.968,True
SBAC,OK,2026-06-08,-0.042,True
SBAC,OK,2026-06-04,0.983,True
SBAC,OK,2026-06-01,0.996,True
SBAC,OK,2026-05-29,0.995,True
SBUX,OK,2026-06-26,0.9965,True
SBUX,OK,2026-06-25,0.998,True
SBUX,OK,2026-06-24,0.9985,True
SBUX,OK,2026-06-23,0.994,True
SBUX,OK,2026-06-22,0.9995,True
SBUX,OK,2026-06-21,0.9973,True
SBUX,OK,2026-06-20,0.992,True
SBUX,OK,2026-06-19,0.8486,True
SBUX,OK,2026-06-18,0.7733,True
SBUX,OK,2026-06-17,0.9932,True
SBUX,OK,2026-06-16,0.9756,True
SBUX,OK,2026-06-15,0.692,True
SBUX,OK,2026-06-14,0.9945,True
SBUX,OK,2026-06-13,0.986,True
SBUX,OK,2026-06-12,0.9966,True
SBUX,OK,2026-06-11,0.99,True
SBUX,OK,2026-06-10,0.8796,True
SBUX,OK,2026-06-09,0.9868,True
SBUX,OK,2026-06-08,0.9987,True
SBUX,OK,2026-06-07,0.9964,True
SBUX,OK,2026-06-06,0.998,True
SBUX,OK,2026-06-05,0.988,True
SBUX,OK,2026-06-04,0.111,True
SBUX,OK,2026-06-03,0.8398,True
SBUX,OK,2026-06-02,0.9725,True
SBUX,OK,2026-06-01,0.8948,True
SBUX,OK,2026-05-30,0.9735,True
SBUX,OK,2026-05-29,0.4095,True
SBUX,OK,2026-05-28,0.7711,True
SCCO,OK,2026-06-26,0.996,True
SCCO,OK,2026-06-25,0.998,True
SCCO,OK,2026-06-24,-0.3962,True
SCCO,OK,2026-06-23,0.5515,True
SCCO,OK,2026-06-22,0.9933,True
SCCO,OK,2026-06-19,0.9755,True
SCCO,OK,2026-06-18,0.226,True
SCCO,OK,2026-06-16,0.953,True
SCCO,OK,2026-06-15,0.8856,True
SCCO,OK,2026-06-10,0.987,True
SCCO,OK,2026-06-09,0.9453,True
SCCO,OK,2026-06-08,0.997,True
SCCO,OK,2026-06-05,0.9527,True
SCCO,OK,2026-06-04,0.984,True
SCCO,OK,2026-06-03,0.997,True
SCCO,OK,2026-06-01,0.97,True
SCCO,OK,2026-05-29,0.901,True
SCCO,OK,2026-05-28,0.931,True
SCHW,OK,2026-06-26,0.985,True
SCHW,OK,2026-06-25,0.9782,True
SCHW,OK,2026-06-24,0.974,True
SCHW,OK,2026-06-23,0.9975,True
SCHW,OK,2026-06-22,0.9879,True
SCHW,OK,2026-06-21,0.9935,True
SCHW,OK,2026-06-20,0.6453,True
SCHW,OK,2026-06-19,0.071,True
SCHW,OK,2026-06-18,0.97,True
SCHW,OK,2026-06-17,0.9197,True
SCHW,OK,2026-06-16,0.3508,True
SCHW,OK,2026-06-15,0.9897,True
SCHW,OK,2026-06-14,0.995,True
SCHW,OK,2026-06-12,0.8702,True
SCHW,OK,2026-06-11,0.7438,True
SCHW,OK,2026-06-10,0.7837,True
SCHW,OK,2026-06-09,0.9966,True
SCHW,OK,2026-06-08,0.9191,True
SCHW,OK,2026-06-06,0.3633,True
SCHW,OK,2026-06-05,0.998,True
SCHW,OK,2026-06-04,0.7009,True
SCHW,OK,2026-06-03,0.9955,True
SCHW,OK,2026-06-02,0.9672,True
SCHW,OK,2026-06-01,0.8542,True
SCHW,OK,2026-05-30,0.995,True
SCHW,OK,2026-05-29,0.9905,True
SCHW,OK,2026-05-28,0.9245,True
SHEL,OK,2026-06-26,0.016,True
SHEL,OK,2026-06-25,0.4922,True
SHEL,OK,2026-06-24,0.8073,True
SHEL,OK,2026-06-23,0.5008,True
SHEL,OK,2026-06-19,0.6545,True
SHEL,OK,2026-06-18,0.7548,True
SHEL,OK,2026-06-17,0.0027,True
SHEL,OK,2026-06-16,0.934,True
SHEL,OK,2026-06-15,0.6966,True
SHEL,OK,2026-06-14,0.994,True
SHEL,OK,2026-06-13,-0.005,True
SHEL,OK,2026-06-12,0.8824,True
SHEL,OK,2026-06-11,0.4645,True
SHEL,OK,2026-06-10,0.06,True
SHEL,OK,2026-06-09,0.709,True
SHEL,OK,2026-06-08,0.954,True
SHEL,OK,2026-06-07,0.993,True
SHEL,OK,2026-06-06,0.998,True
SHEL,OK,2026-06-05,0.9641,True
SHEL,OK,2026-06-04,0.7662,True
SHEL,OK,2026-06-03,0.6364,True
SHEL,OK,2026-06-02,0.9282,True
SHEL,OK,2026-06-01,0.2306,True
SHEL,OK,2026-05-31,0.991,True
SHEL,OK,2026-05-30,0.984,True
SHEL,OK,2026-05-29,0.9206,True
SHEL,OK,2026-05-28,0.9658,True
SHOP,OK,2026-06-26,0.996,True
SHOP,OK,2026-06-25,0.9886,True
SHOP,OK,2026-06-24,0.9638,True
SHOP,OK,2026-06-23,-0.1462,True
SHOP,OK,2026-06-22,0.994,True
SHOP,OK,2026-06-21,0.998,True
SHOP,OK,2026-06-20,0.999,True
SHOP,OK,2026-06-19,0.9935,True
SHOP,OK,2026-06-18,0.8183,True
SHOP,OK,2026-06-17,0.9819,True
SHOP,OK,2026-06-16,0.9765,True
SHOP,OK,2026-06-15,0.8183,True
SHOP,OK,2026-06-14,0.9905,True
SHOP,OK,2026-06-13,0.997,True
SHOP,OK,2026-06-12,0.998,True
SHOP,OK,2026-06-11,0.9916,True
SHOP,OK,2026-06-10,0.9987,True
SHOP,OK,2026-06-09,0.9963,True
SHOP,OK,2026-06-08,0.9933,True
SHOP,OK,2026-06-06,0.995,True
SHOP,OK,2026-06-05,0.996,True
SHOP,OK,2026-06-04,0.9826,True
SHOP,OK,2026-06-03,0.2987,True
SHOP,OK,2026-06-02,0.8973,True
SHOP,OK,2026-06-01,0.9005,True
SHOP,OK,2026-05-30,0.9942,True
SHOP,OK,2026-05-29,0.9606,True
SHOP,OK,2026-05-28,0.9992,True
SHW,DROPPED_FUTURE_DATE,2026-06-27,0.998,False
SHW,OK,2026-06-25,0.5035,True
SHW,OK,2026-06-24,0.7408,True
SHW,OK,2026-06-23,0.999,True
SHW,OK,2026-06-22,0.991,True
SHW,OK,2026-06-18,0.99,True
SHW,OK,2026-06-15,0.9325,True
SHW,OK,2026-06-13,0.999,True
SHW,OK,2026-06-12,0.052,True
SHW,OK,2026-06-11,0.9765,True
SHW,OK,2026-06-10,0.9007,True
SHW,OK,2026-06-05,0.994,True
SHW,OK,2026-06-04,0.5445,True
SHW,OK,2026-06-03,0.6711,True
SHW,OK,2026-06-02,0.8498,True
SHW,OK,2026-05-30,0.993,True
SHW,OK,2026-05-29,0.999,True
SHW,OK,2026-05-28,0.997,True
SJM,OK,2026-06-26,0.997,True
SJM,OK,2026-06-25,0.0,True
SJM,OK,2026-06-22,0.9895,True
SJM,OK,2026-06-21,0.991,True
SJM,OK,2026-06-17,0.9958,True
SJM,OK,2026-06-16,0.963,True
SJM,OK,2026-06-15,0.9923,True
SJM,OK,2026-06-12,0.9795,True
SJM,OK,2026-06-11,0.955,True
SJM,OK,2026-06-10,0.6651,True
SJM,OK,2026-06-09,0.664,True
SJM,OK,2026-06-08,0.3773,True
SJM,OK,2026-06-07,0.998,True
SJM,OK,2026-06-06,0.992,True
SJM,OK,2026-06-05,0.3442,True
SJM,OK,2026-06-04,0.995,True
SJM,OK,2026-06-02,0.779,True
SJM,OK,2026-05-28,0.999,True
SLB,DROPPED_FUTURE_DATE,2026-06-27,0.985,False
SLB,OK,2026-06-24,0.4191,True
SLB,OK,2026-06-23,0.226,True
SLB,OK,2026-06-22,0.997,True
SLB,OK,2026-06-21,0.993,True
SLB,OK,2026-06-20,0.9963,True
SLB,OK,2026-06-19,0.9965,True
SLB,OK,2026-06-18,-0.0052,True
SLB,OK,2026-06-17,0.9708,True
SLB,OK,2026-06-16,0.976,True
SLB,OK,2026-06-15,0.889,True
SLB,OK,2026-06-13,0.996,True
SLB,OK,2026-06-11,0.989,True
SLB,OK,2026-06-10,0.9907,True
SLB,OK,2026-06-09,0.8168,True
SLB,OK,2026-06-08,0.3532,True
SLB,OK,2026-06-07,0.987,True
SLB,OK,2026-06-06,0.98,True
SLB,OK,2026-06-05,0.192,True
SLB,OK,2026-06-04,0.983,True
SLB,OK,2026-06-03,0.9905,True
SLB,OK,2026-06-02,0.996,True
SLB,OK,2026-06-01,0.9945,True
SLB,OK,2026-05-31,0.9925,True
SLB,OK,2026-05-29,0.999,True
SLB,OK,2026-05-28,0.524,True
SMERY,OK,2026-06-19,0.9955,True
SMERY,OK,2026-06-09,0.999,True
SMERY,OK,2026-06-08,0.999,True
SMERY,OK,2026-06-03,0.997,True
SMERY,OK,2026-06-02,0.996,True
SMERY,OK,2026-06-01,0.994,True
SMFG,OK,2026-06-25,0.743,True
SMFG,OK,2026-06-13,-0.989,True
SMFG,OK,2026-06-08,0.928,True
SMFG,OK,2026-06-05,0.991,True
SMFG,OK,2026-06-02,0.99,True
SNA,OK,2026-06-26,0.99,True
SNA,OK,2026-06-23,0.9985,True
SNA,OK,2026-06-21,0.989,True
SNA,OK,2026-06-18,0.985,True
SNA,OK,2026-06-15,0.988,True
SNA,OK,2026-06-12,0.681,True
SNA,OK,2026-06-11,0.998,True
SNA,OK,2026-06-10,0.943,True
SNA,OK,2026-06-09,0.8875,True
SNA,OK,2026-06-07,0.997,True
SNA,OK,2026-06-06,0.708,True
SNA,OK,2026-06-01,0.934,True
SNDK,DROPPED_FUTURE_DATE,2026-06-27,0.9887,False
SNDK,OK,2026-06-26,0.3808,True
SNDK,OK,2026-06-25,0.7282,True
SNDK,OK,2026-06-24,0.7828,True
SNDK,OK,2026-06-23,0.2691,True
SNDK,OK,2026-06-22,0.6645,True
SNDK,OK,2026-06-21,0.9915,True
SNDK,OK,2026-06-20,0.9871,True
SNDK,OK,2026-06-19,0.9952,True
SNDK,OK,2026-06-18,0.3186,True
SNDK,OK,2026-06-17,0.9383,True
SNDK,OK,2026-06-16,0.8802,True
SNDK,OK,2026-06-15,0.7248,True
SNDK,OK,2026-06-14,0.993,True
SNDK,OK,2026-06-13,0.992,True
SNDK,OK,2026-06-12,0.9027,True
SNDK,OK,2026-06-11,0.2093,True
SNDK,OK,2026-06-10,0.7811,True
SNDK,OK,2026-06-09,0.6475,True
SNDK,OK,2026-06-08,0.5586,True
SNDK,OK,2026-06-07,0.9941,True
SNDK,OK,2026-06-06,0.9974,True
SNDK,OK,2026-06-05,0.6553,True
SNDK,OK,2026-06-04,0.7152,True
SNDK,OK,2026-06-03,0.7333,True
SNDK,OK,2026-06-02,0.9553,True
SNDK,OK,2026-06-01,0.8767,True
SNDK,OK,2026-05-31,0.9722,True
SNDK,OK,2026-05-30,0.9699,True
SNDK,OK,2026-05-29,0.9192,True
SNDK,OK,2026-05-28,0.7277,True
SNOW,DROPPED_FUTURE_DATE,2026-06-27,0.998,False
SNOW,OK,2026-06-26,0.6318,True
SNOW,OK,2026-06-25,0.998,True
SNOW,OK,2026-06-24,0.9906,True
SNOW,OK,2026-06-23,0.9535,True
SNOW,OK,2026-06-22,0.9955,True
SNOW,OK,2026-06-20,0.999,True
SNOW,OK,2026-06-19,0.971,True
SNOW,OK,2026-06-18,0.9794,True
SNOW,OK,2026-06-17,0.984,True
SNOW,OK,2026-06-16,0.9731,True
SNOW,OK,2026-06-15,0.9753,True
SNOW,OK,2026-06-14,0.9955,True
SNOW,OK,2026-06-13,0.9635,True
SNOW,OK,2026-06-12,0.5198,True
SNOW,OK,2026-06-11,0.642,True
SNOW,OK,2026-06-10,0.8103,True
SNOW,OK,2026-06-09,0.9942,True
SNOW,OK,2026-06-08,0.9936,True
SNOW,OK,2026-06-07,0.979,True
SNOW,OK,2026-06-06,0.998,True
SNOW,OK,2026-06-05,0.783,True
SNOW,OK,2026-06-04,0.9248,True
SNOW,OK,2026-06-03,0.9795,True
SNOW,OK,2026-06-02,0.9828,True
SNOW,OK,2026-06-01,0.8785,True
SNOW,OK,2026-05-31,0.9957,True
SNOW,OK,2026-05-30,0.9906,True
SNOW,OK,2026-05-29,0.9711,True
SNOW,OK,2026-05-28,0.5547,True
SNPS,OK,2026-06-26,0.981,True
SNPS,OK,2026-06-24,0.9608,True
SNPS,OK,2026-06-23,0.9763,True
SNPS,OK,2026-06-22,0.9965,True
SNPS,OK,2026-06-18,0.988,True
SNPS,OK,2026-06-17,0.9607,True
SNPS,OK,2026-06-16,0.986,True
SNPS,OK,2026-06-15,0.994,True
SNPS,OK,2026-06-13,0.988,True
SNPS,OK,2026-06-12,0.993,True
SNPS,OK,2026-06-11,0.995,True
SNPS,OK,2026-06-10,0.998,True
SNPS,OK,2026-06-09,0.996,True
SNPS,OK,2026-06-08,0.9938,True
SNPS,OK,2026-06-07,0.9917,True
SNPS,OK,2026-06-05,0.9937,True
SNPS,OK,2026-06-04,0.998,True
SNPS,OK,2026-06-03,0.99,True
SNPS,OK,2026-06-02,0.9954,True
SNPS,OK,2026-06-01,0.8246,True
SNPS,OK,2026-05-30,0.996,True
SNPS,OK,2026-05-29,0.9388,True
SNPS,OK,2026-05-28,0.5828,True
SNY,DROPPED_FUTURE_DATE,2026-06-27,0.98,False
SNY,OK,2026-06-26,-0.057,True
SNY,OK,2026-06-25,0.8585,True
SNY,OK,2026-06-24,0.999,True
SNY,OK,2026-06-23,0.9444,True
SNY,OK,2026-06-22,0.8731,True
SNY,OK,2026-06-20,0.9915,True
SNY,OK,2026-06-19,0.9433,True
SNY,OK,2026-06-18,0.999,True
SNY,OK,2026-06-15,0.997,True
SNY,OK,2026-06-14,0.997,True
SNY,OK,2026-06-13,0.931,True
SNY,OK,2026-06-12,0.9688,True
SNY,OK,2026-06-11,0.978,True
SNY,OK,2026-06-10,0.6848,True
SNY,OK,2026-06-09,0.9955,True
SNY,OK,2026-06-08,0.4778,True
SNY,OK,2026-06-07,0.992,True
SNY,OK,2026-06-05,0.986,True
SNY,OK,2026-06-04,0.952,True
SNY,OK,2026-06-03,0.998,True
SNY,OK,2026-06-02,0.99,True
SNY,OK,2026-06-01,0.999,True
SNY,OK,2026-05-29,0.998,True
SNY,OK,2026-05-28,0.9002,True
SO,OK,2026-06-26,0.9955,True
SO,OK,2026-06-25,0.9825,True
SO,OK,2026-06-24,0.993,True
SO,OK,2026-06-23,0.993,True
SO,OK,2026-06-19,0.995,True
SO,OK,2026-06-18,0.999,True
SO,OK,2026-06-17,0.994,True
SO,OK,2026-06-16,0.7435,True
SO,OK,2026-06-15,0.999,True
SO,OK,2026-06-13,0.997,True
SO,OK,2026-06-11,0.9975,True
SO,OK,2026-06-10,1.0,True
SO,OK,2026-06-08,0.996,True
SO,OK,2026-06-06,0.853,True
SO,OK,2026-06-05,0.984,True
SO,OK,2026-06-04,0.9987,True
SO,OK,2026-06-03,0.996,True
SO,OK,2026-06-02,0.9805,True
SO,OK,2026-06-01,0.9977,True
SO,OK,2026-05-31,0.994,True
SO,OK,2026-05-30,0.996,True
SO,OK,2026-05-29,0.999,True
SO,OK,2026-05-28,0.996,True
SOLV,OK,2026-06-25,0.998,True
SOLV,OK,2026-06-16,0.911,True
SOLV,OK,2026-06-13,0.993,True
SOLV,OK,2026-06-11,0.999,True
SOLV,OK,2026-06-09,0.999,True
SOLV,OK,2026-06-08,0.992,True
SOLV,OK,2026-06-07,0.991,True
SOLV,OK,2026-06-05,0.996,True
SOLV,OK,2026-06-04,0.994,True
SOLV,OK,2026-06-02,0.993,True
SONY,OK,2026-06-26,0.985,True
SONY,OK,2026-06-25,0.4966,True
SONY,OK,2026-06-24,0.998,True
SONY,OK,2026-06-23,0.5963,True
SONY,OK,2026-06-22,0.9905,True
SONY,OK,2026-06-21,0.8945,True
SONY,OK,2026-06-20,0.989,True
SONY,OK,2026-06-18,0.727,True
SONY,OK,2026-06-17,0.995,True
SONY,OK,2026-06-16,0.99,True
SONY,OK,2026-06-15,0.99,True
SONY,OK,2026-06-12,0.9925,True
SONY,OK,2026-06-11,0.9985,True
SONY,OK,2026-06-10,0.497,True
SONY,OK,2026-06-09,0.3225,True
SONY,OK,2026-06-07,0.843,True
SONY,OK,2026-06-05,0.999,True
SONY,OK,2026-06-04,0.999,True
SONY,OK,2026-06-03,0.9745,True
SONY,OK,2026-06-02,0.9995,True
SONY,OK,2026-05-31,-0.519,True
SONY,OK,2026-05-29,0.9865,True
SONY,OK,2026-05-28,0.822,True
SPG,OK,2026-06-24,0.991,True
SPG,OK,2026-06-23,0.996,True
SPG,OK,2026-06-22,0.991,True
SPG,OK,2026-06-19,0.994,True
SPG,OK,2026-06-18,0.9767,True
SPG,OK,2026-06-16,0.998,True
SPG,OK,2026-06-15,0.998,True
SPG,OK,2026-06-13,0.988,True
SPG,OK,2026-06-12,0.996,True
SPG,OK,2026-06-11,0.998,True
SPG,OK,2026-06-10,0.999,True
SPG,OK,2026-06-09,-0.973,True
SPG,OK,2026-06-08,0.9893,True
SPG,OK,2026-06-06,0.995,True
SPG,OK,2026-06-01,0.989,True
SPG,OK,2026-05-30,0.9816,True
SPG,OK,2026-05-29,0.9925,True
SPG,OK,2026-05-28,0.997,True
SPGI,DROPPED_FUTURE_DATE,2026-06-27,0.964,False
SPGI,OK,2026-06-26,0.929,True
SPGI,OK,2026-06-25,-0.993,True
SPGI,OK,2026-06-24,0.9705,True
SPGI,OK,2026-06-23,0.6205,True
SPGI,OK,2026-06-22,0.9913,True
SPGI,OK,2026-06-20,0.997,True
SPGI,OK,2026-06-19,0.9973,True
SPGI,OK,2026-06-18,0.9827,True
SPGI,OK,2026-06-17,0.7238,True
SPGI,OK,2026-06-15,0.9965,True
SPGI,OK,2026-06-14,1.0,True
SPGI,OK,2026-06-13,0.997,True
SPGI,OK,2026-06-12,0.9377,True
SPGI,OK,2026-06-11,0.6273,True
SPGI,OK,2026-06-10,0.949,True
SPGI,OK,2026-06-09,0.4793,True
SPGI,OK,2026-06-08,0.964,True
SPGI,OK,2026-06-07,0.999,True
SPGI,OK,2026-06-06,0.863,True
SPGI,OK,2026-06-05,0.9754,True
SPGI,OK,2026-06-04,0.419,True
SPGI,OK,2026-06-03,0.3798,True
SPGI,OK,2026-06-02,0.9817,True
SPGI,OK,2026-06-01,0.9094,True
SPGI,OK,2026-05-31,0.9855,True
SPGI,OK,2026-05-29,0.9213,True
SPGI,OK,2026-05-28,0.8598,True
SPOT,OK,2026-06-26,0.9865,True
SPOT,OK,2026-06-25,0.991,True
SPOT,OK,2026-06-19,0.542,True
SPOT,OK,2026-06-18,0.991,True
SPOT,OK,2026-06-17,0.9905,True
SPOT,OK,2026-06-16,0.994,True
SPOT,OK,2026-06-15,0.729,True
SPOT,OK,2026-06-13,0.9915,True
SPOT,OK,2026-06-12,0.997,True
SPOT,OK,2026-06-11,0.9893,True
SPOT,OK,2026-06-10,0.985,True
SPOT,OK,2026-06-07,0.98,True
SPOT,OK,2026-06-06,0.998,True
SPOT,OK,2026-06-04,0.999,True
SPOT,OK,2026-06-03,0.993,True
SPOT,OK,2026-06-02,0.591,True
SPOT,OK,2026-05-31,0.9803,True
SPOT,OK,2026-05-30,0.9895,True
SPOT,OK,2026-05-29,0.9965,True
SPOT,OK,2026-05-28,0.9953,True
SRE,OK,2026-06-26,0.998,True
SRE,OK,2026-06-24,0.999,True
SRE,OK,2026-06-22,0.997,True
SRE,OK,2026-06-18,0.641,True
SRE,OK,2026-06-15,0.153,True
SRE,OK,2026-06-13,0.992,True
SRE,OK,2026-06-11,0.9975,True
SRE,OK,2026-06-10,0.9937,True
SRE,OK,2026-06-09,0.997,True
SRE,OK,2026-06-08,0.8363,True
SRE,OK,2026-06-06,0.997,True
SRE,OK,2026-06-05,0.995,True
SRE,OK,2026-06-04,0.997,True
SRE,OK,2026-06-03,0.991,True
SRE,OK,2026-06-01,0.9973,True
SRE,OK,2026-05-30,0.9903,True
SRE,OK,2026-05-29,0.25,True
STE,OK,2026-06-24,-0.572,True
STE,OK,2026-06-19,0.999,True
STE,OK,2026-06-15,0.995,True
STE,OK,2026-06-12,0.997,True
STE,OK,2026-06-10,0.9995,True
STE,OK,2026-06-09,0.967,True
STE,OK,2026-06-08,0.997,True
STE,OK,2026-06-05,0.998,True
STE,OK,2026-06-02,0.993,True
STE,OK,2026-06-01,0.998,True
STE,OK,2026-05-30,0.983,True
STLD,OK,2026-06-26,0.9857,True
STLD,OK,2026-06-25,0.996,True
STLD,OK,2026-06-24,0.988,True
STLD,OK,2026-06-23,0.9695,True
STLD,OK,2026-06-22,0.869,True
STLD,OK,2026-06-19,0.995,True
STLD,OK,2026-06-18,-0.0869,True
STLD,OK,2026-06-17,0.998,True
STLD,OK,2026-06-15,0.999,True
STLD,OK,2026-06-12,0.994,True
STLD,OK,2026-06-11,0.9985,True
STLD,OK,2026-06-09,0.991,True
STLD,OK,2026-06-08,0.99,True
STLD,OK,2026-06-04,0.999,True
STLD,OK,2026-06-03,0.9903,True
STLD,OK,2026-06-02,0.989,True
STLD,OK,2026-05-28,0.997,True
STM,DROPPED_FUTURE_DATE,2026-06-27,0.999,False
STM,OK,2026-06-25,0.991,True
STM,OK,2026-06-24,0.4505,True
STM,OK,2026-06-22,0.3667,True
STM,OK,2026-06-20,0.998,True
STM,OK,2026-06-19,0.994,True
STM,OK,2026-06-17,0.998,True
STM,OK,2026-06-16,0.6857,True
STM,OK,2026-06-15,1.0,True
STM,OK,2026-06-14,0.997,True
STM,OK,2026-06-12,0.998,True
STM,OK,2026-06-11,0.8605,True
STM,OK,2026-06-10,0.9838,True
STM,OK,2026-06-09,0.998,True
STM,OK,2026-06-08,-0.446,True
STM,OK,2026-06-07,0.994,True
STM,OK,2026-06-05,0.6316,True
STM,OK,2026-06-04,0.987,True
STM,OK,2026-06-03,0.867,True
STM,OK,2026-06-02,0.5914,True
STM,OK,2026-06-01,0.897,True
STM,OK,2026-05-31,0.993,True
STM,OK,2026-05-28,0.9205,True
STT,DROPPED_FUTURE_DATE,2026-06-27,0.9935,False
STT,OK,2026-06-26,0.999,True
STT,OK,2026-06-25,0.9554,True
STT,OK,2026-06-24,0.9803,True
STT,OK,2026-06-23,0.9865,True
STT,OK,2026-06-22,0.981,True
STT,OK,2026-06-21,0.985,True
STT,OK,2026-06-20,0.99,True
STT,OK,2026-06-19,0.9905,True
STT,OK,2026-06-17,0.9933,True
STT,OK,2026-06-16,0.9965,True
STT,OK,2026-06-15,0.968,True
STT,OK,2026-06-13,0.993,True
STT,OK,2026-06-12,0.5735,True
STT,OK,2026-06-10,0.996,True
STT,OK,2026-06-09,0.998,True
STT,OK,2026-06-08,0.9855,True
STT,OK,2026-06-07,0.983,True
STT,OK,2026-06-06,0.994,True
STT,OK,2026-06-05,0.999,True
STT,OK,2026-06-04,0.998,True
STT,OK,2026-06-03,0.9902,True
STT,OK,2026-06-02,0.857,True
STT,OK,2026-06-01,0.996,True
STT,OK,2026-05-31,0.986,True
STT,OK,2026-05-30,0.986,True
STT,OK,2026-05-29,0.9107,True
STT,OK,2026-05-28,0.955,True
STX,DROPPED_FUTURE_DATE,2026-06-27,0.9925,False
STX,OK,2026-06-26,0.2217,True
STX,OK,2026-06-25,0.7637,True
STX,OK,2026-06-24,0.6207,True
STX,OK,2026-06-23,0.3979,True
STX,OK,2026-06-22,0.7827,True
STX,OK,2026-06-20,0.9887,True
STX,OK,2026-06-19,0.9983,True
STX,OK,2026-06-18,0.8371,True
STX,OK,2026-06-17,0.997,True
STX,OK,2026-06-16,0.7766,True
STX,OK,2026-06-15,0.6515,True
STX,OK,2026-06-14,0.9948,True
STX,OK,2026-06-13,0.9765,True
STX,OK,2026-06-12,0.862,True
STX,OK,2026-06-11,0.4626,True
STX,OK,2026-06-10,0.6329,True
STX,OK,2026-06-09,0.9729,True
STX,OK,2026-06-08,0.0616,True
STX,OK,2026-06-06,0.997,True
STX,OK,2026-06-05,0.8261,True
STX,OK,2026-06-04,0.6576,True
STX,OK,2026-06-03,0.999,True
STX,OK,2026-06-02,0.9933,True
STX,OK,2026-06-01,0.9424,True
STX,OK,2026-05-31,0.9803,True
STX,OK,2026-05-30,0.9945,True
STX,OK,2026-05-29,0.9968,True
STX,OK,2026-05-28,0.437,True
STZ,OK,2026-06-26,0.4603,True
STZ,OK,2026-06-25,0.9936,True
STZ,OK,2026-06-24,0.965,True
STZ,OK,2026-06-23,0.9955,True
STZ,OK,2026-06-22,0.998,True
STZ,OK,2026-06-17,0.166,True
STZ,OK,2026-06-16,0.999,True
STZ,OK,2026-06-15,0.995,True
STZ,OK,2026-06-14,0.9765,True
STZ,OK,2026-06-10,0.8768,True
STZ,OK,2026-06-09,0.999,True
STZ,OK,2026-06-08,0.983,True
STZ,OK,2026-06-04,0.994,True
STZ,OK,2026-06-03,0.997,True
STZ,OK,2026-06-02,0.9937,True
STZ,OK,2026-05-28,0.975,True
SU,OK,2026-06-25,1.0,True
SU,OK,2026-06-11,0.994,True
SU,OK,2026-06-09,0.999,True
SU,OK,2026-06-06,0.98,True
SU,OK,2026-06-05,0.8718,True
SU,OK,2026-06-04,0.999,True
SU,OK,2026-06-02,0.977,True
SU,OK,2026-06-01,1.0,True
SU,OK,2026-05-29,1.0,True
SU,OK,2026-05-28,0.989,True
SW,OK,2026-06-24,0.7125,True
SW,OK,2026-06-22,0.848,True
SW,OK,2026-06-19,0.881,True
SW,OK,2026-06-18,0.966,True
SW,OK,2026-06-15,0.985,True
SW,OK,2026-06-07,0.994,True
SW,OK,2026-05-30,0.977,True
SWK,OK,2026-06-23,0.9783,True
SWK,OK,2026-06-16,0.9945,True
SWK,OK,2026-06-12,0.998,True
SWK,OK,2026-06-11,0.992,True
SWK,OK,2026-06-10,0.999,True
SWK,OK,2026-06-03,1.0,True
SWK,OK,2026-06-02,0.9975,True
SWK,OK,2026-06-01,0.9775,True
SWK,OK,2026-05-31,0.983,True
SWK,OK,2026-05-30,0.998,True
SWK,OK,2026-05-29,0.994,True
