ticker,cik,fiscal_period_end,fiscal_year,fiscal_period,form,filed,frame,source_concept,normalized_field,value,unit,source,availability_datetime,point_in_time_usable,restatement_policy,validation_note
AAPL,0000320193,2016-12-31,2018,FY,10-K,2018-11-05,CY2016Q4,us-gaap:Revenues,revenue,78351000000,USD,SEC EDGAR (public companyfacts + submissions JSON),2018-11-05T13:01:40.000Z,True,"first-reported preferred (earliest filed value kept per fiscal period); companyfacts may include later restated values - treated as caveated, never back-dated",availability_datetime from filing acceptance
AAPL,0000320193,2017-04-01,2018,FY,10-K,2018-11-05,CY2017Q1,us-gaap:Revenues,revenue,52896000000,USD,SEC EDGAR (public companyfacts + submissions JSON),2018-11-05T13:01:40.000Z,True,"first-reported preferred (earliest filed value kept per fiscal period); companyfacts may include later restated values - treated as caveated, never back-dated",availability_datetime from filing acceptance
AAPL,0000320193,2017-07-01,2018,FY,10-K,2018-11-05,CY2017Q2,us-gaap:Revenues,revenue,45408000000,USD,SEC EDGAR (public companyfacts + submissions JSON),2018-11-05T13:01:40.000Z,True,"first-reported preferred (earliest filed value kept per fiscal period); companyfacts may include later restated values - treated as caveated, never back-dated",availability_datetime from filing acceptance
AAPL,0000320193,2017-09-30,2018,FY,10-K,2018-11-05,CY2017,us-gaap:Revenues,revenue,229234000000,USD,SEC EDGAR (public companyfacts + submissions JSON),2018-11-05T13:01:40.000Z,True,"first-reported preferred (earliest filed value kept per fiscal period); companyfacts may include later restated values - treated as caveated, never back-dated",availability_datetime from filing acceptance
AAPL,0000320193,2017-12-30,2018,FY,10-K,2018-11-05,CY2017Q4,us-gaap:Revenues,revenue,88293000000,USD,SEC EDGAR (public companyfacts + submissions JSON),2018-11-05T13:01:40.000Z,True,"first-reported preferred (earliest filed value kept per fiscal period); companyfacts may include later restated values - treated as caveated, never back-dated",availability_datetime from filing acceptance
AAPL,0000320193,2018-03-31,2018,FY,10-K,2018-11-05,CY2018Q1,us-gaap:Revenues,revenue,61137000000,USD,SEC EDGAR (public companyfacts + submissions JSON),2018-11-05T13:01:40.000Z,True,"first-reported preferred (earliest filed value kept per fiscal period); companyfacts may include later restated values - treated as caveated, never back-dated",availability_datetime from filing acceptance
AAPL,0000320193,2018-06-30,2018,FY,10-K,2018-11-05,CY2018Q2,us-gaap:Revenues,revenue,53265000000,USD,SEC EDGAR (public companyfacts + submissions JSON),2018-11-05T13:01:40.000Z,True,"first-reported preferred (earliest filed value kept per fiscal period); companyfacts may include later restated values - treated as caveated, never back-dated",availability_datetime from filing acceptance
AAPL,0000320193,2018-09-29,2018,FY,10-K,2018-11-05,CY2018,us-gaap:Revenues,revenue,265595000000,USD,SEC EDGAR (public companyfacts + submissions JSON),2018-11-05T13:01:40.000Z,True,"first-reported preferred (earliest filed value kept per fiscal period); companyfacts may include later restated values - treated as caveated, never back-dated",availability_datetime from filing acceptance
AAPL,0000320193,2024-06-29,2024,Q3,10-Q,2024-08-02,,us-gaap:NetIncomeLoss,net_income,79000000000,USD,SEC EDGAR (public companyfacts + submissions JSON),2024-08-01T22:03:34.000Z,True,"first-reported preferred (earliest filed value kept per fiscal period); companyfacts may include later restated values - treated as caveated, never back-dated",availability_datetime from filing acceptance
AAPL,0000320193,2024-09-28,2024,FY,10-K,2024-11-01,,us-gaap:NetIncomeLoss,net_income,93736000000,USD,SEC EDGAR (public companyfacts + submissions JSON),2024-11-01T10:01:36.000Z,True,"first-reported preferred (earliest filed value kept per fiscal period); companyfacts may include later restated values - treated as caveated, never back-dated",availability_datetime from filing acceptance
AAPL,0000320193,2024-12-28,2025,Q1,10-Q,2025-01-31,,us-gaap:NetIncomeLoss,net_income,36330000000,USD,SEC EDGAR (public companyfacts + submissions JSON),2025-01-31T11:01:27.000Z,True,"first-reported preferred (earliest filed value kept per fiscal period); companyfacts may include later restated values - treated as caveated, never back-dated",availability_datetime from filing acceptance
AAPL,0000320193,2025-03-29,2025,Q2,10-Q,2025-05-02,,us-gaap:NetIncomeLoss,net_income,61110000000,USD,SEC EDGAR (public companyfacts + submissions JSON),2025-05-02T10:00:46.000Z,True,"first-reported preferred (earliest filed value kept per fiscal period); companyfacts may include later restated values - treated as caveated, never back-dated",availability_datetime from filing acceptance
AAPL,0000320193,2025-06-28,2025,Q3,10-Q,2025-08-01,,us-gaap:NetIncomeLoss,net_income,84544000000,USD,SEC EDGAR (public companyfacts + submissions JSON),2025-08-01T10:00:42.000Z,True,"first-reported preferred (earliest filed value kept per fiscal period); companyfacts may include later restated values - treated as caveated, never back-dated",availability_datetime from filing acceptance
AAPL,0000320193,2025-09-27,2025,FY,10-K,2025-10-31,CY2025,us-gaap:NetIncomeLoss,net_income,112010000000,USD,SEC EDGAR (public companyfacts + submissions JSON),2025-10-31T10:01:26.000Z,True,"first-reported preferred (earliest filed value kept per fiscal period); companyfacts may include later restated values - treated as caveated, never back-dated",availability_datetime from filing acceptance
AAPL,0000320193,2025-12-27,2026,Q1,10-Q,2026-01-30,CY2025Q4,us-gaap:NetIncomeLoss,net_income,42097000000,USD,SEC EDGAR (public companyfacts + submissions JSON),2026-01-30T11:01:32.000Z,True,"first-reported preferred (earliest filed value kept per fiscal period); companyfacts may include later restated values - treated as caveated, never back-dated",availability_datetime from filing acceptance
AAPL,0000320193,2026-03-28,2026,Q2,10-Q,2026-05-01,,us-gaap:NetIncomeLoss,net_income,71675000000,USD,SEC EDGAR (public companyfacts + submissions JSON),2026-05-01T10:01:00.000Z,True,"first-reported preferred (earliest filed value kept per fiscal period); companyfacts may include later restated values - treated as caveated, never back-dated",availability_datetime from filing acceptance
AAPL,0000320193,2024-06-29,2024,Q3,10-Q,2024-08-02,,us-gaap:OperatingIncomeLoss,operating_income,93625000000,USD,SEC EDGAR (public companyfacts + submissions JSON),2024-08-01T22:03:34.000Z,True,"first-reported preferred (earliest filed value kept per fiscal period); companyfacts may include later restated values - treated as caveated, never back-dated",availability_datetime from filing acceptance
AAPL,0000320193,2024-09-28,2024,FY,10-K,2024-11-01,,us-gaap:OperatingIncomeLoss,operating_income,123216000000,USD,SEC EDGAR (public companyfacts + submissions JSON),2024-11-01T10:01:36.000Z,True,"first-reported preferred (earliest filed value kept per fiscal period); companyfacts may include later restated values - treated as caveated, never back-dated",availability_datetime from filing acceptance
AAPL,0000320193,2024-12-28,2025,Q1,10-Q,2025-01-31,,us-gaap:OperatingIncomeLoss,operating_income,42832000000,USD,SEC EDGAR (public companyfacts + submissions JSON),2025-01-31T11:01:27.000Z,True,"first-reported preferred (earliest filed value kept per fiscal period); companyfacts may include later restated values - treated as caveated, never back-dated",availability_datetime from filing acceptance
AAPL,0000320193,2025-03-29,2025,Q2,10-Q,2025-05-02,,us-gaap:OperatingIncomeLoss,operating_income,72421000000,USD,SEC EDGAR (public companyfacts + submissions JSON),2025-05-02T10:00:46.000Z,True,"first-reported preferred (earliest filed value kept per fiscal period); companyfacts may include later restated values - treated as caveated, never back-dated",availability_datetime from filing acceptance
AAPL,0000320193,2025-06-28,2025,Q3,10-Q,2025-08-01,,us-gaap:OperatingIncomeLoss,operating_income,100623000000,USD,SEC EDGAR (public companyfacts + submissions JSON),2025-08-01T10:00:42.000Z,True,"first-reported preferred (earliest filed value kept per fiscal period); companyfacts may include later restated values - treated as caveated, never back-dated",availability_datetime from filing acceptance
AAPL,0000320193,2025-09-27,2025,FY,10-K,2025-10-31,CY2025,us-gaap:OperatingIncomeLoss,operating_income,133050000000,USD,SEC EDGAR (public companyfacts + submissions JSON),2025-10-31T10:01:26.000Z,True,"first-reported preferred (earliest filed value kept per fiscal period); companyfacts may include later restated values - treated as caveated, never back-dated",availability_datetime from filing acceptance
AAPL,0000320193,2025-12-27,2026,Q1,10-Q,2026-01-30,CY2025Q4,us-gaap:OperatingIncomeLoss,operating_income,50852000000,USD,SEC EDGAR (public companyfacts + submissions JSON),2026-01-30T11:01:32.000Z,True,"first-reported preferred (earliest filed value kept per fiscal period); companyfacts may include later restated values - treated as caveated, never back-dated",availability_datetime from filing acceptance
AAPL,0000320193,2026-03-28,2026,Q2,10-Q,2026-05-01,,us-gaap:OperatingIncomeLoss,operating_income,86737000000,USD,SEC EDGAR (public companyfacts + submissions JSON),2026-05-01T10:01:00.000Z,True,"first-reported preferred (earliest filed value kept per fiscal period); companyfacts may include later restated values - treated as caveated, never back-dated",availability_datetime from filing acceptance
AAPL,0000320193,2024-06-29,2024,Q3,10-Q,2024-08-02,,us-gaap:EarningsPerShareDiluted,eps_diluted,5.11,USD/shares,SEC EDGAR (public companyfacts + submissions JSON),2024-08-01T22:03:34.000Z,True,"first-reported preferred (earliest filed value kept per fiscal period); companyfacts may include later restated values - treated as caveated, never back-dated",availability_datetime from filing acceptance
AAPL,0000320193,2024-09-28,2024,FY,10-K,2024-11-01,,us-gaap:EarningsPerShareDiluted,eps_diluted,6.08,USD/shares,SEC EDGAR (public companyfacts + submissions JSON),2024-11-01T10:01:36.000Z,True,"first-reported preferred (earliest filed value kept per fiscal period); companyfacts may include later restated values - treated as caveated, never back-dated",availability_datetime from filing acceptance
AAPL,0000320193,2024-12-28,2025,Q1,10-Q,2025-01-31,,us-gaap:EarningsPerShareDiluted,eps_diluted,2.4,USD/shares,SEC EDGAR (public companyfacts + submissions JSON),2025-01-31T11:01:27.000Z,True,"first-reported preferred (earliest filed value kept per fiscal period); companyfacts may include later restated values - treated as caveated, never back-dated",availability_datetime from filing acceptance
AAPL,0000320193,2025-03-29,2025,Q2,10-Q,2025-05-02,,us-gaap:EarningsPerShareDiluted,eps_diluted,4.05,USD/shares,SEC EDGAR (public companyfacts + submissions JSON),2025-05-02T10:00:46.000Z,True,"first-reported preferred (earliest filed value kept per fiscal period); companyfacts may include later restated values - treated as caveated, never back-dated",availability_datetime from filing acceptance
AAPL,0000320193,2025-06-28,2025,Q3,10-Q,2025-08-01,,us-gaap:EarningsPerShareDiluted,eps_diluted,5.62,USD/shares,SEC EDGAR (public companyfacts + submissions JSON),2025-08-01T10:00:42.000Z,True,"first-reported preferred (earliest filed value kept per fiscal period); companyfacts may include later restated values - treated as caveated, never back-dated",availability_datetime from filing acceptance
AAPL,0000320193,2025-09-27,2025,FY,10-K,2025-10-31,CY2025,us-gaap:EarningsPerShareDiluted,eps_diluted,7.46,USD/shares,SEC EDGAR (public companyfacts + submissions JSON),2025-10-31T10:01:26.000Z,True,"first-reported preferred (earliest filed value kept per fiscal period); companyfacts may include later restated values - treated as caveated, never back-dated",availability_datetime from filing acceptance
AAPL,0000320193,2025-12-27,2026,Q1,10-Q,2026-01-30,CY2025Q4,us-gaap:EarningsPerShareDiluted,eps_diluted,2.84,USD/shares,SEC EDGAR (public companyfacts + submissions JSON),2026-01-30T11:01:32.000Z,True,"first-reported preferred (earliest filed value kept per fiscal period); companyfacts may include later restated values - treated as caveated, never back-dated",availability_datetime from filing acceptance
AAPL,0000320193,2026-03-28,2026,Q2,10-Q,2026-05-01,,us-gaap:EarningsPerShareDiluted,eps_diluted,4.85,USD/shares,SEC EDGAR (public companyfacts + submissions JSON),2026-05-01T10:01:00.000Z,True,"first-reported preferred (earliest filed value kept per fiscal period); companyfacts may include later restated values - treated as caveated, never back-dated",availability_datetime from filing acceptance
AAPL,0000320193,2024-12-28,2025,Q1,10-Q,2025-01-31,CY2024Q4I,us-gaap:Assets,total_assets,344085000000,USD,SEC EDGAR (public companyfacts + submissions JSON),2025-01-31T11:01:27.000Z,True,"first-reported preferred (earliest filed value kept per fiscal period); companyfacts may include later restated values - treated as caveated, never back-dated",availability_datetime from filing acceptance
AAPL,0000320193,2025-03-29,2025,Q2,10-Q,2025-05-02,CY2025Q1I,us-gaap:Assets,total_assets,331233000000,USD,SEC EDGAR (public companyfacts + submissions JSON),2025-05-02T10:00:46.000Z,True,"first-reported preferred (earliest filed value kept per fiscal period); companyfacts may include later restated values - treated as caveated, never back-dated",availability_datetime from filing acceptance
AAPL,0000320193,2025-06-28,2025,Q3,10-Q,2025-08-01,CY2025Q2I,us-gaap:Assets,total_assets,331495000000,USD,SEC EDGAR (public companyfacts + submissions JSON),2025-08-01T10:00:42.000Z,True,"first-reported preferred (earliest filed value kept per fiscal period); companyfacts may include later restated values - treated as caveated, never back-dated",availability_datetime from filing acceptance
AAPL,0000320193,2025-09-27,2025,FY,10-K,2025-10-31,,us-gaap:Assets,total_assets,359241000000,USD,SEC EDGAR (public companyfacts + submissions JSON),2025-10-31T10:01:26.000Z,True,"first-reported preferred (earliest filed value kept per fiscal period); companyfacts may include later restated values - treated as caveated, never back-dated",availability_datetime from filing acceptance
AAPL,0000320193,2025-09-27,2026,Q1,10-Q,2026-01-30,,us-gaap:Assets,total_assets,359241000000,USD,SEC EDGAR (public companyfacts + submissions JSON),2026-01-30T11:01:32.000Z,True,"first-reported preferred (earliest filed value kept per fiscal period); companyfacts may include later restated values - treated as caveated, never back-dated",availability_datetime from filing acceptance
AAPL,0000320193,2025-09-27,2026,Q2,10-Q,2026-05-01,CY2025Q3I,us-gaap:Assets,total_assets,359241000000,USD,SEC EDGAR (public companyfacts + submissions JSON),2026-05-01T10:01:00.000Z,True,"first-reported preferred (earliest filed value kept per fiscal period); companyfacts may include later restated values - treated as caveated, never back-dated",availability_datetime from filing acceptance
AAPL,0000320193,2025-12-27,2026,Q1,10-Q,2026-01-30,CY2025Q4I,us-gaap:Assets,total_assets,379297000000,USD,SEC EDGAR (public companyfacts + submissions JSON),2026-01-30T11:01:32.000Z,True,"first-reported preferred (earliest filed value kept per fiscal period); companyfacts may include later restated values - treated as caveated, never back-dated",availability_datetime from filing acceptance
AAPL,0000320193,2026-03-28,2026,Q2,10-Q,2026-05-01,CY2026Q1I,us-gaap:Assets,total_assets,371082000000,USD,SEC EDGAR (public companyfacts + submissions JSON),2026-05-01T10:01:00.000Z,True,"first-reported preferred (earliest filed value kept per fiscal period); companyfacts may include later restated values - treated as caveated, never back-dated",availability_datetime from filing acceptance
AAPL,0000320193,2024-12-28,2025,Q1,10-Q,2025-01-31,CY2024Q4I,us-gaap:Liabilities,total_liabilities,277327000000,USD,SEC EDGAR (public companyfacts + submissions JSON),2025-01-31T11:01:27.000Z,True,"first-reported preferred (earliest filed value kept per fiscal period); companyfacts may include later restated values - treated as caveated, never back-dated",availability_datetime from filing acceptance
AAPL,0000320193,2025-03-29,2025,Q2,10-Q,2025-05-02,CY2025Q1I,us-gaap:Liabilities,total_liabilities,264437000000,USD,SEC EDGAR (public companyfacts + submissions JSON),2025-05-02T10:00:46.000Z,True,"first-reported preferred (earliest filed value kept per fiscal period); companyfacts may include later restated values - treated as caveated, never back-dated",availability_datetime from filing acceptance
AAPL,0000320193,2025-06-28,2025,Q3,10-Q,2025-08-01,CY2025Q2I,us-gaap:Liabilities,total_liabilities,265665000000,USD,SEC EDGAR (public companyfacts + submissions JSON),2025-08-01T10:00:42.000Z,True,"first-reported preferred (earliest filed value kept per fiscal period); companyfacts may include later restated values - treated as caveated, never back-dated",availability_datetime from filing acceptance
AAPL,0000320193,2025-09-27,2025,FY,10-K,2025-10-31,,us-gaap:Liabilities,total_liabilities,285508000000,USD,SEC EDGAR (public companyfacts + submissions JSON),2025-10-31T10:01:26.000Z,True,"first-reported preferred (earliest filed value kept per fiscal period); companyfacts may include later restated values - treated as caveated, never back-dated",availability_datetime from filing acceptance
AAPL,0000320193,2025-09-27,2026,Q1,10-Q,2026-01-30,,us-gaap:Liabilities,total_liabilities,285508000000,USD,SEC EDGAR (public companyfacts + submissions JSON),2026-01-30T11:01:32.000Z,True,"first-reported preferred (earliest filed value kept per fiscal period); companyfacts may include later restated values - treated as caveated, never back-dated",availability_datetime from filing acceptance
AAPL,0000320193,2025-09-27,2026,Q2,10-Q,2026-05-01,CY2025Q3I,us-gaap:Liabilities,total_liabilities,285508000000,USD,SEC EDGAR (public companyfacts + submissions JSON),2026-05-01T10:01:00.000Z,True,"first-reported preferred (earliest filed value kept per fiscal period); companyfacts may include later restated values - treated as caveated, never back-dated",availability_datetime from filing acceptance
AAPL,0000320193,2025-12-27,2026,Q1,10-Q,2026-01-30,CY2025Q4I,us-gaap:Liabilities,total_liabilities,291107000000,USD,SEC EDGAR (public companyfacts + submissions JSON),2026-01-30T11:01:32.000Z,True,"first-reported preferred (earliest filed value kept per fiscal period); companyfacts may include later restated values - treated as caveated, never back-dated",availability_datetime from filing acceptance
AAPL,0000320193,2026-03-28,2026,Q2,10-Q,2026-05-01,CY2026Q1I,us-gaap:Liabilities,total_liabilities,264591000000,USD,SEC EDGAR (public companyfacts + submissions JSON),2026-05-01T10:01:00.000Z,True,"first-reported preferred (earliest filed value kept per fiscal period); companyfacts may include later restated values - treated as caveated, never back-dated",availability_datetime from filing acceptance
AAPL,0000320193,2025-03-29,2025,Q3,10-Q,2025-08-01,,us-gaap:StockholdersEquity,shareholder_equity,66796000000,USD,SEC EDGAR (public companyfacts + submissions JSON),2025-08-01T10:00:42.000Z,True,"first-reported preferred (earliest filed value kept per fiscal period); companyfacts may include later restated values - treated as caveated, never back-dated",availability_datetime from filing acceptance
AAPL,0000320193,2025-06-28,2025,Q3,10-Q,2025-08-01,CY2025Q2I,us-gaap:StockholdersEquity,shareholder_equity,65830000000,USD,SEC EDGAR (public companyfacts + submissions JSON),2025-08-01T10:00:42.000Z,True,"first-reported preferred (earliest filed value kept per fiscal period); companyfacts may include later restated values - treated as caveated, never back-dated",availability_datetime from filing acceptance
AAPL,0000320193,2025-09-27,2025,FY,10-K,2025-10-31,,us-gaap:StockholdersEquity,shareholder_equity,73733000000,USD,SEC EDGAR (public companyfacts + submissions JSON),2025-10-31T10:01:26.000Z,True,"first-reported preferred (earliest filed value kept per fiscal period); companyfacts may include later restated values - treated as caveated, never back-dated",availability_datetime from filing acceptance
AAPL,0000320193,2025-09-27,2026,Q1,10-Q,2026-01-30,,us-gaap:StockholdersEquity,shareholder_equity,73733000000,USD,SEC EDGAR (public companyfacts + submissions JSON),2026-01-30T11:01:32.000Z,True,"first-reported preferred (earliest filed value kept per fiscal period); companyfacts may include later restated values - treated as caveated, never back-dated",availability_datetime from filing acceptance
AAPL,0000320193,2025-09-27,2026,Q2,10-Q,2026-05-01,CY2025Q3I,us-gaap:StockholdersEquity,shareholder_equity,73733000000,USD,SEC EDGAR (public companyfacts + submissions JSON),2026-05-01T10:01:00.000Z,True,"first-reported preferred (earliest filed value kept per fiscal period); companyfacts may include later restated values - treated as caveated, never back-dated",availability_datetime from filing acceptance
AAPL,0000320193,2025-12-27,2026,Q1,10-Q,2026-01-30,,us-gaap:StockholdersEquity,shareholder_equity,88190000000,USD,SEC EDGAR (public companyfacts + submissions JSON),2026-01-30T11:01:32.000Z,True,"first-reported preferred (earliest filed value kept per fiscal period); companyfacts may include later restated values - treated as caveated, never back-dated",availability_datetime from filing acceptance
AAPL,0000320193,2025-12-27,2026,Q2,10-Q,2026-05-01,CY2025Q4I,us-gaap:StockholdersEquity,shareholder_equity,88190000000,USD,SEC EDGAR (public companyfacts + submissions JSON),2026-05-01T10:01:00.000Z,True,"first-reported preferred (earliest filed value kept per fiscal period); companyfacts may include later restated values - treated as caveated, never back-dated",availability_datetime from filing acceptance
AAPL,0000320193,2026-03-28,2026,Q2,10-Q,2026-05-01,CY2026Q1I,us-gaap:StockholdersEquity,shareholder_equity,106491000000,USD,SEC EDGAR (public companyfacts + submissions JSON),2026-05-01T10:01:00.000Z,True,"first-reported preferred (earliest filed value kept per fiscal period); companyfacts may include later restated values - treated as caveated, never back-dated",availability_datetime from filing acceptance
AAPL,0000320193,2024-06-29,2024,Q3,10-Q,2024-08-02,,us-gaap:NetCashProvidedByUsedInOperatingActivities,operating_cash_flow,91443000000,USD,SEC EDGAR (public companyfacts + submissions JSON),2024-08-01T22:03:34.000Z,True,"first-reported preferred (earliest filed value kept per fiscal period); companyfacts may include later restated values - treated as caveated, never back-dated",availability_datetime from filing acceptance
AAPL,0000320193,2024-09-28,2024,FY,10-K,2024-11-01,,us-gaap:NetCashProvidedByUsedInOperatingActivities,operating_cash_flow,118254000000,USD,SEC EDGAR (public companyfacts + submissions JSON),2024-11-01T10:01:36.000Z,True,"first-reported preferred (earliest filed value kept per fiscal period); companyfacts may include later restated values - treated as caveated, never back-dated",availability_datetime from filing acceptance
AAPL,0000320193,2024-12-28,2025,Q1,10-Q,2025-01-31,,us-gaap:NetCashProvidedByUsedInOperatingActivities,operating_cash_flow,29935000000,USD,SEC EDGAR (public companyfacts + submissions JSON),2025-01-31T11:01:27.000Z,True,"first-reported preferred (earliest filed value kept per fiscal period); companyfacts may include later restated values - treated as caveated, never back-dated",availability_datetime from filing acceptance
AAPL,0000320193,2025-03-29,2025,Q2,10-Q,2025-05-02,,us-gaap:NetCashProvidedByUsedInOperatingActivities,operating_cash_flow,53887000000,USD,SEC EDGAR (public companyfacts + submissions JSON),2025-05-02T10:00:46.000Z,True,"first-reported preferred (earliest filed value kept per fiscal period); companyfacts may include later restated values - treated as caveated, never back-dated",availability_datetime from filing acceptance
AAPL,0000320193,2025-06-28,2025,Q3,10-Q,2025-08-01,,us-gaap:NetCashProvidedByUsedInOperatingActivities,operating_cash_flow,81754000000,USD,SEC EDGAR (public companyfacts + submissions JSON),2025-08-01T10:00:42.000Z,True,"first-reported preferred (earliest filed value kept per fiscal period); companyfacts may include later restated values - treated as caveated, never back-dated",availability_datetime from filing acceptance
AAPL,0000320193,2025-09-27,2025,FY,10-K,2025-10-31,CY2025,us-gaap:NetCashProvidedByUsedInOperatingActivities,operating_cash_flow,111482000000,USD,SEC EDGAR (public companyfacts + submissions JSON),2025-10-31T10:01:26.000Z,True,"first-reported preferred (earliest filed value kept per fiscal period); companyfacts may include later restated values - treated as caveated, never back-dated",availability_datetime from filing acceptance
AAPL,0000320193,2025-12-27,2026,Q1,10-Q,2026-01-30,CY2025Q4,us-gaap:NetCashProvidedByUsedInOperatingActivities,operating_cash_flow,53925000000,USD,SEC EDGAR (public companyfacts + submissions JSON),2026-01-30T11:01:32.000Z,True,"first-reported preferred (earliest filed value kept per fiscal period); companyfacts may include later restated values - treated as caveated, never back-dated",availability_datetime from filing acceptance
AAPL,0000320193,2026-03-28,2026,Q2,10-Q,2026-05-01,,us-gaap:NetCashProvidedByUsedInOperatingActivities,operating_cash_flow,82627000000,USD,SEC EDGAR (public companyfacts + submissions JSON),2026-05-01T10:01:00.000Z,True,"first-reported preferred (earliest filed value kept per fiscal period); companyfacts may include later restated values - treated as caveated, never back-dated",availability_datetime from filing acceptance
AAPL,0000320193,2024-06-29,2024,Q3,10-Q,2024-08-02,,us-gaap:PaymentsToAcquirePropertyPlantAndEquipment,capital_expenditures,6539000000,USD,SEC EDGAR (public companyfacts + submissions JSON),2024-08-01T22:03:34.000Z,True,"first-reported preferred (earliest filed value kept per fiscal period); companyfacts may include later restated values - treated as caveated, never back-dated",availability_datetime from filing acceptance
AAPL,0000320193,2024-09-28,2024,FY,10-K,2024-11-01,,us-gaap:PaymentsToAcquirePropertyPlantAndEquipment,capital_expenditures,9447000000,USD,SEC EDGAR (public companyfacts + submissions JSON),2024-11-01T10:01:36.000Z,True,"first-reported preferred (earliest filed value kept per fiscal period); companyfacts may include later restated values - treated as caveated, never back-dated",availability_datetime from filing acceptance
AAPL,0000320193,2024-12-28,2025,Q1,10-Q,2025-01-31,,us-gaap:PaymentsToAcquirePropertyPlantAndEquipment,capital_expenditures,2940000000,USD,SEC EDGAR (public companyfacts + submissions JSON),2025-01-31T11:01:27.000Z,True,"first-reported preferred (earliest filed value kept per fiscal period); companyfacts may include later restated values - treated as caveated, never back-dated",availability_datetime from filing acceptance
AAPL,0000320193,2025-03-29,2025,Q2,10-Q,2025-05-02,,us-gaap:PaymentsToAcquirePropertyPlantAndEquipment,capital_expenditures,6011000000,USD,SEC EDGAR (public companyfacts + submissions JSON),2025-05-02T10:00:46.000Z,True,"first-reported preferred (earliest filed value kept per fiscal period); companyfacts may include later restated values - treated as caveated, never back-dated",availability_datetime from filing acceptance
AAPL,0000320193,2025-06-28,2025,Q3,10-Q,2025-08-01,,us-gaap:PaymentsToAcquirePropertyPlantAndEquipment,capital_expenditures,9473000000,USD,SEC EDGAR (public companyfacts + submissions JSON),2025-08-01T10:00:42.000Z,True,"first-reported preferred (earliest filed value kept per fiscal period); companyfacts may include later restated values - treated as caveated, never back-dated",availability_datetime from filing acceptance
AAPL,0000320193,2025-09-27,2025,FY,10-K,2025-10-31,CY2025,us-gaap:PaymentsToAcquirePropertyPlantAndEquipment,capital_expenditures,12715000000,USD,SEC EDGAR (public companyfacts + submissions JSON),2025-10-31T10:01:26.000Z,True,"first-reported preferred (earliest filed value kept per fiscal period); companyfacts may include later restated values - treated as caveated, never back-dated",availability_datetime from filing acceptance
AAPL,0000320193,2025-12-27,2026,Q1,10-Q,2026-01-30,CY2025Q4,us-gaap:PaymentsToAcquirePropertyPlantAndEquipment,capital_expenditures,2373000000,USD,SEC EDGAR (public companyfacts + submissions JSON),2026-01-30T11:01:32.000Z,True,"first-reported preferred (earliest filed value kept per fiscal period); companyfacts may include later restated values - treated as caveated, never back-dated",availability_datetime from filing acceptance
AAPL,0000320193,2026-03-28,2026,Q2,10-Q,2026-05-01,,us-gaap:PaymentsToAcquirePropertyPlantAndEquipment,capital_expenditures,4344000000,USD,SEC EDGAR (public companyfacts + submissions JSON),2026-05-01T10:01:00.000Z,True,"first-reported preferred (earliest filed value kept per fiscal period); companyfacts may include later restated values - treated as caveated, never back-dated",availability_datetime from filing acceptance
AAPL,0000320193,2024-06-29,2024,Q3,10-Q,,,derived:NetCashProvidedByUsedInOperatingActivities-PaymentsToAcquirePropertyPlantAndEquipment,free_cash_flow,84904000000,USD,SEC EDGAR (public companyfacts + submissions JSON),2024-08-01T22:03:34.000Z,True,"first-reported preferred (earliest filed value kept per fiscal period); companyfacts may include later restated values - treated as caveated, never back-dated",derived = operating_cash_flow - capital_expenditures; availability is the later of the two inputs
AAPL,0000320193,2024-09-28,2024,FY,10-K,,,derived:NetCashProvidedByUsedInOperatingActivities-PaymentsToAcquirePropertyPlantAndEquipment,free_cash_flow,108807000000,USD,SEC EDGAR (public companyfacts + submissions JSON),2024-11-01T10:01:36.000Z,True,"first-reported preferred (earliest filed value kept per fiscal period); companyfacts may include later restated values - treated as caveated, never back-dated",derived = operating_cash_flow - capital_expenditures; availability is the later of the two inputs
AAPL,0000320193,2024-12-28,2025,Q1,10-Q,,,derived:NetCashProvidedByUsedInOperatingActivities-PaymentsToAcquirePropertyPlantAndEquipment,free_cash_flow,26995000000,USD,SEC EDGAR (public companyfacts + submissions JSON),2025-01-31T11:01:27.000Z,True,"first-reported preferred (earliest filed value kept per fiscal period); companyfacts may include later restated values - treated as caveated, never back-dated",derived = operating_cash_flow - capital_expenditures; availability is the later of the two inputs
AAPL,0000320193,2025-03-29,2025,Q2,10-Q,,,derived:NetCashProvidedByUsedInOperatingActivities-PaymentsToAcquirePropertyPlantAndEquipment,free_cash_flow,47876000000,USD,SEC EDGAR (public companyfacts + submissions JSON),2025-05-02T10:00:46.000Z,True,"first-reported preferred (earliest filed value kept per fiscal period); companyfacts may include later restated values - treated as caveated, never back-dated",derived = operating_cash_flow - capital_expenditures; availability is the later of the two inputs
AAPL,0000320193,2025-06-28,2025,Q3,10-Q,,,derived:NetCashProvidedByUsedInOperatingActivities-PaymentsToAcquirePropertyPlantAndEquipment,free_cash_flow,72281000000,USD,SEC EDGAR (public companyfacts + submissions JSON),2025-08-01T10:00:42.000Z,True,"first-reported preferred (earliest filed value kept per fiscal period); companyfacts may include later restated values - treated as caveated, never back-dated",derived = operating_cash_flow - capital_expenditures; availability is the later of the two inputs
AAPL,0000320193,2025-09-27,2025,FY,10-K,,,derived:NetCashProvidedByUsedInOperatingActivities-PaymentsToAcquirePropertyPlantAndEquipment,free_cash_flow,98767000000,USD,SEC EDGAR (public companyfacts + submissions JSON),2025-10-31T10:01:26.000Z,True,"first-reported preferred (earliest filed value kept per fiscal period); companyfacts may include later restated values - treated as caveated, never back-dated",derived = operating_cash_flow - capital_expenditures; availability is the later of the two inputs
AAPL,0000320193,2025-12-27,2026,Q1,10-Q,,,derived:NetCashProvidedByUsedInOperatingActivities-PaymentsToAcquirePropertyPlantAndEquipment,free_cash_flow,51552000000,USD,SEC EDGAR (public companyfacts + submissions JSON),2026-01-30T11:01:32.000Z,True,"first-reported preferred (earliest filed value kept per fiscal period); companyfacts may include later restated values - treated as caveated, never back-dated",derived = operating_cash_flow - capital_expenditures; availability is the later of the two inputs
AAPL,0000320193,2026-03-28,2026,Q2,10-Q,,,derived:NetCashProvidedByUsedInOperatingActivities-PaymentsToAcquirePropertyPlantAndEquipment,free_cash_flow,78283000000,USD,SEC EDGAR (public companyfacts + submissions JSON),2026-05-01T10:01:00.000Z,True,"first-reported preferred (earliest filed value kept per fiscal period); companyfacts may include later restated values - treated as caveated, never back-dated",derived = operating_cash_flow - capital_expenditures; availability is the later of the two inputs
MSFT,0000789019,2009-09-30,2011,Q1,10-Q,2010-10-28,CY2009Q3,us-gaap:Revenues,revenue,12920000000,USD,SEC EDGAR (public companyfacts + submissions JSON),2010-10-28,True,"first-reported preferred (earliest filed value kept per fiscal period); companyfacts may include later restated values - treated as caveated, never back-dated",conservative: filed date used as availability_datetime
MSFT,0000789019,2009-12-31,2010,FY,10-K,2010-07-30,,us-gaap:Revenues,revenue,19022000000,USD,SEC EDGAR (public companyfacts + submissions JSON),2010-07-30,True,"first-reported preferred (earliest filed value kept per fiscal period); companyfacts may include later restated values - treated as caveated, never back-dated",conservative: filed date used as availability_datetime
MSFT,0000789019,2009-12-31,2011,Q2,10-Q,2011-01-27,,us-gaap:Revenues,revenue,31942000000,USD,SEC EDGAR (public companyfacts + submissions JSON),2011-01-27,True,"first-reported preferred (earliest filed value kept per fiscal period); companyfacts may include later restated values - treated as caveated, never back-dated",conservative: filed date used as availability_datetime
MSFT,0000789019,2010-03-31,2010,Q3,10-Q,2010-04-22,,us-gaap:Revenues,revenue,46445000000,USD,SEC EDGAR (public companyfacts + submissions JSON),2010-04-22,True,"first-reported preferred (earliest filed value kept per fiscal period); companyfacts may include later restated values - treated as caveated, never back-dated",conservative: filed date used as availability_datetime
MSFT,0000789019,2010-03-31,2010,FY,10-K,2010-07-30,CY2010Q1,us-gaap:Revenues,revenue,14503000000,USD,SEC EDGAR (public companyfacts + submissions JSON),2010-07-30,True,"first-reported preferred (earliest filed value kept per fiscal period); companyfacts may include later restated values - treated as caveated, never back-dated",conservative: filed date used as availability_datetime
MSFT,0000789019,2010-06-30,2010,FY,10-K,2010-07-30,CY2010,us-gaap:Revenues,revenue,62484000000,USD,SEC EDGAR (public companyfacts + submissions JSON),2010-07-30,True,"first-reported preferred (earliest filed value kept per fiscal period); companyfacts may include later restated values - treated as caveated, never back-dated",conservative: filed date used as availability_datetime
MSFT,0000789019,2010-09-30,2011,Q1,10-Q,2010-10-28,CY2010Q3,us-gaap:Revenues,revenue,16195000000,USD,SEC EDGAR (public companyfacts + submissions JSON),2010-10-28,True,"first-reported preferred (earliest filed value kept per fiscal period); companyfacts may include later restated values - treated as caveated, never back-dated",conservative: filed date used as availability_datetime
MSFT,0000789019,2010-12-31,2011,Q2,10-Q,2011-01-27,,us-gaap:Revenues,revenue,36148000000,USD,SEC EDGAR (public companyfacts + submissions JSON),2011-01-27,True,"first-reported preferred (earliest filed value kept per fiscal period); companyfacts may include later restated values - treated as caveated, never back-dated",conservative: filed date used as availability_datetime
MSFT,0000789019,2024-06-30,2024,FY,10-K,2024-07-30,,us-gaap:NetIncomeLoss,net_income,88136000000,USD,SEC EDGAR (public companyfacts + submissions JSON),2024-07-30T20:06:22.000Z,True,"first-reported preferred (earliest filed value kept per fiscal period); companyfacts may include later restated values - treated as caveated, never back-dated",availability_datetime from filing acceptance
MSFT,0000789019,2024-09-30,2025,Q1,10-Q,2024-10-30,,us-gaap:NetIncomeLoss,net_income,24667000000,USD,SEC EDGAR (public companyfacts + submissions JSON),2024-10-30T20:07:17.000Z,True,"first-reported preferred (earliest filed value kept per fiscal period); companyfacts may include later restated values - treated as caveated, never back-dated",availability_datetime from filing acceptance
MSFT,0000789019,2024-12-31,2025,Q2,10-Q,2025-01-29,,us-gaap:NetIncomeLoss,net_income,48775000000,USD,SEC EDGAR (public companyfacts + submissions JSON),2025-01-29T21:11:54.000Z,True,"first-reported preferred (earliest filed value kept per fiscal period); companyfacts may include later restated values - treated as caveated, never back-dated",availability_datetime from filing acceptance
MSFT,0000789019,2025-03-31,2025,Q3,10-Q,2025-04-30,,us-gaap:NetIncomeLoss,net_income,74599000000,USD,SEC EDGAR (public companyfacts + submissions JSON),2025-04-30T20:08:52.000Z,True,"first-reported preferred (earliest filed value kept per fiscal period); companyfacts may include later restated values - treated as caveated, never back-dated",availability_datetime from filing acceptance
MSFT,0000789019,2025-06-30,2025,FY,10-K,2025-07-30,CY2025,us-gaap:NetIncomeLoss,net_income,101832000000,USD,SEC EDGAR (public companyfacts + submissions JSON),2025-07-30T20:11:40.000Z,True,"first-reported preferred (earliest filed value kept per fiscal period); companyfacts may include later restated values - treated as caveated, never back-dated",availability_datetime from filing acceptance
MSFT,0000789019,2025-09-30,2026,Q1,10-Q,2025-10-29,CY2025Q3,us-gaap:NetIncomeLoss,net_income,27747000000,USD,SEC EDGAR (public companyfacts + submissions JSON),2025-10-29T20:10:48.000Z,True,"first-reported preferred (earliest filed value kept per fiscal period); companyfacts may include later restated values - treated as caveated, never back-dated",availability_datetime from filing acceptance
MSFT,0000789019,2025-12-31,2026,Q2,10-Q,2026-01-28,,us-gaap:NetIncomeLoss,net_income,66205000000,USD,SEC EDGAR (public companyfacts + submissions JSON),2026-01-28T21:07:34.000Z,True,"first-reported preferred (earliest filed value kept per fiscal period); companyfacts may include later restated values - treated as caveated, never back-dated",availability_datetime from filing acceptance
MSFT,0000789019,2026-03-31,2026,Q3,10-Q,2026-04-29,,us-gaap:NetIncomeLoss,net_income,97983000000,USD,SEC EDGAR (public companyfacts + submissions JSON),2026-04-29T20:06:24.000Z,True,"first-reported preferred (earliest filed value kept per fiscal period); companyfacts may include later restated values - treated as caveated, never back-dated",availability_datetime from filing acceptance
MSFT,0000789019,2024-06-30,2024,FY,10-K,2024-07-30,,us-gaap:OperatingIncomeLoss,operating_income,109433000000,USD,SEC EDGAR (public companyfacts + submissions JSON),2024-07-30T20:06:22.000Z,True,"first-reported preferred (earliest filed value kept per fiscal period); companyfacts may include later restated values - treated as caveated, never back-dated",availability_datetime from filing acceptance
MSFT,0000789019,2024-09-30,2025,Q1,10-Q,2024-10-30,,us-gaap:OperatingIncomeLoss,operating_income,30552000000,USD,SEC EDGAR (public companyfacts + submissions JSON),2024-10-30T20:07:17.000Z,True,"first-reported preferred (earliest filed value kept per fiscal period); companyfacts may include later restated values - treated as caveated, never back-dated",availability_datetime from filing acceptance
MSFT,0000789019,2024-12-31,2025,Q2,10-Q,2025-01-29,,us-gaap:OperatingIncomeLoss,operating_income,62205000000,USD,SEC EDGAR (public companyfacts + submissions JSON),2025-01-29T21:11:54.000Z,True,"first-reported preferred (earliest filed value kept per fiscal period); companyfacts may include later restated values - treated as caveated, never back-dated",availability_datetime from filing acceptance
MSFT,0000789019,2025-03-31,2025,Q3,10-Q,2025-04-30,,us-gaap:OperatingIncomeLoss,operating_income,94205000000,USD,SEC EDGAR (public companyfacts + submissions JSON),2025-04-30T20:08:52.000Z,True,"first-reported preferred (earliest filed value kept per fiscal period); companyfacts may include later restated values - treated as caveated, never back-dated",availability_datetime from filing acceptance
MSFT,0000789019,2025-06-30,2025,FY,10-K,2025-07-30,CY2025,us-gaap:OperatingIncomeLoss,operating_income,128528000000,USD,SEC EDGAR (public companyfacts + submissions JSON),2025-07-30T20:11:40.000Z,True,"first-reported preferred (earliest filed value kept per fiscal period); companyfacts may include later restated values - treated as caveated, never back-dated",availability_datetime from filing acceptance
MSFT,0000789019,2025-09-30,2026,Q1,10-Q,2025-10-29,CY2025Q3,us-gaap:OperatingIncomeLoss,operating_income,37961000000,USD,SEC EDGAR (public companyfacts + submissions JSON),2025-10-29T20:10:48.000Z,True,"first-reported preferred (earliest filed value kept per fiscal period); companyfacts may include later restated values - treated as caveated, never back-dated",availability_datetime from filing acceptance
MSFT,0000789019,2025-12-31,2026,Q2,10-Q,2026-01-28,,us-gaap:OperatingIncomeLoss,operating_income,76236000000,USD,SEC EDGAR (public companyfacts + submissions JSON),2026-01-28T21:07:34.000Z,True,"first-reported preferred (earliest filed value kept per fiscal period); companyfacts may include later restated values - treated as caveated, never back-dated",availability_datetime from filing acceptance
MSFT,0000789019,2026-03-31,2026,Q3,10-Q,2026-04-29,,us-gaap:OperatingIncomeLoss,operating_income,114634000000,USD,SEC EDGAR (public companyfacts + submissions JSON),2026-04-29T20:06:24.000Z,True,"first-reported preferred (earliest filed value kept per fiscal period); companyfacts may include later restated values - treated as caveated, never back-dated",availability_datetime from filing acceptance
MSFT,0000789019,2024-06-30,2024,FY,10-K,2024-07-30,,us-gaap:EarningsPerShareDiluted,eps_diluted,11.8,USD/shares,SEC EDGAR (public companyfacts + submissions JSON),2024-07-30T20:06:22.000Z,True,"first-reported preferred (earliest filed value kept per fiscal period); companyfacts may include later restated values - treated as caveated, never back-dated",availability_datetime from filing acceptance
MSFT,0000789019,2024-09-30,2025,Q1,10-Q,2024-10-30,,us-gaap:EarningsPerShareDiluted,eps_diluted,3.3,USD/shares,SEC EDGAR (public companyfacts + submissions JSON),2024-10-30T20:07:17.000Z,True,"first-reported preferred (earliest filed value kept per fiscal period); companyfacts may include later restated values - treated as caveated, never back-dated",availability_datetime from filing acceptance
MSFT,0000789019,2024-12-31,2025,Q2,10-Q,2025-01-29,,us-gaap:EarningsPerShareDiluted,eps_diluted,6.53,USD/shares,SEC EDGAR (public companyfacts + submissions JSON),2025-01-29T21:11:54.000Z,True,"first-reported preferred (earliest filed value kept per fiscal period); companyfacts may include later restated values - treated as caveated, never back-dated",availability_datetime from filing acceptance
MSFT,0000789019,2025-03-31,2025,Q3,10-Q,2025-04-30,,us-gaap:EarningsPerShareDiluted,eps_diluted,9.99,USD/shares,SEC EDGAR (public companyfacts + submissions JSON),2025-04-30T20:08:52.000Z,True,"first-reported preferred (earliest filed value kept per fiscal period); companyfacts may include later restated values - treated as caveated, never back-dated",availability_datetime from filing acceptance
MSFT,0000789019,2025-06-30,2025,FY,10-K,2025-07-30,CY2025,us-gaap:EarningsPerShareDiluted,eps_diluted,13.64,USD/shares,SEC EDGAR (public companyfacts + submissions JSON),2025-07-30T20:11:40.000Z,True,"first-reported preferred (earliest filed value kept per fiscal period); companyfacts may include later restated values - treated as caveated, never back-dated",availability_datetime from filing acceptance
MSFT,0000789019,2025-09-30,2026,Q1,10-Q,2025-10-29,CY2025Q3,us-gaap:EarningsPerShareDiluted,eps_diluted,3.72,USD/shares,SEC EDGAR (public companyfacts + submissions JSON),2025-10-29T20:10:48.000Z,True,"first-reported preferred (earliest filed value kept per fiscal period); companyfacts may include later restated values - treated as caveated, never back-dated",availability_datetime from filing acceptance
MSFT,0000789019,2025-12-31,2026,Q2,10-Q,2026-01-28,,us-gaap:EarningsPerShareDiluted,eps_diluted,8.87,USD/shares,SEC EDGAR (public companyfacts + submissions JSON),2026-01-28T21:07:34.000Z,True,"first-reported preferred (earliest filed value kept per fiscal period); companyfacts may include later restated values - treated as caveated, never back-dated",availability_datetime from filing acceptance
MSFT,0000789019,2026-03-31,2026,Q3,10-Q,2026-04-29,,us-gaap:EarningsPerShareDiluted,eps_diluted,13.14,USD/shares,SEC EDGAR (public companyfacts + submissions JSON),2026-04-29T20:06:24.000Z,True,"first-reported preferred (earliest filed value kept per fiscal period); companyfacts may include later restated values - treated as caveated, never back-dated",availability_datetime from filing acceptance
MSFT,0000789019,2025-03-31,2025,Q3,10-Q,2025-04-30,CY2025Q1I,us-gaap:Assets,total_assets,562624000000,USD,SEC EDGAR (public companyfacts + submissions JSON),2025-04-30T20:08:52.000Z,True,"first-reported preferred (earliest filed value kept per fiscal period); companyfacts may include later restated values - treated as caveated, never back-dated",availability_datetime from filing acceptance
MSFT,0000789019,2025-06-30,2025,FY,10-K,2025-07-30,,us-gaap:Assets,total_assets,619003000000,USD,SEC EDGAR (public companyfacts + submissions JSON),2025-07-30T20:11:40.000Z,True,"first-reported preferred (earliest filed value kept per fiscal period); companyfacts may include later restated values - treated as caveated, never back-dated",availability_datetime from filing acceptance
MSFT,0000789019,2025-06-30,2026,Q1,10-Q,2025-10-29,,us-gaap:Assets,total_assets,619003000000,USD,SEC EDGAR (public companyfacts + submissions JSON),2025-10-29T20:10:48.000Z,True,"first-reported preferred (earliest filed value kept per fiscal period); companyfacts may include later restated values - treated as caveated, never back-dated",availability_datetime from filing acceptance
MSFT,0000789019,2025-06-30,2026,Q2,10-Q,2026-01-28,,us-gaap:Assets,total_assets,619003000000,USD,SEC EDGAR (public companyfacts + submissions JSON),2026-01-28T21:07:34.000Z,True,"first-reported preferred (earliest filed value kept per fiscal period); companyfacts may include later restated values - treated as caveated, never back-dated",availability_datetime from filing acceptance
MSFT,0000789019,2025-06-30,2026,Q3,10-Q,2026-04-29,CY2025Q2I,us-gaap:Assets,total_assets,619003000000,USD,SEC EDGAR (public companyfacts + submissions JSON),2026-04-29T20:06:24.000Z,True,"first-reported preferred (earliest filed value kept per fiscal period); companyfacts may include later restated values - treated as caveated, never back-dated",availability_datetime from filing acceptance
MSFT,0000789019,2025-09-30,2026,Q1,10-Q,2025-10-29,CY2025Q3I,us-gaap:Assets,total_assets,636351000000,USD,SEC EDGAR (public companyfacts + submissions JSON),2025-10-29T20:10:48.000Z,True,"first-reported preferred (earliest filed value kept per fiscal period); companyfacts may include later restated values - treated as caveated, never back-dated",availability_datetime from filing acceptance
MSFT,0000789019,2025-12-31,2026,Q2,10-Q,2026-01-28,CY2025Q4I,us-gaap:Assets,total_assets,665302000000,USD,SEC EDGAR (public companyfacts + submissions JSON),2026-01-28T21:07:34.000Z,True,"first-reported preferred (earliest filed value kept per fiscal period); companyfacts may include later restated values - treated as caveated, never back-dated",availability_datetime from filing acceptance
MSFT,0000789019,2026-03-31,2026,Q3,10-Q,2026-04-29,CY2026Q1I,us-gaap:Assets,total_assets,694228000000,USD,SEC EDGAR (public companyfacts + submissions JSON),2026-04-29T20:06:24.000Z,True,"first-reported preferred (earliest filed value kept per fiscal period); companyfacts may include later restated values - treated as caveated, never back-dated",availability_datetime from filing acceptance
MSFT,0000789019,2025-03-31,2025,Q3,10-Q,2025-04-30,CY2025Q1I,us-gaap:Liabilities,total_liabilities,240733000000,USD,SEC EDGAR (public companyfacts + submissions JSON),2025-04-30T20:08:52.000Z,True,"first-reported preferred (earliest filed value kept per fiscal period); companyfacts may include later restated values - treated as caveated, never back-dated",availability_datetime from filing acceptance
MSFT,0000789019,2025-06-30,2025,FY,10-K,2025-07-30,,us-gaap:Liabilities,total_liabilities,275524000000,USD,SEC EDGAR (public companyfacts + submissions JSON),2025-07-30T20:11:40.000Z,True,"first-reported preferred (earliest filed value kept per fiscal period); companyfacts may include later restated values - treated as caveated, never back-dated",availability_datetime from filing acceptance
MSFT,0000789019,2025-06-30,2026,Q1,10-Q,2025-10-29,,us-gaap:Liabilities,total_liabilities,275524000000,USD,SEC EDGAR (public companyfacts + submissions JSON),2025-10-29T20:10:48.000Z,True,"first-reported preferred (earliest filed value kept per fiscal period); companyfacts may include later restated values - treated as caveated, never back-dated",availability_datetime from filing acceptance
MSFT,0000789019,2025-06-30,2026,Q2,10-Q,2026-01-28,,us-gaap:Liabilities,total_liabilities,275524000000,USD,SEC EDGAR (public companyfacts + submissions JSON),2026-01-28T21:07:34.000Z,True,"first-reported preferred (earliest filed value kept per fiscal period); companyfacts may include later restated values - treated as caveated, never back-dated",availability_datetime from filing acceptance
MSFT,0000789019,2025-06-30,2026,Q3,10-Q,2026-04-29,CY2025Q2I,us-gaap:Liabilities,total_liabilities,275524000000,USD,SEC EDGAR (public companyfacts + submissions JSON),2026-04-29T20:06:24.000Z,True,"first-reported preferred (earliest filed value kept per fiscal period); companyfacts may include later restated values - treated as caveated, never back-dated",availability_datetime from filing acceptance
MSFT,0000789019,2025-09-30,2026,Q1,10-Q,2025-10-29,CY2025Q3I,us-gaap:Liabilities,total_liabilities,273275000000,USD,SEC EDGAR (public companyfacts + submissions JSON),2025-10-29T20:10:48.000Z,True,"first-reported preferred (earliest filed value kept per fiscal period); companyfacts may include later restated values - treated as caveated, never back-dated",availability_datetime from filing acceptance
MSFT,0000789019,2025-12-31,2026,Q2,10-Q,2026-01-28,CY2025Q4I,us-gaap:Liabilities,total_liabilities,274427000000,USD,SEC EDGAR (public companyfacts + submissions JSON),2026-01-28T21:07:34.000Z,True,"first-reported preferred (earliest filed value kept per fiscal period); companyfacts may include later restated values - treated as caveated, never back-dated",availability_datetime from filing acceptance
MSFT,0000789019,2026-03-31,2026,Q3,10-Q,2026-04-29,CY2026Q1I,us-gaap:Liabilities,total_liabilities,279861000000,USD,SEC EDGAR (public companyfacts + submissions JSON),2026-04-29T20:06:24.000Z,True,"first-reported preferred (earliest filed value kept per fiscal period); companyfacts may include later restated values - treated as caveated, never back-dated",availability_datetime from filing acceptance
MSFT,0000789019,2025-03-31,2025,Q3,10-Q,2025-04-30,,us-gaap:StockholdersEquity,shareholder_equity,321891000000,USD,SEC EDGAR (public companyfacts + submissions JSON),2025-04-30T20:08:52.000Z,True,"first-reported preferred (earliest filed value kept per fiscal period); companyfacts may include later restated values - treated as caveated, never back-dated",availability_datetime from filing acceptance
MSFT,0000789019,2025-06-30,2025,FY,10-K,2025-07-30,,us-gaap:StockholdersEquity,shareholder_equity,343479000000,USD,SEC EDGAR (public companyfacts + submissions JSON),2025-07-30T20:11:40.000Z,True,"first-reported preferred (earliest filed value kept per fiscal period); companyfacts may include later restated values - treated as caveated, never back-dated",availability_datetime from filing acceptance
MSFT,0000789019,2025-06-30,2026,Q1,10-Q,2025-10-29,,us-gaap:StockholdersEquity,shareholder_equity,343479000000,USD,SEC EDGAR (public companyfacts + submissions JSON),2025-10-29T20:10:48.000Z,True,"first-reported preferred (earliest filed value kept per fiscal period); companyfacts may include later restated values - treated as caveated, never back-dated",availability_datetime from filing acceptance
MSFT,0000789019,2025-06-30,2026,Q2,10-Q,2026-01-28,,us-gaap:StockholdersEquity,shareholder_equity,343479000000,USD,SEC EDGAR (public companyfacts + submissions JSON),2026-01-28T21:07:34.000Z,True,"first-reported preferred (earliest filed value kept per fiscal period); companyfacts may include later restated values - treated as caveated, never back-dated",availability_datetime from filing acceptance
MSFT,0000789019,2025-06-30,2026,Q3,10-Q,2026-04-29,CY2025Q2I,us-gaap:StockholdersEquity,shareholder_equity,343479000000,USD,SEC EDGAR (public companyfacts + submissions JSON),2026-04-29T20:06:24.000Z,True,"first-reported preferred (earliest filed value kept per fiscal period); companyfacts may include later restated values - treated as caveated, never back-dated",availability_datetime from filing acceptance
MSFT,0000789019,2025-09-30,2026,Q1,10-Q,2025-10-29,CY2025Q3I,us-gaap:StockholdersEquity,shareholder_equity,363076000000,USD,SEC EDGAR (public companyfacts + submissions JSON),2025-10-29T20:10:48.000Z,True,"first-reported preferred (earliest filed value kept per fiscal period); companyfacts may include later restated values - treated as caveated, never back-dated",availability_datetime from filing acceptance
MSFT,0000789019,2025-12-31,2026,Q2,10-Q,2026-01-28,CY2025Q4I,us-gaap:StockholdersEquity,shareholder_equity,390875000000,USD,SEC EDGAR (public companyfacts + submissions JSON),2026-01-28T21:07:34.000Z,True,"first-reported preferred (earliest filed value kept per fiscal period); companyfacts may include later restated values - treated as caveated, never back-dated",availability_datetime from filing acceptance
MSFT,0000789019,2026-03-31,2026,Q3,10-Q,2026-04-29,CY2026Q1I,us-gaap:StockholdersEquity,shareholder_equity,414367000000,USD,SEC EDGAR (public companyfacts + submissions JSON),2026-04-29T20:06:24.000Z,True,"first-reported preferred (earliest filed value kept per fiscal period); companyfacts may include later restated values - treated as caveated, never back-dated",availability_datetime from filing acceptance
MSFT,0000789019,2024-06-30,2024,FY,10-K,2024-07-30,,us-gaap:NetCashProvidedByUsedInOperatingActivities,operating_cash_flow,118548000000,USD,SEC EDGAR (public companyfacts + submissions JSON),2024-07-30T20:06:22.000Z,True,"first-reported preferred (earliest filed value kept per fiscal period); companyfacts may include later restated values - treated as caveated, never back-dated",availability_datetime from filing acceptance
MSFT,0000789019,2024-09-30,2025,Q1,10-Q,2024-10-30,,us-gaap:NetCashProvidedByUsedInOperatingActivities,operating_cash_flow,34180000000,USD,SEC EDGAR (public companyfacts + submissions JSON),2024-10-30T20:07:17.000Z,True,"first-reported preferred (earliest filed value kept per fiscal period); companyfacts may include later restated values - treated as caveated, never back-dated",availability_datetime from filing acceptance
MSFT,0000789019,2024-12-31,2025,Q2,10-Q,2025-01-29,,us-gaap:NetCashProvidedByUsedInOperatingActivities,operating_cash_flow,56471000000,USD,SEC EDGAR (public companyfacts + submissions JSON),2025-01-29T21:11:54.000Z,True,"first-reported preferred (earliest filed value kept per fiscal period); companyfacts may include later restated values - treated as caveated, never back-dated",availability_datetime from filing acceptance
MSFT,0000789019,2025-03-31,2025,Q3,10-Q,2025-04-30,,us-gaap:NetCashProvidedByUsedInOperatingActivities,operating_cash_flow,93515000000,USD,SEC EDGAR (public companyfacts + submissions JSON),2025-04-30T20:08:52.000Z,True,"first-reported preferred (earliest filed value kept per fiscal period); companyfacts may include later restated values - treated as caveated, never back-dated",availability_datetime from filing acceptance
MSFT,0000789019,2025-06-30,2025,FY,10-K,2025-07-30,CY2025,us-gaap:NetCashProvidedByUsedInOperatingActivities,operating_cash_flow,136162000000,USD,SEC EDGAR (public companyfacts + submissions JSON),2025-07-30T20:11:40.000Z,True,"first-reported preferred (earliest filed value kept per fiscal period); companyfacts may include later restated values - treated as caveated, never back-dated",availability_datetime from filing acceptance
MSFT,0000789019,2025-09-30,2026,Q1,10-Q,2025-10-29,CY2025Q3,us-gaap:NetCashProvidedByUsedInOperatingActivities,operating_cash_flow,45057000000,USD,SEC EDGAR (public companyfacts + submissions JSON),2025-10-29T20:10:48.000Z,True,"first-reported preferred (earliest filed value kept per fiscal period); companyfacts may include later restated values - treated as caveated, never back-dated",availability_datetime from filing acceptance
MSFT,0000789019,2025-12-31,2026,Q2,10-Q,2026-01-28,,us-gaap:NetCashProvidedByUsedInOperatingActivities,operating_cash_flow,80815000000,USD,SEC EDGAR (public companyfacts + submissions JSON),2026-01-28T21:07:34.000Z,True,"first-reported preferred (earliest filed value kept per fiscal period); companyfacts may include later restated values - treated as caveated, never back-dated",availability_datetime from filing acceptance
MSFT,0000789019,2026-03-31,2026,Q3,10-Q,2026-04-29,,us-gaap:NetCashProvidedByUsedInOperatingActivities,operating_cash_flow,127494000000,USD,SEC EDGAR (public companyfacts + submissions JSON),2026-04-29T20:06:24.000Z,True,"first-reported preferred (earliest filed value kept per fiscal period); companyfacts may include later restated values - treated as caveated, never back-dated",availability_datetime from filing acceptance
MSFT,0000789019,2024-06-30,2024,FY,10-K,2024-07-30,,us-gaap:PaymentsToAcquirePropertyPlantAndEquipment,capital_expenditures,44477000000,USD,SEC EDGAR (public companyfacts + submissions JSON),2024-07-30T20:06:22.000Z,True,"first-reported preferred (earliest filed value kept per fiscal period); companyfacts may include later restated values - treated as caveated, never back-dated",availability_datetime from filing acceptance
MSFT,0000789019,2024-09-30,2025,Q1,10-Q,2024-10-30,,us-gaap:PaymentsToAcquirePropertyPlantAndEquipment,capital_expenditures,14923000000,USD,SEC EDGAR (public companyfacts + submissions JSON),2024-10-30T20:07:17.000Z,True,"first-reported preferred (earliest filed value kept per fiscal period); companyfacts may include later restated values - treated as caveated, never back-dated",availability_datetime from filing acceptance
MSFT,0000789019,2024-12-31,2025,Q2,10-Q,2025-01-29,,us-gaap:PaymentsToAcquirePropertyPlantAndEquipment,capital_expenditures,30727000000,USD,SEC EDGAR (public companyfacts + submissions JSON),2025-01-29T21:11:54.000Z,True,"first-reported preferred (earliest filed value kept per fiscal period); companyfacts may include later restated values - treated as caveated, never back-dated",availability_datetime from filing acceptance
MSFT,0000789019,2025-03-31,2025,Q3,10-Q,2025-04-30,,us-gaap:PaymentsToAcquirePropertyPlantAndEquipment,capital_expenditures,47472000000,USD,SEC EDGAR (public companyfacts + submissions JSON),2025-04-30T20:08:52.000Z,True,"first-reported preferred (earliest filed value kept per fiscal period); companyfacts may include later restated values - treated as caveated, never back-dated",availability_datetime from filing acceptance
MSFT,0000789019,2025-06-30,2025,FY,10-K,2025-07-30,CY2025,us-gaap:PaymentsToAcquirePropertyPlantAndEquipment,capital_expenditures,64551000000,USD,SEC EDGAR (public companyfacts + submissions JSON),2025-07-30T20:11:40.000Z,True,"first-reported preferred (earliest filed value kept per fiscal period); companyfacts may include later restated values - treated as caveated, never back-dated",availability_datetime from filing acceptance
MSFT,0000789019,2025-09-30,2026,Q1,10-Q,2025-10-29,CY2025Q3,us-gaap:PaymentsToAcquirePropertyPlantAndEquipment,capital_expenditures,19394000000,USD,SEC EDGAR (public companyfacts + submissions JSON),2025-10-29T20:10:48.000Z,True,"first-reported preferred (earliest filed value kept per fiscal period); companyfacts may include later restated values - treated as caveated, never back-dated",availability_datetime from filing acceptance
MSFT,0000789019,2025-12-31,2026,Q2,10-Q,2026-01-28,,us-gaap:PaymentsToAcquirePropertyPlantAndEquipment,capital_expenditures,49270000000,USD,SEC EDGAR (public companyfacts + submissions JSON),2026-01-28T21:07:34.000Z,True,"first-reported preferred (earliest filed value kept per fiscal period); companyfacts may include later restated values - treated as caveated, never back-dated",availability_datetime from filing acceptance
MSFT,0000789019,2026-03-31,2026,Q3,10-Q,2026-04-29,,us-gaap:PaymentsToAcquirePropertyPlantAndEquipment,capital_expenditures,80146000000,USD,SEC EDGAR (public companyfacts + submissions JSON),2026-04-29T20:06:24.000Z,True,"first-reported preferred (earliest filed value kept per fiscal period); companyfacts may include later restated values - treated as caveated, never back-dated",availability_datetime from filing acceptance
MSFT,0000789019,2024-06-30,2024,FY,10-K,,,derived:NetCashProvidedByUsedInOperatingActivities-PaymentsToAcquirePropertyPlantAndEquipment,free_cash_flow,74071000000,USD,SEC EDGAR (public companyfacts + submissions JSON),2024-07-30T20:06:22.000Z,True,"first-reported preferred (earliest filed value kept per fiscal period); companyfacts may include later restated values - treated as caveated, never back-dated",derived = operating_cash_flow - capital_expenditures; availability is the later of the two inputs
MSFT,0000789019,2024-09-30,2025,Q1,10-Q,,,derived:NetCashProvidedByUsedInOperatingActivities-PaymentsToAcquirePropertyPlantAndEquipment,free_cash_flow,19257000000,USD,SEC EDGAR (public companyfacts + submissions JSON),2024-10-30T20:07:17.000Z,True,"first-reported preferred (earliest filed value kept per fiscal period); companyfacts may include later restated values - treated as caveated, never back-dated",derived = operating_cash_flow - capital_expenditures; availability is the later of the two inputs
MSFT,0000789019,2024-12-31,2025,Q2,10-Q,,,derived:NetCashProvidedByUsedInOperatingActivities-PaymentsToAcquirePropertyPlantAndEquipment,free_cash_flow,25744000000,USD,SEC EDGAR (public companyfacts + submissions JSON),2025-01-29T21:11:54.000Z,True,"first-reported preferred (earliest filed value kept per fiscal period); companyfacts may include later restated values - treated as caveated, never back-dated",derived = operating_cash_flow - capital_expenditures; availability is the later of the two inputs
MSFT,0000789019,2025-03-31,2025,Q3,10-Q,,,derived:NetCashProvidedByUsedInOperatingActivities-PaymentsToAcquirePropertyPlantAndEquipment,free_cash_flow,46043000000,USD,SEC EDGAR (public companyfacts + submissions JSON),2025-04-30T20:08:52.000Z,True,"first-reported preferred (earliest filed value kept per fiscal period); companyfacts may include later restated values - treated as caveated, never back-dated",derived = operating_cash_flow - capital_expenditures; availability is the later of the two inputs
MSFT,0000789019,2025-06-30,2025,FY,10-K,,,derived:NetCashProvidedByUsedInOperatingActivities-PaymentsToAcquirePropertyPlantAndEquipment,free_cash_flow,71611000000,USD,SEC EDGAR (public companyfacts + submissions JSON),2025-07-30T20:11:40.000Z,True,"first-reported preferred (earliest filed value kept per fiscal period); companyfacts may include later restated values - treated as caveated, never back-dated",derived = operating_cash_flow - capital_expenditures; availability is the later of the two inputs
MSFT,0000789019,2025-09-30,2026,Q1,10-Q,,,derived:NetCashProvidedByUsedInOperatingActivities-PaymentsToAcquirePropertyPlantAndEquipment,free_cash_flow,25663000000,USD,SEC EDGAR (public companyfacts + submissions JSON),2025-10-29T20:10:48.000Z,True,"first-reported preferred (earliest filed value kept per fiscal period); companyfacts may include later restated values - treated as caveated, never back-dated",derived = operating_cash_flow - capital_expenditures; availability is the later of the two inputs
MSFT,0000789019,2025-12-31,2026,Q2,10-Q,,,derived:NetCashProvidedByUsedInOperatingActivities-PaymentsToAcquirePropertyPlantAndEquipment,free_cash_flow,31545000000,USD,SEC EDGAR (public companyfacts + submissions JSON),2026-01-28T21:07:34.000Z,True,"first-reported preferred (earliest filed value kept per fiscal period); companyfacts may include later restated values - treated as caveated, never back-dated",derived = operating_cash_flow - capital_expenditures; availability is the later of the two inputs
MSFT,0000789019,2026-03-31,2026,Q3,10-Q,,,derived:NetCashProvidedByUsedInOperatingActivities-PaymentsToAcquirePropertyPlantAndEquipment,free_cash_flow,47348000000,USD,SEC EDGAR (public companyfacts + submissions JSON),2026-04-29T20:06:24.000Z,True,"first-reported preferred (earliest filed value kept per fiscal period); companyfacts may include later restated values - treated as caveated, never back-dated",derived = operating_cash_flow - capital_expenditures; availability is the later of the two inputs
JPM,0000019617,2018-12-31,2018,FY,10-K,2019-02-26,,us-gaap:Revenues,revenue,109029000000,USD,SEC EDGAR (public companyfacts + submissions JSON),2019-02-26,True,"first-reported preferred (earliest filed value kept per fiscal period); companyfacts may include later restated values - treated as caveated, never back-dated",conservative: filed date used as availability_datetime
JPM,0000019617,2019-12-31,2019,FY,10-K,2020-02-25,,us-gaap:Revenues,revenue,115627000000,USD,SEC EDGAR (public companyfacts + submissions JSON),2020-02-25,True,"first-reported preferred (earliest filed value kept per fiscal period); companyfacts may include later restated values - treated as caveated, never back-dated",conservative: filed date used as availability_datetime
JPM,0000019617,2020-12-31,2020,FY,10-K,2021-02-23,,us-gaap:Revenues,revenue,119543000000,USD,SEC EDGAR (public companyfacts + submissions JSON),2021-02-23,True,"first-reported preferred (earliest filed value kept per fiscal period); companyfacts may include later restated values - treated as caveated, never back-dated",conservative: filed date used as availability_datetime
JPM,0000019617,2021-12-31,2021,FY,10-K,2022-02-22,,us-gaap:Revenues,revenue,121649000000,USD,SEC EDGAR (public companyfacts + submissions JSON),2022-02-22,True,"first-reported preferred (earliest filed value kept per fiscal period); companyfacts may include later restated values - treated as caveated, never back-dated",conservative: filed date used as availability_datetime
JPM,0000019617,2022-12-31,2022,FY,10-K,2023-02-21,,us-gaap:Revenues,revenue,128695000000,USD,SEC EDGAR (public companyfacts + submissions JSON),2023-02-21,True,"first-reported preferred (earliest filed value kept per fiscal period); companyfacts may include later restated values - treated as caveated, never back-dated",conservative: filed date used as availability_datetime
JPM,0000019617,2023-12-31,2023,FY,10-K,2024-02-16,,us-gaap:Revenues,revenue,158104000000,USD,SEC EDGAR (public companyfacts + submissions JSON),2024-02-16,True,"first-reported preferred (earliest filed value kept per fiscal period); companyfacts may include later restated values - treated as caveated, never back-dated",conservative: filed date used as availability_datetime
JPM,0000019617,2024-12-31,2024,FY,10-K,2025-02-14,,us-gaap:Revenues,revenue,177556000000,USD,SEC EDGAR (public companyfacts + submissions JSON),2025-02-14,True,"first-reported preferred (earliest filed value kept per fiscal period); companyfacts may include later restated values - treated as caveated, never back-dated",conservative: filed date used as availability_datetime
JPM,0000019617,2025-12-31,2025,FY,10-K,2026-02-13,CY2025,us-gaap:Revenues,revenue,182447000000,USD,SEC EDGAR (public companyfacts + submissions JSON),2026-02-13T21:20:00.000Z,True,"first-reported preferred (earliest filed value kept per fiscal period); companyfacts may include later restated values - treated as caveated, never back-dated",availability_datetime from filing acceptance
JPM,0000019617,2024-06-30,2024,Q2,10-Q,2024-08-02,,us-gaap:NetIncomeLoss,net_income,31568000000,USD,SEC EDGAR (public companyfacts + submissions JSON),2024-08-02,True,"first-reported preferred (earliest filed value kept per fiscal period); companyfacts may include later restated values - treated as caveated, never back-dated",conservative: filed date used as availability_datetime
JPM,0000019617,2024-09-30,2024,Q3,10-Q,2024-10-30,,us-gaap:NetIncomeLoss,net_income,44466000000,USD,SEC EDGAR (public companyfacts + submissions JSON),2024-10-30,True,"first-reported preferred (earliest filed value kept per fiscal period); companyfacts may include later restated values - treated as caveated, never back-dated",conservative: filed date used as availability_datetime
JPM,0000019617,2024-12-31,2024,FY,10-K,2025-02-14,,us-gaap:NetIncomeLoss,net_income,58471000000,USD,SEC EDGAR (public companyfacts + submissions JSON),2025-02-14,True,"first-reported preferred (earliest filed value kept per fiscal period); companyfacts may include later restated values - treated as caveated, never back-dated",conservative: filed date used as availability_datetime
JPM,0000019617,2025-03-31,2025,Q1,10-Q,2025-05-01,,us-gaap:NetIncomeLoss,net_income,14643000000,USD,SEC EDGAR (public companyfacts + submissions JSON),2025-05-01,True,"first-reported preferred (earliest filed value kept per fiscal period); companyfacts may include later restated values - treated as caveated, never back-dated",conservative: filed date used as availability_datetime
JPM,0000019617,2025-06-30,2025,Q2,10-Q,2025-08-05,,us-gaap:NetIncomeLoss,net_income,29630000000,USD,SEC EDGAR (public companyfacts + submissions JSON),2025-08-05T20:18:22.000Z,True,"first-reported preferred (earliest filed value kept per fiscal period); companyfacts may include later restated values - treated as caveated, never back-dated",availability_datetime from filing acceptance
JPM,0000019617,2025-09-30,2025,Q3,10-Q,2025-11-04,,us-gaap:NetIncomeLoss,net_income,44023000000,USD,SEC EDGAR (public companyfacts + submissions JSON),2025-11-04T21:18:08.000Z,True,"first-reported preferred (earliest filed value kept per fiscal period); companyfacts may include later restated values - treated as caveated, never back-dated",availability_datetime from filing acceptance
JPM,0000019617,2025-12-31,2025,FY,10-K,2026-02-13,,us-gaap:NetIncomeLoss,net_income,57048000000,USD,SEC EDGAR (public companyfacts + submissions JSON),2026-02-13T21:20:00.000Z,True,"first-reported preferred (earliest filed value kept per fiscal period); companyfacts may include later restated values - treated as caveated, never back-dated",availability_datetime from filing acceptance
JPM,0000019617,2026-03-31,2026,Q1,10-Q,2026-05-01,CY2026Q1,us-gaap:NetIncomeLoss,net_income,16494000000,USD,SEC EDGAR (public companyfacts + submissions JSON),2026-05-01T20:18:43.000Z,True,"first-reported preferred (earliest filed value kept per fiscal period); companyfacts may include later restated values - treated as caveated, never back-dated",availability_datetime from filing acceptance
JPM,0000019617,2024-06-30,2024,Q2,10-Q,2024-08-02,,us-gaap:EarningsPerShareDiluted,eps_diluted,10.56,USD/shares,SEC EDGAR (public companyfacts + submissions JSON),2024-08-02,True,"first-reported preferred (earliest filed value kept per fiscal period); companyfacts may include later restated values - treated as caveated, never back-dated",conservative: filed date used as availability_datetime
JPM,0000019617,2024-09-30,2024,Q3,10-Q,2024-10-30,,us-gaap:EarningsPerShareDiluted,eps_diluted,14.94,USD/shares,SEC EDGAR (public companyfacts + submissions JSON),2024-10-30,True,"first-reported preferred (earliest filed value kept per fiscal period); companyfacts may include later restated values - treated as caveated, never back-dated",conservative: filed date used as availability_datetime
JPM,0000019617,2024-12-31,2024,FY,10-K,2025-02-14,,us-gaap:EarningsPerShareDiluted,eps_diluted,19.75,USD/shares,SEC EDGAR (public companyfacts + submissions JSON),2025-02-14,True,"first-reported preferred (earliest filed value kept per fiscal period); companyfacts may include later restated values - treated as caveated, never back-dated",conservative: filed date used as availability_datetime
JPM,0000019617,2025-03-31,2025,Q1,10-Q,2025-05-01,,us-gaap:EarningsPerShareDiluted,eps_diluted,5.07,USD/shares,SEC EDGAR (public companyfacts + submissions JSON),2025-05-01,True,"first-reported preferred (earliest filed value kept per fiscal period); companyfacts may include later restated values - treated as caveated, never back-dated",conservative: filed date used as availability_datetime
JPM,0000019617,2025-06-30,2025,Q2,10-Q,2025-08-05,,us-gaap:EarningsPerShareDiluted,eps_diluted,10.31,USD/shares,SEC EDGAR (public companyfacts + submissions JSON),2025-08-05T20:18:22.000Z,True,"first-reported preferred (earliest filed value kept per fiscal period); companyfacts may include later restated values - treated as caveated, never back-dated",availability_datetime from filing acceptance
JPM,0000019617,2025-09-30,2025,Q3,10-Q,2025-11-04,,us-gaap:EarningsPerShareDiluted,eps_diluted,15.38,USD/shares,SEC EDGAR (public companyfacts + submissions JSON),2025-11-04T21:18:08.000Z,True,"first-reported preferred (earliest filed value kept per fiscal period); companyfacts may include later restated values - treated as caveated, never back-dated",availability_datetime from filing acceptance
JPM,0000019617,2025-12-31,2025,FY,10-K,2026-02-13,CY2025,us-gaap:EarningsPerShareDiluted,eps_diluted,20.02,USD/shares,SEC EDGAR (public companyfacts + submissions JSON),2026-02-13T21:20:00.000Z,True,"first-reported preferred (earliest filed value kept per fiscal period); companyfacts may include later restated values - treated as caveated, never back-dated",availability_datetime from filing acceptance
JPM,0000019617,2026-03-31,2026,Q1,10-Q,2026-05-01,CY2026Q1,us-gaap:EarningsPerShareDiluted,eps_diluted,5.94,USD/shares,SEC EDGAR (public companyfacts + submissions JSON),2026-05-01T20:18:43.000Z,True,"first-reported preferred (earliest filed value kept per fiscal period); companyfacts may include later restated values - treated as caveated, never back-dated",availability_datetime from filing acceptance
JPM,0000019617,2024-12-31,2025,Q2,10-Q,2025-08-05,,us-gaap:Assets,total_assets,4002814000000,USD,SEC EDGAR (public companyfacts + submissions JSON),2025-08-05T20:18:22.000Z,True,"first-reported preferred (earliest filed value kept per fiscal period); companyfacts may include later restated values - treated as caveated, never back-dated",availability_datetime from filing acceptance
JPM,0000019617,2024-12-31,2025,Q3,10-Q,2025-11-04,,us-gaap:Assets,total_assets,4002814000000,USD,SEC EDGAR (public companyfacts + submissions JSON),2025-11-04T21:18:08.000Z,True,"first-reported preferred (earliest filed value kept per fiscal period); companyfacts may include later restated values - treated as caveated, never back-dated",availability_datetime from filing acceptance
JPM,0000019617,2025-03-31,2025,Q1,10-Q,2025-05-01,,us-gaap:Assets,total_assets,4357856000000,USD,SEC EDGAR (public companyfacts + submissions JSON),2025-05-01,True,"first-reported preferred (earliest filed value kept per fiscal period); companyfacts may include later restated values - treated as caveated, never back-dated",conservative: filed date used as availability_datetime
JPM,0000019617,2025-06-30,2025,Q2,10-Q,2025-08-05,CY2025Q2I,us-gaap:Assets,total_assets,4552482000000,USD,SEC EDGAR (public companyfacts + submissions JSON),2025-08-05T20:18:22.000Z,True,"first-reported preferred (earliest filed value kept per fiscal period); companyfacts may include later restated values - treated as caveated, never back-dated",availability_datetime from filing acceptance
JPM,0000019617,2025-09-30,2025,Q3,10-Q,2025-11-04,CY2025Q3I,us-gaap:Assets,total_assets,4560205000000,USD,SEC EDGAR (public companyfacts + submissions JSON),2025-11-04T21:18:08.000Z,True,"first-reported preferred (earliest filed value kept per fiscal period); companyfacts may include later restated values - treated as caveated, never back-dated",availability_datetime from filing acceptance
JPM,0000019617,2025-12-31,2025,FY,10-K,2026-02-13,,us-gaap:Assets,total_assets,4424900000000,USD,SEC EDGAR (public companyfacts + submissions JSON),2026-02-13T21:20:00.000Z,True,"first-reported preferred (earliest filed value kept per fiscal period); companyfacts may include later restated values - treated as caveated, never back-dated",availability_datetime from filing acceptance
JPM,0000019617,2025-12-31,2026,Q1,10-Q,2026-05-01,CY2025Q4I,us-gaap:Assets,total_assets,4424900000000,USD,SEC EDGAR (public companyfacts + submissions JSON),2026-05-01T20:18:43.000Z,True,"first-reported preferred (earliest filed value kept per fiscal period); companyfacts may include later restated values - treated as caveated, never back-dated",availability_datetime from filing acceptance
JPM,0000019617,2026-03-31,2026,Q1,10-Q,2026-05-01,CY2026Q1I,us-gaap:Assets,total_assets,4900475000000,USD,SEC EDGAR (public companyfacts + submissions JSON),2026-05-01T20:18:43.000Z,True,"first-reported preferred (earliest filed value kept per fiscal period); companyfacts may include later restated values - treated as caveated, never back-dated",availability_datetime from filing acceptance
JPM,0000019617,2024-12-31,2025,Q2,10-Q,2025-08-05,,us-gaap:Liabilities,total_liabilities,3658056000000,USD,SEC EDGAR (public companyfacts + submissions JSON),2025-08-05T20:18:22.000Z,True,"first-reported preferred (earliest filed value kept per fiscal period); companyfacts may include later restated values - treated as caveated, never back-dated",availability_datetime from filing acceptance
JPM,0000019617,2024-12-31,2025,Q3,10-Q,2025-11-04,,us-gaap:Liabilities,total_liabilities,3658056000000,USD,SEC EDGAR (public companyfacts + submissions JSON),2025-11-04T21:18:08.000Z,True,"first-reported preferred (earliest filed value kept per fiscal period); companyfacts may include later restated values - treated as caveated, never back-dated",availability_datetime from filing acceptance
JPM,0000019617,2025-03-31,2025,Q1,10-Q,2025-05-01,CY2025Q1I,us-gaap:Liabilities,total_liabilities,4006436000000,USD,SEC EDGAR (public companyfacts + submissions JSON),2025-05-01,True,"first-reported preferred (earliest filed value kept per fiscal period); companyfacts may include later restated values - treated as caveated, never back-dated",conservative: filed date used as availability_datetime
JPM,0000019617,2025-06-30,2025,Q2,10-Q,2025-08-05,CY2025Q2I,us-gaap:Liabilities,total_liabilities,4195558000000,USD,SEC EDGAR (public companyfacts + submissions JSON),2025-08-05T20:18:22.000Z,True,"first-reported preferred (earliest filed value kept per fiscal period); companyfacts may include later restated values - treated as caveated, never back-dated",availability_datetime from filing acceptance
JPM,0000019617,2025-09-30,2025,Q3,10-Q,2025-11-04,CY2025Q3I,us-gaap:Liabilities,total_liabilities,4199993000000,USD,SEC EDGAR (public companyfacts + submissions JSON),2025-11-04T21:18:08.000Z,True,"first-reported preferred (earliest filed value kept per fiscal period); companyfacts may include later restated values - treated as caveated, never back-dated",availability_datetime from filing acceptance
JPM,0000019617,2025-12-31,2025,FY,10-K,2026-02-13,,us-gaap:Liabilities,total_liabilities,4062462000000,USD,SEC EDGAR (public companyfacts + submissions JSON),2026-02-13T21:20:00.000Z,True,"first-reported preferred (earliest filed value kept per fiscal period); companyfacts may include later restated values - treated as caveated, never back-dated",availability_datetime from filing acceptance
JPM,0000019617,2025-12-31,2026,Q1,10-Q,2026-05-01,CY2025Q4I,us-gaap:Liabilities,total_liabilities,4062462000000,USD,SEC EDGAR (public companyfacts + submissions JSON),2026-05-01T20:18:43.000Z,True,"first-reported preferred (earliest filed value kept per fiscal period); companyfacts may include later restated values - treated as caveated, never back-dated",availability_datetime from filing acceptance
JPM,0000019617,2026-03-31,2026,Q1,10-Q,2026-05-01,CY2026Q1I,us-gaap:Liabilities,total_liabilities,4536437000000,USD,SEC EDGAR (public companyfacts + submissions JSON),2026-05-01T20:18:43.000Z,True,"first-reported preferred (earliest filed value kept per fiscal period); companyfacts may include later restated values - treated as caveated, never back-dated",availability_datetime from filing acceptance
JPM,0000019617,2024-12-31,2025,Q2,10-Q,2025-08-05,,us-gaap:StockholdersEquity,shareholder_equity,344758000000,USD,SEC EDGAR (public companyfacts + submissions JSON),2025-08-05T20:18:22.000Z,True,"first-reported preferred (earliest filed value kept per fiscal period); companyfacts may include later restated values - treated as caveated, never back-dated",availability_datetime from filing acceptance
JPM,0000019617,2024-12-31,2025,Q3,10-Q,2025-11-04,,us-gaap:StockholdersEquity,shareholder_equity,344758000000,USD,SEC EDGAR (public companyfacts + submissions JSON),2025-11-04T21:18:08.000Z,True,"first-reported preferred (earliest filed value kept per fiscal period); companyfacts may include later restated values - treated as caveated, never back-dated",availability_datetime from filing acceptance
JPM,0000019617,2025-03-31,2025,Q1,10-Q,2025-05-01,,us-gaap:StockholdersEquity,shareholder_equity,351420000000,USD,SEC EDGAR (public companyfacts + submissions JSON),2025-05-01,True,"first-reported preferred (earliest filed value kept per fiscal period); companyfacts may include later restated values - treated as caveated, never back-dated",conservative: filed date used as availability_datetime
JPM,0000019617,2025-06-30,2025,Q2,10-Q,2025-08-05,CY2025Q2I,us-gaap:StockholdersEquity,shareholder_equity,356924000000,USD,SEC EDGAR (public companyfacts + submissions JSON),2025-08-05T20:18:22.000Z,True,"first-reported preferred (earliest filed value kept per fiscal period); companyfacts may include later restated values - treated as caveated, never back-dated",availability_datetime from filing acceptance
JPM,0000019617,2025-09-30,2025,Q3,10-Q,2025-11-04,CY2025Q3I,us-gaap:StockholdersEquity,shareholder_equity,360212000000,USD,SEC EDGAR (public companyfacts + submissions JSON),2025-11-04T21:18:08.000Z,True,"first-reported preferred (earliest filed value kept per fiscal period); companyfacts may include later restated values - treated as caveated, never back-dated",availability_datetime from filing acceptance
JPM,0000019617,2025-12-31,2025,FY,10-K,2026-02-13,,us-gaap:StockholdersEquity,shareholder_equity,362438000000,USD,SEC EDGAR (public companyfacts + submissions JSON),2026-02-13T21:20:00.000Z,True,"first-reported preferred (earliest filed value kept per fiscal period); companyfacts may include later restated values - treated as caveated, never back-dated",availability_datetime from filing acceptance
JPM,0000019617,2025-12-31,2026,Q1,10-Q,2026-05-01,CY2025Q4I,us-gaap:StockholdersEquity,shareholder_equity,362438000000,USD,SEC EDGAR (public companyfacts + submissions JSON),2026-05-01T20:18:43.000Z,True,"first-reported preferred (earliest filed value kept per fiscal period); companyfacts may include later restated values - treated as caveated, never back-dated",availability_datetime from filing acceptance
JPM,0000019617,2026-03-31,2026,Q1,10-Q,2026-05-01,CY2026Q1I,us-gaap:StockholdersEquity,shareholder_equity,364038000000,USD,SEC EDGAR (public companyfacts + submissions JSON),2026-05-01T20:18:43.000Z,True,"first-reported preferred (earliest filed value kept per fiscal period); companyfacts may include later restated values - treated as caveated, never back-dated",availability_datetime from filing acceptance
JPM,0000019617,2024-06-30,2024,Q2,10-Q,2024-08-02,,us-gaap:NetCashProvidedByUsedInOperatingActivities,operating_cash_flow,-115689000000,USD,SEC EDGAR (public companyfacts + submissions JSON),2024-08-02,True,"first-reported preferred (earliest filed value kept per fiscal period); companyfacts may include later restated values - treated as caveated, never back-dated",conservative: filed date used as availability_datetime
JPM,0000019617,2024-09-30,2024,Q3,10-Q,2024-10-30,,us-gaap:NetCashProvidedByUsedInOperatingActivities,operating_cash_flow,-189770000000,USD,SEC EDGAR (public companyfacts + submissions JSON),2024-10-30,True,"first-reported preferred (earliest filed value kept per fiscal period); companyfacts may include later restated values - treated as caveated, never back-dated",conservative: filed date used as availability_datetime
JPM,0000019617,2024-12-31,2024,FY,10-K,2025-02-14,,us-gaap:NetCashProvidedByUsedInOperatingActivities,operating_cash_flow,-42012000000,USD,SEC EDGAR (public companyfacts + submissions JSON),2025-02-14,True,"first-reported preferred (earliest filed value kept per fiscal period); companyfacts may include later restated values - treated as caveated, never back-dated",conservative: filed date used as availability_datetime
JPM,0000019617,2025-03-31,2025,Q1,10-Q,2025-05-01,,us-gaap:NetCashProvidedByUsedInOperatingActivities,operating_cash_flow,-251839000000,USD,SEC EDGAR (public companyfacts + submissions JSON),2025-05-01,True,"first-reported preferred (earliest filed value kept per fiscal period); companyfacts may include later restated values - treated as caveated, never back-dated",conservative: filed date used as availability_datetime
JPM,0000019617,2025-06-30,2025,Q2,10-Q,2025-08-05,,us-gaap:NetCashProvidedByUsedInOperatingActivities,operating_cash_flow,-222292000000,USD,SEC EDGAR (public companyfacts + submissions JSON),2025-08-05T20:18:22.000Z,True,"first-reported preferred (earliest filed value kept per fiscal period); companyfacts may include later restated values - treated as caveated, never back-dated",availability_datetime from filing acceptance
JPM,0000019617,2025-09-30,2025,Q3,10-Q,2025-11-04,,us-gaap:NetCashProvidedByUsedInOperatingActivities,operating_cash_flow,-267506000000,USD,SEC EDGAR (public companyfacts + submissions JSON),2025-11-04T21:18:08.000Z,True,"first-reported preferred (earliest filed value kept per fiscal period); companyfacts may include later restated values - treated as caveated, never back-dated",availability_datetime from filing acceptance
JPM,0000019617,2025-12-31,2025,FY,10-K,2026-02-13,CY2025,us-gaap:NetCashProvidedByUsedInOperatingActivities,operating_cash_flow,-147782000000,USD,SEC EDGAR (public companyfacts + submissions JSON),2026-02-13T21:20:00.000Z,True,"first-reported preferred (earliest filed value kept per fiscal period); companyfacts may include later restated values - treated as caveated, never back-dated",availability_datetime from filing acceptance
JPM,0000019617,2026-03-31,2026,Q1,10-Q,2026-05-01,CY2026Q1,us-gaap:NetCashProvidedByUsedInOperatingActivities,operating_cash_flow,-211761000000,USD,SEC EDGAR (public companyfacts + submissions JSON),2026-05-01T20:18:43.000Z,True,"first-reported preferred (earliest filed value kept per fiscal period); companyfacts may include later restated values - treated as caveated, never back-dated",availability_datetime from filing acceptance
XOM,0000034088,2024-06-30,2024,Q2,10-Q,2024-08-05,,us-gaap:Revenues,revenue,176143000000,USD,SEC EDGAR (public companyfacts + submissions JSON),2024-08-05T17:15:44.000Z,True,"first-reported preferred (earliest filed value kept per fiscal period); companyfacts may include later restated values - treated as caveated, never back-dated",availability_datetime from filing acceptance
XOM,0000034088,2024-09-30,2024,Q3,10-Q,2024-11-04,,us-gaap:Revenues,revenue,266159000000,USD,SEC EDGAR (public companyfacts + submissions JSON),2024-11-04T17:56:10.000Z,True,"first-reported preferred (earliest filed value kept per fiscal period); companyfacts may include later restated values - treated as caveated, never back-dated",availability_datetime from filing acceptance
XOM,0000034088,2024-12-31,2024,FY,10-K,2025-02-19,,us-gaap:Revenues,revenue,349585000000,USD,SEC EDGAR (public companyfacts + submissions JSON),2025-02-19T21:39:37.000Z,True,"first-reported preferred (earliest filed value kept per fiscal period); companyfacts may include later restated values - treated as caveated, never back-dated",availability_datetime from filing acceptance
XOM,0000034088,2025-03-31,2025,Q1,10-Q,2025-05-05,,us-gaap:Revenues,revenue,83130000000,USD,SEC EDGAR (public companyfacts + submissions JSON),2025-05-05T16:41:41.000Z,True,"first-reported preferred (earliest filed value kept per fiscal period); companyfacts may include later restated values - treated as caveated, never back-dated",availability_datetime from filing acceptance
XOM,0000034088,2025-06-30,2025,Q2,10-Q,2025-08-04,,us-gaap:Revenues,revenue,164636000000,USD,SEC EDGAR (public companyfacts + submissions JSON),2025-08-04T16:47:59.000Z,True,"first-reported preferred (earliest filed value kept per fiscal period); companyfacts may include later restated values - treated as caveated, never back-dated",availability_datetime from filing acceptance
XOM,0000034088,2025-09-30,2025,Q3,10-Q,2025-11-03,,us-gaap:Revenues,revenue,249930000000,USD,SEC EDGAR (public companyfacts + submissions JSON),2025-11-03T17:45:47.000Z,True,"first-reported preferred (earliest filed value kept per fiscal period); companyfacts may include later restated values - treated as caveated, never back-dated",availability_datetime from filing acceptance
XOM,0000034088,2025-12-31,2025,FY,10-K,2026-02-18,CY2025,us-gaap:Revenues,revenue,332238000000,USD,SEC EDGAR (public companyfacts + submissions JSON),2026-02-18T21:06:52.000Z,True,"first-reported preferred (earliest filed value kept per fiscal period); companyfacts may include later restated values - treated as caveated, never back-dated",availability_datetime from filing acceptance
XOM,0000034088,2026-03-31,2026,Q1,10-Q,2026-05-04,CY2026Q1,us-gaap:Revenues,revenue,85138000000,USD,SEC EDGAR (public companyfacts + submissions JSON),2026-05-04T16:40:35.000Z,True,"first-reported preferred (earliest filed value kept per fiscal period); companyfacts may include later restated values - treated as caveated, never back-dated",availability_datetime from filing acceptance
XOM,0000034088,2024-06-30,2024,Q2,10-Q,2024-08-05,,us-gaap:NetIncomeLoss,net_income,17460000000,USD,SEC EDGAR (public companyfacts + submissions JSON),2024-08-05T17:15:44.000Z,True,"first-reported preferred (earliest filed value kept per fiscal period); companyfacts may include later restated values - treated as caveated, never back-dated",availability_datetime from filing acceptance
XOM,0000034088,2024-09-30,2024,Q3,10-Q,2024-11-04,,us-gaap:NetIncomeLoss,net_income,26070000000,USD,SEC EDGAR (public companyfacts + submissions JSON),2024-11-04T17:56:10.000Z,True,"first-reported preferred (earliest filed value kept per fiscal period); companyfacts may include later restated values - treated as caveated, never back-dated",availability_datetime from filing acceptance
XOM,0000034088,2024-12-31,2024,FY,10-K,2025-02-19,,us-gaap:NetIncomeLoss,net_income,33680000000,USD,SEC EDGAR (public companyfacts + submissions JSON),2025-02-19T21:39:37.000Z,True,"first-reported preferred (earliest filed value kept per fiscal period); companyfacts may include later restated values - treated as caveated, never back-dated",availability_datetime from filing acceptance
XOM,0000034088,2025-03-31,2025,Q1,10-Q,2025-05-05,,us-gaap:NetIncomeLoss,net_income,7713000000,USD,SEC EDGAR (public companyfacts + submissions JSON),2025-05-05T16:41:41.000Z,True,"first-reported preferred (earliest filed value kept per fiscal period); companyfacts may include later restated values - treated as caveated, never back-dated",availability_datetime from filing acceptance
XOM,0000034088,2025-06-30,2025,Q2,10-Q,2025-08-04,,us-gaap:NetIncomeLoss,net_income,14795000000,USD,SEC EDGAR (public companyfacts + submissions JSON),2025-08-04T16:47:59.000Z,True,"first-reported preferred (earliest filed value kept per fiscal period); companyfacts may include later restated values - treated as caveated, never back-dated",availability_datetime from filing acceptance
XOM,0000034088,2025-09-30,2025,Q3,10-Q,2025-11-03,,us-gaap:NetIncomeLoss,net_income,22343000000,USD,SEC EDGAR (public companyfacts + submissions JSON),2025-11-03T17:45:47.000Z,True,"first-reported preferred (earliest filed value kept per fiscal period); companyfacts may include later restated values - treated as caveated, never back-dated",availability_datetime from filing acceptance
XOM,0000034088,2025-12-31,2025,FY,10-K,2026-02-18,,us-gaap:NetIncomeLoss,net_income,28844000000,USD,SEC EDGAR (public companyfacts + submissions JSON),2026-02-18T21:06:52.000Z,True,"first-reported preferred (earliest filed value kept per fiscal period); companyfacts may include later restated values - treated as caveated, never back-dated",availability_datetime from filing acceptance
XOM,0000034088,2026-03-31,2026,Q1,10-Q,2026-05-04,CY2026Q1,us-gaap:NetIncomeLoss,net_income,4183000000,USD,SEC EDGAR (public companyfacts + submissions JSON),2026-05-04T16:40:35.000Z,True,"first-reported preferred (earliest filed value kept per fiscal period); companyfacts may include later restated values - treated as caveated, never back-dated",availability_datetime from filing acceptance
XOM,0000034088,2024-06-30,2024,Q2,10-Q,2024-08-05,,us-gaap:EarningsPerShareDiluted,eps_diluted,4.2,USD/shares,SEC EDGAR (public companyfacts + submissions JSON),2024-08-05T17:15:44.000Z,True,"first-reported preferred (earliest filed value kept per fiscal period); companyfacts may include later restated values - treated as caveated, never back-dated",availability_datetime from filing acceptance
XOM,0000034088,2024-09-30,2024,Q3,10-Q,2024-11-04,,us-gaap:EarningsPerShareDiluted,eps_diluted,6.12,USD/shares,SEC EDGAR (public companyfacts + submissions JSON),2024-11-04T17:56:10.000Z,True,"first-reported preferred (earliest filed value kept per fiscal period); companyfacts may include later restated values - treated as caveated, never back-dated",availability_datetime from filing acceptance
XOM,0000034088,2024-12-31,2024,FY,10-K,2025-02-19,,us-gaap:EarningsPerShareDiluted,eps_diluted,7.84,USD/shares,SEC EDGAR (public companyfacts + submissions JSON),2025-02-19T21:39:37.000Z,True,"first-reported preferred (earliest filed value kept per fiscal period); companyfacts may include later restated values - treated as caveated, never back-dated",availability_datetime from filing acceptance
XOM,0000034088,2025-03-31,2025,Q1,10-Q,2025-05-05,,us-gaap:EarningsPerShareDiluted,eps_diluted,1.76,USD/shares,SEC EDGAR (public companyfacts + submissions JSON),2025-05-05T16:41:41.000Z,True,"first-reported preferred (earliest filed value kept per fiscal period); companyfacts may include later restated values - treated as caveated, never back-dated",availability_datetime from filing acceptance
XOM,0000034088,2025-06-30,2025,Q2,10-Q,2025-08-04,,us-gaap:EarningsPerShareDiluted,eps_diluted,3.4,USD/shares,SEC EDGAR (public companyfacts + submissions JSON),2025-08-04T16:47:59.000Z,True,"first-reported preferred (earliest filed value kept per fiscal period); companyfacts may include later restated values - treated as caveated, never back-dated",availability_datetime from filing acceptance
XOM,0000034088,2025-09-30,2025,Q3,10-Q,2025-11-03,,us-gaap:EarningsPerShareDiluted,eps_diluted,5.16,USD/shares,SEC EDGAR (public companyfacts + submissions JSON),2025-11-03T17:45:47.000Z,True,"first-reported preferred (earliest filed value kept per fiscal period); companyfacts may include later restated values - treated as caveated, never back-dated",availability_datetime from filing acceptance
XOM,0000034088,2025-12-31,2025,FY,10-K,2026-02-18,CY2025,us-gaap:EarningsPerShareDiluted,eps_diluted,6.7,USD/shares,SEC EDGAR (public companyfacts + submissions JSON),2026-02-18T21:06:52.000Z,True,"first-reported preferred (earliest filed value kept per fiscal period); companyfacts may include later restated values - treated as caveated, never back-dated",availability_datetime from filing acceptance
XOM,0000034088,2026-03-31,2026,Q1,10-Q,2026-05-04,CY2026Q1,us-gaap:EarningsPerShareDiluted,eps_diluted,1,USD/shares,SEC EDGAR (public companyfacts + submissions JSON),2026-05-04T16:40:35.000Z,True,"first-reported preferred (earliest filed value kept per fiscal period); companyfacts may include later restated values - treated as caveated, never back-dated",availability_datetime from filing acceptance
XOM,0000034088,2024-12-31,2025,Q2,10-Q,2025-08-04,,us-gaap:Assets,total_assets,453475000000,USD,SEC EDGAR (public companyfacts + submissions JSON),2025-08-04T16:47:59.000Z,True,"first-reported preferred (earliest filed value kept per fiscal period); companyfacts may include later restated values - treated as caveated, never back-dated",availability_datetime from filing acceptance
XOM,0000034088,2024-12-31,2025,Q3,10-Q,2025-11-03,,us-gaap:Assets,total_assets,453475000000,USD,SEC EDGAR (public companyfacts + submissions JSON),2025-11-03T17:45:47.000Z,True,"first-reported preferred (earliest filed value kept per fiscal period); companyfacts may include later restated values - treated as caveated, never back-dated",availability_datetime from filing acceptance
XOM,0000034088,2025-03-31,2025,Q1,10-Q,2025-05-05,CY2025Q1I,us-gaap:Assets,total_assets,451908000000,USD,SEC EDGAR (public companyfacts + submissions JSON),2025-05-05T16:41:41.000Z,True,"first-reported preferred (earliest filed value kept per fiscal period); companyfacts may include later restated values - treated as caveated, never back-dated",availability_datetime from filing acceptance
XOM,0000034088,2025-06-30,2025,Q2,10-Q,2025-08-04,CY2025Q2I,us-gaap:Assets,total_assets,447597000000,USD,SEC EDGAR (public companyfacts + submissions JSON),2025-08-04T16:47:59.000Z,True,"first-reported preferred (earliest filed value kept per fiscal period); companyfacts may include later restated values - treated as caveated, never back-dated",availability_datetime from filing acceptance
XOM,0000034088,2025-09-30,2025,Q3,10-Q,2025-11-03,CY2025Q3I,us-gaap:Assets,total_assets,454340000000,USD,SEC EDGAR (public companyfacts + submissions JSON),2025-11-03T17:45:47.000Z,True,"first-reported preferred (earliest filed value kept per fiscal period); companyfacts may include later restated values - treated as caveated, never back-dated",availability_datetime from filing acceptance
XOM,0000034088,2025-12-31,2025,FY,10-K,2026-02-18,,us-gaap:Assets,total_assets,448980000000,USD,SEC EDGAR (public companyfacts + submissions JSON),2026-02-18T21:06:52.000Z,True,"first-reported preferred (earliest filed value kept per fiscal period); companyfacts may include later restated values - treated as caveated, never back-dated",availability_datetime from filing acceptance
XOM,0000034088,2025-12-31,2026,Q1,10-Q,2026-05-04,CY2025Q4I,us-gaap:Assets,total_assets,448980000000,USD,SEC EDGAR (public companyfacts + submissions JSON),2026-05-04T16:40:35.000Z,True,"first-reported preferred (earliest filed value kept per fiscal period); companyfacts may include later restated values - treated as caveated, never back-dated",availability_datetime from filing acceptance
XOM,0000034088,2026-03-31,2026,Q1,10-Q,2026-05-04,CY2026Q1I,us-gaap:Assets,total_assets,464410000000,USD,SEC EDGAR (public companyfacts + submissions JSON),2026-05-04T16:40:35.000Z,True,"first-reported preferred (earliest filed value kept per fiscal period); companyfacts may include later restated values - treated as caveated, never back-dated",availability_datetime from filing acceptance
XOM,0000034088,2024-12-31,2025,Q2,10-Q,2025-08-04,,us-gaap:Liabilities,total_liabilities,182869000000,USD,SEC EDGAR (public companyfacts + submissions JSON),2025-08-04T16:47:59.000Z,True,"first-reported preferred (earliest filed value kept per fiscal period); companyfacts may include later restated values - treated as caveated, never back-dated",availability_datetime from filing acceptance
XOM,0000034088,2024-12-31,2025,Q3,10-Q,2025-11-03,,us-gaap:Liabilities,total_liabilities,182869000000,USD,SEC EDGAR (public companyfacts + submissions JSON),2025-11-03T17:45:47.000Z,True,"first-reported preferred (earliest filed value kept per fiscal period); companyfacts may include later restated values - treated as caveated, never back-dated",availability_datetime from filing acceptance
XOM,0000034088,2025-03-31,2025,Q1,10-Q,2025-05-05,CY2025Q1I,us-gaap:Liabilities,total_liabilities,182102000000,USD,SEC EDGAR (public companyfacts + submissions JSON),2025-05-05T16:41:41.000Z,True,"first-reported preferred (earliest filed value kept per fiscal period); companyfacts may include later restated values - treated as caveated, never back-dated",availability_datetime from filing acceptance
XOM,0000034088,2025-06-30,2025,Q2,10-Q,2025-08-04,CY2025Q2I,us-gaap:Liabilities,total_liabilities,177635000000,USD,SEC EDGAR (public companyfacts + submissions JSON),2025-08-04T16:47:59.000Z,True,"first-reported preferred (earliest filed value kept per fiscal period); companyfacts may include later restated values - treated as caveated, never back-dated",availability_datetime from filing acceptance
XOM,0000034088,2025-09-30,2025,Q3,10-Q,2025-11-03,CY2025Q3I,us-gaap:Liabilities,total_liabilities,186117000000,USD,SEC EDGAR (public companyfacts + submissions JSON),2025-11-03T17:45:47.000Z,True,"first-reported preferred (earliest filed value kept per fiscal period); companyfacts may include later restated values - treated as caveated, never back-dated",availability_datetime from filing acceptance
XOM,0000034088,2025-12-31,2025,FY,10-K,2026-02-18,,us-gaap:Liabilities,total_liabilities,182354000000,USD,SEC EDGAR (public companyfacts + submissions JSON),2026-02-18T21:06:52.000Z,True,"first-reported preferred (earliest filed value kept per fiscal period); companyfacts may include later restated values - treated as caveated, never back-dated",availability_datetime from filing acceptance
XOM,0000034088,2025-12-31,2026,Q1,10-Q,2026-05-04,CY2025Q4I,us-gaap:Liabilities,total_liabilities,182354000000,USD,SEC EDGAR (public companyfacts + submissions JSON),2026-05-04T16:40:35.000Z,True,"first-reported preferred (earliest filed value kept per fiscal period); companyfacts may include later restated values - treated as caveated, never back-dated",availability_datetime from filing acceptance
XOM,0000034088,2026-03-31,2026,Q1,10-Q,2026-05-04,CY2026Q1I,us-gaap:Liabilities,total_liabilities,203414000000,USD,SEC EDGAR (public companyfacts + submissions JSON),2026-05-04T16:40:35.000Z,True,"first-reported preferred (earliest filed value kept per fiscal period); companyfacts may include later restated values - treated as caveated, never back-dated",availability_datetime from filing acceptance
XOM,0000034088,2024-12-31,2025,Q2,10-Q,2025-08-04,,us-gaap:StockholdersEquity,shareholder_equity,263705000000,USD,SEC EDGAR (public companyfacts + submissions JSON),2025-08-04T16:47:59.000Z,True,"first-reported preferred (earliest filed value kept per fiscal period); companyfacts may include later restated values - treated as caveated, never back-dated",availability_datetime from filing acceptance
XOM,0000034088,2024-12-31,2025,Q3,10-Q,2025-11-03,,us-gaap:StockholdersEquity,shareholder_equity,263705000000,USD,SEC EDGAR (public companyfacts + submissions JSON),2025-11-03T17:45:47.000Z,True,"first-reported preferred (earliest filed value kept per fiscal period); companyfacts may include later restated values - treated as caveated, never back-dated",availability_datetime from filing acceptance
XOM,0000034088,2025-03-31,2025,Q1,10-Q,2025-05-05,CY2025Q1I,us-gaap:StockholdersEquity,shareholder_equity,262720000000,USD,SEC EDGAR (public companyfacts + submissions JSON),2025-05-05T16:41:41.000Z,True,"first-reported preferred (earliest filed value kept per fiscal period); companyfacts may include later restated values - treated as caveated, never back-dated",availability_datetime from filing acceptance
XOM,0000034088,2025-06-30,2025,Q2,10-Q,2025-08-04,CY2025Q2I,us-gaap:StockholdersEquity,shareholder_equity,262593000000,USD,SEC EDGAR (public companyfacts + submissions JSON),2025-08-04T16:47:59.000Z,True,"first-reported preferred (earliest filed value kept per fiscal period); companyfacts may include later restated values - treated as caveated, never back-dated",availability_datetime from filing acceptance
XOM,0000034088,2025-09-30,2025,Q3,10-Q,2025-11-03,CY2025Q3I,us-gaap:StockholdersEquity,shareholder_equity,260561000000,USD,SEC EDGAR (public companyfacts + submissions JSON),2025-11-03T17:45:47.000Z,True,"first-reported preferred (earliest filed value kept per fiscal period); companyfacts may include later restated values - treated as caveated, never back-dated",availability_datetime from filing acceptance
XOM,0000034088,2025-12-31,2025,FY,10-K,2026-02-18,,us-gaap:StockholdersEquity,shareholder_equity,259386000000,USD,SEC EDGAR (public companyfacts + submissions JSON),2026-02-18T21:06:52.000Z,True,"first-reported preferred (earliest filed value kept per fiscal period); companyfacts may include later restated values - treated as caveated, never back-dated",availability_datetime from filing acceptance
XOM,0000034088,2025-12-31,2026,Q1,10-Q,2026-05-04,CY2025Q4I,us-gaap:StockholdersEquity,shareholder_equity,259386000000,USD,SEC EDGAR (public companyfacts + submissions JSON),2026-05-04T16:40:35.000Z,True,"first-reported preferred (earliest filed value kept per fiscal period); companyfacts may include later restated values - treated as caveated, never back-dated",availability_datetime from filing acceptance
XOM,0000034088,2026-03-31,2026,Q1,10-Q,2026-05-04,CY2026Q1I,us-gaap:StockholdersEquity,shareholder_equity,254381000000,USD,SEC EDGAR (public companyfacts + submissions JSON),2026-05-04T16:40:35.000Z,True,"first-reported preferred (earliest filed value kept per fiscal period); companyfacts may include later restated values - treated as caveated, never back-dated",availability_datetime from filing acceptance
XOM,0000034088,2024-06-30,2024,Q2,10-Q,2024-08-05,,us-gaap:NetCashProvidedByUsedInOperatingActivities,operating_cash_flow,25224000000,USD,SEC EDGAR (public companyfacts + submissions JSON),2024-08-05T17:15:44.000Z,True,"first-reported preferred (earliest filed value kept per fiscal period); companyfacts may include later restated values - treated as caveated, never back-dated",availability_datetime from filing acceptance
XOM,0000034088,2024-09-30,2024,Q3,10-Q,2024-11-04,,us-gaap:NetCashProvidedByUsedInOperatingActivities,operating_cash_flow,42793000000,USD,SEC EDGAR (public companyfacts + submissions JSON),2024-11-04T17:56:10.000Z,True,"first-reported preferred (earliest filed value kept per fiscal period); companyfacts may include later restated values - treated as caveated, never back-dated",availability_datetime from filing acceptance
XOM,0000034088,2024-12-31,2024,FY,10-K,2025-02-19,,us-gaap:NetCashProvidedByUsedInOperatingActivities,operating_cash_flow,55022000000,USD,SEC EDGAR (public companyfacts + submissions JSON),2025-02-19T21:39:37.000Z,True,"first-reported preferred (earliest filed value kept per fiscal period); companyfacts may include later restated values - treated as caveated, never back-dated",availability_datetime from filing acceptance
XOM,0000034088,2025-03-31,2025,Q1,10-Q,2025-05-05,,us-gaap:NetCashProvidedByUsedInOperatingActivities,operating_cash_flow,12953000000,USD,SEC EDGAR (public companyfacts + submissions JSON),2025-05-05T16:41:41.000Z,True,"first-reported preferred (earliest filed value kept per fiscal period); companyfacts may include later restated values - treated as caveated, never back-dated",availability_datetime from filing acceptance
XOM,0000034088,2025-06-30,2025,Q2,10-Q,2025-08-04,,us-gaap:NetCashProvidedByUsedInOperatingActivities,operating_cash_flow,24503000000,USD,SEC EDGAR (public companyfacts + submissions JSON),2025-08-04T16:47:59.000Z,True,"first-reported preferred (earliest filed value kept per fiscal period); companyfacts may include later restated values - treated as caveated, never back-dated",availability_datetime from filing acceptance
XOM,0000034088,2025-09-30,2025,Q3,10-Q,2025-11-03,,us-gaap:NetCashProvidedByUsedInOperatingActivities,operating_cash_flow,39291000000,USD,SEC EDGAR (public companyfacts + submissions JSON),2025-11-03T17:45:47.000Z,True,"first-reported preferred (earliest filed value kept per fiscal period); companyfacts may include later restated values - treated as caveated, never back-dated",availability_datetime from filing acceptance
XOM,0000034088,2025-12-31,2025,FY,10-K,2026-02-18,CY2025,us-gaap:NetCashProvidedByUsedInOperatingActivities,operating_cash_flow,51970000000,USD,SEC EDGAR (public companyfacts + submissions JSON),2026-02-18T21:06:52.000Z,True,"first-reported preferred (earliest filed value kept per fiscal period); companyfacts may include later restated values - treated as caveated, never back-dated",availability_datetime from filing acceptance
XOM,0000034088,2026-03-31,2026,Q1,10-Q,2026-05-04,CY2026Q1,us-gaap:NetCashProvidedByUsedInOperatingActivities,operating_cash_flow,8705000000,USD,SEC EDGAR (public companyfacts + submissions JSON),2026-05-04T16:40:35.000Z,True,"first-reported preferred (earliest filed value kept per fiscal period); companyfacts may include later restated values - treated as caveated, never back-dated",availability_datetime from filing acceptance
XOM,0000034088,2024-06-30,2024,Q2,10-Q,2024-08-05,,us-gaap:PaymentsToAcquirePropertyPlantAndEquipment,capital_expenditures,11309000000,USD,SEC EDGAR (public companyfacts + submissions JSON),2024-08-05T17:15:44.000Z,True,"first-reported preferred (earliest filed value kept per fiscal period); companyfacts may include later restated values - treated as caveated, never back-dated",availability_datetime from filing acceptance
XOM,0000034088,2024-09-30,2024,Q3,10-Q,2024-11-04,,us-gaap:PaymentsToAcquirePropertyPlantAndEquipment,capital_expenditures,17469000000,USD,SEC EDGAR (public companyfacts + submissions JSON),2024-11-04T17:56:10.000Z,True,"first-reported preferred (earliest filed value kept per fiscal period); companyfacts may include later restated values - treated as caveated, never back-dated",availability_datetime from filing acceptance
XOM,0000034088,2024-12-31,2024,FY,10-K,2025-02-19,,us-gaap:PaymentsToAcquirePropertyPlantAndEquipment,capital_expenditures,24306000000,USD,SEC EDGAR (public companyfacts + submissions JSON),2025-02-19T21:39:37.000Z,True,"first-reported preferred (earliest filed value kept per fiscal period); companyfacts may include later restated values - treated as caveated, never back-dated",availability_datetime from filing acceptance
XOM,0000034088,2025-03-31,2025,Q1,10-Q,2025-05-05,,us-gaap:PaymentsToAcquirePropertyPlantAndEquipment,capital_expenditures,5898000000,USD,SEC EDGAR (public companyfacts + submissions JSON),2025-05-05T16:41:41.000Z,True,"first-reported preferred (earliest filed value kept per fiscal period); companyfacts may include later restated values - treated as caveated, never back-dated",availability_datetime from filing acceptance
XOM,0000034088,2025-06-30,2025,Q2,10-Q,2025-08-04,,us-gaap:PaymentsToAcquirePropertyPlantAndEquipment,capital_expenditures,12181000000,USD,SEC EDGAR (public companyfacts + submissions JSON),2025-08-04T16:47:59.000Z,True,"first-reported preferred (earliest filed value kept per fiscal period); companyfacts may include later restated values - treated as caveated, never back-dated",availability_datetime from filing acceptance
XOM,0000034088,2025-09-30,2025,Q3,10-Q,2025-11-03,,us-gaap:PaymentsToAcquirePropertyPlantAndEquipment,capital_expenditures,20908000000,USD,SEC EDGAR (public companyfacts + submissions JSON),2025-11-03T17:45:47.000Z,True,"first-reported preferred (earliest filed value kept per fiscal period); companyfacts may include later restated values - treated as caveated, never back-dated",availability_datetime from filing acceptance
XOM,0000034088,2025-12-31,2025,FY,10-K,2026-02-18,CY2025,us-gaap:PaymentsToAcquirePropertyPlantAndEquipment,capital_expenditures,28358000000,USD,SEC EDGAR (public companyfacts + submissions JSON),2026-02-18T21:06:52.000Z,True,"first-reported preferred (earliest filed value kept per fiscal period); companyfacts may include later restated values - treated as caveated, never back-dated",availability_datetime from filing acceptance
XOM,0000034088,2026-03-31,2026,Q1,10-Q,2026-05-04,CY2026Q1,us-gaap:PaymentsToAcquirePropertyPlantAndEquipment,capital_expenditures,6470000000,USD,SEC EDGAR (public companyfacts + submissions JSON),2026-05-04T16:40:35.000Z,True,"first-reported preferred (earliest filed value kept per fiscal period); companyfacts may include later restated values - treated as caveated, never back-dated",availability_datetime from filing acceptance
XOM,0000034088,2024-06-30,2024,Q2,10-Q,,,derived:NetCashProvidedByUsedInOperatingActivities-PaymentsToAcquirePropertyPlantAndEquipment,free_cash_flow,13915000000,USD,SEC EDGAR (public companyfacts + submissions JSON),2024-08-05T17:15:44.000Z,True,"first-reported preferred (earliest filed value kept per fiscal period); companyfacts may include later restated values - treated as caveated, never back-dated",derived = operating_cash_flow - capital_expenditures; availability is the later of the two inputs
XOM,0000034088,2024-09-30,2024,Q3,10-Q,,,derived:NetCashProvidedByUsedInOperatingActivities-PaymentsToAcquirePropertyPlantAndEquipment,free_cash_flow,25324000000,USD,SEC EDGAR (public companyfacts + submissions JSON),2024-11-04T17:56:10.000Z,True,"first-reported preferred (earliest filed value kept per fiscal period); companyfacts may include later restated values - treated as caveated, never back-dated",derived = operating_cash_flow - capital_expenditures; availability is the later of the two inputs
XOM,0000034088,2024-12-31,2024,FY,10-K,,,derived:NetCashProvidedByUsedInOperatingActivities-PaymentsToAcquirePropertyPlantAndEquipment,free_cash_flow,30716000000,USD,SEC EDGAR (public companyfacts + submissions JSON),2025-02-19T21:39:37.000Z,True,"first-reported preferred (earliest filed value kept per fiscal period); companyfacts may include later restated values - treated as caveated, never back-dated",derived = operating_cash_flow - capital_expenditures; availability is the later of the two inputs
XOM,0000034088,2025-03-31,2025,Q1,10-Q,,,derived:NetCashProvidedByUsedInOperatingActivities-PaymentsToAcquirePropertyPlantAndEquipment,free_cash_flow,7055000000,USD,SEC EDGAR (public companyfacts + submissions JSON),2025-05-05T16:41:41.000Z,True,"first-reported preferred (earliest filed value kept per fiscal period); companyfacts may include later restated values - treated as caveated, never back-dated",derived = operating_cash_flow - capital_expenditures; availability is the later of the two inputs
XOM,0000034088,2025-06-30,2025,Q2,10-Q,,,derived:NetCashProvidedByUsedInOperatingActivities-PaymentsToAcquirePropertyPlantAndEquipment,free_cash_flow,12322000000,USD,SEC EDGAR (public companyfacts + submissions JSON),2025-08-04T16:47:59.000Z,True,"first-reported preferred (earliest filed value kept per fiscal period); companyfacts may include later restated values - treated as caveated, never back-dated",derived = operating_cash_flow - capital_expenditures; availability is the later of the two inputs
XOM,0000034088,2025-09-30,2025,Q3,10-Q,,,derived:NetCashProvidedByUsedInOperatingActivities-PaymentsToAcquirePropertyPlantAndEquipment,free_cash_flow,18383000000,USD,SEC EDGAR (public companyfacts + submissions JSON),2025-11-03T17:45:47.000Z,True,"first-reported preferred (earliest filed value kept per fiscal period); companyfacts may include later restated values - treated as caveated, never back-dated",derived = operating_cash_flow - capital_expenditures; availability is the later of the two inputs
XOM,0000034088,2025-12-31,2025,FY,10-K,,,derived:NetCashProvidedByUsedInOperatingActivities-PaymentsToAcquirePropertyPlantAndEquipment,free_cash_flow,23612000000,USD,SEC EDGAR (public companyfacts + submissions JSON),2026-02-18T21:06:52.000Z,True,"first-reported preferred (earliest filed value kept per fiscal period); companyfacts may include later restated values - treated as caveated, never back-dated",derived = operating_cash_flow - capital_expenditures; availability is the later of the two inputs
XOM,0000034088,2026-03-31,2026,Q1,10-Q,,,derived:NetCashProvidedByUsedInOperatingActivities-PaymentsToAcquirePropertyPlantAndEquipment,free_cash_flow,2235000000,USD,SEC EDGAR (public companyfacts + submissions JSON),2026-05-04T16:40:35.000Z,True,"first-reported preferred (earliest filed value kept per fiscal period); companyfacts may include later restated values - treated as caveated, never back-dated",derived = operating_cash_flow - capital_expenditures; availability is the later of the two inputs
UNH,0000731766,2024-06-30,2024,Q2,10-Q,2024-08-09,,us-gaap:Revenues,revenue,198651000000,USD,SEC EDGAR (public companyfacts + submissions JSON),2024-08-09T20:10:48.000Z,True,"first-reported preferred (earliest filed value kept per fiscal period); companyfacts may include later restated values - treated as caveated, never back-dated",availability_datetime from filing acceptance
UNH,0000731766,2024-09-30,2024,Q3,10-Q,2024-11-04,,us-gaap:Revenues,revenue,299471000000,USD,SEC EDGAR (public companyfacts + submissions JSON),2024-11-04T21:22:23.000Z,True,"first-reported preferred (earliest filed value kept per fiscal period); companyfacts may include later restated values - treated as caveated, never back-dated",availability_datetime from filing acceptance
UNH,0000731766,2024-12-31,2024,FY,10-K,2025-02-27,,us-gaap:Revenues,revenue,400278000000,USD,SEC EDGAR (public companyfacts + submissions JSON),2025-02-27T22:16:21.000Z,True,"first-reported preferred (earliest filed value kept per fiscal period); companyfacts may include later restated values - treated as caveated, never back-dated",availability_datetime from filing acceptance
UNH,0000731766,2025-03-31,2025,Q1,10-Q,2025-05-07,,us-gaap:Revenues,revenue,109575000000,USD,SEC EDGAR (public companyfacts + submissions JSON),2025-05-06T22:44:00.000Z,True,"first-reported preferred (earliest filed value kept per fiscal period); companyfacts may include later restated values - treated as caveated, never back-dated",availability_datetime from filing acceptance
UNH,0000731766,2025-06-30,2025,Q2,10-Q,2025-08-11,,us-gaap:Revenues,revenue,221191000000,USD,SEC EDGAR (public companyfacts + submissions JSON),2025-08-11T20:20:29.000Z,True,"first-reported preferred (earliest filed value kept per fiscal period); companyfacts may include later restated values - treated as caveated, never back-dated",availability_datetime from filing acceptance
UNH,0000731766,2025-09-30,2025,Q3,10-Q,2025-10-28,,us-gaap:Revenues,revenue,334352000000,USD,SEC EDGAR (public companyfacts + submissions JSON),2025-10-28T20:09:07.000Z,True,"first-reported preferred (earliest filed value kept per fiscal period); companyfacts may include later restated values - treated as caveated, never back-dated",availability_datetime from filing acceptance
UNH,0000731766,2025-12-31,2025,FY,10-K,2026-03-02,CY2025,us-gaap:Revenues,revenue,447567000000,USD,SEC EDGAR (public companyfacts + submissions JSON),2026-03-02T11:06:21.000Z,True,"first-reported preferred (earliest filed value kept per fiscal period); companyfacts may include later restated values - treated as caveated, never back-dated",availability_datetime from filing acceptance
UNH,0000731766,2026-03-31,2026,Q1,10-Q,2026-05-05,CY2026Q1,us-gaap:Revenues,revenue,111721000000,USD,SEC EDGAR (public companyfacts + submissions JSON),2026-05-05T20:38:11.000Z,True,"first-reported preferred (earliest filed value kept per fiscal period); companyfacts may include later restated values - treated as caveated, never back-dated",availability_datetime from filing acceptance
UNH,0000731766,2024-06-30,2024,Q2,10-Q,2024-08-09,,us-gaap:NetIncomeLoss,net_income,2807000000,USD,SEC EDGAR (public companyfacts + submissions JSON),2024-08-09T20:10:48.000Z,True,"first-reported preferred (earliest filed value kept per fiscal period); companyfacts may include later restated values - treated as caveated, never back-dated",availability_datetime from filing acceptance
UNH,0000731766,2024-09-30,2024,Q3,10-Q,2024-11-04,,us-gaap:NetIncomeLoss,net_income,8862000000,USD,SEC EDGAR (public companyfacts + submissions JSON),2024-11-04T21:22:23.000Z,True,"first-reported preferred (earliest filed value kept per fiscal period); companyfacts may include later restated values - treated as caveated, never back-dated",availability_datetime from filing acceptance
UNH,0000731766,2024-12-31,2024,FY,10-K,2025-02-27,,us-gaap:NetIncomeLoss,net_income,14405000000,USD,SEC EDGAR (public companyfacts + submissions JSON),2025-02-27T22:16:21.000Z,True,"first-reported preferred (earliest filed value kept per fiscal period); companyfacts may include later restated values - treated as caveated, never back-dated",availability_datetime from filing acceptance
UNH,0000731766,2025-03-31,2025,Q1,10-Q,2025-05-07,,us-gaap:NetIncomeLoss,net_income,6292000000,USD,SEC EDGAR (public companyfacts + submissions JSON),2025-05-06T22:44:00.000Z,True,"first-reported preferred (earliest filed value kept per fiscal period); companyfacts may include later restated values - treated as caveated, never back-dated",availability_datetime from filing acceptance
UNH,0000731766,2025-06-30,2025,Q2,10-Q,2025-08-11,,us-gaap:NetIncomeLoss,net_income,9698000000,USD,SEC EDGAR (public companyfacts + submissions JSON),2025-08-11T20:20:29.000Z,True,"first-reported preferred (earliest filed value kept per fiscal period); companyfacts may include later restated values - treated as caveated, never back-dated",availability_datetime from filing acceptance
UNH,0000731766,2025-09-30,2025,Q3,10-Q,2025-10-28,,us-gaap:NetIncomeLoss,net_income,12046000000,USD,SEC EDGAR (public companyfacts + submissions JSON),2025-10-28T20:09:07.000Z,True,"first-reported preferred (earliest filed value kept per fiscal period); companyfacts may include later restated values - treated as caveated, never back-dated",availability_datetime from filing acceptance
UNH,0000731766,2025-12-31,2025,FY,10-K,2026-03-02,CY2025,us-gaap:NetIncomeLoss,net_income,12056000000,USD,SEC EDGAR (public companyfacts + submissions JSON),2026-03-02T11:06:21.000Z,True,"first-reported preferred (earliest filed value kept per fiscal period); companyfacts may include later restated values - treated as caveated, never back-dated",availability_datetime from filing acceptance
UNH,0000731766,2026-03-31,2026,Q1,10-Q,2026-05-05,CY2026Q1,us-gaap:NetIncomeLoss,net_income,6280000000,USD,SEC EDGAR (public companyfacts + submissions JSON),2026-05-05T20:38:11.000Z,True,"first-reported preferred (earliest filed value kept per fiscal period); companyfacts may include later restated values - treated as caveated, never back-dated",availability_datetime from filing acceptance
UNH,0000731766,2024-06-30,2024,Q2,10-Q,2024-08-09,,us-gaap:OperatingIncomeLoss,operating_income,15806000000,USD,SEC EDGAR (public companyfacts + submissions JSON),2024-08-09T20:10:48.000Z,True,"first-reported preferred (earliest filed value kept per fiscal period); companyfacts may include later restated values - treated as caveated, never back-dated",availability_datetime from filing acceptance
UNH,0000731766,2024-09-30,2024,Q3,10-Q,2024-11-04,,us-gaap:OperatingIncomeLoss,operating_income,24514000000,USD,SEC EDGAR (public companyfacts + submissions JSON),2024-11-04T21:22:23.000Z,True,"first-reported preferred (earliest filed value kept per fiscal period); companyfacts may include later restated values - treated as caveated, never back-dated",availability_datetime from filing acceptance
UNH,0000731766,2024-12-31,2024,FY,10-K,2025-02-27,,us-gaap:OperatingIncomeLoss,operating_income,32287000000,USD,SEC EDGAR (public companyfacts + submissions JSON),2025-02-27T22:16:21.000Z,True,"first-reported preferred (earliest filed value kept per fiscal period); companyfacts may include later restated values - treated as caveated, never back-dated",availability_datetime from filing acceptance
UNH,0000731766,2025-03-31,2025,Q1,10-Q,2025-05-07,,us-gaap:OperatingIncomeLoss,operating_income,9119000000,USD,SEC EDGAR (public companyfacts + submissions JSON),2025-05-06T22:44:00.000Z,True,"first-reported preferred (earliest filed value kept per fiscal period); companyfacts may include later restated values - treated as caveated, never back-dated",availability_datetime from filing acceptance
UNH,0000731766,2025-06-30,2025,Q2,10-Q,2025-08-11,,us-gaap:OperatingIncomeLoss,operating_income,14269000000,USD,SEC EDGAR (public companyfacts + submissions JSON),2025-08-11T20:20:29.000Z,True,"first-reported preferred (earliest filed value kept per fiscal period); companyfacts may include later restated values - treated as caveated, never back-dated",availability_datetime from filing acceptance
UNH,0000731766,2025-09-30,2025,Q3,10-Q,2025-10-28,,us-gaap:OperatingIncomeLoss,operating_income,18584000000,USD,SEC EDGAR (public companyfacts + submissions JSON),2025-10-28T20:09:07.000Z,True,"first-reported preferred (earliest filed value kept per fiscal period); companyfacts may include later restated values - treated as caveated, never back-dated",availability_datetime from filing acceptance
UNH,0000731766,2025-12-31,2025,FY,10-K,2026-03-02,CY2025,us-gaap:OperatingIncomeLoss,operating_income,18964000000,USD,SEC EDGAR (public companyfacts + submissions JSON),2026-03-02T11:06:21.000Z,True,"first-reported preferred (earliest filed value kept per fiscal period); companyfacts may include later restated values - treated as caveated, never back-dated",availability_datetime from filing acceptance
UNH,0000731766,2026-03-31,2026,Q1,10-Q,2026-05-05,CY2026Q1,us-gaap:OperatingIncomeLoss,operating_income,8990000000,USD,SEC EDGAR (public companyfacts + submissions JSON),2026-05-05T20:38:11.000Z,True,"first-reported preferred (earliest filed value kept per fiscal period); companyfacts may include later restated values - treated as caveated, never back-dated",availability_datetime from filing acceptance
UNH,0000731766,2024-06-30,2024,Q2,10-Q,2024-08-09,,us-gaap:EarningsPerShareDiluted,eps_diluted,3.02,USD/shares,SEC EDGAR (public companyfacts + submissions JSON),2024-08-09T20:10:48.000Z,True,"first-reported preferred (earliest filed value kept per fiscal period); companyfacts may include later restated values - treated as caveated, never back-dated",availability_datetime from filing acceptance
UNH,0000731766,2024-09-30,2024,Q3,10-Q,2024-11-04,,us-gaap:EarningsPerShareDiluted,eps_diluted,9.53,USD/shares,SEC EDGAR (public companyfacts + submissions JSON),2024-11-04T21:22:23.000Z,True,"first-reported preferred (earliest filed value kept per fiscal period); companyfacts may include later restated values - treated as caveated, never back-dated",availability_datetime from filing acceptance
UNH,0000731766,2024-12-31,2024,FY,10-K,2025-02-27,,us-gaap:EarningsPerShareDiluted,eps_diluted,15.51,USD/shares,SEC EDGAR (public companyfacts + submissions JSON),2025-02-27T22:16:21.000Z,True,"first-reported preferred (earliest filed value kept per fiscal period); companyfacts may include later restated values - treated as caveated, never back-dated",availability_datetime from filing acceptance
UNH,0000731766,2025-03-31,2025,Q1,10-Q,2025-05-07,,us-gaap:EarningsPerShareDiluted,eps_diluted,6.85,USD/shares,SEC EDGAR (public companyfacts + submissions JSON),2025-05-06T22:44:00.000Z,True,"first-reported preferred (earliest filed value kept per fiscal period); companyfacts may include later restated values - treated as caveated, never back-dated",availability_datetime from filing acceptance
UNH,0000731766,2025-06-30,2025,Q2,10-Q,2025-08-11,,us-gaap:EarningsPerShareDiluted,eps_diluted,10.61,USD/shares,SEC EDGAR (public companyfacts + submissions JSON),2025-08-11T20:20:29.000Z,True,"first-reported preferred (earliest filed value kept per fiscal period); companyfacts may include later restated values - treated as caveated, never back-dated",availability_datetime from filing acceptance
UNH,0000731766,2025-09-30,2025,Q3,10-Q,2025-10-28,,us-gaap:EarningsPerShareDiluted,eps_diluted,13.21,USD/shares,SEC EDGAR (public companyfacts + submissions JSON),2025-10-28T20:09:07.000Z,True,"first-reported preferred (earliest filed value kept per fiscal period); companyfacts may include later restated values - treated as caveated, never back-dated",availability_datetime from filing acceptance
UNH,0000731766,2025-12-31,2025,FY,10-K,2026-03-02,CY2025,us-gaap:EarningsPerShareDiluted,eps_diluted,13.23,USD/shares,SEC EDGAR (public companyfacts + submissions JSON),2026-03-02T11:06:21.000Z,True,"first-reported preferred (earliest filed value kept per fiscal period); companyfacts may include later restated values - treated as caveated, never back-dated",availability_datetime from filing acceptance
UNH,0000731766,2026-03-31,2026,Q1,10-Q,2026-05-05,CY2026Q1,us-gaap:EarningsPerShareDiluted,eps_diluted,6.9,USD/shares,SEC EDGAR (public companyfacts + submissions JSON),2026-05-05T20:38:11.000Z,True,"first-reported preferred (earliest filed value kept per fiscal period); companyfacts may include later restated values - treated as caveated, never back-dated",availability_datetime from filing acceptance
UNH,0000731766,2024-12-31,2025,Q2,10-Q,2025-08-11,,us-gaap:Assets,total_assets,298278000000,USD,SEC EDGAR (public companyfacts + submissions JSON),2025-08-11T20:20:29.000Z,True,"first-reported preferred (earliest filed value kept per fiscal period); companyfacts may include later restated values - treated as caveated, never back-dated",availability_datetime from filing acceptance
UNH,0000731766,2024-12-31,2025,Q3,10-Q,2025-10-28,,us-gaap:Assets,total_assets,298278000000,USD,SEC EDGAR (public companyfacts + submissions JSON),2025-10-28T20:09:07.000Z,True,"first-reported preferred (earliest filed value kept per fiscal period); companyfacts may include later restated values - treated as caveated, never back-dated",availability_datetime from filing acceptance
UNH,0000731766,2025-03-31,2025,Q1,10-Q,2025-05-07,,us-gaap:Assets,total_assets,309790000000,USD,SEC EDGAR (public companyfacts + submissions JSON),2025-05-06T22:44:00.000Z,True,"first-reported preferred (earliest filed value kept per fiscal period); companyfacts may include later restated values - treated as caveated, never back-dated",availability_datetime from filing acceptance
UNH,0000731766,2025-06-30,2025,Q2,10-Q,2025-08-11,CY2025Q2I,us-gaap:Assets,total_assets,308573000000,USD,SEC EDGAR (public companyfacts + submissions JSON),2025-08-11T20:20:29.000Z,True,"first-reported preferred (earliest filed value kept per fiscal period); companyfacts may include later restated values - treated as caveated, never back-dated",availability_datetime from filing acceptance
UNH,0000731766,2025-09-30,2025,Q3,10-Q,2025-10-28,CY2025Q3I,us-gaap:Assets,total_assets,315269000000,USD,SEC EDGAR (public companyfacts + submissions JSON),2025-10-28T20:09:07.000Z,True,"first-reported preferred (earliest filed value kept per fiscal period); companyfacts may include later restated values - treated as caveated, never back-dated",availability_datetime from filing acceptance
UNH,0000731766,2025-12-31,2025,FY,10-K,2026-03-02,,us-gaap:Assets,total_assets,309581000000,USD,SEC EDGAR (public companyfacts + submissions JSON),2026-03-02T11:06:21.000Z,True,"first-reported preferred (earliest filed value kept per fiscal period); companyfacts may include later restated values - treated as caveated, never back-dated",availability_datetime from filing acceptance
UNH,0000731766,2025-12-31,2026,Q1,10-Q,2026-05-05,CY2025Q4I,us-gaap:Assets,total_assets,309581000000,USD,SEC EDGAR (public companyfacts + submissions JSON),2026-05-05T20:38:11.000Z,True,"first-reported preferred (earliest filed value kept per fiscal period); companyfacts may include later restated values - treated as caveated, never back-dated",availability_datetime from filing acceptance
UNH,0000731766,2026-03-31,2026,Q1,10-Q,2026-05-05,CY2026Q1I,us-gaap:Assets,total_assets,312644000000,USD,SEC EDGAR (public companyfacts + submissions JSON),2026-05-05T20:38:11.000Z,True,"first-reported preferred (earliest filed value kept per fiscal period); companyfacts may include later restated values - treated as caveated, never back-dated",availability_datetime from filing acceptance
UNH,0000731766,2024-12-31,2025,Q2,10-Q,2025-08-11,,us-gaap:Liabilities,total_liabilities,195687000000,USD,SEC EDGAR (public companyfacts + submissions JSON),2025-08-11T20:20:29.000Z,True,"first-reported preferred (earliest filed value kept per fiscal period); companyfacts may include later restated values - treated as caveated, never back-dated",availability_datetime from filing acceptance
UNH,0000731766,2024-12-31,2025,Q3,10-Q,2025-10-28,,us-gaap:Liabilities,total_liabilities,195687000000,USD,SEC EDGAR (public companyfacts + submissions JSON),2025-10-28T20:09:07.000Z,True,"first-reported preferred (earliest filed value kept per fiscal period); companyfacts may include later restated values - treated as caveated, never back-dated",availability_datetime from filing acceptance
UNH,0000731766,2025-03-31,2025,Q1,10-Q,2025-05-07,CY2025Q1I,us-gaap:Liabilities,total_liabilities,204621000000,USD,SEC EDGAR (public companyfacts + submissions JSON),2025-05-06T22:44:00.000Z,True,"first-reported preferred (earliest filed value kept per fiscal period); companyfacts may include later restated values - treated as caveated, never back-dated",availability_datetime from filing acceptance
UNH,0000731766,2025-06-30,2025,Q2,10-Q,2025-08-11,CY2025Q2I,us-gaap:Liabilities,total_liabilities,203789000000,USD,SEC EDGAR (public companyfacts + submissions JSON),2025-08-11T20:20:29.000Z,True,"first-reported preferred (earliest filed value kept per fiscal period); companyfacts may include later restated values - treated as caveated, never back-dated",availability_datetime from filing acceptance
UNH,0000731766,2025-09-30,2025,Q3,10-Q,2025-10-28,CY2025Q3I,us-gaap:Liabilities,total_liabilities,209456000000,USD,SEC EDGAR (public companyfacts + submissions JSON),2025-10-28T20:09:07.000Z,True,"first-reported preferred (earliest filed value kept per fiscal period); companyfacts may include later restated values - treated as caveated, never back-dated",availability_datetime from filing acceptance
UNH,0000731766,2025-12-31,2025,FY,10-K,2026-03-02,,us-gaap:Liabilities,total_liabilities,207883000000,USD,SEC EDGAR (public companyfacts + submissions JSON),2026-03-02T11:06:21.000Z,True,"first-reported preferred (earliest filed value kept per fiscal period); companyfacts may include later restated values - treated as caveated, never back-dated",availability_datetime from filing acceptance
UNH,0000731766,2025-12-31,2026,Q1,10-Q,2026-05-05,CY2025Q4I,us-gaap:Liabilities,total_liabilities,207883000000,USD,SEC EDGAR (public companyfacts + submissions JSON),2026-05-05T20:38:11.000Z,True,"first-reported preferred (earliest filed value kept per fiscal period); companyfacts may include later restated values - treated as caveated, never back-dated",availability_datetime from filing acceptance
UNH,0000731766,2026-03-31,2026,Q1,10-Q,2026-05-05,CY2026Q1I,us-gaap:Liabilities,total_liabilities,207325000000,USD,SEC EDGAR (public companyfacts + submissions JSON),2026-05-05T20:38:11.000Z,True,"first-reported preferred (earliest filed value kept per fiscal period); companyfacts may include later restated values - treated as caveated, never back-dated",availability_datetime from filing acceptance
UNH,0000731766,2014-03-31,2014,Q1,10-Q,2014-05-06,,us-gaap:StockholdersEquity,shareholder_equity,32549000000,USD,SEC EDGAR (public companyfacts + submissions JSON),2014-05-06,True,"first-reported preferred (earliest filed value kept per fiscal period); companyfacts may include later restated values - treated as caveated, never back-dated",conservative: filed date used as availability_datetime
UNH,0000731766,2014-06-30,2014,Q2,10-Q,2014-08-04,,us-gaap:StockholdersEquity,shareholder_equity,32935000000,USD,SEC EDGAR (public companyfacts + submissions JSON),2014-08-04,True,"first-reported preferred (earliest filed value kept per fiscal period); companyfacts may include later restated values - treated as caveated, never back-dated",conservative: filed date used as availability_datetime
UNH,0000731766,2014-09-30,2014,Q3,10-Q,2014-11-10,CY2014Q3I,us-gaap:StockholdersEquity,shareholder_equity,32604000000,USD,SEC EDGAR (public companyfacts + submissions JSON),2014-11-10,True,"first-reported preferred (earliest filed value kept per fiscal period); companyfacts may include later restated values - treated as caveated, never back-dated",conservative: filed date used as availability_datetime
UNH,0000731766,2014-12-31,2014,FY,10-K,2015-02-10,,us-gaap:StockholdersEquity,shareholder_equity,32454000000,USD,SEC EDGAR (public companyfacts + submissions JSON),2015-02-10,True,"first-reported preferred (earliest filed value kept per fiscal period); companyfacts may include later restated values - treated as caveated, never back-dated",conservative: filed date used as availability_datetime
UNH,0000731766,2014-12-31,2015,Q1,10-Q,2015-05-06,,us-gaap:StockholdersEquity,shareholder_equity,32454000000,USD,SEC EDGAR (public companyfacts + submissions JSON),2015-05-06,True,"first-reported preferred (earliest filed value kept per fiscal period); companyfacts may include later restated values - treated as caveated, never back-dated",conservative: filed date used as availability_datetime
UNH,0000731766,2014-12-31,2015,Q2,10-Q,2015-07-29,CY2014Q4I,us-gaap:StockholdersEquity,shareholder_equity,32454000000,USD,SEC EDGAR (public companyfacts + submissions JSON),2015-07-29,True,"first-reported preferred (earliest filed value kept per fiscal period); companyfacts may include later restated values - treated as caveated, never back-dated",conservative: filed date used as availability_datetime
UNH,0000731766,2015-03-31,2015,Q1,10-Q,2015-05-06,CY2015Q1I,us-gaap:StockholdersEquity,shareholder_equity,31878000000,USD,SEC EDGAR (public companyfacts + submissions JSON),2015-05-06,True,"first-reported preferred (earliest filed value kept per fiscal period); companyfacts may include later restated values - treated as caveated, never back-dated",conservative: filed date used as availability_datetime
UNH,0000731766,2015-06-30,2015,Q2,10-Q,2015-07-29,CY2015Q2I,us-gaap:StockholdersEquity,shareholder_equity,33020000000,USD,SEC EDGAR (public companyfacts + submissions JSON),2015-07-29,True,"first-reported preferred (earliest filed value kept per fiscal period); companyfacts may include later restated values - treated as caveated, never back-dated",conservative: filed date used as availability_datetime
UNH,0000731766,2024-06-30,2024,Q2,10-Q,2024-08-09,,us-gaap:NetCashProvidedByUsedInOperatingActivities,operating_cash_flow,7890000000,USD,SEC EDGAR (public companyfacts + submissions JSON),2024-08-09T20:10:48.000Z,True,"first-reported preferred (earliest filed value kept per fiscal period); companyfacts may include later restated values - treated as caveated, never back-dated",availability_datetime from filing acceptance
UNH,0000731766,2024-09-30,2024,Q3,10-Q,2024-11-04,,us-gaap:NetCashProvidedByUsedInOperatingActivities,operating_cash_flow,21835000000,USD,SEC EDGAR (public companyfacts + submissions JSON),2024-11-04T21:22:23.000Z,True,"first-reported preferred (earliest filed value kept per fiscal period); companyfacts may include later restated values - treated as caveated, never back-dated",availability_datetime from filing acceptance
UNH,0000731766,2024-12-31,2024,FY,10-K,2025-02-27,,us-gaap:NetCashProvidedByUsedInOperatingActivities,operating_cash_flow,24204000000,USD,SEC EDGAR (public companyfacts + submissions JSON),2025-02-27T22:16:21.000Z,True,"first-reported preferred (earliest filed value kept per fiscal period); companyfacts may include later restated values - treated as caveated, never back-dated",availability_datetime from filing acceptance
UNH,0000731766,2025-03-31,2025,Q1,10-Q,2025-05-07,,us-gaap:NetCashProvidedByUsedInOperatingActivities,operating_cash_flow,5456000000,USD,SEC EDGAR (public companyfacts + submissions JSON),2025-05-06T22:44:00.000Z,True,"first-reported preferred (earliest filed value kept per fiscal period); companyfacts may include later restated values - treated as caveated, never back-dated",availability_datetime from filing acceptance
UNH,0000731766,2025-06-30,2025,Q2,10-Q,2025-08-11,,us-gaap:NetCashProvidedByUsedInOperatingActivities,operating_cash_flow,12644000000,USD,SEC EDGAR (public companyfacts + submissions JSON),2025-08-11T20:20:29.000Z,True,"first-reported preferred (earliest filed value kept per fiscal period); companyfacts may include later restated values - treated as caveated, never back-dated",availability_datetime from filing acceptance
UNH,0000731766,2025-09-30,2025,Q3,10-Q,2025-10-28,,us-gaap:NetCashProvidedByUsedInOperatingActivities,operating_cash_flow,18589000000,USD,SEC EDGAR (public companyfacts + submissions JSON),2025-10-28T20:09:07.000Z,True,"first-reported preferred (earliest filed value kept per fiscal period); companyfacts may include later restated values - treated as caveated, never back-dated",availability_datetime from filing acceptance
UNH,0000731766,2025-12-31,2025,FY,10-K,2026-03-02,CY2025,us-gaap:NetCashProvidedByUsedInOperatingActivities,operating_cash_flow,19697000000,USD,SEC EDGAR (public companyfacts + submissions JSON),2026-03-02T11:06:21.000Z,True,"first-reported preferred (earliest filed value kept per fiscal period); companyfacts may include later restated values - treated as caveated, never back-dated",availability_datetime from filing acceptance
UNH,0000731766,2026-03-31,2026,Q1,10-Q,2026-05-05,CY2026Q1,us-gaap:NetCashProvidedByUsedInOperatingActivities,operating_cash_flow,8912000000,USD,SEC EDGAR (public companyfacts + submissions JSON),2026-05-05T20:38:11.000Z,True,"first-reported preferred (earliest filed value kept per fiscal period); companyfacts may include later restated values - treated as caveated, never back-dated",availability_datetime from filing acceptance
UNH,0000731766,2024-06-30,2024,Q2,10-Q,2024-08-09,,us-gaap:PaymentsToAcquirePropertyPlantAndEquipment,capital_expenditures,1596000000,USD,SEC EDGAR (public companyfacts + submissions JSON),2024-08-09T20:10:48.000Z,True,"first-reported preferred (earliest filed value kept per fiscal period); companyfacts may include later restated values - treated as caveated, never back-dated",availability_datetime from filing acceptance
UNH,0000731766,2024-09-30,2024,Q3,10-Q,2024-11-04,,us-gaap:PaymentsToAcquirePropertyPlantAndEquipment,capital_expenditures,2587000000,USD,SEC EDGAR (public companyfacts + submissions JSON),2024-11-04T21:22:23.000Z,True,"first-reported preferred (earliest filed value kept per fiscal period); companyfacts may include later restated values - treated as caveated, never back-dated",availability_datetime from filing acceptance
UNH,0000731766,2024-12-31,2024,FY,10-K,2025-02-27,,us-gaap:PaymentsToAcquirePropertyPlantAndEquipment,capital_expenditures,3499000000,USD,SEC EDGAR (public companyfacts + submissions JSON),2025-02-27T22:16:21.000Z,True,"first-reported preferred (earliest filed value kept per fiscal period); companyfacts may include later restated values - treated as caveated, never back-dated",availability_datetime from filing acceptance
UNH,0000731766,2025-03-31,2025,Q1,10-Q,2025-05-07,,us-gaap:PaymentsToAcquirePropertyPlantAndEquipment,capital_expenditures,898000000,USD,SEC EDGAR (public companyfacts + submissions JSON),2025-05-06T22:44:00.000Z,True,"first-reported preferred (earliest filed value kept per fiscal period); companyfacts may include later restated values - treated as caveated, never back-dated",availability_datetime from filing acceptance
UNH,0000731766,2025-06-30,2025,Q2,10-Q,2025-08-11,,us-gaap:PaymentsToAcquirePropertyPlantAndEquipment,capital_expenditures,1784000000,USD,SEC EDGAR (public companyfacts + submissions JSON),2025-08-11T20:20:29.000Z,True,"first-reported preferred (earliest filed value kept per fiscal period); companyfacts may include later restated values - treated as caveated, never back-dated",availability_datetime from filing acceptance
UNH,0000731766,2025-09-30,2025,Q3,10-Q,2025-10-28,,us-gaap:PaymentsToAcquirePropertyPlantAndEquipment,capital_expenditures,2674000000,USD,SEC EDGAR (public companyfacts + submissions JSON),2025-10-28T20:09:07.000Z,True,"first-reported preferred (earliest filed value kept per fiscal period); companyfacts may include later restated values - treated as caveated, never back-dated",availability_datetime from filing acceptance
UNH,0000731766,2025-12-31,2025,FY,10-K,2026-03-02,CY2025,us-gaap:PaymentsToAcquirePropertyPlantAndEquipment,capital_expenditures,3622000000,USD,SEC EDGAR (public companyfacts + submissions JSON),2026-03-02T11:06:21.000Z,True,"first-reported preferred (earliest filed value kept per fiscal period); companyfacts may include later restated values - treated as caveated, never back-dated",availability_datetime from filing acceptance
UNH,0000731766,2026-03-31,2026,Q1,10-Q,2026-05-05,CY2026Q1,us-gaap:PaymentsToAcquirePropertyPlantAndEquipment,capital_expenditures,763000000,USD,SEC EDGAR (public companyfacts + submissions JSON),2026-05-05T20:38:11.000Z,True,"first-reported preferred (earliest filed value kept per fiscal period); companyfacts may include later restated values - treated as caveated, never back-dated",availability_datetime from filing acceptance
UNH,0000731766,2024-06-30,2024,Q2,10-Q,,,derived:NetCashProvidedByUsedInOperatingActivities-PaymentsToAcquirePropertyPlantAndEquipment,free_cash_flow,6294000000,USD,SEC EDGAR (public companyfacts + submissions JSON),2024-08-09T20:10:48.000Z,True,"first-reported preferred (earliest filed value kept per fiscal period); companyfacts may include later restated values - treated as caveated, never back-dated",derived = operating_cash_flow - capital_expenditures; availability is the later of the two inputs
UNH,0000731766,2024-09-30,2024,Q3,10-Q,,,derived:NetCashProvidedByUsedInOperatingActivities-PaymentsToAcquirePropertyPlantAndEquipment,free_cash_flow,19248000000,USD,SEC EDGAR (public companyfacts + submissions JSON),2024-11-04T21:22:23.000Z,True,"first-reported preferred (earliest filed value kept per fiscal period); companyfacts may include later restated values - treated as caveated, never back-dated",derived = operating_cash_flow - capital_expenditures; availability is the later of the two inputs
UNH,0000731766,2024-12-31,2024,FY,10-K,,,derived:NetCashProvidedByUsedInOperatingActivities-PaymentsToAcquirePropertyPlantAndEquipment,free_cash_flow,20705000000,USD,SEC EDGAR (public companyfacts + submissions JSON),2025-02-27T22:16:21.000Z,True,"first-reported preferred (earliest filed value kept per fiscal period); companyfacts may include later restated values - treated as caveated, never back-dated",derived = operating_cash_flow - capital_expenditures; availability is the later of the two inputs
UNH,0000731766,2025-03-31,2025,Q1,10-Q,,,derived:NetCashProvidedByUsedInOperatingActivities-PaymentsToAcquirePropertyPlantAndEquipment,free_cash_flow,4558000000,USD,SEC EDGAR (public companyfacts + submissions JSON),2025-05-06T22:44:00.000Z,True,"first-reported preferred (earliest filed value kept per fiscal period); companyfacts may include later restated values - treated as caveated, never back-dated",derived = operating_cash_flow - capital_expenditures; availability is the later of the two inputs
UNH,0000731766,2025-06-30,2025,Q2,10-Q,,,derived:NetCashProvidedByUsedInOperatingActivities-PaymentsToAcquirePropertyPlantAndEquipment,free_cash_flow,10860000000,USD,SEC EDGAR (public companyfacts + submissions JSON),2025-08-11T20:20:29.000Z,True,"first-reported preferred (earliest filed value kept per fiscal period); companyfacts may include later restated values - treated as caveated, never back-dated",derived = operating_cash_flow - capital_expenditures; availability is the later of the two inputs
UNH,0000731766,2025-09-30,2025,Q3,10-Q,,,derived:NetCashProvidedByUsedInOperatingActivities-PaymentsToAcquirePropertyPlantAndEquipment,free_cash_flow,15915000000,USD,SEC EDGAR (public companyfacts + submissions JSON),2025-10-28T20:09:07.000Z,True,"first-reported preferred (earliest filed value kept per fiscal period); companyfacts may include later restated values - treated as caveated, never back-dated",derived = operating_cash_flow - capital_expenditures; availability is the later of the two inputs
UNH,0000731766,2025-12-31,2025,FY,10-K,,,derived:NetCashProvidedByUsedInOperatingActivities-PaymentsToAcquirePropertyPlantAndEquipment,free_cash_flow,16075000000,USD,SEC EDGAR (public companyfacts + submissions JSON),2026-03-02T11:06:21.000Z,True,"first-reported preferred (earliest filed value kept per fiscal period); companyfacts may include later restated values - treated as caveated, never back-dated",derived = operating_cash_flow - capital_expenditures; availability is the later of the two inputs
UNH,0000731766,2026-03-31,2026,Q1,10-Q,,,derived:NetCashProvidedByUsedInOperatingActivities-PaymentsToAcquirePropertyPlantAndEquipment,free_cash_flow,8149000000,USD,SEC EDGAR (public companyfacts + submissions JSON),2026-05-05T20:38:11.000Z,True,"first-reported preferred (earliest filed value kept per fiscal period); companyfacts may include later restated values - treated as caveated, never back-dated",derived = operating_cash_flow - capital_expenditures; availability is the later of the two inputs
AMZN,0001018724,2017-03-31,2018,Q1,10-Q,2018-04-27,CY2017Q1,us-gaap:SalesRevenueNet,revenue,35714000000,USD,SEC EDGAR (public companyfacts + submissions JSON),2018-04-27,True,"first-reported preferred (earliest filed value kept per fiscal period); companyfacts may include later restated values - treated as caveated, never back-dated",conservative: filed date used as availability_datetime
AMZN,0001018724,2017-06-30,2017,Q2,10-Q,2017-07-28,,us-gaap:SalesRevenueNet,revenue,73669000000,USD,SEC EDGAR (public companyfacts + submissions JSON),2017-07-28,True,"first-reported preferred (earliest filed value kept per fiscal period); companyfacts may include later restated values - treated as caveated, never back-dated",conservative: filed date used as availability_datetime
AMZN,0001018724,2017-06-30,2017,FY,10-K,2018-02-02,,us-gaap:SalesRevenueNet,revenue,37955000000,USD,SEC EDGAR (public companyfacts + submissions JSON),2018-02-02,True,"first-reported preferred (earliest filed value kept per fiscal period); companyfacts may include later restated values - treated as caveated, never back-dated",conservative: filed date used as availability_datetime
AMZN,0001018724,2017-09-30,2017,Q3,10-Q,2017-10-27,,us-gaap:SalesRevenueNet,revenue,117413000000,USD,SEC EDGAR (public companyfacts + submissions JSON),2017-10-27,True,"first-reported preferred (earliest filed value kept per fiscal period); companyfacts may include later restated values - treated as caveated, never back-dated",conservative: filed date used as availability_datetime
AMZN,0001018724,2017-09-30,2017,FY,10-K,2018-02-02,CY2017Q3,us-gaap:SalesRevenueNet,revenue,43744000000,USD,SEC EDGAR (public companyfacts + submissions JSON),2018-02-02,True,"first-reported preferred (earliest filed value kept per fiscal period); companyfacts may include later restated values - treated as caveated, never back-dated",conservative: filed date used as availability_datetime
AMZN,0001018724,2017-12-31,2017,FY,10-K,2018-02-02,CY2017,us-gaap:SalesRevenueNet,revenue,177866000000,USD,SEC EDGAR (public companyfacts + submissions JSON),2018-02-02,True,"first-reported preferred (earliest filed value kept per fiscal period); companyfacts may include later restated values - treated as caveated, never back-dated",conservative: filed date used as availability_datetime
AMZN,0001018724,2018-03-31,2018,Q1,10-Q,2018-04-27,CY2018Q1,us-gaap:SalesRevenueNet,revenue,51042000000,USD,SEC EDGAR (public companyfacts + submissions JSON),2018-04-27,True,"first-reported preferred (earliest filed value kept per fiscal period); companyfacts may include later restated values - treated as caveated, never back-dated",conservative: filed date used as availability_datetime
AMZN,0001018724,2018-06-30,2018,Q2,10-Q,2018-07-27,,us-gaap:SalesRevenueNet,revenue,103928000000,USD,SEC EDGAR (public companyfacts + submissions JSON),2018-07-27,True,"first-reported preferred (earliest filed value kept per fiscal period); companyfacts may include later restated values - treated as caveated, never back-dated",conservative: filed date used as availability_datetime
AMZN,0001018724,2024-06-30,2025,Q2,10-Q,2025-08-01,,us-gaap:NetIncomeLoss,net_income,44419000000,USD,SEC EDGAR (public companyfacts + submissions JSON),2025-07-31T18:13:08.000Z,True,"first-reported preferred (earliest filed value kept per fiscal period); companyfacts may include later restated values - treated as caveated, never back-dated",availability_datetime from filing acceptance
AMZN,0001018724,2024-09-30,2025,Q3,10-Q,2025-10-31,,us-gaap:NetIncomeLoss,net_income,49868000000,USD,SEC EDGAR (public companyfacts + submissions JSON),2025-10-30T18:18:21.000Z,True,"first-reported preferred (earliest filed value kept per fiscal period); companyfacts may include later restated values - treated as caveated, never back-dated",availability_datetime from filing acceptance
AMZN,0001018724,2024-12-31,2024,FY,10-K,2025-02-07,,us-gaap:NetIncomeLoss,net_income,59248000000,USD,SEC EDGAR (public companyfacts + submissions JSON),2025-02-06T18:40:29.000Z,True,"first-reported preferred (earliest filed value kept per fiscal period); companyfacts may include later restated values - treated as caveated, never back-dated",availability_datetime from filing acceptance
AMZN,0001018724,2025-03-31,2025,Q1,10-Q,2025-05-02,,us-gaap:NetIncomeLoss,net_income,65944000000,USD,SEC EDGAR (public companyfacts + submissions JSON),2025-05-01T18:14:53.000Z,True,"first-reported preferred (earliest filed value kept per fiscal period); companyfacts may include later restated values - treated as caveated, never back-dated",availability_datetime from filing acceptance
AMZN,0001018724,2025-06-30,2025,Q2,10-Q,2025-08-01,,us-gaap:NetIncomeLoss,net_income,70623000000,USD,SEC EDGAR (public companyfacts + submissions JSON),2025-07-31T18:13:08.000Z,True,"first-reported preferred (earliest filed value kept per fiscal period); companyfacts may include later restated values - treated as caveated, never back-dated",availability_datetime from filing acceptance
AMZN,0001018724,2025-09-30,2025,Q3,10-Q,2025-10-31,,us-gaap:NetIncomeLoss,net_income,76482000000,USD,SEC EDGAR (public companyfacts + submissions JSON),2025-10-30T18:18:21.000Z,True,"first-reported preferred (earliest filed value kept per fiscal period); companyfacts may include later restated values - treated as caveated, never back-dated",availability_datetime from filing acceptance
AMZN,0001018724,2025-12-31,2025,FY,10-K,2026-02-06,,us-gaap:NetIncomeLoss,net_income,77670000000,USD,SEC EDGAR (public companyfacts + submissions JSON),2026-02-05T18:44:31.000Z,True,"first-reported preferred (earliest filed value kept per fiscal period); companyfacts may include later restated values - treated as caveated, never back-dated",availability_datetime from filing acceptance
AMZN,0001018724,2026-03-31,2026,Q1,10-Q,2026-04-30,,us-gaap:NetIncomeLoss,net_income,90798000000,USD,SEC EDGAR (public companyfacts + submissions JSON),2026-04-29T18:48:09.000Z,True,"first-reported preferred (earliest filed value kept per fiscal period); companyfacts may include later restated values - treated as caveated, never back-dated",availability_datetime from filing acceptance
AMZN,0001018724,2024-06-30,2024,Q2,10-Q,2024-08-02,,us-gaap:OperatingIncomeLoss,operating_income,29979000000,USD,SEC EDGAR (public companyfacts + submissions JSON),2024-08-01T18:39:50.000Z,True,"first-reported preferred (earliest filed value kept per fiscal period); companyfacts may include later restated values - treated as caveated, never back-dated",availability_datetime from filing acceptance
AMZN,0001018724,2024-09-30,2024,Q3,10-Q,2024-11-01,,us-gaap:OperatingIncomeLoss,operating_income,47390000000,USD,SEC EDGAR (public companyfacts + submissions JSON),2024-10-31T18:44:54.000Z,True,"first-reported preferred (earliest filed value kept per fiscal period); companyfacts may include later restated values - treated as caveated, never back-dated",availability_datetime from filing acceptance
AMZN,0001018724,2024-12-31,2024,FY,10-K,2025-02-07,,us-gaap:OperatingIncomeLoss,operating_income,68593000000,USD,SEC EDGAR (public companyfacts + submissions JSON),2025-02-06T18:40:29.000Z,True,"first-reported preferred (earliest filed value kept per fiscal period); companyfacts may include later restated values - treated as caveated, never back-dated",availability_datetime from filing acceptance
AMZN,0001018724,2025-03-31,2025,Q1,10-Q,2025-05-02,,us-gaap:OperatingIncomeLoss,operating_income,18405000000,USD,SEC EDGAR (public companyfacts + submissions JSON),2025-05-01T18:14:53.000Z,True,"first-reported preferred (earliest filed value kept per fiscal period); companyfacts may include later restated values - treated as caveated, never back-dated",availability_datetime from filing acceptance
AMZN,0001018724,2025-06-30,2025,Q2,10-Q,2025-08-01,,us-gaap:OperatingIncomeLoss,operating_income,37576000000,USD,SEC EDGAR (public companyfacts + submissions JSON),2025-07-31T18:13:08.000Z,True,"first-reported preferred (earliest filed value kept per fiscal period); companyfacts may include later restated values - treated as caveated, never back-dated",availability_datetime from filing acceptance
AMZN,0001018724,2025-09-30,2025,Q3,10-Q,2025-10-31,,us-gaap:OperatingIncomeLoss,operating_income,54998000000,USD,SEC EDGAR (public companyfacts + submissions JSON),2025-10-30T18:18:21.000Z,True,"first-reported preferred (earliest filed value kept per fiscal period); companyfacts may include later restated values - treated as caveated, never back-dated",availability_datetime from filing acceptance
AMZN,0001018724,2025-12-31,2025,FY,10-K,2026-02-06,CY2025,us-gaap:OperatingIncomeLoss,operating_income,79975000000,USD,SEC EDGAR (public companyfacts + submissions JSON),2026-02-05T18:44:31.000Z,True,"first-reported preferred (earliest filed value kept per fiscal period); companyfacts may include later restated values - treated as caveated, never back-dated",availability_datetime from filing acceptance
AMZN,0001018724,2026-03-31,2026,Q1,10-Q,2026-04-30,CY2026Q1,us-gaap:OperatingIncomeLoss,operating_income,23852000000,USD,SEC EDGAR (public companyfacts + submissions JSON),2026-04-29T18:48:09.000Z,True,"first-reported preferred (earliest filed value kept per fiscal period); companyfacts may include later restated values - treated as caveated, never back-dated",availability_datetime from filing acceptance
AMZN,0001018724,2024-06-30,2024,Q2,10-Q,2024-08-02,,us-gaap:EarningsPerShareDiluted,eps_diluted,2.24,USD/shares,SEC EDGAR (public companyfacts + submissions JSON),2024-08-01T18:39:50.000Z,True,"first-reported preferred (earliest filed value kept per fiscal period); companyfacts may include later restated values - treated as caveated, never back-dated",availability_datetime from filing acceptance
AMZN,0001018724,2024-09-30,2024,Q3,10-Q,2024-11-01,,us-gaap:EarningsPerShareDiluted,eps_diluted,3.67,USD/shares,SEC EDGAR (public companyfacts + submissions JSON),2024-10-31T18:44:54.000Z,True,"first-reported preferred (earliest filed value kept per fiscal period); companyfacts may include later restated values - treated as caveated, never back-dated",availability_datetime from filing acceptance
AMZN,0001018724,2024-12-31,2024,FY,10-K,2025-02-07,,us-gaap:EarningsPerShareDiluted,eps_diluted,5.53,USD/shares,SEC EDGAR (public companyfacts + submissions JSON),2025-02-06T18:40:29.000Z,True,"first-reported preferred (earliest filed value kept per fiscal period); companyfacts may include later restated values - treated as caveated, never back-dated",availability_datetime from filing acceptance
AMZN,0001018724,2025-03-31,2025,Q1,10-Q,2025-05-02,,us-gaap:EarningsPerShareDiluted,eps_diluted,1.59,USD/shares,SEC EDGAR (public companyfacts + submissions JSON),2025-05-01T18:14:53.000Z,True,"first-reported preferred (earliest filed value kept per fiscal period); companyfacts may include later restated values - treated as caveated, never back-dated",availability_datetime from filing acceptance
AMZN,0001018724,2025-06-30,2025,Q2,10-Q,2025-08-01,,us-gaap:EarningsPerShareDiluted,eps_diluted,3.27,USD/shares,SEC EDGAR (public companyfacts + submissions JSON),2025-07-31T18:13:08.000Z,True,"first-reported preferred (earliest filed value kept per fiscal period); companyfacts may include later restated values - treated as caveated, never back-dated",availability_datetime from filing acceptance
AMZN,0001018724,2025-09-30,2025,Q3,10-Q,2025-10-31,,us-gaap:EarningsPerShareDiluted,eps_diluted,5.22,USD/shares,SEC EDGAR (public companyfacts + submissions JSON),2025-10-30T18:18:21.000Z,True,"first-reported preferred (earliest filed value kept per fiscal period); companyfacts may include later restated values - treated as caveated, never back-dated",availability_datetime from filing acceptance
AMZN,0001018724,2025-12-31,2025,FY,10-K,2026-02-06,CY2025,us-gaap:EarningsPerShareDiluted,eps_diluted,7.17,USD/shares,SEC EDGAR (public companyfacts + submissions JSON),2026-02-05T18:44:31.000Z,True,"first-reported preferred (earliest filed value kept per fiscal period); companyfacts may include later restated values - treated as caveated, never back-dated",availability_datetime from filing acceptance
AMZN,0001018724,2026-03-31,2026,Q1,10-Q,2026-04-30,CY2026Q1,us-gaap:EarningsPerShareDiluted,eps_diluted,2.78,USD/shares,SEC EDGAR (public companyfacts + submissions JSON),2026-04-29T18:48:09.000Z,True,"first-reported preferred (earliest filed value kept per fiscal period); companyfacts may include later restated values - treated as caveated, never back-dated",availability_datetime from filing acceptance
AMZN,0001018724,2024-12-31,2025,Q2,10-Q,2025-08-01,,us-gaap:Assets,total_assets,624894000000,USD,SEC EDGAR (public companyfacts + submissions JSON),2025-07-31T18:13:08.000Z,True,"first-reported preferred (earliest filed value kept per fiscal period); companyfacts may include later restated values - treated as caveated, never back-dated",availability_datetime from filing acceptance
AMZN,0001018724,2024-12-31,2025,Q3,10-Q,2025-10-31,,us-gaap:Assets,total_assets,624894000000,USD,SEC EDGAR (public companyfacts + submissions JSON),2025-10-30T18:18:21.000Z,True,"first-reported preferred (earliest filed value kept per fiscal period); companyfacts may include later restated values - treated as caveated, never back-dated",availability_datetime from filing acceptance
AMZN,0001018724,2025-03-31,2025,Q1,10-Q,2025-05-02,CY2025Q1I,us-gaap:Assets,total_assets,643256000000,USD,SEC EDGAR (public companyfacts + submissions JSON),2025-05-01T18:14:53.000Z,True,"first-reported preferred (earliest filed value kept per fiscal period); companyfacts may include later restated values - treated as caveated, never back-dated",availability_datetime from filing acceptance
AMZN,0001018724,2025-06-30,2025,Q2,10-Q,2025-08-01,CY2025Q2I,us-gaap:Assets,total_assets,682170000000,USD,SEC EDGAR (public companyfacts + submissions JSON),2025-07-31T18:13:08.000Z,True,"first-reported preferred (earliest filed value kept per fiscal period); companyfacts may include later restated values - treated as caveated, never back-dated",availability_datetime from filing acceptance
AMZN,0001018724,2025-09-30,2025,Q3,10-Q,2025-10-31,CY2025Q3I,us-gaap:Assets,total_assets,727921000000,USD,SEC EDGAR (public companyfacts + submissions JSON),2025-10-30T18:18:21.000Z,True,"first-reported preferred (earliest filed value kept per fiscal period); companyfacts may include later restated values - treated as caveated, never back-dated",availability_datetime from filing acceptance
AMZN,0001018724,2025-12-31,2025,FY,10-K,2026-02-06,,us-gaap:Assets,total_assets,818042000000,USD,SEC EDGAR (public companyfacts + submissions JSON),2026-02-05T18:44:31.000Z,True,"first-reported preferred (earliest filed value kept per fiscal period); companyfacts may include later restated values - treated as caveated, never back-dated",availability_datetime from filing acceptance
AMZN,0001018724,2025-12-31,2026,Q1,10-Q,2026-04-30,CY2025Q4I,us-gaap:Assets,total_assets,818042000000,USD,SEC EDGAR (public companyfacts + submissions JSON),2026-04-29T18:48:09.000Z,True,"first-reported preferred (earliest filed value kept per fiscal period); companyfacts may include later restated values - treated as caveated, never back-dated",availability_datetime from filing acceptance
AMZN,0001018724,2026-03-31,2026,Q1,10-Q,2026-04-30,CY2026Q1I,us-gaap:Assets,total_assets,916630000000,USD,SEC EDGAR (public companyfacts + submissions JSON),2026-04-29T18:48:09.000Z,True,"first-reported preferred (earliest filed value kept per fiscal period); companyfacts may include later restated values - treated as caveated, never back-dated",availability_datetime from filing acceptance
AMZN,0001018724,2025-03-31,2025,Q1,10-Q,2025-05-02,,us-gaap:StockholdersEquity,shareholder_equity,305867000000,USD,SEC EDGAR (public companyfacts + submissions JSON),2025-05-01T18:14:53.000Z,True,"first-reported preferred (earliest filed value kept per fiscal period); companyfacts may include later restated values - treated as caveated, never back-dated",availability_datetime from filing acceptance
AMZN,0001018724,2025-03-31,2025,Q2,10-Q,2025-08-01,,us-gaap:StockholdersEquity,shareholder_equity,305867000000,USD,SEC EDGAR (public companyfacts + submissions JSON),2025-07-31T18:13:08.000Z,True,"first-reported preferred (earliest filed value kept per fiscal period); companyfacts may include later restated values - treated as caveated, never back-dated",availability_datetime from filing acceptance
AMZN,0001018724,2025-06-30,2025,Q2,10-Q,2025-08-01,,us-gaap:StockholdersEquity,shareholder_equity,333775000000,USD,SEC EDGAR (public companyfacts + submissions JSON),2025-07-31T18:13:08.000Z,True,"first-reported preferred (earliest filed value kept per fiscal period); companyfacts may include later restated values - treated as caveated, never back-dated",availability_datetime from filing acceptance
AMZN,0001018724,2025-06-30,2025,Q3,10-Q,2025-10-31,CY2025Q2I,us-gaap:StockholdersEquity,shareholder_equity,333775000000,USD,SEC EDGAR (public companyfacts + submissions JSON),2025-10-30T18:18:21.000Z,True,"first-reported preferred (earliest filed value kept per fiscal period); companyfacts may include later restated values - treated as caveated, never back-dated",availability_datetime from filing acceptance
AMZN,0001018724,2025-09-30,2025,Q3,10-Q,2025-10-31,CY2025Q3I,us-gaap:StockholdersEquity,shareholder_equity,369631000000,USD,SEC EDGAR (public companyfacts + submissions JSON),2025-10-30T18:18:21.000Z,True,"first-reported preferred (earliest filed value kept per fiscal period); companyfacts may include later restated values - treated as caveated, never back-dated",availability_datetime from filing acceptance
AMZN,0001018724,2025-12-31,2025,FY,10-K,2026-02-06,,us-gaap:StockholdersEquity,shareholder_equity,411065000000,USD,SEC EDGAR (public companyfacts + submissions JSON),2026-02-05T18:44:31.000Z,True,"first-reported preferred (earliest filed value kept per fiscal period); companyfacts may include later restated values - treated as caveated, never back-dated",availability_datetime from filing acceptance
AMZN,0001018724,2025-12-31,2026,Q1,10-Q,2026-04-30,CY2025Q4I,us-gaap:StockholdersEquity,shareholder_equity,411065000000,USD,SEC EDGAR (public companyfacts + submissions JSON),2026-04-29T18:48:09.000Z,True,"first-reported preferred (earliest filed value kept per fiscal period); companyfacts may include later restated values - treated as caveated, never back-dated",availability_datetime from filing acceptance
AMZN,0001018724,2026-03-31,2026,Q1,10-Q,2026-04-30,CY2026Q1I,us-gaap:StockholdersEquity,shareholder_equity,441914000000,USD,SEC EDGAR (public companyfacts + submissions JSON),2026-04-29T18:48:09.000Z,True,"first-reported preferred (earliest filed value kept per fiscal period); companyfacts may include later restated values - treated as caveated, never back-dated",availability_datetime from filing acceptance
AMZN,0001018724,2024-06-30,2025,Q2,10-Q,2025-08-01,,us-gaap:NetCashProvidedByUsedInOperatingActivities,operating_cash_flow,107952000000,USD,SEC EDGAR (public companyfacts + submissions JSON),2025-07-31T18:13:08.000Z,True,"first-reported preferred (earliest filed value kept per fiscal period); companyfacts may include later restated values - treated as caveated, never back-dated",availability_datetime from filing acceptance
AMZN,0001018724,2024-09-30,2025,Q3,10-Q,2025-10-31,,us-gaap:NetCashProvidedByUsedInOperatingActivities,operating_cash_flow,112706000000,USD,SEC EDGAR (public companyfacts + submissions JSON),2025-10-30T18:18:21.000Z,True,"first-reported preferred (earliest filed value kept per fiscal period); companyfacts may include later restated values - treated as caveated, never back-dated",availability_datetime from filing acceptance
AMZN,0001018724,2024-12-31,2024,FY,10-K,2025-02-07,,us-gaap:NetCashProvidedByUsedInOperatingActivities,operating_cash_flow,115877000000,USD,SEC EDGAR (public companyfacts + submissions JSON),2025-02-06T18:40:29.000Z,True,"first-reported preferred (earliest filed value kept per fiscal period); companyfacts may include later restated values - treated as caveated, never back-dated",availability_datetime from filing acceptance
AMZN,0001018724,2025-03-31,2025,Q1,10-Q,2025-05-02,,us-gaap:NetCashProvidedByUsedInOperatingActivities,operating_cash_flow,113903000000,USD,SEC EDGAR (public companyfacts + submissions JSON),2025-05-01T18:14:53.000Z,True,"first-reported preferred (earliest filed value kept per fiscal period); companyfacts may include later restated values - treated as caveated, never back-dated",availability_datetime from filing acceptance
AMZN,0001018724,2025-06-30,2025,Q2,10-Q,2025-08-01,,us-gaap:NetCashProvidedByUsedInOperatingActivities,operating_cash_flow,121137000000,USD,SEC EDGAR (public companyfacts + submissions JSON),2025-07-31T18:13:08.000Z,True,"first-reported preferred (earliest filed value kept per fiscal period); companyfacts may include later restated values - treated as caveated, never back-dated",availability_datetime from filing acceptance
AMZN,0001018724,2025-09-30,2025,Q3,10-Q,2025-10-31,,us-gaap:NetCashProvidedByUsedInOperatingActivities,operating_cash_flow,130691000000,USD,SEC EDGAR (public companyfacts + submissions JSON),2025-10-30T18:18:21.000Z,True,"first-reported preferred (earliest filed value kept per fiscal period); companyfacts may include later restated values - treated as caveated, never back-dated",availability_datetime from filing acceptance
AMZN,0001018724,2025-12-31,2025,FY,10-K,2026-02-06,CY2025,us-gaap:NetCashProvidedByUsedInOperatingActivities,operating_cash_flow,139514000000,USD,SEC EDGAR (public companyfacts + submissions JSON),2026-02-05T18:44:31.000Z,True,"first-reported preferred (earliest filed value kept per fiscal period); companyfacts may include later restated values - treated as caveated, never back-dated",availability_datetime from filing acceptance
AMZN,0001018724,2026-03-31,2026,Q1,10-Q,2026-04-30,,us-gaap:NetCashProvidedByUsedInOperatingActivities,operating_cash_flow,148531000000,USD,SEC EDGAR (public companyfacts + submissions JSON),2026-04-29T18:48:09.000Z,True,"first-reported preferred (earliest filed value kept per fiscal period); companyfacts may include later restated values - treated as caveated, never back-dated",availability_datetime from filing acceptance
AMZN,0001018724,2015-06-30,2016,Q2,10-Q,2016-07-29,,us-gaap:PaymentsToAcquirePropertyPlantAndEquipment,capital_expenditures,4607000000,USD,SEC EDGAR (public companyfacts + submissions JSON),2016-07-29,True,"first-reported preferred (earliest filed value kept per fiscal period); companyfacts may include later restated values - treated as caveated, never back-dated",conservative: filed date used as availability_datetime
AMZN,0001018724,2015-09-30,2016,Q3,10-Q,2016-10-28,,us-gaap:PaymentsToAcquirePropertyPlantAndEquipment,capital_expenditures,4424000000,USD,SEC EDGAR (public companyfacts + submissions JSON),2016-10-28,True,"first-reported preferred (earliest filed value kept per fiscal period); companyfacts may include later restated values - treated as caveated, never back-dated",conservative: filed date used as availability_datetime
AMZN,0001018724,2015-12-31,2015,FY,10-K,2016-01-29,,us-gaap:PaymentsToAcquirePropertyPlantAndEquipment,capital_expenditures,4589000000,USD,SEC EDGAR (public companyfacts + submissions JSON),2016-01-29,True,"first-reported preferred (earliest filed value kept per fiscal period); companyfacts may include later restated values - treated as caveated, never back-dated",conservative: filed date used as availability_datetime
AMZN,0001018724,2016-03-31,2016,Q1,10-Q,2016-04-29,,us-gaap:PaymentsToAcquirePropertyPlantAndEquipment,capital_expenditures,4897000000,USD,SEC EDGAR (public companyfacts + submissions JSON),2016-04-29,True,"first-reported preferred (earliest filed value kept per fiscal period); companyfacts may include later restated values - treated as caveated, never back-dated",conservative: filed date used as availability_datetime
AMZN,0001018724,2016-06-30,2016,Q2,10-Q,2016-07-29,,us-gaap:PaymentsToAcquirePropertyPlantAndEquipment,capital_expenditures,5395000000,USD,SEC EDGAR (public companyfacts + submissions JSON),2016-07-29,True,"first-reported preferred (earliest filed value kept per fiscal period); companyfacts may include later restated values - treated as caveated, never back-dated",conservative: filed date used as availability_datetime
AMZN,0001018724,2016-09-30,2016,Q3,10-Q,2016-10-28,,us-gaap:PaymentsToAcquirePropertyPlantAndEquipment,capital_expenditures,6040000000,USD,SEC EDGAR (public companyfacts + submissions JSON),2016-10-28,True,"first-reported preferred (earliest filed value kept per fiscal period); companyfacts may include later restated values - treated as caveated, never back-dated",conservative: filed date used as availability_datetime
AMZN,0001018724,2016-12-31,2016,FY,10-K,2017-02-10,CY2016,us-gaap:PaymentsToAcquirePropertyPlantAndEquipment,capital_expenditures,6737000000,USD,SEC EDGAR (public companyfacts + submissions JSON),2017-02-10,True,"first-reported preferred (earliest filed value kept per fiscal period); companyfacts may include later restated values - treated as caveated, never back-dated",conservative: filed date used as availability_datetime
AMZN,0001018724,2017-03-31,2017,Q1,10-Q,2017-04-28,,us-gaap:PaymentsToAcquirePropertyPlantAndEquipment,capital_expenditures,7417000000,USD,SEC EDGAR (public companyfacts + submissions JSON),2017-04-28,True,"first-reported preferred (earliest filed value kept per fiscal period); companyfacts may include later restated values - treated as caveated, never back-dated",conservative: filed date used as availability_datetime
NVDA,0001045810,2024-07-28,2025,Q2,10-Q,2024-08-28,,us-gaap:Revenues,revenue,56084000000,USD,SEC EDGAR (public companyfacts + submissions JSON),2024-08-28T21:05:08.000Z,True,"first-reported preferred (earliest filed value kept per fiscal period); companyfacts may include later restated values - treated as caveated, never back-dated",availability_datetime from filing acceptance
NVDA,0001045810,2024-10-27,2025,Q3,10-Q,2024-11-20,,us-gaap:Revenues,revenue,91166000000,USD,SEC EDGAR (public companyfacts + submissions JSON),2024-11-20T21:31:22.000Z,True,"first-reported preferred (earliest filed value kept per fiscal period); companyfacts may include later restated values - treated as caveated, never back-dated",availability_datetime from filing acceptance
NVDA,0001045810,2025-01-26,2025,FY,10-K,2025-02-26,,us-gaap:Revenues,revenue,130497000000,USD,SEC EDGAR (public companyfacts + submissions JSON),2025-02-26T21:48:33.000Z,True,"first-reported preferred (earliest filed value kept per fiscal period); companyfacts may include later restated values - treated as caveated, never back-dated",availability_datetime from filing acceptance
NVDA,0001045810,2025-04-27,2026,Q1,10-Q,2025-05-28,,us-gaap:Revenues,revenue,44062000000,USD,SEC EDGAR (public companyfacts + submissions JSON),2025-05-28T20:32:57.000Z,True,"first-reported preferred (earliest filed value kept per fiscal period); companyfacts may include later restated values - treated as caveated, never back-dated",availability_datetime from filing acceptance
NVDA,0001045810,2025-07-27,2026,Q2,10-Q,2025-08-27,,us-gaap:Revenues,revenue,90805000000,USD,SEC EDGAR (public companyfacts + submissions JSON),2025-08-27T20:52:07.000Z,True,"first-reported preferred (earliest filed value kept per fiscal period); companyfacts may include later restated values - treated as caveated, never back-dated",availability_datetime from filing acceptance
NVDA,0001045810,2025-10-26,2026,Q3,10-Q,2025-11-19,,us-gaap:Revenues,revenue,147811000000,USD,SEC EDGAR (public companyfacts + submissions JSON),2025-11-19T21:36:17.000Z,True,"first-reported preferred (earliest filed value kept per fiscal period); companyfacts may include later restated values - treated as caveated, never back-dated",availability_datetime from filing acceptance
NVDA,0001045810,2026-01-25,2026,FY,10-K,2026-02-25,CY2025,us-gaap:Revenues,revenue,215938000000,USD,SEC EDGAR (public companyfacts + submissions JSON),2026-02-25T21:42:19.000Z,True,"first-reported preferred (earliest filed value kept per fiscal period); companyfacts may include later restated values - treated as caveated, never back-dated",availability_datetime from filing acceptance
NVDA,0001045810,2026-04-26,2027,Q1,10-Q,2026-05-20,CY2026Q1,us-gaap:Revenues,revenue,81615000000,USD,SEC EDGAR (public companyfacts + submissions JSON),2026-05-20T20:35:52.000Z,True,"first-reported preferred (earliest filed value kept per fiscal period); companyfacts may include later restated values - treated as caveated, never back-dated",availability_datetime from filing acceptance
NVDA,0001045810,2024-07-28,2025,Q2,10-Q,2024-08-28,,us-gaap:NetIncomeLoss,net_income,31480000000,USD,SEC EDGAR (public companyfacts + submissions JSON),2024-08-28T21:05:08.000Z,True,"first-reported preferred (earliest filed value kept per fiscal period); companyfacts may include later restated values - treated as caveated, never back-dated",availability_datetime from filing acceptance
NVDA,0001045810,2024-10-27,2025,Q3,10-Q,2024-11-20,,us-gaap:NetIncomeLoss,net_income,50789000000,USD,SEC EDGAR (public companyfacts + submissions JSON),2024-11-20T21:31:22.000Z,True,"first-reported preferred (earliest filed value kept per fiscal period); companyfacts may include later restated values - treated as caveated, never back-dated",availability_datetime from filing acceptance
NVDA,0001045810,2025-01-26,2025,FY,10-K,2025-02-26,,us-gaap:NetIncomeLoss,net_income,72880000000,USD,SEC EDGAR (public companyfacts + submissions JSON),2025-02-26T21:48:33.000Z,True,"first-reported preferred (earliest filed value kept per fiscal period); companyfacts may include later restated values - treated as caveated, never back-dated",availability_datetime from filing acceptance
NVDA,0001045810,2025-04-27,2026,Q1,10-Q,2025-05-28,,us-gaap:NetIncomeLoss,net_income,18775000000,USD,SEC EDGAR (public companyfacts + submissions JSON),2025-05-28T20:32:57.000Z,True,"first-reported preferred (earliest filed value kept per fiscal period); companyfacts may include later restated values - treated as caveated, never back-dated",availability_datetime from filing acceptance
NVDA,0001045810,2025-07-27,2026,Q2,10-Q,2025-08-27,,us-gaap:NetIncomeLoss,net_income,45197000000,USD,SEC EDGAR (public companyfacts + submissions JSON),2025-08-27T20:52:07.000Z,True,"first-reported preferred (earliest filed value kept per fiscal period); companyfacts may include later restated values - treated as caveated, never back-dated",availability_datetime from filing acceptance
NVDA,0001045810,2025-10-26,2026,Q3,10-Q,2025-11-19,,us-gaap:NetIncomeLoss,net_income,77107000000,USD,SEC EDGAR (public companyfacts + submissions JSON),2025-11-19T21:36:17.000Z,True,"first-reported preferred (earliest filed value kept per fiscal period); companyfacts may include later restated values - treated as caveated, never back-dated",availability_datetime from filing acceptance
NVDA,0001045810,2026-01-25,2026,FY,10-K,2026-02-25,,us-gaap:NetIncomeLoss,net_income,120067000000,USD,SEC EDGAR (public companyfacts + submissions JSON),2026-02-25T21:42:19.000Z,True,"first-reported preferred (earliest filed value kept per fiscal period); companyfacts may include later restated values - treated as caveated, never back-dated",availability_datetime from filing acceptance
NVDA,0001045810,2026-04-26,2027,Q1,10-Q,2026-05-20,CY2026Q1,us-gaap:NetIncomeLoss,net_income,58321000000,USD,SEC EDGAR (public companyfacts + submissions JSON),2026-05-20T20:35:52.000Z,True,"first-reported preferred (earliest filed value kept per fiscal period); companyfacts may include later restated values - treated as caveated, never back-dated",availability_datetime from filing acceptance
NVDA,0001045810,2024-07-28,2025,Q2,10-Q,2024-08-28,,us-gaap:OperatingIncomeLoss,operating_income,35551000000,USD,SEC EDGAR (public companyfacts + submissions JSON),2024-08-28T21:05:08.000Z,True,"first-reported preferred (earliest filed value kept per fiscal period); companyfacts may include later restated values - treated as caveated, never back-dated",availability_datetime from filing acceptance
NVDA,0001045810,2024-10-27,2025,Q3,10-Q,2024-11-20,,us-gaap:OperatingIncomeLoss,operating_income,57419000000,USD,SEC EDGAR (public companyfacts + submissions JSON),2024-11-20T21:31:22.000Z,True,"first-reported preferred (earliest filed value kept per fiscal period); companyfacts may include later restated values - treated as caveated, never back-dated",availability_datetime from filing acceptance
NVDA,0001045810,2025-01-26,2025,FY,10-K,2025-02-26,,us-gaap:OperatingIncomeLoss,operating_income,81453000000,USD,SEC EDGAR (public companyfacts + submissions JSON),2025-02-26T21:48:33.000Z,True,"first-reported preferred (earliest filed value kept per fiscal period); companyfacts may include later restated values - treated as caveated, never back-dated",availability_datetime from filing acceptance
NVDA,0001045810,2025-04-27,2026,Q1,10-Q,2025-05-28,,us-gaap:OperatingIncomeLoss,operating_income,21638000000,USD,SEC EDGAR (public companyfacts + submissions JSON),2025-05-28T20:32:57.000Z,True,"first-reported preferred (earliest filed value kept per fiscal period); companyfacts may include later restated values - treated as caveated, never back-dated",availability_datetime from filing acceptance
NVDA,0001045810,2025-07-27,2026,Q2,10-Q,2025-08-27,,us-gaap:OperatingIncomeLoss,operating_income,50078000000,USD,SEC EDGAR (public companyfacts + submissions JSON),2025-08-27T20:52:07.000Z,True,"first-reported preferred (earliest filed value kept per fiscal period); companyfacts may include later restated values - treated as caveated, never back-dated",availability_datetime from filing acceptance
NVDA,0001045810,2025-10-26,2026,Q3,10-Q,2025-11-19,,us-gaap:OperatingIncomeLoss,operating_income,86088000000,USD,SEC EDGAR (public companyfacts + submissions JSON),2025-11-19T21:36:17.000Z,True,"first-reported preferred (earliest filed value kept per fiscal period); companyfacts may include later restated values - treated as caveated, never back-dated",availability_datetime from filing acceptance
NVDA,0001045810,2026-01-25,2026,FY,10-K,2026-02-25,CY2025,us-gaap:OperatingIncomeLoss,operating_income,130387000000,USD,SEC EDGAR (public companyfacts + submissions JSON),2026-02-25T21:42:19.000Z,True,"first-reported preferred (earliest filed value kept per fiscal period); companyfacts may include later restated values - treated as caveated, never back-dated",availability_datetime from filing acceptance
NVDA,0001045810,2026-04-26,2027,Q1,10-Q,2026-05-20,CY2026Q1,us-gaap:OperatingIncomeLoss,operating_income,53536000000,USD,SEC EDGAR (public companyfacts + submissions JSON),2026-05-20T20:35:52.000Z,True,"first-reported preferred (earliest filed value kept per fiscal period); companyfacts may include later restated values - treated as caveated, never back-dated",availability_datetime from filing acceptance
NVDA,0001045810,2024-07-28,2025,Q2,10-Q,2024-08-28,,us-gaap:EarningsPerShareDiluted,eps_diluted,1.27,USD/shares,SEC EDGAR (public companyfacts + submissions JSON),2024-08-28T21:05:08.000Z,True,"first-reported preferred (earliest filed value kept per fiscal period); companyfacts may include later restated values - treated as caveated, never back-dated",availability_datetime from filing acceptance
NVDA,0001045810,2024-10-27,2025,Q3,10-Q,2024-11-20,,us-gaap:EarningsPerShareDiluted,eps_diluted,2.04,USD/shares,SEC EDGAR (public companyfacts + submissions JSON),2024-11-20T21:31:22.000Z,True,"first-reported preferred (earliest filed value kept per fiscal period); companyfacts may include later restated values - treated as caveated, never back-dated",availability_datetime from filing acceptance
NVDA,0001045810,2025-01-26,2025,FY,10-K,2025-02-26,,us-gaap:EarningsPerShareDiluted,eps_diluted,2.94,USD/shares,SEC EDGAR (public companyfacts + submissions JSON),2025-02-26T21:48:33.000Z,True,"first-reported preferred (earliest filed value kept per fiscal period); companyfacts may include later restated values - treated as caveated, never back-dated",availability_datetime from filing acceptance
NVDA,0001045810,2025-04-27,2026,Q1,10-Q,2025-05-28,,us-gaap:EarningsPerShareDiluted,eps_diluted,0.76,USD/shares,SEC EDGAR (public companyfacts + submissions JSON),2025-05-28T20:32:57.000Z,True,"first-reported preferred (earliest filed value kept per fiscal period); companyfacts may include later restated values - treated as caveated, never back-dated",availability_datetime from filing acceptance
NVDA,0001045810,2025-07-27,2026,Q2,10-Q,2025-08-27,,us-gaap:EarningsPerShareDiluted,eps_diluted,1.84,USD/shares,SEC EDGAR (public companyfacts + submissions JSON),2025-08-27T20:52:07.000Z,True,"first-reported preferred (earliest filed value kept per fiscal period); companyfacts may include later restated values - treated as caveated, never back-dated",availability_datetime from filing acceptance
NVDA,0001045810,2025-10-26,2026,Q3,10-Q,2025-11-19,,us-gaap:EarningsPerShareDiluted,eps_diluted,3.14,USD/shares,SEC EDGAR (public companyfacts + submissions JSON),2025-11-19T21:36:17.000Z,True,"first-reported preferred (earliest filed value kept per fiscal period); companyfacts may include later restated values - treated as caveated, never back-dated",availability_datetime from filing acceptance
NVDA,0001045810,2026-01-25,2026,FY,10-K,2026-02-25,CY2025,us-gaap:EarningsPerShareDiluted,eps_diluted,4.9,USD/shares,SEC EDGAR (public companyfacts + submissions JSON),2026-02-25T21:42:19.000Z,True,"first-reported preferred (earliest filed value kept per fiscal period); companyfacts may include later restated values - treated as caveated, never back-dated",availability_datetime from filing acceptance
NVDA,0001045810,2026-04-26,2027,Q1,10-Q,2026-05-20,CY2026Q1,us-gaap:EarningsPerShareDiluted,eps_diluted,2.39,USD/shares,SEC EDGAR (public companyfacts + submissions JSON),2026-05-20T20:35:52.000Z,True,"first-reported preferred (earliest filed value kept per fiscal period); companyfacts may include later restated values - treated as caveated, never back-dated",availability_datetime from filing acceptance
NVDA,0001045810,2025-01-26,2026,Q2,10-Q,2025-08-27,,us-gaap:Assets,total_assets,111601000000,USD,SEC EDGAR (public companyfacts + submissions JSON),2025-08-27T20:52:07.000Z,True,"first-reported preferred (earliest filed value kept per fiscal period); companyfacts may include later restated values - treated as caveated, never back-dated",availability_datetime from filing acceptance
NVDA,0001045810,2025-01-26,2026,Q3,10-Q,2025-11-19,,us-gaap:Assets,total_assets,111601000000,USD,SEC EDGAR (public companyfacts + submissions JSON),2025-11-19T21:36:17.000Z,True,"first-reported preferred (earliest filed value kept per fiscal period); companyfacts may include later restated values - treated as caveated, never back-dated",availability_datetime from filing acceptance
NVDA,0001045810,2025-04-27,2026,Q1,10-Q,2025-05-28,CY2025Q1I,us-gaap:Assets,total_assets,125254000000,USD,SEC EDGAR (public companyfacts + submissions JSON),2025-05-28T20:32:57.000Z,True,"first-reported preferred (earliest filed value kept per fiscal period); companyfacts may include later restated values - treated as caveated, never back-dated",availability_datetime from filing acceptance
NVDA,0001045810,2025-07-27,2026,Q2,10-Q,2025-08-27,CY2025Q2I,us-gaap:Assets,total_assets,140740000000,USD,SEC EDGAR (public companyfacts + submissions JSON),2025-08-27T20:52:07.000Z,True,"first-reported preferred (earliest filed value kept per fiscal period); companyfacts may include later restated values - treated as caveated, never back-dated",availability_datetime from filing acceptance
NVDA,0001045810,2025-10-26,2026,Q3,10-Q,2025-11-19,CY2025Q3I,us-gaap:Assets,total_assets,161148000000,USD,SEC EDGAR (public companyfacts + submissions JSON),2025-11-19T21:36:17.000Z,True,"first-reported preferred (earliest filed value kept per fiscal period); companyfacts may include later restated values - treated as caveated, never back-dated",availability_datetime from filing acceptance
NVDA,0001045810,2026-01-25,2026,FY,10-K,2026-02-25,,us-gaap:Assets,total_assets,206803000000,USD,SEC EDGAR (public companyfacts + submissions JSON),2026-02-25T21:42:19.000Z,True,"first-reported preferred (earliest filed value kept per fiscal period); companyfacts may include later restated values - treated as caveated, never back-dated",availability_datetime from filing acceptance
NVDA,0001045810,2026-01-25,2027,Q1,10-Q,2026-05-20,CY2025Q4I,us-gaap:Assets,total_assets,206803000000,USD,SEC EDGAR (public companyfacts + submissions JSON),2026-05-20T20:35:52.000Z,True,"first-reported preferred (earliest filed value kept per fiscal period); companyfacts may include later restated values - treated as caveated, never back-dated",availability_datetime from filing acceptance
NVDA,0001045810,2026-04-26,2027,Q1,10-Q,2026-05-20,CY2026Q1I,us-gaap:Assets,total_assets,259474000000,USD,SEC EDGAR (public companyfacts + submissions JSON),2026-05-20T20:35:52.000Z,True,"first-reported preferred (earliest filed value kept per fiscal period); companyfacts may include later restated values - treated as caveated, never back-dated",availability_datetime from filing acceptance
NVDA,0001045810,2025-01-26,2026,Q2,10-Q,2025-08-27,,us-gaap:Liabilities,total_liabilities,32274000000,USD,SEC EDGAR (public companyfacts + submissions JSON),2025-08-27T20:52:07.000Z,True,"first-reported preferred (earliest filed value kept per fiscal period); companyfacts may include later restated values - treated as caveated, never back-dated",availability_datetime from filing acceptance
NVDA,0001045810,2025-01-26,2026,Q3,10-Q,2025-11-19,,us-gaap:Liabilities,total_liabilities,32274000000,USD,SEC EDGAR (public companyfacts + submissions JSON),2025-11-19T21:36:17.000Z,True,"first-reported preferred (earliest filed value kept per fiscal period); companyfacts may include later restated values - treated as caveated, never back-dated",availability_datetime from filing acceptance
NVDA,0001045810,2025-04-27,2026,Q1,10-Q,2025-05-28,CY2025Q1I,us-gaap:Liabilities,total_liabilities,41411000000,USD,SEC EDGAR (public companyfacts + submissions JSON),2025-05-28T20:32:57.000Z,True,"first-reported preferred (earliest filed value kept per fiscal period); companyfacts may include later restated values - treated as caveated, never back-dated",availability_datetime from filing acceptance
NVDA,0001045810,2025-07-27,2026,Q2,10-Q,2025-08-27,CY2025Q2I,us-gaap:Liabilities,total_liabilities,40609000000,USD,SEC EDGAR (public companyfacts + submissions JSON),2025-08-27T20:52:07.000Z,True,"first-reported preferred (earliest filed value kept per fiscal period); companyfacts may include later restated values - treated as caveated, never back-dated",availability_datetime from filing acceptance
NVDA,0001045810,2025-10-26,2026,Q3,10-Q,2025-11-19,CY2025Q3I,us-gaap:Liabilities,total_liabilities,42251000000,USD,SEC EDGAR (public companyfacts + submissions JSON),2025-11-19T21:36:17.000Z,True,"first-reported preferred (earliest filed value kept per fiscal period); companyfacts may include later restated values - treated as caveated, never back-dated",availability_datetime from filing acceptance
NVDA,0001045810,2026-01-25,2026,FY,10-K,2026-02-25,,us-gaap:Liabilities,total_liabilities,49510000000,USD,SEC EDGAR (public companyfacts + submissions JSON),2026-02-25T21:42:19.000Z,True,"first-reported preferred (earliest filed value kept per fiscal period); companyfacts may include later restated values - treated as caveated, never back-dated",availability_datetime from filing acceptance
NVDA,0001045810,2026-01-25,2027,Q1,10-Q,2026-05-20,CY2025Q4I,us-gaap:Liabilities,total_liabilities,49510000000,USD,SEC EDGAR (public companyfacts + submissions JSON),2026-05-20T20:35:52.000Z,True,"first-reported preferred (earliest filed value kept per fiscal period); companyfacts may include later restated values - treated as caveated, never back-dated",availability_datetime from filing acceptance
NVDA,0001045810,2026-04-26,2027,Q1,10-Q,2026-05-20,CY2026Q1I,us-gaap:Liabilities,total_liabilities,64000000000,USD,SEC EDGAR (public companyfacts + submissions JSON),2026-05-20T20:35:52.000Z,True,"first-reported preferred (earliest filed value kept per fiscal period); companyfacts may include later restated values - treated as caveated, never back-dated",availability_datetime from filing acceptance
NVDA,0001045810,2025-04-27,2026,Q1,10-Q,2025-05-28,,us-gaap:StockholdersEquity,shareholder_equity,83843000000,USD,SEC EDGAR (public companyfacts + submissions JSON),2025-05-28T20:32:57.000Z,True,"first-reported preferred (earliest filed value kept per fiscal period); companyfacts may include later restated values - treated as caveated, never back-dated",availability_datetime from filing acceptance
NVDA,0001045810,2025-04-27,2026,Q2,10-Q,2025-08-27,,us-gaap:StockholdersEquity,shareholder_equity,83843000000,USD,SEC EDGAR (public companyfacts + submissions JSON),2025-08-27T20:52:07.000Z,True,"first-reported preferred (earliest filed value kept per fiscal period); companyfacts may include later restated values - treated as caveated, never back-dated",availability_datetime from filing acceptance
NVDA,0001045810,2025-07-27,2026,Q2,10-Q,2025-08-27,,us-gaap:StockholdersEquity,shareholder_equity,100131000000,USD,SEC EDGAR (public companyfacts + submissions JSON),2025-08-27T20:52:07.000Z,True,"first-reported preferred (earliest filed value kept per fiscal period); companyfacts may include later restated values - treated as caveated, never back-dated",availability_datetime from filing acceptance
NVDA,0001045810,2025-07-27,2026,Q3,10-Q,2025-11-19,CY2025Q2I,us-gaap:StockholdersEquity,shareholder_equity,100131000000,USD,SEC EDGAR (public companyfacts + submissions JSON),2025-11-19T21:36:17.000Z,True,"first-reported preferred (earliest filed value kept per fiscal period); companyfacts may include later restated values - treated as caveated, never back-dated",availability_datetime from filing acceptance
NVDA,0001045810,2025-10-26,2026,Q3,10-Q,2025-11-19,CY2025Q3I,us-gaap:StockholdersEquity,shareholder_equity,118897000000,USD,SEC EDGAR (public companyfacts + submissions JSON),2025-11-19T21:36:17.000Z,True,"first-reported preferred (earliest filed value kept per fiscal period); companyfacts may include later restated values - treated as caveated, never back-dated",availability_datetime from filing acceptance
NVDA,0001045810,2026-01-25,2026,FY,10-K,2026-02-25,,us-gaap:StockholdersEquity,shareholder_equity,157293000000,USD,SEC EDGAR (public companyfacts + submissions JSON),2026-02-25T21:42:19.000Z,True,"first-reported preferred (earliest filed value kept per fiscal period); companyfacts may include later restated values - treated as caveated, never back-dated",availability_datetime from filing acceptance
NVDA,0001045810,2026-01-25,2027,Q1,10-Q,2026-05-20,CY2025Q4I,us-gaap:StockholdersEquity,shareholder_equity,157293000000,USD,SEC EDGAR (public companyfacts + submissions JSON),2026-05-20T20:35:52.000Z,True,"first-reported preferred (earliest filed value kept per fiscal period); companyfacts may include later restated values - treated as caveated, never back-dated",availability_datetime from filing acceptance
NVDA,0001045810,2026-04-26,2027,Q1,10-Q,2026-05-20,CY2026Q1I,us-gaap:StockholdersEquity,shareholder_equity,195474000000,USD,SEC EDGAR (public companyfacts + submissions JSON),2026-05-20T20:35:52.000Z,True,"first-reported preferred (earliest filed value kept per fiscal period); companyfacts may include later restated values - treated as caveated, never back-dated",availability_datetime from filing acceptance
NVDA,0001045810,2024-07-28,2025,Q2,10-Q,2024-08-28,,us-gaap:NetCashProvidedByUsedInOperatingActivities,operating_cash_flow,29833000000,USD,SEC EDGAR (public companyfacts + submissions JSON),2024-08-28T21:05:08.000Z,True,"first-reported preferred (earliest filed value kept per fiscal period); companyfacts may include later restated values - treated as caveated, never back-dated",availability_datetime from filing acceptance
NVDA,0001045810,2024-10-27,2025,Q3,10-Q,2024-11-20,,us-gaap:NetCashProvidedByUsedInOperatingActivities,operating_cash_flow,47460000000,USD,SEC EDGAR (public companyfacts + submissions JSON),2024-11-20T21:31:22.000Z,True,"first-reported preferred (earliest filed value kept per fiscal period); companyfacts may include later restated values - treated as caveated, never back-dated",availability_datetime from filing acceptance
NVDA,0001045810,2025-01-26,2025,FY,10-K,2025-02-26,,us-gaap:NetCashProvidedByUsedInOperatingActivities,operating_cash_flow,64089000000,USD,SEC EDGAR (public companyfacts + submissions JSON),2025-02-26T21:48:33.000Z,True,"first-reported preferred (earliest filed value kept per fiscal period); companyfacts may include later restated values - treated as caveated, never back-dated",availability_datetime from filing acceptance
NVDA,0001045810,2025-04-27,2026,Q1,10-Q,2025-05-28,,us-gaap:NetCashProvidedByUsedInOperatingActivities,operating_cash_flow,27414000000,USD,SEC EDGAR (public companyfacts + submissions JSON),2025-05-28T20:32:57.000Z,True,"first-reported preferred (earliest filed value kept per fiscal period); companyfacts may include later restated values - treated as caveated, never back-dated",availability_datetime from filing acceptance
NVDA,0001045810,2025-07-27,2026,Q2,10-Q,2025-08-27,,us-gaap:NetCashProvidedByUsedInOperatingActivities,operating_cash_flow,42779000000,USD,SEC EDGAR (public companyfacts + submissions JSON),2025-08-27T20:52:07.000Z,True,"first-reported preferred (earliest filed value kept per fiscal period); companyfacts may include later restated values - treated as caveated, never back-dated",availability_datetime from filing acceptance
NVDA,0001045810,2025-10-26,2026,Q3,10-Q,2025-11-19,,us-gaap:NetCashProvidedByUsedInOperatingActivities,operating_cash_flow,66530000000,USD,SEC EDGAR (public companyfacts + submissions JSON),2025-11-19T21:36:17.000Z,True,"first-reported preferred (earliest filed value kept per fiscal period); companyfacts may include later restated values - treated as caveated, never back-dated",availability_datetime from filing acceptance
NVDA,0001045810,2026-01-25,2026,FY,10-K,2026-02-25,CY2025,us-gaap:NetCashProvidedByUsedInOperatingActivities,operating_cash_flow,102718000000,USD,SEC EDGAR (public companyfacts + submissions JSON),2026-02-25T21:42:19.000Z,True,"first-reported preferred (earliest filed value kept per fiscal period); companyfacts may include later restated values - treated as caveated, never back-dated",availability_datetime from filing acceptance
NVDA,0001045810,2026-04-26,2027,Q1,10-Q,2026-05-20,CY2026Q1,us-gaap:NetCashProvidedByUsedInOperatingActivities,operating_cash_flow,50344000000,USD,SEC EDGAR (public companyfacts + submissions JSON),2026-05-20T20:35:52.000Z,True,"first-reported preferred (earliest filed value kept per fiscal period); companyfacts may include later restated values - treated as caveated, never back-dated",availability_datetime from filing acceptance
NVDA,0001045810,2018-04-29,2019,Q1,10-Q,2018-05-22,,us-gaap:PaymentsToAcquirePropertyPlantAndEquipment,capital_expenditures,118000000,USD,SEC EDGAR (public companyfacts + submissions JSON),2018-05-22,True,"first-reported preferred (earliest filed value kept per fiscal period); companyfacts may include later restated values - treated as caveated, never back-dated",conservative: filed date used as availability_datetime
NVDA,0001045810,2018-07-29,2019,Q2,10-Q,2018-08-16,,us-gaap:PaymentsToAcquirePropertyPlantAndEquipment,capital_expenditures,247000000,USD,SEC EDGAR (public companyfacts + submissions JSON),2018-08-16,True,"first-reported preferred (earliest filed value kept per fiscal period); companyfacts may include later restated values - treated as caveated, never back-dated",conservative: filed date used as availability_datetime
NVDA,0001045810,2018-10-28,2019,Q3,10-Q,2018-11-15,,us-gaap:PaymentsToAcquirePropertyPlantAndEquipment,capital_expenditures,397000000,USD,SEC EDGAR (public companyfacts + submissions JSON),2018-11-15,True,"first-reported preferred (earliest filed value kept per fiscal period); companyfacts may include later restated values - treated as caveated, never back-dated",conservative: filed date used as availability_datetime
NVDA,0001045810,2019-04-28,2020,Q1,10-Q,2019-05-16,,us-gaap:PaymentsToAcquirePropertyPlantAndEquipment,capital_expenditures,128000000,USD,SEC EDGAR (public companyfacts + submissions JSON),2019-05-16,True,"first-reported preferred (earliest filed value kept per fiscal period); companyfacts may include later restated values - treated as caveated, never back-dated",conservative: filed date used as availability_datetime
NVDA,0001045810,2019-07-28,2020,Q2,10-Q,2019-08-15,,us-gaap:PaymentsToAcquirePropertyPlantAndEquipment,capital_expenditures,241000000,USD,SEC EDGAR (public companyfacts + submissions JSON),2019-08-15,True,"first-reported preferred (earliest filed value kept per fiscal period); companyfacts may include later restated values - treated as caveated, never back-dated",conservative: filed date used as availability_datetime
NVDA,0001045810,2019-10-27,2020,Q3,10-Q,2019-11-14,,us-gaap:PaymentsToAcquirePropertyPlantAndEquipment,capital_expenditures,344000000,USD,SEC EDGAR (public companyfacts + submissions JSON),2019-11-14,True,"first-reported preferred (earliest filed value kept per fiscal period); companyfacts may include later restated values - treated as caveated, never back-dated",conservative: filed date used as availability_datetime
NVDA,0001045810,2020-04-26,2020,Q1,10-Q,2020-05-21,CY2020Q1,us-gaap:PaymentsToAcquirePropertyPlantAndEquipment,capital_expenditures,155000000,USD,SEC EDGAR (public companyfacts + submissions JSON),2020-05-21T20:32:58.000Z,True,"first-reported preferred (earliest filed value kept per fiscal period); companyfacts may include later restated values - treated as caveated, never back-dated",availability_datetime from filing acceptance
NVDA,0001045810,2020-07-26,2020,Q2,10-Q,2020-08-19,,us-gaap:PaymentsToAcquirePropertyPlantAndEquipment,capital_expenditures,372000000,USD,SEC EDGAR (public companyfacts + submissions JSON),2020-08-19T20:36:51.000Z,True,"first-reported preferred (earliest filed value kept per fiscal period); companyfacts may include later restated values - treated as caveated, never back-dated",availability_datetime from filing acceptance
GOOGL,0001652044,2024-06-30,2025,Q2,10-Q,2025-07-24,,us-gaap:Revenues,revenue,165281000000,USD,SEC EDGAR (public companyfacts + submissions JSON),2025-07-23T23:44:01.000Z,True,"first-reported preferred (earliest filed value kept per fiscal period); companyfacts may include later restated values - treated as caveated, never back-dated",availability_datetime from filing acceptance
GOOGL,0001652044,2024-09-30,2025,Q3,10-Q,2025-10-30,,us-gaap:Revenues,revenue,253549000000,USD,SEC EDGAR (public companyfacts + submissions JSON),2025-10-30T01:55:01.000Z,True,"first-reported preferred (earliest filed value kept per fiscal period); companyfacts may include later restated values - treated as caveated, never back-dated",availability_datetime from filing acceptance
GOOGL,0001652044,2024-12-31,2025,FY,10-K,2026-02-05,CY2024,us-gaap:Revenues,revenue,350018000000,USD,SEC EDGAR (public companyfacts + submissions JSON),2026-02-05T02:56:03.000Z,True,"first-reported preferred (earliest filed value kept per fiscal period); companyfacts may include later restated values - treated as caveated, never back-dated",availability_datetime from filing acceptance
GOOGL,0001652044,2025-03-31,2026,Q1,10-Q,2026-04-30,CY2025Q1,us-gaap:Revenues,revenue,90234000000,USD,SEC EDGAR (public companyfacts + submissions JSON),2026-04-30T01:02:11.000Z,True,"first-reported preferred (earliest filed value kept per fiscal period); companyfacts may include later restated values - treated as caveated, never back-dated",availability_datetime from filing acceptance
GOOGL,0001652044,2025-06-30,2025,Q2,10-Q,2025-07-24,,us-gaap:Revenues,revenue,186662000000,USD,SEC EDGAR (public companyfacts + submissions JSON),2025-07-23T23:44:01.000Z,True,"first-reported preferred (earliest filed value kept per fiscal period); companyfacts may include later restated values - treated as caveated, never back-dated",availability_datetime from filing acceptance
GOOGL,0001652044,2025-09-30,2025,Q3,10-Q,2025-10-30,,us-gaap:Revenues,revenue,289007000000,USD,SEC EDGAR (public companyfacts + submissions JSON),2025-10-30T01:55:01.000Z,True,"first-reported preferred (earliest filed value kept per fiscal period); companyfacts may include later restated values - treated as caveated, never back-dated",availability_datetime from filing acceptance
GOOGL,0001652044,2025-12-31,2025,FY,10-K,2026-02-05,CY2025,us-gaap:Revenues,revenue,402836000000,USD,SEC EDGAR (public companyfacts + submissions JSON),2026-02-05T02:56:03.000Z,True,"first-reported preferred (earliest filed value kept per fiscal period); companyfacts may include later restated values - treated as caveated, never back-dated",availability_datetime from filing acceptance
GOOGL,0001652044,2026-03-31,2026,Q1,10-Q,2026-04-30,CY2026Q1,us-gaap:Revenues,revenue,109896000000,USD,SEC EDGAR (public companyfacts + submissions JSON),2026-04-30T01:02:11.000Z,True,"first-reported preferred (earliest filed value kept per fiscal period); companyfacts may include later restated values - treated as caveated, never back-dated",availability_datetime from filing acceptance
GOOGL,0001652044,2024-06-30,2024,Q2,10-Q,2024-07-24,,us-gaap:NetIncomeLoss,net_income,47281000000,USD,SEC EDGAR (public companyfacts + submissions JSON),2024-07-23T23:12:07.000Z,True,"first-reported preferred (earliest filed value kept per fiscal period); companyfacts may include later restated values - treated as caveated, never back-dated",availability_datetime from filing acceptance
GOOGL,0001652044,2024-09-30,2024,Q3,10-Q,2024-10-30,,us-gaap:NetIncomeLoss,net_income,73582000000,USD,SEC EDGAR (public companyfacts + submissions JSON),2024-10-29T23:33:10.000Z,True,"first-reported preferred (earliest filed value kept per fiscal period); companyfacts may include later restated values - treated as caveated, never back-dated",availability_datetime from filing acceptance
GOOGL,0001652044,2024-12-31,2024,FY,10-K,2025-02-05,,us-gaap:NetIncomeLoss,net_income,100118000000,USD,SEC EDGAR (public companyfacts + submissions JSON),2025-02-05T01:41:40.000Z,True,"first-reported preferred (earliest filed value kept per fiscal period); companyfacts may include later restated values - treated as caveated, never back-dated",availability_datetime from filing acceptance
GOOGL,0001652044,2025-03-31,2025,Q1,10-Q,2025-04-25,,us-gaap:NetIncomeLoss,net_income,34540000000,USD,SEC EDGAR (public companyfacts + submissions JSON),2025-04-25T01:05:29.000Z,True,"first-reported preferred (earliest filed value kept per fiscal period); companyfacts may include later restated values - treated as caveated, never back-dated",availability_datetime from filing acceptance
GOOGL,0001652044,2025-06-30,2025,Q2,10-Q,2025-07-24,,us-gaap:NetIncomeLoss,net_income,62736000000,USD,SEC EDGAR (public companyfacts + submissions JSON),2025-07-23T23:44:01.000Z,True,"first-reported preferred (earliest filed value kept per fiscal period); companyfacts may include later restated values - treated as caveated, never back-dated",availability_datetime from filing acceptance
GOOGL,0001652044,2025-09-30,2025,Q3,10-Q,2025-10-30,,us-gaap:NetIncomeLoss,net_income,97715000000,USD,SEC EDGAR (public companyfacts + submissions JSON),2025-10-30T01:55:01.000Z,True,"first-reported preferred (earliest filed value kept per fiscal period); companyfacts may include later restated values - treated as caveated, never back-dated",availability_datetime from filing acceptance
GOOGL,0001652044,2025-12-31,2025,FY,10-K,2026-02-05,,us-gaap:NetIncomeLoss,net_income,132170000000,USD,SEC EDGAR (public companyfacts + submissions JSON),2026-02-05T02:56:03.000Z,True,"first-reported preferred (earliest filed value kept per fiscal period); companyfacts may include later restated values - treated as caveated, never back-dated",availability_datetime from filing acceptance
GOOGL,0001652044,2026-03-31,2026,Q1,10-Q,2026-04-30,CY2026Q1,us-gaap:NetIncomeLoss,net_income,62578000000,USD,SEC EDGAR (public companyfacts + submissions JSON),2026-04-30T01:02:11.000Z,True,"first-reported preferred (earliest filed value kept per fiscal period); companyfacts may include later restated values - treated as caveated, never back-dated",availability_datetime from filing acceptance
GOOGL,0001652044,2024-06-30,2024,Q2,10-Q,2024-07-24,,us-gaap:OperatingIncomeLoss,operating_income,52897000000,USD,SEC EDGAR (public companyfacts + submissions JSON),2024-07-23T23:12:07.000Z,True,"first-reported preferred (earliest filed value kept per fiscal period); companyfacts may include later restated values - treated as caveated, never back-dated",availability_datetime from filing acceptance
GOOGL,0001652044,2024-09-30,2024,Q3,10-Q,2024-10-30,,us-gaap:OperatingIncomeLoss,operating_income,81418000000,USD,SEC EDGAR (public companyfacts + submissions JSON),2024-10-29T23:33:10.000Z,True,"first-reported preferred (earliest filed value kept per fiscal period); companyfacts may include later restated values - treated as caveated, never back-dated",availability_datetime from filing acceptance
GOOGL,0001652044,2024-12-31,2024,FY,10-K,2025-02-05,,us-gaap:OperatingIncomeLoss,operating_income,112390000000,USD,SEC EDGAR (public companyfacts + submissions JSON),2025-02-05T01:41:40.000Z,True,"first-reported preferred (earliest filed value kept per fiscal period); companyfacts may include later restated values - treated as caveated, never back-dated",availability_datetime from filing acceptance
GOOGL,0001652044,2025-03-31,2025,Q1,10-Q,2025-04-25,,us-gaap:OperatingIncomeLoss,operating_income,30606000000,USD,SEC EDGAR (public companyfacts + submissions JSON),2025-04-25T01:05:29.000Z,True,"first-reported preferred (earliest filed value kept per fiscal period); companyfacts may include later restated values - treated as caveated, never back-dated",availability_datetime from filing acceptance
GOOGL,0001652044,2025-06-30,2025,Q2,10-Q,2025-07-24,,us-gaap:OperatingIncomeLoss,operating_income,61877000000,USD,SEC EDGAR (public companyfacts + submissions JSON),2025-07-23T23:44:01.000Z,True,"first-reported preferred (earliest filed value kept per fiscal period); companyfacts may include later restated values - treated as caveated, never back-dated",availability_datetime from filing acceptance
GOOGL,0001652044,2025-09-30,2025,Q3,10-Q,2025-10-30,,us-gaap:OperatingIncomeLoss,operating_income,93105000000,USD,SEC EDGAR (public companyfacts + submissions JSON),2025-10-30T01:55:01.000Z,True,"first-reported preferred (earliest filed value kept per fiscal period); companyfacts may include later restated values - treated as caveated, never back-dated",availability_datetime from filing acceptance
GOOGL,0001652044,2025-12-31,2025,FY,10-K,2026-02-05,CY2025,us-gaap:OperatingIncomeLoss,operating_income,129039000000,USD,SEC EDGAR (public companyfacts + submissions JSON),2026-02-05T02:56:03.000Z,True,"first-reported preferred (earliest filed value kept per fiscal period); companyfacts may include later restated values - treated as caveated, never back-dated",availability_datetime from filing acceptance
GOOGL,0001652044,2026-03-31,2026,Q1,10-Q,2026-04-30,CY2026Q1,us-gaap:OperatingIncomeLoss,operating_income,39696000000,USD,SEC EDGAR (public companyfacts + submissions JSON),2026-04-30T01:02:11.000Z,True,"first-reported preferred (earliest filed value kept per fiscal period); companyfacts may include later restated values - treated as caveated, never back-dated",availability_datetime from filing acceptance
GOOGL,0001652044,2024-06-30,2024,Q2,10-Q,2024-07-24,,us-gaap:EarningsPerShareDiluted,eps_diluted,3.78,USD/shares,SEC EDGAR (public companyfacts + submissions JSON),2024-07-23T23:12:07.000Z,True,"first-reported preferred (earliest filed value kept per fiscal period); companyfacts may include later restated values - treated as caveated, never back-dated",availability_datetime from filing acceptance
GOOGL,0001652044,2024-09-30,2024,Q3,10-Q,2024-10-30,,us-gaap:EarningsPerShareDiluted,eps_diluted,5.9,USD/shares,SEC EDGAR (public companyfacts + submissions JSON),2024-10-29T23:33:10.000Z,True,"first-reported preferred (earliest filed value kept per fiscal period); companyfacts may include later restated values - treated as caveated, never back-dated",availability_datetime from filing acceptance
GOOGL,0001652044,2024-12-31,2024,FY,10-K,2025-02-05,,us-gaap:EarningsPerShareDiluted,eps_diluted,8.04,USD/shares,SEC EDGAR (public companyfacts + submissions JSON),2025-02-05T01:41:40.000Z,True,"first-reported preferred (earliest filed value kept per fiscal period); companyfacts may include later restated values - treated as caveated, never back-dated",availability_datetime from filing acceptance
GOOGL,0001652044,2025-03-31,2025,Q1,10-Q,2025-04-25,,us-gaap:EarningsPerShareDiluted,eps_diluted,2.81,USD/shares,SEC EDGAR (public companyfacts + submissions JSON),2025-04-25T01:05:29.000Z,True,"first-reported preferred (earliest filed value kept per fiscal period); companyfacts may include later restated values - treated as caveated, never back-dated",availability_datetime from filing acceptance
GOOGL,0001652044,2025-06-30,2025,Q2,10-Q,2025-07-24,,us-gaap:EarningsPerShareDiluted,eps_diluted,5.12,USD/shares,SEC EDGAR (public companyfacts + submissions JSON),2025-07-23T23:44:01.000Z,True,"first-reported preferred (earliest filed value kept per fiscal period); companyfacts may include later restated values - treated as caveated, never back-dated",availability_datetime from filing acceptance
GOOGL,0001652044,2025-09-30,2025,Q3,10-Q,2025-10-30,,us-gaap:EarningsPerShareDiluted,eps_diluted,7.99,USD/shares,SEC EDGAR (public companyfacts + submissions JSON),2025-10-30T01:55:01.000Z,True,"first-reported preferred (earliest filed value kept per fiscal period); companyfacts may include later restated values - treated as caveated, never back-dated",availability_datetime from filing acceptance
GOOGL,0001652044,2025-12-31,2025,FY,10-K,2026-02-05,CY2025,us-gaap:EarningsPerShareDiluted,eps_diluted,10.81,USD/shares,SEC EDGAR (public companyfacts + submissions JSON),2026-02-05T02:56:03.000Z,True,"first-reported preferred (earliest filed value kept per fiscal period); companyfacts may include later restated values - treated as caveated, never back-dated",availability_datetime from filing acceptance
GOOGL,0001652044,2026-03-31,2026,Q1,10-Q,2026-04-30,CY2026Q1,us-gaap:EarningsPerShareDiluted,eps_diluted,5.11,USD/shares,SEC EDGAR (public companyfacts + submissions JSON),2026-04-30T01:02:11.000Z,True,"first-reported preferred (earliest filed value kept per fiscal period); companyfacts may include later restated values - treated as caveated, never back-dated",availability_datetime from filing acceptance
GOOGL,0001652044,2024-12-31,2025,Q2,10-Q,2025-07-24,,us-gaap:Assets,total_assets,450256000000,USD,SEC EDGAR (public companyfacts + submissions JSON),2025-07-23T23:44:01.000Z,True,"first-reported preferred (earliest filed value kept per fiscal period); companyfacts may include later restated values - treated as caveated, never back-dated",availability_datetime from filing acceptance
GOOGL,0001652044,2024-12-31,2025,Q3,10-Q,2025-10-30,,us-gaap:Assets,total_assets,450256000000,USD,SEC EDGAR (public companyfacts + submissions JSON),2025-10-30T01:55:01.000Z,True,"first-reported preferred (earliest filed value kept per fiscal period); companyfacts may include later restated values - treated as caveated, never back-dated",availability_datetime from filing acceptance
GOOGL,0001652044,2025-03-31,2025,Q1,10-Q,2025-04-25,CY2025Q1I,us-gaap:Assets,total_assets,475374000000,USD,SEC EDGAR (public companyfacts + submissions JSON),2025-04-25T01:05:29.000Z,True,"first-reported preferred (earliest filed value kept per fiscal period); companyfacts may include later restated values - treated as caveated, never back-dated",availability_datetime from filing acceptance
GOOGL,0001652044,2025-06-30,2025,Q2,10-Q,2025-07-24,CY2025Q2I,us-gaap:Assets,total_assets,502053000000,USD,SEC EDGAR (public companyfacts + submissions JSON),2025-07-23T23:44:01.000Z,True,"first-reported preferred (earliest filed value kept per fiscal period); companyfacts may include later restated values - treated as caveated, never back-dated",availability_datetime from filing acceptance
GOOGL,0001652044,2025-09-30,2025,Q3,10-Q,2025-10-30,CY2025Q3I,us-gaap:Assets,total_assets,536469000000,USD,SEC EDGAR (public companyfacts + submissions JSON),2025-10-30T01:55:01.000Z,True,"first-reported preferred (earliest filed value kept per fiscal period); companyfacts may include later restated values - treated as caveated, never back-dated",availability_datetime from filing acceptance
GOOGL,0001652044,2025-12-31,2025,FY,10-K,2026-02-05,,us-gaap:Assets,total_assets,595281000000,USD,SEC EDGAR (public companyfacts + submissions JSON),2026-02-05T02:56:03.000Z,True,"first-reported preferred (earliest filed value kept per fiscal period); companyfacts may include later restated values - treated as caveated, never back-dated",availability_datetime from filing acceptance
GOOGL,0001652044,2025-12-31,2026,Q1,10-Q,2026-04-30,CY2025Q4I,us-gaap:Assets,total_assets,595281000000,USD,SEC EDGAR (public companyfacts + submissions JSON),2026-04-30T01:02:11.000Z,True,"first-reported preferred (earliest filed value kept per fiscal period); companyfacts may include later restated values - treated as caveated, never back-dated",availability_datetime from filing acceptance
GOOGL,0001652044,2026-03-31,2026,Q1,10-Q,2026-04-30,CY2026Q1I,us-gaap:Assets,total_assets,703919000000,USD,SEC EDGAR (public companyfacts + submissions JSON),2026-04-30T01:02:11.000Z,True,"first-reported preferred (earliest filed value kept per fiscal period); companyfacts may include later restated values - treated as caveated, never back-dated",availability_datetime from filing acceptance
GOOGL,0001652044,2024-12-31,2025,Q2,10-Q,2025-07-24,,us-gaap:Liabilities,total_liabilities,125172000000,USD,SEC EDGAR (public companyfacts + submissions JSON),2025-07-23T23:44:01.000Z,True,"first-reported preferred (earliest filed value kept per fiscal period); companyfacts may include later restated values - treated as caveated, never back-dated",availability_datetime from filing acceptance
GOOGL,0001652044,2024-12-31,2025,Q3,10-Q,2025-10-30,,us-gaap:Liabilities,total_liabilities,125172000000,USD,SEC EDGAR (public companyfacts + submissions JSON),2025-10-30T01:55:01.000Z,True,"first-reported preferred (earliest filed value kept per fiscal period); companyfacts may include later restated values - treated as caveated, never back-dated",availability_datetime from filing acceptance
GOOGL,0001652044,2025-03-31,2025,Q1,10-Q,2025-04-25,CY2025Q1I,us-gaap:Liabilities,total_liabilities,130107000000,USD,SEC EDGAR (public companyfacts + submissions JSON),2025-04-25T01:05:29.000Z,True,"first-reported preferred (earliest filed value kept per fiscal period); companyfacts may include later restated values - treated as caveated, never back-dated",availability_datetime from filing acceptance
GOOGL,0001652044,2025-06-30,2025,Q2,10-Q,2025-07-24,CY2025Q2I,us-gaap:Liabilities,total_liabilities,139137000000,USD,SEC EDGAR (public companyfacts + submissions JSON),2025-07-23T23:44:01.000Z,True,"first-reported preferred (earliest filed value kept per fiscal period); companyfacts may include later restated values - treated as caveated, never back-dated",availability_datetime from filing acceptance
GOOGL,0001652044,2025-09-30,2025,Q3,10-Q,2025-10-30,CY2025Q3I,us-gaap:Liabilities,total_liabilities,149602000000,USD,SEC EDGAR (public companyfacts + submissions JSON),2025-10-30T01:55:01.000Z,True,"first-reported preferred (earliest filed value kept per fiscal period); companyfacts may include later restated values - treated as caveated, never back-dated",availability_datetime from filing acceptance
GOOGL,0001652044,2025-12-31,2025,FY,10-K,2026-02-05,,us-gaap:Liabilities,total_liabilities,180016000000,USD,SEC EDGAR (public companyfacts + submissions JSON),2026-02-05T02:56:03.000Z,True,"first-reported preferred (earliest filed value kept per fiscal period); companyfacts may include later restated values - treated as caveated, never back-dated",availability_datetime from filing acceptance
GOOGL,0001652044,2025-12-31,2026,Q1,10-Q,2026-04-30,CY2025Q4I,us-gaap:Liabilities,total_liabilities,180016000000,USD,SEC EDGAR (public companyfacts + submissions JSON),2026-04-30T01:02:11.000Z,True,"first-reported preferred (earliest filed value kept per fiscal period); companyfacts may include later restated values - treated as caveated, never back-dated",availability_datetime from filing acceptance
GOOGL,0001652044,2026-03-31,2026,Q1,10-Q,2026-04-30,CY2026Q1I,us-gaap:Liabilities,total_liabilities,225173000000,USD,SEC EDGAR (public companyfacts + submissions JSON),2026-04-30T01:02:11.000Z,True,"first-reported preferred (earliest filed value kept per fiscal period); companyfacts may include later restated values - treated as caveated, never back-dated",availability_datetime from filing acceptance
GOOGL,0001652044,2025-03-31,2025,Q1,10-Q,2025-04-25,,us-gaap:StockholdersEquity,shareholder_equity,345267000000,USD,SEC EDGAR (public companyfacts + submissions JSON),2025-04-25T01:05:29.000Z,True,"first-reported preferred (earliest filed value kept per fiscal period); companyfacts may include later restated values - treated as caveated, never back-dated",availability_datetime from filing acceptance
GOOGL,0001652044,2025-03-31,2025,Q2,10-Q,2025-07-24,,us-gaap:StockholdersEquity,shareholder_equity,345267000000,USD,SEC EDGAR (public companyfacts + submissions JSON),2025-07-23T23:44:01.000Z,True,"first-reported preferred (earliest filed value kept per fiscal period); companyfacts may include later restated values - treated as caveated, never back-dated",availability_datetime from filing acceptance
GOOGL,0001652044,2025-06-30,2025,Q2,10-Q,2025-07-24,,us-gaap:StockholdersEquity,shareholder_equity,362916000000,USD,SEC EDGAR (public companyfacts + submissions JSON),2025-07-23T23:44:01.000Z,True,"first-reported preferred (earliest filed value kept per fiscal period); companyfacts may include later restated values - treated as caveated, never back-dated",availability_datetime from filing acceptance
GOOGL,0001652044,2025-06-30,2025,Q3,10-Q,2025-10-30,CY2025Q2I,us-gaap:StockholdersEquity,shareholder_equity,362916000000,USD,SEC EDGAR (public companyfacts + submissions JSON),2025-10-30T01:55:01.000Z,True,"first-reported preferred (earliest filed value kept per fiscal period); companyfacts may include later restated values - treated as caveated, never back-dated",availability_datetime from filing acceptance
GOOGL,0001652044,2025-09-30,2025,Q3,10-Q,2025-10-30,CY2025Q3I,us-gaap:StockholdersEquity,shareholder_equity,386867000000,USD,SEC EDGAR (public companyfacts + submissions JSON),2025-10-30T01:55:01.000Z,True,"first-reported preferred (earliest filed value kept per fiscal period); companyfacts may include later restated values - treated as caveated, never back-dated",availability_datetime from filing acceptance
GOOGL,0001652044,2025-12-31,2025,FY,10-K,2026-02-05,,us-gaap:StockholdersEquity,shareholder_equity,415265000000,USD,SEC EDGAR (public companyfacts + submissions JSON),2026-02-05T02:56:03.000Z,True,"first-reported preferred (earliest filed value kept per fiscal period); companyfacts may include later restated values - treated as caveated, never back-dated",availability_datetime from filing acceptance
GOOGL,0001652044,2025-12-31,2026,Q1,10-Q,2026-04-30,CY2025Q4I,us-gaap:StockholdersEquity,shareholder_equity,415265000000,USD,SEC EDGAR (public companyfacts + submissions JSON),2026-04-30T01:02:11.000Z,True,"first-reported preferred (earliest filed value kept per fiscal period); companyfacts may include later restated values - treated as caveated, never back-dated",availability_datetime from filing acceptance
GOOGL,0001652044,2026-03-31,2026,Q1,10-Q,2026-04-30,CY2026Q1I,us-gaap:StockholdersEquity,shareholder_equity,478746000000,USD,SEC EDGAR (public companyfacts + submissions JSON),2026-04-30T01:02:11.000Z,True,"first-reported preferred (earliest filed value kept per fiscal period); companyfacts may include later restated values - treated as caveated, never back-dated",availability_datetime from filing acceptance
GOOGL,0001652044,2024-06-30,2024,Q2,10-Q,2024-07-24,,us-gaap:NetCashProvidedByUsedInOperatingActivities,operating_cash_flow,55488000000,USD,SEC EDGAR (public companyfacts + submissions JSON),2024-07-23T23:12:07.000Z,True,"first-reported preferred (earliest filed value kept per fiscal period); companyfacts may include later restated values - treated as caveated, never back-dated",availability_datetime from filing acceptance
GOOGL,0001652044,2024-09-30,2024,Q3,10-Q,2024-10-30,,us-gaap:NetCashProvidedByUsedInOperatingActivities,operating_cash_flow,86186000000,USD,SEC EDGAR (public companyfacts + submissions JSON),2024-10-29T23:33:10.000Z,True,"first-reported preferred (earliest filed value kept per fiscal period); companyfacts may include later restated values - treated as caveated, never back-dated",availability_datetime from filing acceptance
GOOGL,0001652044,2024-12-31,2024,FY,10-K,2025-02-05,,us-gaap:NetCashProvidedByUsedInOperatingActivities,operating_cash_flow,125299000000,USD,SEC EDGAR (public companyfacts + submissions JSON),2025-02-05T01:41:40.000Z,True,"first-reported preferred (earliest filed value kept per fiscal period); companyfacts may include later restated values - treated as caveated, never back-dated",availability_datetime from filing acceptance
GOOGL,0001652044,2025-03-31,2025,Q1,10-Q,2025-04-25,,us-gaap:NetCashProvidedByUsedInOperatingActivities,operating_cash_flow,36150000000,USD,SEC EDGAR (public companyfacts + submissions JSON),2025-04-25T01:05:29.000Z,True,"first-reported preferred (earliest filed value kept per fiscal period); companyfacts may include later restated values - treated as caveated, never back-dated",availability_datetime from filing acceptance
GOOGL,0001652044,2025-06-30,2025,Q2,10-Q,2025-07-24,,us-gaap:NetCashProvidedByUsedInOperatingActivities,operating_cash_flow,63897000000,USD,SEC EDGAR (public companyfacts + submissions JSON),2025-07-23T23:44:01.000Z,True,"first-reported preferred (earliest filed value kept per fiscal period); companyfacts may include later restated values - treated as caveated, never back-dated",availability_datetime from filing acceptance
GOOGL,0001652044,2025-09-30,2025,Q3,10-Q,2025-10-30,,us-gaap:NetCashProvidedByUsedInOperatingActivities,operating_cash_flow,112311000000,USD,SEC EDGAR (public companyfacts + submissions JSON),2025-10-30T01:55:01.000Z,True,"first-reported preferred (earliest filed value kept per fiscal period); companyfacts may include later restated values - treated as caveated, never back-dated",availability_datetime from filing acceptance
GOOGL,0001652044,2025-12-31,2025,FY,10-K,2026-02-05,CY2025,us-gaap:NetCashProvidedByUsedInOperatingActivities,operating_cash_flow,164713000000,USD,SEC EDGAR (public companyfacts + submissions JSON),2026-02-05T02:56:03.000Z,True,"first-reported preferred (earliest filed value kept per fiscal period); companyfacts may include later restated values - treated as caveated, never back-dated",availability_datetime from filing acceptance
GOOGL,0001652044,2026-03-31,2026,Q1,10-Q,2026-04-30,CY2026Q1,us-gaap:NetCashProvidedByUsedInOperatingActivities,operating_cash_flow,45790000000,USD,SEC EDGAR (public companyfacts + submissions JSON),2026-04-30T01:02:11.000Z,True,"first-reported preferred (earliest filed value kept per fiscal period); companyfacts may include later restated values - treated as caveated, never back-dated",availability_datetime from filing acceptance
GOOGL,0001652044,2024-06-30,2024,Q2,10-Q,2024-07-24,,us-gaap:PaymentsToAcquirePropertyPlantAndEquipment,capital_expenditures,25198000000,USD,SEC EDGAR (public companyfacts + submissions JSON),2024-07-23T23:12:07.000Z,True,"first-reported preferred (earliest filed value kept per fiscal period); companyfacts may include later restated values - treated as caveated, never back-dated",availability_datetime from filing acceptance
GOOGL,0001652044,2024-09-30,2024,Q3,10-Q,2024-10-30,,us-gaap:PaymentsToAcquirePropertyPlantAndEquipment,capital_expenditures,38259000000,USD,SEC EDGAR (public companyfacts + submissions JSON),2024-10-29T23:33:10.000Z,True,"first-reported preferred (earliest filed value kept per fiscal period); companyfacts may include later restated values - treated as caveated, never back-dated",availability_datetime from filing acceptance
GOOGL,0001652044,2024-12-31,2024,FY,10-K,2025-02-05,,us-gaap:PaymentsToAcquirePropertyPlantAndEquipment,capital_expenditures,52535000000,USD,SEC EDGAR (public companyfacts + submissions JSON),2025-02-05T01:41:40.000Z,True,"first-reported preferred (earliest filed value kept per fiscal period); companyfacts may include later restated values - treated as caveated, never back-dated",availability_datetime from filing acceptance
GOOGL,0001652044,2025-03-31,2025,Q1,10-Q,2025-04-25,,us-gaap:PaymentsToAcquirePropertyPlantAndEquipment,capital_expenditures,17197000000,USD,SEC EDGAR (public companyfacts + submissions JSON),2025-04-25T01:05:29.000Z,True,"first-reported preferred (earliest filed value kept per fiscal period); companyfacts may include later restated values - treated as caveated, never back-dated",availability_datetime from filing acceptance
GOOGL,0001652044,2025-06-30,2025,Q2,10-Q,2025-07-24,,us-gaap:PaymentsToAcquirePropertyPlantAndEquipment,capital_expenditures,39643000000,USD,SEC EDGAR (public companyfacts + submissions JSON),2025-07-23T23:44:01.000Z,True,"first-reported preferred (earliest filed value kept per fiscal period); companyfacts may include later restated values - treated as caveated, never back-dated",availability_datetime from filing acceptance
GOOGL,0001652044,2025-09-30,2025,Q3,10-Q,2025-10-30,,us-gaap:PaymentsToAcquirePropertyPlantAndEquipment,capital_expenditures,63596000000,USD,SEC EDGAR (public companyfacts + submissions JSON),2025-10-30T01:55:01.000Z,True,"first-reported preferred (earliest filed value kept per fiscal period); companyfacts may include later restated values - treated as caveated, never back-dated",availability_datetime from filing acceptance
GOOGL,0001652044,2025-12-31,2025,FY,10-K,2026-02-05,CY2025,us-gaap:PaymentsToAcquirePropertyPlantAndEquipment,capital_expenditures,91447000000,USD,SEC EDGAR (public companyfacts + submissions JSON),2026-02-05T02:56:03.000Z,True,"first-reported preferred (earliest filed value kept per fiscal period); companyfacts may include later restated values - treated as caveated, never back-dated",availability_datetime from filing acceptance
GOOGL,0001652044,2026-03-31,2026,Q1,10-Q,2026-04-30,CY2026Q1,us-gaap:PaymentsToAcquirePropertyPlantAndEquipment,capital_expenditures,35674000000,USD,SEC EDGAR (public companyfacts + submissions JSON),2026-04-30T01:02:11.000Z,True,"first-reported preferred (earliest filed value kept per fiscal period); companyfacts may include later restated values - treated as caveated, never back-dated",availability_datetime from filing acceptance
GOOGL,0001652044,2024-06-30,2024,Q2,10-Q,,,derived:NetCashProvidedByUsedInOperatingActivities-PaymentsToAcquirePropertyPlantAndEquipment,free_cash_flow,30290000000,USD,SEC EDGAR (public companyfacts + submissions JSON),2024-07-23T23:12:07.000Z,True,"first-reported preferred (earliest filed value kept per fiscal period); companyfacts may include later restated values - treated as caveated, never back-dated",derived = operating_cash_flow - capital_expenditures; availability is the later of the two inputs
GOOGL,0001652044,2024-09-30,2024,Q3,10-Q,,,derived:NetCashProvidedByUsedInOperatingActivities-PaymentsToAcquirePropertyPlantAndEquipment,free_cash_flow,47927000000,USD,SEC EDGAR (public companyfacts + submissions JSON),2024-10-29T23:33:10.000Z,True,"first-reported preferred (earliest filed value kept per fiscal period); companyfacts may include later restated values - treated as caveated, never back-dated",derived = operating_cash_flow - capital_expenditures; availability is the later of the two inputs
GOOGL,0001652044,2024-12-31,2024,FY,10-K,,,derived:NetCashProvidedByUsedInOperatingActivities-PaymentsToAcquirePropertyPlantAndEquipment,free_cash_flow,72764000000,USD,SEC EDGAR (public companyfacts + submissions JSON),2025-02-05T01:41:40.000Z,True,"first-reported preferred (earliest filed value kept per fiscal period); companyfacts may include later restated values - treated as caveated, never back-dated",derived = operating_cash_flow - capital_expenditures; availability is the later of the two inputs
GOOGL,0001652044,2025-03-31,2025,Q1,10-Q,,,derived:NetCashProvidedByUsedInOperatingActivities-PaymentsToAcquirePropertyPlantAndEquipment,free_cash_flow,18953000000,USD,SEC EDGAR (public companyfacts + submissions JSON),2025-04-25T01:05:29.000Z,True,"first-reported preferred (earliest filed value kept per fiscal period); companyfacts may include later restated values - treated as caveated, never back-dated",derived = operating_cash_flow - capital_expenditures; availability is the later of the two inputs
GOOGL,0001652044,2025-06-30,2025,Q2,10-Q,,,derived:NetCashProvidedByUsedInOperatingActivities-PaymentsToAcquirePropertyPlantAndEquipment,free_cash_flow,24254000000,USD,SEC EDGAR (public companyfacts + submissions JSON),2025-07-23T23:44:01.000Z,True,"first-reported preferred (earliest filed value kept per fiscal period); companyfacts may include later restated values - treated as caveated, never back-dated",derived = operating_cash_flow - capital_expenditures; availability is the later of the two inputs
GOOGL,0001652044,2025-09-30,2025,Q3,10-Q,,,derived:NetCashProvidedByUsedInOperatingActivities-PaymentsToAcquirePropertyPlantAndEquipment,free_cash_flow,48715000000,USD,SEC EDGAR (public companyfacts + submissions JSON),2025-10-30T01:55:01.000Z,True,"first-reported preferred (earliest filed value kept per fiscal period); companyfacts may include later restated values - treated as caveated, never back-dated",derived = operating_cash_flow - capital_expenditures; availability is the later of the two inputs
GOOGL,0001652044,2025-12-31,2025,FY,10-K,,,derived:NetCashProvidedByUsedInOperatingActivities-PaymentsToAcquirePropertyPlantAndEquipment,free_cash_flow,73266000000,USD,SEC EDGAR (public companyfacts + submissions JSON),2026-02-05T02:56:03.000Z,True,"first-reported preferred (earliest filed value kept per fiscal period); companyfacts may include later restated values - treated as caveated, never back-dated",derived = operating_cash_flow - capital_expenditures; availability is the later of the two inputs
GOOGL,0001652044,2026-03-31,2026,Q1,10-Q,,,derived:NetCashProvidedByUsedInOperatingActivities-PaymentsToAcquirePropertyPlantAndEquipment,free_cash_flow,10116000000,USD,SEC EDGAR (public companyfacts + submissions JSON),2026-04-30T01:02:11.000Z,True,"first-reported preferred (earliest filed value kept per fiscal period); companyfacts may include later restated values - treated as caveated, never back-dated",derived = operating_cash_flow - capital_expenditures; availability is the later of the two inputs
META,0001326801,2016-12-31,2016,FY,10-K,2017-02-03,,us-gaap:Revenues,revenue,27638000000,USD,SEC EDGAR (public companyfacts + submissions JSON),2017-02-03,True,"first-reported preferred (earliest filed value kept per fiscal period); companyfacts may include later restated values - treated as caveated, never back-dated",conservative: filed date used as availability_datetime
META,0001326801,2017-03-31,2017,Q1,10-Q,2017-05-04,,us-gaap:Revenues,revenue,8032000000,USD,SEC EDGAR (public companyfacts + submissions JSON),2017-05-04,True,"first-reported preferred (earliest filed value kept per fiscal period); companyfacts may include later restated values - treated as caveated, never back-dated",conservative: filed date used as availability_datetime
META,0001326801,2017-06-30,2017,Q2,10-Q,2017-07-27,,us-gaap:Revenues,revenue,17353000000,USD,SEC EDGAR (public companyfacts + submissions JSON),2017-07-27,True,"first-reported preferred (earliest filed value kept per fiscal period); companyfacts may include later restated values - treated as caveated, never back-dated",conservative: filed date used as availability_datetime
META,0001326801,2017-09-30,2017,Q3,10-Q,2017-11-02,,us-gaap:Revenues,revenue,27681000000,USD,SEC EDGAR (public companyfacts + submissions JSON),2017-11-02,True,"first-reported preferred (earliest filed value kept per fiscal period); companyfacts may include later restated values - treated as caveated, never back-dated",conservative: filed date used as availability_datetime
META,0001326801,2017-12-31,2017,FY,10-K,2018-02-01,CY2017,us-gaap:Revenues,revenue,40653000000,USD,SEC EDGAR (public companyfacts + submissions JSON),2018-02-01,True,"first-reported preferred (earliest filed value kept per fiscal period); companyfacts may include later restated values - treated as caveated, never back-dated",conservative: filed date used as availability_datetime
META,0001326801,2018-03-31,2018,Q1,10-Q,2018-04-26,CY2018Q1,us-gaap:Revenues,revenue,11966000000,USD,SEC EDGAR (public companyfacts + submissions JSON),2018-04-26,True,"first-reported preferred (earliest filed value kept per fiscal period); companyfacts may include later restated values - treated as caveated, never back-dated",conservative: filed date used as availability_datetime
META,0001326801,2018-06-30,2018,Q2,10-Q,2018-07-26,,us-gaap:Revenues,revenue,25197000000,USD,SEC EDGAR (public companyfacts + submissions JSON),2018-07-26,True,"first-reported preferred (earliest filed value kept per fiscal period); companyfacts may include later restated values - treated as caveated, never back-dated",conservative: filed date used as availability_datetime
META,0001326801,2018-09-30,2018,Q3,10-Q,2018-10-31,,us-gaap:Revenues,revenue,38924000000,USD,SEC EDGAR (public companyfacts + submissions JSON),2018-10-31,True,"first-reported preferred (earliest filed value kept per fiscal period); companyfacts may include later restated values - treated as caveated, never back-dated",conservative: filed date used as availability_datetime
META,0001326801,2024-06-30,2024,Q2,10-Q,2024-08-01,,us-gaap:NetIncomeLoss,net_income,25834000000,USD,SEC EDGAR (public companyfacts + submissions JSON),2024-08-01T00:14:40.000Z,True,"first-reported preferred (earliest filed value kept per fiscal period); companyfacts may include later restated values - treated as caveated, never back-dated",availability_datetime from filing acceptance
META,0001326801,2024-09-30,2024,Q3,10-Q,2024-10-31,,us-gaap:NetIncomeLoss,net_income,41522000000,USD,SEC EDGAR (public companyfacts + submissions JSON),2024-10-30T23:54:51.000Z,True,"first-reported preferred (earliest filed value kept per fiscal period); companyfacts may include later restated values - treated as caveated, never back-dated",availability_datetime from filing acceptance
META,0001326801,2024-12-31,2024,FY,10-K,2025-01-30,,us-gaap:NetIncomeLoss,net_income,62360000000,USD,SEC EDGAR (public companyfacts + submissions JSON),2025-01-30T01:00:50.000Z,True,"first-reported preferred (earliest filed value kept per fiscal period); companyfacts may include later restated values - treated as caveated, never back-dated",availability_datetime from filing acceptance
META,0001326801,2025-03-31,2025,Q1,10-Q,2025-05-01,,us-gaap:NetIncomeLoss,net_income,16644000000,USD,SEC EDGAR (public companyfacts + submissions JSON),2025-05-01T00:03:18.000Z,True,"first-reported preferred (earliest filed value kept per fiscal period); companyfacts may include later restated values - treated as caveated, never back-dated",availability_datetime from filing acceptance
META,0001326801,2025-06-30,2025,Q2,10-Q,2025-07-31,,us-gaap:NetIncomeLoss,net_income,34981000000,USD,SEC EDGAR (public companyfacts + submissions JSON),2025-07-31T00:02:12.000Z,True,"first-reported preferred (earliest filed value kept per fiscal period); companyfacts may include later restated values - treated as caveated, never back-dated",availability_datetime from filing acceptance
META,0001326801,2025-09-30,2025,Q3,10-Q,2025-10-30,,us-gaap:NetIncomeLoss,net_income,37690000000,USD,SEC EDGAR (public companyfacts + submissions JSON),2025-10-29T22:50:26.000Z,True,"first-reported preferred (earliest filed value kept per fiscal period); companyfacts may include later restated values - treated as caveated, never back-dated",availability_datetime from filing acceptance
META,0001326801,2025-12-31,2025,FY,10-K,2026-01-29,,us-gaap:NetIncomeLoss,net_income,60458000000,USD,SEC EDGAR (public companyfacts + submissions JSON),2026-01-29T00:13:46.000Z,True,"first-reported preferred (earliest filed value kept per fiscal period); companyfacts may include later restated values - treated as caveated, never back-dated",availability_datetime from filing acceptance
META,0001326801,2026-03-31,2026,Q1,10-Q,2026-04-30,CY2026Q1,us-gaap:NetIncomeLoss,net_income,26773000000,USD,SEC EDGAR (public companyfacts + submissions JSON),2026-04-29T23:54:11.000Z,True,"first-reported preferred (earliest filed value kept per fiscal period); companyfacts may include later restated values - treated as caveated, never back-dated",availability_datetime from filing acceptance
META,0001326801,2024-06-30,2024,Q2,10-Q,2024-08-01,,us-gaap:OperatingIncomeLoss,operating_income,28665000000,USD,SEC EDGAR (public companyfacts + submissions JSON),2024-08-01T00:14:40.000Z,True,"first-reported preferred (earliest filed value kept per fiscal period); companyfacts may include later restated values - treated as caveated, never back-dated",availability_datetime from filing acceptance
META,0001326801,2024-09-30,2024,Q3,10-Q,2024-10-31,,us-gaap:OperatingIncomeLoss,operating_income,46016000000,USD,SEC EDGAR (public companyfacts + submissions JSON),2024-10-30T23:54:51.000Z,True,"first-reported preferred (earliest filed value kept per fiscal period); companyfacts may include later restated values - treated as caveated, never back-dated",availability_datetime from filing acceptance
META,0001326801,2024-12-31,2024,FY,10-K,2025-01-30,,us-gaap:OperatingIncomeLoss,operating_income,69380000000,USD,SEC EDGAR (public companyfacts + submissions JSON),2025-01-30T01:00:50.000Z,True,"first-reported preferred (earliest filed value kept per fiscal period); companyfacts may include later restated values - treated as caveated, never back-dated",availability_datetime from filing acceptance
META,0001326801,2025-03-31,2025,Q1,10-Q,2025-05-01,,us-gaap:OperatingIncomeLoss,operating_income,17555000000,USD,SEC EDGAR (public companyfacts + submissions JSON),2025-05-01T00:03:18.000Z,True,"first-reported preferred (earliest filed value kept per fiscal period); companyfacts may include later restated values - treated as caveated, never back-dated",availability_datetime from filing acceptance
META,0001326801,2025-06-30,2025,Q2,10-Q,2025-07-31,,us-gaap:OperatingIncomeLoss,operating_income,37997000000,USD,SEC EDGAR (public companyfacts + submissions JSON),2025-07-31T00:02:12.000Z,True,"first-reported preferred (earliest filed value kept per fiscal period); companyfacts may include later restated values - treated as caveated, never back-dated",availability_datetime from filing acceptance
META,0001326801,2025-09-30,2025,Q3,10-Q,2025-10-30,,us-gaap:OperatingIncomeLoss,operating_income,58531000000,USD,SEC EDGAR (public companyfacts + submissions JSON),2025-10-29T22:50:26.000Z,True,"first-reported preferred (earliest filed value kept per fiscal period); companyfacts may include later restated values - treated as caveated, never back-dated",availability_datetime from filing acceptance
META,0001326801,2025-12-31,2025,FY,10-K,2026-01-29,CY2025,us-gaap:OperatingIncomeLoss,operating_income,83276000000,USD,SEC EDGAR (public companyfacts + submissions JSON),2026-01-29T00:13:46.000Z,True,"first-reported preferred (earliest filed value kept per fiscal period); companyfacts may include later restated values - treated as caveated, never back-dated",availability_datetime from filing acceptance
META,0001326801,2026-03-31,2026,Q1,10-Q,2026-04-30,CY2026Q1,us-gaap:OperatingIncomeLoss,operating_income,22872000000,USD,SEC EDGAR (public companyfacts + submissions JSON),2026-04-29T23:54:11.000Z,True,"first-reported preferred (earliest filed value kept per fiscal period); companyfacts may include later restated values - treated as caveated, never back-dated",availability_datetime from filing acceptance
META,0001326801,2024-06-30,2024,Q2,10-Q,2024-08-01,,us-gaap:EarningsPerShareDiluted,eps_diluted,9.86,USD/shares,SEC EDGAR (public companyfacts + submissions JSON),2024-08-01T00:14:40.000Z,True,"first-reported preferred (earliest filed value kept per fiscal period); companyfacts may include later restated values - treated as caveated, never back-dated",availability_datetime from filing acceptance
META,0001326801,2024-09-30,2024,Q3,10-Q,2024-10-31,,us-gaap:EarningsPerShareDiluted,eps_diluted,15.88,USD/shares,SEC EDGAR (public companyfacts + submissions JSON),2024-10-30T23:54:51.000Z,True,"first-reported preferred (earliest filed value kept per fiscal period); companyfacts may include later restated values - treated as caveated, never back-dated",availability_datetime from filing acceptance
META,0001326801,2024-12-31,2024,FY,10-K,2025-01-30,,us-gaap:EarningsPerShareDiluted,eps_diluted,23.86,USD/shares,SEC EDGAR (public companyfacts + submissions JSON),2025-01-30T01:00:50.000Z,True,"first-reported preferred (earliest filed value kept per fiscal period); companyfacts may include later restated values - treated as caveated, never back-dated",availability_datetime from filing acceptance
META,0001326801,2025-03-31,2025,Q1,10-Q,2025-05-01,,us-gaap:EarningsPerShareDiluted,eps_diluted,6.43,USD/shares,SEC EDGAR (public companyfacts + submissions JSON),2025-05-01T00:03:18.000Z,True,"first-reported preferred (earliest filed value kept per fiscal period); companyfacts may include later restated values - treated as caveated, never back-dated",availability_datetime from filing acceptance
META,0001326801,2025-06-30,2025,Q2,10-Q,2025-07-31,,us-gaap:EarningsPerShareDiluted,eps_diluted,13.56,USD/shares,SEC EDGAR (public companyfacts + submissions JSON),2025-07-31T00:02:12.000Z,True,"first-reported preferred (earliest filed value kept per fiscal period); companyfacts may include later restated values - treated as caveated, never back-dated",availability_datetime from filing acceptance
META,0001326801,2025-09-30,2025,Q3,10-Q,2025-10-30,,us-gaap:EarningsPerShareDiluted,eps_diluted,14.62,USD/shares,SEC EDGAR (public companyfacts + submissions JSON),2025-10-29T22:50:26.000Z,True,"first-reported preferred (earliest filed value kept per fiscal period); companyfacts may include later restated values - treated as caveated, never back-dated",availability_datetime from filing acceptance
META,0001326801,2025-12-31,2025,FY,10-K,2026-01-29,CY2025,us-gaap:EarningsPerShareDiluted,eps_diluted,23.49,USD/shares,SEC EDGAR (public companyfacts + submissions JSON),2026-01-29T00:13:46.000Z,True,"first-reported preferred (earliest filed value kept per fiscal period); companyfacts may include later restated values - treated as caveated, never back-dated",availability_datetime from filing acceptance
META,0001326801,2026-03-31,2026,Q1,10-Q,2026-04-30,CY2026Q1,us-gaap:EarningsPerShareDiluted,eps_diluted,10.44,USD/shares,SEC EDGAR (public companyfacts + submissions JSON),2026-04-29T23:54:11.000Z,True,"first-reported preferred (earliest filed value kept per fiscal period); companyfacts may include later restated values - treated as caveated, never back-dated",availability_datetime from filing acceptance
META,0001326801,2024-12-31,2025,Q2,10-Q,2025-07-31,,us-gaap:Assets,total_assets,276054000000,USD,SEC EDGAR (public companyfacts + submissions JSON),2025-07-31T00:02:12.000Z,True,"first-reported preferred (earliest filed value kept per fiscal period); companyfacts may include later restated values - treated as caveated, never back-dated",availability_datetime from filing acceptance
META,0001326801,2024-12-31,2025,Q3,10-Q,2025-10-30,,us-gaap:Assets,total_assets,276054000000,USD,SEC EDGAR (public companyfacts + submissions JSON),2025-10-29T22:50:26.000Z,True,"first-reported preferred (earliest filed value kept per fiscal period); companyfacts may include later restated values - treated as caveated, never back-dated",availability_datetime from filing acceptance
META,0001326801,2025-03-31,2025,Q1,10-Q,2025-05-01,CY2025Q1I,us-gaap:Assets,total_assets,280213000000,USD,SEC EDGAR (public companyfacts + submissions JSON),2025-05-01T00:03:18.000Z,True,"first-reported preferred (earliest filed value kept per fiscal period); companyfacts may include later restated values - treated as caveated, never back-dated",availability_datetime from filing acceptance
META,0001326801,2025-06-30,2025,Q2,10-Q,2025-07-31,CY2025Q2I,us-gaap:Assets,total_assets,294744000000,USD,SEC EDGAR (public companyfacts + submissions JSON),2025-07-31T00:02:12.000Z,True,"first-reported preferred (earliest filed value kept per fiscal period); companyfacts may include later restated values - treated as caveated, never back-dated",availability_datetime from filing acceptance
META,0001326801,2025-09-30,2025,Q3,10-Q,2025-10-30,CY2025Q3I,us-gaap:Assets,total_assets,303844000000,USD,SEC EDGAR (public companyfacts + submissions JSON),2025-10-29T22:50:26.000Z,True,"first-reported preferred (earliest filed value kept per fiscal period); companyfacts may include later restated values - treated as caveated, never back-dated",availability_datetime from filing acceptance
META,0001326801,2025-12-31,2025,FY,10-K,2026-01-29,,us-gaap:Assets,total_assets,366021000000,USD,SEC EDGAR (public companyfacts + submissions JSON),2026-01-29T00:13:46.000Z,True,"first-reported preferred (earliest filed value kept per fiscal period); companyfacts may include later restated values - treated as caveated, never back-dated",availability_datetime from filing acceptance
META,0001326801,2025-12-31,2026,Q1,10-Q,2026-04-30,CY2025Q4I,us-gaap:Assets,total_assets,366021000000,USD,SEC EDGAR (public companyfacts + submissions JSON),2026-04-29T23:54:11.000Z,True,"first-reported preferred (earliest filed value kept per fiscal period); companyfacts may include later restated values - treated as caveated, never back-dated",availability_datetime from filing acceptance
META,0001326801,2026-03-31,2026,Q1,10-Q,2026-04-30,CY2026Q1I,us-gaap:Assets,total_assets,395250000000,USD,SEC EDGAR (public companyfacts + submissions JSON),2026-04-29T23:54:11.000Z,True,"first-reported preferred (earliest filed value kept per fiscal period); companyfacts may include later restated values - treated as caveated, never back-dated",availability_datetime from filing acceptance
META,0001326801,2024-12-31,2025,Q2,10-Q,2025-07-31,,us-gaap:Liabilities,total_liabilities,93417000000,USD,SEC EDGAR (public companyfacts + submissions JSON),2025-07-31T00:02:12.000Z,True,"first-reported preferred (earliest filed value kept per fiscal period); companyfacts may include later restated values - treated as caveated, never back-dated",availability_datetime from filing acceptance
META,0001326801,2024-12-31,2025,Q3,10-Q,2025-10-30,,us-gaap:Liabilities,total_liabilities,93417000000,USD,SEC EDGAR (public companyfacts + submissions JSON),2025-10-29T22:50:26.000Z,True,"first-reported preferred (earliest filed value kept per fiscal period); companyfacts may include later restated values - treated as caveated, never back-dated",availability_datetime from filing acceptance
META,0001326801,2025-03-31,2025,Q1,10-Q,2025-05-01,CY2025Q1I,us-gaap:Liabilities,total_liabilities,95184000000,USD,SEC EDGAR (public companyfacts + submissions JSON),2025-05-01T00:03:18.000Z,True,"first-reported preferred (earliest filed value kept per fiscal period); companyfacts may include later restated values - treated as caveated, never back-dated",availability_datetime from filing acceptance
META,0001326801,2025-06-30,2025,Q2,10-Q,2025-07-31,CY2025Q2I,us-gaap:Liabilities,total_liabilities,99674000000,USD,SEC EDGAR (public companyfacts + submissions JSON),2025-07-31T00:02:12.000Z,True,"first-reported preferred (earliest filed value kept per fiscal period); companyfacts may include later restated values - treated as caveated, never back-dated",availability_datetime from filing acceptance
META,0001326801,2025-09-30,2025,Q3,10-Q,2025-10-30,CY2025Q3I,us-gaap:Liabilities,total_liabilities,109778000000,USD,SEC EDGAR (public companyfacts + submissions JSON),2025-10-29T22:50:26.000Z,True,"first-reported preferred (earliest filed value kept per fiscal period); companyfacts may include later restated values - treated as caveated, never back-dated",availability_datetime from filing acceptance
META,0001326801,2025-12-31,2025,FY,10-K,2026-01-29,,us-gaap:Liabilities,total_liabilities,148778000000,USD,SEC EDGAR (public companyfacts + submissions JSON),2026-01-29T00:13:46.000Z,True,"first-reported preferred (earliest filed value kept per fiscal period); companyfacts may include later restated values - treated as caveated, never back-dated",availability_datetime from filing acceptance
META,0001326801,2025-12-31,2026,Q1,10-Q,2026-04-30,CY2025Q4I,us-gaap:Liabilities,total_liabilities,148778000000,USD,SEC EDGAR (public companyfacts + submissions JSON),2026-04-29T23:54:11.000Z,True,"first-reported preferred (earliest filed value kept per fiscal period); companyfacts may include later restated values - treated as caveated, never back-dated",availability_datetime from filing acceptance
META,0001326801,2026-03-31,2026,Q1,10-Q,2026-04-30,CY2026Q1I,us-gaap:Liabilities,total_liabilities,151569000000,USD,SEC EDGAR (public companyfacts + submissions JSON),2026-04-29T23:54:11.000Z,True,"first-reported preferred (earliest filed value kept per fiscal period); companyfacts may include later restated values - treated as caveated, never back-dated",availability_datetime from filing acceptance
META,0001326801,2025-03-31,2025,Q1,10-Q,2025-05-01,,us-gaap:StockholdersEquity,shareholder_equity,185029000000,USD,SEC EDGAR (public companyfacts + submissions JSON),2025-05-01T00:03:18.000Z,True,"first-reported preferred (earliest filed value kept per fiscal period); companyfacts may include later restated values - treated as caveated, never back-dated",availability_datetime from filing acceptance
META,0001326801,2025-03-31,2025,Q2,10-Q,2025-07-31,,us-gaap:StockholdersEquity,shareholder_equity,185029000000,USD,SEC EDGAR (public companyfacts + submissions JSON),2025-07-31T00:02:12.000Z,True,"first-reported preferred (earliest filed value kept per fiscal period); companyfacts may include later restated values - treated as caveated, never back-dated",availability_datetime from filing acceptance
META,0001326801,2025-06-30,2025,Q2,10-Q,2025-07-31,,us-gaap:StockholdersEquity,shareholder_equity,195070000000,USD,SEC EDGAR (public companyfacts + submissions JSON),2025-07-31T00:02:12.000Z,True,"first-reported preferred (earliest filed value kept per fiscal period); companyfacts may include later restated values - treated as caveated, never back-dated",availability_datetime from filing acceptance
META,0001326801,2025-06-30,2025,Q3,10-Q,2025-10-30,CY2025Q2I,us-gaap:StockholdersEquity,shareholder_equity,195070000000,USD,SEC EDGAR (public companyfacts + submissions JSON),2025-10-29T22:50:26.000Z,True,"first-reported preferred (earliest filed value kept per fiscal period); companyfacts may include later restated values - treated as caveated, never back-dated",availability_datetime from filing acceptance
META,0001326801,2025-09-30,2025,Q3,10-Q,2025-10-30,CY2025Q3I,us-gaap:StockholdersEquity,shareholder_equity,194066000000,USD,SEC EDGAR (public companyfacts + submissions JSON),2025-10-29T22:50:26.000Z,True,"first-reported preferred (earliest filed value kept per fiscal period); companyfacts may include later restated values - treated as caveated, never back-dated",availability_datetime from filing acceptance
META,0001326801,2025-12-31,2025,FY,10-K,2026-01-29,,us-gaap:StockholdersEquity,shareholder_equity,217243000000,USD,SEC EDGAR (public companyfacts + submissions JSON),2026-01-29T00:13:46.000Z,True,"first-reported preferred (earliest filed value kept per fiscal period); companyfacts may include later restated values - treated as caveated, never back-dated",availability_datetime from filing acceptance
META,0001326801,2025-12-31,2026,Q1,10-Q,2026-04-30,CY2025Q4I,us-gaap:StockholdersEquity,shareholder_equity,217243000000,USD,SEC EDGAR (public companyfacts + submissions JSON),2026-04-29T23:54:11.000Z,True,"first-reported preferred (earliest filed value kept per fiscal period); companyfacts may include later restated values - treated as caveated, never back-dated",availability_datetime from filing acceptance
META,0001326801,2026-03-31,2026,Q1,10-Q,2026-04-30,CY2026Q1I,us-gaap:StockholdersEquity,shareholder_equity,243681000000,USD,SEC EDGAR (public companyfacts + submissions JSON),2026-04-29T23:54:11.000Z,True,"first-reported preferred (earliest filed value kept per fiscal period); companyfacts may include later restated values - treated as caveated, never back-dated",availability_datetime from filing acceptance
META,0001326801,2024-06-30,2024,Q2,10-Q,2024-08-01,,us-gaap:NetCashProvidedByUsedInOperatingActivities,operating_cash_flow,38616000000,USD,SEC EDGAR (public companyfacts + submissions JSON),2024-08-01T00:14:40.000Z,True,"first-reported preferred (earliest filed value kept per fiscal period); companyfacts may include later restated values - treated as caveated, never back-dated",availability_datetime from filing acceptance
META,0001326801,2024-09-30,2024,Q3,10-Q,2024-10-31,,us-gaap:NetCashProvidedByUsedInOperatingActivities,operating_cash_flow,63340000000,USD,SEC EDGAR (public companyfacts + submissions JSON),2024-10-30T23:54:51.000Z,True,"first-reported preferred (earliest filed value kept per fiscal period); companyfacts may include later restated values - treated as caveated, never back-dated",availability_datetime from filing acceptance
META,0001326801,2024-12-31,2024,FY,10-K,2025-01-30,,us-gaap:NetCashProvidedByUsedInOperatingActivities,operating_cash_flow,91328000000,USD,SEC EDGAR (public companyfacts + submissions JSON),2025-01-30T01:00:50.000Z,True,"first-reported preferred (earliest filed value kept per fiscal period); companyfacts may include later restated values - treated as caveated, never back-dated",availability_datetime from filing acceptance
META,0001326801,2025-03-31,2025,Q1,10-Q,2025-05-01,,us-gaap:NetCashProvidedByUsedInOperatingActivities,operating_cash_flow,24026000000,USD,SEC EDGAR (public companyfacts + submissions JSON),2025-05-01T00:03:18.000Z,True,"first-reported preferred (earliest filed value kept per fiscal period); companyfacts may include later restated values - treated as caveated, never back-dated",availability_datetime from filing acceptance
META,0001326801,2025-06-30,2025,Q2,10-Q,2025-07-31,,us-gaap:NetCashProvidedByUsedInOperatingActivities,operating_cash_flow,49587000000,USD,SEC EDGAR (public companyfacts + submissions JSON),2025-07-31T00:02:12.000Z,True,"first-reported preferred (earliest filed value kept per fiscal period); companyfacts may include later restated values - treated as caveated, never back-dated",availability_datetime from filing acceptance
META,0001326801,2025-09-30,2025,Q3,10-Q,2025-10-30,,us-gaap:NetCashProvidedByUsedInOperatingActivities,operating_cash_flow,79586000000,USD,SEC EDGAR (public companyfacts + submissions JSON),2025-10-29T22:50:26.000Z,True,"first-reported preferred (earliest filed value kept per fiscal period); companyfacts may include later restated values - treated as caveated, never back-dated",availability_datetime from filing acceptance
META,0001326801,2025-12-31,2025,FY,10-K,2026-01-29,CY2025,us-gaap:NetCashProvidedByUsedInOperatingActivities,operating_cash_flow,115800000000,USD,SEC EDGAR (public companyfacts + submissions JSON),2026-01-29T00:13:46.000Z,True,"first-reported preferred (earliest filed value kept per fiscal period); companyfacts may include later restated values - treated as caveated, never back-dated",availability_datetime from filing acceptance
META,0001326801,2026-03-31,2026,Q1,10-Q,2026-04-30,CY2026Q1,us-gaap:NetCashProvidedByUsedInOperatingActivities,operating_cash_flow,32226000000,USD,SEC EDGAR (public companyfacts + submissions JSON),2026-04-29T23:54:11.000Z,True,"first-reported preferred (earliest filed value kept per fiscal period); companyfacts may include later restated values - treated as caveated, never back-dated",availability_datetime from filing acceptance
META,0001326801,2024-06-30,2024,Q2,10-Q,2024-08-01,,us-gaap:PaymentsToAcquirePropertyPlantAndEquipment,capital_expenditures,14573000000,USD,SEC EDGAR (public companyfacts + submissions JSON),2024-08-01T00:14:40.000Z,True,"first-reported preferred (earliest filed value kept per fiscal period); companyfacts may include later restated values - treated as caveated, never back-dated",availability_datetime from filing acceptance
META,0001326801,2024-09-30,2024,Q3,10-Q,2024-10-31,,us-gaap:PaymentsToAcquirePropertyPlantAndEquipment,capital_expenditures,22831000000,USD,SEC EDGAR (public companyfacts + submissions JSON),2024-10-30T23:54:51.000Z,True,"first-reported preferred (earliest filed value kept per fiscal period); companyfacts may include later restated values - treated as caveated, never back-dated",availability_datetime from filing acceptance
META,0001326801,2024-12-31,2024,FY,10-K,2025-01-30,,us-gaap:PaymentsToAcquirePropertyPlantAndEquipment,capital_expenditures,37256000000,USD,SEC EDGAR (public companyfacts + submissions JSON),2025-01-30T01:00:50.000Z,True,"first-reported preferred (earliest filed value kept per fiscal period); companyfacts may include later restated values - treated as caveated, never back-dated",availability_datetime from filing acceptance
META,0001326801,2025-03-31,2025,Q1,10-Q,2025-05-01,,us-gaap:PaymentsToAcquirePropertyPlantAndEquipment,capital_expenditures,12941000000,USD,SEC EDGAR (public companyfacts + submissions JSON),2025-05-01T00:03:18.000Z,True,"first-reported preferred (earliest filed value kept per fiscal period); companyfacts may include later restated values - treated as caveated, never back-dated",availability_datetime from filing acceptance
META,0001326801,2025-06-30,2025,Q2,10-Q,2025-07-31,,us-gaap:PaymentsToAcquirePropertyPlantAndEquipment,capital_expenditures,29479000000,USD,SEC EDGAR (public companyfacts + submissions JSON),2025-07-31T00:02:12.000Z,True,"first-reported preferred (earliest filed value kept per fiscal period); companyfacts may include later restated values - treated as caveated, never back-dated",availability_datetime from filing acceptance
META,0001326801,2025-09-30,2025,Q3,10-Q,2025-10-30,,us-gaap:PaymentsToAcquirePropertyPlantAndEquipment,capital_expenditures,48308000000,USD,SEC EDGAR (public companyfacts + submissions JSON),2025-10-29T22:50:26.000Z,True,"first-reported preferred (earliest filed value kept per fiscal period); companyfacts may include later restated values - treated as caveated, never back-dated",availability_datetime from filing acceptance
META,0001326801,2025-12-31,2025,FY,10-K,2026-01-29,CY2025,us-gaap:PaymentsToAcquirePropertyPlantAndEquipment,capital_expenditures,69691000000,USD,SEC EDGAR (public companyfacts + submissions JSON),2026-01-29T00:13:46.000Z,True,"first-reported preferred (earliest filed value kept per fiscal period); companyfacts may include later restated values - treated as caveated, never back-dated",availability_datetime from filing acceptance
META,0001326801,2026-03-31,2026,Q1,10-Q,2026-04-30,CY2026Q1,us-gaap:PaymentsToAcquirePropertyPlantAndEquipment,capital_expenditures,18997000000,USD,SEC EDGAR (public companyfacts + submissions JSON),2026-04-29T23:54:11.000Z,True,"first-reported preferred (earliest filed value kept per fiscal period); companyfacts may include later restated values - treated as caveated, never back-dated",availability_datetime from filing acceptance
META,0001326801,2024-06-30,2024,Q2,10-Q,,,derived:NetCashProvidedByUsedInOperatingActivities-PaymentsToAcquirePropertyPlantAndEquipment,free_cash_flow,24043000000,USD,SEC EDGAR (public companyfacts + submissions JSON),2024-08-01T00:14:40.000Z,True,"first-reported preferred (earliest filed value kept per fiscal period); companyfacts may include later restated values - treated as caveated, never back-dated",derived = operating_cash_flow - capital_expenditures; availability is the later of the two inputs
META,0001326801,2024-09-30,2024,Q3,10-Q,,,derived:NetCashProvidedByUsedInOperatingActivities-PaymentsToAcquirePropertyPlantAndEquipment,free_cash_flow,40509000000,USD,SEC EDGAR (public companyfacts + submissions JSON),2024-10-30T23:54:51.000Z,True,"first-reported preferred (earliest filed value kept per fiscal period); companyfacts may include later restated values - treated as caveated, never back-dated",derived = operating_cash_flow - capital_expenditures; availability is the later of the two inputs
META,0001326801,2024-12-31,2024,FY,10-K,,,derived:NetCashProvidedByUsedInOperatingActivities-PaymentsToAcquirePropertyPlantAndEquipment,free_cash_flow,54072000000,USD,SEC EDGAR (public companyfacts + submissions JSON),2025-01-30T01:00:50.000Z,True,"first-reported preferred (earliest filed value kept per fiscal period); companyfacts may include later restated values - treated as caveated, never back-dated",derived = operating_cash_flow - capital_expenditures; availability is the later of the two inputs
META,0001326801,2025-03-31,2025,Q1,10-Q,,,derived:NetCashProvidedByUsedInOperatingActivities-PaymentsToAcquirePropertyPlantAndEquipment,free_cash_flow,11085000000,USD,SEC EDGAR (public companyfacts + submissions JSON),2025-05-01T00:03:18.000Z,True,"first-reported preferred (earliest filed value kept per fiscal period); companyfacts may include later restated values - treated as caveated, never back-dated",derived = operating_cash_flow - capital_expenditures; availability is the later of the two inputs
META,0001326801,2025-06-30,2025,Q2,10-Q,,,derived:NetCashProvidedByUsedInOperatingActivities-PaymentsToAcquirePropertyPlantAndEquipment,free_cash_flow,20108000000,USD,SEC EDGAR (public companyfacts + submissions JSON),2025-07-31T00:02:12.000Z,True,"first-reported preferred (earliest filed value kept per fiscal period); companyfacts may include later restated values - treated as caveated, never back-dated",derived = operating_cash_flow - capital_expenditures; availability is the later of the two inputs
META,0001326801,2025-09-30,2025,Q3,10-Q,,,derived:NetCashProvidedByUsedInOperatingActivities-PaymentsToAcquirePropertyPlantAndEquipment,free_cash_flow,31278000000,USD,SEC EDGAR (public companyfacts + submissions JSON),2025-10-29T22:50:26.000Z,True,"first-reported preferred (earliest filed value kept per fiscal period); companyfacts may include later restated values - treated as caveated, never back-dated",derived = operating_cash_flow - capital_expenditures; availability is the later of the two inputs
META,0001326801,2025-12-31,2025,FY,10-K,,,derived:NetCashProvidedByUsedInOperatingActivities-PaymentsToAcquirePropertyPlantAndEquipment,free_cash_flow,46109000000,USD,SEC EDGAR (public companyfacts + submissions JSON),2026-01-29T00:13:46.000Z,True,"first-reported preferred (earliest filed value kept per fiscal period); companyfacts may include later restated values - treated as caveated, never back-dated",derived = operating_cash_flow - capital_expenditures; availability is the later of the two inputs
META,0001326801,2026-03-31,2026,Q1,10-Q,,,derived:NetCashProvidedByUsedInOperatingActivities-PaymentsToAcquirePropertyPlantAndEquipment,free_cash_flow,13229000000,USD,SEC EDGAR (public companyfacts + submissions JSON),2026-04-29T23:54:11.000Z,True,"first-reported preferred (earliest filed value kept per fiscal period); companyfacts may include later restated values - treated as caveated, never back-dated",derived = operating_cash_flow - capital_expenditures; availability is the later of the two inputs
JNJ,0000200406,2012-07-01,2013,Q2,10-Q,2013-08-01,,us-gaap:Revenues,revenue,32614000000,USD,SEC EDGAR (public companyfacts + submissions JSON),2013-08-01,True,"first-reported preferred (earliest filed value kept per fiscal period); companyfacts may include later restated values - treated as caveated, never back-dated",conservative: filed date used as availability_datetime
JNJ,0000200406,2012-09-30,2013,Q3,10-Q,2013-11-04,,us-gaap:Revenues,revenue,49666000000,USD,SEC EDGAR (public companyfacts + submissions JSON),2013-11-04,True,"first-reported preferred (earliest filed value kept per fiscal period); companyfacts may include later restated values - treated as caveated, never back-dated",conservative: filed date used as availability_datetime
JNJ,0000200406,2013-03-31,2014,Q1,10-Q,2014-05-02,CY2013Q1,us-gaap:Revenues,revenue,17505000000,USD,SEC EDGAR (public companyfacts + submissions JSON),2014-05-02,True,"first-reported preferred (earliest filed value kept per fiscal period); companyfacts may include later restated values - treated as caveated, never back-dated",conservative: filed date used as availability_datetime
JNJ,0000200406,2013-06-30,2013,Q2,10-Q,2013-08-01,,us-gaap:Revenues,revenue,35382000000,USD,SEC EDGAR (public companyfacts + submissions JSON),2013-08-01,True,"first-reported preferred (earliest filed value kept per fiscal period); companyfacts may include later restated values - treated as caveated, never back-dated",conservative: filed date used as availability_datetime
JNJ,0000200406,2013-09-29,2013,Q3,10-Q,2013-11-04,,us-gaap:Revenues,revenue,52957000000,USD,SEC EDGAR (public companyfacts + submissions JSON),2013-11-04,True,"first-reported preferred (earliest filed value kept per fiscal period); companyfacts may include later restated values - treated as caveated, never back-dated",conservative: filed date used as availability_datetime
JNJ,0000200406,2014-03-30,2014,Q1,10-Q,2014-05-02,CY2014Q1,us-gaap:Revenues,revenue,18115000000,USD,SEC EDGAR (public companyfacts + submissions JSON),2014-05-02,True,"first-reported preferred (earliest filed value kept per fiscal period); companyfacts may include later restated values - treated as caveated, never back-dated",conservative: filed date used as availability_datetime
JNJ,0000200406,2014-06-29,2014,Q2,10-Q,2014-08-01,,us-gaap:Revenues,revenue,37610000000,USD,SEC EDGAR (public companyfacts + submissions JSON),2014-08-01,True,"first-reported preferred (earliest filed value kept per fiscal period); companyfacts may include later restated values - treated as caveated, never back-dated",conservative: filed date used as availability_datetime
JNJ,0000200406,2014-09-28,2014,Q3,10-Q,2014-10-30,,us-gaap:Revenues,revenue,56077000000,USD,SEC EDGAR (public companyfacts + submissions JSON),2014-10-30,True,"first-reported preferred (earliest filed value kept per fiscal period); companyfacts may include later restated values - treated as caveated, never back-dated",conservative: filed date used as availability_datetime
JNJ,0000200406,2024-06-30,2024,Q2,10-Q,2024-07-25,,us-gaap:NetIncomeLoss,net_income,7941000000,USD,SEC EDGAR (public companyfacts + submissions JSON),2024-07-25T16:02:29.000Z,True,"first-reported preferred (earliest filed value kept per fiscal period); companyfacts may include later restated values - treated as caveated, never back-dated",availability_datetime from filing acceptance
JNJ,0000200406,2024-09-29,2024,Q3,10-Q,2024-10-23,,us-gaap:NetIncomeLoss,net_income,10635000000,USD,SEC EDGAR (public companyfacts + submissions JSON),2024-10-23T16:02:27.000Z,True,"first-reported preferred (earliest filed value kept per fiscal period); companyfacts may include later restated values - treated as caveated, never back-dated",availability_datetime from filing acceptance
JNJ,0000200406,2024-12-29,2024,FY,10-K,2025-02-13,,us-gaap:NetIncomeLoss,net_income,14066000000,USD,SEC EDGAR (public companyfacts + submissions JSON),2025-02-13T16:07:39.000Z,True,"first-reported preferred (earliest filed value kept per fiscal period); companyfacts may include later restated values - treated as caveated, never back-dated",availability_datetime from filing acceptance
JNJ,0000200406,2025-03-30,2025,Q1,10-Q,2025-04-23,,us-gaap:NetIncomeLoss,net_income,10999000000,USD,SEC EDGAR (public companyfacts + submissions JSON),2025-04-23T16:04:45.000Z,True,"first-reported preferred (earliest filed value kept per fiscal period); companyfacts may include later restated values - treated as caveated, never back-dated",availability_datetime from filing acceptance
JNJ,0000200406,2025-06-29,2025,Q2,10-Q,2025-07-24,,us-gaap:NetIncomeLoss,net_income,16536000000,USD,SEC EDGAR (public companyfacts + submissions JSON),2025-07-24T16:04:24.000Z,True,"first-reported preferred (earliest filed value kept per fiscal period); companyfacts may include later restated values - treated as caveated, never back-dated",availability_datetime from filing acceptance
JNJ,0000200406,2025-09-28,2025,Q3,10-Q,2025-10-22,,us-gaap:NetIncomeLoss,net_income,21688000000,USD,SEC EDGAR (public companyfacts + submissions JSON),2025-10-22T16:04:17.000Z,True,"first-reported preferred (earliest filed value kept per fiscal period); companyfacts may include later restated values - treated as caveated, never back-dated",availability_datetime from filing acceptance
JNJ,0000200406,2025-12-28,2025,FY,10-K,2026-02-11,CY2025,us-gaap:NetIncomeLoss,net_income,26804000000,USD,SEC EDGAR (public companyfacts + submissions JSON),2026-02-11T16:06:11.000Z,True,"first-reported preferred (earliest filed value kept per fiscal period); companyfacts may include later restated values - treated as caveated, never back-dated",availability_datetime from filing acceptance
JNJ,0000200406,2026-03-29,2026,Q1,10-Q,2026-04-22,CY2026Q1,us-gaap:NetIncomeLoss,net_income,5235000000,USD,SEC EDGAR (public companyfacts + submissions JSON),2026-04-22T16:02:41.000Z,True,"first-reported preferred (earliest filed value kept per fiscal period); companyfacts may include later restated values - treated as caveated, never back-dated",availability_datetime from filing acceptance
JNJ,0000200406,2013-06-30,2013,Q2,10-Q,2013-08-01,,us-gaap:OperatingIncomeLoss,operating_income,9502000000,USD,SEC EDGAR (public companyfacts + submissions JSON),2013-08-01,True,"first-reported preferred (earliest filed value kept per fiscal period); companyfacts may include later restated values - treated as caveated, never back-dated",conservative: filed date used as availability_datetime
JNJ,0000200406,2013-09-29,2013,Q3,10-Q,2013-11-04,,us-gaap:OperatingIncomeLoss,operating_income,13374000000,USD,SEC EDGAR (public companyfacts + submissions JSON),2013-11-04,True,"first-reported preferred (earliest filed value kept per fiscal period); companyfacts may include later restated values - treated as caveated, never back-dated",conservative: filed date used as availability_datetime
JNJ,0000200406,2013-12-29,2013,FY,10-K,2014-02-21,,us-gaap:OperatingIncomeLoss,operating_income,16412000000,USD,SEC EDGAR (public companyfacts + submissions JSON),2014-02-21,True,"first-reported preferred (earliest filed value kept per fiscal period); companyfacts may include later restated values - treated as caveated, never back-dated",conservative: filed date used as availability_datetime
JNJ,0000200406,2014-03-30,2014,Q1,10-Q,2014-05-02,,us-gaap:OperatingIncomeLoss,operating_income,5651000000,USD,SEC EDGAR (public companyfacts + submissions JSON),2014-05-02,True,"first-reported preferred (earliest filed value kept per fiscal period); companyfacts may include later restated values - treated as caveated, never back-dated",conservative: filed date used as availability_datetime
JNJ,0000200406,2014-06-29,2014,Q2,10-Q,2014-08-01,,us-gaap:OperatingIncomeLoss,operating_income,11525000000,USD,SEC EDGAR (public companyfacts + submissions JSON),2014-08-01,True,"first-reported preferred (earliest filed value kept per fiscal period); companyfacts may include later restated values - treated as caveated, never back-dated",conservative: filed date used as availability_datetime
JNJ,0000200406,2014-09-28,2014,Q3,10-Q,2014-10-30,,us-gaap:OperatingIncomeLoss,operating_income,18578000000,USD,SEC EDGAR (public companyfacts + submissions JSON),2014-10-30,True,"first-reported preferred (earliest filed value kept per fiscal period); companyfacts may include later restated values - treated as caveated, never back-dated",conservative: filed date used as availability_datetime
JNJ,0000200406,2014-12-28,2014,FY,10-K,2015-02-24,CY2014,us-gaap:OperatingIncomeLoss,operating_income,21590000000,USD,SEC EDGAR (public companyfacts + submissions JSON),2015-02-24,True,"first-reported preferred (earliest filed value kept per fiscal period); companyfacts may include later restated values - treated as caveated, never back-dated",conservative: filed date used as availability_datetime
JNJ,0000200406,2015-03-29,2015,Q1,10-Q,2015-05-01,CY2015Q1,us-gaap:OperatingIncomeLoss,operating_income,5827000000,USD,SEC EDGAR (public companyfacts + submissions JSON),2015-05-01,True,"first-reported preferred (earliest filed value kept per fiscal period); companyfacts may include later restated values - treated as caveated, never back-dated",conservative: filed date used as availability_datetime
JNJ,0000200406,2024-06-30,2024,Q2,10-Q,2024-07-25,,us-gaap:EarningsPerShareDiluted,eps_diluted,3.27,USD/shares,SEC EDGAR (public companyfacts + submissions JSON),2024-07-25T16:02:29.000Z,True,"first-reported preferred (earliest filed value kept per fiscal period); companyfacts may include later restated values - treated as caveated, never back-dated",availability_datetime from filing acceptance
JNJ,0000200406,2024-09-29,2024,Q3,10-Q,2024-10-23,,us-gaap:EarningsPerShareDiluted,eps_diluted,4.38,USD/shares,SEC EDGAR (public companyfacts + submissions JSON),2024-10-23T16:02:27.000Z,True,"first-reported preferred (earliest filed value kept per fiscal period); companyfacts may include later restated values - treated as caveated, never back-dated",availability_datetime from filing acceptance
JNJ,0000200406,2024-12-29,2024,FY,10-K,2025-02-13,,us-gaap:EarningsPerShareDiluted,eps_diluted,5.79,USD/shares,SEC EDGAR (public companyfacts + submissions JSON),2025-02-13T16:07:39.000Z,True,"first-reported preferred (earliest filed value kept per fiscal period); companyfacts may include later restated values - treated as caveated, never back-dated",availability_datetime from filing acceptance
JNJ,0000200406,2025-03-30,2025,Q1,10-Q,2025-04-23,,us-gaap:EarningsPerShareDiluted,eps_diluted,4.54,USD/shares,SEC EDGAR (public companyfacts + submissions JSON),2025-04-23T16:04:45.000Z,True,"first-reported preferred (earliest filed value kept per fiscal period); companyfacts may include later restated values - treated as caveated, never back-dated",availability_datetime from filing acceptance
JNJ,0000200406,2025-06-29,2025,Q2,10-Q,2025-07-24,,us-gaap:EarningsPerShareDiluted,eps_diluted,6.82,USD/shares,SEC EDGAR (public companyfacts + submissions JSON),2025-07-24T16:04:24.000Z,True,"first-reported preferred (earliest filed value kept per fiscal period); companyfacts may include later restated values - treated as caveated, never back-dated",availability_datetime from filing acceptance
JNJ,0000200406,2025-09-28,2025,Q3,10-Q,2025-10-22,,us-gaap:EarningsPerShareDiluted,eps_diluted,8.94,USD/shares,SEC EDGAR (public companyfacts + submissions JSON),2025-10-22T16:04:17.000Z,True,"first-reported preferred (earliest filed value kept per fiscal period); companyfacts may include later restated values - treated as caveated, never back-dated",availability_datetime from filing acceptance
JNJ,0000200406,2025-12-28,2025,FY,10-K,2026-02-11,CY2025,us-gaap:EarningsPerShareDiluted,eps_diluted,11.03,USD/shares,SEC EDGAR (public companyfacts + submissions JSON),2026-02-11T16:06:11.000Z,True,"first-reported preferred (earliest filed value kept per fiscal period); companyfacts may include later restated values - treated as caveated, never back-dated",availability_datetime from filing acceptance
JNJ,0000200406,2026-03-29,2026,Q1,10-Q,2026-04-22,CY2026Q1,us-gaap:EarningsPerShareDiluted,eps_diluted,2.14,USD/shares,SEC EDGAR (public companyfacts + submissions JSON),2026-04-22T16:02:41.000Z,True,"first-reported preferred (earliest filed value kept per fiscal period); companyfacts may include later restated values - treated as caveated, never back-dated",availability_datetime from filing acceptance
JNJ,0000200406,2024-12-29,2025,Q2,10-Q,2025-07-24,,us-gaap:Assets,total_assets,180104000000,USD,SEC EDGAR (public companyfacts + submissions JSON),2025-07-24T16:04:24.000Z,True,"first-reported preferred (earliest filed value kept per fiscal period); companyfacts may include later restated values - treated as caveated, never back-dated",availability_datetime from filing acceptance
JNJ,0000200406,2024-12-29,2025,Q3,10-Q,2025-10-22,,us-gaap:Assets,total_assets,180104000000,USD,SEC EDGAR (public companyfacts + submissions JSON),2025-10-22T16:04:17.000Z,True,"first-reported preferred (earliest filed value kept per fiscal period); companyfacts may include later restated values - treated as caveated, never back-dated",availability_datetime from filing acceptance
JNJ,0000200406,2025-03-30,2025,Q1,10-Q,2025-04-23,CY2025Q1I,us-gaap:Assets,total_assets,193671000000,USD,SEC EDGAR (public companyfacts + submissions JSON),2025-04-23T16:04:45.000Z,True,"first-reported preferred (earliest filed value kept per fiscal period); companyfacts may include later restated values - treated as caveated, never back-dated",availability_datetime from filing acceptance
JNJ,0000200406,2025-06-29,2025,Q2,10-Q,2025-07-24,CY2025Q2I,us-gaap:Assets,total_assets,193389000000,USD,SEC EDGAR (public companyfacts + submissions JSON),2025-07-24T16:04:24.000Z,True,"first-reported preferred (earliest filed value kept per fiscal period); companyfacts may include later restated values - treated as caveated, never back-dated",availability_datetime from filing acceptance
JNJ,0000200406,2025-09-28,2025,Q3,10-Q,2025-10-22,CY2025Q3I,us-gaap:Assets,total_assets,192816000000,USD,SEC EDGAR (public companyfacts + submissions JSON),2025-10-22T16:04:17.000Z,True,"first-reported preferred (earliest filed value kept per fiscal period); companyfacts may include later restated values - treated as caveated, never back-dated",availability_datetime from filing acceptance
JNJ,0000200406,2025-12-28,2025,FY,10-K,2026-02-11,,us-gaap:Assets,total_assets,199210000000,USD,SEC EDGAR (public companyfacts + submissions JSON),2026-02-11T16:06:11.000Z,True,"first-reported preferred (earliest filed value kept per fiscal period); companyfacts may include later restated values - treated as caveated, never back-dated",availability_datetime from filing acceptance
JNJ,0000200406,2025-12-28,2026,Q1,10-Q,2026-04-22,CY2025Q4I,us-gaap:Assets,total_assets,199210000000,USD,SEC EDGAR (public companyfacts + submissions JSON),2026-04-22T16:02:41.000Z,True,"first-reported preferred (earliest filed value kept per fiscal period); companyfacts may include later restated values - treated as caveated, never back-dated",availability_datetime from filing acceptance
JNJ,0000200406,2026-03-29,2026,Q1,10-Q,2026-04-22,CY2026Q1I,us-gaap:Assets,total_assets,200894000000,USD,SEC EDGAR (public companyfacts + submissions JSON),2026-04-22T16:02:41.000Z,True,"first-reported preferred (earliest filed value kept per fiscal period); companyfacts may include later restated values - treated as caveated, never back-dated",availability_datetime from filing acceptance
JNJ,0000200406,2024-12-29,2025,Q2,10-Q,2025-07-24,,us-gaap:Liabilities,total_liabilities,108614000000,USD,SEC EDGAR (public companyfacts + submissions JSON),2025-07-24T16:04:24.000Z,True,"first-reported preferred (earliest filed value kept per fiscal period); companyfacts may include later restated values - treated as caveated, never back-dated",availability_datetime from filing acceptance
JNJ,0000200406,2024-12-29,2025,Q3,10-Q,2025-10-22,,us-gaap:Liabilities,total_liabilities,108614000000,USD,SEC EDGAR (public companyfacts + submissions JSON),2025-10-22T16:04:17.000Z,True,"first-reported preferred (earliest filed value kept per fiscal period); companyfacts may include later restated values - treated as caveated, never back-dated",availability_datetime from filing acceptance
JNJ,0000200406,2025-03-30,2025,Q1,10-Q,2025-04-23,CY2025Q1I,us-gaap:Liabilities,total_liabilities,115562000000,USD,SEC EDGAR (public companyfacts + submissions JSON),2025-04-23T16:04:45.000Z,True,"first-reported preferred (earliest filed value kept per fiscal period); companyfacts may include later restated values - treated as caveated, never back-dated",availability_datetime from filing acceptance
JNJ,0000200406,2025-06-29,2025,Q2,10-Q,2025-07-24,CY2025Q2I,us-gaap:Liabilities,total_liabilities,114916000000,USD,SEC EDGAR (public companyfacts + submissions JSON),2025-07-24T16:04:24.000Z,True,"first-reported preferred (earliest filed value kept per fiscal period); companyfacts may include later restated values - treated as caveated, never back-dated",availability_datetime from filing acceptance
JNJ,0000200406,2025-09-28,2025,Q3,10-Q,2025-10-22,CY2025Q3I,us-gaap:Liabilities,total_liabilities,113539000000,USD,SEC EDGAR (public companyfacts + submissions JSON),2025-10-22T16:04:17.000Z,True,"first-reported preferred (earliest filed value kept per fiscal period); companyfacts may include later restated values - treated as caveated, never back-dated",availability_datetime from filing acceptance
JNJ,0000200406,2025-12-28,2025,FY,10-K,2026-02-11,,us-gaap:Liabilities,total_liabilities,117666000000,USD,SEC EDGAR (public companyfacts + submissions JSON),2026-02-11T16:06:11.000Z,True,"first-reported preferred (earliest filed value kept per fiscal period); companyfacts may include later restated values - treated as caveated, never back-dated",availability_datetime from filing acceptance
JNJ,0000200406,2025-12-28,2026,Q1,10-Q,2026-04-22,CY2025Q4I,us-gaap:Liabilities,total_liabilities,117666000000,USD,SEC EDGAR (public companyfacts + submissions JSON),2026-04-22T16:02:41.000Z,True,"first-reported preferred (earliest filed value kept per fiscal period); companyfacts may include later restated values - treated as caveated, never back-dated",availability_datetime from filing acceptance
JNJ,0000200406,2026-03-29,2026,Q1,10-Q,2026-04-22,CY2026Q1I,us-gaap:Liabilities,total_liabilities,119708000000,USD,SEC EDGAR (public companyfacts + submissions JSON),2026-04-22T16:02:41.000Z,True,"first-reported preferred (earliest filed value kept per fiscal period); companyfacts may include later restated values - treated as caveated, never back-dated",availability_datetime from filing acceptance
JNJ,0000200406,2024-12-29,2025,Q1,10-Q,2025-04-23,,us-gaap:StockholdersEquity,shareholder_equity,71490000000,USD,SEC EDGAR (public companyfacts + submissions JSON),2025-04-23T16:04:45.000Z,True,"first-reported preferred (earliest filed value kept per fiscal period); companyfacts may include later restated values - treated as caveated, never back-dated",availability_datetime from filing acceptance
JNJ,0000200406,2024-12-29,2025,Q2,10-Q,2025-07-24,,us-gaap:StockholdersEquity,shareholder_equity,71490000000,USD,SEC EDGAR (public companyfacts + submissions JSON),2025-07-24T16:04:24.000Z,True,"first-reported preferred (earliest filed value kept per fiscal period); companyfacts may include later restated values - treated as caveated, never back-dated",availability_datetime from filing acceptance
JNJ,0000200406,2024-12-29,2025,Q3,10-Q,2025-10-22,CY2024Q4I,us-gaap:StockholdersEquity,shareholder_equity,71490000000,USD,SEC EDGAR (public companyfacts + submissions JSON),2025-10-22T16:04:17.000Z,True,"first-reported preferred (earliest filed value kept per fiscal period); companyfacts may include later restated values - treated as caveated, never back-dated",availability_datetime from filing acceptance
JNJ,0000200406,2025-03-30,2025,Q1,10-Q,2025-04-23,CY2025Q1I,us-gaap:StockholdersEquity,shareholder_equity,78109000000,USD,SEC EDGAR (public companyfacts + submissions JSON),2025-04-23T16:04:45.000Z,True,"first-reported preferred (earliest filed value kept per fiscal period); companyfacts may include later restated values - treated as caveated, never back-dated",availability_datetime from filing acceptance
JNJ,0000200406,2025-06-29,2025,Q2,10-Q,2025-07-24,CY2025Q2I,us-gaap:StockholdersEquity,shareholder_equity,78473000000,USD,SEC EDGAR (public companyfacts + submissions JSON),2025-07-24T16:04:24.000Z,True,"first-reported preferred (earliest filed value kept per fiscal period); companyfacts may include later restated values - treated as caveated, never back-dated",availability_datetime from filing acceptance
JNJ,0000200406,2025-09-28,2025,Q3,10-Q,2025-10-22,CY2025Q3I,us-gaap:StockholdersEquity,shareholder_equity,79277000000,USD,SEC EDGAR (public companyfacts + submissions JSON),2025-10-22T16:04:17.000Z,True,"first-reported preferred (earliest filed value kept per fiscal period); companyfacts may include later restated values - treated as caveated, never back-dated",availability_datetime from filing acceptance
JNJ,0000200406,2025-12-28,2026,Q1,10-Q,2026-04-22,CY2025Q4I,us-gaap:StockholdersEquity,shareholder_equity,81544000000,USD,SEC EDGAR (public companyfacts + submissions JSON),2026-04-22T16:02:41.000Z,True,"first-reported preferred (earliest filed value kept per fiscal period); companyfacts may include later restated values - treated as caveated, never back-dated",availability_datetime from filing acceptance
JNJ,0000200406,2026-03-29,2026,Q1,10-Q,2026-04-22,CY2026Q1I,us-gaap:StockholdersEquity,shareholder_equity,81186000000,USD,SEC EDGAR (public companyfacts + submissions JSON),2026-04-22T16:02:41.000Z,True,"first-reported preferred (earliest filed value kept per fiscal period); companyfacts may include later restated values - treated as caveated, never back-dated",availability_datetime from filing acceptance
JNJ,0000200406,2024-06-30,2024,Q2,10-Q,2024-07-25,,us-gaap:NetCashProvidedByUsedInOperatingActivities,operating_cash_flow,9290000000,USD,SEC EDGAR (public companyfacts + submissions JSON),2024-07-25T16:02:29.000Z,True,"first-reported preferred (earliest filed value kept per fiscal period); companyfacts may include later restated values - treated as caveated, never back-dated",availability_datetime from filing acceptance
JNJ,0000200406,2024-09-29,2024,Q3,10-Q,2024-10-23,,us-gaap:NetCashProvidedByUsedInOperatingActivities,operating_cash_flow,17283000000,USD,SEC EDGAR (public companyfacts + submissions JSON),2024-10-23T16:02:27.000Z,True,"first-reported preferred (earliest filed value kept per fiscal period); companyfacts may include later restated values - treated as caveated, never back-dated",availability_datetime from filing acceptance
JNJ,0000200406,2024-12-29,2024,FY,10-K,2025-02-13,,us-gaap:NetCashProvidedByUsedInOperatingActivities,operating_cash_flow,24266000000,USD,SEC EDGAR (public companyfacts + submissions JSON),2025-02-13T16:07:39.000Z,True,"first-reported preferred (earliest filed value kept per fiscal period); companyfacts may include later restated values - treated as caveated, never back-dated",availability_datetime from filing acceptance
JNJ,0000200406,2025-03-30,2025,Q1,10-Q,2025-04-23,,us-gaap:NetCashProvidedByUsedInOperatingActivities,operating_cash_flow,4174000000,USD,SEC EDGAR (public companyfacts + submissions JSON),2025-04-23T16:04:45.000Z,True,"first-reported preferred (earliest filed value kept per fiscal period); companyfacts may include later restated values - treated as caveated, never back-dated",availability_datetime from filing acceptance
JNJ,0000200406,2025-06-29,2025,Q2,10-Q,2025-07-24,,us-gaap:NetCashProvidedByUsedInOperatingActivities,operating_cash_flow,8052000000,USD,SEC EDGAR (public companyfacts + submissions JSON),2025-07-24T16:04:24.000Z,True,"first-reported preferred (earliest filed value kept per fiscal period); companyfacts may include later restated values - treated as caveated, never back-dated",availability_datetime from filing acceptance
JNJ,0000200406,2025-09-28,2025,Q3,10-Q,2025-10-22,,us-gaap:NetCashProvidedByUsedInOperatingActivities,operating_cash_flow,17221000000,USD,SEC EDGAR (public companyfacts + submissions JSON),2025-10-22T16:04:17.000Z,True,"first-reported preferred (earliest filed value kept per fiscal period); companyfacts may include later restated values - treated as caveated, never back-dated",availability_datetime from filing acceptance
JNJ,0000200406,2025-12-28,2025,FY,10-K,2026-02-11,CY2025,us-gaap:NetCashProvidedByUsedInOperatingActivities,operating_cash_flow,24530000000,USD,SEC EDGAR (public companyfacts + submissions JSON),2026-02-11T16:06:11.000Z,True,"first-reported preferred (earliest filed value kept per fiscal period); companyfacts may include later restated values - treated as caveated, never back-dated",availability_datetime from filing acceptance
JNJ,0000200406,2026-03-29,2026,Q1,10-Q,2026-04-22,CY2026Q1,us-gaap:NetCashProvidedByUsedInOperatingActivities,operating_cash_flow,2514000000,USD,SEC EDGAR (public companyfacts + submissions JSON),2026-04-22T16:02:41.000Z,True,"first-reported preferred (earliest filed value kept per fiscal period); companyfacts may include later restated values - treated as caveated, never back-dated",availability_datetime from filing acceptance
JNJ,0000200406,2024-06-30,2024,Q2,10-Q,2024-07-25,,us-gaap:PaymentsToAcquirePropertyPlantAndEquipment,capital_expenditures,1783000000,USD,SEC EDGAR (public companyfacts + submissions JSON),2024-07-25T16:02:29.000Z,True,"first-reported preferred (earliest filed value kept per fiscal period); companyfacts may include later restated values - treated as caveated, never back-dated",availability_datetime from filing acceptance
JNJ,0000200406,2024-09-29,2024,Q3,10-Q,2024-10-23,,us-gaap:PaymentsToAcquirePropertyPlantAndEquipment,capital_expenditures,2812000000,USD,SEC EDGAR (public companyfacts + submissions JSON),2024-10-23T16:02:27.000Z,True,"first-reported preferred (earliest filed value kept per fiscal period); companyfacts may include later restated values - treated as caveated, never back-dated",availability_datetime from filing acceptance
JNJ,0000200406,2024-12-29,2024,FY,10-K,2025-02-13,,us-gaap:PaymentsToAcquirePropertyPlantAndEquipment,capital_expenditures,4424000000,USD,SEC EDGAR (public companyfacts + submissions JSON),2025-02-13T16:07:39.000Z,True,"first-reported preferred (earliest filed value kept per fiscal period); companyfacts may include later restated values - treated as caveated, never back-dated",availability_datetime from filing acceptance
JNJ,0000200406,2025-03-30,2025,Q1,10-Q,2025-04-23,,us-gaap:PaymentsToAcquirePropertyPlantAndEquipment,capital_expenditures,795000000,USD,SEC EDGAR (public companyfacts + submissions JSON),2025-04-23T16:04:45.000Z,True,"first-reported preferred (earliest filed value kept per fiscal period); companyfacts may include later restated values - treated as caveated, never back-dated",availability_datetime from filing acceptance
JNJ,0000200406,2025-06-29,2025,Q2,10-Q,2025-07-24,,us-gaap:PaymentsToAcquirePropertyPlantAndEquipment,capital_expenditures,1838000000,USD,SEC EDGAR (public companyfacts + submissions JSON),2025-07-24T16:04:24.000Z,True,"first-reported preferred (earliest filed value kept per fiscal period); companyfacts may include later restated values - treated as caveated, never back-dated",availability_datetime from filing acceptance
JNJ,0000200406,2025-09-28,2025,Q3,10-Q,2025-10-22,,us-gaap:PaymentsToAcquirePropertyPlantAndEquipment,capital_expenditures,2995000000,USD,SEC EDGAR (public companyfacts + submissions JSON),2025-10-22T16:04:17.000Z,True,"first-reported preferred (earliest filed value kept per fiscal period); companyfacts may include later restated values - treated as caveated, never back-dated",availability_datetime from filing acceptance
JNJ,0000200406,2025-12-28,2025,FY,10-K,2026-02-11,CY2025,us-gaap:PaymentsToAcquirePropertyPlantAndEquipment,capital_expenditures,4832000000,USD,SEC EDGAR (public companyfacts + submissions JSON),2026-02-11T16:06:11.000Z,True,"first-reported preferred (earliest filed value kept per fiscal period); companyfacts may include later restated values - treated as caveated, never back-dated",availability_datetime from filing acceptance
JNJ,0000200406,2026-03-29,2026,Q1,10-Q,2026-04-22,CY2026Q1,us-gaap:PaymentsToAcquirePropertyPlantAndEquipment,capital_expenditures,1049000000,USD,SEC EDGAR (public companyfacts + submissions JSON),2026-04-22T16:02:41.000Z,True,"first-reported preferred (earliest filed value kept per fiscal period); companyfacts may include later restated values - treated as caveated, never back-dated",availability_datetime from filing acceptance
JNJ,0000200406,2024-06-30,2024,Q2,10-Q,,,derived:NetCashProvidedByUsedInOperatingActivities-PaymentsToAcquirePropertyPlantAndEquipment,free_cash_flow,7507000000,USD,SEC EDGAR (public companyfacts + submissions JSON),2024-07-25T16:02:29.000Z,True,"first-reported preferred (earliest filed value kept per fiscal period); companyfacts may include later restated values - treated as caveated, never back-dated",derived = operating_cash_flow - capital_expenditures; availability is the later of the two inputs
JNJ,0000200406,2024-09-29,2024,Q3,10-Q,,,derived:NetCashProvidedByUsedInOperatingActivities-PaymentsToAcquirePropertyPlantAndEquipment,free_cash_flow,14471000000,USD,SEC EDGAR (public companyfacts + submissions JSON),2024-10-23T16:02:27.000Z,True,"first-reported preferred (earliest filed value kept per fiscal period); companyfacts may include later restated values - treated as caveated, never back-dated",derived = operating_cash_flow - capital_expenditures; availability is the later of the two inputs
JNJ,0000200406,2024-12-29,2024,FY,10-K,,,derived:NetCashProvidedByUsedInOperatingActivities-PaymentsToAcquirePropertyPlantAndEquipment,free_cash_flow,19842000000,USD,SEC EDGAR (public companyfacts + submissions JSON),2025-02-13T16:07:39.000Z,True,"first-reported preferred (earliest filed value kept per fiscal period); companyfacts may include later restated values - treated as caveated, never back-dated",derived = operating_cash_flow - capital_expenditures; availability is the later of the two inputs
JNJ,0000200406,2025-03-30,2025,Q1,10-Q,,,derived:NetCashProvidedByUsedInOperatingActivities-PaymentsToAcquirePropertyPlantAndEquipment,free_cash_flow,3379000000,USD,SEC EDGAR (public companyfacts + submissions JSON),2025-04-23T16:04:45.000Z,True,"first-reported preferred (earliest filed value kept per fiscal period); companyfacts may include later restated values - treated as caveated, never back-dated",derived = operating_cash_flow - capital_expenditures; availability is the later of the two inputs
JNJ,0000200406,2025-06-29,2025,Q2,10-Q,,,derived:NetCashProvidedByUsedInOperatingActivities-PaymentsToAcquirePropertyPlantAndEquipment,free_cash_flow,6214000000,USD,SEC EDGAR (public companyfacts + submissions JSON),2025-07-24T16:04:24.000Z,True,"first-reported preferred (earliest filed value kept per fiscal period); companyfacts may include later restated values - treated as caveated, never back-dated",derived = operating_cash_flow - capital_expenditures; availability is the later of the two inputs
JNJ,0000200406,2025-09-28,2025,Q3,10-Q,,,derived:NetCashProvidedByUsedInOperatingActivities-PaymentsToAcquirePropertyPlantAndEquipment,free_cash_flow,14226000000,USD,SEC EDGAR (public companyfacts + submissions JSON),2025-10-22T16:04:17.000Z,True,"first-reported preferred (earliest filed value kept per fiscal period); companyfacts may include later restated values - treated as caveated, never back-dated",derived = operating_cash_flow - capital_expenditures; availability is the later of the two inputs
JNJ,0000200406,2025-12-28,2025,FY,10-K,,,derived:NetCashProvidedByUsedInOperatingActivities-PaymentsToAcquirePropertyPlantAndEquipment,free_cash_flow,19698000000,USD,SEC EDGAR (public companyfacts + submissions JSON),2026-02-11T16:06:11.000Z,True,"first-reported preferred (earliest filed value kept per fiscal period); companyfacts may include later restated values - treated as caveated, never back-dated",derived = operating_cash_flow - capital_expenditures; availability is the later of the two inputs
JNJ,0000200406,2026-03-29,2026,Q1,10-Q,,,derived:NetCashProvidedByUsedInOperatingActivities-PaymentsToAcquirePropertyPlantAndEquipment,free_cash_flow,1465000000,USD,SEC EDGAR (public companyfacts + submissions JSON),2026-04-22T16:02:41.000Z,True,"first-reported preferred (earliest filed value kept per fiscal period); companyfacts may include later restated values - treated as caveated, never back-dated",derived = operating_cash_flow - capital_expenditures; availability is the later of the two inputs
PG,0000080424,2024-06-30,2024,FY,10-K,2024-08-05,,us-gaap:Revenues,revenue,84039000000,USD,SEC EDGAR (public companyfacts + submissions JSON),2024-08-05T20:16:53.000Z,True,"first-reported preferred (earliest filed value kept per fiscal period); companyfacts may include later restated values - treated as caveated, never back-dated",availability_datetime from filing acceptance
PG,0000080424,2024-09-30,2025,Q1,10-Q,2024-10-18,,us-gaap:Revenues,revenue,21737000000,USD,SEC EDGAR (public companyfacts + submissions JSON),2024-10-18T20:15:59.000Z,True,"first-reported preferred (earliest filed value kept per fiscal period); companyfacts may include later restated values - treated as caveated, never back-dated",availability_datetime from filing acceptance
PG,0000080424,2024-12-31,2025,Q2,10-Q,2025-01-22,,us-gaap:Revenues,revenue,43619000000,USD,SEC EDGAR (public companyfacts + submissions JSON),2025-01-22T21:16:26.000Z,True,"first-reported preferred (earliest filed value kept per fiscal period); companyfacts may include later restated values - treated as caveated, never back-dated",availability_datetime from filing acceptance
PG,0000080424,2025-03-31,2025,Q3,10-Q,2025-04-24,,us-gaap:Revenues,revenue,63395000000,USD,SEC EDGAR (public companyfacts + submissions JSON),2025-04-24T20:20:00.000Z,True,"first-reported preferred (earliest filed value kept per fiscal period); companyfacts may include later restated values - treated as caveated, never back-dated",availability_datetime from filing acceptance
PG,0000080424,2025-06-30,2025,FY,10-K,2025-08-04,CY2025,us-gaap:Revenues,revenue,84284000000,USD,SEC EDGAR (public companyfacts + submissions JSON),2025-08-04T20:20:16.000Z,True,"first-reported preferred (earliest filed value kept per fiscal period); companyfacts may include later restated values - treated as caveated, never back-dated",availability_datetime from filing acceptance
PG,0000080424,2025-09-30,2026,Q1,10-Q,2025-10-24,CY2025Q3,us-gaap:Revenues,revenue,22386000000,USD,SEC EDGAR (public companyfacts + submissions JSON),2025-10-24T20:24:02.000Z,True,"first-reported preferred (earliest filed value kept per fiscal period); companyfacts may include later restated values - treated as caveated, never back-dated",availability_datetime from filing acceptance
PG,0000080424,2025-12-31,2026,Q2,10-Q,2026-01-23,,us-gaap:Revenues,revenue,44594000000,USD,SEC EDGAR (public companyfacts + submissions JSON),2026-01-23T02:51:22.000Z,True,"first-reported preferred (earliest filed value kept per fiscal period); companyfacts may include later restated values - treated as caveated, never back-dated",availability_datetime from filing acceptance
PG,0000080424,2026-03-31,2026,Q3,10-Q,2026-04-24,,us-gaap:Revenues,revenue,65828000000,USD,SEC EDGAR (public companyfacts + submissions JSON),2026-04-24T20:14:30.000Z,True,"first-reported preferred (earliest filed value kept per fiscal period); companyfacts may include later restated values - treated as caveated, never back-dated",availability_datetime from filing acceptance
PG,0000080424,2024-06-30,2024,FY,10-K,2024-08-05,,us-gaap:NetIncomeLoss,net_income,14879000000,USD,SEC EDGAR (public companyfacts + submissions JSON),2024-08-05T20:16:53.000Z,True,"first-reported preferred (earliest filed value kept per fiscal period); companyfacts may include later restated values - treated as caveated, never back-dated",availability_datetime from filing acceptance
PG,0000080424,2024-09-30,2025,Q1,10-Q,2024-10-18,,us-gaap:NetIncomeLoss,net_income,3959000000,USD,SEC EDGAR (public companyfacts + submissions JSON),2024-10-18T20:15:59.000Z,True,"first-reported preferred (earliest filed value kept per fiscal period); companyfacts may include later restated values - treated as caveated, never back-dated",availability_datetime from filing acceptance
PG,0000080424,2024-12-31,2025,Q2,10-Q,2025-01-22,,us-gaap:NetIncomeLoss,net_income,8589000000,USD,SEC EDGAR (public companyfacts + submissions JSON),2025-01-22T21:16:26.000Z,True,"first-reported preferred (earliest filed value kept per fiscal period); companyfacts may include later restated values - treated as caveated, never back-dated",availability_datetime from filing acceptance
PG,0000080424,2025-03-31,2025,Q3,10-Q,2025-04-24,,us-gaap:NetIncomeLoss,net_income,12359000000,USD,SEC EDGAR (public companyfacts + submissions JSON),2025-04-24T20:20:00.000Z,True,"first-reported preferred (earliest filed value kept per fiscal period); companyfacts may include later restated values - treated as caveated, never back-dated",availability_datetime from filing acceptance
PG,0000080424,2025-06-30,2025,FY,10-K,2025-08-04,CY2025,us-gaap:NetIncomeLoss,net_income,15974000000,USD,SEC EDGAR (public companyfacts + submissions JSON),2025-08-04T20:20:16.000Z,True,"first-reported preferred (earliest filed value kept per fiscal period); companyfacts may include later restated values - treated as caveated, never back-dated",availability_datetime from filing acceptance
PG,0000080424,2025-09-30,2026,Q1,10-Q,2025-10-24,CY2025Q3,us-gaap:NetIncomeLoss,net_income,4750000000,USD,SEC EDGAR (public companyfacts + submissions JSON),2025-10-24T20:24:02.000Z,True,"first-reported preferred (earliest filed value kept per fiscal period); companyfacts may include later restated values - treated as caveated, never back-dated",availability_datetime from filing acceptance
PG,0000080424,2025-12-31,2026,Q2,10-Q,2026-01-23,,us-gaap:NetIncomeLoss,net_income,9070000000,USD,SEC EDGAR (public companyfacts + submissions JSON),2026-01-23T02:51:22.000Z,True,"first-reported preferred (earliest filed value kept per fiscal period); companyfacts may include later restated values - treated as caveated, never back-dated",availability_datetime from filing acceptance
PG,0000080424,2026-03-31,2026,Q3,10-Q,2026-04-24,,us-gaap:NetIncomeLoss,net_income,13002000000,USD,SEC EDGAR (public companyfacts + submissions JSON),2026-04-24T20:14:30.000Z,True,"first-reported preferred (earliest filed value kept per fiscal period); companyfacts may include later restated values - treated as caveated, never back-dated",availability_datetime from filing acceptance
PG,0000080424,2024-06-30,2024,FY,10-K,2024-08-05,,us-gaap:OperatingIncomeLoss,operating_income,18545000000,USD,SEC EDGAR (public companyfacts + submissions JSON),2024-08-05T20:16:53.000Z,True,"first-reported preferred (earliest filed value kept per fiscal period); companyfacts may include later restated values - treated as caveated, never back-dated",availability_datetime from filing acceptance
PG,0000080424,2024-09-30,2025,Q1,10-Q,2024-10-18,,us-gaap:OperatingIncomeLoss,operating_income,5797000000,USD,SEC EDGAR (public companyfacts + submissions JSON),2024-10-18T20:15:59.000Z,True,"first-reported preferred (earliest filed value kept per fiscal period); companyfacts may include later restated values - treated as caveated, never back-dated",availability_datetime from filing acceptance
PG,0000080424,2024-12-31,2025,Q2,10-Q,2025-01-22,,us-gaap:OperatingIncomeLoss,operating_income,11538000000,USD,SEC EDGAR (public companyfacts + submissions JSON),2025-01-22T21:16:26.000Z,True,"first-reported preferred (earliest filed value kept per fiscal period); companyfacts may include later restated values - treated as caveated, never back-dated",availability_datetime from filing acceptance
PG,0000080424,2025-03-31,2025,Q3,10-Q,2025-04-24,,us-gaap:OperatingIncomeLoss,operating_income,16096000000,USD,SEC EDGAR (public companyfacts + submissions JSON),2025-04-24T20:20:00.000Z,True,"first-reported preferred (earliest filed value kept per fiscal period); companyfacts may include later restated values - treated as caveated, never back-dated",availability_datetime from filing acceptance
PG,0000080424,2025-06-30,2025,FY,10-K,2025-08-04,CY2025,us-gaap:OperatingIncomeLoss,operating_income,20451000000,USD,SEC EDGAR (public companyfacts + submissions JSON),2025-08-04T20:20:16.000Z,True,"first-reported preferred (earliest filed value kept per fiscal period); companyfacts may include later restated values - treated as caveated, never back-dated",availability_datetime from filing acceptance
PG,0000080424,2025-09-30,2026,Q1,10-Q,2025-10-24,CY2025Q3,us-gaap:OperatingIncomeLoss,operating_income,5856000000,USD,SEC EDGAR (public companyfacts + submissions JSON),2025-10-24T20:24:02.000Z,True,"first-reported preferred (earliest filed value kept per fiscal period); companyfacts may include later restated values - treated as caveated, never back-dated",availability_datetime from filing acceptance
PG,0000080424,2025-12-31,2026,Q2,10-Q,2026-01-23,,us-gaap:OperatingIncomeLoss,operating_income,11222000000,USD,SEC EDGAR (public companyfacts + submissions JSON),2026-01-23T02:51:22.000Z,True,"first-reported preferred (earliest filed value kept per fiscal period); companyfacts may include later restated values - treated as caveated, never back-dated",availability_datetime from filing acceptance
PG,0000080424,2026-03-31,2026,Q3,10-Q,2026-04-24,,us-gaap:OperatingIncomeLoss,operating_income,15798000000,USD,SEC EDGAR (public companyfacts + submissions JSON),2026-04-24T20:14:30.000Z,True,"first-reported preferred (earliest filed value kept per fiscal period); companyfacts may include later restated values - treated as caveated, never back-dated",availability_datetime from filing acceptance
PG,0000080424,2024-06-30,2024,FY,10-K,2024-08-05,,us-gaap:EarningsPerShareDiluted,eps_diluted,6.02,USD/shares,SEC EDGAR (public companyfacts + submissions JSON),2024-08-05T20:16:53.000Z,True,"first-reported preferred (earliest filed value kept per fiscal period); companyfacts may include later restated values - treated as caveated, never back-dated",availability_datetime from filing acceptance
PG,0000080424,2024-09-30,2025,Q1,10-Q,2024-10-18,,us-gaap:EarningsPerShareDiluted,eps_diluted,1.61,USD/shares,SEC EDGAR (public companyfacts + submissions JSON),2024-10-18T20:15:59.000Z,True,"first-reported preferred (earliest filed value kept per fiscal period); companyfacts may include later restated values - treated as caveated, never back-dated",availability_datetime from filing acceptance
PG,0000080424,2024-12-31,2025,Q2,10-Q,2025-01-22,,us-gaap:EarningsPerShareDiluted,eps_diluted,3.49,USD/shares,SEC EDGAR (public companyfacts + submissions JSON),2025-01-22T21:16:26.000Z,True,"first-reported preferred (earliest filed value kept per fiscal period); companyfacts may include later restated values - treated as caveated, never back-dated",availability_datetime from filing acceptance
PG,0000080424,2025-03-31,2025,Q3,10-Q,2025-04-24,,us-gaap:EarningsPerShareDiluted,eps_diluted,5.03,USD/shares,SEC EDGAR (public companyfacts + submissions JSON),2025-04-24T20:20:00.000Z,True,"first-reported preferred (earliest filed value kept per fiscal period); companyfacts may include later restated values - treated as caveated, never back-dated",availability_datetime from filing acceptance
PG,0000080424,2025-06-30,2025,FY,10-K,2025-08-04,CY2025,us-gaap:EarningsPerShareDiluted,eps_diluted,6.51,USD/shares,SEC EDGAR (public companyfacts + submissions JSON),2025-08-04T20:20:16.000Z,True,"first-reported preferred (earliest filed value kept per fiscal period); companyfacts may include later restated values - treated as caveated, never back-dated",availability_datetime from filing acceptance
PG,0000080424,2025-09-30,2026,Q1,10-Q,2025-10-24,CY2025Q3,us-gaap:EarningsPerShareDiluted,eps_diluted,1.95,USD/shares,SEC EDGAR (public companyfacts + submissions JSON),2025-10-24T20:24:02.000Z,True,"first-reported preferred (earliest filed value kept per fiscal period); companyfacts may include later restated values - treated as caveated, never back-dated",availability_datetime from filing acceptance
PG,0000080424,2025-12-31,2026,Q2,10-Q,2026-01-23,,us-gaap:EarningsPerShareDiluted,eps_diluted,3.73,USD/shares,SEC EDGAR (public companyfacts + submissions JSON),2026-01-23T02:51:22.000Z,True,"first-reported preferred (earliest filed value kept per fiscal period); companyfacts may include later restated values - treated as caveated, never back-dated",availability_datetime from filing acceptance
PG,0000080424,2026-03-31,2026,Q3,10-Q,2026-04-24,,us-gaap:EarningsPerShareDiluted,eps_diluted,5.36,USD/shares,SEC EDGAR (public companyfacts + submissions JSON),2026-04-24T20:14:30.000Z,True,"first-reported preferred (earliest filed value kept per fiscal period); companyfacts may include later restated values - treated as caveated, never back-dated",availability_datetime from filing acceptance
PG,0000080424,2025-03-31,2025,Q3,10-Q,2025-04-24,CY2025Q1I,us-gaap:Assets,total_assets,122984000000,USD,SEC EDGAR (public companyfacts + submissions JSON),2025-04-24T20:20:00.000Z,True,"first-reported preferred (earliest filed value kept per fiscal period); companyfacts may include later restated values - treated as caveated, never back-dated",availability_datetime from filing acceptance
PG,0000080424,2025-06-30,2025,FY,10-K,2025-08-04,,us-gaap:Assets,total_assets,125231000000,USD,SEC EDGAR (public companyfacts + submissions JSON),2025-08-04T20:20:16.000Z,True,"first-reported preferred (earliest filed value kept per fiscal period); companyfacts may include later restated values - treated as caveated, never back-dated",availability_datetime from filing acceptance
PG,0000080424,2025-06-30,2026,Q1,10-Q,2025-10-24,,us-gaap:Assets,total_assets,125231000000,USD,SEC EDGAR (public companyfacts + submissions JSON),2025-10-24T20:24:02.000Z,True,"first-reported preferred (earliest filed value kept per fiscal period); companyfacts may include later restated values - treated as caveated, never back-dated",availability_datetime from filing acceptance
PG,0000080424,2025-06-30,2026,Q2,10-Q,2026-01-23,,us-gaap:Assets,total_assets,125231000000,USD,SEC EDGAR (public companyfacts + submissions JSON),2026-01-23T02:51:22.000Z,True,"first-reported preferred (earliest filed value kept per fiscal period); companyfacts may include later restated values - treated as caveated, never back-dated",availability_datetime from filing acceptance
PG,0000080424,2025-06-30,2026,Q3,10-Q,2026-04-24,CY2025Q2I,us-gaap:Assets,total_assets,125231000000,USD,SEC EDGAR (public companyfacts + submissions JSON),2026-04-24T20:14:30.000Z,True,"first-reported preferred (earliest filed value kept per fiscal period); companyfacts may include later restated values - treated as caveated, never back-dated",availability_datetime from filing acceptance
PG,0000080424,2025-09-30,2026,Q1,10-Q,2025-10-24,CY2025Q3I,us-gaap:Assets,total_assets,127599000000,USD,SEC EDGAR (public companyfacts + submissions JSON),2025-10-24T20:24:02.000Z,True,"first-reported preferred (earliest filed value kept per fiscal period); companyfacts may include later restated values - treated as caveated, never back-dated",availability_datetime from filing acceptance
PG,0000080424,2025-12-31,2026,Q2,10-Q,2026-01-23,CY2025Q4I,us-gaap:Assets,total_assets,127286000000,USD,SEC EDGAR (public companyfacts + submissions JSON),2026-01-23T02:51:22.000Z,True,"first-reported preferred (earliest filed value kept per fiscal period); companyfacts may include later restated values - treated as caveated, never back-dated",availability_datetime from filing acceptance
PG,0000080424,2026-03-31,2026,Q3,10-Q,2026-04-24,CY2026Q1I,us-gaap:Assets,total_assets,128378000000,USD,SEC EDGAR (public companyfacts + submissions JSON),2026-04-24T20:14:30.000Z,True,"first-reported preferred (earliest filed value kept per fiscal period); companyfacts may include later restated values - treated as caveated, never back-dated",availability_datetime from filing acceptance
PG,0000080424,2025-03-31,2025,Q3,10-Q,2025-04-24,CY2025Q1I,us-gaap:Liabilities,total_liabilities,70439000000,USD,SEC EDGAR (public companyfacts + submissions JSON),2025-04-24T20:20:00.000Z,True,"first-reported preferred (earliest filed value kept per fiscal period); companyfacts may include later restated values - treated as caveated, never back-dated",availability_datetime from filing acceptance
PG,0000080424,2025-06-30,2025,FY,10-K,2025-08-04,,us-gaap:Liabilities,total_liabilities,72946000000,USD,SEC EDGAR (public companyfacts + submissions JSON),2025-08-04T20:20:16.000Z,True,"first-reported preferred (earliest filed value kept per fiscal period); companyfacts may include later restated values - treated as caveated, never back-dated",availability_datetime from filing acceptance
PG,0000080424,2025-06-30,2026,Q1,10-Q,2025-10-24,,us-gaap:Liabilities,total_liabilities,72946000000,USD,SEC EDGAR (public companyfacts + submissions JSON),2025-10-24T20:24:02.000Z,True,"first-reported preferred (earliest filed value kept per fiscal period); companyfacts may include later restated values - treated as caveated, never back-dated",availability_datetime from filing acceptance
PG,0000080424,2025-06-30,2026,Q2,10-Q,2026-01-23,,us-gaap:Liabilities,total_liabilities,72946000000,USD,SEC EDGAR (public companyfacts + submissions JSON),2026-01-23T02:51:22.000Z,True,"first-reported preferred (earliest filed value kept per fiscal period); companyfacts may include later restated values - treated as caveated, never back-dated",availability_datetime from filing acceptance
PG,0000080424,2025-06-30,2026,Q3,10-Q,2026-04-24,CY2025Q2I,us-gaap:Liabilities,total_liabilities,72946000000,USD,SEC EDGAR (public companyfacts + submissions JSON),2026-04-24T20:14:30.000Z,True,"first-reported preferred (earliest filed value kept per fiscal period); companyfacts may include later restated values - treated as caveated, never back-dated",availability_datetime from filing acceptance
PG,0000080424,2025-09-30,2026,Q1,10-Q,2025-10-24,CY2025Q3I,us-gaap:Liabilities,total_liabilities,74048000000,USD,SEC EDGAR (public companyfacts + submissions JSON),2025-10-24T20:24:02.000Z,True,"first-reported preferred (earliest filed value kept per fiscal period); companyfacts may include later restated values - treated as caveated, never back-dated",availability_datetime from filing acceptance
PG,0000080424,2025-12-31,2026,Q2,10-Q,2026-01-23,CY2025Q4I,us-gaap:Liabilities,total_liabilities,73969000000,USD,SEC EDGAR (public companyfacts + submissions JSON),2026-01-23T02:51:22.000Z,True,"first-reported preferred (earliest filed value kept per fiscal period); companyfacts may include later restated values - treated as caveated, never back-dated",availability_datetime from filing acceptance
PG,0000080424,2026-03-31,2026,Q3,10-Q,2026-04-24,CY2026Q1I,us-gaap:Liabilities,total_liabilities,73647000000,USD,SEC EDGAR (public companyfacts + submissions JSON),2026-04-24T20:14:30.000Z,True,"first-reported preferred (earliest filed value kept per fiscal period); companyfacts may include later restated values - treated as caveated, never back-dated",availability_datetime from filing acceptance
PG,0000080424,2024-06-30,2024,FY,10-K,2024-08-05,,us-gaap:NetCashProvidedByUsedInOperatingActivities,operating_cash_flow,19846000000,USD,SEC EDGAR (public companyfacts + submissions JSON),2024-08-05T20:16:53.000Z,True,"first-reported preferred (earliest filed value kept per fiscal period); companyfacts may include later restated values - treated as caveated, never back-dated",availability_datetime from filing acceptance
PG,0000080424,2024-09-30,2025,Q1,10-Q,2024-10-18,,us-gaap:NetCashProvidedByUsedInOperatingActivities,operating_cash_flow,4302000000,USD,SEC EDGAR (public companyfacts + submissions JSON),2024-10-18T20:15:59.000Z,True,"first-reported preferred (earliest filed value kept per fiscal period); companyfacts may include later restated values - treated as caveated, never back-dated",availability_datetime from filing acceptance
PG,0000080424,2024-12-31,2025,Q2,10-Q,2025-01-22,,us-gaap:NetCashProvidedByUsedInOperatingActivities,operating_cash_flow,9127000000,USD,SEC EDGAR (public companyfacts + submissions JSON),2025-01-22T21:16:26.000Z,True,"first-reported preferred (earliest filed value kept per fiscal period); companyfacts may include later restated values - treated as caveated, never back-dated",availability_datetime from filing acceptance
PG,0000080424,2025-03-31,2025,Q3,10-Q,2025-04-24,,us-gaap:NetCashProvidedByUsedInOperatingActivities,operating_cash_flow,12832000000,USD,SEC EDGAR (public companyfacts + submissions JSON),2025-04-24T20:20:00.000Z,True,"first-reported preferred (earliest filed value kept per fiscal period); companyfacts may include later restated values - treated as caveated, never back-dated",availability_datetime from filing acceptance
PG,0000080424,2025-06-30,2025,FY,10-K,2025-08-04,CY2025,us-gaap:NetCashProvidedByUsedInOperatingActivities,operating_cash_flow,17817000000,USD,SEC EDGAR (public companyfacts + submissions JSON),2025-08-04T20:20:16.000Z,True,"first-reported preferred (earliest filed value kept per fiscal period); companyfacts may include later restated values - treated as caveated, never back-dated",availability_datetime from filing acceptance
PG,0000080424,2025-09-30,2026,Q1,10-Q,2025-10-24,CY2025Q3,us-gaap:NetCashProvidedByUsedInOperatingActivities,operating_cash_flow,5408000000,USD,SEC EDGAR (public companyfacts + submissions JSON),2025-10-24T20:24:02.000Z,True,"first-reported preferred (earliest filed value kept per fiscal period); companyfacts may include later restated values - treated as caveated, never back-dated",availability_datetime from filing acceptance
PG,0000080424,2025-12-31,2026,Q2,10-Q,2026-01-23,,us-gaap:NetCashProvidedByUsedInOperatingActivities,operating_cash_flow,10380000000,USD,SEC EDGAR (public companyfacts + submissions JSON),2026-01-23T02:51:22.000Z,True,"first-reported preferred (earliest filed value kept per fiscal period); companyfacts may include later restated values - treated as caveated, never back-dated",availability_datetime from filing acceptance
PG,0000080424,2026-03-31,2026,Q3,10-Q,2026-04-24,,us-gaap:NetCashProvidedByUsedInOperatingActivities,operating_cash_flow,14425000000,USD,SEC EDGAR (public companyfacts + submissions JSON),2026-04-24T20:14:30.000Z,True,"first-reported preferred (earliest filed value kept per fiscal period); companyfacts may include later restated values - treated as caveated, never back-dated",availability_datetime from filing acceptance
PG,0000080424,2024-06-30,2024,FY,10-K,2024-08-05,,us-gaap:PaymentsToAcquirePropertyPlantAndEquipment,capital_expenditures,3322000000,USD,SEC EDGAR (public companyfacts + submissions JSON),2024-08-05T20:16:53.000Z,True,"first-reported preferred (earliest filed value kept per fiscal period); companyfacts may include later restated values - treated as caveated, never back-dated",availability_datetime from filing acceptance
PG,0000080424,2024-09-30,2025,Q1,10-Q,2024-10-18,,us-gaap:PaymentsToAcquirePropertyPlantAndEquipment,capital_expenditures,993000000,USD,SEC EDGAR (public companyfacts + submissions JSON),2024-10-18T20:15:59.000Z,True,"first-reported preferred (earliest filed value kept per fiscal period); companyfacts may include later restated values - treated as caveated, never back-dated",availability_datetime from filing acceptance
PG,0000080424,2024-12-31,2025,Q2,10-Q,2025-01-22,,us-gaap:PaymentsToAcquirePropertyPlantAndEquipment,capital_expenditures,1918000000,USD,SEC EDGAR (public companyfacts + submissions JSON),2025-01-22T21:16:26.000Z,True,"first-reported preferred (earliest filed value kept per fiscal period); companyfacts may include later restated values - treated as caveated, never back-dated",availability_datetime from filing acceptance
PG,0000080424,2025-03-31,2025,Q3,10-Q,2025-04-24,,us-gaap:PaymentsToAcquirePropertyPlantAndEquipment,capital_expenditures,2777000000,USD,SEC EDGAR (public companyfacts + submissions JSON),2025-04-24T20:20:00.000Z,True,"first-reported preferred (earliest filed value kept per fiscal period); companyfacts may include later restated values - treated as caveated, never back-dated",availability_datetime from filing acceptance
PG,0000080424,2025-06-30,2025,FY,10-K,2025-08-04,CY2025,us-gaap:PaymentsToAcquirePropertyPlantAndEquipment,capital_expenditures,3773000000,USD,SEC EDGAR (public companyfacts + submissions JSON),2025-08-04T20:20:16.000Z,True,"first-reported preferred (earliest filed value kept per fiscal period); companyfacts may include later restated values - treated as caveated, never back-dated",availability_datetime from filing acceptance
PG,0000080424,2025-09-30,2026,Q1,10-Q,2025-10-24,CY2025Q3,us-gaap:PaymentsToAcquirePropertyPlantAndEquipment,capital_expenditures,1200000000,USD,SEC EDGAR (public companyfacts + submissions JSON),2025-10-24T20:24:02.000Z,True,"first-reported preferred (earliest filed value kept per fiscal period); companyfacts may include later restated values - treated as caveated, never back-dated",availability_datetime from filing acceptance
PG,0000080424,2025-12-31,2026,Q2,10-Q,2026-01-23,,us-gaap:PaymentsToAcquirePropertyPlantAndEquipment,capital_expenditures,2367000000,USD,SEC EDGAR (public companyfacts + submissions JSON),2026-01-23T02:51:22.000Z,True,"first-reported preferred (earliest filed value kept per fiscal period); companyfacts may include later restated values - treated as caveated, never back-dated",availability_datetime from filing acceptance
PG,0000080424,2026-03-31,2026,Q3,10-Q,2026-04-24,,us-gaap:PaymentsToAcquirePropertyPlantAndEquipment,capital_expenditures,3386000000,USD,SEC EDGAR (public companyfacts + submissions JSON),2026-04-24T20:14:30.000Z,True,"first-reported preferred (earliest filed value kept per fiscal period); companyfacts may include later restated values - treated as caveated, never back-dated",availability_datetime from filing acceptance
PG,0000080424,2024-06-30,2024,FY,10-K,,,derived:NetCashProvidedByUsedInOperatingActivities-PaymentsToAcquirePropertyPlantAndEquipment,free_cash_flow,16524000000,USD,SEC EDGAR (public companyfacts + submissions JSON),2024-08-05T20:16:53.000Z,True,"first-reported preferred (earliest filed value kept per fiscal period); companyfacts may include later restated values - treated as caveated, never back-dated",derived = operating_cash_flow - capital_expenditures; availability is the later of the two inputs
PG,0000080424,2024-09-30,2025,Q1,10-Q,,,derived:NetCashProvidedByUsedInOperatingActivities-PaymentsToAcquirePropertyPlantAndEquipment,free_cash_flow,3309000000,USD,SEC EDGAR (public companyfacts + submissions JSON),2024-10-18T20:15:59.000Z,True,"first-reported preferred (earliest filed value kept per fiscal period); companyfacts may include later restated values - treated as caveated, never back-dated",derived = operating_cash_flow - capital_expenditures; availability is the later of the two inputs
PG,0000080424,2024-12-31,2025,Q2,10-Q,,,derived:NetCashProvidedByUsedInOperatingActivities-PaymentsToAcquirePropertyPlantAndEquipment,free_cash_flow,7209000000,USD,SEC EDGAR (public companyfacts + submissions JSON),2025-01-22T21:16:26.000Z,True,"first-reported preferred (earliest filed value kept per fiscal period); companyfacts may include later restated values - treated as caveated, never back-dated",derived = operating_cash_flow - capital_expenditures; availability is the later of the two inputs
PG,0000080424,2025-03-31,2025,Q3,10-Q,,,derived:NetCashProvidedByUsedInOperatingActivities-PaymentsToAcquirePropertyPlantAndEquipment,free_cash_flow,10055000000,USD,SEC EDGAR (public companyfacts + submissions JSON),2025-04-24T20:20:00.000Z,True,"first-reported preferred (earliest filed value kept per fiscal period); companyfacts may include later restated values - treated as caveated, never back-dated",derived = operating_cash_flow - capital_expenditures; availability is the later of the two inputs
PG,0000080424,2025-06-30,2025,FY,10-K,,,derived:NetCashProvidedByUsedInOperatingActivities-PaymentsToAcquirePropertyPlantAndEquipment,free_cash_flow,14044000000,USD,SEC EDGAR (public companyfacts + submissions JSON),2025-08-04T20:20:16.000Z,True,"first-reported preferred (earliest filed value kept per fiscal period); companyfacts may include later restated values - treated as caveated, never back-dated",derived = operating_cash_flow - capital_expenditures; availability is the later of the two inputs
PG,0000080424,2025-09-30,2026,Q1,10-Q,,,derived:NetCashProvidedByUsedInOperatingActivities-PaymentsToAcquirePropertyPlantAndEquipment,free_cash_flow,4208000000,USD,SEC EDGAR (public companyfacts + submissions JSON),2025-10-24T20:24:02.000Z,True,"first-reported preferred (earliest filed value kept per fiscal period); companyfacts may include later restated values - treated as caveated, never back-dated",derived = operating_cash_flow - capital_expenditures; availability is the later of the two inputs
PG,0000080424,2025-12-31,2026,Q2,10-Q,,,derived:NetCashProvidedByUsedInOperatingActivities-PaymentsToAcquirePropertyPlantAndEquipment,free_cash_flow,8013000000,USD,SEC EDGAR (public companyfacts + submissions JSON),2026-01-23T02:51:22.000Z,True,"first-reported preferred (earliest filed value kept per fiscal period); companyfacts may include later restated values - treated as caveated, never back-dated",derived = operating_cash_flow - capital_expenditures; availability is the later of the two inputs
PG,0000080424,2026-03-31,2026,Q3,10-Q,,,derived:NetCashProvidedByUsedInOperatingActivities-PaymentsToAcquirePropertyPlantAndEquipment,free_cash_flow,11039000000,USD,SEC EDGAR (public companyfacts + submissions JSON),2026-04-24T20:14:30.000Z,True,"first-reported preferred (earliest filed value kept per fiscal period); companyfacts may include later restated values - treated as caveated, never back-dated",derived = operating_cash_flow - capital_expenditures; availability is the later of the two inputs
HD,0000354950,2009-02-01,2009,FY,10-K,2010-03-25,CY2008,us-gaap:Revenues,revenue,71288000000,USD,SEC EDGAR (public companyfacts + submissions JSON),2010-03-25,True,"first-reported preferred (earliest filed value kept per fiscal period); companyfacts may include later restated values - treated as caveated, never back-dated",conservative: filed date used as availability_datetime
HD,0000354950,2009-05-03,2010,Q1,10-Q,2010-06-03,CY2009Q1,us-gaap:Revenues,revenue,16175000000,USD,SEC EDGAR (public companyfacts + submissions JSON),2010-06-03,True,"first-reported preferred (earliest filed value kept per fiscal period); companyfacts may include later restated values - treated as caveated, never back-dated",conservative: filed date used as availability_datetime
HD,0000354950,2009-08-02,2009,Q2,10-Q,2009-09-03,,us-gaap:Revenues,revenue,35246000000,USD,SEC EDGAR (public companyfacts + submissions JSON),2009-09-03,True,"first-reported preferred (earliest filed value kept per fiscal period); companyfacts may include later restated values - treated as caveated, never back-dated",conservative: filed date used as availability_datetime
HD,0000354950,2009-11-01,2009,Q3,10-Q,2009-12-03,,us-gaap:Revenues,revenue,51607000000,USD,SEC EDGAR (public companyfacts + submissions JSON),2009-12-03,True,"first-reported preferred (earliest filed value kept per fiscal period); companyfacts may include later restated values - treated as caveated, never back-dated",conservative: filed date used as availability_datetime
HD,0000354950,2010-01-31,2009,FY,10-K,2010-03-25,CY2009,us-gaap:Revenues,revenue,66176000000,USD,SEC EDGAR (public companyfacts + submissions JSON),2010-03-25,True,"first-reported preferred (earliest filed value kept per fiscal period); companyfacts may include later restated values - treated as caveated, never back-dated",conservative: filed date used as availability_datetime
HD,0000354950,2010-05-02,2010,Q1,10-Q,2010-06-03,CY2010Q1,us-gaap:Revenues,revenue,16863000000,USD,SEC EDGAR (public companyfacts + submissions JSON),2010-06-03,True,"first-reported preferred (earliest filed value kept per fiscal period); companyfacts may include later restated values - treated as caveated, never back-dated",conservative: filed date used as availability_datetime
HD,0000354950,2010-08-01,2010,Q2,10-Q,2010-09-02,,us-gaap:Revenues,revenue,36273000000,USD,SEC EDGAR (public companyfacts + submissions JSON),2010-09-02,True,"first-reported preferred (earliest filed value kept per fiscal period); companyfacts may include later restated values - treated as caveated, never back-dated",conservative: filed date used as availability_datetime
HD,0000354950,2010-10-31,2010,Q3,10-Q,2010-12-02,,us-gaap:Revenues,revenue,52871000000,USD,SEC EDGAR (public companyfacts + submissions JSON),2010-12-02,True,"first-reported preferred (earliest filed value kept per fiscal period); companyfacts may include later restated values - treated as caveated, never back-dated",conservative: filed date used as availability_datetime
HD,0000354950,2024-07-28,2024,Q2,10-Q,2024-08-20,,us-gaap:NetIncomeLoss,net_income,8161000000,USD,SEC EDGAR (public companyfacts + submissions JSON),2024-08-19T21:50:05.000Z,True,"first-reported preferred (earliest filed value kept per fiscal period); companyfacts may include later restated values - treated as caveated, never back-dated",availability_datetime from filing acceptance
HD,0000354950,2024-10-27,2024,Q3,10-Q,2024-11-19,,us-gaap:NetIncomeLoss,net_income,11809000000,USD,SEC EDGAR (public companyfacts + submissions JSON),2024-11-18T23:28:53.000Z,True,"first-reported preferred (earliest filed value kept per fiscal period); companyfacts may include later restated values - treated as caveated, never back-dated",availability_datetime from filing acceptance
HD,0000354950,2025-02-02,2024,FY,10-K,2025-03-21,,us-gaap:NetIncomeLoss,net_income,14806000000,USD,SEC EDGAR (public companyfacts + submissions JSON),2025-03-20T22:36:42.000Z,True,"first-reported preferred (earliest filed value kept per fiscal period); companyfacts may include later restated values - treated as caveated, never back-dated",availability_datetime from filing acceptance
HD,0000354950,2025-05-04,2025,Q1,10-Q,2025-05-28,,us-gaap:NetIncomeLoss,net_income,3433000000,USD,SEC EDGAR (public companyfacts + submissions JSON),2025-05-27T21:48:16.000Z,True,"first-reported preferred (earliest filed value kept per fiscal period); companyfacts may include later restated values - treated as caveated, never back-dated",availability_datetime from filing acceptance
HD,0000354950,2025-08-03,2025,Q2,10-Q,2025-08-26,,us-gaap:NetIncomeLoss,net_income,7984000000,USD,SEC EDGAR (public companyfacts + submissions JSON),2025-08-25T21:53:51.000Z,True,"first-reported preferred (earliest filed value kept per fiscal period); companyfacts may include later restated values - treated as caveated, never back-dated",availability_datetime from filing acceptance
HD,0000354950,2025-11-02,2025,Q3,10-Q,2025-11-25,,us-gaap:NetIncomeLoss,net_income,11585000000,USD,SEC EDGAR (public companyfacts + submissions JSON),2025-11-24T22:52:00.000Z,True,"first-reported preferred (earliest filed value kept per fiscal period); companyfacts may include later restated values - treated as caveated, never back-dated",availability_datetime from filing acceptance
HD,0000354950,2026-02-01,2025,FY,10-K,2026-03-18,,us-gaap:NetIncomeLoss,net_income,14156000000,USD,SEC EDGAR (public companyfacts + submissions JSON),2026-03-18T20:23:56.000Z,True,"first-reported preferred (earliest filed value kept per fiscal period); companyfacts may include later restated values - treated as caveated, never back-dated",availability_datetime from filing acceptance
HD,0000354950,2026-05-03,2026,Q1,10-Q,2026-05-27,CY2026Q1,us-gaap:NetIncomeLoss,net_income,3289000000,USD,SEC EDGAR (public companyfacts + submissions JSON),2026-05-26T21:48:01.000Z,True,"first-reported preferred (earliest filed value kept per fiscal period); companyfacts may include later restated values - treated as caveated, never back-dated",availability_datetime from filing acceptance
HD,0000354950,2024-07-28,2024,Q2,10-Q,2024-08-20,,us-gaap:OperatingIncomeLoss,operating_income,11613000000,USD,SEC EDGAR (public companyfacts + submissions JSON),2024-08-19T21:50:05.000Z,True,"first-reported preferred (earliest filed value kept per fiscal period); companyfacts may include later restated values - treated as caveated, never back-dated",availability_datetime from filing acceptance
HD,0000354950,2024-10-27,2024,Q3,10-Q,2024-11-19,,us-gaap:OperatingIncomeLoss,operating_income,17031000000,USD,SEC EDGAR (public companyfacts + submissions JSON),2024-11-18T23:28:53.000Z,True,"first-reported preferred (earliest filed value kept per fiscal period); companyfacts may include later restated values - treated as caveated, never back-dated",availability_datetime from filing acceptance
HD,0000354950,2025-02-02,2024,FY,10-K,2025-03-21,,us-gaap:OperatingIncomeLoss,operating_income,21526000000,USD,SEC EDGAR (public companyfacts + submissions JSON),2025-03-20T22:36:42.000Z,True,"first-reported preferred (earliest filed value kept per fiscal period); companyfacts may include later restated values - treated as caveated, never back-dated",availability_datetime from filing acceptance
HD,0000354950,2025-05-04,2025,Q1,10-Q,2025-05-28,,us-gaap:OperatingIncomeLoss,operating_income,5133000000,USD,SEC EDGAR (public companyfacts + submissions JSON),2025-05-27T21:48:16.000Z,True,"first-reported preferred (earliest filed value kept per fiscal period); companyfacts may include later restated values - treated as caveated, never back-dated",availability_datetime from filing acceptance
HD,0000354950,2025-08-03,2025,Q2,10-Q,2025-08-26,,us-gaap:OperatingIncomeLoss,operating_income,11688000000,USD,SEC EDGAR (public companyfacts + submissions JSON),2025-08-25T21:53:51.000Z,True,"first-reported preferred (earliest filed value kept per fiscal period); companyfacts may include later restated values - treated as caveated, never back-dated",availability_datetime from filing acceptance
HD,0000354950,2025-11-02,2025,Q3,10-Q,2025-11-25,,us-gaap:OperatingIncomeLoss,operating_income,17041000000,USD,SEC EDGAR (public companyfacts + submissions JSON),2025-11-24T22:52:00.000Z,True,"first-reported preferred (earliest filed value kept per fiscal period); companyfacts may include later restated values - treated as caveated, never back-dated",availability_datetime from filing acceptance
HD,0000354950,2026-02-01,2025,FY,10-K,2026-03-18,CY2025,us-gaap:OperatingIncomeLoss,operating_income,20890000000,USD,SEC EDGAR (public companyfacts + submissions JSON),2026-03-18T20:23:56.000Z,True,"first-reported preferred (earliest filed value kept per fiscal period); companyfacts may include later restated values - treated as caveated, never back-dated",availability_datetime from filing acceptance
HD,0000354950,2026-05-03,2026,Q1,10-Q,2026-05-27,CY2026Q1,us-gaap:OperatingIncomeLoss,operating_income,4981000000,USD,SEC EDGAR (public companyfacts + submissions JSON),2026-05-26T21:48:01.000Z,True,"first-reported preferred (earliest filed value kept per fiscal period); companyfacts may include later restated values - treated as caveated, never back-dated",availability_datetime from filing acceptance
HD,0000354950,2024-07-28,2024,Q2,10-Q,2024-08-20,,us-gaap:EarningsPerShareDiluted,eps_diluted,8.23,USD/shares,SEC EDGAR (public companyfacts + submissions JSON),2024-08-19T21:50:05.000Z,True,"first-reported preferred (earliest filed value kept per fiscal period); companyfacts may include later restated values - treated as caveated, never back-dated",availability_datetime from filing acceptance
HD,0000354950,2024-10-27,2024,Q3,10-Q,2024-11-19,,us-gaap:EarningsPerShareDiluted,eps_diluted,11.9,USD/shares,SEC EDGAR (public companyfacts + submissions JSON),2024-11-18T23:28:53.000Z,True,"first-reported preferred (earliest filed value kept per fiscal period); companyfacts may include later restated values - treated as caveated, never back-dated",availability_datetime from filing acceptance
HD,0000354950,2025-02-02,2024,FY,10-K,2025-03-21,,us-gaap:EarningsPerShareDiluted,eps_diluted,14.91,USD/shares,SEC EDGAR (public companyfacts + submissions JSON),2025-03-20T22:36:42.000Z,True,"first-reported preferred (earliest filed value kept per fiscal period); companyfacts may include later restated values - treated as caveated, never back-dated",availability_datetime from filing acceptance
HD,0000354950,2025-05-04,2025,Q1,10-Q,2025-05-28,,us-gaap:EarningsPerShareDiluted,eps_diluted,3.45,USD/shares,SEC EDGAR (public companyfacts + submissions JSON),2025-05-27T21:48:16.000Z,True,"first-reported preferred (earliest filed value kept per fiscal period); companyfacts may include later restated values - treated as caveated, never back-dated",availability_datetime from filing acceptance
HD,0000354950,2025-08-03,2025,Q2,10-Q,2025-08-26,,us-gaap:EarningsPerShareDiluted,eps_diluted,8.03,USD/shares,SEC EDGAR (public companyfacts + submissions JSON),2025-08-25T21:53:51.000Z,True,"first-reported preferred (earliest filed value kept per fiscal period); companyfacts may include later restated values - treated as caveated, never back-dated",availability_datetime from filing acceptance
HD,0000354950,2025-11-02,2025,Q3,10-Q,2025-11-25,,us-gaap:EarningsPerShareDiluted,eps_diluted,11.65,USD/shares,SEC EDGAR (public companyfacts + submissions JSON),2025-11-24T22:52:00.000Z,True,"first-reported preferred (earliest filed value kept per fiscal period); companyfacts may include later restated values - treated as caveated, never back-dated",availability_datetime from filing acceptance
HD,0000354950,2026-02-01,2025,FY,10-K,2026-03-18,CY2025,us-gaap:EarningsPerShareDiluted,eps_diluted,14.23,USD/shares,SEC EDGAR (public companyfacts + submissions JSON),2026-03-18T20:23:56.000Z,True,"first-reported preferred (earliest filed value kept per fiscal period); companyfacts may include later restated values - treated as caveated, never back-dated",availability_datetime from filing acceptance
HD,0000354950,2026-05-03,2026,Q1,10-Q,2026-05-27,CY2026Q1,us-gaap:EarningsPerShareDiluted,eps_diluted,3.3,USD/shares,SEC EDGAR (public companyfacts + submissions JSON),2026-05-26T21:48:01.000Z,True,"first-reported preferred (earliest filed value kept per fiscal period); companyfacts may include later restated values - treated as caveated, never back-dated",availability_datetime from filing acceptance
HD,0000354950,2025-02-02,2025,Q2,10-Q,2025-08-26,,us-gaap:Assets,total_assets,96119000000,USD,SEC EDGAR (public companyfacts + submissions JSON),2025-08-25T21:53:51.000Z,True,"first-reported preferred (earliest filed value kept per fiscal period); companyfacts may include later restated values - treated as caveated, never back-dated",availability_datetime from filing acceptance
HD,0000354950,2025-02-02,2025,Q3,10-Q,2025-11-25,,us-gaap:Assets,total_assets,96119000000,USD,SEC EDGAR (public companyfacts + submissions JSON),2025-11-24T22:52:00.000Z,True,"first-reported preferred (earliest filed value kept per fiscal period); companyfacts may include later restated values - treated as caveated, never back-dated",availability_datetime from filing acceptance
HD,0000354950,2025-05-04,2025,Q1,10-Q,2025-05-28,CY2025Q1I,us-gaap:Assets,total_assets,99157000000,USD,SEC EDGAR (public companyfacts + submissions JSON),2025-05-27T21:48:16.000Z,True,"first-reported preferred (earliest filed value kept per fiscal period); companyfacts may include later restated values - treated as caveated, never back-dated",availability_datetime from filing acceptance
HD,0000354950,2025-08-03,2025,Q2,10-Q,2025-08-26,CY2025Q2I,us-gaap:Assets,total_assets,100049000000,USD,SEC EDGAR (public companyfacts + submissions JSON),2025-08-25T21:53:51.000Z,True,"first-reported preferred (earliest filed value kept per fiscal period); companyfacts may include later restated values - treated as caveated, never back-dated",availability_datetime from filing acceptance
HD,0000354950,2025-11-02,2025,Q3,10-Q,2025-11-25,CY2025Q3I,us-gaap:Assets,total_assets,106274000000,USD,SEC EDGAR (public companyfacts + submissions JSON),2025-11-24T22:52:00.000Z,True,"first-reported preferred (earliest filed value kept per fiscal period); companyfacts may include later restated values - treated as caveated, never back-dated",availability_datetime from filing acceptance
HD,0000354950,2026-02-01,2025,FY,10-K,2026-03-18,,us-gaap:Assets,total_assets,105095000000,USD,SEC EDGAR (public companyfacts + submissions JSON),2026-03-18T20:23:56.000Z,True,"first-reported preferred (earliest filed value kept per fiscal period); companyfacts may include later restated values - treated as caveated, never back-dated",availability_datetime from filing acceptance
HD,0000354950,2026-02-01,2026,Q1,10-Q,2026-05-27,CY2025Q4I,us-gaap:Assets,total_assets,105095000000,USD,SEC EDGAR (public companyfacts + submissions JSON),2026-05-26T21:48:01.000Z,True,"first-reported preferred (earliest filed value kept per fiscal period); companyfacts may include later restated values - treated as caveated, never back-dated",availability_datetime from filing acceptance
HD,0000354950,2026-05-03,2026,Q1,10-Q,2026-05-27,CY2026Q1I,us-gaap:Assets,total_assets,107904000000,USD,SEC EDGAR (public companyfacts + submissions JSON),2026-05-26T21:48:01.000Z,True,"first-reported preferred (earliest filed value kept per fiscal period); companyfacts may include later restated values - treated as caveated, never back-dated",availability_datetime from filing acceptance
HD,0000354950,2025-02-02,2025,Q2,10-Q,2025-08-26,,us-gaap:Liabilities,total_liabilities,89479000000,USD,SEC EDGAR (public companyfacts + submissions JSON),2025-08-25T21:53:51.000Z,True,"first-reported preferred (earliest filed value kept per fiscal period); companyfacts may include later restated values - treated as caveated, never back-dated",availability_datetime from filing acceptance
HD,0000354950,2025-02-02,2025,Q3,10-Q,2025-11-25,,us-gaap:Liabilities,total_liabilities,89479000000,USD,SEC EDGAR (public companyfacts + submissions JSON),2025-11-24T22:52:00.000Z,True,"first-reported preferred (earliest filed value kept per fiscal period); companyfacts may include later restated values - treated as caveated, never back-dated",availability_datetime from filing acceptance
HD,0000354950,2025-05-04,2025,Q1,10-Q,2025-05-28,CY2025Q1I,us-gaap:Liabilities,total_liabilities,91202000000,USD,SEC EDGAR (public companyfacts + submissions JSON),2025-05-27T21:48:16.000Z,True,"first-reported preferred (earliest filed value kept per fiscal period); companyfacts may include later restated values - treated as caveated, never back-dated",availability_datetime from filing acceptance
HD,0000354950,2025-08-03,2025,Q2,10-Q,2025-08-26,CY2025Q2I,us-gaap:Liabilities,total_liabilities,89384000000,USD,SEC EDGAR (public companyfacts + submissions JSON),2025-08-25T21:53:51.000Z,True,"first-reported preferred (earliest filed value kept per fiscal period); companyfacts may include later restated values - treated as caveated, never back-dated",availability_datetime from filing acceptance
HD,0000354950,2025-11-02,2025,Q3,10-Q,2025-11-25,CY2025Q3I,us-gaap:Liabilities,total_liabilities,94158000000,USD,SEC EDGAR (public companyfacts + submissions JSON),2025-11-24T22:52:00.000Z,True,"first-reported preferred (earliest filed value kept per fiscal period); companyfacts may include later restated values - treated as caveated, never back-dated",availability_datetime from filing acceptance
HD,0000354950,2026-02-01,2025,FY,10-K,2026-03-18,,us-gaap:Liabilities,total_liabilities,92282000000,USD,SEC EDGAR (public companyfacts + submissions JSON),2026-03-18T20:23:56.000Z,True,"first-reported preferred (earliest filed value kept per fiscal period); companyfacts may include later restated values - treated as caveated, never back-dated",availability_datetime from filing acceptance
HD,0000354950,2026-02-01,2026,Q1,10-Q,2026-05-27,CY2025Q4I,us-gaap:Liabilities,total_liabilities,92282000000,USD,SEC EDGAR (public companyfacts + submissions JSON),2026-05-26T21:48:01.000Z,True,"first-reported preferred (earliest filed value kept per fiscal period); companyfacts may include later restated values - treated as caveated, never back-dated",availability_datetime from filing acceptance
HD,0000354950,2026-05-03,2026,Q1,10-Q,2026-05-27,CY2026Q1I,us-gaap:Liabilities,total_liabilities,94030000000,USD,SEC EDGAR (public companyfacts + submissions JSON),2026-05-26T21:48:01.000Z,True,"first-reported preferred (earliest filed value kept per fiscal period); companyfacts may include later restated values - treated as caveated, never back-dated",availability_datetime from filing acceptance
HD,0000354950,2025-02-02,2025,Q2,10-Q,2025-08-26,,us-gaap:StockholdersEquity,shareholder_equity,6640000000,USD,SEC EDGAR (public companyfacts + submissions JSON),2025-08-25T21:53:51.000Z,True,"first-reported preferred (earliest filed value kept per fiscal period); companyfacts may include later restated values - treated as caveated, never back-dated",availability_datetime from filing acceptance
HD,0000354950,2025-02-02,2025,Q3,10-Q,2025-11-25,,us-gaap:StockholdersEquity,shareholder_equity,6640000000,USD,SEC EDGAR (public companyfacts + submissions JSON),2025-11-24T22:52:00.000Z,True,"first-reported preferred (earliest filed value kept per fiscal period); companyfacts may include later restated values - treated as caveated, never back-dated",availability_datetime from filing acceptance
HD,0000354950,2025-05-04,2025,Q1,10-Q,2025-05-28,,us-gaap:StockholdersEquity,shareholder_equity,7955000000,USD,SEC EDGAR (public companyfacts + submissions JSON),2025-05-27T21:48:16.000Z,True,"first-reported preferred (earliest filed value kept per fiscal period); companyfacts may include later restated values - treated as caveated, never back-dated",availability_datetime from filing acceptance
HD,0000354950,2025-08-03,2025,Q2,10-Q,2025-08-26,CY2025Q2I,us-gaap:StockholdersEquity,shareholder_equity,10665000000,USD,SEC EDGAR (public companyfacts + submissions JSON),2025-08-25T21:53:51.000Z,True,"first-reported preferred (earliest filed value kept per fiscal period); companyfacts may include later restated values - treated as caveated, never back-dated",availability_datetime from filing acceptance
HD,0000354950,2025-11-02,2025,Q3,10-Q,2025-11-25,CY2025Q3I,us-gaap:StockholdersEquity,shareholder_equity,12116000000,USD,SEC EDGAR (public companyfacts + submissions JSON),2025-11-24T22:52:00.000Z,True,"first-reported preferred (earliest filed value kept per fiscal period); companyfacts may include later restated values - treated as caveated, never back-dated",availability_datetime from filing acceptance
HD,0000354950,2026-02-01,2025,FY,10-K,2026-03-18,,us-gaap:StockholdersEquity,shareholder_equity,12813000000,USD,SEC EDGAR (public companyfacts + submissions JSON),2026-03-18T20:23:56.000Z,True,"first-reported preferred (earliest filed value kept per fiscal period); companyfacts may include later restated values - treated as caveated, never back-dated",availability_datetime from filing acceptance
HD,0000354950,2026-02-01,2026,Q1,10-Q,2026-05-27,CY2025Q4I,us-gaap:StockholdersEquity,shareholder_equity,12813000000,USD,SEC EDGAR (public companyfacts + submissions JSON),2026-05-26T21:48:01.000Z,True,"first-reported preferred (earliest filed value kept per fiscal period); companyfacts may include later restated values - treated as caveated, never back-dated",availability_datetime from filing acceptance
HD,0000354950,2026-05-03,2026,Q1,10-Q,2026-05-27,CY2026Q1I,us-gaap:StockholdersEquity,shareholder_equity,13874000000,USD,SEC EDGAR (public companyfacts + submissions JSON),2026-05-26T21:48:01.000Z,True,"first-reported preferred (earliest filed value kept per fiscal period); companyfacts may include later restated values - treated as caveated, never back-dated",availability_datetime from filing acceptance
HD,0000354950,2024-07-28,2024,Q2,10-Q,2024-08-20,,us-gaap:NetCashProvidedByUsedInOperatingActivities,operating_cash_flow,10906000000,USD,SEC EDGAR (public companyfacts + submissions JSON),2024-08-19T21:50:05.000Z,True,"first-reported preferred (earliest filed value kept per fiscal period); companyfacts may include later restated values - treated as caveated, never back-dated",availability_datetime from filing acceptance
HD,0000354950,2024-10-27,2024,Q3,10-Q,2024-11-19,,us-gaap:NetCashProvidedByUsedInOperatingActivities,operating_cash_flow,15139000000,USD,SEC EDGAR (public companyfacts + submissions JSON),2024-11-18T23:28:53.000Z,True,"first-reported preferred (earliest filed value kept per fiscal period); companyfacts may include later restated values - treated as caveated, never back-dated",availability_datetime from filing acceptance
HD,0000354950,2025-02-02,2024,FY,10-K,2025-03-21,,us-gaap:NetCashProvidedByUsedInOperatingActivities,operating_cash_flow,19810000000,USD,SEC EDGAR (public companyfacts + submissions JSON),2025-03-20T22:36:42.000Z,True,"first-reported preferred (earliest filed value kept per fiscal period); companyfacts may include later restated values - treated as caveated, never back-dated",availability_datetime from filing acceptance
HD,0000354950,2025-05-04,2025,Q1,10-Q,2025-05-28,,us-gaap:NetCashProvidedByUsedInOperatingActivities,operating_cash_flow,4325000000,USD,SEC EDGAR (public companyfacts + submissions JSON),2025-05-27T21:48:16.000Z,True,"first-reported preferred (earliest filed value kept per fiscal period); companyfacts may include later restated values - treated as caveated, never back-dated",availability_datetime from filing acceptance
HD,0000354950,2025-08-03,2025,Q2,10-Q,2025-08-26,,us-gaap:NetCashProvidedByUsedInOperatingActivities,operating_cash_flow,8968000000,USD,SEC EDGAR (public companyfacts + submissions JSON),2025-08-25T21:53:51.000Z,True,"first-reported preferred (earliest filed value kept per fiscal period); companyfacts may include later restated values - treated as caveated, never back-dated",availability_datetime from filing acceptance
HD,0000354950,2025-11-02,2025,Q3,10-Q,2025-11-25,,us-gaap:NetCashProvidedByUsedInOperatingActivities,operating_cash_flow,12978000000,USD,SEC EDGAR (public companyfacts + submissions JSON),2025-11-24T22:52:00.000Z,True,"first-reported preferred (earliest filed value kept per fiscal period); companyfacts may include later restated values - treated as caveated, never back-dated",availability_datetime from filing acceptance
HD,0000354950,2026-02-01,2025,FY,10-K,2026-03-18,CY2025,us-gaap:NetCashProvidedByUsedInOperatingActivities,operating_cash_flow,16325000000,USD,SEC EDGAR (public companyfacts + submissions JSON),2026-03-18T20:23:56.000Z,True,"first-reported preferred (earliest filed value kept per fiscal period); companyfacts may include later restated values - treated as caveated, never back-dated",availability_datetime from filing acceptance
HD,0000354950,2026-05-03,2026,Q1,10-Q,2026-05-27,CY2026Q1,us-gaap:NetCashProvidedByUsedInOperatingActivities,operating_cash_flow,6032000000,USD,SEC EDGAR (public companyfacts + submissions JSON),2026-05-26T21:48:01.000Z,True,"first-reported preferred (earliest filed value kept per fiscal period); companyfacts may include later restated values - treated as caveated, never back-dated",availability_datetime from filing acceptance
BAC,0000070858,2024-06-30,2024,Q2,10-Q,2024-07-30,,us-gaap:Revenues,revenue,51195000000,USD,SEC EDGAR (public companyfacts + submissions JSON),2024-07-30,True,"first-reported preferred (earliest filed value kept per fiscal period); companyfacts may include later restated values - treated as caveated, never back-dated",conservative: filed date used as availability_datetime
BAC,0000070858,2024-09-30,2024,Q3,10-Q,2024-10-29,,us-gaap:Revenues,revenue,76540000000,USD,SEC EDGAR (public companyfacts + submissions JSON),2024-10-29,True,"first-reported preferred (earliest filed value kept per fiscal period); companyfacts may include later restated values - treated as caveated, never back-dated",conservative: filed date used as availability_datetime
BAC,0000070858,2024-12-31,2024,FY,10-K,2025-02-25,,us-gaap:Revenues,revenue,101887000000,USD,SEC EDGAR (public companyfacts + submissions JSON),2025-02-25,True,"first-reported preferred (earliest filed value kept per fiscal period); companyfacts may include later restated values - treated as caveated, never back-dated",conservative: filed date used as availability_datetime
BAC,0000070858,2025-03-31,2025,Q1,10-Q,2025-04-30,,us-gaap:Revenues,revenue,27366000000,USD,SEC EDGAR (public companyfacts + submissions JSON),2025-04-30,True,"first-reported preferred (earliest filed value kept per fiscal period); companyfacts may include later restated values - treated as caveated, never back-dated",conservative: filed date used as availability_datetime
BAC,0000070858,2025-06-30,2025,Q2,10-Q,2025-07-31,,us-gaap:Revenues,revenue,53829000000,USD,SEC EDGAR (public companyfacts + submissions JSON),2025-07-31T20:52:36.000Z,True,"first-reported preferred (earliest filed value kept per fiscal period); companyfacts may include later restated values - treated as caveated, never back-dated",availability_datetime from filing acceptance
BAC,0000070858,2025-09-30,2025,Q3,10-Q,2025-10-31,,us-gaap:Revenues,revenue,81917000000,USD,SEC EDGAR (public companyfacts + submissions JSON),2025-10-31T20:36:23.000Z,True,"first-reported preferred (earliest filed value kept per fiscal period); companyfacts may include later restated values - treated as caveated, never back-dated",availability_datetime from filing acceptance
BAC,0000070858,2025-12-31,2025,FY,10-K,2026-02-25,CY2025,us-gaap:Revenues,revenue,113097000000,USD,SEC EDGAR (public companyfacts + submissions JSON),2026-02-25T22:01:44.000Z,True,"first-reported preferred (earliest filed value kept per fiscal period); companyfacts may include later restated values - treated as caveated, never back-dated",availability_datetime from filing acceptance
BAC,0000070858,2026-03-31,2026,Q1,10-Q,2026-05-01,CY2026Q1,us-gaap:Revenues,revenue,30272000000,USD,SEC EDGAR (public companyfacts + submissions JSON),2026-05-01T20:39:01.000Z,True,"first-reported preferred (earliest filed value kept per fiscal period); companyfacts may include later restated values - treated as caveated, never back-dated",availability_datetime from filing acceptance
BAC,0000070858,2024-06-30,2024,Q2,10-Q,2024-07-30,,us-gaap:NetIncomeLoss,net_income,13571000000,USD,SEC EDGAR (public companyfacts + submissions JSON),2024-07-30,True,"first-reported preferred (earliest filed value kept per fiscal period); companyfacts may include later restated values - treated as caveated, never back-dated",conservative: filed date used as availability_datetime
BAC,0000070858,2024-09-30,2024,Q3,10-Q,2024-10-29,,us-gaap:NetIncomeLoss,net_income,20467000000,USD,SEC EDGAR (public companyfacts + submissions JSON),2024-10-29,True,"first-reported preferred (earliest filed value kept per fiscal period); companyfacts may include later restated values - treated as caveated, never back-dated",conservative: filed date used as availability_datetime
BAC,0000070858,2024-12-31,2024,FY,10-K,2025-02-25,,us-gaap:NetIncomeLoss,net_income,27132000000,USD,SEC EDGAR (public companyfacts + submissions JSON),2025-02-25,True,"first-reported preferred (earliest filed value kept per fiscal period); companyfacts may include later restated values - treated as caveated, never back-dated",conservative: filed date used as availability_datetime
BAC,0000070858,2025-03-31,2025,Q1,10-Q,2025-04-30,,us-gaap:NetIncomeLoss,net_income,7396000000,USD,SEC EDGAR (public companyfacts + submissions JSON),2025-04-30,True,"first-reported preferred (earliest filed value kept per fiscal period); companyfacts may include later restated values - treated as caveated, never back-dated",conservative: filed date used as availability_datetime
BAC,0000070858,2025-06-30,2025,Q2,10-Q,2025-07-31,,us-gaap:NetIncomeLoss,net_income,14512000000,USD,SEC EDGAR (public companyfacts + submissions JSON),2025-07-31T20:52:36.000Z,True,"first-reported preferred (earliest filed value kept per fiscal period); companyfacts may include later restated values - treated as caveated, never back-dated",availability_datetime from filing acceptance
BAC,0000070858,2025-09-30,2025,Q3,10-Q,2025-10-31,,us-gaap:NetIncomeLoss,net_income,22981000000,USD,SEC EDGAR (public companyfacts + submissions JSON),2025-10-31T20:36:23.000Z,True,"first-reported preferred (earliest filed value kept per fiscal period); companyfacts may include later restated values - treated as caveated, never back-dated",availability_datetime from filing acceptance
BAC,0000070858,2025-12-31,2025,FY,10-K,2026-02-25,CY2025,us-gaap:NetIncomeLoss,net_income,30509000000,USD,SEC EDGAR (public companyfacts + submissions JSON),2026-02-25T22:01:44.000Z,True,"first-reported preferred (earliest filed value kept per fiscal period); companyfacts may include later restated values - treated as caveated, never back-dated",availability_datetime from filing acceptance
BAC,0000070858,2026-03-31,2026,Q1,10-Q,2026-05-01,CY2026Q1,us-gaap:NetIncomeLoss,net_income,8584000000,USD,SEC EDGAR (public companyfacts + submissions JSON),2026-05-01T20:39:01.000Z,True,"first-reported preferred (earliest filed value kept per fiscal period); companyfacts may include later restated values - treated as caveated, never back-dated",availability_datetime from filing acceptance
BAC,0000070858,2024-06-30,2024,Q2,10-Q,2024-07-30,,us-gaap:EarningsPerShareDiluted,eps_diluted,1.59,USD/shares,SEC EDGAR (public companyfacts + submissions JSON),2024-07-30,True,"first-reported preferred (earliest filed value kept per fiscal period); companyfacts may include later restated values - treated as caveated, never back-dated",conservative: filed date used as availability_datetime
BAC,0000070858,2024-09-30,2024,Q3,10-Q,2024-10-29,,us-gaap:EarningsPerShareDiluted,eps_diluted,2.4,USD/shares,SEC EDGAR (public companyfacts + submissions JSON),2024-10-29,True,"first-reported preferred (earliest filed value kept per fiscal period); companyfacts may include later restated values - treated as caveated, never back-dated",conservative: filed date used as availability_datetime
BAC,0000070858,2024-12-31,2024,FY,10-K,2025-02-25,,us-gaap:EarningsPerShareDiluted,eps_diluted,3.21,USD/shares,SEC EDGAR (public companyfacts + submissions JSON),2025-02-25,True,"first-reported preferred (earliest filed value kept per fiscal period); companyfacts may include later restated values - treated as caveated, never back-dated",conservative: filed date used as availability_datetime
BAC,0000070858,2025-03-31,2025,Q1,10-Q,2025-04-30,,us-gaap:EarningsPerShareDiluted,eps_diluted,0.9,USD/shares,SEC EDGAR (public companyfacts + submissions JSON),2025-04-30,True,"first-reported preferred (earliest filed value kept per fiscal period); companyfacts may include later restated values - treated as caveated, never back-dated",conservative: filed date used as availability_datetime
BAC,0000070858,2025-06-30,2025,Q2,10-Q,2025-07-31,,us-gaap:EarningsPerShareDiluted,eps_diluted,1.79,USD/shares,SEC EDGAR (public companyfacts + submissions JSON),2025-07-31T20:52:36.000Z,True,"first-reported preferred (earliest filed value kept per fiscal period); companyfacts may include later restated values - treated as caveated, never back-dated",availability_datetime from filing acceptance
BAC,0000070858,2025-09-30,2025,Q3,10-Q,2025-10-31,,us-gaap:EarningsPerShareDiluted,eps_diluted,2.85,USD/shares,SEC EDGAR (public companyfacts + submissions JSON),2025-10-31T20:36:23.000Z,True,"first-reported preferred (earliest filed value kept per fiscal period); companyfacts may include later restated values - treated as caveated, never back-dated",availability_datetime from filing acceptance
BAC,0000070858,2025-12-31,2025,FY,10-K,2026-02-25,CY2025,us-gaap:EarningsPerShareDiluted,eps_diluted,3.81,USD/shares,SEC EDGAR (public companyfacts + submissions JSON),2026-02-25T22:01:44.000Z,True,"first-reported preferred (earliest filed value kept per fiscal period); companyfacts may include later restated values - treated as caveated, never back-dated",availability_datetime from filing acceptance
BAC,0000070858,2026-03-31,2026,Q1,10-Q,2026-05-01,CY2026Q1,us-gaap:EarningsPerShareDiluted,eps_diluted,1.11,USD/shares,SEC EDGAR (public companyfacts + submissions JSON),2026-05-01T20:39:01.000Z,True,"first-reported preferred (earliest filed value kept per fiscal period); companyfacts may include later restated values - treated as caveated, never back-dated",availability_datetime from filing acceptance
BAC,0000070858,2024-12-31,2025,Q2,10-Q,2025-07-31,,us-gaap:Assets,total_assets,3261519000000,USD,SEC EDGAR (public companyfacts + submissions JSON),2025-07-31T20:52:36.000Z,True,"first-reported preferred (earliest filed value kept per fiscal period); companyfacts may include later restated values - treated as caveated, never back-dated",availability_datetime from filing acceptance
BAC,0000070858,2024-12-31,2025,Q3,10-Q,2025-10-31,,us-gaap:Assets,total_assets,3261519000000,USD,SEC EDGAR (public companyfacts + submissions JSON),2025-10-31T20:36:23.000Z,True,"first-reported preferred (earliest filed value kept per fiscal period); companyfacts may include later restated values - treated as caveated, never back-dated",availability_datetime from filing acceptance
BAC,0000070858,2025-03-31,2025,Q1,10-Q,2025-04-30,,us-gaap:Assets,total_assets,3349424000000,USD,SEC EDGAR (public companyfacts + submissions JSON),2025-04-30,True,"first-reported preferred (earliest filed value kept per fiscal period); companyfacts may include later restated values - treated as caveated, never back-dated",conservative: filed date used as availability_datetime
BAC,0000070858,2025-06-30,2025,Q2,10-Q,2025-07-31,CY2025Q2I,us-gaap:Assets,total_assets,3441142000000,USD,SEC EDGAR (public companyfacts + submissions JSON),2025-07-31T20:52:36.000Z,True,"first-reported preferred (earliest filed value kept per fiscal period); companyfacts may include later restated values - treated as caveated, never back-dated",availability_datetime from filing acceptance
BAC,0000070858,2025-09-30,2025,Q3,10-Q,2025-10-31,CY2025Q3I,us-gaap:Assets,total_assets,3403716000000,USD,SEC EDGAR (public companyfacts + submissions JSON),2025-10-31T20:36:23.000Z,True,"first-reported preferred (earliest filed value kept per fiscal period); companyfacts may include later restated values - treated as caveated, never back-dated",availability_datetime from filing acceptance
BAC,0000070858,2025-12-31,2025,FY,10-K,2026-02-25,,us-gaap:Assets,total_assets,3411738000000,USD,SEC EDGAR (public companyfacts + submissions JSON),2026-02-25T22:01:44.000Z,True,"first-reported preferred (earliest filed value kept per fiscal period); companyfacts may include later restated values - treated as caveated, never back-dated",availability_datetime from filing acceptance
BAC,0000070858,2025-12-31,2026,Q1,10-Q,2026-05-01,CY2025Q4I,us-gaap:Assets,total_assets,3411738000000,USD,SEC EDGAR (public companyfacts + submissions JSON),2026-05-01T20:39:01.000Z,True,"first-reported preferred (earliest filed value kept per fiscal period); companyfacts may include later restated values - treated as caveated, never back-dated",availability_datetime from filing acceptance
BAC,0000070858,2026-03-31,2026,Q1,10-Q,2026-05-01,CY2026Q1I,us-gaap:Assets,total_assets,3496186000000,USD,SEC EDGAR (public companyfacts + submissions JSON),2026-05-01T20:39:01.000Z,True,"first-reported preferred (earliest filed value kept per fiscal period); companyfacts may include later restated values - treated as caveated, never back-dated",availability_datetime from filing acceptance
BAC,0000070858,2024-12-31,2025,Q2,10-Q,2025-07-31,,us-gaap:Liabilities,total_liabilities,2965960000000,USD,SEC EDGAR (public companyfacts + submissions JSON),2025-07-31T20:52:36.000Z,True,"first-reported preferred (earliest filed value kept per fiscal period); companyfacts may include later restated values - treated as caveated, never back-dated",availability_datetime from filing acceptance
BAC,0000070858,2024-12-31,2025,Q3,10-Q,2025-10-31,,us-gaap:Liabilities,total_liabilities,2965960000000,USD,SEC EDGAR (public companyfacts + submissions JSON),2025-10-31T20:36:23.000Z,True,"first-reported preferred (earliest filed value kept per fiscal period); companyfacts may include later restated values - treated as caveated, never back-dated",availability_datetime from filing acceptance
BAC,0000070858,2025-03-31,2025,Q1,10-Q,2025-04-30,CY2025Q1I,us-gaap:Liabilities,total_liabilities,3053843000000,USD,SEC EDGAR (public companyfacts + submissions JSON),2025-04-30,True,"first-reported preferred (earliest filed value kept per fiscal period); companyfacts may include later restated values - treated as caveated, never back-dated",conservative: filed date used as availability_datetime
BAC,0000070858,2025-06-30,2025,Q2,10-Q,2025-07-31,CY2025Q2I,us-gaap:Liabilities,total_liabilities,3141543000000,USD,SEC EDGAR (public companyfacts + submissions JSON),2025-07-31T20:52:36.000Z,True,"first-reported preferred (earliest filed value kept per fiscal period); companyfacts may include later restated values - treated as caveated, never back-dated",availability_datetime from filing acceptance
BAC,0000070858,2025-09-30,2025,Q3,10-Q,2025-10-31,CY2025Q3I,us-gaap:Liabilities,total_liabilities,3099564000000,USD,SEC EDGAR (public companyfacts + submissions JSON),2025-10-31T20:36:23.000Z,True,"first-reported preferred (earliest filed value kept per fiscal period); companyfacts may include later restated values - treated as caveated, never back-dated",availability_datetime from filing acceptance
BAC,0000070858,2025-12-31,2025,FY,10-K,2026-02-25,,us-gaap:Liabilities,total_liabilities,3108495000000,USD,SEC EDGAR (public companyfacts + submissions JSON),2026-02-25T22:01:44.000Z,True,"first-reported preferred (earliest filed value kept per fiscal period); companyfacts may include later restated values - treated as caveated, never back-dated",availability_datetime from filing acceptance
BAC,0000070858,2025-12-31,2026,Q1,10-Q,2026-05-01,CY2025Q4I,us-gaap:Liabilities,total_liabilities,3108495000000,USD,SEC EDGAR (public companyfacts + submissions JSON),2026-05-01T20:39:01.000Z,True,"first-reported preferred (earliest filed value kept per fiscal period); companyfacts may include later restated values - treated as caveated, never back-dated",availability_datetime from filing acceptance
BAC,0000070858,2026-03-31,2026,Q1,10-Q,2026-05-01,CY2026Q1I,us-gaap:Liabilities,total_liabilities,3195518000000,USD,SEC EDGAR (public companyfacts + submissions JSON),2026-05-01T20:39:01.000Z,True,"first-reported preferred (earliest filed value kept per fiscal period); companyfacts may include later restated values - treated as caveated, never back-dated",availability_datetime from filing acceptance
BAC,0000070858,2025-03-31,2025,Q1,10-Q,2025-04-30,,us-gaap:StockholdersEquity,shareholder_equity,295581000000,USD,SEC EDGAR (public companyfacts + submissions JSON),2025-04-30,True,"first-reported preferred (earliest filed value kept per fiscal period); companyfacts may include later restated values - treated as caveated, never back-dated",conservative: filed date used as availability_datetime
BAC,0000070858,2025-03-31,2025,Q2,10-Q,2025-07-31,,us-gaap:StockholdersEquity,shareholder_equity,295581000000,USD,SEC EDGAR (public companyfacts + submissions JSON),2025-07-31T20:52:36.000Z,True,"first-reported preferred (earliest filed value kept per fiscal period); companyfacts may include later restated values - treated as caveated, never back-dated",availability_datetime from filing acceptance
BAC,0000070858,2025-06-30,2025,Q2,10-Q,2025-07-31,,us-gaap:StockholdersEquity,shareholder_equity,299599000000,USD,SEC EDGAR (public companyfacts + submissions JSON),2025-07-31T20:52:36.000Z,True,"first-reported preferred (earliest filed value kept per fiscal period); companyfacts may include later restated values - treated as caveated, never back-dated",availability_datetime from filing acceptance
BAC,0000070858,2025-06-30,2025,Q3,10-Q,2025-10-31,CY2025Q2I,us-gaap:StockholdersEquity,shareholder_equity,299599000000,USD,SEC EDGAR (public companyfacts + submissions JSON),2025-10-31T20:36:23.000Z,True,"first-reported preferred (earliest filed value kept per fiscal period); companyfacts may include later restated values - treated as caveated, never back-dated",availability_datetime from filing acceptance
BAC,0000070858,2025-09-30,2025,Q3,10-Q,2025-10-31,CY2025Q3I,us-gaap:StockholdersEquity,shareholder_equity,304152000000,USD,SEC EDGAR (public companyfacts + submissions JSON),2025-10-31T20:36:23.000Z,True,"first-reported preferred (earliest filed value kept per fiscal period); companyfacts may include later restated values - treated as caveated, never back-dated",availability_datetime from filing acceptance
BAC,0000070858,2025-12-31,2025,FY,10-K,2026-02-25,,us-gaap:StockholdersEquity,shareholder_equity,303243000000,USD,SEC EDGAR (public companyfacts + submissions JSON),2026-02-25T22:01:44.000Z,True,"first-reported preferred (earliest filed value kept per fiscal period); companyfacts may include later restated values - treated as caveated, never back-dated",availability_datetime from filing acceptance
BAC,0000070858,2025-12-31,2026,Q1,10-Q,2026-05-01,CY2025Q4I,us-gaap:StockholdersEquity,shareholder_equity,303243000000,USD,SEC EDGAR (public companyfacts + submissions JSON),2026-05-01T20:39:01.000Z,True,"first-reported preferred (earliest filed value kept per fiscal period); companyfacts may include later restated values - treated as caveated, never back-dated",availability_datetime from filing acceptance
BAC,0000070858,2026-03-31,2026,Q1,10-Q,2026-05-01,CY2026Q1I,us-gaap:StockholdersEquity,shareholder_equity,300668000000,USD,SEC EDGAR (public companyfacts + submissions JSON),2026-05-01T20:39:01.000Z,True,"first-reported preferred (earliest filed value kept per fiscal period); companyfacts may include later restated values - treated as caveated, never back-dated",availability_datetime from filing acceptance
BAC,0000070858,2024-06-30,2024,Q2,10-Q,2024-07-30,,us-gaap:NetCashProvidedByUsedInOperatingActivities,operating_cash_flow,2557000000,USD,SEC EDGAR (public companyfacts + submissions JSON),2024-07-30,True,"first-reported preferred (earliest filed value kept per fiscal period); companyfacts may include later restated values - treated as caveated, never back-dated",conservative: filed date used as availability_datetime
BAC,0000070858,2024-09-30,2024,Q3,10-Q,2024-10-29,,us-gaap:NetCashProvidedByUsedInOperatingActivities,operating_cash_flow,-34719000000,USD,SEC EDGAR (public companyfacts + submissions JSON),2024-10-29,True,"first-reported preferred (earliest filed value kept per fiscal period); companyfacts may include later restated values - treated as caveated, never back-dated",conservative: filed date used as availability_datetime
BAC,0000070858,2024-12-31,2024,FY,10-K,2025-02-25,,us-gaap:NetCashProvidedByUsedInOperatingActivities,operating_cash_flow,-8805000000,USD,SEC EDGAR (public companyfacts + submissions JSON),2025-02-25,True,"first-reported preferred (earliest filed value kept per fiscal period); companyfacts may include later restated values - treated as caveated, never back-dated",conservative: filed date used as availability_datetime
BAC,0000070858,2025-03-31,2025,Q1,10-Q,2025-04-30,,us-gaap:NetCashProvidedByUsedInOperatingActivities,operating_cash_flow,-2184000000,USD,SEC EDGAR (public companyfacts + submissions JSON),2025-04-30,True,"first-reported preferred (earliest filed value kept per fiscal period); companyfacts may include later restated values - treated as caveated, never back-dated",conservative: filed date used as availability_datetime
BAC,0000070858,2025-06-30,2025,Q2,10-Q,2025-07-31,,us-gaap:NetCashProvidedByUsedInOperatingActivities,operating_cash_flow,-11316000000,USD,SEC EDGAR (public companyfacts + submissions JSON),2025-07-31T20:52:36.000Z,True,"first-reported preferred (earliest filed value kept per fiscal period); companyfacts may include later restated values - treated as caveated, never back-dated",availability_datetime from filing acceptance
BAC,0000070858,2025-09-30,2025,Q3,10-Q,2025-10-31,,us-gaap:NetCashProvidedByUsedInOperatingActivities,operating_cash_flow,35558000000,USD,SEC EDGAR (public companyfacts + submissions JSON),2025-10-31T20:36:23.000Z,True,"first-reported preferred (earliest filed value kept per fiscal period); companyfacts may include later restated values - treated as caveated, never back-dated",availability_datetime from filing acceptance
BAC,0000070858,2025-12-31,2025,FY,10-K,2026-02-25,CY2025,us-gaap:NetCashProvidedByUsedInOperatingActivities,operating_cash_flow,12613000000,USD,SEC EDGAR (public companyfacts + submissions JSON),2026-02-25T22:01:44.000Z,True,"first-reported preferred (earliest filed value kept per fiscal period); companyfacts may include later restated values - treated as caveated, never back-dated",availability_datetime from filing acceptance
BAC,0000070858,2026-03-31,2026,Q1,10-Q,2026-05-01,CY2026Q1,us-gaap:NetCashProvidedByUsedInOperatingActivities,operating_cash_flow,41770000000,USD,SEC EDGAR (public companyfacts + submissions JSON),2026-05-01T20:39:01.000Z,True,"first-reported preferred (earliest filed value kept per fiscal period); companyfacts may include later restated values - treated as caveated, never back-dated",availability_datetime from filing acceptance
CVX,0000093410,2024-06-30,2024,Q2,10-Q,2024-08-07,,us-gaap:Revenues,revenue,99897000000,USD,SEC EDGAR (public companyfacts + submissions JSON),2024-08-07T15:11:12.000Z,True,"first-reported preferred (earliest filed value kept per fiscal period); companyfacts may include later restated values - treated as caveated, never back-dated",availability_datetime from filing acceptance
CVX,0000093410,2024-09-30,2024,Q3,10-Q,2024-11-07,,us-gaap:Revenues,revenue,150566000000,USD,SEC EDGAR (public companyfacts + submissions JSON),2024-11-07T16:26:20.000Z,True,"first-reported preferred (earliest filed value kept per fiscal period); companyfacts may include later restated values - treated as caveated, never back-dated",availability_datetime from filing acceptance
CVX,0000093410,2024-12-31,2024,FY,10-K,2025-02-21,,us-gaap:Revenues,revenue,202792000000,USD,SEC EDGAR (public companyfacts + submissions JSON),2025-02-21T16:20:51.000Z,True,"first-reported preferred (earliest filed value kept per fiscal period); companyfacts may include later restated values - treated as caveated, never back-dated",availability_datetime from filing acceptance
CVX,0000093410,2025-03-31,2025,Q1,10-Q,2025-05-08,,us-gaap:Revenues,revenue,47610000000,USD,SEC EDGAR (public companyfacts + submissions JSON),2025-05-08T14:49:09.000Z,True,"first-reported preferred (earliest filed value kept per fiscal period); companyfacts may include later restated values - treated as caveated, never back-dated",availability_datetime from filing acceptance
CVX,0000093410,2025-06-30,2025,Q2,10-Q,2025-08-07,,us-gaap:Revenues,revenue,92432000000,USD,SEC EDGAR (public companyfacts + submissions JSON),2025-08-07T14:18:13.000Z,True,"first-reported preferred (earliest filed value kept per fiscal period); companyfacts may include later restated values - treated as caveated, never back-dated",availability_datetime from filing acceptance
CVX,0000093410,2025-09-30,2025,Q3,10-Q,2025-11-06,,us-gaap:Revenues,revenue,142158000000,USD,SEC EDGAR (public companyfacts + submissions JSON),2025-11-06T16:29:11.000Z,True,"first-reported preferred (earliest filed value kept per fiscal period); companyfacts may include later restated values - treated as caveated, never back-dated",availability_datetime from filing acceptance
CVX,0000093410,2025-12-31,2025,FY,10-K,2026-02-24,CY2025,us-gaap:Revenues,revenue,189031000000,USD,SEC EDGAR (public companyfacts + submissions JSON),2026-02-24T20:03:12.000Z,True,"first-reported preferred (earliest filed value kept per fiscal period); companyfacts may include later restated values - treated as caveated, never back-dated",availability_datetime from filing acceptance
CVX,0000093410,2026-03-31,2026,Q1,10-Q,2026-05-07,CY2026Q1,us-gaap:Revenues,revenue,48607000000,USD,SEC EDGAR (public companyfacts + submissions JSON),2026-05-07T15:39:23.000Z,True,"first-reported preferred (earliest filed value kept per fiscal period); companyfacts may include later restated values - treated as caveated, never back-dated",availability_datetime from filing acceptance
CVX,0000093410,2024-06-30,2024,Q2,10-Q,2024-08-07,,us-gaap:NetIncomeLoss,net_income,9935000000,USD,SEC EDGAR (public companyfacts + submissions JSON),2024-08-07T15:11:12.000Z,True,"first-reported preferred (earliest filed value kept per fiscal period); companyfacts may include later restated values - treated as caveated, never back-dated",availability_datetime from filing acceptance
CVX,0000093410,2024-09-30,2024,Q3,10-Q,2024-11-07,,us-gaap:NetIncomeLoss,net_income,14422000000,USD,SEC EDGAR (public companyfacts + submissions JSON),2024-11-07T16:26:20.000Z,True,"first-reported preferred (earliest filed value kept per fiscal period); companyfacts may include later restated values - treated as caveated, never back-dated",availability_datetime from filing acceptance
CVX,0000093410,2024-12-31,2024,FY,10-K,2025-02-21,,us-gaap:NetIncomeLoss,net_income,17661000000,USD,SEC EDGAR (public companyfacts + submissions JSON),2025-02-21T16:20:51.000Z,True,"first-reported preferred (earliest filed value kept per fiscal period); companyfacts may include later restated values - treated as caveated, never back-dated",availability_datetime from filing acceptance
CVX,0000093410,2025-03-31,2025,Q1,10-Q,2025-05-08,,us-gaap:NetIncomeLoss,net_income,3500000000,USD,SEC EDGAR (public companyfacts + submissions JSON),2025-05-08T14:49:09.000Z,True,"first-reported preferred (earliest filed value kept per fiscal period); companyfacts may include later restated values - treated as caveated, never back-dated",availability_datetime from filing acceptance
CVX,0000093410,2025-06-30,2025,Q2,10-Q,2025-08-07,,us-gaap:NetIncomeLoss,net_income,5990000000,USD,SEC EDGAR (public companyfacts + submissions JSON),2025-08-07T14:18:13.000Z,True,"first-reported preferred (earliest filed value kept per fiscal period); companyfacts may include later restated values - treated as caveated, never back-dated",availability_datetime from filing acceptance
CVX,0000093410,2025-09-30,2025,Q3,10-Q,2025-11-06,,us-gaap:NetIncomeLoss,net_income,9529000000,USD,SEC EDGAR (public companyfacts + submissions JSON),2025-11-06T16:29:11.000Z,True,"first-reported preferred (earliest filed value kept per fiscal period); companyfacts may include later restated values - treated as caveated, never back-dated",availability_datetime from filing acceptance
CVX,0000093410,2025-12-31,2025,FY,10-K,2026-02-24,,us-gaap:NetIncomeLoss,net_income,12299000000,USD,SEC EDGAR (public companyfacts + submissions JSON),2026-02-24T20:03:12.000Z,True,"first-reported preferred (earliest filed value kept per fiscal period); companyfacts may include later restated values - treated as caveated, never back-dated",availability_datetime from filing acceptance
CVX,0000093410,2026-03-31,2026,Q1,10-Q,2026-05-07,CY2026Q1,us-gaap:NetIncomeLoss,net_income,2210000000,USD,SEC EDGAR (public companyfacts + submissions JSON),2026-05-07T15:39:23.000Z,True,"first-reported preferred (earliest filed value kept per fiscal period); companyfacts may include later restated values - treated as caveated, never back-dated",availability_datetime from filing acceptance
CVX,0000093410,2024-06-30,2024,Q2,10-Q,2024-08-07,,us-gaap:EarningsPerShareDiluted,eps_diluted,5.4,USD/shares,SEC EDGAR (public companyfacts + submissions JSON),2024-08-07T15:11:12.000Z,True,"first-reported preferred (earliest filed value kept per fiscal period); companyfacts may include later restated values - treated as caveated, never back-dated",availability_datetime from filing acceptance
CVX,0000093410,2024-09-30,2024,Q3,10-Q,2024-11-07,,us-gaap:EarningsPerShareDiluted,eps_diluted,7.88,USD/shares,SEC EDGAR (public companyfacts + submissions JSON),2024-11-07T16:26:20.000Z,True,"first-reported preferred (earliest filed value kept per fiscal period); companyfacts may include later restated values - treated as caveated, never back-dated",availability_datetime from filing acceptance
CVX,0000093410,2024-12-31,2024,FY,10-K,2025-02-21,,us-gaap:EarningsPerShareDiluted,eps_diluted,9.72,USD/shares,SEC EDGAR (public companyfacts + submissions JSON),2025-02-21T16:20:51.000Z,True,"first-reported preferred (earliest filed value kept per fiscal period); companyfacts may include later restated values - treated as caveated, never back-dated",availability_datetime from filing acceptance
CVX,0000093410,2025-03-31,2025,Q1,10-Q,2025-05-08,,us-gaap:EarningsPerShareDiluted,eps_diluted,2,USD/shares,SEC EDGAR (public companyfacts + submissions JSON),2025-05-08T14:49:09.000Z,True,"first-reported preferred (earliest filed value kept per fiscal period); companyfacts may include later restated values - treated as caveated, never back-dated",availability_datetime from filing acceptance
CVX,0000093410,2025-06-30,2025,Q2,10-Q,2025-08-07,,us-gaap:EarningsPerShareDiluted,eps_diluted,3.45,USD/shares,SEC EDGAR (public companyfacts + submissions JSON),2025-08-07T14:18:13.000Z,True,"first-reported preferred (earliest filed value kept per fiscal period); companyfacts may include later restated values - treated as caveated, never back-dated",availability_datetime from filing acceptance
CVX,0000093410,2025-09-30,2025,Q3,10-Q,2025-11-06,,us-gaap:EarningsPerShareDiluted,eps_diluted,5.27,USD/shares,SEC EDGAR (public companyfacts + submissions JSON),2025-11-06T16:29:11.000Z,True,"first-reported preferred (earliest filed value kept per fiscal period); companyfacts may include later restated values - treated as caveated, never back-dated",availability_datetime from filing acceptance
CVX,0000093410,2025-12-31,2025,FY,10-K,2026-02-24,CY2025,us-gaap:EarningsPerShareDiluted,eps_diluted,6.63,USD/shares,SEC EDGAR (public companyfacts + submissions JSON),2026-02-24T20:03:12.000Z,True,"first-reported preferred (earliest filed value kept per fiscal period); companyfacts may include later restated values - treated as caveated, never back-dated",availability_datetime from filing acceptance
CVX,0000093410,2026-03-31,2026,Q1,10-Q,2026-05-07,CY2026Q1,us-gaap:EarningsPerShareDiluted,eps_diluted,1.11,USD/shares,SEC EDGAR (public companyfacts + submissions JSON),2026-05-07T15:39:23.000Z,True,"first-reported preferred (earliest filed value kept per fiscal period); companyfacts may include later restated values - treated as caveated, never back-dated",availability_datetime from filing acceptance
CVX,0000093410,2024-12-31,2025,Q2,10-Q,2025-08-07,,us-gaap:Assets,total_assets,256938000000,USD,SEC EDGAR (public companyfacts + submissions JSON),2025-08-07T14:18:13.000Z,True,"first-reported preferred (earliest filed value kept per fiscal period); companyfacts may include later restated values - treated as caveated, never back-dated",availability_datetime from filing acceptance
CVX,0000093410,2024-12-31,2025,Q3,10-Q,2025-11-06,,us-gaap:Assets,total_assets,256938000000,USD,SEC EDGAR (public companyfacts + submissions JSON),2025-11-06T16:29:11.000Z,True,"first-reported preferred (earliest filed value kept per fiscal period); companyfacts may include later restated values - treated as caveated, never back-dated",availability_datetime from filing acceptance
CVX,0000093410,2025-03-31,2025,Q1,10-Q,2025-05-08,CY2025Q1I,us-gaap:Assets,total_assets,256397000000,USD,SEC EDGAR (public companyfacts + submissions JSON),2025-05-08T14:49:09.000Z,True,"first-reported preferred (earliest filed value kept per fiscal period); companyfacts may include later restated values - treated as caveated, never back-dated",availability_datetime from filing acceptance
CVX,0000093410,2025-06-30,2025,Q2,10-Q,2025-08-07,CY2025Q2I,us-gaap:Assets,total_assets,250820000000,USD,SEC EDGAR (public companyfacts + submissions JSON),2025-08-07T14:18:13.000Z,True,"first-reported preferred (earliest filed value kept per fiscal period); companyfacts may include later restated values - treated as caveated, never back-dated",availability_datetime from filing acceptance
CVX,0000093410,2025-09-30,2025,Q3,10-Q,2025-11-06,CY2025Q3I,us-gaap:Assets,total_assets,326501000000,USD,SEC EDGAR (public companyfacts + submissions JSON),2025-11-06T16:29:11.000Z,True,"first-reported preferred (earliest filed value kept per fiscal period); companyfacts may include later restated values - treated as caveated, never back-dated",availability_datetime from filing acceptance
CVX,0000093410,2025-12-31,2025,FY,10-K,2026-02-24,,us-gaap:Assets,total_assets,324012000000,USD,SEC EDGAR (public companyfacts + submissions JSON),2026-02-24T20:03:12.000Z,True,"first-reported preferred (earliest filed value kept per fiscal period); companyfacts may include later restated values - treated as caveated, never back-dated",availability_datetime from filing acceptance
CVX,0000093410,2025-12-31,2026,Q1,10-Q,2026-05-07,CY2025Q4I,us-gaap:Assets,total_assets,324012000000,USD,SEC EDGAR (public companyfacts + submissions JSON),2026-05-07T15:39:23.000Z,True,"first-reported preferred (earliest filed value kept per fiscal period); companyfacts may include later restated values - treated as caveated, never back-dated",availability_datetime from filing acceptance
CVX,0000093410,2026-03-31,2026,Q1,10-Q,2026-05-07,CY2026Q1I,us-gaap:Assets,total_assets,329551000000,USD,SEC EDGAR (public companyfacts + submissions JSON),2026-05-07T15:39:23.000Z,True,"first-reported preferred (earliest filed value kept per fiscal period); companyfacts may include later restated values - treated as caveated, never back-dated",availability_datetime from filing acceptance
CVX,0000093410,2024-12-31,2025,Q2,10-Q,2025-08-07,,us-gaap:Liabilities,total_liabilities,103781000000,USD,SEC EDGAR (public companyfacts + submissions JSON),2025-08-07T14:18:13.000Z,True,"first-reported preferred (earliest filed value kept per fiscal period); companyfacts may include later restated values - treated as caveated, never back-dated",availability_datetime from filing acceptance
CVX,0000093410,2024-12-31,2025,Q3,10-Q,2025-11-06,,us-gaap:Liabilities,total_liabilities,103781000000,USD,SEC EDGAR (public companyfacts + submissions JSON),2025-11-06T16:29:11.000Z,True,"first-reported preferred (earliest filed value kept per fiscal period); companyfacts may include later restated values - treated as caveated, never back-dated",availability_datetime from filing acceptance
CVX,0000093410,2025-03-31,2025,Q1,10-Q,2025-05-08,CY2025Q1I,us-gaap:Liabilities,total_liabilities,106317000000,USD,SEC EDGAR (public companyfacts + submissions JSON),2025-05-08T14:49:09.000Z,True,"first-reported preferred (earliest filed value kept per fiscal period); companyfacts may include later restated values - treated as caveated, never back-dated",availability_datetime from filing acceptance
CVX,0000093410,2025-06-30,2025,Q2,10-Q,2025-08-07,CY2025Q2I,us-gaap:Liabilities,total_liabilities,103562000000,USD,SEC EDGAR (public companyfacts + submissions JSON),2025-08-07T14:18:13.000Z,True,"first-reported preferred (earliest filed value kept per fiscal period); companyfacts may include later restated values - treated as caveated, never back-dated",availability_datetime from filing acceptance
CVX,0000093410,2025-09-30,2025,Q3,10-Q,2025-11-06,CY2025Q3I,us-gaap:Liabilities,total_liabilities,130901000000,USD,SEC EDGAR (public companyfacts + submissions JSON),2025-11-06T16:29:11.000Z,True,"first-reported preferred (earliest filed value kept per fiscal period); companyfacts may include later restated values - treated as caveated, never back-dated",availability_datetime from filing acceptance
CVX,0000093410,2025-12-31,2025,FY,10-K,2026-02-24,,us-gaap:Liabilities,total_liabilities,131836000000,USD,SEC EDGAR (public companyfacts + submissions JSON),2026-02-24T20:03:12.000Z,True,"first-reported preferred (earliest filed value kept per fiscal period); companyfacts may include later restated values - treated as caveated, never back-dated",availability_datetime from filing acceptance
CVX,0000093410,2025-12-31,2026,Q1,10-Q,2026-05-07,CY2025Q4I,us-gaap:Liabilities,total_liabilities,131836000000,USD,SEC EDGAR (public companyfacts + submissions JSON),2026-05-07T15:39:23.000Z,True,"first-reported preferred (earliest filed value kept per fiscal period); companyfacts may include later restated values - treated as caveated, never back-dated",availability_datetime from filing acceptance
CVX,0000093410,2026-03-31,2026,Q1,10-Q,2026-05-07,CY2026Q1I,us-gaap:Liabilities,total_liabilities,140180000000,USD,SEC EDGAR (public companyfacts + submissions JSON),2026-05-07T15:39:23.000Z,True,"first-reported preferred (earliest filed value kept per fiscal period); companyfacts may include later restated values - treated as caveated, never back-dated",availability_datetime from filing acceptance
CVX,0000093410,2024-12-31,2025,Q2,10-Q,2025-08-07,,us-gaap:StockholdersEquity,shareholder_equity,152318000000,USD,SEC EDGAR (public companyfacts + submissions JSON),2025-08-07T14:18:13.000Z,True,"first-reported preferred (earliest filed value kept per fiscal period); companyfacts may include later restated values - treated as caveated, never back-dated",availability_datetime from filing acceptance
CVX,0000093410,2024-12-31,2025,Q3,10-Q,2025-11-06,,us-gaap:StockholdersEquity,shareholder_equity,152318000000,USD,SEC EDGAR (public companyfacts + submissions JSON),2025-11-06T16:29:11.000Z,True,"first-reported preferred (earliest filed value kept per fiscal period); companyfacts may include later restated values - treated as caveated, never back-dated",availability_datetime from filing acceptance
CVX,0000093410,2025-03-31,2025,Q1,10-Q,2025-05-08,CY2025Q1I,us-gaap:StockholdersEquity,shareholder_equity,149244000000,USD,SEC EDGAR (public companyfacts + submissions JSON),2025-05-08T14:49:09.000Z,True,"first-reported preferred (earliest filed value kept per fiscal period); companyfacts may include later restated values - treated as caveated, never back-dated",availability_datetime from filing acceptance
CVX,0000093410,2025-06-30,2025,Q2,10-Q,2025-08-07,CY2025Q2I,us-gaap:StockholdersEquity,shareholder_equity,146417000000,USD,SEC EDGAR (public companyfacts + submissions JSON),2025-08-07T14:18:13.000Z,True,"first-reported preferred (earliest filed value kept per fiscal period); companyfacts may include later restated values - treated as caveated, never back-dated",availability_datetime from filing acceptance
CVX,0000093410,2025-09-30,2025,Q3,10-Q,2025-11-06,CY2025Q3I,us-gaap:StockholdersEquity,shareholder_equity,189843000000,USD,SEC EDGAR (public companyfacts + submissions JSON),2025-11-06T16:29:11.000Z,True,"first-reported preferred (earliest filed value kept per fiscal period); companyfacts may include later restated values - treated as caveated, never back-dated",availability_datetime from filing acceptance
CVX,0000093410,2025-12-31,2025,FY,10-K,2026-02-24,,us-gaap:StockholdersEquity,shareholder_equity,186450000000,USD,SEC EDGAR (public companyfacts + submissions JSON),2026-02-24T20:03:12.000Z,True,"first-reported preferred (earliest filed value kept per fiscal period); companyfacts may include later restated values - treated as caveated, never back-dated",availability_datetime from filing acceptance
CVX,0000093410,2025-12-31,2026,Q1,10-Q,2026-05-07,CY2025Q4I,us-gaap:StockholdersEquity,shareholder_equity,186450000000,USD,SEC EDGAR (public companyfacts + submissions JSON),2026-05-07T15:39:23.000Z,True,"first-reported preferred (earliest filed value kept per fiscal period); companyfacts may include later restated values - treated as caveated, never back-dated",availability_datetime from filing acceptance
CVX,0000093410,2026-03-31,2026,Q1,10-Q,2026-05-07,CY2026Q1I,us-gaap:StockholdersEquity,shareholder_equity,183715000000,USD,SEC EDGAR (public companyfacts + submissions JSON),2026-05-07T15:39:23.000Z,True,"first-reported preferred (earliest filed value kept per fiscal period); companyfacts may include later restated values - treated as caveated, never back-dated",availability_datetime from filing acceptance
CVX,0000093410,2024-06-30,2024,Q2,10-Q,2024-08-07,,us-gaap:NetCashProvidedByUsedInOperatingActivities,operating_cash_flow,13123000000,USD,SEC EDGAR (public companyfacts + submissions JSON),2024-08-07T15:11:12.000Z,True,"first-reported preferred (earliest filed value kept per fiscal period); companyfacts may include later restated values - treated as caveated, never back-dated",availability_datetime from filing acceptance
CVX,0000093410,2024-09-30,2024,Q3,10-Q,2024-11-07,,us-gaap:NetCashProvidedByUsedInOperatingActivities,operating_cash_flow,22797000000,USD,SEC EDGAR (public companyfacts + submissions JSON),2024-11-07T16:26:20.000Z,True,"first-reported preferred (earliest filed value kept per fiscal period); companyfacts may include later restated values - treated as caveated, never back-dated",availability_datetime from filing acceptance
CVX,0000093410,2024-12-31,2024,FY,10-K,2025-02-21,,us-gaap:NetCashProvidedByUsedInOperatingActivities,operating_cash_flow,31492000000,USD,SEC EDGAR (public companyfacts + submissions JSON),2025-02-21T16:20:51.000Z,True,"first-reported preferred (earliest filed value kept per fiscal period); companyfacts may include later restated values - treated as caveated, never back-dated",availability_datetime from filing acceptance
CVX,0000093410,2025-03-31,2025,Q1,10-Q,2025-05-08,,us-gaap:NetCashProvidedByUsedInOperatingActivities,operating_cash_flow,5189000000,USD,SEC EDGAR (public companyfacts + submissions JSON),2025-05-08T14:49:09.000Z,True,"first-reported preferred (earliest filed value kept per fiscal period); companyfacts may include later restated values - treated as caveated, never back-dated",availability_datetime from filing acceptance
CVX,0000093410,2025-06-30,2025,Q2,10-Q,2025-08-07,,us-gaap:NetCashProvidedByUsedInOperatingActivities,operating_cash_flow,13765000000,USD,SEC EDGAR (public companyfacts + submissions JSON),2025-08-07T14:18:13.000Z,True,"first-reported preferred (earliest filed value kept per fiscal period); companyfacts may include later restated values - treated as caveated, never back-dated",availability_datetime from filing acceptance
CVX,0000093410,2025-09-30,2025,Q3,10-Q,2025-11-06,,us-gaap:NetCashProvidedByUsedInOperatingActivities,operating_cash_flow,23150000000,USD,SEC EDGAR (public companyfacts + submissions JSON),2025-11-06T16:29:11.000Z,True,"first-reported preferred (earliest filed value kept per fiscal period); companyfacts may include later restated values - treated as caveated, never back-dated",availability_datetime from filing acceptance
CVX,0000093410,2025-12-31,2025,FY,10-K,2026-02-24,CY2025,us-gaap:NetCashProvidedByUsedInOperatingActivities,operating_cash_flow,33939000000,USD,SEC EDGAR (public companyfacts + submissions JSON),2026-02-24T20:03:12.000Z,True,"first-reported preferred (earliest filed value kept per fiscal period); companyfacts may include later restated values - treated as caveated, never back-dated",availability_datetime from filing acceptance
CVX,0000093410,2026-03-31,2026,Q1,10-Q,2026-05-07,CY2026Q1,us-gaap:NetCashProvidedByUsedInOperatingActivities,operating_cash_flow,2514000000,USD,SEC EDGAR (public companyfacts + submissions JSON),2026-05-07T15:39:23.000Z,True,"first-reported preferred (earliest filed value kept per fiscal period); companyfacts may include later restated values - treated as caveated, never back-dated",availability_datetime from filing acceptance
PFE,0000078003,2024-06-30,2024,Q2,10-Q,2024-08-05,,us-gaap:Revenues,revenue,28162000000,USD,SEC EDGAR (public companyfacts + submissions JSON),2024-08-05T19:54:43.000Z,True,"first-reported preferred (earliest filed value kept per fiscal period); companyfacts may include later restated values - treated as caveated, never back-dated",availability_datetime from filing acceptance
PFE,0000078003,2024-09-29,2024,Q3,10-Q,2024-11-04,,us-gaap:Revenues,revenue,45864000000,USD,SEC EDGAR (public companyfacts + submissions JSON),2024-11-04T21:06:08.000Z,True,"first-reported preferred (earliest filed value kept per fiscal period); companyfacts may include later restated values - treated as caveated, never back-dated",availability_datetime from filing acceptance
PFE,0000078003,2024-12-31,2024,FY,10-K,2025-02-27,,us-gaap:Revenues,revenue,63627000000,USD,SEC EDGAR (public companyfacts + submissions JSON),2025-02-27T21:27:18.000Z,True,"first-reported preferred (earliest filed value kept per fiscal period); companyfacts may include later restated values - treated as caveated, never back-dated",availability_datetime from filing acceptance
PFE,0000078003,2025-03-30,2025,Q1,10-Q,2025-05-05,,us-gaap:Revenues,revenue,13715000000,USD,SEC EDGAR (public companyfacts + submissions JSON),2025-05-05T20:00:34.000Z,True,"first-reported preferred (earliest filed value kept per fiscal period); companyfacts may include later restated values - treated as caveated, never back-dated",availability_datetime from filing acceptance
PFE,0000078003,2025-06-29,2025,Q2,10-Q,2025-08-05,,us-gaap:Revenues,revenue,28367000000,USD,SEC EDGAR (public companyfacts + submissions JSON),2025-08-05T11:16:27.000Z,True,"first-reported preferred (earliest filed value kept per fiscal period); companyfacts may include later restated values - treated as caveated, never back-dated",availability_datetime from filing acceptance
PFE,0000078003,2025-09-28,2025,Q3,10-Q,2025-11-04,,us-gaap:Revenues,revenue,45022000000,USD,SEC EDGAR (public companyfacts + submissions JSON),2025-11-04T12:03:48.000Z,True,"first-reported preferred (earliest filed value kept per fiscal period); companyfacts may include later restated values - treated as caveated, never back-dated",availability_datetime from filing acceptance
PFE,0000078003,2025-12-31,2025,FY,10-K,2026-02-26,CY2025,us-gaap:Revenues,revenue,62579000000,USD,SEC EDGAR (public companyfacts + submissions JSON),2026-02-26T17:44:01.000Z,True,"first-reported preferred (earliest filed value kept per fiscal period); companyfacts may include later restated values - treated as caveated, never back-dated",availability_datetime from filing acceptance
PFE,0000078003,2026-03-29,2026,Q1,10-Q,2026-05-05,CY2026Q1,us-gaap:Revenues,revenue,14451000000,USD,SEC EDGAR (public companyfacts + submissions JSON),2026-05-05T11:03:03.000Z,True,"first-reported preferred (earliest filed value kept per fiscal period); companyfacts may include later restated values - treated as caveated, never back-dated",availability_datetime from filing acceptance
PFE,0000078003,2024-06-30,2024,Q2,10-Q,2024-08-05,,us-gaap:NetIncomeLoss,net_income,3156000000,USD,SEC EDGAR (public companyfacts + submissions JSON),2024-08-05T19:54:43.000Z,True,"first-reported preferred (earliest filed value kept per fiscal period); companyfacts may include later restated values - treated as caveated, never back-dated",availability_datetime from filing acceptance
PFE,0000078003,2024-09-29,2024,Q3,10-Q,2024-11-04,,us-gaap:NetIncomeLoss,net_income,7621000000,USD,SEC EDGAR (public companyfacts + submissions JSON),2024-11-04T21:06:08.000Z,True,"first-reported preferred (earliest filed value kept per fiscal period); companyfacts may include later restated values - treated as caveated, never back-dated",availability_datetime from filing acceptance
PFE,0000078003,2024-12-31,2024,FY,10-K,2025-02-27,,us-gaap:NetIncomeLoss,net_income,8031000000,USD,SEC EDGAR (public companyfacts + submissions JSON),2025-02-27T21:27:18.000Z,True,"first-reported preferred (earliest filed value kept per fiscal period); companyfacts may include later restated values - treated as caveated, never back-dated",availability_datetime from filing acceptance
PFE,0000078003,2025-03-30,2025,Q1,10-Q,2025-05-05,,us-gaap:NetIncomeLoss,net_income,2967000000,USD,SEC EDGAR (public companyfacts + submissions JSON),2025-05-05T20:00:34.000Z,True,"first-reported preferred (earliest filed value kept per fiscal period); companyfacts may include later restated values - treated as caveated, never back-dated",availability_datetime from filing acceptance
PFE,0000078003,2025-06-29,2025,Q2,10-Q,2025-08-05,,us-gaap:NetIncomeLoss,net_income,5877000000,USD,SEC EDGAR (public companyfacts + submissions JSON),2025-08-05T11:16:27.000Z,True,"first-reported preferred (earliest filed value kept per fiscal period); companyfacts may include later restated values - treated as caveated, never back-dated",availability_datetime from filing acceptance
PFE,0000078003,2025-09-28,2025,Q3,10-Q,2025-11-04,,us-gaap:NetIncomeLoss,net_income,9419000000,USD,SEC EDGAR (public companyfacts + submissions JSON),2025-11-04T12:03:48.000Z,True,"first-reported preferred (earliest filed value kept per fiscal period); companyfacts may include later restated values - treated as caveated, never back-dated",availability_datetime from filing acceptance
PFE,0000078003,2025-12-31,2025,FY,10-K,2026-02-26,CY2025,us-gaap:NetIncomeLoss,net_income,7771000000,USD,SEC EDGAR (public companyfacts + submissions JSON),2026-02-26T17:44:01.000Z,True,"first-reported preferred (earliest filed value kept per fiscal period); companyfacts may include later restated values - treated as caveated, never back-dated",availability_datetime from filing acceptance
PFE,0000078003,2026-03-29,2026,Q1,10-Q,2026-05-05,CY2026Q1,us-gaap:NetIncomeLoss,net_income,2687000000,USD,SEC EDGAR (public companyfacts + submissions JSON),2026-05-05T11:03:03.000Z,True,"first-reported preferred (earliest filed value kept per fiscal period); companyfacts may include later restated values - treated as caveated, never back-dated",availability_datetime from filing acceptance
PFE,0000078003,2024-06-30,2024,Q2,10-Q,2024-08-05,,us-gaap:EarningsPerShareDiluted,eps_diluted,0.55,USD/shares,SEC EDGAR (public companyfacts + submissions JSON),2024-08-05T19:54:43.000Z,True,"first-reported preferred (earliest filed value kept per fiscal period); companyfacts may include later restated values - treated as caveated, never back-dated",availability_datetime from filing acceptance
PFE,0000078003,2024-09-29,2024,Q3,10-Q,2024-11-04,,us-gaap:EarningsPerShareDiluted,eps_diluted,1.34,USD/shares,SEC EDGAR (public companyfacts + submissions JSON),2024-11-04T21:06:08.000Z,True,"first-reported preferred (earliest filed value kept per fiscal period); companyfacts may include later restated values - treated as caveated, never back-dated",availability_datetime from filing acceptance
PFE,0000078003,2024-12-31,2024,FY,10-K,2025-02-27,,us-gaap:EarningsPerShareDiluted,eps_diluted,1.41,USD/shares,SEC EDGAR (public companyfacts + submissions JSON),2025-02-27T21:27:18.000Z,True,"first-reported preferred (earliest filed value kept per fiscal period); companyfacts may include later restated values - treated as caveated, never back-dated",availability_datetime from filing acceptance
PFE,0000078003,2025-03-30,2025,Q1,10-Q,2025-05-05,,us-gaap:EarningsPerShareDiluted,eps_diluted,0.52,USD/shares,SEC EDGAR (public companyfacts + submissions JSON),2025-05-05T20:00:34.000Z,True,"first-reported preferred (earliest filed value kept per fiscal period); companyfacts may include later restated values - treated as caveated, never back-dated",availability_datetime from filing acceptance
PFE,0000078003,2025-06-29,2025,Q2,10-Q,2025-08-05,,us-gaap:EarningsPerShareDiluted,eps_diluted,1.03,USD/shares,SEC EDGAR (public companyfacts + submissions JSON),2025-08-05T11:16:27.000Z,True,"first-reported preferred (earliest filed value kept per fiscal period); companyfacts may include later restated values - treated as caveated, never back-dated",availability_datetime from filing acceptance
PFE,0000078003,2025-09-28,2025,Q3,10-Q,2025-11-04,,us-gaap:EarningsPerShareDiluted,eps_diluted,1.65,USD/shares,SEC EDGAR (public companyfacts + submissions JSON),2025-11-04T12:03:48.000Z,True,"first-reported preferred (earliest filed value kept per fiscal period); companyfacts may include later restated values - treated as caveated, never back-dated",availability_datetime from filing acceptance
PFE,0000078003,2025-12-31,2025,FY,10-K,2026-02-26,CY2025,us-gaap:EarningsPerShareDiluted,eps_diluted,1.36,USD/shares,SEC EDGAR (public companyfacts + submissions JSON),2026-02-26T17:44:01.000Z,True,"first-reported preferred (earliest filed value kept per fiscal period); companyfacts may include later restated values - treated as caveated, never back-dated",availability_datetime from filing acceptance
PFE,0000078003,2026-03-29,2026,Q1,10-Q,2026-05-05,CY2026Q1,us-gaap:EarningsPerShareDiluted,eps_diluted,0.47,USD/shares,SEC EDGAR (public companyfacts + submissions JSON),2026-05-05T11:03:03.000Z,True,"first-reported preferred (earliest filed value kept per fiscal period); companyfacts may include later restated values - treated as caveated, never back-dated",availability_datetime from filing acceptance
PFE,0000078003,2024-12-31,2025,Q2,10-Q,2025-08-05,,us-gaap:Assets,total_assets,213396000000,USD,SEC EDGAR (public companyfacts + submissions JSON),2025-08-05T11:16:27.000Z,True,"first-reported preferred (earliest filed value kept per fiscal period); companyfacts may include later restated values - treated as caveated, never back-dated",availability_datetime from filing acceptance
PFE,0000078003,2024-12-31,2025,Q3,10-Q,2025-11-04,,us-gaap:Assets,total_assets,213396000000,USD,SEC EDGAR (public companyfacts + submissions JSON),2025-11-04T12:03:48.000Z,True,"first-reported preferred (earliest filed value kept per fiscal period); companyfacts may include later restated values - treated as caveated, never back-dated",availability_datetime from filing acceptance
PFE,0000078003,2025-03-30,2025,Q1,10-Q,2025-05-05,CY2025Q1I,us-gaap:Assets,total_assets,208028000000,USD,SEC EDGAR (public companyfacts + submissions JSON),2025-05-05T20:00:34.000Z,True,"first-reported preferred (earliest filed value kept per fiscal period); companyfacts may include later restated values - treated as caveated, never back-dated",availability_datetime from filing acceptance
PFE,0000078003,2025-06-29,2025,Q2,10-Q,2025-08-05,CY2025Q2I,us-gaap:Assets,total_assets,206095000000,USD,SEC EDGAR (public companyfacts + submissions JSON),2025-08-05T11:16:27.000Z,True,"first-reported preferred (earliest filed value kept per fiscal period); companyfacts may include later restated values - treated as caveated, never back-dated",availability_datetime from filing acceptance
PFE,0000078003,2025-09-28,2025,Q3,10-Q,2025-11-04,CY2025Q3I,us-gaap:Assets,total_assets,208731000000,USD,SEC EDGAR (public companyfacts + submissions JSON),2025-11-04T12:03:48.000Z,True,"first-reported preferred (earliest filed value kept per fiscal period); companyfacts may include later restated values - treated as caveated, never back-dated",availability_datetime from filing acceptance
PFE,0000078003,2025-12-31,2025,FY,10-K,2026-02-26,,us-gaap:Assets,total_assets,208160000000,USD,SEC EDGAR (public companyfacts + submissions JSON),2026-02-26T17:44:01.000Z,True,"first-reported preferred (earliest filed value kept per fiscal period); companyfacts may include later restated values - treated as caveated, never back-dated",availability_datetime from filing acceptance
PFE,0000078003,2025-12-31,2026,Q1,10-Q,2026-05-05,CY2025Q4I,us-gaap:Assets,total_assets,208160000000,USD,SEC EDGAR (public companyfacts + submissions JSON),2026-05-05T11:03:03.000Z,True,"first-reported preferred (earliest filed value kept per fiscal period); companyfacts may include later restated values - treated as caveated, never back-dated",availability_datetime from filing acceptance
PFE,0000078003,2026-03-29,2026,Q1,10-Q,2026-05-05,CY2026Q1I,us-gaap:Assets,total_assets,207618000000,USD,SEC EDGAR (public companyfacts + submissions JSON),2026-05-05T11:03:03.000Z,True,"first-reported preferred (earliest filed value kept per fiscal period); companyfacts may include later restated values - treated as caveated, never back-dated",availability_datetime from filing acceptance
PFE,0000078003,2024-12-31,2025,Q2,10-Q,2025-08-05,,us-gaap:Liabilities,total_liabilities,124899000000,USD,SEC EDGAR (public companyfacts + submissions JSON),2025-08-05T11:16:27.000Z,True,"first-reported preferred (earliest filed value kept per fiscal period); companyfacts may include later restated values - treated as caveated, never back-dated",availability_datetime from filing acceptance
PFE,0000078003,2024-12-31,2025,Q3,10-Q,2025-11-04,,us-gaap:Liabilities,total_liabilities,124899000000,USD,SEC EDGAR (public companyfacts + submissions JSON),2025-11-04T12:03:48.000Z,True,"first-reported preferred (earliest filed value kept per fiscal period); companyfacts may include later restated values - treated as caveated, never back-dated",availability_datetime from filing acceptance
PFE,0000078003,2025-03-30,2025,Q1,10-Q,2025-05-05,CY2025Q1I,us-gaap:Liabilities,total_liabilities,117391000000,USD,SEC EDGAR (public companyfacts + submissions JSON),2025-05-05T20:00:34.000Z,True,"first-reported preferred (earliest filed value kept per fiscal period); companyfacts may include later restated values - treated as caveated, never back-dated",availability_datetime from filing acceptance
PFE,0000078003,2025-06-29,2025,Q2,10-Q,2025-08-05,CY2025Q2I,us-gaap:Liabilities,total_liabilities,117083000000,USD,SEC EDGAR (public companyfacts + submissions JSON),2025-08-05T11:16:27.000Z,True,"first-reported preferred (earliest filed value kept per fiscal period); companyfacts may include later restated values - treated as caveated, never back-dated",availability_datetime from filing acceptance
PFE,0000078003,2025-09-28,2025,Q3,10-Q,2025-11-04,CY2025Q3I,us-gaap:Liabilities,total_liabilities,115635000000,USD,SEC EDGAR (public companyfacts + submissions JSON),2025-11-04T12:03:48.000Z,True,"first-reported preferred (earliest filed value kept per fiscal period); companyfacts may include later restated values - treated as caveated, never back-dated",availability_datetime from filing acceptance
PFE,0000078003,2025-12-31,2025,FY,10-K,2026-02-26,,us-gaap:Liabilities,total_liabilities,121385000000,USD,SEC EDGAR (public companyfacts + submissions JSON),2026-02-26T17:44:01.000Z,True,"first-reported preferred (earliest filed value kept per fiscal period); companyfacts may include later restated values - treated as caveated, never back-dated",availability_datetime from filing acceptance
PFE,0000078003,2025-12-31,2026,Q1,10-Q,2026-05-05,CY2025Q4I,us-gaap:Liabilities,total_liabilities,121385000000,USD,SEC EDGAR (public companyfacts + submissions JSON),2026-05-05T11:03:03.000Z,True,"first-reported preferred (earliest filed value kept per fiscal period); companyfacts may include later restated values - treated as caveated, never back-dated",availability_datetime from filing acceptance
PFE,0000078003,2026-03-29,2026,Q1,10-Q,2026-05-05,CY2026Q1I,us-gaap:Liabilities,total_liabilities,117214000000,USD,SEC EDGAR (public companyfacts + submissions JSON),2026-05-05T11:03:03.000Z,True,"first-reported preferred (earliest filed value kept per fiscal period); companyfacts may include later restated values - treated as caveated, never back-dated",availability_datetime from filing acceptance
PFE,0000078003,2024-12-31,2025,Q2,10-Q,2025-08-05,,us-gaap:StockholdersEquity,shareholder_equity,88203000000,USD,SEC EDGAR (public companyfacts + submissions JSON),2025-08-05T11:16:27.000Z,True,"first-reported preferred (earliest filed value kept per fiscal period); companyfacts may include later restated values - treated as caveated, never back-dated",availability_datetime from filing acceptance
PFE,0000078003,2024-12-31,2025,Q3,10-Q,2025-11-04,,us-gaap:StockholdersEquity,shareholder_equity,88203000000,USD,SEC EDGAR (public companyfacts + submissions JSON),2025-11-04T12:03:48.000Z,True,"first-reported preferred (earliest filed value kept per fiscal period); companyfacts may include later restated values - treated as caveated, never back-dated",availability_datetime from filing acceptance
PFE,0000078003,2025-03-30,2025,Q1,10-Q,2025-05-05,CY2025Q1I,us-gaap:StockholdersEquity,shareholder_equity,90338000000,USD,SEC EDGAR (public companyfacts + submissions JSON),2025-05-05T20:00:34.000Z,True,"first-reported preferred (earliest filed value kept per fiscal period); companyfacts may include later restated values - treated as caveated, never back-dated",availability_datetime from filing acceptance
PFE,0000078003,2025-06-29,2025,Q2,10-Q,2025-08-05,CY2025Q2I,us-gaap:StockholdersEquity,shareholder_equity,88695000000,USD,SEC EDGAR (public companyfacts + submissions JSON),2025-08-05T11:16:27.000Z,True,"first-reported preferred (earliest filed value kept per fiscal period); companyfacts may include later restated values - treated as caveated, never back-dated",availability_datetime from filing acceptance
PFE,0000078003,2025-09-28,2025,Q3,10-Q,2025-11-04,CY2025Q3I,us-gaap:StockholdersEquity,shareholder_equity,92801000000,USD,SEC EDGAR (public companyfacts + submissions JSON),2025-11-04T12:03:48.000Z,True,"first-reported preferred (earliest filed value kept per fiscal period); companyfacts may include later restated values - treated as caveated, never back-dated",availability_datetime from filing acceptance
PFE,0000078003,2025-12-31,2025,FY,10-K,2026-02-26,,us-gaap:StockholdersEquity,shareholder_equity,86476000000,USD,SEC EDGAR (public companyfacts + submissions JSON),2026-02-26T17:44:01.000Z,True,"first-reported preferred (earliest filed value kept per fiscal period); companyfacts may include later restated values - treated as caveated, never back-dated",availability_datetime from filing acceptance
PFE,0000078003,2025-12-31,2026,Q1,10-Q,2026-05-05,CY2025Q4I,us-gaap:StockholdersEquity,shareholder_equity,86476000000,USD,SEC EDGAR (public companyfacts + submissions JSON),2026-05-05T11:03:03.000Z,True,"first-reported preferred (earliest filed value kept per fiscal period); companyfacts may include later restated values - treated as caveated, never back-dated",availability_datetime from filing acceptance
PFE,0000078003,2026-03-29,2026,Q1,10-Q,2026-05-05,CY2026Q1I,us-gaap:StockholdersEquity,shareholder_equity,90101000000,USD,SEC EDGAR (public companyfacts + submissions JSON),2026-05-05T11:03:03.000Z,True,"first-reported preferred (earliest filed value kept per fiscal period); companyfacts may include later restated values - treated as caveated, never back-dated",availability_datetime from filing acceptance
PFE,0000078003,2024-06-30,2024,Q2,10-Q,2024-08-05,,us-gaap:NetCashProvidedByUsedInOperatingActivities,operating_cash_flow,-691000000,USD,SEC EDGAR (public companyfacts + submissions JSON),2024-08-05T19:54:43.000Z,True,"first-reported preferred (earliest filed value kept per fiscal period); companyfacts may include later restated values - treated as caveated, never back-dated",availability_datetime from filing acceptance
PFE,0000078003,2024-09-29,2024,Q3,10-Q,2024-11-04,,us-gaap:NetCashProvidedByUsedInOperatingActivities,operating_cash_flow,6023000000,USD,SEC EDGAR (public companyfacts + submissions JSON),2024-11-04T21:06:08.000Z,True,"first-reported preferred (earliest filed value kept per fiscal period); companyfacts may include later restated values - treated as caveated, never back-dated",availability_datetime from filing acceptance
PFE,0000078003,2024-12-31,2024,FY,10-K,2025-02-27,,us-gaap:NetCashProvidedByUsedInOperatingActivities,operating_cash_flow,12744000000,USD,SEC EDGAR (public companyfacts + submissions JSON),2025-02-27T21:27:18.000Z,True,"first-reported preferred (earliest filed value kept per fiscal period); companyfacts may include later restated values - treated as caveated, never back-dated",availability_datetime from filing acceptance
PFE,0000078003,2025-03-30,2025,Q1,10-Q,2025-05-05,,us-gaap:NetCashProvidedByUsedInOperatingActivities,operating_cash_flow,2335000000,USD,SEC EDGAR (public companyfacts + submissions JSON),2025-05-05T20:00:34.000Z,True,"first-reported preferred (earliest filed value kept per fiscal period); companyfacts may include later restated values - treated as caveated, never back-dated",availability_datetime from filing acceptance
PFE,0000078003,2025-06-29,2025,Q2,10-Q,2025-08-05,,us-gaap:NetCashProvidedByUsedInOperatingActivities,operating_cash_flow,1753000000,USD,SEC EDGAR (public companyfacts + submissions JSON),2025-08-05T11:16:27.000Z,True,"first-reported preferred (earliest filed value kept per fiscal period); companyfacts may include later restated values - treated as caveated, never back-dated",availability_datetime from filing acceptance
PFE,0000078003,2025-09-28,2025,Q3,10-Q,2025-11-04,,us-gaap:NetCashProvidedByUsedInOperatingActivities,operating_cash_flow,6356000000,USD,SEC EDGAR (public companyfacts + submissions JSON),2025-11-04T12:03:48.000Z,True,"first-reported preferred (earliest filed value kept per fiscal period); companyfacts may include later restated values - treated as caveated, never back-dated",availability_datetime from filing acceptance
PFE,0000078003,2025-12-31,2025,FY,10-K,2026-02-26,CY2025,us-gaap:NetCashProvidedByUsedInOperatingActivities,operating_cash_flow,11704000000,USD,SEC EDGAR (public companyfacts + submissions JSON),2026-02-26T17:44:01.000Z,True,"first-reported preferred (earliest filed value kept per fiscal period); companyfacts may include later restated values - treated as caveated, never back-dated",availability_datetime from filing acceptance
PFE,0000078003,2026-03-29,2026,Q1,10-Q,2026-05-05,CY2026Q1,us-gaap:NetCashProvidedByUsedInOperatingActivities,operating_cash_flow,2615000000,USD,SEC EDGAR (public companyfacts + submissions JSON),2026-05-05T11:03:03.000Z,True,"first-reported preferred (earliest filed value kept per fiscal period); companyfacts may include later restated values - treated as caveated, never back-dated",availability_datetime from filing acceptance
PFE,0000078003,2024-06-30,2024,Q2,10-Q,2024-08-05,,us-gaap:PaymentsToAcquirePropertyPlantAndEquipment,capital_expenditures,1341000000,USD,SEC EDGAR (public companyfacts + submissions JSON),2024-08-05T19:54:43.000Z,True,"first-reported preferred (earliest filed value kept per fiscal period); companyfacts may include later restated values - treated as caveated, never back-dated",availability_datetime from filing acceptance
PFE,0000078003,2024-09-29,2024,Q3,10-Q,2024-11-04,,us-gaap:PaymentsToAcquirePropertyPlantAndEquipment,capital_expenditures,1992000000,USD,SEC EDGAR (public companyfacts + submissions JSON),2024-11-04T21:06:08.000Z,True,"first-reported preferred (earliest filed value kept per fiscal period); companyfacts may include later restated values - treated as caveated, never back-dated",availability_datetime from filing acceptance
PFE,0000078003,2024-12-31,2024,FY,10-K,2025-02-27,,us-gaap:PaymentsToAcquirePropertyPlantAndEquipment,capital_expenditures,2909000000,USD,SEC EDGAR (public companyfacts + submissions JSON),2025-02-27T21:27:18.000Z,True,"first-reported preferred (earliest filed value kept per fiscal period); companyfacts may include later restated values - treated as caveated, never back-dated",availability_datetime from filing acceptance
PFE,0000078003,2025-03-30,2025,Q1,10-Q,2025-05-05,,us-gaap:PaymentsToAcquirePropertyPlantAndEquipment,capital_expenditures,564000000,USD,SEC EDGAR (public companyfacts + submissions JSON),2025-05-05T20:00:34.000Z,True,"first-reported preferred (earliest filed value kept per fiscal period); companyfacts may include later restated values - treated as caveated, never back-dated",availability_datetime from filing acceptance
PFE,0000078003,2025-06-29,2025,Q2,10-Q,2025-08-05,,us-gaap:PaymentsToAcquirePropertyPlantAndEquipment,capital_expenditures,1182000000,USD,SEC EDGAR (public companyfacts + submissions JSON),2025-08-05T11:16:27.000Z,True,"first-reported preferred (earliest filed value kept per fiscal period); companyfacts may include later restated values - treated as caveated, never back-dated",availability_datetime from filing acceptance
PFE,0000078003,2025-09-28,2025,Q3,10-Q,2025-11-04,,us-gaap:PaymentsToAcquirePropertyPlantAndEquipment,capital_expenditures,1784000000,USD,SEC EDGAR (public companyfacts + submissions JSON),2025-11-04T12:03:48.000Z,True,"first-reported preferred (earliest filed value kept per fiscal period); companyfacts may include later restated values - treated as caveated, never back-dated",availability_datetime from filing acceptance
PFE,0000078003,2025-12-31,2025,FY,10-K,2026-02-26,CY2025,us-gaap:PaymentsToAcquirePropertyPlantAndEquipment,capital_expenditures,2629000000,USD,SEC EDGAR (public companyfacts + submissions JSON),2026-02-26T17:44:01.000Z,True,"first-reported preferred (earliest filed value kept per fiscal period); companyfacts may include later restated values - treated as caveated, never back-dated",availability_datetime from filing acceptance
PFE,0000078003,2026-03-29,2026,Q1,10-Q,2026-05-05,CY2026Q1,us-gaap:PaymentsToAcquirePropertyPlantAndEquipment,capital_expenditures,436000000,USD,SEC EDGAR (public companyfacts + submissions JSON),2026-05-05T11:03:03.000Z,True,"first-reported preferred (earliest filed value kept per fiscal period); companyfacts may include later restated values - treated as caveated, never back-dated",availability_datetime from filing acceptance
PFE,0000078003,2024-06-30,2024,Q2,10-Q,,,derived:NetCashProvidedByUsedInOperatingActivities-PaymentsToAcquirePropertyPlantAndEquipment,free_cash_flow,-2032000000,USD,SEC EDGAR (public companyfacts + submissions JSON),2024-08-05T19:54:43.000Z,True,"first-reported preferred (earliest filed value kept per fiscal period); companyfacts may include later restated values - treated as caveated, never back-dated",derived = operating_cash_flow - capital_expenditures; availability is the later of the two inputs
PFE,0000078003,2024-09-29,2024,Q3,10-Q,,,derived:NetCashProvidedByUsedInOperatingActivities-PaymentsToAcquirePropertyPlantAndEquipment,free_cash_flow,4031000000,USD,SEC EDGAR (public companyfacts + submissions JSON),2024-11-04T21:06:08.000Z,True,"first-reported preferred (earliest filed value kept per fiscal period); companyfacts may include later restated values - treated as caveated, never back-dated",derived = operating_cash_flow - capital_expenditures; availability is the later of the two inputs
PFE,0000078003,2024-12-31,2024,FY,10-K,,,derived:NetCashProvidedByUsedInOperatingActivities-PaymentsToAcquirePropertyPlantAndEquipment,free_cash_flow,9835000000,USD,SEC EDGAR (public companyfacts + submissions JSON),2025-02-27T21:27:18.000Z,True,"first-reported preferred (earliest filed value kept per fiscal period); companyfacts may include later restated values - treated as caveated, never back-dated",derived = operating_cash_flow - capital_expenditures; availability is the later of the two inputs
PFE,0000078003,2025-03-30,2025,Q1,10-Q,,,derived:NetCashProvidedByUsedInOperatingActivities-PaymentsToAcquirePropertyPlantAndEquipment,free_cash_flow,1771000000,USD,SEC EDGAR (public companyfacts + submissions JSON),2025-05-05T20:00:34.000Z,True,"first-reported preferred (earliest filed value kept per fiscal period); companyfacts may include later restated values - treated as caveated, never back-dated",derived = operating_cash_flow - capital_expenditures; availability is the later of the two inputs
PFE,0000078003,2025-06-29,2025,Q2,10-Q,,,derived:NetCashProvidedByUsedInOperatingActivities-PaymentsToAcquirePropertyPlantAndEquipment,free_cash_flow,571000000,USD,SEC EDGAR (public companyfacts + submissions JSON),2025-08-05T11:16:27.000Z,True,"first-reported preferred (earliest filed value kept per fiscal period); companyfacts may include later restated values - treated as caveated, never back-dated",derived = operating_cash_flow - capital_expenditures; availability is the later of the two inputs
PFE,0000078003,2025-09-28,2025,Q3,10-Q,,,derived:NetCashProvidedByUsedInOperatingActivities-PaymentsToAcquirePropertyPlantAndEquipment,free_cash_flow,4572000000,USD,SEC EDGAR (public companyfacts + submissions JSON),2025-11-04T12:03:48.000Z,True,"first-reported preferred (earliest filed value kept per fiscal period); companyfacts may include later restated values - treated as caveated, never back-dated",derived = operating_cash_flow - capital_expenditures; availability is the later of the two inputs
PFE,0000078003,2025-12-31,2025,FY,10-K,,,derived:NetCashProvidedByUsedInOperatingActivities-PaymentsToAcquirePropertyPlantAndEquipment,free_cash_flow,9075000000,USD,SEC EDGAR (public companyfacts + submissions JSON),2026-02-26T17:44:01.000Z,True,"first-reported preferred (earliest filed value kept per fiscal period); companyfacts may include later restated values - treated as caveated, never back-dated",derived = operating_cash_flow - capital_expenditures; availability is the later of the two inputs
PFE,0000078003,2026-03-29,2026,Q1,10-Q,,,derived:NetCashProvidedByUsedInOperatingActivities-PaymentsToAcquirePropertyPlantAndEquipment,free_cash_flow,2179000000,USD,SEC EDGAR (public companyfacts + submissions JSON),2026-05-05T11:03:03.000Z,True,"first-reported preferred (earliest filed value kept per fiscal period); companyfacts may include later restated values - treated as caveated, never back-dated",derived = operating_cash_flow - capital_expenditures; availability is the later of the two inputs
KO,0000021344,2024-06-28,2024,Q2,10-Q,2024-07-29,,us-gaap:Revenues,revenue,23663000000,USD,SEC EDGAR (public companyfacts + submissions JSON),2024-07-29T15:54:36.000Z,True,"first-reported preferred (earliest filed value kept per fiscal period); companyfacts may include later restated values - treated as caveated, never back-dated",availability_datetime from filing acceptance
KO,0000021344,2024-09-27,2024,Q3,10-Q,2024-10-24,,us-gaap:Revenues,revenue,35517000000,USD,SEC EDGAR (public companyfacts + submissions JSON),2024-10-24T11:55:23.000Z,True,"first-reported preferred (earliest filed value kept per fiscal period); companyfacts may include later restated values - treated as caveated, never back-dated",availability_datetime from filing acceptance
KO,0000021344,2024-12-31,2024,FY,10-K,2025-02-20,,us-gaap:Revenues,revenue,47061000000,USD,SEC EDGAR (public companyfacts + submissions JSON),2025-02-20T15:17:12.000Z,True,"first-reported preferred (earliest filed value kept per fiscal period); companyfacts may include later restated values - treated as caveated, never back-dated",availability_datetime from filing acceptance
KO,0000021344,2025-03-28,2025,Q1,10-Q,2025-05-01,,us-gaap:Revenues,revenue,11129000000,USD,SEC EDGAR (public companyfacts + submissions JSON),2025-05-01T15:38:52.000Z,True,"first-reported preferred (earliest filed value kept per fiscal period); companyfacts may include later restated values - treated as caveated, never back-dated",availability_datetime from filing acceptance
KO,0000021344,2025-06-27,2025,Q2,10-Q,2025-07-24,,us-gaap:Revenues,revenue,23664000000,USD,SEC EDGAR (public companyfacts + submissions JSON),2025-07-24T14:07:20.000Z,True,"first-reported preferred (earliest filed value kept per fiscal period); companyfacts may include later restated values - treated as caveated, never back-dated",availability_datetime from filing acceptance
KO,0000021344,2025-09-26,2025,Q3,10-Q,2025-10-23,,us-gaap:Revenues,revenue,36119000000,USD,SEC EDGAR (public companyfacts + submissions JSON),2025-10-23T14:39:30.000Z,True,"first-reported preferred (earliest filed value kept per fiscal period); companyfacts may include later restated values - treated as caveated, never back-dated",availability_datetime from filing acceptance
KO,0000021344,2025-12-31,2025,FY,10-K,2026-02-20,CY2025,us-gaap:Revenues,revenue,47941000000,USD,SEC EDGAR (public companyfacts + submissions JSON),2026-02-20T09:46:32.000Z,True,"first-reported preferred (earliest filed value kept per fiscal period); companyfacts may include later restated values - treated as caveated, never back-dated",availability_datetime from filing acceptance
KO,0000021344,2026-04-03,2026,Q1,10-Q,2026-04-30,CY2026Q1,us-gaap:Revenues,revenue,12472000000,USD,SEC EDGAR (public companyfacts + submissions JSON),2026-04-30T15:17:45.000Z,True,"first-reported preferred (earliest filed value kept per fiscal period); companyfacts may include later restated values - treated as caveated, never back-dated",availability_datetime from filing acceptance
KO,0000021344,2024-06-28,2024,Q2,10-Q,2024-07-29,,us-gaap:NetIncomeLoss,net_income,5588000000,USD,SEC EDGAR (public companyfacts + submissions JSON),2024-07-29T15:54:36.000Z,True,"first-reported preferred (earliest filed value kept per fiscal period); companyfacts may include later restated values - treated as caveated, never back-dated",availability_datetime from filing acceptance
KO,0000021344,2024-09-27,2024,Q3,10-Q,2024-10-24,,us-gaap:NetIncomeLoss,net_income,8436000000,USD,SEC EDGAR (public companyfacts + submissions JSON),2024-10-24T11:55:23.000Z,True,"first-reported preferred (earliest filed value kept per fiscal period); companyfacts may include later restated values - treated as caveated, never back-dated",availability_datetime from filing acceptance
KO,0000021344,2024-12-31,2024,FY,10-K,2025-02-20,,us-gaap:NetIncomeLoss,net_income,10631000000,USD,SEC EDGAR (public companyfacts + submissions JSON),2025-02-20T15:17:12.000Z,True,"first-reported preferred (earliest filed value kept per fiscal period); companyfacts may include later restated values - treated as caveated, never back-dated",availability_datetime from filing acceptance
KO,0000021344,2025-03-28,2025,Q1,10-Q,2025-05-01,,us-gaap:NetIncomeLoss,net_income,3330000000,USD,SEC EDGAR (public companyfacts + submissions JSON),2025-05-01T15:38:52.000Z,True,"first-reported preferred (earliest filed value kept per fiscal period); companyfacts may include later restated values - treated as caveated, never back-dated",availability_datetime from filing acceptance
KO,0000021344,2025-06-27,2025,Q2,10-Q,2025-07-24,,us-gaap:NetIncomeLoss,net_income,7140000000,USD,SEC EDGAR (public companyfacts + submissions JSON),2025-07-24T14:07:20.000Z,True,"first-reported preferred (earliest filed value kept per fiscal period); companyfacts may include later restated values - treated as caveated, never back-dated",availability_datetime from filing acceptance
KO,0000021344,2025-09-26,2025,Q3,10-Q,2025-10-23,,us-gaap:NetIncomeLoss,net_income,10836000000,USD,SEC EDGAR (public companyfacts + submissions JSON),2025-10-23T14:39:30.000Z,True,"first-reported preferred (earliest filed value kept per fiscal period); companyfacts may include later restated values - treated as caveated, never back-dated",availability_datetime from filing acceptance
KO,0000021344,2025-12-31,2025,FY,10-K,2026-02-20,CY2025,us-gaap:NetIncomeLoss,net_income,13107000000,USD,SEC EDGAR (public companyfacts + submissions JSON),2026-02-20T09:46:32.000Z,True,"first-reported preferred (earliest filed value kept per fiscal period); companyfacts may include later restated values - treated as caveated, never back-dated",availability_datetime from filing acceptance
KO,0000021344,2026-04-03,2026,Q1,10-Q,2026-04-30,CY2026Q1,us-gaap:NetIncomeLoss,net_income,3924000000,USD,SEC EDGAR (public companyfacts + submissions JSON),2026-04-30T15:17:45.000Z,True,"first-reported preferred (earliest filed value kept per fiscal period); companyfacts may include later restated values - treated as caveated, never back-dated",availability_datetime from filing acceptance
KO,0000021344,2024-06-28,2024,Q2,10-Q,2024-07-29,,us-gaap:OperatingIncomeLoss,operating_income,4773000000,USD,SEC EDGAR (public companyfacts + submissions JSON),2024-07-29T15:54:36.000Z,True,"first-reported preferred (earliest filed value kept per fiscal period); companyfacts may include later restated values - treated as caveated, never back-dated",availability_datetime from filing acceptance
KO,0000021344,2024-09-27,2024,Q3,10-Q,2024-10-24,,us-gaap:OperatingIncomeLoss,operating_income,7283000000,USD,SEC EDGAR (public companyfacts + submissions JSON),2024-10-24T11:55:23.000Z,True,"first-reported preferred (earliest filed value kept per fiscal period); companyfacts may include later restated values - treated as caveated, never back-dated",availability_datetime from filing acceptance
KO,0000021344,2024-12-31,2024,FY,10-K,2025-02-20,,us-gaap:OperatingIncomeLoss,operating_income,9992000000,USD,SEC EDGAR (public companyfacts + submissions JSON),2025-02-20T15:17:12.000Z,True,"first-reported preferred (earliest filed value kept per fiscal period); companyfacts may include later restated values - treated as caveated, never back-dated",availability_datetime from filing acceptance
KO,0000021344,2025-03-28,2025,Q1,10-Q,2025-05-01,,us-gaap:OperatingIncomeLoss,operating_income,3659000000,USD,SEC EDGAR (public companyfacts + submissions JSON),2025-05-01T15:38:52.000Z,True,"first-reported preferred (earliest filed value kept per fiscal period); companyfacts may include later restated values - treated as caveated, never back-dated",availability_datetime from filing acceptance
KO,0000021344,2025-06-27,2025,Q2,10-Q,2025-07-24,,us-gaap:OperatingIncomeLoss,operating_income,7939000000,USD,SEC EDGAR (public companyfacts + submissions JSON),2025-07-24T14:07:20.000Z,True,"first-reported preferred (earliest filed value kept per fiscal period); companyfacts may include later restated values - treated as caveated, never back-dated",availability_datetime from filing acceptance
KO,0000021344,2025-09-26,2025,Q3,10-Q,2025-10-23,,us-gaap:OperatingIncomeLoss,operating_income,11921000000,USD,SEC EDGAR (public companyfacts + submissions JSON),2025-10-23T14:39:30.000Z,True,"first-reported preferred (earliest filed value kept per fiscal period); companyfacts may include later restated values - treated as caveated, never back-dated",availability_datetime from filing acceptance
KO,0000021344,2025-12-31,2025,FY,10-K,2026-02-20,CY2025,us-gaap:OperatingIncomeLoss,operating_income,13762000000,USD,SEC EDGAR (public companyfacts + submissions JSON),2026-02-20T09:46:32.000Z,True,"first-reported preferred (earliest filed value kept per fiscal period); companyfacts may include later restated values - treated as caveated, never back-dated",availability_datetime from filing acceptance
KO,0000021344,2026-04-03,2026,Q1,10-Q,2026-04-30,CY2026Q1,us-gaap:OperatingIncomeLoss,operating_income,4359000000,USD,SEC EDGAR (public companyfacts + submissions JSON),2026-04-30T15:17:45.000Z,True,"first-reported preferred (earliest filed value kept per fiscal period); companyfacts may include later restated values - treated as caveated, never back-dated",availability_datetime from filing acceptance
KO,0000021344,2024-06-28,2024,Q2,10-Q,2024-07-29,,us-gaap:EarningsPerShareDiluted,eps_diluted,1.29,USD/shares,SEC EDGAR (public companyfacts + submissions JSON),2024-07-29T15:54:36.000Z,True,"first-reported preferred (earliest filed value kept per fiscal period); companyfacts may include later restated values - treated as caveated, never back-dated",availability_datetime from filing acceptance
KO,0000021344,2024-09-27,2024,Q3,10-Q,2024-10-24,,us-gaap:EarningsPerShareDiluted,eps_diluted,1.95,USD/shares,SEC EDGAR (public companyfacts + submissions JSON),2024-10-24T11:55:23.000Z,True,"first-reported preferred (earliest filed value kept per fiscal period); companyfacts may include later restated values - treated as caveated, never back-dated",availability_datetime from filing acceptance
KO,0000021344,2024-12-31,2024,FY,10-K,2025-02-20,,us-gaap:EarningsPerShareDiluted,eps_diluted,2.46,USD/shares,SEC EDGAR (public companyfacts + submissions JSON),2025-02-20T15:17:12.000Z,True,"first-reported preferred (earliest filed value kept per fiscal period); companyfacts may include later restated values - treated as caveated, never back-dated",availability_datetime from filing acceptance
KO,0000021344,2025-03-28,2025,Q1,10-Q,2025-05-01,,us-gaap:EarningsPerShareDiluted,eps_diluted,0.77,USD/shares,SEC EDGAR (public companyfacts + submissions JSON),2025-05-01T15:38:52.000Z,True,"first-reported preferred (earliest filed value kept per fiscal period); companyfacts may include later restated values - treated as caveated, never back-dated",availability_datetime from filing acceptance
KO,0000021344,2025-06-27,2025,Q2,10-Q,2025-07-24,,us-gaap:EarningsPerShareDiluted,eps_diluted,1.65,USD/shares,SEC EDGAR (public companyfacts + submissions JSON),2025-07-24T14:07:20.000Z,True,"first-reported preferred (earliest filed value kept per fiscal period); companyfacts may include later restated values - treated as caveated, never back-dated",availability_datetime from filing acceptance
KO,0000021344,2025-09-26,2025,Q3,10-Q,2025-10-23,,us-gaap:EarningsPerShareDiluted,eps_diluted,2.51,USD/shares,SEC EDGAR (public companyfacts + submissions JSON),2025-10-23T14:39:30.000Z,True,"first-reported preferred (earliest filed value kept per fiscal period); companyfacts may include later restated values - treated as caveated, never back-dated",availability_datetime from filing acceptance
KO,0000021344,2025-12-31,2025,FY,10-K,2026-02-20,CY2025,us-gaap:EarningsPerShareDiluted,eps_diluted,3.04,USD/shares,SEC EDGAR (public companyfacts + submissions JSON),2026-02-20T09:46:32.000Z,True,"first-reported preferred (earliest filed value kept per fiscal period); companyfacts may include later restated values - treated as caveated, never back-dated",availability_datetime from filing acceptance
KO,0000021344,2026-04-03,2026,Q1,10-Q,2026-04-30,CY2026Q1,us-gaap:EarningsPerShareDiluted,eps_diluted,0.91,USD/shares,SEC EDGAR (public companyfacts + submissions JSON),2026-04-30T15:17:45.000Z,True,"first-reported preferred (earliest filed value kept per fiscal period); companyfacts may include later restated values - treated as caveated, never back-dated",availability_datetime from filing acceptance
KO,0000021344,2024-12-31,2025,Q2,10-Q,2025-07-24,,us-gaap:Assets,total_assets,100549000000,USD,SEC EDGAR (public companyfacts + submissions JSON),2025-07-24T14:07:20.000Z,True,"first-reported preferred (earliest filed value kept per fiscal period); companyfacts may include later restated values - treated as caveated, never back-dated",availability_datetime from filing acceptance
KO,0000021344,2024-12-31,2025,Q3,10-Q,2025-10-23,,us-gaap:Assets,total_assets,100549000000,USD,SEC EDGAR (public companyfacts + submissions JSON),2025-10-23T14:39:30.000Z,True,"first-reported preferred (earliest filed value kept per fiscal period); companyfacts may include later restated values - treated as caveated, never back-dated",availability_datetime from filing acceptance
KO,0000021344,2025-03-28,2025,Q1,10-Q,2025-05-01,CY2025Q1I,us-gaap:Assets,total_assets,101716000000,USD,SEC EDGAR (public companyfacts + submissions JSON),2025-05-01T15:38:52.000Z,True,"first-reported preferred (earliest filed value kept per fiscal period); companyfacts may include later restated values - treated as caveated, never back-dated",availability_datetime from filing acceptance
KO,0000021344,2025-06-27,2025,Q2,10-Q,2025-07-24,CY2025Q2I,us-gaap:Assets,total_assets,104333000000,USD,SEC EDGAR (public companyfacts + submissions JSON),2025-07-24T14:07:20.000Z,True,"first-reported preferred (earliest filed value kept per fiscal period); companyfacts may include later restated values - treated as caveated, never back-dated",availability_datetime from filing acceptance
KO,0000021344,2025-09-26,2025,Q3,10-Q,2025-10-23,CY2025Q3I,us-gaap:Assets,total_assets,106045000000,USD,SEC EDGAR (public companyfacts + submissions JSON),2025-10-23T14:39:30.000Z,True,"first-reported preferred (earliest filed value kept per fiscal period); companyfacts may include later restated values - treated as caveated, never back-dated",availability_datetime from filing acceptance
KO,0000021344,2025-12-31,2025,FY,10-K,2026-02-20,,us-gaap:Assets,total_assets,104816000000,USD,SEC EDGAR (public companyfacts + submissions JSON),2026-02-20T09:46:32.000Z,True,"first-reported preferred (earliest filed value kept per fiscal period); companyfacts may include later restated values - treated as caveated, never back-dated",availability_datetime from filing acceptance
KO,0000021344,2025-12-31,2026,Q1,10-Q,2026-04-30,CY2025Q4I,us-gaap:Assets,total_assets,104816000000,USD,SEC EDGAR (public companyfacts + submissions JSON),2026-04-30T15:17:45.000Z,True,"first-reported preferred (earliest filed value kept per fiscal period); companyfacts may include later restated values - treated as caveated, never back-dated",availability_datetime from filing acceptance
KO,0000021344,2026-04-03,2026,Q1,10-Q,2026-04-30,CY2026Q1I,us-gaap:Assets,total_assets,104217000000,USD,SEC EDGAR (public companyfacts + submissions JSON),2026-04-30T15:17:45.000Z,True,"first-reported preferred (earliest filed value kept per fiscal period); companyfacts may include later restated values - treated as caveated, never back-dated",availability_datetime from filing acceptance
KO,0000021344,2024-12-31,2025,Q2,10-Q,2025-07-24,,us-gaap:StockholdersEquity,shareholder_equity,24856000000,USD,SEC EDGAR (public companyfacts + submissions JSON),2025-07-24T14:07:20.000Z,True,"first-reported preferred (earliest filed value kept per fiscal period); companyfacts may include later restated values - treated as caveated, never back-dated",availability_datetime from filing acceptance
KO,0000021344,2024-12-31,2025,Q3,10-Q,2025-10-23,,us-gaap:StockholdersEquity,shareholder_equity,24856000000,USD,SEC EDGAR (public companyfacts + submissions JSON),2025-10-23T14:39:30.000Z,True,"first-reported preferred (earliest filed value kept per fiscal period); companyfacts may include later restated values - treated as caveated, never back-dated",availability_datetime from filing acceptance
KO,0000021344,2025-03-28,2025,Q1,10-Q,2025-05-01,CY2025Q1I,us-gaap:StockholdersEquity,shareholder_equity,26202000000,USD,SEC EDGAR (public companyfacts + submissions JSON),2025-05-01T15:38:52.000Z,True,"first-reported preferred (earliest filed value kept per fiscal period); companyfacts may include later restated values - treated as caveated, never back-dated",availability_datetime from filing acceptance
KO,0000021344,2025-06-27,2025,Q2,10-Q,2025-07-24,CY2025Q2I,us-gaap:StockholdersEquity,shareholder_equity,28585000000,USD,SEC EDGAR (public companyfacts + submissions JSON),2025-07-24T14:07:20.000Z,True,"first-reported preferred (earliest filed value kept per fiscal period); companyfacts may include later restated values - treated as caveated, never back-dated",availability_datetime from filing acceptance
KO,0000021344,2025-09-26,2025,Q3,10-Q,2025-10-23,CY2025Q3I,us-gaap:StockholdersEquity,shareholder_equity,31247000000,USD,SEC EDGAR (public companyfacts + submissions JSON),2025-10-23T14:39:30.000Z,True,"first-reported preferred (earliest filed value kept per fiscal period); companyfacts may include later restated values - treated as caveated, never back-dated",availability_datetime from filing acceptance
KO,0000021344,2025-12-31,2025,FY,10-K,2026-02-20,,us-gaap:StockholdersEquity,shareholder_equity,32169000000,USD,SEC EDGAR (public companyfacts + submissions JSON),2026-02-20T09:46:32.000Z,True,"first-reported preferred (earliest filed value kept per fiscal period); companyfacts may include later restated values - treated as caveated, never back-dated",availability_datetime from filing acceptance
KO,0000021344,2025-12-31,2026,Q1,10-Q,2026-04-30,CY2025Q4I,us-gaap:StockholdersEquity,shareholder_equity,32169000000,USD,SEC EDGAR (public companyfacts + submissions JSON),2026-04-30T15:17:45.000Z,True,"first-reported preferred (earliest filed value kept per fiscal period); companyfacts may include later restated values - treated as caveated, never back-dated",availability_datetime from filing acceptance
KO,0000021344,2026-04-03,2026,Q1,10-Q,2026-04-30,CY2026Q1I,us-gaap:StockholdersEquity,shareholder_equity,33633000000,USD,SEC EDGAR (public companyfacts + submissions JSON),2026-04-30T15:17:45.000Z,True,"first-reported preferred (earliest filed value kept per fiscal period); companyfacts may include later restated values - treated as caveated, never back-dated",availability_datetime from filing acceptance
KO,0000021344,2024-06-28,2024,Q2,10-Q,2024-07-29,,us-gaap:NetCashProvidedByUsedInOperatingActivities,operating_cash_flow,4113000000,USD,SEC EDGAR (public companyfacts + submissions JSON),2024-07-29T15:54:36.000Z,True,"first-reported preferred (earliest filed value kept per fiscal period); companyfacts may include later restated values - treated as caveated, never back-dated",availability_datetime from filing acceptance
KO,0000021344,2024-09-27,2024,Q3,10-Q,2024-10-24,,us-gaap:NetCashProvidedByUsedInOperatingActivities,operating_cash_flow,2854000000,USD,SEC EDGAR (public companyfacts + submissions JSON),2024-10-24T11:55:23.000Z,True,"first-reported preferred (earliest filed value kept per fiscal period); companyfacts may include later restated values - treated as caveated, never back-dated",availability_datetime from filing acceptance
KO,0000021344,2024-12-31,2024,FY,10-K,2025-02-20,,us-gaap:NetCashProvidedByUsedInOperatingActivities,operating_cash_flow,6805000000,USD,SEC EDGAR (public companyfacts + submissions JSON),2025-02-20T15:17:12.000Z,True,"first-reported preferred (earliest filed value kept per fiscal period); companyfacts may include later restated values - treated as caveated, never back-dated",availability_datetime from filing acceptance
KO,0000021344,2025-03-28,2025,Q1,10-Q,2025-05-01,,us-gaap:NetCashProvidedByUsedInOperatingActivities,operating_cash_flow,-5202000000,USD,SEC EDGAR (public companyfacts + submissions JSON),2025-05-01T15:38:52.000Z,True,"first-reported preferred (earliest filed value kept per fiscal period); companyfacts may include later restated values - treated as caveated, never back-dated",availability_datetime from filing acceptance
KO,0000021344,2025-06-27,2025,Q2,10-Q,2025-07-24,,us-gaap:NetCashProvidedByUsedInOperatingActivities,operating_cash_flow,-1391000000,USD,SEC EDGAR (public companyfacts + submissions JSON),2025-07-24T14:07:20.000Z,True,"first-reported preferred (earliest filed value kept per fiscal period); companyfacts may include later restated values - treated as caveated, never back-dated",availability_datetime from filing acceptance
KO,0000021344,2025-09-26,2025,Q3,10-Q,2025-10-23,,us-gaap:NetCashProvidedByUsedInOperatingActivities,operating_cash_flow,3652000000,USD,SEC EDGAR (public companyfacts + submissions JSON),2025-10-23T14:39:30.000Z,True,"first-reported preferred (earliest filed value kept per fiscal period); companyfacts may include later restated values - treated as caveated, never back-dated",availability_datetime from filing acceptance
KO,0000021344,2025-12-31,2025,FY,10-K,2026-02-20,CY2025,us-gaap:NetCashProvidedByUsedInOperatingActivities,operating_cash_flow,7408000000,USD,SEC EDGAR (public companyfacts + submissions JSON),2026-02-20T09:46:32.000Z,True,"first-reported preferred (earliest filed value kept per fiscal period); companyfacts may include later restated values - treated as caveated, never back-dated",availability_datetime from filing acceptance
KO,0000021344,2026-04-03,2026,Q1,10-Q,2026-04-30,CY2026Q1,us-gaap:NetCashProvidedByUsedInOperatingActivities,operating_cash_flow,2021000000,USD,SEC EDGAR (public companyfacts + submissions JSON),2026-04-30T15:17:45.000Z,True,"first-reported preferred (earliest filed value kept per fiscal period); companyfacts may include later restated values - treated as caveated, never back-dated",availability_datetime from filing acceptance
KO,0000021344,2024-06-28,2024,Q2,10-Q,2024-07-29,,us-gaap:PaymentsToAcquirePropertyPlantAndEquipment,capital_expenditures,792000000,USD,SEC EDGAR (public companyfacts + submissions JSON),2024-07-29T15:54:36.000Z,True,"first-reported preferred (earliest filed value kept per fiscal period); companyfacts may include later restated values - treated as caveated, never back-dated",availability_datetime from filing acceptance
KO,0000021344,2024-09-27,2024,Q3,10-Q,2024-10-24,,us-gaap:PaymentsToAcquirePropertyPlantAndEquipment,capital_expenditures,1261000000,USD,SEC EDGAR (public companyfacts + submissions JSON),2024-10-24T11:55:23.000Z,True,"first-reported preferred (earliest filed value kept per fiscal period); companyfacts may include later restated values - treated as caveated, never back-dated",availability_datetime from filing acceptance
KO,0000021344,2024-12-31,2024,FY,10-K,2025-02-20,,us-gaap:PaymentsToAcquirePropertyPlantAndEquipment,capital_expenditures,2064000000,USD,SEC EDGAR (public companyfacts + submissions JSON),2025-02-20T15:17:12.000Z,True,"first-reported preferred (earliest filed value kept per fiscal period); companyfacts may include later restated values - treated as caveated, never back-dated",availability_datetime from filing acceptance
KO,0000021344,2025-03-28,2025,Q1,10-Q,2025-05-01,,us-gaap:PaymentsToAcquirePropertyPlantAndEquipment,capital_expenditures,309000000,USD,SEC EDGAR (public companyfacts + submissions JSON),2025-05-01T15:38:52.000Z,True,"first-reported preferred (earliest filed value kept per fiscal period); companyfacts may include later restated values - treated as caveated, never back-dated",availability_datetime from filing acceptance
KO,0000021344,2025-06-27,2025,Q2,10-Q,2025-07-24,,us-gaap:PaymentsToAcquirePropertyPlantAndEquipment,capital_expenditures,751000000,USD,SEC EDGAR (public companyfacts + submissions JSON),2025-07-24T14:07:20.000Z,True,"first-reported preferred (earliest filed value kept per fiscal period); companyfacts may include later restated values - treated as caveated, never back-dated",availability_datetime from filing acceptance
KO,0000021344,2025-09-26,2025,Q3,10-Q,2025-10-23,,us-gaap:PaymentsToAcquirePropertyPlantAndEquipment,capital_expenditures,1230000000,USD,SEC EDGAR (public companyfacts + submissions JSON),2025-10-23T14:39:30.000Z,True,"first-reported preferred (earliest filed value kept per fiscal period); companyfacts may include later restated values - treated as caveated, never back-dated",availability_datetime from filing acceptance
KO,0000021344,2025-12-31,2025,FY,10-K,2026-02-20,CY2025,us-gaap:PaymentsToAcquirePropertyPlantAndEquipment,capital_expenditures,2112000000,USD,SEC EDGAR (public companyfacts + submissions JSON),2026-02-20T09:46:32.000Z,True,"first-reported preferred (earliest filed value kept per fiscal period); companyfacts may include later restated values - treated as caveated, never back-dated",availability_datetime from filing acceptance
KO,0000021344,2026-04-03,2026,Q1,10-Q,2026-04-30,CY2026Q1,us-gaap:PaymentsToAcquirePropertyPlantAndEquipment,capital_expenditures,266000000,USD,SEC EDGAR (public companyfacts + submissions JSON),2026-04-30T15:17:45.000Z,True,"first-reported preferred (earliest filed value kept per fiscal period); companyfacts may include later restated values - treated as caveated, never back-dated",availability_datetime from filing acceptance
KO,0000021344,2024-06-28,2024,Q2,10-Q,,,derived:NetCashProvidedByUsedInOperatingActivities-PaymentsToAcquirePropertyPlantAndEquipment,free_cash_flow,3321000000,USD,SEC EDGAR (public companyfacts + submissions JSON),2024-07-29T15:54:36.000Z,True,"first-reported preferred (earliest filed value kept per fiscal period); companyfacts may include later restated values - treated as caveated, never back-dated",derived = operating_cash_flow - capital_expenditures; availability is the later of the two inputs
KO,0000021344,2024-09-27,2024,Q3,10-Q,,,derived:NetCashProvidedByUsedInOperatingActivities-PaymentsToAcquirePropertyPlantAndEquipment,free_cash_flow,1593000000,USD,SEC EDGAR (public companyfacts + submissions JSON),2024-10-24T11:55:23.000Z,True,"first-reported preferred (earliest filed value kept per fiscal period); companyfacts may include later restated values - treated as caveated, never back-dated",derived = operating_cash_flow - capital_expenditures; availability is the later of the two inputs
KO,0000021344,2024-12-31,2024,FY,10-K,,,derived:NetCashProvidedByUsedInOperatingActivities-PaymentsToAcquirePropertyPlantAndEquipment,free_cash_flow,4741000000,USD,SEC EDGAR (public companyfacts + submissions JSON),2025-02-20T15:17:12.000Z,True,"first-reported preferred (earliest filed value kept per fiscal period); companyfacts may include later restated values - treated as caveated, never back-dated",derived = operating_cash_flow - capital_expenditures; availability is the later of the two inputs
KO,0000021344,2025-03-28,2025,Q1,10-Q,,,derived:NetCashProvidedByUsedInOperatingActivities-PaymentsToAcquirePropertyPlantAndEquipment,free_cash_flow,-5511000000,USD,SEC EDGAR (public companyfacts + submissions JSON),2025-05-01T15:38:52.000Z,True,"first-reported preferred (earliest filed value kept per fiscal period); companyfacts may include later restated values - treated as caveated, never back-dated",derived = operating_cash_flow - capital_expenditures; availability is the later of the two inputs
KO,0000021344,2025-06-27,2025,Q2,10-Q,,,derived:NetCashProvidedByUsedInOperatingActivities-PaymentsToAcquirePropertyPlantAndEquipment,free_cash_flow,-2142000000,USD,SEC EDGAR (public companyfacts + submissions JSON),2025-07-24T14:07:20.000Z,True,"first-reported preferred (earliest filed value kept per fiscal period); companyfacts may include later restated values - treated as caveated, never back-dated",derived = operating_cash_flow - capital_expenditures; availability is the later of the two inputs
KO,0000021344,2025-09-26,2025,Q3,10-Q,,,derived:NetCashProvidedByUsedInOperatingActivities-PaymentsToAcquirePropertyPlantAndEquipment,free_cash_flow,2422000000,USD,SEC EDGAR (public companyfacts + submissions JSON),2025-10-23T14:39:30.000Z,True,"first-reported preferred (earliest filed value kept per fiscal period); companyfacts may include later restated values - treated as caveated, never back-dated",derived = operating_cash_flow - capital_expenditures; availability is the later of the two inputs
KO,0000021344,2025-12-31,2025,FY,10-K,,,derived:NetCashProvidedByUsedInOperatingActivities-PaymentsToAcquirePropertyPlantAndEquipment,free_cash_flow,5296000000,USD,SEC EDGAR (public companyfacts + submissions JSON),2026-02-20T09:46:32.000Z,True,"first-reported preferred (earliest filed value kept per fiscal period); companyfacts may include later restated values - treated as caveated, never back-dated",derived = operating_cash_flow - capital_expenditures; availability is the later of the two inputs
KO,0000021344,2026-04-03,2026,Q1,10-Q,,,derived:NetCashProvidedByUsedInOperatingActivities-PaymentsToAcquirePropertyPlantAndEquipment,free_cash_flow,1755000000,USD,SEC EDGAR (public companyfacts + submissions JSON),2026-04-30T15:17:45.000Z,True,"first-reported preferred (earliest filed value kept per fiscal period); companyfacts may include later restated values - treated as caveated, never back-dated",derived = operating_cash_flow - capital_expenditures; availability is the later of the two inputs
DIS,0001744489,2024-06-29,2024,Q3,10-Q,2024-08-07,,us-gaap:Revenues,revenue,68787000000,USD,SEC EDGAR (public companyfacts + submissions JSON),2024-08-07T10:54:11.000Z,True,"first-reported preferred (earliest filed value kept per fiscal period); companyfacts may include later restated values - treated as caveated, never back-dated",availability_datetime from filing acceptance
DIS,0001744489,2024-09-28,2024,FY,10-K,2024-11-14,,us-gaap:Revenues,revenue,91361000000,USD,SEC EDGAR (public companyfacts + submissions JSON),2024-11-14T11:46:46.000Z,True,"first-reported preferred (earliest filed value kept per fiscal period); companyfacts may include later restated values - treated as caveated, never back-dated",availability_datetime from filing acceptance
DIS,0001744489,2024-12-28,2025,Q1,10-Q,2025-02-05,,us-gaap:Revenues,revenue,24690000000,USD,SEC EDGAR (public companyfacts + submissions JSON),2025-02-05T11:43:16.000Z,True,"first-reported preferred (earliest filed value kept per fiscal period); companyfacts may include later restated values - treated as caveated, never back-dated",availability_datetime from filing acceptance
DIS,0001744489,2025-03-29,2025,Q2,10-Q,2025-05-07,,us-gaap:Revenues,revenue,48311000000,USD,SEC EDGAR (public companyfacts + submissions JSON),2025-05-07T12:04:55.000Z,True,"first-reported preferred (earliest filed value kept per fiscal period); companyfacts may include later restated values - treated as caveated, never back-dated",availability_datetime from filing acceptance
DIS,0001744489,2025-06-28,2025,Q3,10-Q,2025-08-06,,us-gaap:Revenues,revenue,71961000000,USD,SEC EDGAR (public companyfacts + submissions JSON),2025-08-06T10:44:22.000Z,True,"first-reported preferred (earliest filed value kept per fiscal period); companyfacts may include later restated values - treated as caveated, never back-dated",availability_datetime from filing acceptance
DIS,0001744489,2025-09-27,2025,FY,10-K,2025-11-13,CY2025,us-gaap:Revenues,revenue,94425000000,USD,SEC EDGAR (public companyfacts + submissions JSON),2025-11-13T11:44:29.000Z,True,"first-reported preferred (earliest filed value kept per fiscal period); companyfacts may include later restated values - treated as caveated, never back-dated",availability_datetime from filing acceptance
DIS,0001744489,2025-12-27,2026,Q1,10-Q,2026-02-02,CY2025Q4,us-gaap:Revenues,revenue,25981000000,USD,SEC EDGAR (public companyfacts + submissions JSON),2026-02-02T11:44:13.000Z,True,"first-reported preferred (earliest filed value kept per fiscal period); companyfacts may include later restated values - treated as caveated, never back-dated",availability_datetime from filing acceptance
DIS,0001744489,2026-03-28,2026,Q2,10-Q,2026-05-06,,us-gaap:Revenues,revenue,51149000000,USD,SEC EDGAR (public companyfacts + submissions JSON),2026-05-06T10:41:43.000Z,True,"first-reported preferred (earliest filed value kept per fiscal period); companyfacts may include later restated values - treated as caveated, never back-dated",availability_datetime from filing acceptance
DIS,0001744489,2024-06-29,2024,Q3,10-Q,2024-08-07,,us-gaap:NetIncomeLoss,net_income,4512000000,USD,SEC EDGAR (public companyfacts + submissions JSON),2024-08-07T10:54:11.000Z,True,"first-reported preferred (earliest filed value kept per fiscal period); companyfacts may include later restated values - treated as caveated, never back-dated",availability_datetime from filing acceptance
DIS,0001744489,2024-09-28,2024,FY,10-K,2024-11-14,,us-gaap:NetIncomeLoss,net_income,4972000000,USD,SEC EDGAR (public companyfacts + submissions JSON),2024-11-14T11:46:46.000Z,True,"first-reported preferred (earliest filed value kept per fiscal period); companyfacts may include later restated values - treated as caveated, never back-dated",availability_datetime from filing acceptance
DIS,0001744489,2024-12-28,2025,Q1,10-Q,2025-02-05,,us-gaap:NetIncomeLoss,net_income,2554000000,USD,SEC EDGAR (public companyfacts + submissions JSON),2025-02-05T11:43:16.000Z,True,"first-reported preferred (earliest filed value kept per fiscal period); companyfacts may include later restated values - treated as caveated, never back-dated",availability_datetime from filing acceptance
DIS,0001744489,2025-03-29,2025,Q2,10-Q,2025-05-07,,us-gaap:NetIncomeLoss,net_income,5829000000,USD,SEC EDGAR (public companyfacts + submissions JSON),2025-05-07T12:04:55.000Z,True,"first-reported preferred (earliest filed value kept per fiscal period); companyfacts may include later restated values - treated as caveated, never back-dated",availability_datetime from filing acceptance
DIS,0001744489,2025-06-28,2025,Q3,10-Q,2025-08-06,,us-gaap:NetIncomeLoss,net_income,11091000000,USD,SEC EDGAR (public companyfacts + submissions JSON),2025-08-06T10:44:22.000Z,True,"first-reported preferred (earliest filed value kept per fiscal period); companyfacts may include later restated values - treated as caveated, never back-dated",availability_datetime from filing acceptance
DIS,0001744489,2025-09-27,2025,FY,10-K,2025-11-13,CY2025,us-gaap:NetIncomeLoss,net_income,12404000000,USD,SEC EDGAR (public companyfacts + submissions JSON),2025-11-13T11:44:29.000Z,True,"first-reported preferred (earliest filed value kept per fiscal period); companyfacts may include later restated values - treated as caveated, never back-dated",availability_datetime from filing acceptance
DIS,0001744489,2025-12-27,2026,Q1,10-Q,2026-02-02,CY2025Q4,us-gaap:NetIncomeLoss,net_income,2402000000,USD,SEC EDGAR (public companyfacts + submissions JSON),2026-02-02T11:44:13.000Z,True,"first-reported preferred (earliest filed value kept per fiscal period); companyfacts may include later restated values - treated as caveated, never back-dated",availability_datetime from filing acceptance
DIS,0001744489,2026-03-28,2026,Q2,10-Q,2026-05-06,,us-gaap:NetIncomeLoss,net_income,4649000000,USD,SEC EDGAR (public companyfacts + submissions JSON),2026-05-06T10:41:43.000Z,True,"first-reported preferred (earliest filed value kept per fiscal period); companyfacts may include later restated values - treated as caveated, never back-dated",availability_datetime from filing acceptance
DIS,0001744489,2024-06-29,2024,Q3,10-Q,2024-08-07,,us-gaap:OperatingIncomeLoss,operating_income,11946000000,USD,SEC EDGAR (public companyfacts + submissions JSON),2024-08-07T10:54:11.000Z,True,"first-reported preferred (earliest filed value kept per fiscal period); companyfacts may include later restated values - treated as caveated, never back-dated",availability_datetime from filing acceptance
DIS,0001744489,2024-09-28,2024,FY,10-K,2024-11-14,,us-gaap:OperatingIncomeLoss,operating_income,15601000000,USD,SEC EDGAR (public companyfacts + submissions JSON),2024-11-14T11:46:46.000Z,True,"first-reported preferred (earliest filed value kept per fiscal period); companyfacts may include later restated values - treated as caveated, never back-dated",availability_datetime from filing acceptance
DIS,0001744489,2024-12-28,2025,Q1,10-Q,2025-02-05,,us-gaap:OperatingIncomeLoss,operating_income,5060000000,USD,SEC EDGAR (public companyfacts + submissions JSON),2025-02-05T11:43:16.000Z,True,"first-reported preferred (earliest filed value kept per fiscal period); companyfacts may include later restated values - treated as caveated, never back-dated",availability_datetime from filing acceptance
DIS,0001744489,2025-03-29,2025,Q2,10-Q,2025-05-07,,us-gaap:OperatingIncomeLoss,operating_income,9496000000,USD,SEC EDGAR (public companyfacts + submissions JSON),2025-05-07T12:04:55.000Z,True,"first-reported preferred (earliest filed value kept per fiscal period); companyfacts may include later restated values - treated as caveated, never back-dated",availability_datetime from filing acceptance
DIS,0001744489,2025-06-28,2025,Q3,10-Q,2025-08-06,,us-gaap:OperatingIncomeLoss,operating_income,14071000000,USD,SEC EDGAR (public companyfacts + submissions JSON),2025-08-06T10:44:22.000Z,True,"first-reported preferred (earliest filed value kept per fiscal period); companyfacts may include later restated values - treated as caveated, never back-dated",availability_datetime from filing acceptance
DIS,0001744489,2025-09-27,2025,FY,10-K,2025-11-13,CY2025,us-gaap:OperatingIncomeLoss,operating_income,17551000000,USD,SEC EDGAR (public companyfacts + submissions JSON),2025-11-13T11:44:29.000Z,True,"first-reported preferred (earliest filed value kept per fiscal period); companyfacts may include later restated values - treated as caveated, never back-dated",availability_datetime from filing acceptance
DIS,0001744489,2025-12-27,2026,Q1,10-Q,2026-02-02,CY2025Q4,us-gaap:OperatingIncomeLoss,operating_income,4600000000,USD,SEC EDGAR (public companyfacts + submissions JSON),2026-02-02T11:44:13.000Z,True,"first-reported preferred (earliest filed value kept per fiscal period); companyfacts may include later restated values - treated as caveated, never back-dated",availability_datetime from filing acceptance
DIS,0001744489,2026-03-28,2026,Q2,10-Q,2026-05-06,,us-gaap:OperatingIncomeLoss,operating_income,9203000000,USD,SEC EDGAR (public companyfacts + submissions JSON),2026-05-06T10:41:43.000Z,True,"first-reported preferred (earliest filed value kept per fiscal period); companyfacts may include later restated values - treated as caveated, never back-dated",availability_datetime from filing acceptance
DIS,0001744489,2024-06-29,2024,Q3,10-Q,2024-08-07,,us-gaap:EarningsPerShareDiluted,eps_diluted,2.46,USD/shares,SEC EDGAR (public companyfacts + submissions JSON),2024-08-07T10:54:11.000Z,True,"first-reported preferred (earliest filed value kept per fiscal period); companyfacts may include later restated values - treated as caveated, never back-dated",availability_datetime from filing acceptance
DIS,0001744489,2024-09-28,2024,FY,10-K,2024-11-14,,us-gaap:EarningsPerShareDiluted,eps_diluted,2.72,USD/shares,SEC EDGAR (public companyfacts + submissions JSON),2024-11-14T11:46:46.000Z,True,"first-reported preferred (earliest filed value kept per fiscal period); companyfacts may include later restated values - treated as caveated, never back-dated",availability_datetime from filing acceptance
DIS,0001744489,2024-12-28,2025,Q1,10-Q,2025-02-05,,us-gaap:EarningsPerShareDiluted,eps_diluted,1.4,USD/shares,SEC EDGAR (public companyfacts + submissions JSON),2025-02-05T11:43:16.000Z,True,"first-reported preferred (earliest filed value kept per fiscal period); companyfacts may include later restated values - treated as caveated, never back-dated",availability_datetime from filing acceptance
DIS,0001744489,2025-03-29,2025,Q2,10-Q,2025-05-07,,us-gaap:EarningsPerShareDiluted,eps_diluted,3.21,USD/shares,SEC EDGAR (public companyfacts + submissions JSON),2025-05-07T12:04:55.000Z,True,"first-reported preferred (earliest filed value kept per fiscal period); companyfacts may include later restated values - treated as caveated, never back-dated",availability_datetime from filing acceptance
DIS,0001744489,2025-06-28,2025,Q3,10-Q,2025-08-06,,us-gaap:EarningsPerShareDiluted,eps_diluted,6.12,USD/shares,SEC EDGAR (public companyfacts + submissions JSON),2025-08-06T10:44:22.000Z,True,"first-reported preferred (earliest filed value kept per fiscal period); companyfacts may include later restated values - treated as caveated, never back-dated",availability_datetime from filing acceptance
DIS,0001744489,2025-09-27,2025,FY,10-K,2025-11-13,CY2025,us-gaap:EarningsPerShareDiluted,eps_diluted,6.85,USD/shares,SEC EDGAR (public companyfacts + submissions JSON),2025-11-13T11:44:29.000Z,True,"first-reported preferred (earliest filed value kept per fiscal period); companyfacts may include later restated values - treated as caveated, never back-dated",availability_datetime from filing acceptance
DIS,0001744489,2025-12-27,2026,Q1,10-Q,2026-02-02,CY2025Q4,us-gaap:EarningsPerShareDiluted,eps_diluted,1.34,USD/shares,SEC EDGAR (public companyfacts + submissions JSON),2026-02-02T11:44:13.000Z,True,"first-reported preferred (earliest filed value kept per fiscal period); companyfacts may include later restated values - treated as caveated, never back-dated",availability_datetime from filing acceptance
DIS,0001744489,2026-03-28,2026,Q2,10-Q,2026-05-06,,us-gaap:EarningsPerShareDiluted,eps_diluted,2.61,USD/shares,SEC EDGAR (public companyfacts + submissions JSON),2026-05-06T10:41:43.000Z,True,"first-reported preferred (earliest filed value kept per fiscal period); companyfacts may include later restated values - treated as caveated, never back-dated",availability_datetime from filing acceptance
DIS,0001744489,2024-12-28,2025,Q1,10-Q,2025-02-05,CY2024Q4I,us-gaap:Assets,total_assets,197046000000,USD,SEC EDGAR (public companyfacts + submissions JSON),2025-02-05T11:43:16.000Z,True,"first-reported preferred (earliest filed value kept per fiscal period); companyfacts may include later restated values - treated as caveated, never back-dated",availability_datetime from filing acceptance
DIS,0001744489,2025-03-29,2025,Q2,10-Q,2025-05-07,CY2025Q1I,us-gaap:Assets,total_assets,195833000000,USD,SEC EDGAR (public companyfacts + submissions JSON),2025-05-07T12:04:55.000Z,True,"first-reported preferred (earliest filed value kept per fiscal period); companyfacts may include later restated values - treated as caveated, never back-dated",availability_datetime from filing acceptance
DIS,0001744489,2025-06-28,2025,Q3,10-Q,2025-08-06,CY2025Q2I,us-gaap:Assets,total_assets,196612000000,USD,SEC EDGAR (public companyfacts + submissions JSON),2025-08-06T10:44:22.000Z,True,"first-reported preferred (earliest filed value kept per fiscal period); companyfacts may include later restated values - treated as caveated, never back-dated",availability_datetime from filing acceptance
DIS,0001744489,2025-09-27,2025,FY,10-K,2025-11-13,,us-gaap:Assets,total_assets,197514000000,USD,SEC EDGAR (public companyfacts + submissions JSON),2025-11-13T11:44:29.000Z,True,"first-reported preferred (earliest filed value kept per fiscal period); companyfacts may include later restated values - treated as caveated, never back-dated",availability_datetime from filing acceptance
DIS,0001744489,2025-09-27,2026,Q1,10-Q,2026-02-02,,us-gaap:Assets,total_assets,197514000000,USD,SEC EDGAR (public companyfacts + submissions JSON),2026-02-02T11:44:13.000Z,True,"first-reported preferred (earliest filed value kept per fiscal period); companyfacts may include later restated values - treated as caveated, never back-dated",availability_datetime from filing acceptance
DIS,0001744489,2025-09-27,2026,Q2,10-Q,2026-05-06,CY2025Q3I,us-gaap:Assets,total_assets,197514000000,USD,SEC EDGAR (public companyfacts + submissions JSON),2026-05-06T10:41:43.000Z,True,"first-reported preferred (earliest filed value kept per fiscal period); companyfacts may include later restated values - treated as caveated, never back-dated",availability_datetime from filing acceptance
DIS,0001744489,2025-12-27,2026,Q1,10-Q,2026-02-02,CY2025Q4I,us-gaap:Assets,total_assets,202089000000,USD,SEC EDGAR (public companyfacts + submissions JSON),2026-02-02T11:44:13.000Z,True,"first-reported preferred (earliest filed value kept per fiscal period); companyfacts may include later restated values - treated as caveated, never back-dated",availability_datetime from filing acceptance
DIS,0001744489,2026-03-28,2026,Q2,10-Q,2026-05-06,CY2026Q1I,us-gaap:Assets,total_assets,205217000000,USD,SEC EDGAR (public companyfacts + submissions JSON),2026-05-06T10:41:43.000Z,True,"first-reported preferred (earliest filed value kept per fiscal period); companyfacts may include later restated values - treated as caveated, never back-dated",availability_datetime from filing acceptance
DIS,0001744489,2024-12-28,2025,Q1,10-Q,2025-02-05,CY2024Q4I,us-gaap:StockholdersEquity,shareholder_equity,101933000000,USD,SEC EDGAR (public companyfacts + submissions JSON),2025-02-05T11:43:16.000Z,True,"first-reported preferred (earliest filed value kept per fiscal period); companyfacts may include later restated values - treated as caveated, never back-dated",availability_datetime from filing acceptance
DIS,0001744489,2025-03-29,2025,Q2,10-Q,2025-05-07,CY2025Q1I,us-gaap:StockholdersEquity,shareholder_equity,104339000000,USD,SEC EDGAR (public companyfacts + submissions JSON),2025-05-07T12:04:55.000Z,True,"first-reported preferred (earliest filed value kept per fiscal period); companyfacts may include later restated values - treated as caveated, never back-dated",availability_datetime from filing acceptance
DIS,0001744489,2025-06-28,2025,Q3,10-Q,2025-08-06,CY2025Q2I,us-gaap:StockholdersEquity,shareholder_equity,109145000000,USD,SEC EDGAR (public companyfacts + submissions JSON),2025-08-06T10:44:22.000Z,True,"first-reported preferred (earliest filed value kept per fiscal period); companyfacts may include later restated values - treated as caveated, never back-dated",availability_datetime from filing acceptance
DIS,0001744489,2025-09-27,2025,FY,10-K,2025-11-13,,us-gaap:StockholdersEquity,shareholder_equity,109869000000,USD,SEC EDGAR (public companyfacts + submissions JSON),2025-11-13T11:44:29.000Z,True,"first-reported preferred (earliest filed value kept per fiscal period); companyfacts may include later restated values - treated as caveated, never back-dated",availability_datetime from filing acceptance
DIS,0001744489,2025-09-27,2026,Q1,10-Q,2026-02-02,,us-gaap:StockholdersEquity,shareholder_equity,109869000000,USD,SEC EDGAR (public companyfacts + submissions JSON),2026-02-02T11:44:13.000Z,True,"first-reported preferred (earliest filed value kept per fiscal period); companyfacts may include later restated values - treated as caveated, never back-dated",availability_datetime from filing acceptance
DIS,0001744489,2025-09-27,2026,Q2,10-Q,2026-05-06,CY2025Q3I,us-gaap:StockholdersEquity,shareholder_equity,109869000000,USD,SEC EDGAR (public companyfacts + submissions JSON),2026-05-06T10:41:43.000Z,True,"first-reported preferred (earliest filed value kept per fiscal period); companyfacts may include later restated values - treated as caveated, never back-dated",availability_datetime from filing acceptance
DIS,0001744489,2025-12-27,2026,Q1,10-Q,2026-02-02,CY2025Q4I,us-gaap:StockholdersEquity,shareholder_equity,108476000000,USD,SEC EDGAR (public companyfacts + submissions JSON),2026-02-02T11:44:13.000Z,True,"first-reported preferred (earliest filed value kept per fiscal period); companyfacts may include later restated values - treated as caveated, never back-dated",availability_datetime from filing acceptance
DIS,0001744489,2026-03-28,2026,Q2,10-Q,2026-05-06,CY2026Q1I,us-gaap:StockholdersEquity,shareholder_equity,108708000000,USD,SEC EDGAR (public companyfacts + submissions JSON),2026-05-06T10:41:43.000Z,True,"first-reported preferred (earliest filed value kept per fiscal period); companyfacts may include later restated values - treated as caveated, never back-dated",availability_datetime from filing acceptance
DIS,0001744489,2024-06-29,2024,Q3,10-Q,2024-08-07,,us-gaap:NetCashProvidedByUsedInOperatingActivities,operating_cash_flow,8453000000,USD,SEC EDGAR (public companyfacts + submissions JSON),2024-08-07T10:54:11.000Z,True,"first-reported preferred (earliest filed value kept per fiscal period); companyfacts may include later restated values - treated as caveated, never back-dated",availability_datetime from filing acceptance
DIS,0001744489,2024-09-28,2025,FY,10-K,2025-11-13,CY2024,us-gaap:NetCashProvidedByUsedInOperatingActivities,operating_cash_flow,13971000000,USD,SEC EDGAR (public companyfacts + submissions JSON),2025-11-13T11:44:29.000Z,True,"first-reported preferred (earliest filed value kept per fiscal period); companyfacts may include later restated values - treated as caveated, never back-dated",availability_datetime from filing acceptance
DIS,0001744489,2024-12-28,2025,Q1,10-Q,2025-02-05,,us-gaap:NetCashProvidedByUsedInOperatingActivities,operating_cash_flow,3205000000,USD,SEC EDGAR (public companyfacts + submissions JSON),2025-02-05T11:43:16.000Z,True,"first-reported preferred (earliest filed value kept per fiscal period); companyfacts may include later restated values - treated as caveated, never back-dated",availability_datetime from filing acceptance
DIS,0001744489,2025-03-29,2025,Q2,10-Q,2025-05-07,,us-gaap:NetCashProvidedByUsedInOperatingActivities,operating_cash_flow,9958000000,USD,SEC EDGAR (public companyfacts + submissions JSON),2025-05-07T12:04:55.000Z,True,"first-reported preferred (earliest filed value kept per fiscal period); companyfacts may include later restated values - treated as caveated, never back-dated",availability_datetime from filing acceptance
DIS,0001744489,2025-06-28,2025,Q3,10-Q,2025-08-06,,us-gaap:NetCashProvidedByUsedInOperatingActivities,operating_cash_flow,13627000000,USD,SEC EDGAR (public companyfacts + submissions JSON),2025-08-06T10:44:22.000Z,True,"first-reported preferred (earliest filed value kept per fiscal period); companyfacts may include later restated values - treated as caveated, never back-dated",availability_datetime from filing acceptance
DIS,0001744489,2025-09-27,2025,FY,10-K,2025-11-13,CY2025,us-gaap:NetCashProvidedByUsedInOperatingActivities,operating_cash_flow,18101000000,USD,SEC EDGAR (public companyfacts + submissions JSON),2025-11-13T11:44:29.000Z,True,"first-reported preferred (earliest filed value kept per fiscal period); companyfacts may include later restated values - treated as caveated, never back-dated",availability_datetime from filing acceptance
DIS,0001744489,2025-12-27,2026,Q1,10-Q,2026-02-02,CY2025Q4,us-gaap:NetCashProvidedByUsedInOperatingActivities,operating_cash_flow,735000000,USD,SEC EDGAR (public companyfacts + submissions JSON),2026-02-02T11:44:13.000Z,True,"first-reported preferred (earliest filed value kept per fiscal period); companyfacts may include later restated values - treated as caveated, never back-dated",availability_datetime from filing acceptance
DIS,0001744489,2026-03-28,2026,Q2,10-Q,2026-05-06,,us-gaap:NetCashProvidedByUsedInOperatingActivities,operating_cash_flow,7649000000,USD,SEC EDGAR (public companyfacts + submissions JSON),2026-05-06T10:41:43.000Z,True,"first-reported preferred (earliest filed value kept per fiscal period); companyfacts may include later restated values - treated as caveated, never back-dated",availability_datetime from filing acceptance
DIS,0001744489,2024-06-29,2024,Q3,10-Q,2024-08-07,,us-gaap:PaymentsToAcquirePropertyPlantAndEquipment,capital_expenditures,3923000000,USD,SEC EDGAR (public companyfacts + submissions JSON),2024-08-07T10:54:11.000Z,True,"first-reported preferred (earliest filed value kept per fiscal period); companyfacts may include later restated values - treated as caveated, never back-dated",availability_datetime from filing acceptance
DIS,0001744489,2024-09-28,2024,FY,10-K,2024-11-14,,us-gaap:PaymentsToAcquirePropertyPlantAndEquipment,capital_expenditures,5412000000,USD,SEC EDGAR (public companyfacts + submissions JSON),2024-11-14T11:46:46.000Z,True,"first-reported preferred (earliest filed value kept per fiscal period); companyfacts may include later restated values - treated as caveated, never back-dated",availability_datetime from filing acceptance
DIS,0001744489,2024-12-28,2025,Q1,10-Q,2025-02-05,,us-gaap:PaymentsToAcquirePropertyPlantAndEquipment,capital_expenditures,2466000000,USD,SEC EDGAR (public companyfacts + submissions JSON),2025-02-05T11:43:16.000Z,True,"first-reported preferred (earliest filed value kept per fiscal period); companyfacts may include later restated values - treated as caveated, never back-dated",availability_datetime from filing acceptance
DIS,0001744489,2025-03-29,2025,Q2,10-Q,2025-05-07,,us-gaap:PaymentsToAcquirePropertyPlantAndEquipment,capital_expenditures,4328000000,USD,SEC EDGAR (public companyfacts + submissions JSON),2025-05-07T12:04:55.000Z,True,"first-reported preferred (earliest filed value kept per fiscal period); companyfacts may include later restated values - treated as caveated, never back-dated",availability_datetime from filing acceptance
DIS,0001744489,2025-06-28,2025,Q3,10-Q,2025-08-06,,us-gaap:PaymentsToAcquirePropertyPlantAndEquipment,capital_expenditures,6108000000,USD,SEC EDGAR (public companyfacts + submissions JSON),2025-08-06T10:44:22.000Z,True,"first-reported preferred (earliest filed value kept per fiscal period); companyfacts may include later restated values - treated as caveated, never back-dated",availability_datetime from filing acceptance
DIS,0001744489,2025-09-27,2025,FY,10-K,2025-11-13,CY2025,us-gaap:PaymentsToAcquirePropertyPlantAndEquipment,capital_expenditures,8024000000,USD,SEC EDGAR (public companyfacts + submissions JSON),2025-11-13T11:44:29.000Z,True,"first-reported preferred (earliest filed value kept per fiscal period); companyfacts may include later restated values - treated as caveated, never back-dated",availability_datetime from filing acceptance
DIS,0001744489,2025-12-27,2026,Q1,10-Q,2026-02-02,CY2025Q4,us-gaap:PaymentsToAcquirePropertyPlantAndEquipment,capital_expenditures,3013000000,USD,SEC EDGAR (public companyfacts + submissions JSON),2026-02-02T11:44:13.000Z,True,"first-reported preferred (earliest filed value kept per fiscal period); companyfacts may include later restated values - treated as caveated, never back-dated",availability_datetime from filing acceptance
DIS,0001744489,2026-03-28,2026,Q2,10-Q,2026-05-06,,us-gaap:PaymentsToAcquirePropertyPlantAndEquipment,capital_expenditures,4986000000,USD,SEC EDGAR (public companyfacts + submissions JSON),2026-05-06T10:41:43.000Z,True,"first-reported preferred (earliest filed value kept per fiscal period); companyfacts may include later restated values - treated as caveated, never back-dated",availability_datetime from filing acceptance
DIS,0001744489,2024-06-29,2024,Q3,10-Q,,,derived:NetCashProvidedByUsedInOperatingActivities-PaymentsToAcquirePropertyPlantAndEquipment,free_cash_flow,4530000000,USD,SEC EDGAR (public companyfacts + submissions JSON),2024-08-07T10:54:11.000Z,True,"first-reported preferred (earliest filed value kept per fiscal period); companyfacts may include later restated values - treated as caveated, never back-dated",derived = operating_cash_flow - capital_expenditures; availability is the later of the two inputs
DIS,0001744489,2024-09-28,2025,FY,10-K,,,derived:NetCashProvidedByUsedInOperatingActivities-PaymentsToAcquirePropertyPlantAndEquipment,free_cash_flow,8559000000,USD,SEC EDGAR (public companyfacts + submissions JSON),2025-11-13T11:44:29.000Z,True,"first-reported preferred (earliest filed value kept per fiscal period); companyfacts may include later restated values - treated as caveated, never back-dated",derived = operating_cash_flow - capital_expenditures; availability is the later of the two inputs
DIS,0001744489,2024-12-28,2025,Q1,10-Q,,,derived:NetCashProvidedByUsedInOperatingActivities-PaymentsToAcquirePropertyPlantAndEquipment,free_cash_flow,739000000,USD,SEC EDGAR (public companyfacts + submissions JSON),2025-02-05T11:43:16.000Z,True,"first-reported preferred (earliest filed value kept per fiscal period); companyfacts may include later restated values - treated as caveated, never back-dated",derived = operating_cash_flow - capital_expenditures; availability is the later of the two inputs
DIS,0001744489,2025-03-29,2025,Q2,10-Q,,,derived:NetCashProvidedByUsedInOperatingActivities-PaymentsToAcquirePropertyPlantAndEquipment,free_cash_flow,5630000000,USD,SEC EDGAR (public companyfacts + submissions JSON),2025-05-07T12:04:55.000Z,True,"first-reported preferred (earliest filed value kept per fiscal period); companyfacts may include later restated values - treated as caveated, never back-dated",derived = operating_cash_flow - capital_expenditures; availability is the later of the two inputs
DIS,0001744489,2025-06-28,2025,Q3,10-Q,,,derived:NetCashProvidedByUsedInOperatingActivities-PaymentsToAcquirePropertyPlantAndEquipment,free_cash_flow,7519000000,USD,SEC EDGAR (public companyfacts + submissions JSON),2025-08-06T10:44:22.000Z,True,"first-reported preferred (earliest filed value kept per fiscal period); companyfacts may include later restated values - treated as caveated, never back-dated",derived = operating_cash_flow - capital_expenditures; availability is the later of the two inputs
DIS,0001744489,2025-09-27,2025,FY,10-K,,,derived:NetCashProvidedByUsedInOperatingActivities-PaymentsToAcquirePropertyPlantAndEquipment,free_cash_flow,10077000000,USD,SEC EDGAR (public companyfacts + submissions JSON),2025-11-13T11:44:29.000Z,True,"first-reported preferred (earliest filed value kept per fiscal period); companyfacts may include later restated values - treated as caveated, never back-dated",derived = operating_cash_flow - capital_expenditures; availability is the later of the two inputs
DIS,0001744489,2025-12-27,2026,Q1,10-Q,,,derived:NetCashProvidedByUsedInOperatingActivities-PaymentsToAcquirePropertyPlantAndEquipment,free_cash_flow,-2278000000,USD,SEC EDGAR (public companyfacts + submissions JSON),2026-02-02T11:44:13.000Z,True,"first-reported preferred (earliest filed value kept per fiscal period); companyfacts may include later restated values - treated as caveated, never back-dated",derived = operating_cash_flow - capital_expenditures; availability is the later of the two inputs
DIS,0001744489,2026-03-28,2026,Q2,10-Q,,,derived:NetCashProvidedByUsedInOperatingActivities-PaymentsToAcquirePropertyPlantAndEquipment,free_cash_flow,2663000000,USD,SEC EDGAR (public companyfacts + submissions JSON),2026-05-06T10:41:43.000Z,True,"first-reported preferred (earliest filed value kept per fiscal period); companyfacts may include later restated values - treated as caveated, never back-dated",derived = operating_cash_flow - capital_expenditures; availability is the later of the two inputs
CAT,0000018230,2024-06-30,2024,Q2,10-Q,2024-08-07,,us-gaap:Revenues,revenue,32488000000,USD,SEC EDGAR (public companyfacts + submissions JSON),2024-08-07T14:40:25.000Z,True,"first-reported preferred (earliest filed value kept per fiscal period); companyfacts may include later restated values - treated as caveated, never back-dated",availability_datetime from filing acceptance
CAT,0000018230,2024-09-30,2024,Q3,10-Q,2024-11-06,,us-gaap:Revenues,revenue,48594000000,USD,SEC EDGAR (public companyfacts + submissions JSON),2024-11-06T15:40:15.000Z,True,"first-reported preferred (earliest filed value kept per fiscal period); companyfacts may include later restated values - treated as caveated, never back-dated",availability_datetime from filing acceptance
CAT,0000018230,2024-12-31,2024,FY,10-K,2025-02-14,,us-gaap:Revenues,revenue,64809000000,USD,SEC EDGAR (public companyfacts + submissions JSON),2025-02-14T14:36:30.000Z,True,"first-reported preferred (earliest filed value kept per fiscal period); companyfacts may include later restated values - treated as caveated, never back-dated",availability_datetime from filing acceptance
CAT,0000018230,2025-03-31,2025,Q1,10-Q,2025-05-07,,us-gaap:Revenues,revenue,14249000000,USD,SEC EDGAR (public companyfacts + submissions JSON),2025-05-07T13:31:50.000Z,True,"first-reported preferred (earliest filed value kept per fiscal period); companyfacts may include later restated values - treated as caveated, never back-dated",availability_datetime from filing acceptance
CAT,0000018230,2025-06-30,2025,Q2,10-Q,2025-08-06,,us-gaap:Revenues,revenue,30818000000,USD,SEC EDGAR (public companyfacts + submissions JSON),2025-08-06T13:35:30.000Z,True,"first-reported preferred (earliest filed value kept per fiscal period); companyfacts may include later restated values - treated as caveated, never back-dated",availability_datetime from filing acceptance
CAT,0000018230,2025-09-30,2025,Q3,10-Q,2025-11-03,,us-gaap:Revenues,revenue,48456000000,USD,SEC EDGAR (public companyfacts + submissions JSON),2025-11-03T16:06:23.000Z,True,"first-reported preferred (earliest filed value kept per fiscal period); companyfacts may include later restated values - treated as caveated, never back-dated",availability_datetime from filing acceptance
CAT,0000018230,2025-12-31,2025,FY,10-K,2026-02-13,,us-gaap:Revenues,revenue,67589000000,USD,SEC EDGAR (public companyfacts + submissions JSON),2026-02-13T15:18:27.000Z,True,"first-reported preferred (earliest filed value kept per fiscal period); companyfacts may include later restated values - treated as caveated, never back-dated",availability_datetime from filing acceptance
CAT,0000018230,2026-03-31,2026,Q1,10-Q,2026-05-06,CY2026Q1,us-gaap:Revenues,revenue,17415000000,USD,SEC EDGAR (public companyfacts + submissions JSON),2026-05-06T15:08:09.000Z,True,"first-reported preferred (earliest filed value kept per fiscal period); companyfacts may include later restated values - treated as caveated, never back-dated",availability_datetime from filing acceptance
CAT,0000018230,2010-06-30,2010,FY,10-K,2011-02-22,,us-gaap:NetIncomeLoss,net_income,707000000,USD,SEC EDGAR (public companyfacts + submissions JSON),2011-02-22,True,"first-reported preferred (earliest filed value kept per fiscal period); companyfacts may include later restated values - treated as caveated, never back-dated",conservative: filed date used as availability_datetime
CAT,0000018230,2010-06-30,2011,Q2,10-Q,2011-08-04,,us-gaap:NetIncomeLoss,net_income,940000000,USD,SEC EDGAR (public companyfacts + submissions JSON),2011-08-04,True,"first-reported preferred (earliest filed value kept per fiscal period); companyfacts may include later restated values - treated as caveated, never back-dated",conservative: filed date used as availability_datetime
CAT,0000018230,2010-09-30,2010,Q3,10-Q,2010-11-04,,us-gaap:NetIncomeLoss,net_income,1732000000,USD,SEC EDGAR (public companyfacts + submissions JSON),2010-11-04,True,"first-reported preferred (earliest filed value kept per fiscal period); companyfacts may include later restated values - treated as caveated, never back-dated",conservative: filed date used as availability_datetime
CAT,0000018230,2010-09-30,2010,FY,10-K,2011-02-22,,us-gaap:NetIncomeLoss,net_income,792000000,USD,SEC EDGAR (public companyfacts + submissions JSON),2011-02-22,True,"first-reported preferred (earliest filed value kept per fiscal period); companyfacts may include later restated values - treated as caveated, never back-dated",conservative: filed date used as availability_datetime
CAT,0000018230,2010-12-31,2010,FY,10-K,2011-02-22,,us-gaap:NetIncomeLoss,net_income,2700000000,USD,SEC EDGAR (public companyfacts + submissions JSON),2011-02-22,True,"first-reported preferred (earliest filed value kept per fiscal period); companyfacts may include later restated values - treated as caveated, never back-dated",conservative: filed date used as availability_datetime
CAT,0000018230,2011-03-31,2011,Q1,10-Q,2011-05-09,CY2011Q1,us-gaap:NetIncomeLoss,net_income,1225000000,USD,SEC EDGAR (public companyfacts + submissions JSON),2011-05-09,True,"first-reported preferred (earliest filed value kept per fiscal period); companyfacts may include later restated values - treated as caveated, never back-dated",conservative: filed date used as availability_datetime
CAT,0000018230,2011-06-30,2011,Q2,10-Q,2011-08-04,,us-gaap:NetIncomeLoss,net_income,2240000000,USD,SEC EDGAR (public companyfacts + submissions JSON),2011-08-04,True,"first-reported preferred (earliest filed value kept per fiscal period); companyfacts may include later restated values - treated as caveated, never back-dated",conservative: filed date used as availability_datetime
CAT,0000018230,2011-09-30,2011,Q3,10-Q,2011-11-04,,us-gaap:NetIncomeLoss,net_income,3381000000,USD,SEC EDGAR (public companyfacts + submissions JSON),2011-11-04,True,"first-reported preferred (earliest filed value kept per fiscal period); companyfacts may include later restated values - treated as caveated, never back-dated",conservative: filed date used as availability_datetime
CAT,0000018230,2024-06-30,2024,Q2,10-Q,2024-08-07,,us-gaap:OperatingIncomeLoss,operating_income,7001000000,USD,SEC EDGAR (public companyfacts + submissions JSON),2024-08-07T14:40:25.000Z,True,"first-reported preferred (earliest filed value kept per fiscal period); companyfacts may include later restated values - treated as caveated, never back-dated",availability_datetime from filing acceptance
CAT,0000018230,2024-09-30,2024,Q3,10-Q,2024-11-06,,us-gaap:OperatingIncomeLoss,operating_income,10148000000,USD,SEC EDGAR (public companyfacts + submissions JSON),2024-11-06T15:40:15.000Z,True,"first-reported preferred (earliest filed value kept per fiscal period); companyfacts may include later restated values - treated as caveated, never back-dated",availability_datetime from filing acceptance
CAT,0000018230,2024-12-31,2024,FY,10-K,2025-02-14,,us-gaap:OperatingIncomeLoss,operating_income,13072000000,USD,SEC EDGAR (public companyfacts + submissions JSON),2025-02-14T14:36:30.000Z,True,"first-reported preferred (earliest filed value kept per fiscal period); companyfacts may include later restated values - treated as caveated, never back-dated",availability_datetime from filing acceptance
CAT,0000018230,2025-03-31,2025,Q1,10-Q,2025-05-07,,us-gaap:OperatingIncomeLoss,operating_income,2579000000,USD,SEC EDGAR (public companyfacts + submissions JSON),2025-05-07T13:31:50.000Z,True,"first-reported preferred (earliest filed value kept per fiscal period); companyfacts may include later restated values - treated as caveated, never back-dated",availability_datetime from filing acceptance
CAT,0000018230,2025-06-30,2025,Q2,10-Q,2025-08-06,,us-gaap:OperatingIncomeLoss,operating_income,5439000000,USD,SEC EDGAR (public companyfacts + submissions JSON),2025-08-06T13:35:30.000Z,True,"first-reported preferred (earliest filed value kept per fiscal period); companyfacts may include later restated values - treated as caveated, never back-dated",availability_datetime from filing acceptance
CAT,0000018230,2025-09-30,2025,Q3,10-Q,2025-11-03,,us-gaap:OperatingIncomeLoss,operating_income,8491000000,USD,SEC EDGAR (public companyfacts + submissions JSON),2025-11-03T16:06:23.000Z,True,"first-reported preferred (earliest filed value kept per fiscal period); companyfacts may include later restated values - treated as caveated, never back-dated",availability_datetime from filing acceptance
CAT,0000018230,2025-12-31,2025,FY,10-K,2026-02-13,CY2025,us-gaap:OperatingIncomeLoss,operating_income,11151000000,USD,SEC EDGAR (public companyfacts + submissions JSON),2026-02-13T15:18:27.000Z,True,"first-reported preferred (earliest filed value kept per fiscal period); companyfacts may include later restated values - treated as caveated, never back-dated",availability_datetime from filing acceptance
CAT,0000018230,2026-03-31,2026,Q1,10-Q,2026-05-06,CY2026Q1,us-gaap:OperatingIncomeLoss,operating_income,3085000000,USD,SEC EDGAR (public companyfacts + submissions JSON),2026-05-06T15:08:09.000Z,True,"first-reported preferred (earliest filed value kept per fiscal period); companyfacts may include later restated values - treated as caveated, never back-dated",availability_datetime from filing acceptance
CAT,0000018230,2024-06-30,2024,Q2,10-Q,2024-08-07,,us-gaap:EarningsPerShareDiluted,eps_diluted,11.23,USD/shares,SEC EDGAR (public companyfacts + submissions JSON),2024-08-07T14:40:25.000Z,True,"first-reported preferred (earliest filed value kept per fiscal period); companyfacts may include later restated values - treated as caveated, never back-dated",availability_datetime from filing acceptance
CAT,0000018230,2024-09-30,2024,Q3,10-Q,2024-11-06,,us-gaap:EarningsPerShareDiluted,eps_diluted,16.27,USD/shares,SEC EDGAR (public companyfacts + submissions JSON),2024-11-06T15:40:15.000Z,True,"first-reported preferred (earliest filed value kept per fiscal period); companyfacts may include later restated values - treated as caveated, never back-dated",availability_datetime from filing acceptance
CAT,0000018230,2024-12-31,2024,FY,10-K,2025-02-14,,us-gaap:EarningsPerShareDiluted,eps_diluted,22.05,USD/shares,SEC EDGAR (public companyfacts + submissions JSON),2025-02-14T14:36:30.000Z,True,"first-reported preferred (earliest filed value kept per fiscal period); companyfacts may include later restated values - treated as caveated, never back-dated",availability_datetime from filing acceptance
CAT,0000018230,2025-03-31,2025,Q1,10-Q,2025-05-07,,us-gaap:EarningsPerShareDiluted,eps_diluted,4.2,USD/shares,SEC EDGAR (public companyfacts + submissions JSON),2025-05-07T13:31:50.000Z,True,"first-reported preferred (earliest filed value kept per fiscal period); companyfacts may include later restated values - treated as caveated, never back-dated",availability_datetime from filing acceptance
CAT,0000018230,2025-06-30,2025,Q2,10-Q,2025-08-06,,us-gaap:EarningsPerShareDiluted,eps_diluted,8.82,USD/shares,SEC EDGAR (public companyfacts + submissions JSON),2025-08-06T13:35:30.000Z,True,"first-reported preferred (earliest filed value kept per fiscal period); companyfacts may include later restated values - treated as caveated, never back-dated",availability_datetime from filing acceptance
CAT,0000018230,2025-09-30,2025,Q3,10-Q,2025-11-03,,us-gaap:EarningsPerShareDiluted,eps_diluted,13.69,USD/shares,SEC EDGAR (public companyfacts + submissions JSON),2025-11-03T16:06:23.000Z,True,"first-reported preferred (earliest filed value kept per fiscal period); companyfacts may include later restated values - treated as caveated, never back-dated",availability_datetime from filing acceptance
CAT,0000018230,2025-12-31,2025,FY,10-K,2026-02-13,CY2025,us-gaap:EarningsPerShareDiluted,eps_diluted,18.81,USD/shares,SEC EDGAR (public companyfacts + submissions JSON),2026-02-13T15:18:27.000Z,True,"first-reported preferred (earliest filed value kept per fiscal period); companyfacts may include later restated values - treated as caveated, never back-dated",availability_datetime from filing acceptance
CAT,0000018230,2026-03-31,2026,Q1,10-Q,2026-05-06,CY2026Q1,us-gaap:EarningsPerShareDiluted,eps_diluted,5.47,USD/shares,SEC EDGAR (public companyfacts + submissions JSON),2026-05-06T15:08:09.000Z,True,"first-reported preferred (earliest filed value kept per fiscal period); companyfacts may include later restated values - treated as caveated, never back-dated",availability_datetime from filing acceptance
CAT,0000018230,2024-12-31,2025,Q2,10-Q,2025-08-06,,us-gaap:Assets,total_assets,87764000000,USD,SEC EDGAR (public companyfacts + submissions JSON),2025-08-06T13:35:30.000Z,True,"first-reported preferred (earliest filed value kept per fiscal period); companyfacts may include later restated values - treated as caveated, never back-dated",availability_datetime from filing acceptance
CAT,0000018230,2024-12-31,2025,Q3,10-Q,2025-11-03,,us-gaap:Assets,total_assets,87764000000,USD,SEC EDGAR (public companyfacts + submissions JSON),2025-11-03T16:06:23.000Z,True,"first-reported preferred (earliest filed value kept per fiscal period); companyfacts may include later restated values - treated as caveated, never back-dated",availability_datetime from filing acceptance
CAT,0000018230,2025-03-31,2025,Q1,10-Q,2025-05-07,CY2025Q1I,us-gaap:Assets,total_assets,84974000000,USD,SEC EDGAR (public companyfacts + submissions JSON),2025-05-07T13:31:50.000Z,True,"first-reported preferred (earliest filed value kept per fiscal period); companyfacts may include later restated values - treated as caveated, never back-dated",availability_datetime from filing acceptance
CAT,0000018230,2025-06-30,2025,Q2,10-Q,2025-08-06,CY2025Q2I,us-gaap:Assets,total_assets,90325000000,USD,SEC EDGAR (public companyfacts + submissions JSON),2025-08-06T13:35:30.000Z,True,"first-reported preferred (earliest filed value kept per fiscal period); companyfacts may include later restated values - treated as caveated, never back-dated",availability_datetime from filing acceptance
CAT,0000018230,2025-09-30,2025,Q3,10-Q,2025-11-03,CY2025Q3I,us-gaap:Assets,total_assets,93722000000,USD,SEC EDGAR (public companyfacts + submissions JSON),2025-11-03T16:06:23.000Z,True,"first-reported preferred (earliest filed value kept per fiscal period); companyfacts may include later restated values - treated as caveated, never back-dated",availability_datetime from filing acceptance
CAT,0000018230,2025-12-31,2025,FY,10-K,2026-02-13,,us-gaap:Assets,total_assets,98585000000,USD,SEC EDGAR (public companyfacts + submissions JSON),2026-02-13T15:18:27.000Z,True,"first-reported preferred (earliest filed value kept per fiscal period); companyfacts may include later restated values - treated as caveated, never back-dated",availability_datetime from filing acceptance
CAT,0000018230,2025-12-31,2026,Q1,10-Q,2026-05-06,CY2025Q4I,us-gaap:Assets,total_assets,98585000000,USD,SEC EDGAR (public companyfacts + submissions JSON),2026-05-06T15:08:09.000Z,True,"first-reported preferred (earliest filed value kept per fiscal period); companyfacts may include later restated values - treated as caveated, never back-dated",availability_datetime from filing acceptance
CAT,0000018230,2026-03-31,2026,Q1,10-Q,2026-05-06,CY2026Q1I,us-gaap:Assets,total_assets,95550000000,USD,SEC EDGAR (public companyfacts + submissions JSON),2026-05-06T15:08:09.000Z,True,"first-reported preferred (earliest filed value kept per fiscal period); companyfacts may include later restated values - treated as caveated, never back-dated",availability_datetime from filing acceptance
CAT,0000018230,2024-12-31,2025,Q2,10-Q,2025-08-06,,us-gaap:Liabilities,total_liabilities,68270000000,USD,SEC EDGAR (public companyfacts + submissions JSON),2025-08-06T13:35:30.000Z,True,"first-reported preferred (earliest filed value kept per fiscal period); companyfacts may include later restated values - treated as caveated, never back-dated",availability_datetime from filing acceptance
CAT,0000018230,2024-12-31,2025,Q3,10-Q,2025-11-03,,us-gaap:Liabilities,total_liabilities,68270000000,USD,SEC EDGAR (public companyfacts + submissions JSON),2025-11-03T16:06:23.000Z,True,"first-reported preferred (earliest filed value kept per fiscal period); companyfacts may include later restated values - treated as caveated, never back-dated",availability_datetime from filing acceptance
CAT,0000018230,2025-03-31,2025,Q1,10-Q,2025-05-07,CY2025Q1I,us-gaap:Liabilities,total_liabilities,66904000000,USD,SEC EDGAR (public companyfacts + submissions JSON),2025-05-07T13:31:50.000Z,True,"first-reported preferred (earliest filed value kept per fiscal period); companyfacts may include later restated values - treated as caveated, never back-dated",availability_datetime from filing acceptance
CAT,0000018230,2025-06-30,2025,Q2,10-Q,2025-08-06,CY2025Q2I,us-gaap:Liabilities,total_liabilities,71662000000,USD,SEC EDGAR (public companyfacts + submissions JSON),2025-08-06T13:35:30.000Z,True,"first-reported preferred (earliest filed value kept per fiscal period); companyfacts may include later restated values - treated as caveated, never back-dated",availability_datetime from filing acceptance
CAT,0000018230,2025-09-30,2025,Q3,10-Q,2025-11-03,CY2025Q3I,us-gaap:Liabilities,total_liabilities,73063000000,USD,SEC EDGAR (public companyfacts + submissions JSON),2025-11-03T16:06:23.000Z,True,"first-reported preferred (earliest filed value kept per fiscal period); companyfacts may include later restated values - treated as caveated, never back-dated",availability_datetime from filing acceptance
CAT,0000018230,2025-12-31,2025,FY,10-K,2026-02-13,,us-gaap:Liabilities,total_liabilities,77267000000,USD,SEC EDGAR (public companyfacts + submissions JSON),2026-02-13T15:18:27.000Z,True,"first-reported preferred (earliest filed value kept per fiscal period); companyfacts may include later restated values - treated as caveated, never back-dated",availability_datetime from filing acceptance
CAT,0000018230,2025-12-31,2026,Q1,10-Q,2026-05-06,CY2025Q4I,us-gaap:Liabilities,total_liabilities,77267000000,USD,SEC EDGAR (public companyfacts + submissions JSON),2026-05-06T15:08:09.000Z,True,"first-reported preferred (earliest filed value kept per fiscal period); companyfacts may include later restated values - treated as caveated, never back-dated",availability_datetime from filing acceptance
CAT,0000018230,2026-03-31,2026,Q1,10-Q,2026-05-06,CY2026Q1I,us-gaap:Liabilities,total_liabilities,76890000000,USD,SEC EDGAR (public companyfacts + submissions JSON),2026-05-06T15:08:09.000Z,True,"first-reported preferred (earliest filed value kept per fiscal period); companyfacts may include later restated values - treated as caveated, never back-dated",availability_datetime from filing acceptance
CAT,0000018230,2024-06-30,2024,Q2,10-Q,2024-08-07,,us-gaap:NetCashProvidedByUsedInOperatingActivities,operating_cash_flow,5073000000,USD,SEC EDGAR (public companyfacts + submissions JSON),2024-08-07T14:40:25.000Z,True,"first-reported preferred (earliest filed value kept per fiscal period); companyfacts may include later restated values - treated as caveated, never back-dated",availability_datetime from filing acceptance
CAT,0000018230,2024-09-30,2024,Q3,10-Q,2024-11-06,,us-gaap:NetCashProvidedByUsedInOperatingActivities,operating_cash_flow,8642000000,USD,SEC EDGAR (public companyfacts + submissions JSON),2024-11-06T15:40:15.000Z,True,"first-reported preferred (earliest filed value kept per fiscal period); companyfacts may include later restated values - treated as caveated, never back-dated",availability_datetime from filing acceptance
CAT,0000018230,2024-12-31,2024,FY,10-K,2025-02-14,,us-gaap:NetCashProvidedByUsedInOperatingActivities,operating_cash_flow,12035000000,USD,SEC EDGAR (public companyfacts + submissions JSON),2025-02-14T14:36:30.000Z,True,"first-reported preferred (earliest filed value kept per fiscal period); companyfacts may include later restated values - treated as caveated, never back-dated",availability_datetime from filing acceptance
CAT,0000018230,2025-03-31,2025,Q1,10-Q,2025-05-07,,us-gaap:NetCashProvidedByUsedInOperatingActivities,operating_cash_flow,1289000000,USD,SEC EDGAR (public companyfacts + submissions JSON),2025-05-07T13:31:50.000Z,True,"first-reported preferred (earliest filed value kept per fiscal period); companyfacts may include later restated values - treated as caveated, never back-dated",availability_datetime from filing acceptance
CAT,0000018230,2025-06-30,2025,Q2,10-Q,2025-08-06,,us-gaap:NetCashProvidedByUsedInOperatingActivities,operating_cash_flow,4411000000,USD,SEC EDGAR (public companyfacts + submissions JSON),2025-08-06T13:35:30.000Z,True,"first-reported preferred (earliest filed value kept per fiscal period); companyfacts may include later restated values - treated as caveated, never back-dated",availability_datetime from filing acceptance
CAT,0000018230,2025-09-30,2025,Q3,10-Q,2025-11-03,,us-gaap:NetCashProvidedByUsedInOperatingActivities,operating_cash_flow,8148000000,USD,SEC EDGAR (public companyfacts + submissions JSON),2025-11-03T16:06:23.000Z,True,"first-reported preferred (earliest filed value kept per fiscal period); companyfacts may include later restated values - treated as caveated, never back-dated",availability_datetime from filing acceptance
CAT,0000018230,2025-12-31,2025,FY,10-K,2026-02-13,CY2025,us-gaap:NetCashProvidedByUsedInOperatingActivities,operating_cash_flow,11739000000,USD,SEC EDGAR (public companyfacts + submissions JSON),2026-02-13T15:18:27.000Z,True,"first-reported preferred (earliest filed value kept per fiscal period); companyfacts may include later restated values - treated as caveated, never back-dated",availability_datetime from filing acceptance
CAT,0000018230,2026-03-31,2026,Q1,10-Q,2026-05-06,CY2026Q1,us-gaap:NetCashProvidedByUsedInOperatingActivities,operating_cash_flow,1870000000,USD,SEC EDGAR (public companyfacts + submissions JSON),2026-05-06T15:08:09.000Z,True,"first-reported preferred (earliest filed value kept per fiscal period); companyfacts may include later restated values - treated as caveated, never back-dated",availability_datetime from filing acceptance
CAT,0000018230,2024-06-30,2024,Q2,10-Q,2024-08-07,,us-gaap:PaymentsToAcquirePropertyPlantAndEquipment,capital_expenditures,841000000,USD,SEC EDGAR (public companyfacts + submissions JSON),2024-08-07T14:40:25.000Z,True,"first-reported preferred (earliest filed value kept per fiscal period); companyfacts may include later restated values - treated as caveated, never back-dated",availability_datetime from filing acceptance
CAT,0000018230,2024-09-30,2024,Q3,10-Q,2024-11-06,,us-gaap:PaymentsToAcquirePropertyPlantAndEquipment,capital_expenditures,1285000000,USD,SEC EDGAR (public companyfacts + submissions JSON),2024-11-06T15:40:15.000Z,True,"first-reported preferred (earliest filed value kept per fiscal period); companyfacts may include later restated values - treated as caveated, never back-dated",availability_datetime from filing acceptance
CAT,0000018230,2024-12-31,2024,FY,10-K,2025-02-14,,us-gaap:PaymentsToAcquirePropertyPlantAndEquipment,capital_expenditures,1988000000,USD,SEC EDGAR (public companyfacts + submissions JSON),2025-02-14T14:36:30.000Z,True,"first-reported preferred (earliest filed value kept per fiscal period); companyfacts may include later restated values - treated as caveated, never back-dated",availability_datetime from filing acceptance
CAT,0000018230,2025-03-31,2025,Q1,10-Q,2025-05-07,,us-gaap:PaymentsToAcquirePropertyPlantAndEquipment,capital_expenditures,710000000,USD,SEC EDGAR (public companyfacts + submissions JSON),2025-05-07T13:31:50.000Z,True,"first-reported preferred (earliest filed value kept per fiscal period); companyfacts may include later restated values - treated as caveated, never back-dated",availability_datetime from filing acceptance
CAT,0000018230,2025-06-30,2025,Q2,10-Q,2025-08-06,,us-gaap:PaymentsToAcquirePropertyPlantAndEquipment,capital_expenditures,1265000000,USD,SEC EDGAR (public companyfacts + submissions JSON),2025-08-06T13:35:30.000Z,True,"first-reported preferred (earliest filed value kept per fiscal period); companyfacts may include later restated values - treated as caveated, never back-dated",availability_datetime from filing acceptance
CAT,0000018230,2025-09-30,2025,Q3,10-Q,2025-11-03,,us-gaap:PaymentsToAcquirePropertyPlantAndEquipment,capital_expenditures,1923000000,USD,SEC EDGAR (public companyfacts + submissions JSON),2025-11-03T16:06:23.000Z,True,"first-reported preferred (earliest filed value kept per fiscal period); companyfacts may include later restated values - treated as caveated, never back-dated",availability_datetime from filing acceptance
CAT,0000018230,2025-12-31,2025,FY,10-K,2026-02-13,CY2025,us-gaap:PaymentsToAcquirePropertyPlantAndEquipment,capital_expenditures,2821000000,USD,SEC EDGAR (public companyfacts + submissions JSON),2026-02-13T15:18:27.000Z,True,"first-reported preferred (earliest filed value kept per fiscal period); companyfacts may include later restated values - treated as caveated, never back-dated",availability_datetime from filing acceptance
CAT,0000018230,2026-03-31,2026,Q1,10-Q,2026-05-06,CY2026Q1,us-gaap:PaymentsToAcquirePropertyPlantAndEquipment,capital_expenditures,728000000,USD,SEC EDGAR (public companyfacts + submissions JSON),2026-05-06T15:08:09.000Z,True,"first-reported preferred (earliest filed value kept per fiscal period); companyfacts may include later restated values - treated as caveated, never back-dated",availability_datetime from filing acceptance
CAT,0000018230,2024-06-30,2024,Q2,10-Q,,,derived:NetCashProvidedByUsedInOperatingActivities-PaymentsToAcquirePropertyPlantAndEquipment,free_cash_flow,4232000000,USD,SEC EDGAR (public companyfacts + submissions JSON),2024-08-07T14:40:25.000Z,True,"first-reported preferred (earliest filed value kept per fiscal period); companyfacts may include later restated values - treated as caveated, never back-dated",derived = operating_cash_flow - capital_expenditures; availability is the later of the two inputs
CAT,0000018230,2024-09-30,2024,Q3,10-Q,,,derived:NetCashProvidedByUsedInOperatingActivities-PaymentsToAcquirePropertyPlantAndEquipment,free_cash_flow,7357000000,USD,SEC EDGAR (public companyfacts + submissions JSON),2024-11-06T15:40:15.000Z,True,"first-reported preferred (earliest filed value kept per fiscal period); companyfacts may include later restated values - treated as caveated, never back-dated",derived = operating_cash_flow - capital_expenditures; availability is the later of the two inputs
CAT,0000018230,2024-12-31,2024,FY,10-K,,,derived:NetCashProvidedByUsedInOperatingActivities-PaymentsToAcquirePropertyPlantAndEquipment,free_cash_flow,10047000000,USD,SEC EDGAR (public companyfacts + submissions JSON),2025-02-14T14:36:30.000Z,True,"first-reported preferred (earliest filed value kept per fiscal period); companyfacts may include later restated values - treated as caveated, never back-dated",derived = operating_cash_flow - capital_expenditures; availability is the later of the two inputs
CAT,0000018230,2025-03-31,2025,Q1,10-Q,,,derived:NetCashProvidedByUsedInOperatingActivities-PaymentsToAcquirePropertyPlantAndEquipment,free_cash_flow,579000000,USD,SEC EDGAR (public companyfacts + submissions JSON),2025-05-07T13:31:50.000Z,True,"first-reported preferred (earliest filed value kept per fiscal period); companyfacts may include later restated values - treated as caveated, never back-dated",derived = operating_cash_flow - capital_expenditures; availability is the later of the two inputs
CAT,0000018230,2025-06-30,2025,Q2,10-Q,,,derived:NetCashProvidedByUsedInOperatingActivities-PaymentsToAcquirePropertyPlantAndEquipment,free_cash_flow,3146000000,USD,SEC EDGAR (public companyfacts + submissions JSON),2025-08-06T13:35:30.000Z,True,"first-reported preferred (earliest filed value kept per fiscal period); companyfacts may include later restated values - treated as caveated, never back-dated",derived = operating_cash_flow - capital_expenditures; availability is the later of the two inputs
CAT,0000018230,2025-09-30,2025,Q3,10-Q,,,derived:NetCashProvidedByUsedInOperatingActivities-PaymentsToAcquirePropertyPlantAndEquipment,free_cash_flow,6225000000,USD,SEC EDGAR (public companyfacts + submissions JSON),2025-11-03T16:06:23.000Z,True,"first-reported preferred (earliest filed value kept per fiscal period); companyfacts may include later restated values - treated as caveated, never back-dated",derived = operating_cash_flow - capital_expenditures; availability is the later of the two inputs
CAT,0000018230,2025-12-31,2025,FY,10-K,,,derived:NetCashProvidedByUsedInOperatingActivities-PaymentsToAcquirePropertyPlantAndEquipment,free_cash_flow,8918000000,USD,SEC EDGAR (public companyfacts + submissions JSON),2026-02-13T15:18:27.000Z,True,"first-reported preferred (earliest filed value kept per fiscal period); companyfacts may include later restated values - treated as caveated, never back-dated",derived = operating_cash_flow - capital_expenditures; availability is the later of the two inputs
CAT,0000018230,2026-03-31,2026,Q1,10-Q,,,derived:NetCashProvidedByUsedInOperatingActivities-PaymentsToAcquirePropertyPlantAndEquipment,free_cash_flow,1142000000,USD,SEC EDGAR (public companyfacts + submissions JSON),2026-05-06T15:08:09.000Z,True,"first-reported preferred (earliest filed value kept per fiscal period); companyfacts may include later restated values - treated as caveated, never back-dated",derived = operating_cash_flow - capital_expenditures; availability is the later of the two inputs
GE,0000040545,2024-09-30,2024,FY,10-K,2025-02-03,,us-gaap:Revenues,revenue,9842000000,USD,SEC EDGAR (public companyfacts + submissions JSON),2025-02-03T11:31:16.000Z,True,"first-reported preferred (earliest filed value kept per fiscal period); companyfacts may include later restated values - treated as caveated, never back-dated",availability_datetime from filing acceptance
GE,0000040545,2024-09-30,2025,Q3,10-Q,2025-10-21,,us-gaap:Revenues,revenue,27890000000,USD,SEC EDGAR (public companyfacts + submissions JSON),2025-10-21T10:27:09.000Z,True,"first-reported preferred (earliest filed value kept per fiscal period); companyfacts may include later restated values - treated as caveated, never back-dated",availability_datetime from filing acceptance
GE,0000040545,2024-12-31,2024,FY,10-K,2025-02-03,,us-gaap:Revenues,revenue,38702000000,USD,SEC EDGAR (public companyfacts + submissions JSON),2025-02-03T11:31:16.000Z,True,"first-reported preferred (earliest filed value kept per fiscal period); companyfacts may include later restated values - treated as caveated, never back-dated",availability_datetime from filing acceptance
GE,0000040545,2025-03-31,2025,Q1,10-Q,2025-04-22,,us-gaap:Revenues,revenue,9935000000,USD,SEC EDGAR (public companyfacts + submissions JSON),2025-04-22T10:26:15.000Z,True,"first-reported preferred (earliest filed value kept per fiscal period); companyfacts may include later restated values - treated as caveated, never back-dated",availability_datetime from filing acceptance
GE,0000040545,2025-06-30,2025,Q2,10-Q,2025-07-21,,us-gaap:Revenues,revenue,20957000000,USD,SEC EDGAR (public companyfacts + submissions JSON),2025-07-21T16:01:31.000Z,True,"first-reported preferred (earliest filed value kept per fiscal period); companyfacts may include later restated values - treated as caveated, never back-dated",availability_datetime from filing acceptance
GE,0000040545,2025-09-30,2025,Q3,10-Q,2025-10-21,,us-gaap:Revenues,revenue,33138000000,USD,SEC EDGAR (public companyfacts + submissions JSON),2025-10-21T10:27:09.000Z,True,"first-reported preferred (earliest filed value kept per fiscal period); companyfacts may include later restated values - treated as caveated, never back-dated",availability_datetime from filing acceptance
GE,0000040545,2025-12-31,2025,FY,10-K,2026-01-29,CY2025,us-gaap:Revenues,revenue,45855000000,USD,SEC EDGAR (public companyfacts + submissions JSON),2026-01-29T11:32:04.000Z,True,"first-reported preferred (earliest filed value kept per fiscal period); companyfacts may include later restated values - treated as caveated, never back-dated",availability_datetime from filing acceptance
GE,0000040545,2026-03-31,2026,Q1,10-Q,2026-04-21,CY2026Q1,us-gaap:Revenues,revenue,12392000000,USD,SEC EDGAR (public companyfacts + submissions JSON),2026-04-21T10:36:02.000Z,True,"first-reported preferred (earliest filed value kept per fiscal period); companyfacts may include later restated values - treated as caveated, never back-dated",availability_datetime from filing acceptance
GE,0000040545,2024-09-30,2024,FY,10-K,2025-02-03,,us-gaap:NetIncomeLoss,net_income,1852000000,USD,SEC EDGAR (public companyfacts + submissions JSON),2025-02-03T11:31:16.000Z,True,"first-reported preferred (earliest filed value kept per fiscal period); companyfacts may include later restated values - treated as caveated, never back-dated",availability_datetime from filing acceptance
GE,0000040545,2024-09-30,2025,Q3,10-Q,2025-10-21,,us-gaap:NetIncomeLoss,net_income,4657000000,USD,SEC EDGAR (public companyfacts + submissions JSON),2025-10-21T10:27:09.000Z,True,"first-reported preferred (earliest filed value kept per fiscal period); companyfacts may include later restated values - treated as caveated, never back-dated",availability_datetime from filing acceptance
GE,0000040545,2024-12-31,2024,FY,10-K,2025-02-03,,us-gaap:NetIncomeLoss,net_income,6556000000,USD,SEC EDGAR (public companyfacts + submissions JSON),2025-02-03T11:31:16.000Z,True,"first-reported preferred (earliest filed value kept per fiscal period); companyfacts may include later restated values - treated as caveated, never back-dated",availability_datetime from filing acceptance
GE,0000040545,2025-03-31,2025,Q1,10-Q,2025-04-22,,us-gaap:NetIncomeLoss,net_income,1978000000,USD,SEC EDGAR (public companyfacts + submissions JSON),2025-04-22T10:26:15.000Z,True,"first-reported preferred (earliest filed value kept per fiscal period); companyfacts may include later restated values - treated as caveated, never back-dated",availability_datetime from filing acceptance
GE,0000040545,2025-06-30,2025,Q2,10-Q,2025-07-21,,us-gaap:NetIncomeLoss,net_income,4006000000,USD,SEC EDGAR (public companyfacts + submissions JSON),2025-07-21T16:01:31.000Z,True,"first-reported preferred (earliest filed value kept per fiscal period); companyfacts may include later restated values - treated as caveated, never back-dated",availability_datetime from filing acceptance
GE,0000040545,2025-09-30,2025,Q3,10-Q,2025-10-21,,us-gaap:NetIncomeLoss,net_income,6163000000,USD,SEC EDGAR (public companyfacts + submissions JSON),2025-10-21T10:27:09.000Z,True,"first-reported preferred (earliest filed value kept per fiscal period); companyfacts may include later restated values - treated as caveated, never back-dated",availability_datetime from filing acceptance
GE,0000040545,2025-12-31,2025,FY,10-K,2026-01-29,CY2025,us-gaap:NetIncomeLoss,net_income,8704000000,USD,SEC EDGAR (public companyfacts + submissions JSON),2026-01-29T11:32:04.000Z,True,"first-reported preferred (earliest filed value kept per fiscal period); companyfacts may include later restated values - treated as caveated, never back-dated",availability_datetime from filing acceptance
GE,0000040545,2026-03-31,2026,Q1,10-Q,2026-04-21,CY2026Q1,us-gaap:NetIncomeLoss,net_income,1904000000,USD,SEC EDGAR (public companyfacts + submissions JSON),2026-04-21T10:36:02.000Z,True,"first-reported preferred (earliest filed value kept per fiscal period); companyfacts may include later restated values - treated as caveated, never back-dated",availability_datetime from filing acceptance
GE,0000040545,2012-06-30,2013,Q2,10-Q,2013-07-26,,us-gaap:OperatingIncomeLoss,operating_income,10929000000,USD,SEC EDGAR (public companyfacts + submissions JSON),2013-07-26,True,"first-reported preferred (earliest filed value kept per fiscal period); companyfacts may include later restated values - treated as caveated, never back-dated",conservative: filed date used as availability_datetime
GE,0000040545,2012-09-30,2012,Q3,10-Q,2012-11-07,,us-gaap:OperatingIncomeLoss,operating_income,16171000000,USD,SEC EDGAR (public companyfacts + submissions JSON),2012-11-07,True,"first-reported preferred (earliest filed value kept per fiscal period); companyfacts may include later restated values - treated as caveated, never back-dated",conservative: filed date used as availability_datetime
GE,0000040545,2012-12-31,2012,FY,10-K,2013-02-26,CY2012,us-gaap:OperatingIncomeLoss,operating_income,22887000000,USD,SEC EDGAR (public companyfacts + submissions JSON),2013-02-26,True,"first-reported preferred (earliest filed value kept per fiscal period); companyfacts may include later restated values - treated as caveated, never back-dated",conservative: filed date used as availability_datetime
GE,0000040545,2013-03-31,2013,Q1,10-Q,2013-05-08,,us-gaap:OperatingIncomeLoss,operating_income,4863000000,USD,SEC EDGAR (public companyfacts + submissions JSON),2013-05-08,True,"first-reported preferred (earliest filed value kept per fiscal period); companyfacts may include later restated values - treated as caveated, never back-dated",conservative: filed date used as availability_datetime
GE,0000040545,2013-06-30,2013,Q2,10-Q,2013-07-26,,us-gaap:OperatingIncomeLoss,operating_income,10624000000,USD,SEC EDGAR (public companyfacts + submissions JSON),2013-07-26,True,"first-reported preferred (earliest filed value kept per fiscal period); companyfacts may include later restated values - treated as caveated, never back-dated",conservative: filed date used as availability_datetime
GE,0000040545,2013-09-30,2013,Q3,10-Q,2013-11-01,,us-gaap:OperatingIncomeLoss,operating_income,16484000000,USD,SEC EDGAR (public companyfacts + submissions JSON),2013-11-01,True,"first-reported preferred (earliest filed value kept per fiscal period); companyfacts may include later restated values - treated as caveated, never back-dated",conservative: filed date used as availability_datetime
GE,0000040545,2014-03-31,2014,Q1,10-Q,2014-05-12,CY2014Q1,us-gaap:OperatingIncomeLoss,operating_income,5212000000,USD,SEC EDGAR (public companyfacts + submissions JSON),2014-05-12,True,"first-reported preferred (earliest filed value kept per fiscal period); companyfacts may include later restated values - treated as caveated, never back-dated",conservative: filed date used as availability_datetime
GE,0000040545,2014-06-30,2014,Q2,10-Q,2014-07-31,,us-gaap:OperatingIncomeLoss,operating_income,11081000000,USD,SEC EDGAR (public companyfacts + submissions JSON),2014-07-31,True,"first-reported preferred (earliest filed value kept per fiscal period); companyfacts may include later restated values - treated as caveated, never back-dated",conservative: filed date used as availability_datetime
GE,0000040545,2024-09-30,2024,FY,10-K,2025-02-03,,us-gaap:EarningsPerShareDiluted,eps_diluted,1.7,USD/shares,SEC EDGAR (public companyfacts + submissions JSON),2025-02-03T11:31:16.000Z,True,"first-reported preferred (earliest filed value kept per fiscal period); companyfacts may include later restated values - treated as caveated, never back-dated",availability_datetime from filing acceptance
GE,0000040545,2024-09-30,2025,Q3,10-Q,2025-10-21,,us-gaap:EarningsPerShareDiluted,eps_diluted,4.24,USD/shares,SEC EDGAR (public companyfacts + submissions JSON),2025-10-21T10:27:09.000Z,True,"first-reported preferred (earliest filed value kept per fiscal period); companyfacts may include later restated values - treated as caveated, never back-dated",availability_datetime from filing acceptance
GE,0000040545,2024-12-31,2024,FY,10-K,2025-02-03,,us-gaap:EarningsPerShareDiluted,eps_diluted,5.99,USD/shares,SEC EDGAR (public companyfacts + submissions JSON),2025-02-03T11:31:16.000Z,True,"first-reported preferred (earliest filed value kept per fiscal period); companyfacts may include later restated values - treated as caveated, never back-dated",availability_datetime from filing acceptance
GE,0000040545,2025-03-31,2025,Q1,10-Q,2025-04-22,,us-gaap:EarningsPerShareDiluted,eps_diluted,1.83,USD/shares,SEC EDGAR (public companyfacts + submissions JSON),2025-04-22T10:26:15.000Z,True,"first-reported preferred (earliest filed value kept per fiscal period); companyfacts may include later restated values - treated as caveated, never back-dated",availability_datetime from filing acceptance
GE,0000040545,2025-06-30,2025,Q2,10-Q,2025-07-21,,us-gaap:EarningsPerShareDiluted,eps_diluted,3.73,USD/shares,SEC EDGAR (public companyfacts + submissions JSON),2025-07-21T16:01:31.000Z,True,"first-reported preferred (earliest filed value kept per fiscal period); companyfacts may include later restated values - treated as caveated, never back-dated",availability_datetime from filing acceptance
GE,0000040545,2025-09-30,2025,Q3,10-Q,2025-10-21,,us-gaap:EarningsPerShareDiluted,eps_diluted,5.75,USD/shares,SEC EDGAR (public companyfacts + submissions JSON),2025-10-21T10:27:09.000Z,True,"first-reported preferred (earliest filed value kept per fiscal period); companyfacts may include later restated values - treated as caveated, never back-dated",availability_datetime from filing acceptance
GE,0000040545,2025-12-31,2025,FY,10-K,2026-01-29,CY2025,us-gaap:EarningsPerShareDiluted,eps_diluted,8.14,USD/shares,SEC EDGAR (public companyfacts + submissions JSON),2026-01-29T11:32:04.000Z,True,"first-reported preferred (earliest filed value kept per fiscal period); companyfacts may include later restated values - treated as caveated, never back-dated",availability_datetime from filing acceptance
GE,0000040545,2026-03-31,2026,Q1,10-Q,2026-04-21,CY2026Q1,us-gaap:EarningsPerShareDiluted,eps_diluted,1.81,USD/shares,SEC EDGAR (public companyfacts + submissions JSON),2026-04-21T10:36:02.000Z,True,"first-reported preferred (earliest filed value kept per fiscal period); companyfacts may include later restated values - treated as caveated, never back-dated",availability_datetime from filing acceptance
GE,0000040545,2024-12-31,2025,Q2,10-Q,2025-07-21,,us-gaap:Assets,total_assets,123140000000,USD,SEC EDGAR (public companyfacts + submissions JSON),2025-07-21T16:01:31.000Z,True,"first-reported preferred (earliest filed value kept per fiscal period); companyfacts may include later restated values - treated as caveated, never back-dated",availability_datetime from filing acceptance
GE,0000040545,2024-12-31,2025,Q3,10-Q,2025-10-21,,us-gaap:Assets,total_assets,123140000000,USD,SEC EDGAR (public companyfacts + submissions JSON),2025-10-21T10:27:09.000Z,True,"first-reported preferred (earliest filed value kept per fiscal period); companyfacts may include later restated values - treated as caveated, never back-dated",availability_datetime from filing acceptance
GE,0000040545,2025-03-31,2025,Q1,10-Q,2025-04-22,CY2025Q1I,us-gaap:Assets,total_assets,124123000000,USD,SEC EDGAR (public companyfacts + submissions JSON),2025-04-22T10:26:15.000Z,True,"first-reported preferred (earliest filed value kept per fiscal period); companyfacts may include later restated values - treated as caveated, never back-dated",availability_datetime from filing acceptance
GE,0000040545,2025-06-30,2025,Q2,10-Q,2025-07-21,CY2025Q2I,us-gaap:Assets,total_assets,125256000000,USD,SEC EDGAR (public companyfacts + submissions JSON),2025-07-21T16:01:31.000Z,True,"first-reported preferred (earliest filed value kept per fiscal period); companyfacts may include later restated values - treated as caveated, never back-dated",availability_datetime from filing acceptance
GE,0000040545,2025-09-30,2025,Q3,10-Q,2025-10-21,CY2025Q3I,us-gaap:Assets,total_assets,128243000000,USD,SEC EDGAR (public companyfacts + submissions JSON),2025-10-21T10:27:09.000Z,True,"first-reported preferred (earliest filed value kept per fiscal period); companyfacts may include later restated values - treated as caveated, never back-dated",availability_datetime from filing acceptance
GE,0000040545,2025-12-31,2025,FY,10-K,2026-01-29,,us-gaap:Assets,total_assets,130169000000,USD,SEC EDGAR (public companyfacts + submissions JSON),2026-01-29T11:32:04.000Z,True,"first-reported preferred (earliest filed value kept per fiscal period); companyfacts may include later restated values - treated as caveated, never back-dated",availability_datetime from filing acceptance
GE,0000040545,2025-12-31,2026,Q1,10-Q,2026-04-21,CY2025Q4I,us-gaap:Assets,total_assets,130169000000,USD,SEC EDGAR (public companyfacts + submissions JSON),2026-04-21T10:36:02.000Z,True,"first-reported preferred (earliest filed value kept per fiscal period); companyfacts may include later restated values - treated as caveated, never back-dated",availability_datetime from filing acceptance
GE,0000040545,2026-03-31,2026,Q1,10-Q,2026-04-21,CY2026Q1I,us-gaap:Assets,total_assets,128445000000,USD,SEC EDGAR (public companyfacts + submissions JSON),2026-04-21T10:36:02.000Z,True,"first-reported preferred (earliest filed value kept per fiscal period); companyfacts may include later restated values - treated as caveated, never back-dated",availability_datetime from filing acceptance
GE,0000040545,2024-12-31,2025,Q2,10-Q,2025-07-21,,us-gaap:Liabilities,total_liabilities,103576000000,USD,SEC EDGAR (public companyfacts + submissions JSON),2025-07-21T16:01:31.000Z,True,"first-reported preferred (earliest filed value kept per fiscal period); companyfacts may include later restated values - treated as caveated, never back-dated",availability_datetime from filing acceptance
GE,0000040545,2024-12-31,2025,Q3,10-Q,2025-10-21,,us-gaap:Liabilities,total_liabilities,103576000000,USD,SEC EDGAR (public companyfacts + submissions JSON),2025-10-21T10:27:09.000Z,True,"first-reported preferred (earliest filed value kept per fiscal period); companyfacts may include later restated values - treated as caveated, never back-dated",availability_datetime from filing acceptance
GE,0000040545,2025-03-31,2025,Q1,10-Q,2025-04-22,CY2025Q1I,us-gaap:Liabilities,total_liabilities,104654000000,USD,SEC EDGAR (public companyfacts + submissions JSON),2025-04-22T10:26:15.000Z,True,"first-reported preferred (earliest filed value kept per fiscal period); companyfacts may include later restated values - treated as caveated, never back-dated",availability_datetime from filing acceptance
GE,0000040545,2025-06-30,2025,Q2,10-Q,2025-07-21,CY2025Q2I,us-gaap:Liabilities,total_liabilities,105911000000,USD,SEC EDGAR (public companyfacts + submissions JSON),2025-07-21T16:01:31.000Z,True,"first-reported preferred (earliest filed value kept per fiscal period); companyfacts may include later restated values - treated as caveated, never back-dated",availability_datetime from filing acceptance
GE,0000040545,2025-09-30,2025,Q3,10-Q,2025-10-21,CY2025Q3I,us-gaap:Liabilities,total_liabilities,109222000000,USD,SEC EDGAR (public companyfacts + submissions JSON),2025-10-21T10:27:09.000Z,True,"first-reported preferred (earliest filed value kept per fiscal period); companyfacts may include later restated values - treated as caveated, never back-dated",availability_datetime from filing acceptance
GE,0000040545,2025-12-31,2025,FY,10-K,2026-01-29,,us-gaap:Liabilities,total_liabilities,111271000000,USD,SEC EDGAR (public companyfacts + submissions JSON),2026-01-29T11:32:04.000Z,True,"first-reported preferred (earliest filed value kept per fiscal period); companyfacts may include later restated values - treated as caveated, never back-dated",availability_datetime from filing acceptance
GE,0000040545,2025-12-31,2026,Q1,10-Q,2026-04-21,CY2025Q4I,us-gaap:Liabilities,total_liabilities,111271000000,USD,SEC EDGAR (public companyfacts + submissions JSON),2026-04-21T10:36:02.000Z,True,"first-reported preferred (earliest filed value kept per fiscal period); companyfacts may include later restated values - treated as caveated, never back-dated",availability_datetime from filing acceptance
GE,0000040545,2026-03-31,2026,Q1,10-Q,2026-04-21,CY2026Q1I,us-gaap:Liabilities,total_liabilities,110148000000,USD,SEC EDGAR (public companyfacts + submissions JSON),2026-04-21T10:36:02.000Z,True,"first-reported preferred (earliest filed value kept per fiscal period); companyfacts may include later restated values - treated as caveated, never back-dated",availability_datetime from filing acceptance
GE,0000040545,2024-12-31,2025,Q2,10-Q,2025-07-21,,us-gaap:StockholdersEquity,shareholder_equity,19342000000,USD,SEC EDGAR (public companyfacts + submissions JSON),2025-07-21T16:01:31.000Z,True,"first-reported preferred (earliest filed value kept per fiscal period); companyfacts may include later restated values - treated as caveated, never back-dated",availability_datetime from filing acceptance
GE,0000040545,2024-12-31,2025,Q3,10-Q,2025-10-21,,us-gaap:StockholdersEquity,shareholder_equity,19342000000,USD,SEC EDGAR (public companyfacts + submissions JSON),2025-10-21T10:27:09.000Z,True,"first-reported preferred (earliest filed value kept per fiscal period); companyfacts may include later restated values - treated as caveated, never back-dated",availability_datetime from filing acceptance
GE,0000040545,2025-03-31,2025,Q1,10-Q,2025-04-22,CY2025Q1I,us-gaap:StockholdersEquity,shareholder_equity,19251000000,USD,SEC EDGAR (public companyfacts + submissions JSON),2025-04-22T10:26:15.000Z,True,"first-reported preferred (earliest filed value kept per fiscal period); companyfacts may include later restated values - treated as caveated, never back-dated",availability_datetime from filing acceptance
GE,0000040545,2025-06-30,2025,Q2,10-Q,2025-07-21,CY2025Q2I,us-gaap:StockholdersEquity,shareholder_equity,19135000000,USD,SEC EDGAR (public companyfacts + submissions JSON),2025-07-21T16:01:31.000Z,True,"first-reported preferred (earliest filed value kept per fiscal period); companyfacts may include later restated values - treated as caveated, never back-dated",availability_datetime from filing acceptance
GE,0000040545,2025-09-30,2025,Q3,10-Q,2025-10-21,CY2025Q3I,us-gaap:StockholdersEquity,shareholder_equity,18812000000,USD,SEC EDGAR (public companyfacts + submissions JSON),2025-10-21T10:27:09.000Z,True,"first-reported preferred (earliest filed value kept per fiscal period); companyfacts may include later restated values - treated as caveated, never back-dated",availability_datetime from filing acceptance
GE,0000040545,2025-12-31,2025,FY,10-K,2026-01-29,,us-gaap:StockholdersEquity,shareholder_equity,18677000000,USD,SEC EDGAR (public companyfacts + submissions JSON),2026-01-29T11:32:04.000Z,True,"first-reported preferred (earliest filed value kept per fiscal period); companyfacts may include later restated values - treated as caveated, never back-dated",availability_datetime from filing acceptance
GE,0000040545,2025-12-31,2026,Q1,10-Q,2026-04-21,CY2025Q4I,us-gaap:StockholdersEquity,shareholder_equity,18677000000,USD,SEC EDGAR (public companyfacts + submissions JSON),2026-04-21T10:36:02.000Z,True,"first-reported preferred (earliest filed value kept per fiscal period); companyfacts may include later restated values - treated as caveated, never back-dated",availability_datetime from filing acceptance
GE,0000040545,2026-03-31,2026,Q1,10-Q,2026-04-21,CY2026Q1I,us-gaap:StockholdersEquity,shareholder_equity,18057000000,USD,SEC EDGAR (public companyfacts + submissions JSON),2026-04-21T10:36:02.000Z,True,"first-reported preferred (earliest filed value kept per fiscal period); companyfacts may include later restated values - treated as caveated, never back-dated",availability_datetime from filing acceptance
GE,0000040545,2024-06-30,2024,Q2,10-Q,2024-07-23,,us-gaap:NetCashProvidedByUsedInOperatingActivities,operating_cash_flow,1905000000,USD,SEC EDGAR (public companyfacts + submissions JSON),2024-07-23T10:28:10.000Z,True,"first-reported preferred (earliest filed value kept per fiscal period); companyfacts may include later restated values - treated as caveated, never back-dated",availability_datetime from filing acceptance
GE,0000040545,2024-09-30,2024,Q3,10-Q,2024-10-22,,us-gaap:NetCashProvidedByUsedInOperatingActivities,operating_cash_flow,3413000000,USD,SEC EDGAR (public companyfacts + submissions JSON),2024-10-22T10:37:12.000Z,True,"first-reported preferred (earliest filed value kept per fiscal period); companyfacts may include later restated values - treated as caveated, never back-dated",availability_datetime from filing acceptance
GE,0000040545,2024-12-31,2024,FY,10-K,2025-02-03,,us-gaap:NetCashProvidedByUsedInOperatingActivities,operating_cash_flow,4710000000,USD,SEC EDGAR (public companyfacts + submissions JSON),2025-02-03T11:31:16.000Z,True,"first-reported preferred (earliest filed value kept per fiscal period); companyfacts may include later restated values - treated as caveated, never back-dated",availability_datetime from filing acceptance
GE,0000040545,2025-03-31,2025,Q1,10-Q,2025-04-22,,us-gaap:NetCashProvidedByUsedInOperatingActivities,operating_cash_flow,1509000000,USD,SEC EDGAR (public companyfacts + submissions JSON),2025-04-22T10:26:15.000Z,True,"first-reported preferred (earliest filed value kept per fiscal period); companyfacts may include later restated values - treated as caveated, never back-dated",availability_datetime from filing acceptance
GE,0000040545,2025-06-30,2025,Q2,10-Q,2025-07-21,,us-gaap:NetCashProvidedByUsedInOperatingActivities,operating_cash_flow,3755000000,USD,SEC EDGAR (public companyfacts + submissions JSON),2025-07-21T16:01:31.000Z,True,"first-reported preferred (earliest filed value kept per fiscal period); companyfacts may include later restated values - treated as caveated, never back-dated",availability_datetime from filing acceptance
GE,0000040545,2025-09-30,2025,Q3,10-Q,2025-10-21,,us-gaap:NetCashProvidedByUsedInOperatingActivities,operating_cash_flow,6256000000,USD,SEC EDGAR (public companyfacts + submissions JSON),2025-10-21T10:27:09.000Z,True,"first-reported preferred (earliest filed value kept per fiscal period); companyfacts may include later restated values - treated as caveated, never back-dated",availability_datetime from filing acceptance
GE,0000040545,2025-12-31,2025,FY,10-K,2026-01-29,CY2025,us-gaap:NetCashProvidedByUsedInOperatingActivities,operating_cash_flow,8537000000,USD,SEC EDGAR (public companyfacts + submissions JSON),2026-01-29T11:32:04.000Z,True,"first-reported preferred (earliest filed value kept per fiscal period); companyfacts may include later restated values - treated as caveated, never back-dated",availability_datetime from filing acceptance
GE,0000040545,2026-03-31,2026,Q1,10-Q,2026-04-21,CY2026Q1,us-gaap:NetCashProvidedByUsedInOperatingActivities,operating_cash_flow,1823000000,USD,SEC EDGAR (public companyfacts + submissions JSON),2026-04-21T10:36:02.000Z,True,"first-reported preferred (earliest filed value kept per fiscal period); companyfacts may include later restated values - treated as caveated, never back-dated",availability_datetime from filing acceptance
GE,0000040545,2021-06-30,2021,Q2,10-Q,2021-07-27,,us-gaap:PaymentsToAcquirePropertyPlantAndEquipment,capital_expenditures,599000000,USD,SEC EDGAR (public companyfacts + submissions JSON),2021-07-27T10:29:30.000Z,True,"first-reported preferred (earliest filed value kept per fiscal period); companyfacts may include later restated values - treated as caveated, never back-dated",availability_datetime from filing acceptance
GE,0000040545,2021-09-30,2021,Q3,10-Q,2021-10-26,,us-gaap:PaymentsToAcquirePropertyPlantAndEquipment,capital_expenditures,895000000,USD,SEC EDGAR (public companyfacts + submissions JSON),2021-10-26T10:23:28.000Z,True,"first-reported preferred (earliest filed value kept per fiscal period); companyfacts may include later restated values - treated as caveated, never back-dated",availability_datetime from filing acceptance
GE,0000040545,2021-12-31,2021,FY,10-K,2022-02-11,,us-gaap:PaymentsToAcquirePropertyPlantAndEquipment,capital_expenditures,1250000000,USD,SEC EDGAR (public companyfacts + submissions JSON),2022-02-11T13:33:15.000Z,True,"first-reported preferred (earliest filed value kept per fiscal period); companyfacts may include later restated values - treated as caveated, never back-dated",availability_datetime from filing acceptance
GE,0000040545,2022-03-31,2022,Q1,10-Q,2022-04-26,,us-gaap:PaymentsToAcquirePropertyPlantAndEquipment,capital_expenditures,340000000,USD,SEC EDGAR (public companyfacts + submissions JSON),2022-04-26T10:26:07.000Z,True,"first-reported preferred (earliest filed value kept per fiscal period); companyfacts may include later restated values - treated as caveated, never back-dated",availability_datetime from filing acceptance
GE,0000040545,2022-06-30,2022,Q2,10-Q,2022-07-26,,us-gaap:PaymentsToAcquirePropertyPlantAndEquipment,capital_expenditures,660000000,USD,SEC EDGAR (public companyfacts + submissions JSON),2022-07-26T10:29:59.000Z,True,"first-reported preferred (earliest filed value kept per fiscal period); companyfacts may include later restated values - treated as caveated, never back-dated",availability_datetime from filing acceptance
GE,0000040545,2022-09-30,2022,Q3,10-Q,2022-10-25,,us-gaap:PaymentsToAcquirePropertyPlantAndEquipment,capital_expenditures,957000000,USD,SEC EDGAR (public companyfacts + submissions JSON),2022-10-25T10:28:48.000Z,True,"first-reported preferred (earliest filed value kept per fiscal period); companyfacts may include later restated values - treated as caveated, never back-dated",availability_datetime from filing acceptance
GE,0000040545,2022-12-31,2022,FY,10-K,2023-02-10,,us-gaap:PaymentsToAcquirePropertyPlantAndEquipment,capital_expenditures,1371000000,USD,SEC EDGAR (public companyfacts + submissions JSON),2023-02-10T13:32:52.000Z,True,"first-reported preferred (earliest filed value kept per fiscal period); companyfacts may include later restated values - treated as caveated, never back-dated",availability_datetime from filing acceptance
GE,0000040545,2023-03-31,2023,Q1,10-Q,2023-04-25,CY2023Q1,us-gaap:PaymentsToAcquirePropertyPlantAndEquipment,capital_expenditures,279000000,USD,SEC EDGAR (public companyfacts + submissions JSON),2023-04-25T10:31:39.000Z,True,"first-reported preferred (earliest filed value kept per fiscal period); companyfacts may include later restated values - treated as caveated, never back-dated",availability_datetime from filing acceptance
NEE,0000753308,2012-06-30,2012,FY,10-K,2013-02-28,CY2012Q2,us-gaap:Revenues,revenue,3667000000,USD,SEC EDGAR (public companyfacts + submissions JSON),2013-02-28,True,"first-reported preferred (earliest filed value kept per fiscal period); companyfacts may include later restated values - treated as caveated, never back-dated",conservative: filed date used as availability_datetime
NEE,0000753308,2012-06-30,2013,Q2,10-Q,2013-07-31,,us-gaap:Revenues,revenue,7038000000,USD,SEC EDGAR (public companyfacts + submissions JSON),2013-07-31,True,"first-reported preferred (earliest filed value kept per fiscal period); companyfacts may include later restated values - treated as caveated, never back-dated",conservative: filed date used as availability_datetime
NEE,0000753308,2012-09-30,2012,Q3,10-Q,2012-10-26,,us-gaap:Revenues,revenue,10881000000,USD,SEC EDGAR (public companyfacts + submissions JSON),2012-10-26,True,"first-reported preferred (earliest filed value kept per fiscal period); companyfacts may include later restated values - treated as caveated, never back-dated",conservative: filed date used as availability_datetime
NEE,0000753308,2012-09-30,2012,FY,10-K,2013-02-28,,us-gaap:Revenues,revenue,3843000000,USD,SEC EDGAR (public companyfacts + submissions JSON),2013-02-28,True,"first-reported preferred (earliest filed value kept per fiscal period); companyfacts may include later restated values - treated as caveated, never back-dated",conservative: filed date used as availability_datetime
NEE,0000753308,2012-12-31,2012,FY,10-K,2013-02-28,CY2012,us-gaap:Revenues,revenue,14256000000,USD,SEC EDGAR (public companyfacts + submissions JSON),2013-02-28,True,"first-reported preferred (earliest filed value kept per fiscal period); companyfacts may include later restated values - treated as caveated, never back-dated",conservative: filed date used as availability_datetime
NEE,0000753308,2013-03-31,2013,Q1,10-Q,2013-05-02,CY2013Q1,us-gaap:Revenues,revenue,3279000000,USD,SEC EDGAR (public companyfacts + submissions JSON),2013-05-02,True,"first-reported preferred (earliest filed value kept per fiscal period); companyfacts may include later restated values - treated as caveated, never back-dated",conservative: filed date used as availability_datetime
NEE,0000753308,2013-06-30,2013,Q2,10-Q,2013-07-31,,us-gaap:Revenues,revenue,7112000000,USD,SEC EDGAR (public companyfacts + submissions JSON),2013-07-31,True,"first-reported preferred (earliest filed value kept per fiscal period); companyfacts may include later restated values - treated as caveated, never back-dated",conservative: filed date used as availability_datetime
NEE,0000753308,2013-09-30,2013,Q3,10-Q,2013-11-01,,us-gaap:Revenues,revenue,11506000000,USD,SEC EDGAR (public companyfacts + submissions JSON),2013-11-01,True,"first-reported preferred (earliest filed value kept per fiscal period); companyfacts may include later restated values - treated as caveated, never back-dated",conservative: filed date used as availability_datetime
NEE,0000753308,2024-06-30,2024,Q2,10-Q,2024-07-24,,us-gaap:NetIncomeLoss,net_income,3890000000,USD,SEC EDGAR (public companyfacts + submissions JSON),2024-07-24T16:41:04.000Z,True,"first-reported preferred (earliest filed value kept per fiscal period); companyfacts may include later restated values - treated as caveated, never back-dated",availability_datetime from filing acceptance
NEE,0000753308,2024-09-30,2024,Q3,10-Q,2024-10-23,,us-gaap:NetIncomeLoss,net_income,5743000000,USD,SEC EDGAR (public companyfacts + submissions JSON),2024-10-23T21:24:14.000Z,True,"first-reported preferred (earliest filed value kept per fiscal period); companyfacts may include later restated values - treated as caveated, never back-dated",availability_datetime from filing acceptance
NEE,0000753308,2024-12-31,2024,FY,10-K,2025-02-14,,us-gaap:NetIncomeLoss,net_income,6946000000,USD,SEC EDGAR (public companyfacts + submissions JSON),2025-02-14T19:23:43.000Z,True,"first-reported preferred (earliest filed value kept per fiscal period); companyfacts may include later restated values - treated as caveated, never back-dated",availability_datetime from filing acceptance
NEE,0000753308,2025-03-31,2025,Q1,10-Q,2025-04-23,,us-gaap:NetIncomeLoss,net_income,833000000,USD,SEC EDGAR (public companyfacts + submissions JSON),2025-04-23T16:56:35.000Z,True,"first-reported preferred (earliest filed value kept per fiscal period); companyfacts may include later restated values - treated as caveated, never back-dated",availability_datetime from filing acceptance
NEE,0000753308,2025-06-30,2025,Q2,10-Q,2025-07-23,,us-gaap:NetIncomeLoss,net_income,2862000000,USD,SEC EDGAR (public companyfacts + submissions JSON),2025-07-23T11:41:31.000Z,True,"first-reported preferred (earliest filed value kept per fiscal period); companyfacts may include later restated values - treated as caveated, never back-dated",availability_datetime from filing acceptance
NEE,0000753308,2025-09-30,2025,Q3,10-Q,2025-10-28,,us-gaap:NetIncomeLoss,net_income,5300000000,USD,SEC EDGAR (public companyfacts + submissions JSON),2025-10-28T11:52:30.000Z,True,"first-reported preferred (earliest filed value kept per fiscal period); companyfacts may include later restated values - treated as caveated, never back-dated",availability_datetime from filing acceptance
NEE,0000753308,2025-12-31,2025,FY,10-K,2026-02-13,CY2025,us-gaap:NetIncomeLoss,net_income,6835000000,USD,SEC EDGAR (public companyfacts + submissions JSON),2026-02-13T21:19:14.000Z,True,"first-reported preferred (earliest filed value kept per fiscal period); companyfacts may include later restated values - treated as caveated, never back-dated",availability_datetime from filing acceptance
NEE,0000753308,2026-03-31,2026,Q1,10-Q,2026-04-23,CY2026Q1,us-gaap:NetIncomeLoss,net_income,2182000000,USD,SEC EDGAR (public companyfacts + submissions JSON),2026-04-23T20:52:23.000Z,True,"first-reported preferred (earliest filed value kept per fiscal period); companyfacts may include later restated values - treated as caveated, never back-dated",availability_datetime from filing acceptance
NEE,0000753308,2024-06-30,2024,Q2,10-Q,2024-07-24,,us-gaap:OperatingIncomeLoss,operating_income,3682000000,USD,SEC EDGAR (public companyfacts + submissions JSON),2024-07-24T16:41:04.000Z,True,"first-reported preferred (earliest filed value kept per fiscal period); companyfacts may include later restated values - treated as caveated, never back-dated",availability_datetime from filing acceptance
NEE,0000753308,2024-09-30,2024,Q3,10-Q,2024-10-23,,us-gaap:OperatingIncomeLoss,operating_income,6538000000,USD,SEC EDGAR (public companyfacts + submissions JSON),2024-10-23T21:24:14.000Z,True,"first-reported preferred (earliest filed value kept per fiscal period); companyfacts may include later restated values - treated as caveated, never back-dated",availability_datetime from filing acceptance
NEE,0000753308,2024-12-31,2024,FY,10-K,2025-02-14,,us-gaap:OperatingIncomeLoss,operating_income,7479000000,USD,SEC EDGAR (public companyfacts + submissions JSON),2025-02-14T19:23:43.000Z,True,"first-reported preferred (earliest filed value kept per fiscal period); companyfacts may include later restated values - treated as caveated, never back-dated",availability_datetime from filing acceptance
NEE,0000753308,2025-03-31,2025,Q1,10-Q,2025-04-23,,us-gaap:OperatingIncomeLoss,operating_income,2256000000,USD,SEC EDGAR (public companyfacts + submissions JSON),2025-04-23T16:56:35.000Z,True,"first-reported preferred (earliest filed value kept per fiscal period); companyfacts may include later restated values - treated as caveated, never back-dated",availability_datetime from filing acceptance
NEE,0000753308,2025-06-30,2025,Q2,10-Q,2025-07-23,,us-gaap:OperatingIncomeLoss,operating_income,4167000000,USD,SEC EDGAR (public companyfacts + submissions JSON),2025-07-23T11:41:31.000Z,True,"first-reported preferred (earliest filed value kept per fiscal period); companyfacts may include later restated values - treated as caveated, never back-dated",availability_datetime from filing acceptance
NEE,0000753308,2025-09-30,2025,Q3,10-Q,2025-10-28,,us-gaap:OperatingIncomeLoss,operating_income,6694000000,USD,SEC EDGAR (public companyfacts + submissions JSON),2025-10-28T11:52:30.000Z,True,"first-reported preferred (earliest filed value kept per fiscal period); companyfacts may include later restated values - treated as caveated, never back-dated",availability_datetime from filing acceptance
NEE,0000753308,2025-12-31,2025,FY,10-K,2026-02-13,CY2025,us-gaap:OperatingIncomeLoss,operating_income,8280000000,USD,SEC EDGAR (public companyfacts + submissions JSON),2026-02-13T21:19:14.000Z,True,"first-reported preferred (earliest filed value kept per fiscal period); companyfacts may include later restated values - treated as caveated, never back-dated",availability_datetime from filing acceptance
NEE,0000753308,2026-03-31,2026,Q1,10-Q,2026-04-23,CY2026Q1,us-gaap:OperatingIncomeLoss,operating_income,2208000000,USD,SEC EDGAR (public companyfacts + submissions JSON),2026-04-23T20:52:23.000Z,True,"first-reported preferred (earliest filed value kept per fiscal period); companyfacts may include later restated values - treated as caveated, never back-dated",availability_datetime from filing acceptance
NEE,0000753308,2024-06-30,2024,Q2,10-Q,2024-07-24,,us-gaap:EarningsPerShareDiluted,eps_diluted,1.89,USD/shares,SEC EDGAR (public companyfacts + submissions JSON),2024-07-24T16:41:04.000Z,True,"first-reported preferred (earliest filed value kept per fiscal period); companyfacts may include later restated values - treated as caveated, never back-dated",availability_datetime from filing acceptance
NEE,0000753308,2024-09-30,2024,Q3,10-Q,2024-10-23,,us-gaap:EarningsPerShareDiluted,eps_diluted,2.79,USD/shares,SEC EDGAR (public companyfacts + submissions JSON),2024-10-23T21:24:14.000Z,True,"first-reported preferred (earliest filed value kept per fiscal period); companyfacts may include later restated values - treated as caveated, never back-dated",availability_datetime from filing acceptance
NEE,0000753308,2024-12-31,2024,FY,10-K,2025-02-14,,us-gaap:EarningsPerShareDiluted,eps_diluted,3.37,USD/shares,SEC EDGAR (public companyfacts + submissions JSON),2025-02-14T19:23:43.000Z,True,"first-reported preferred (earliest filed value kept per fiscal period); companyfacts may include later restated values - treated as caveated, never back-dated",availability_datetime from filing acceptance
NEE,0000753308,2025-03-31,2025,Q1,10-Q,2025-04-23,,us-gaap:EarningsPerShareDiluted,eps_diluted,0.4,USD/shares,SEC EDGAR (public companyfacts + submissions JSON),2025-04-23T16:56:35.000Z,True,"first-reported preferred (earliest filed value kept per fiscal period); companyfacts may include later restated values - treated as caveated, never back-dated",availability_datetime from filing acceptance
NEE,0000753308,2025-06-30,2025,Q2,10-Q,2025-07-23,,us-gaap:EarningsPerShareDiluted,eps_diluted,1.39,USD/shares,SEC EDGAR (public companyfacts + submissions JSON),2025-07-23T11:41:31.000Z,True,"first-reported preferred (earliest filed value kept per fiscal period); companyfacts may include later restated values - treated as caveated, never back-dated",availability_datetime from filing acceptance
NEE,0000753308,2025-09-30,2025,Q3,10-Q,2025-10-28,,us-gaap:EarningsPerShareDiluted,eps_diluted,2.57,USD/shares,SEC EDGAR (public companyfacts + submissions JSON),2025-10-28T11:52:30.000Z,True,"first-reported preferred (earliest filed value kept per fiscal period); companyfacts may include later restated values - treated as caveated, never back-dated",availability_datetime from filing acceptance
NEE,0000753308,2025-12-31,2025,FY,10-K,2026-02-13,CY2025,us-gaap:EarningsPerShareDiluted,eps_diluted,3.3,USD/shares,SEC EDGAR (public companyfacts + submissions JSON),2026-02-13T21:19:14.000Z,True,"first-reported preferred (earliest filed value kept per fiscal period); companyfacts may include later restated values - treated as caveated, never back-dated",availability_datetime from filing acceptance
NEE,0000753308,2026-03-31,2026,Q1,10-Q,2026-04-23,CY2026Q1,us-gaap:EarningsPerShareDiluted,eps_diluted,1.04,USD/shares,SEC EDGAR (public companyfacts + submissions JSON),2026-04-23T20:52:23.000Z,True,"first-reported preferred (earliest filed value kept per fiscal period); companyfacts may include later restated values - treated as caveated, never back-dated",availability_datetime from filing acceptance
NEE,0000753308,2024-12-31,2025,Q2,10-Q,2025-07-23,,us-gaap:Assets,total_assets,190144000000,USD,SEC EDGAR (public companyfacts + submissions JSON),2025-07-23T11:41:31.000Z,True,"first-reported preferred (earliest filed value kept per fiscal period); companyfacts may include later restated values - treated as caveated, never back-dated",availability_datetime from filing acceptance
NEE,0000753308,2024-12-31,2025,Q3,10-Q,2025-10-28,,us-gaap:Assets,total_assets,190144000000,USD,SEC EDGAR (public companyfacts + submissions JSON),2025-10-28T11:52:30.000Z,True,"first-reported preferred (earliest filed value kept per fiscal period); companyfacts may include later restated values - treated as caveated, never back-dated",availability_datetime from filing acceptance
NEE,0000753308,2025-03-31,2025,Q1,10-Q,2025-04-23,CY2025Q1I,us-gaap:Assets,total_assets,194264000000,USD,SEC EDGAR (public companyfacts + submissions JSON),2025-04-23T16:56:35.000Z,True,"first-reported preferred (earliest filed value kept per fiscal period); companyfacts may include later restated values - treated as caveated, never back-dated",availability_datetime from filing acceptance
NEE,0000753308,2025-06-30,2025,Q2,10-Q,2025-07-23,CY2025Q2I,us-gaap:Assets,total_assets,198830000000,USD,SEC EDGAR (public companyfacts + submissions JSON),2025-07-23T11:41:31.000Z,True,"first-reported preferred (earliest filed value kept per fiscal period); companyfacts may include later restated values - treated as caveated, never back-dated",availability_datetime from filing acceptance
NEE,0000753308,2025-09-30,2025,Q3,10-Q,2025-10-28,CY2025Q3I,us-gaap:Assets,total_assets,204354000000,USD,SEC EDGAR (public companyfacts + submissions JSON),2025-10-28T11:52:30.000Z,True,"first-reported preferred (earliest filed value kept per fiscal period); companyfacts may include later restated values - treated as caveated, never back-dated",availability_datetime from filing acceptance
NEE,0000753308,2025-12-31,2025,FY,10-K,2026-02-13,,us-gaap:Assets,total_assets,212721000000,USD,SEC EDGAR (public companyfacts + submissions JSON),2026-02-13T21:19:14.000Z,True,"first-reported preferred (earliest filed value kept per fiscal period); companyfacts may include later restated values - treated as caveated, never back-dated",availability_datetime from filing acceptance
NEE,0000753308,2025-12-31,2026,Q1,10-Q,2026-04-23,CY2025Q4I,us-gaap:Assets,total_assets,212721000000,USD,SEC EDGAR (public companyfacts + submissions JSON),2026-04-23T20:52:23.000Z,True,"first-reported preferred (earliest filed value kept per fiscal period); companyfacts may include later restated values - treated as caveated, never back-dated",availability_datetime from filing acceptance
NEE,0000753308,2026-03-31,2026,Q1,10-Q,2026-04-23,CY2026Q1I,us-gaap:Assets,total_assets,221424000000,USD,SEC EDGAR (public companyfacts + submissions JSON),2026-04-23T20:52:23.000Z,True,"first-reported preferred (earliest filed value kept per fiscal period); companyfacts may include later restated values - treated as caveated, never back-dated",availability_datetime from filing acceptance
NEE,0000753308,2024-12-31,2025,Q2,10-Q,2025-07-23,,us-gaap:Liabilities,total_liabilities,129283000000,USD,SEC EDGAR (public companyfacts + submissions JSON),2025-07-23T11:41:31.000Z,True,"first-reported preferred (earliest filed value kept per fiscal period); companyfacts may include later restated values - treated as caveated, never back-dated",availability_datetime from filing acceptance
NEE,0000753308,2024-12-31,2025,Q3,10-Q,2025-10-28,,us-gaap:Liabilities,total_liabilities,129283000000,USD,SEC EDGAR (public companyfacts + submissions JSON),2025-10-28T11:52:30.000Z,True,"first-reported preferred (earliest filed value kept per fiscal period); companyfacts may include later restated values - treated as caveated, never back-dated",availability_datetime from filing acceptance
NEE,0000753308,2025-03-31,2025,Q1,10-Q,2025-04-23,CY2025Q1I,us-gaap:Liabilities,total_liabilities,133898000000,USD,SEC EDGAR (public companyfacts + submissions JSON),2025-04-23T16:56:35.000Z,True,"first-reported preferred (earliest filed value kept per fiscal period); companyfacts may include later restated values - treated as caveated, never back-dated",availability_datetime from filing acceptance
NEE,0000753308,2025-06-30,2025,Q2,10-Q,2025-07-23,CY2025Q2I,us-gaap:Liabilities,total_liabilities,137898000000,USD,SEC EDGAR (public companyfacts + submissions JSON),2025-07-23T11:41:31.000Z,True,"first-reported preferred (earliest filed value kept per fiscal period); companyfacts may include later restated values - treated as caveated, never back-dated",availability_datetime from filing acceptance
NEE,0000753308,2025-09-30,2025,Q3,10-Q,2025-10-28,CY2025Q3I,us-gaap:Liabilities,total_liabilities,139758000000,USD,SEC EDGAR (public companyfacts + submissions JSON),2025-10-28T11:52:30.000Z,True,"first-reported preferred (earliest filed value kept per fiscal period); companyfacts may include later restated values - treated as caveated, never back-dated",availability_datetime from filing acceptance
NEE,0000753308,2025-12-31,2025,FY,10-K,2026-02-13,,us-gaap:Liabilities,total_liabilities,146242000000,USD,SEC EDGAR (public companyfacts + submissions JSON),2026-02-13T21:19:14.000Z,True,"first-reported preferred (earliest filed value kept per fiscal period); companyfacts may include later restated values - treated as caveated, never back-dated",availability_datetime from filing acceptance
NEE,0000753308,2025-12-31,2026,Q1,10-Q,2026-04-23,CY2025Q4I,us-gaap:Liabilities,total_liabilities,146242000000,USD,SEC EDGAR (public companyfacts + submissions JSON),2026-04-23T20:52:23.000Z,True,"first-reported preferred (earliest filed value kept per fiscal period); companyfacts may include later restated values - treated as caveated, never back-dated",availability_datetime from filing acceptance
NEE,0000753308,2026-03-31,2026,Q1,10-Q,2026-04-23,CY2026Q1I,us-gaap:Liabilities,total_liabilities,154792000000,USD,SEC EDGAR (public companyfacts + submissions JSON),2026-04-23T20:52:23.000Z,True,"first-reported preferred (earliest filed value kept per fiscal period); companyfacts may include later restated values - treated as caveated, never back-dated",availability_datetime from filing acceptance
NEE,0000753308,2024-12-31,2025,Q2,10-Q,2025-07-23,,us-gaap:StockholdersEquity,shareholder_equity,50101000000,USD,SEC EDGAR (public companyfacts + submissions JSON),2025-07-23T11:41:31.000Z,True,"first-reported preferred (earliest filed value kept per fiscal period); companyfacts may include later restated values - treated as caveated, never back-dated",availability_datetime from filing acceptance
NEE,0000753308,2024-12-31,2025,Q3,10-Q,2025-10-28,,us-gaap:StockholdersEquity,shareholder_equity,50101000000,USD,SEC EDGAR (public companyfacts + submissions JSON),2025-10-28T11:52:30.000Z,True,"first-reported preferred (earliest filed value kept per fiscal period); companyfacts may include later restated values - treated as caveated, never back-dated",availability_datetime from filing acceptance
NEE,0000753308,2025-03-31,2025,Q1,10-Q,2025-04-23,CY2025Q1I,us-gaap:StockholdersEquity,shareholder_equity,49812000000,USD,SEC EDGAR (public companyfacts + submissions JSON),2025-04-23T16:56:35.000Z,True,"first-reported preferred (earliest filed value kept per fiscal period); companyfacts may include later restated values - treated as caveated, never back-dated",availability_datetime from filing acceptance
NEE,0000753308,2025-06-30,2025,Q2,10-Q,2025-07-23,CY2025Q2I,us-gaap:StockholdersEquity,shareholder_equity,50797000000,USD,SEC EDGAR (public companyfacts + submissions JSON),2025-07-23T11:41:31.000Z,True,"first-reported preferred (earliest filed value kept per fiscal period); companyfacts may include later restated values - treated as caveated, never back-dated",availability_datetime from filing acceptance
NEE,0000753308,2025-09-30,2025,Q3,10-Q,2025-10-28,CY2025Q3I,us-gaap:StockholdersEquity,shareholder_equity,54181000000,USD,SEC EDGAR (public companyfacts + submissions JSON),2025-10-28T11:52:30.000Z,True,"first-reported preferred (earliest filed value kept per fiscal period); companyfacts may include later restated values - treated as caveated, never back-dated",availability_datetime from filing acceptance
NEE,0000753308,2025-12-31,2025,FY,10-K,2026-02-13,,us-gaap:StockholdersEquity,shareholder_equity,54608000000,USD,SEC EDGAR (public companyfacts + submissions JSON),2026-02-13T21:19:14.000Z,True,"first-reported preferred (earliest filed value kept per fiscal period); companyfacts may include later restated values - treated as caveated, never back-dated",availability_datetime from filing acceptance
NEE,0000753308,2025-12-31,2026,Q1,10-Q,2026-04-23,CY2025Q4I,us-gaap:StockholdersEquity,shareholder_equity,54608000000,USD,SEC EDGAR (public companyfacts + submissions JSON),2026-04-23T20:52:23.000Z,True,"first-reported preferred (earliest filed value kept per fiscal period); companyfacts may include later restated values - treated as caveated, never back-dated",availability_datetime from filing acceptance
NEE,0000753308,2026-03-31,2026,Q1,10-Q,2026-04-23,CY2026Q1I,us-gaap:StockholdersEquity,shareholder_equity,55222000000,USD,SEC EDGAR (public companyfacts + submissions JSON),2026-04-23T20:52:23.000Z,True,"first-reported preferred (earliest filed value kept per fiscal period); companyfacts may include later restated values - treated as caveated, never back-dated",availability_datetime from filing acceptance
NEE,0000753308,2024-06-30,2024,Q2,10-Q,2024-07-24,,us-gaap:NetCashProvidedByUsedInOperatingActivities,operating_cash_flow,7010000000,USD,SEC EDGAR (public companyfacts + submissions JSON),2024-07-24T16:41:04.000Z,True,"first-reported preferred (earliest filed value kept per fiscal period); companyfacts may include later restated values - treated as caveated, never back-dated",availability_datetime from filing acceptance
NEE,0000753308,2024-09-30,2024,Q3,10-Q,2024-10-23,,us-gaap:NetCashProvidedByUsedInOperatingActivities,operating_cash_flow,11279000000,USD,SEC EDGAR (public companyfacts + submissions JSON),2024-10-23T21:24:14.000Z,True,"first-reported preferred (earliest filed value kept per fiscal period); companyfacts may include later restated values - treated as caveated, never back-dated",availability_datetime from filing acceptance
NEE,0000753308,2024-12-31,2024,FY,10-K,2025-02-14,,us-gaap:NetCashProvidedByUsedInOperatingActivities,operating_cash_flow,13260000000,USD,SEC EDGAR (public companyfacts + submissions JSON),2025-02-14T19:23:43.000Z,True,"first-reported preferred (earliest filed value kept per fiscal period); companyfacts may include later restated values - treated as caveated, never back-dated",availability_datetime from filing acceptance
NEE,0000753308,2025-03-31,2025,Q1,10-Q,2025-04-23,,us-gaap:NetCashProvidedByUsedInOperatingActivities,operating_cash_flow,2769000000,USD,SEC EDGAR (public companyfacts + submissions JSON),2025-04-23T16:56:35.000Z,True,"first-reported preferred (earliest filed value kept per fiscal period); companyfacts may include later restated values - treated as caveated, never back-dated",availability_datetime from filing acceptance
NEE,0000753308,2025-06-30,2025,Q2,10-Q,2025-07-23,,us-gaap:NetCashProvidedByUsedInOperatingActivities,operating_cash_flow,5958000000,USD,SEC EDGAR (public companyfacts + submissions JSON),2025-07-23T11:41:31.000Z,True,"first-reported preferred (earliest filed value kept per fiscal period); companyfacts may include later restated values - treated as caveated, never back-dated",availability_datetime from filing acceptance
NEE,0000753308,2025-09-30,2025,Q3,10-Q,2025-10-28,,us-gaap:NetCashProvidedByUsedInOperatingActivities,operating_cash_flow,9986000000,USD,SEC EDGAR (public companyfacts + submissions JSON),2025-10-28T11:52:30.000Z,True,"first-reported preferred (earliest filed value kept per fiscal period); companyfacts may include later restated values - treated as caveated, never back-dated",availability_datetime from filing acceptance
NEE,0000753308,2025-12-31,2025,FY,10-K,2026-02-13,CY2025,us-gaap:NetCashProvidedByUsedInOperatingActivities,operating_cash_flow,12485000000,USD,SEC EDGAR (public companyfacts + submissions JSON),2026-02-13T21:19:14.000Z,True,"first-reported preferred (earliest filed value kept per fiscal period); companyfacts may include later restated values - treated as caveated, never back-dated",availability_datetime from filing acceptance
NEE,0000753308,2026-03-31,2026,Q1,10-Q,2026-04-23,CY2026Q1,us-gaap:NetCashProvidedByUsedInOperatingActivities,operating_cash_flow,2614000000,USD,SEC EDGAR (public companyfacts + submissions JSON),2026-04-23T20:52:23.000Z,True,"first-reported preferred (earliest filed value kept per fiscal period); companyfacts may include later restated values - treated as caveated, never back-dated",availability_datetime from filing acceptance
