function,target,available,ok,n_rows,detail
status,-,True,True,,status=True
databases,-,True,True,8,
watchlist_symbols,S&P 500 Current & Past,True,True,1894,
watchlist_symbols,S&P 500,True,True,503,
price_timeseries,A,True,True,6687,pandas
index_constituent_timeseries,A@S&P 500,True,True,6687,
last_quoted_date,A,True,True,,
first_quoted_date,A,True,True,,
classification_at_level,A,True,True,,GICS L1
security_name,A,True,True,,
price_timeseries,A-197701,True,True,0,empty
price_timeseries,AABA-201910,True,True,5909,pandas
index_constituent_timeseries,AABA-201910@S&P 500,True,True,5909,
last_quoted_date,AABA-201910,True,True,,
first_quoted_date,AABA-201910,True,True,,
classification_at_level,AABA-201910,True,True,,GICS L1
security_name,AABA-201910,True,True,,
price_timeseries,AAF-197809,True,True,0,empty
price_timeseries,AAL,True,True,3152,pandas
index_constituent_timeseries,AAL@S&P 500,True,True,3152,
last_quoted_date,AAL,True,True,,
first_quoted_date,AAL,True,True,,
classification_at_level,AAL,True,True,,GICS L1
security_name,AAL,True,True,,
price_timeseries,AAL-199702,True,True,1806,pandas
index_constituent_timeseries,AAL-199702@S&P 500,True,True,1806,
last_quoted_date,AAL-199702,True,True,,
first_quoted_date,AAL-199702,True,True,,
classification_at_level,AAL-199702,True,True,,GICS L1
security_name,AAL-199702,True,True,,
price_timeseries,AAMRQ-201312,True,True,6032,pandas
index_constituent_timeseries,AAMRQ-201312@S&P 500,True,True,6032,
last_quoted_date,AAMRQ-201312,True,True,,
first_quoted_date,AAMRQ-201312,True,True,,
classification_at_level,AAMRQ-201312,True,True,,GICS L1
security_name,AAMRQ-201312,True,True,,
price_timeseries,AAP,True,True,6179,pandas
index_constituent_timeseries,AAP@S&P 500,True,True,6179,
last_quoted_date,AAP,True,True,,
first_quoted_date,AAP,True,True,,
classification_at_level,AAP,True,True,,GICS L1
security_name,AAP,True,True,,
price_timeseries,AAPL,True,True,9185,pandas
index_constituent_timeseries,AAPL@S&P 500,True,True,9185,
last_quoted_date,AAPL,True,True,,
first_quoted_date,AAPL,True,True,,
classification_at_level,AAPL,True,True,,GICS L1
security_name,AAPL,True,True,,
price_timeseries,AAV-199901,True,True,2292,pandas
index_constituent_timeseries,AAV-199901@S&P 500,True,True,2292,
last_quoted_date,AAV-199901,True,True,,
first_quoted_date,AAV-199901,True,True,,
classification_at_level,AAV-199901,True,True,,GICS L1
security_name,AAV-199901,True,True,,
price_timeseries,ABA-198612,True,True,0,empty
price_timeseries,ABBV,True,True,3403,pandas
index_constituent_timeseries,ABBV@S&P 500,True,True,3403,
last_quoted_date,ABBV,True,True,,
first_quoted_date,ABBV,True,True,,
classification_at_level,ABBV,True,True,,GICS L1
security_name,ABBV,True,True,,
price_timeseries,ABC-198601,True,True,0,empty
price_timeseries,ABG-199311,True,True,956,pandas
index_constituent_timeseries,ABG-199311@S&P 500,True,True,956,
last_quoted_date,ABG-199311,True,True,,
first_quoted_date,ABG-199311,True,True,,
classification_at_level,ABG-199311,True,True,,GICS L1
security_name,ABG-199311,True,True,,
price_timeseries,ABI-200811,True,True,4765,pandas
index_constituent_timeseries,ABI-200811@S&P 500,True,True,4765,
last_quoted_date,ABI-200811,True,True,,
first_quoted_date,ABI-200811,True,True,,
classification_at_level,ABI-200811,True,True,,GICS L1
security_name,ABI-200811,True,True,,
price_timeseries,ABK-196812,True,True,0,empty
price_timeseries,ABKFQ-201304,True,True,5494,pandas
index_constituent_timeseries,ABKFQ-201304@S&P 500,True,True,5494,
last_quoted_date,ABKFQ-201304,True,True,,
first_quoted_date,ABKFQ-201304,True,True,,
classification_at_level,ABKFQ-201304,True,True,,GICS L1
security_name,ABKFQ-201304,True,True,,
price_timeseries,ABMD-202212,True,True,8259,pandas
index_constituent_timeseries,ABMD-202212@S&P 500,True,True,8259,
last_quoted_date,ABMD-202212,True,True,,
first_quoted_date,ABMD-202212,True,True,,
classification_at_level,ABMD-202212,True,True,,GICS L1
security_name,ABMD-202212,True,True,,
price_timeseries,ABNB,True,True,1388,pandas
index_constituent_timeseries,ABNB@S&P 500,True,True,1388,
last_quoted_date,ABNB,True,True,,
first_quoted_date,ABNB,True,True,,
classification_at_level,ABNB,True,True,,GICS L1
security_name,ABNB,True,True,,
price_timeseries,ABS-200606,True,True,4140,pandas
index_constituent_timeseries,ABS-200606@S&P 500,True,True,4140,
last_quoted_date,ABS-200606,True,True,,
first_quoted_date,ABS-200606,True,True,,
classification_at_level,ABS-200606,True,True,,GICS L1
security_name,ABS-200606,True,True,,
price_timeseries,ABT,True,True,9185,pandas
index_constituent_timeseries,ABT@S&P 500,True,True,9185,
last_quoted_date,ABT,True,True,,
first_quoted_date,ABT,True,True,,
classification_at_level,ABT,True,True,,GICS L1
security_name,ABT,True,True,,
price_timeseries,ACAS-201701,True,True,4866,pandas
index_constituent_timeseries,ACAS-201701@S&P 500,True,True,4866,
last_quoted_date,ACAS-201701,True,True,,
first_quoted_date,ACAS-201701,True,True,,
classification_at_level,ACAS-201701,True,True,,GICS L1
classification,ACAS-201701,True,True,,GICS flat fallback
security_name,ACAS-201701,True,True,,
price_timeseries,ACF-198406,True,True,0,empty
price_timeseries,ACGL,True,True,7702,pandas
index_constituent_timeseries,ACGL@S&P 500,True,True,7702,
last_quoted_date,ACGL,True,True,,
first_quoted_date,ACGL,True,True,,
classification_at_level,ACGL,True,True,,GICS L1
security_name,ACGL,True,True,,
price_timeseries,ACJ-196210,True,True,0,empty
price_timeseries,ACKH-200712,True,True,4522,pandas
index_constituent_timeseries,ACKH-200712@S&P 500,True,True,4522,
last_quoted_date,ACKH-200712,True,True,,
first_quoted_date,ACKH-200712,True,True,,
classification_at_level,ACKH-200712,True,True,,GICS L1
security_name,ACKH-200712,True,True,,
price_timeseries,ACN,True,True,6268,pandas
index_constituent_timeseries,ACN@S&P 500,True,True,6268,
last_quoted_date,ACN,True,True,,
first_quoted_date,ACN,True,True,,
classification_at_level,ACN,True,True,,GICS L1
security_name,ACN,True,True,,
price_timeseries,ACN-197601,True,True,0,empty
price_timeseries,ACR-197006,True,True,0,empty
price_timeseries,ACS-197302,True,True,0,empty
price_timeseries,ACS-201002,True,True,3862,pandas
index_constituent_timeseries,ACS-201002@S&P 500,True,True,3862,
last_quoted_date,ACS-201002,True,True,,
first_quoted_date,ACS-201002,True,True,,
classification_at_level,ACS-201002,True,True,,GICS L1
security_name,ACS-201002,True,True,,
price_timeseries,ACV-201105,True,True,5384,pandas
index_constituent_timeseries,ACV-201105@S&P 500,True,True,5384,
last_quoted_date,ACV-201105,True,True,,
first_quoted_date,ACV-201105,True,True,,
classification_at_level,ACV-201105,True,True,,GICS L1
security_name,ACV-201105,True,True,,
price_timeseries,ACY-199411,True,True,1239,pandas
index_constituent_timeseries,ACY-199411@S&P 500,True,True,1239,
last_quoted_date,ACY-199411,True,True,,
first_quoted_date,ACY-199411,True,True,,
classification_at_level,ACY-199411,True,True,,GICS L1
security_name,ACY-199411,True,True,,
price_timeseries,AD-198606,True,True,0,empty
price_timeseries,ADBE,True,True,9185,pandas
index_constituent_timeseries,ADBE@S&P 500,True,True,9185,
last_quoted_date,ADBE,True,True,,
first_quoted_date,ADBE,True,True,,
classification_at_level,ADBE,True,True,,GICS L1
security_name,ADBE,True,True,,
price_timeseries,ADCT-201012,True,True,5280,pandas
index_constituent_timeseries,ADCT-201012@S&P 500,True,True,5280,
last_quoted_date,ADCT-201012,True,True,,
first_quoted_date,ADCT-201012,True,True,,
classification_at_level,ADCT-201012,True,True,,GICS L1
security_name,ADCT-201012,True,True,,
price_timeseries,ADI,True,True,9185,pandas
index_constituent_timeseries,ADI@S&P 500,True,True,9185,
last_quoted_date,ADI,True,True,,
first_quoted_date,ADI,True,True,,
classification_at_level,ADI,True,True,,GICS L1
security_name,ADI,True,True,,
price_timeseries,ADL-197404,True,True,0,empty
price_timeseries,ADM,True,True,9185,pandas
index_constituent_timeseries,ADM@S&P 500,True,True,9185,
last_quoted_date,ADM,True,True,,
first_quoted_date,ADM,True,True,,
classification_at_level,ADM,True,True,,GICS L1
security_name,ADM,True,True,,
price_timeseries,ADP,True,True,9185,pandas
index_constituent_timeseries,ADP@S&P 500,True,True,9185,
last_quoted_date,ADP,True,True,,
first_quoted_date,ADP,True,True,,
classification_at_level,ADP,True,True,,GICS L1
security_name,ADP,True,True,,
price_timeseries,ADSK,True,True,9185,pandas
index_constituent_timeseries,ADSK@S&P 500,True,True,9185,
last_quoted_date,ADSK,True,True,,
first_quoted_date,ADSK,True,True,,
classification_at_level,ADSK,True,True,,GICS L1
security_name,ADSK,True,True,,
price_timeseries,ADT-201604,True,True,910,pandas
index_constituent_timeseries,ADT-201604@S&P 500,True,True,910,
last_quoted_date,ADT-201604,True,True,,
first_quoted_date,ADT-201604,True,True,,
classification_at_level,ADT-201604,True,True,,GICS L1
security_name,ADT-201604,True,True,,
price_timeseries,AEE,True,True,9185,pandas
index_constituent_timeseries,AEE@S&P 500,True,True,9185,
last_quoted_date,AEE,True,True,,
first_quoted_date,AEE,True,True,,
classification_at_level,AEE,True,True,,GICS L1
security_name,AEE,True,True,,
price_timeseries,AEP,True,True,9185,pandas
index_constituent_timeseries,AEP@S&P 500,True,True,9185,
last_quoted_date,AEP,True,True,,
first_quoted_date,AEP,True,True,,
classification_at_level,AEP,True,True,,GICS L1
security_name,AEP,True,True,,
price_timeseries,AES,True,True,8810,pandas
index_constituent_timeseries,AES@S&P 500,True,True,8810,
last_quoted_date,AES,True,True,,
first_quoted_date,AES,True,True,,
classification_at_level,AES,True,True,,GICS L1
security_name,AES,True,True,,
price_timeseries,AET-201811,True,True,7286,pandas
index_constituent_timeseries,AET-201811@S&P 500,True,True,7286,
last_quoted_date,AET-201811,True,True,,
first_quoted_date,AET-201811,True,True,,
classification_at_level,AET-201811,True,True,,GICS L1
security_name,AET-201811,True,True,,
price_timeseries,AEX-196502,True,True,0,empty
price_timeseries,AFL,True,True,9185,pandas
index_constituent_timeseries,AFL@S&P 500,True,True,9185,
last_quoted_date,AFL,True,True,,
first_quoted_date,AFL,True,True,,
classification_at_level,AFL,True,True,,GICS L1
security_name,AFL,True,True,,
price_timeseries,AFN-198410,True,True,0,empty
price_timeseries,AFS-200011,True,True,1154,pandas
index_constituent_timeseries,AFS-200011@S&P 500,True,True,1154,
last_quoted_date,AFS-200011,True,True,,
first_quoted_date,AFS-200011,True,True,,
classification_at_level,AFS-200011,True,True,,GICS L1
security_name,AFS-200011,True,True,,
price_timeseries,AGC-200108,True,True,2946,pandas
index_constituent_timeseries,AGC-200108@S&P 500,True,True,2946,
last_quoted_date,AGC-200108,True,True,,
first_quoted_date,AGC-200108,True,True,,
classification_at_level,AGC-200108,True,True,,GICS L1
security_name,AGC-200108,True,True,,
price_timeseries,AGG-197812,True,True,0,empty
price_timeseries,AGM-198211,True,True,0,empty
price_timeseries,AGN-201503,True,True,6351,pandas
index_constituent_timeseries,AGN-201503@S&P 500,True,True,6351,
last_quoted_date,AGN-201503,True,True,,
first_quoted_date,AGN-201503,True,True,,
classification_at_level,AGN-201503,True,True,,GICS L1
security_name,AGN-201503,True,True,,
price_timeseries,AGN-202005,True,True,6857,pandas
index_constituent_timeseries,AGN-202005@S&P 500,True,True,6857,
last_quoted_date,AGN-202005,True,True,,
first_quoted_date,AGN-202005,True,True,,
classification_at_level,AGN-202005,True,True,,GICS L1
security_name,AGN-202005,True,True,,
price_timeseries,AH-198812,True,True,0,empty
price_timeseries,AHD-196310,True,True,0,empty
price_timeseries,AHM-199810,True,True,2213,pandas
index_constituent_timeseries,AHM-199810@S&P 500,True,True,2213,
last_quoted_date,AHM-199810,True,True,,
first_quoted_date,AHM-199810,True,True,,
classification_at_level,AHM-199810,True,True,,GICS L1
security_name,AHM-199810,True,True,,
price_timeseries,AHS-198511,True,True,0,empty
price_timeseries,AIC-198012,True,True,0,empty
price_timeseries,AIG,True,True,9185,pandas
index_constituent_timeseries,AIG@S&P 500,True,True,9185,
last_quoted_date,AIG,True,True,,
first_quoted_date,AIG,True,True,,
classification_at_level,AIG,True,True,,GICS L1
security_name,AIG,True,True,,
price_timeseries,AIT-199910,True,True,2470,pandas
index_constituent_timeseries,AIT-199910@S&P 500,True,True,2470,
last_quoted_date,AIT-199910,True,True,,
first_quoted_date,AIT-199910,True,True,,
classification_at_level,AIT-199910,True,True,,GICS L1
security_name,AIT-199910,True,True,,
price_timeseries,AIV,True,True,8033,pandas
index_constituent_timeseries,AIV@S&P 500,True,True,8033,
last_quoted_date,AIV,True,True,,
first_quoted_date,AIV,True,True,,
classification_at_level,AIV,True,True,,GICS L1
security_name,AIV,True,True,,
price_timeseries,AIZ,True,True,5630,pandas
index_constituent_timeseries,AIZ@S&P 500,True,True,5630,
last_quoted_date,AIZ,True,True,,
first_quoted_date,AIZ,True,True,,
classification_at_level,AIZ,True,True,,GICS L1
security_name,AIZ,True,True,,
price_timeseries,AJG,True,True,9123,pandas
index_constituent_timeseries,AJG@S&P 500,True,True,9123,
last_quoted_date,AJG,True,True,,
first_quoted_date,AJG,True,True,,
classification_at_level,AJG,True,True,,GICS L1
security_name,AJG,True,True,,
price_timeseries,AKAM,True,True,6701,pandas
index_constituent_timeseries,AKAM@S&P 500,True,True,6701,
last_quoted_date,AKAM,True,True,,
first_quoted_date,AKAM,True,True,,
classification_at_level,AKAM,True,True,,GICS L1
security_name,AKAM,True,True,,
price_timeseries,AKS-202003,True,True,6534,pandas
index_constituent_timeseries,AKS-202003@S&P 500,True,True,6534,
last_quoted_date,AKS-202003,True,True,,
first_quoted_date,AKS-202003,True,True,,
classification_at_level,AKS-202003,True,True,,GICS L1
security_name,AKS-202003,True,True,,
price_timeseries,AL-200711,True,True,4507,pandas
index_constituent_timeseries,AL-200711@S&P 500,True,True,4507,
last_quoted_date,AL-200711,True,True,,
first_quoted_date,AL-200711,True,True,,
classification_at_level,AL-200711,True,True,,GICS L1
security_name,AL-200711,True,True,,
price_timeseries,ALB,True,True,8137,pandas
index_constituent_timeseries,ALB@S&P 500,True,True,8137,
last_quoted_date,ALB,True,True,,
first_quoted_date,ALB,True,True,,
classification_at_level,ALB,True,True,,GICS L1
security_name,ALB,True,True,,
price_timeseries,ALGN,True,True,6388,pandas
index_constituent_timeseries,ALGN@S&P 500,True,True,6388,
last_quoted_date,ALGN,True,True,,
first_quoted_date,ALGN,True,True,,
classification_at_level,ALGN,True,True,,GICS L1
security_name,ALGN,True,True,,
price_timeseries,ALK,True,True,9185,pandas
index_constituent_timeseries,ALK@S&P 500,True,True,9185,
last_quoted_date,ALK,True,True,,
first_quoted_date,ALK,True,True,,
classification_at_level,ALK,True,True,,GICS L1
security_name,ALK,True,True,,
price_timeseries,ALL,True,True,8320,pandas
index_constituent_timeseries,ALL@S&P 500,True,True,8320,
last_quoted_date,ALL,True,True,,
first_quoted_date,ALL,True,True,,
classification_at_level,ALL,True,True,,GICS L1
security_name,ALL,True,True,,
price_timeseries,ALLE,True,True,3166,pandas
index_constituent_timeseries,ALLE@S&P 500,True,True,3166,
last_quoted_date,ALLE,True,True,,
first_quoted_date,ALLE,True,True,,
classification_at_level,ALLE,True,True,,GICS L1
security_name,ALLE,True,True,,
price_timeseries,ALS-198612,True,True,0,empty
price_timeseries,ALTR-201512,True,True,6549,pandas
index_constituent_timeseries,ALTR-201512@S&P 500,True,True,6549,
last_quoted_date,ALTR-201512,True,True,,
first_quoted_date,ALTR-201512,True,True,,
classification_at_level,ALTR-201512,True,True,,GICS L1
security_name,ALTR-201512,True,True,,
price_timeseries,ALXN-202107,True,True,6391,pandas
index_constituent_timeseries,ALXN-202107@S&P 500,True,True,6391,
last_quoted_date,ALXN-202107,True,True,,
first_quoted_date,ALXN-202107,True,True,,
classification_at_level,ALXN-202107,True,True,,GICS L1
security_name,ALXN-202107,True,True,,
price_timeseries,AM-197012,True,True,0,empty
price_timeseries,AM-199305,True,True,854,pandas
index_constituent_timeseries,AM-199305@S&P 500,True,True,854,
last_quoted_date,AM-199305,True,True,,
first_quoted_date,AM-199305,True,True,,
classification_at_level,AM-199305,True,True,,GICS L1
classification,AM-199305,True,True,,GICS flat fallback
security_name,AM-199305,True,True,,
price_timeseries,AM-201308,True,True,5949,pandas
index_constituent_timeseries,AM-201308@S&P 500,True,True,5949,
last_quoted_date,AM-201308,True,True,,
first_quoted_date,AM-201308,True,True,,
classification_at_level,AM-201308,True,True,,GICS L1
security_name,AM-201308,True,True,,
price_timeseries,AMAT,True,True,9185,pandas
index_constituent_timeseries,AMAT@S&P 500,True,True,9185,
last_quoted_date,AMAT,True,True,,
first_quoted_date,AMAT,True,True,,
classification_at_level,AMAT,True,True,,GICS L1
security_name,AMAT,True,True,,
price_timeseries,AMCC-201701,True,True,4823,pandas
index_constituent_timeseries,AMCC-201701@S&P 500,True,True,4823,
last_quoted_date,AMCC-201701,True,True,,
first_quoted_date,AMCC-201701,True,True,,
classification_at_level,AMCC-201701,True,True,,GICS L1
security_name,AMCC-201701,True,True,,
price_timeseries,AMCR,True,True,1768,pandas
index_constituent_timeseries,AMCR@S&P 500,True,True,1768,
last_quoted_date,AMCR,True,True,,
first_quoted_date,AMCR,True,True,,
classification_at_level,AMCR,True,True,,GICS L1
security_name,AMCR,True,True,,
price_timeseries,AMD,True,True,9185,pandas
index_constituent_timeseries,AMD@S&P 500,True,True,9185,
last_quoted_date,AMD,True,True,,
first_quoted_date,AMD,True,True,,
classification_at_level,AMD,True,True,,GICS L1
security_name,AMD,True,True,,
price_timeseries,AMDA-199008,True,True,29,pandas
index_constituent_timeseries,AMDA-199008@S&P 500,True,True,29,
last_quoted_date,AMDA-199008,True,True,,
first_quoted_date,AMDA-199008,True,True,,
classification_at_level,AMDA-199008,True,True,,GICS L1
security_name,AMDA-199008,True,True,,
price_timeseries,AME,True,True,9185,pandas
index_constituent_timeseries,AME@S&P 500,True,True,9185,
last_quoted_date,AME,True,True,,
first_quoted_date,AME,True,True,,
classification_at_level,AME,True,True,,GICS L1
security_name,AME,True,True,,
price_timeseries,AMF-198510,True,True,0,empty
price_timeseries,AMG,True,True,7188,pandas
index_constituent_timeseries,AMG@S&P 500,True,True,7188,
last_quoted_date,AMG,True,True,,
first_quoted_date,AMG,True,True,,
classification_at_level,AMG,True,True,,GICS L1
security_name,AMG,True,True,,
price_timeseries,AMGN,True,True,9185,pandas
index_constituent_timeseries,AMGN@S&P 500,True,True,9185,
last_quoted_date,AMGN,True,True,,
first_quoted_date,AMGN,True,True,,
classification_at_level,AMGN,True,True,,GICS L1
security_name,AMGN,True,True,,
price_timeseries,AMH-199709,True,True,1952,pandas
index_constituent_timeseries,AMH-199709@S&P 500,True,True,1952,
last_quoted_date,AMH-199709,True,True,,
first_quoted_date,AMH-199709,True,True,,
classification_at_level,AMH-199709,True,True,,GICS L1
security_name,AMH-199709,True,True,,
price_timeseries,AMI-199004,True,True,72,pandas
index_constituent_timeseries,AMI-199004@S&P 500,True,True,72,
last_quoted_date,AMI-199004,True,True,,
first_quoted_date,AMI-199004,True,True,,
classification_at_level,AMI-199004,True,True,,GICS L1
classification,AMI-199004,True,True,,GICS flat fallback
security_name,AMI-199004,True,True,,
price_timeseries,AMO-198708,True,True,0,empty
price_timeseries,AMP,True,True,5224,pandas
index_constituent_timeseries,AMP@S&P 500,True,True,5224,
last_quoted_date,AMP,True,True,,
first_quoted_date,AMP,True,True,,
classification_at_level,AMP,True,True,,GICS L1
security_name,AMP,True,True,,
price_timeseries,AMP-199904,True,True,2338,pandas
index_constituent_timeseries,AMP-199904@S&P 500,True,True,2338,
last_quoted_date,AMP-199904,True,True,,
first_quoted_date,AMP-199904,True,True,,
classification_at_level,AMP-199904,True,True,,GICS L1
security_name,AMP-199904,True,True,,
price_timeseries,AMT,True,True,7123,pandas
index_constituent_timeseries,AMT@S&P 500,True,True,7123,
last_quoted_date,AMT,True,True,,
first_quoted_date,AMT,True,True,,
classification_at_level,AMT,True,True,,GICS L1
security_name,AMT,True,True,,
price_timeseries,AMT-199607,True,True,1643,pandas
index_constituent_timeseries,AMT-199607@S&P 500,True,True,1643,
last_quoted_date,AMT-199607,True,True,,
first_quoted_date,AMT-199607,True,True,,
classification_at_level,AMT-199607,True,True,,GICS L1
security_name,AMT-199607,True,True,,
price_timeseries,AMTM,True,True,437,pandas
index_constituent_timeseries,AMTM@S&P 500,True,True,437,
last_quoted_date,AMTM,True,True,,
first_quoted_date,AMTM,True,True,,
classification_at_level,AMTM,True,True,,GICS L1
security_name,AMTM,True,True,,
price_timeseries,AMX-199311,True,True,981,pandas
index_constituent_timeseries,AMX-199311@S&P 500,True,True,981,
last_quoted_date,AMX-199311,True,True,,
first_quoted_date,AMX-199311,True,True,,
classification_at_level,AMX-199311,True,True,,GICS L1
security_name,AMX-199311,True,True,,
price_timeseries,AMZN,True,True,7321,pandas
index_constituent_timeseries,AMZN@S&P 500,True,True,7321,
last_quoted_date,AMZN,True,True,,
first_quoted_date,AMZN,True,True,,
classification_at_level,AMZN,True,True,,GICS L1
security_name,AMZN,True,True,,
price_timeseries,AN,True,True,9080,pandas
index_constituent_timeseries,AN@S&P 500,True,True,9080,
last_quoted_date,AN,True,True,,
first_quoted_date,AN,True,True,,
classification_at_level,AN,True,True,,GICS L1
security_name,AN,True,True,,
price_timeseries,AN-197805,True,True,0,empty
price_timeseries,AN-199812,True,True,2275,pandas
index_constituent_timeseries,AN-199812@S&P 500,True,True,2275,
last_quoted_date,AN-199812,True,True,,
first_quoted_date,AN-199812,True,True,,
classification_at_level,AN-199812,True,True,,GICS L1
security_name,AN-199812,True,True,,
price_timeseries,ANDV-201809,True,True,7241,pandas
index_constituent_timeseries,ANDV-201809@S&P 500,True,True,7241,
last_quoted_date,ANDV-201809,True,True,,
first_quoted_date,ANDV-201809,True,True,,
classification_at_level,ANDV-201809,True,True,,GICS L1
security_name,ANDV-201809,True,True,,
price_timeseries,ANDW-200712,True,True,4536,pandas
index_constituent_timeseries,ANDW-200712@S&P 500,True,True,4536,
last_quoted_date,ANDW-200712,True,True,,
first_quoted_date,ANDW-200712,True,True,,
classification_at_level,ANDW-200712,True,True,,GICS L1
security_name,ANDW-200712,True,True,,
price_timeseries,ANET,True,True,3029,pandas
index_constituent_timeseries,ANET@S&P 500,True,True,3029,
last_quoted_date,ANET,True,True,,
first_quoted_date,ANET,True,True,,
classification_at_level,ANET,True,True,,GICS L1
security_name,ANET,True,True,,
price_timeseries,ANF,True,True,7481,pandas
index_constituent_timeseries,ANF@S&P 500,True,True,7481,
last_quoted_date,ANF,True,True,,
first_quoted_date,ANF,True,True,,
classification_at_level,ANF,True,True,,GICS L1
security_name,ANF,True,True,,
price_timeseries,ANR-198505,True,True,0,empty
price_timeseries,ANRZQ-201607,True,True,2880,pandas
index_constituent_timeseries,ANRZQ-201607@S&P 500,True,True,2880,
last_quoted_date,ANRZQ-201607,True,True,,
first_quoted_date,ANRZQ-201607,True,True,,
classification_at_level,ANRZQ-201607,True,True,,GICS L1
security_name,ANRZQ-201607,True,True,,
price_timeseries,ANSS-202507,True,True,7310,pandas
index_constituent_timeseries,ANSS-202507@S&P 500,True,True,7310,
last_quoted_date,ANSS-202507,True,True,,
first_quoted_date,ANSS-202507,True,True,,
classification_at_level,ANSS-202507,True,True,,GICS L1
security_name,ANSS-202507,True,True,,
price_timeseries,ANV-199904,True,True,2343,pandas
index_constituent_timeseries,ANV-199904@S&P 500,True,True,2343,
last_quoted_date,ANV-199904,True,True,,
first_quoted_date,ANV-199904,True,True,,
classification_at_level,ANV-199904,True,True,,GICS L1
security_name,ANV-199904,True,True,,
price_timeseries,AON,True,True,9185,pandas
index_constituent_timeseries,AON@S&P 500,True,True,9185,
last_quoted_date,AON,True,True,,
first_quoted_date,AON,True,True,,
classification_at_level,AON,True,True,,GICS L1
security_name,AON,True,True,,
price_timeseries,AOS,True,True,9104,pandas
index_constituent_timeseries,AOS@S&P 500,True,True,9104,
last_quoted_date,AOS,True,True,,
first_quoted_date,AOS,True,True,,
classification_at_level,AOS,True,True,,GICS L1
security_name,AOS,True,True,,
price_timeseries,APA,True,True,9185,pandas
index_constituent_timeseries,APA@S&P 500,True,True,9185,
last_quoted_date,APA,True,True,,
first_quoted_date,APA,True,True,,
classification_at_level,APA,True,True,,GICS L1
security_name,APA,True,True,,
price_timeseries,APC-201908,True,True,7459,pandas
index_constituent_timeseries,APC-201908@S&P 500,True,True,7459,
last_quoted_date,APC-201908,True,True,,
first_quoted_date,APC-201908,True,True,,
classification_at_level,APC-201908,True,True,,GICS L1
security_name,APC-201908,True,True,,
price_timeseries,APCC-200702,True,True,4317,pandas
index_constituent_timeseries,APCC-200702@S&P 500,True,True,4317,
last_quoted_date,APCC-200702,True,True,,
first_quoted_date,APCC-200702,True,True,,
classification_at_level,APCC-200702,True,True,,GICS L1
security_name,APCC-200702,True,True,,
price_timeseries,APD,True,True,9185,pandas
index_constituent_timeseries,APD@S&P 500,True,True,9185,
last_quoted_date,APD,True,True,,
first_quoted_date,APD,True,True,,
classification_at_level,APD,True,True,,GICS L1
security_name,APD,True,True,,
price_timeseries,APH,True,True,8713,pandas
index_constituent_timeseries,APH@S&P 500,True,True,8713,
last_quoted_date,APH,True,True,,
first_quoted_date,APH,True,True,,
classification_at_level,APH,True,True,,GICS L1
security_name,APH,True,True,,
price_timeseries,APO,True,True,3830,pandas
index_constituent_timeseries,APO@S&P 500,True,True,3830,
last_quoted_date,APO,True,True,,
first_quoted_date,APO,True,True,,
classification_at_level,APO,True,True,,GICS L1
security_name,APO,True,True,,
price_timeseries,APO-196712,True,True,0,empty
price_timeseries,APOL-201702,True,True,5579,pandas
index_constituent_timeseries,APOL-201702@S&P 500,True,True,5579,
last_quoted_date,APOL-201702,True,True,,
first_quoted_date,APOL-201702,True,True,,
classification_at_level,APOL-201702,True,True,,GICS L1
security_name,APOL-201702,True,True,,
price_timeseries,APP,True,True,1303,pandas
index_constituent_timeseries,APP@S&P 500,True,True,1303,
last_quoted_date,APP,True,True,,
first_quoted_date,APP,True,True,,
classification_at_level,APP,True,True,,GICS L1
security_name,APP,True,True,,
price_timeseries,APTV,True,True,3668,pandas
index_constituent_timeseries,APTV@S&P 500,True,True,3668,
last_quoted_date,APTV,True,True,,
first_quoted_date,APTV,True,True,,
classification_at_level,APTV,True,True,,GICS L1
security_name,APTV,True,True,,
price_timeseries,AR-199911,True,True,2498,pandas
index_constituent_timeseries,AR-199911@S&P 500,True,True,2498,
last_quoted_date,AR-199911,True,True,,
first_quoted_date,AR-199911,True,True,,
classification_at_level,AR-199911,True,True,,GICS L1
security_name,AR-199911,True,True,,
price_timeseries,ARA-198412,True,True,0,empty
price_timeseries,ARC-196906,True,True,0,empty
price_timeseries,ARC-200004,True,True,2602,pandas
index_constituent_timeseries,ARC-200004@S&P 500,True,True,2602,
last_quoted_date,ARC-200004,True,True,,
first_quoted_date,ARC-200004,True,True,,
classification_at_level,ARC-200004,True,True,,GICS L1
security_name,ARC-200004,True,True,,
price_timeseries,ARE,True,True,7312,pandas
index_constituent_timeseries,ARE@S&P 500,True,True,7312,
last_quoted_date,ARE,True,True,,
first_quoted_date,ARE,True,True,,
classification_at_level,ARE,True,True,,GICS L1
security_name,ARE,True,True,,
price_timeseries,ARES,True,True,3053,pandas
index_constituent_timeseries,ARES@S&P 500,True,True,3053,
last_quoted_date,ARES,True,True,,
first_quoted_date,ARES,True,True,,
classification_at_level,ARES,True,True,,GICS L1
security_name,ARES,True,True,,
price_timeseries,ARG-201605,True,True,6648,pandas
index_constituent_timeseries,ARG-201605@S&P 500,True,True,6648,
last_quoted_date,ARG-201605,True,True,,
first_quoted_date,ARG-201605,True,True,,
classification_at_level,ARG-201605,True,True,,GICS L1
security_name,ARG-201605,True,True,,
price_timeseries,ARR-197901,True,True,0,empty
price_timeseries,AS-199909,True,True,2464,pandas
index_constituent_timeseries,AS-199909@S&P 500,True,True,2464,
last_quoted_date,AS-199909,True,True,,
first_quoted_date,AS-199909,True,True,,
classification_at_level,AS-199909,True,True,,GICS L1
security_name,AS-199909,True,True,,
price_timeseries,ASA,True,True,9185,pandas
index_constituent_timeseries,ASA@S&P 500,True,True,9185,
last_quoted_date,ASA,True,True,,
first_quoted_date,ASA,True,True,,
classification_at_level,ASA,True,True,,GICS L1
classification,ASA,True,True,,GICS flat fallback
security_name,ASA,True,True,,
price_timeseries,ASC-197907,True,True,0,empty
price_timeseries,ASC-199906,True,True,2395,pandas
index_constituent_timeseries,ASC-199906@S&P 500,True,True,2395,
last_quoted_date,ASC-199906,True,True,,
first_quoted_date,ASC-199906,True,True,,
classification_at_level,ASC-199906,True,True,,GICS L1
security_name,ASC-199906,True,True,,
price_timeseries,ASF-196905,True,True,0,empty
price_timeseries,ASH,True,True,9185,pandas
index_constituent_timeseries,ASH@S&P 500,True,True,9185,
last_quoted_date,ASH,True,True,,
first_quoted_date,ASH,True,True,,
classification_at_level,ASH,True,True,,GICS L1
security_name,ASH,True,True,,
price_timeseries,ASN-200710,True,True,4455,pandas
index_constituent_timeseries,ASN-200710@S&P 500,True,True,4455,
last_quoted_date,ASN-200710,True,True,,
first_quoted_date,ASN-200710,True,True,,
classification_at_level,ASN-200710,True,True,,GICS L1
security_name,ASN-200710,True,True,,
price_timeseries,ASND-199906,True,True,1292,pandas
index_constituent_timeseries,ASND-199906@S&P 500,True,True,1292,
last_quoted_date,ASND-199906,True,True,,
first_quoted_date,ASND-199906,True,True,,
classification_at_level,ASND-199906,True,True,,GICS L1
security_name,ASND-199906,True,True,,
price_timeseries,ASO-200611,True,True,4249,pandas
index_constituent_timeseries,ASO-200611@S&P 500,True,True,4249,
last_quoted_date,ASO-200611,True,True,,
first_quoted_date,ASO-200611,True,True,,
classification_at_level,ASO-200611,True,True,,GICS L1
security_name,ASO-200611,True,True,,
price_timeseries,ASR-198402,True,True,0,empty
price_timeseries,AST-198807,True,True,0,empty
price_timeseries,AT-200711,True,True,4509,pandas
index_constituent_timeseries,AT-200711@S&P 500,True,True,4509,
last_quoted_date,AT-200711,True,True,,
first_quoted_date,AT-200711,True,True,,
classification_at_level,AT-200711,True,True,,GICS L1
security_name,AT-200711,True,True,,
price_timeseries,ATI,True,True,9185,pandas
index_constituent_timeseries,ATI@S&P 500,True,True,9185,
last_quoted_date,ATI,True,True,,
first_quoted_date,ATI,True,True,,
classification_at_level,ATI,True,True,,GICS L1
security_name,ATI,True,True,,
price_timeseries,ATI-199906,True,True,1406,pandas
index_constituent_timeseries,ATI-199906@S&P 500,True,True,1406,
last_quoted_date,ATI-199906,True,True,,
first_quoted_date,ATI-199906,True,True,,
classification_at_level,ATI-199906,True,True,,GICS L1
security_name,ATI-199906,True,True,,
price_timeseries,ATO,True,True,9180,pandas
index_constituent_timeseries,ATO@S&P 500,True,True,9180,
last_quoted_date,ATO,True,True,,
first_quoted_date,ATO,True,True,,
classification_at_level,ATO,True,True,,GICS L1
security_name,ATO,True,True,,
price_timeseries,ATS-196906,True,True,0,empty
price_timeseries,ATVI-202310,True,True,7790,pandas
index_constituent_timeseries,ATVI-202310@S&P 500,True,True,7790,
last_quoted_date,ATVI-202310,True,True,,
first_quoted_date,ATVI-202310,True,True,,
classification_at_level,ATVI-202310,True,True,,GICS L1
security_name,ATVI-202310,True,True,,
price_timeseries,AUD-196412,True,True,0,empty
price_timeseries,AV-200710,True,True,1786,pandas
index_constituent_timeseries,AV-200710@S&P 500,True,True,1786,
last_quoted_date,AV-200710,True,True,,
first_quoted_date,AV-200710,True,True,,
classification_at_level,AV-200710,True,True,,GICS L1
security_name,AV-200710,True,True,,
price_timeseries,AVB,True,True,8123,pandas
index_constituent_timeseries,AVB@S&P 500,True,True,8123,
last_quoted_date,AVB,True,True,,
first_quoted_date,AVB,True,True,,
classification_at_level,AVB,True,True,,GICS L1
security_name,AVB,True,True,,
price_timeseries,AVC-198104,True,True,0,empty
price_timeseries,AVGO,True,True,4245,pandas
index_constituent_timeseries,AVGO@S&P 500,True,True,4245,
last_quoted_date,AVGO,True,True,,
first_quoted_date,AVGO,True,True,,
classification_at_level,AVGO,True,True,,GICS L1
security_name,AVGO,True,True,,
price_timeseries,AVP-202001,True,True,7561,pandas
index_constituent_timeseries,AVP-202001@S&P 500,True,True,7561,
last_quoted_date,AVP-202001,True,True,,
first_quoted_date,AVP-202001,True,True,,
classification_at_level,AVP-202001,True,True,,GICS L1
security_name,AVP-202001,True,True,,
price_timeseries,AVY,True,True,9185,pandas
index_constituent_timeseries,AVY@S&P 500,True,True,9185,
last_quoted_date,AVY,True,True,,
first_quoted_date,AVY,True,True,,
classification_at_level,AVY,True,True,,GICS L1
security_name,AVY,True,True,,
price_timeseries,AW-200812,True,True,4337,pandas
index_constituent_timeseries,AW-200812@S&P 500,True,True,4337,
last_quoted_date,AW-200812,True,True,,
first_quoted_date,AW-200812,True,True,,
classification_at_level,AW-200812,True,True,,GICS L1
security_name,AW-200812,True,True,,
price_timeseries,AWC-196312,True,True,0,empty
price_timeseries,AWE-200410,True,True,1130,pandas
index_constituent_timeseries,AWE-200410@S&P 500,True,True,1130,
last_quoted_date,AWE-200410,True,True,,
first_quoted_date,AWE-200410,True,True,,
classification_at_level,AWE-200410,True,True,,GICS L1
security_name,AWE-200410,True,True,,
price_timeseries,AWK,True,True,4570,pandas
index_constituent_timeseries,AWK@S&P 500,True,True,4570,
last_quoted_date,AWK,True,True,,
first_quoted_date,AWK,True,True,,
classification_at_level,AWK,True,True,,GICS L1
security_name,AWK,True,True,,
price_timeseries,AX-196706,True,True,0,empty
price_timeseries,AXO-198209,True,True,0,empty
price_timeseries,AXON,True,True,6297,pandas
index_constituent_timeseries,AXON@S&P 500,True,True,6297,
last_quoted_date,AXON,True,True,,
first_quoted_date,AXON,True,True,,
classification_at_level,AXON,True,True,,GICS L1
security_name,AXON,True,True,,
price_timeseries,AXP,True,True,9185,pandas
index_constituent_timeseries,AXP@S&P 500,True,True,9185,
last_quoted_date,AXP,True,True,,
first_quoted_date,AXP,True,True,,
classification_at_level,AXP,True,True,,GICS L1
security_name,AXP,True,True,,
price_timeseries,AYE-201102,True,True,5333,pandas
index_constituent_timeseries,AYE-201102@S&P 500,True,True,5333,
last_quoted_date,AYE-201102,True,True,,
first_quoted_date,AYE-201102,True,True,,
classification_at_level,AYE-201102,True,True,,GICS L1
security_name,AYE-201102,True,True,,
price_timeseries,AYI,True,True,6180,pandas
index_constituent_timeseries,AYI@S&P 500,True,True,6180,
last_quoted_date,AYI,True,True,,
first_quoted_date,AYI,True,True,,
classification_at_level,AYI,True,True,,GICS L1
security_name,AYI,True,True,,
price_timeseries,AZA-200106,True,True,2899,pandas
index_constituent_timeseries,AZA-200106@S&P 500,True,True,2899,
last_quoted_date,AZA-200106,True,True,,
first_quoted_date,AZA-200106,True,True,,
classification_at_level,AZA-200106,True,True,,GICS L1
security_name,AZA-200106,True,True,,
price_timeseries,AZO,True,True,8870,pandas
index_constituent_timeseries,AZO@S&P 500,True,True,8870,
last_quoted_date,AZO,True,True,,
first_quoted_date,AZO,True,True,,
classification_at_level,AZO,True,True,,GICS L1
security_name,AZO,True,True,,
price_timeseries,B,True,True,9185,pandas
index_constituent_timeseries,B@S&P 500,True,True,9185,
last_quoted_date,B,True,True,,
first_quoted_date,B,True,True,,
classification_at_level,B,True,True,,GICS L1
security_name,B,True,True,,
price_timeseries,BA,True,True,9185,pandas
index_constituent_timeseries,BA@S&P 500,True,True,9185,
last_quoted_date,BA,True,True,,
first_quoted_date,BA,True,True,,
classification_at_level,BA,True,True,,GICS L1
security_name,BA,True,True,,
price_timeseries,BAC,True,True,9185,pandas
index_constituent_timeseries,BAC@S&P 500,True,True,9185,
last_quoted_date,BAC,True,True,,
first_quoted_date,BAC,True,True,,
classification_at_level,BAC,True,True,,GICS L1
security_name,BAC,True,True,,
price_timeseries,BAC-199809,True,True,2212,pandas
index_constituent_timeseries,BAC-199809@S&P 500,True,True,2212,
last_quoted_date,BAC-199809,True,True,,
first_quoted_date,BAC-199809,True,True,,
classification_at_level,BAC-199809,True,True,,GICS L1
security_name,BAC-199809,True,True,,
price_timeseries,BALL,True,True,9185,pandas
index_constituent_timeseries,BALL@S&P 500,True,True,9185,
last_quoted_date,BALL,True,True,,
first_quoted_date,BALL,True,True,,
classification_at_level,BALL,True,True,,GICS L1
security_name,BALL,True,True,,
price_timeseries,BAW-197803,True,True,0,empty
price_timeseries,BAX,True,True,9185,pandas
index_constituent_timeseries,BAX@S&P 500,True,True,9185,
last_quoted_date,BAX,True,True,,
first_quoted_date,BAX,True,True,,
classification_at_level,BAX,True,True,,GICS L1
security_name,BAX,True,True,,
price_timeseries,BAY-199808,True,True,1791,pandas
index_constituent_timeseries,BAY-199808@S&P 500,True,True,1791,
last_quoted_date,BAY-199808,True,True,,
first_quoted_date,BAY-199808,True,True,,
classification_at_level,BAY-199808,True,True,,GICS L1
security_name,BAY-199808,True,True,,
price_timeseries,BBBYQ-202309,True,True,7888,pandas
index_constituent_timeseries,BBBYQ-202309@S&P 500,True,True,7888,
last_quoted_date,BBBYQ-202309,True,True,,
first_quoted_date,BBBYQ-202309,True,True,,
classification_at_level,BBBYQ-202309,True,True,,GICS L1
security_name,BBBYQ-202309,True,True,,
price_timeseries,BBI-199801,True,True,2030,pandas
index_constituent_timeseries,BBI-199801@S&P 500,True,True,2030,
last_quoted_date,BBI-199801,True,True,,
first_quoted_date,BBI-199801,True,True,,
classification_at_level,BBI-199801,True,True,,GICS L1
security_name,BBI-199801,True,True,,
price_timeseries,BBKS-199606,True,True,796,pandas
index_constituent_timeseries,BBKS-199606@S&P 500,True,True,796,
last_quoted_date,BBKS-199606,True,True,,
first_quoted_date,BBKS-199606,True,True,,
classification_at_level,BBKS-199606,True,True,,GICS L1
security_name,BBKS-199606,True,True,,
price_timeseries,BBL-198411,True,True,0,empty
price_timeseries,BBWI,True,True,9185,pandas
index_constituent_timeseries,BBWI@S&P 500,True,True,9185,
last_quoted_date,BBWI,True,True,,
first_quoted_date,BBWI,True,True,,
classification_at_level,BBWI,True,True,,GICS L1
security_name,BBWI,True,True,,
price_timeseries,BBY,True,True,9185,pandas
index_constituent_timeseries,BBY@S&P 500,True,True,9185,
last_quoted_date,BBY,True,True,,
first_quoted_date,BBY,True,True,,
classification_at_level,BBY,True,True,,GICS L1
security_name,BBY,True,True,,
price_timeseries,BC,True,True,9185,pandas
index_constituent_timeseries,BC@S&P 500,True,True,9185,
last_quoted_date,BC,True,True,,
first_quoted_date,BC,True,True,,
classification_at_level,BC,True,True,,GICS L1
security_name,BC,True,True,,
price_timeseries,BCO,True,True,9185,pandas
index_constituent_timeseries,BCO@S&P 500,True,True,9185,
last_quoted_date,BCO,True,True,,
first_quoted_date,BCO,True,True,,
classification_at_level,BCO,True,True,,GICS L1
security_name,BCO,True,True,,
price_timeseries,BCR-201712,True,True,7055,pandas
index_constituent_timeseries,BCR-201712@S&P 500,True,True,7055,
last_quoted_date,BCR-201712,True,True,,
first_quoted_date,BCR-201712,True,True,,
classification_at_level,BCR-201712,True,True,,GICS L1
security_name,BCR-201712,True,True,,
price_timeseries,BCW-198802,True,True,0,empty
price_timeseries,BDK-201003,True,True,5091,pandas
index_constituent_timeseries,BDK-201003@S&P 500,True,True,5091,
last_quoted_date,BDK-201003,True,True,,
first_quoted_date,BDK-201003,True,True,,
classification_at_level,BDK-201003,True,True,,GICS L1
security_name,BDK-201003,True,True,,
price_timeseries,BDX,True,True,9185,pandas
index_constituent_timeseries,BDX@S&P 500,True,True,9185,
last_quoted_date,BDX,True,True,,
first_quoted_date,BDX,True,True,,
classification_at_level,BDX,True,True,,GICS L1
security_name,BDX,True,True,,
price_timeseries,BEAM-201404,True,True,6131,pandas
index_constituent_timeseries,BEAM-201404@S&P 500,True,True,6131,
last_quoted_date,BEAM-201404,True,True,,
first_quoted_date,BEAM-201404,True,True,,
classification_at_level,BEAM-201404,True,True,,GICS L1
security_name,BEAM-201404,True,True,,
price_timeseries,BEC-198203,True,True,0,empty
price_timeseries,BEL-198012,True,True,0,empty
price_timeseries,BEM-196710,True,True,0,empty
price_timeseries,BEN,True,True,9185,pandas
index_constituent_timeseries,BEN@S&P 500,True,True,9185,
last_quoted_date,BEN,True,True,,
first_quoted_date,BEN,True,True,,
classification_at_level,BEN,True,True,,GICS L1
security_name,BEN,True,True,,
price_timeseries,BEV-200603,True,True,4085,pandas
index_constituent_timeseries,BEV-200603@S&P 500,True,True,4085,
last_quoted_date,BEV-200603,True,True,,
first_quoted_date,BEV-200603,True,True,,
classification_at_level,BEV-200603,True,True,,GICS L1
security_name,BEV-200603,True,True,,
price_timeseries,BF.B,True,True,9185,pandas
index_constituent_timeseries,BF.B@S&P 500,True,True,9185,
last_quoted_date,BF.B,True,True,,
first_quoted_date,BF.B,True,True,,
classification_at_level,BF.B,True,True,,GICS L1
security_name,BF.B,True,True,,
price_timeseries,BF-197804,True,True,0,empty
price_timeseries,BFH,True,True,6296,pandas
index_constituent_timeseries,BFH@S&P 500,True,True,6296,
last_quoted_date,BFH,True,True,,
first_quoted_date,BFH,True,True,,
classification_at_level,BFH,True,True,,GICS L1
security_name,BFH,True,True,,
price_timeseries,BFI-195809,True,True,0,empty
price_timeseries,BFI-199907,True,True,2421,pandas
index_constituent_timeseries,BFI-199907@S&P 500,True,True,2421,
last_quoted_date,BFI-199907,True,True,,
first_quoted_date,BFI-199907,True,True,,
classification_at_level,BFI-199907,True,True,,GICS L1
security_name,BFI-199907,True,True,,
price_timeseries,BFO-200010,True,True,2720,pandas
index_constituent_timeseries,BFO-200010@S&P 500,True,True,2720,
last_quoted_date,BFO-200010,True,True,,
first_quoted_date,BFO-200010,True,True,,
classification_at_level,BFO-200010,True,True,,GICS L1
security_name,BFO-200010,True,True,,
price_timeseries,BG,True,True,6258,pandas
index_constituent_timeseries,BG@S&P 500,True,True,6258,
last_quoted_date,BG,True,True,,
first_quoted_date,BG,True,True,,
classification_at_level,BG,True,True,,GICS L1
security_name,BG,True,True,,
price_timeseries,BG-196510,True,True,0,empty
price_timeseries,BGEN-200311,True,True,3499,pandas
index_constituent_timeseries,BGEN-200311@S&P 500,True,True,3499,
last_quoted_date,BGEN-200311,True,True,,
first_quoted_date,BGEN-200311,True,True,,
classification_at_level,BGEN-200311,True,True,,GICS L1
security_name,BGEN-200311,True,True,,
price_timeseries,BGGSQ-202101,True,True,7814,pandas
index_constituent_timeseries,BGGSQ-202101@S&P 500,True,True,7814,
last_quoted_date,BGGSQ-202101,True,True,,
first_quoted_date,BGGSQ-202101,True,True,,
classification_at_level,BGGSQ-202101,True,True,,GICS L1
security_name,BGGSQ-202101,True,True,,
price_timeseries,BGS-196704,True,True,0,empty
price_timeseries,BHF,True,True,2245,pandas
index_constituent_timeseries,BHF@S&P 500,True,True,2245,
last_quoted_date,BHF,True,True,,
first_quoted_date,BHF,True,True,,
classification_at_level,BHF,True,True,,GICS L1
security_name,BHF,True,True,,
price_timeseries,BHL-196308,True,True,0,empty
price_timeseries,BHMSQ-200401,True,True,3532,pandas
index_constituent_timeseries,BHMSQ-200401@S&P 500,True,True,3532,
last_quoted_date,BHMSQ-200401,True,True,,
first_quoted_date,BHMSQ-200401,True,True,,
classification_at_level,BHMSQ-200401,True,True,,GICS L1
security_name,BHMSQ-200401,True,True,,
price_timeseries,BIGGQ,True,True,9177,pandas
index_constituent_timeseries,BIGGQ@S&P 500,True,True,9177,
last_quoted_date,BIGGQ,True,True,,
first_quoted_date,BIGGQ,True,True,,
classification_at_level,BIGGQ,True,True,,GICS L1
security_name,BIGGQ,True,True,,
price_timeseries,BIIB,True,True,8747,pandas
index_constituent_timeseries,BIIB@S&P 500,True,True,8747,
last_quoted_date,BIIB,True,True,,
first_quoted_date,BIIB,True,True,,
classification_at_level,BIIB,True,True,,GICS L1
security_name,BIIB,True,True,,
price_timeseries,BIO,True,True,9176,pandas
index_constituent_timeseries,BIO@S&P 500,True,True,9176,
last_quoted_date,BIO,True,True,,
first_quoted_date,BIO,True,True,,
classification_at_level,BIO,True,True,,GICS L1
security_name,BIO,True,True,,
price_timeseries,BJS-201004,True,True,4981,pandas
index_constituent_timeseries,BJS-201004@S&P 500,True,True,4981,
last_quoted_date,BJS-201004,True,True,,
first_quoted_date,BJS-201004,True,True,,
classification_at_level,BJS-201004,True,True,,GICS L1
security_name,BJS-201004,True,True,,
price_timeseries,BK-196805,True,True,0,empty
price_timeseries,BKB-199909,True,True,2464,pandas
index_constituent_timeseries,BKB-199909@S&P 500,True,True,2464,
last_quoted_date,BKB-199909,True,True,,
first_quoted_date,BKB-199909,True,True,,
classification_at_level,BKB-199909,True,True,,GICS L1
security_name,BKB-199909,True,True,,
price_timeseries,BKI-198810,True,True,0,empty
price_timeseries,BKNG,True,True,6850,pandas
index_constituent_timeseries,BKNG@S&P 500,True,True,6850,
last_quoted_date,BKNG,True,True,,
first_quoted_date,BKNG,True,True,,
classification_at_level,BKNG,True,True,,GICS L1
security_name,BKNG,True,True,,
price_timeseries,BKR,True,True,9185,pandas
index_constituent_timeseries,BKR@S&P 500,True,True,9185,
last_quoted_date,BKR,True,True,,
first_quoted_date,BKR,True,True,,
classification_at_level,BKR,True,True,,GICS L1
security_name,BKR,True,True,,
price_timeseries,BLD-196803,True,True,0,empty
price_timeseries,BLDR,True,True,5283,pandas
index_constituent_timeseries,BLDR@S&P 500,True,True,5283,
last_quoted_date,BLDR,True,True,,
first_quoted_date,BLDR,True,True,,
classification_at_level,BLDR,True,True,,GICS L1
security_name,BLDR,True,True,,
price_timeseries,BLK,True,True,6721,pandas
index_constituent_timeseries,BLK@S&P 500,True,True,6721,
last_quoted_date,BLK,True,True,,
first_quoted_date,BLK,True,True,,
classification_at_level,BLK,True,True,,GICS L1
security_name,BLK,True,True,,
price_timeseries,BLS-196801,True,True,0,empty
price_timeseries,BLS-200612,True,True,4287,pandas
index_constituent_timeseries,BLS-200612@S&P 500,True,True,4287,
last_quoted_date,BLS-200612,True,True,,
first_quoted_date,BLS-200612,True,True,,
classification_at_level,BLS-200612,True,True,,GICS L1
security_name,BLS-200612,True,True,,
price_timeseries,BLY-199612,True,True,1763,pandas
index_constituent_timeseries,BLY-199612@S&P 500,True,True,1763,
last_quoted_date,BLY-199612,True,True,,
first_quoted_date,BLY-199612,True,True,,
classification_at_level,BLY-199612,True,True,,GICS L1
security_name,BLY-199612,True,True,,
price_timeseries,BMC-201309,True,True,5971,pandas
index_constituent_timeseries,BMC-201309@S&P 500,True,True,5971,
last_quoted_date,BMC-201309,True,True,,
first_quoted_date,BMC-201309,True,True,,
classification_at_level,BMC-201309,True,True,,GICS L1
security_name,BMC-201309,True,True,,
price_timeseries,BMET-200709,True,True,4471,pandas
index_constituent_timeseries,BMET-200709@S&P 500,True,True,4471,
last_quoted_date,BMET-200709,True,True,,
first_quoted_date,BMET-200709,True,True,,
classification_at_level,BMET-200709,True,True,,GICS L1
security_name,BMET-200709,True,True,,
price_timeseries,BMG-200101,True,True,2787,pandas
index_constituent_timeseries,BMG-200101@S&P 500,True,True,2787,
last_quoted_date,BMG-200101,True,True,,
first_quoted_date,BMG-200101,True,True,,
classification_at_level,BMG-200101,True,True,,GICS L1
security_name,BMG-200101,True,True,,
price_timeseries,BMS-201906,True,True,7417,pandas
index_constituent_timeseries,BMS-201906@S&P 500,True,True,7417,
last_quoted_date,BMS-201906,True,True,,
first_quoted_date,BMS-201906,True,True,,
classification_at_level,BMS-201906,True,True,,GICS L1
security_name,BMS-201906,True,True,,
price_timeseries,BMY,True,True,9185,pandas
index_constituent_timeseries,BMY@S&P 500,True,True,9185,
last_quoted_date,BMY,True,True,,
first_quoted_date,BMY,True,True,,
classification_at_level,BMY,True,True,,GICS L1
security_name,BMY,True,True,,
price_timeseries,BN-199503,True,True,1315,pandas
index_constituent_timeseries,BN-199503@S&P 500,True,True,1315,
last_quoted_date,BN-199503,True,True,,
first_quoted_date,BN-199503,True,True,,
classification_at_level,BN-199503,True,True,,GICS L1
security_name,BN-199503,True,True,,
price_timeseries,BNDN-197503,True,True,0,empty
price_timeseries,BNI-201002,True,True,5072,pandas
index_constituent_timeseries,BNI-201002@S&P 500,True,True,5072,
last_quoted_date,BNI-201002,True,True,,
first_quoted_date,BNI-201002,True,True,,
classification_at_level,BNI-201002,True,True,,GICS L1
security_name,BNI-201002,True,True,,
price_timeseries,BNL-199806,True,True,2148,pandas
index_constituent_timeseries,BNL-199806@S&P 500,True,True,2148,
last_quoted_date,BNL-199806,True,True,,
first_quoted_date,BNL-199806,True,True,,
classification_at_level,BNL-199806,True,True,,GICS L1
security_name,BNL-199806,True,True,,
price_timeseries,BNSSA-201206,True,True,4321,pandas
index_constituent_timeseries,BNSSA-201206@S&P 500,True,True,4321,
last_quoted_date,BNSSA-201206,True,True,,
first_quoted_date,BNSSA-201206,True,True,,
classification_at_level,BNSSA-201206,True,True,,GICS L1
security_name,BNSSA-201206,True,True,,
price_timeseries,BNY,True,True,9185,pandas
index_constituent_timeseries,BNY@S&P 500,True,True,9185,
last_quoted_date,BNY,True,True,,
first_quoted_date,BNY,True,True,,
classification_at_level,BNY,True,True,,GICS L1
security_name,BNY,True,True,,
price_timeseries,BO-196612,True,True,0,empty
price_timeseries,BOAT-199701,True,True,1774,pandas
index_constituent_timeseries,BOAT-199701@S&P 500,True,True,1774,
last_quoted_date,BOAT-199701,True,True,,
first_quoted_date,BOAT-199701,True,True,,
classification_at_level,BOAT-199701,True,True,,GICS L1
security_name,BOAT-199701,True,True,,
price_timeseries,BOL-200710,True,True,4494,pandas
index_constituent_timeseries,BOL-200710@S&P 500,True,True,4494,
last_quoted_date,BOL-200710,True,True,,
first_quoted_date,BOL-200710,True,True,,
classification_at_level,BOL-200710,True,True,,GICS L1
security_name,BOL-200710,True,True,,
price_timeseries,BOR-198707,True,True,0,empty
price_timeseries,BPB-196106,True,True,0,empty
price_timeseries,BR,True,True,4844,pandas
index_constituent_timeseries,BR@S&P 500,True,True,4844,
last_quoted_date,BR,True,True,,
first_quoted_date,BR,True,True,,
classification_at_level,BR,True,True,,GICS L1
security_name,BR,True,True,,
price_timeseries,BR-200603,True,True,4098,pandas
index_constituent_timeseries,BR-200603@S&P 500,True,True,4098,
last_quoted_date,BR-200603,True,True,,
first_quoted_date,BR-200603,True,True,,
classification_at_level,BR-200603,True,True,,GICS L1
security_name,BR-200603,True,True,,
price_timeseries,BRCM-201601,True,True,4476,pandas
index_constituent_timeseries,BRCM-201601@S&P 500,True,True,4476,
last_quoted_date,BRCM-201601,True,True,,
first_quoted_date,BRCM-201601,True,True,,
classification_at_level,BRCM-201601,True,True,,GICS L1
security_name,BRCM-201601,True,True,,
price_timeseries,BRK.B,True,True,7578,pandas
index_constituent_timeseries,BRK.B@S&P 500,True,True,7578,
last_quoted_date,BRK.B,True,True,,
first_quoted_date,BRK.B,True,True,,
classification_at_level,BRK.B,True,True,,GICS L1
security_name,BRK.B,True,True,,
price_timeseries,BRK-196605,True,True,0,empty
price_timeseries,BRK-198802,True,True,0,empty
price_timeseries,BRL-200812,True,True,4763,pandas
index_constituent_timeseries,BRL-200812@S&P 500,True,True,4763,
last_quoted_date,BRL-200812,True,True,,
first_quoted_date,BRL-200812,True,True,,
classification_at_level,BRL-200812,True,True,,GICS L1
security_name,BRL-200812,True,True,,
price_timeseries,BRNO-199508,True,True,1424,pandas
index_constituent_timeseries,BRNO-199508@S&P 500,True,True,1424,
last_quoted_date,BRNO-199508,True,True,,
first_quoted_date,BRNO-199508,True,True,,
classification_at_level,BRNO-199508,True,True,,GICS L1
security_name,BRNO-199508,True,True,,
price_timeseries,BRO,True,True,8831,pandas
index_constituent_timeseries,BRO@S&P 500,True,True,8831,
last_quoted_date,BRO,True,True,,
first_quoted_date,BRO,True,True,,
classification_at_level,BRO,True,True,,GICS L1
security_name,BRO,True,True,,
price_timeseries,BRY-198604,True,True,0,empty
price_timeseries,BSC-200805,True,True,4642,pandas
index_constituent_timeseries,BSC-200805@S&P 500,True,True,4642,
last_quoted_date,BSC-200805,True,True,,
first_quoted_date,BSC-200805,True,True,,
classification_at_level,BSC-200805,True,True,,GICS L1
security_name,BSC-200805,True,True,,
price_timeseries,BSET,True,True,9181,pandas
index_constituent_timeseries,BSET@S&P 500,True,True,9181,
last_quoted_date,BSET,True,True,,
first_quoted_date,BSET,True,True,,
classification_at_level,BSET,True,True,,GICS L1
security_name,BSET,True,True,,
price_timeseries,BSX,True,True,8583,pandas
index_constituent_timeseries,BSX@S&P 500,True,True,8583,
last_quoted_date,BSX,True,True,,
first_quoted_date,BSX,True,True,,
classification_at_level,BSX,True,True,,GICS L1
security_name,BSX,True,True,,
price_timeseries,BT-199906,True,True,2381,pandas
index_constituent_timeseries,BT-199906@S&P 500,True,True,2381,
last_quoted_date,BT-199906,True,True,,
first_quoted_date,BT-199906,True,True,,
classification_at_level,BT-199906,True,True,,GICS L1
security_name,BT-199906,True,True,,
price_timeseries,BTUUQ-201704,True,True,3990,pandas
index_constituent_timeseries,BTUUQ-201704@S&P 500,True,True,3990,
last_quoted_date,BTUUQ-201704,True,True,,
first_quoted_date,BTUUQ-201704,True,True,,
classification_at_level,BTUUQ-201704,True,True,,GICS L1
security_name,BTUUQ-201704,True,True,,
price_timeseries,BUD-200811,True,True,4761,pandas
index_constituent_timeseries,BUD-200811@S&P 500,True,True,4761,
last_quoted_date,BUD-200811,True,True,,
first_quoted_date,BUD-200811,True,True,,
classification_at_level,BUD-200811,True,True,,GICS L1
security_name,BUD-200811,True,True,,
price_timeseries,BUR-198709,True,True,0,empty
price_timeseries,BV-199409,True,True,1201,pandas
index_constituent_timeseries,BV-199409@S&P 500,True,True,1201,
last_quoted_date,BV-199409,True,True,,
first_quoted_date,BV-199409,True,True,,
classification_at_level,BV-199409,True,True,,GICS L1
security_name,BV-199409,True,True,,
price_timeseries,BVSN-202005,True,True,5946,pandas
index_constituent_timeseries,BVSN-202005@S&P 500,True,True,5946,
last_quoted_date,BVSN-202005,True,True,,
first_quoted_date,BVSN-202005,True,True,,
classification_at_level,BVSN-202005,True,True,,GICS L1
security_name,BVSN-202005,True,True,,
price_timeseries,BWA,True,True,8270,pandas
index_constituent_timeseries,BWA@S&P 500,True,True,8270,
last_quoted_date,BWA,True,True,,
first_quoted_date,BWA,True,True,,
classification_at_level,BWA,True,True,,GICS L1
security_name,BWA,True,True,,
price_timeseries,BWN-198010,True,True,0,empty
price_timeseries,BWY-199510,True,True,1462,pandas
index_constituent_timeseries,BWY-199510@S&P 500,True,True,1462,
last_quoted_date,BWY-199510,True,True,,
first_quoted_date,BWY-199510,True,True,,
classification_at_level,BWY-199510,True,True,,GICS L1
security_name,BWY-199510,True,True,,
price_timeseries,BX,True,True,4780,pandas
index_constituent_timeseries,BX@S&P 500,True,True,4780,
last_quoted_date,BX,True,True,,
first_quoted_date,BX,True,True,,
classification_at_level,BX,True,True,,GICS L1
security_name,BX,True,True,,
price_timeseries,BX-198301,True,True,0,empty
price_timeseries,BXLT-201606,True,True,245,pandas
index_constituent_timeseries,BXLT-201606@S&P 500,True,True,245,
last_quoted_date,BXLT-201606,True,True,,
first_quoted_date,BXLT-201606,True,True,,
classification_at_level,BXLT-201606,True,True,,GICS L1
security_name,BXLT-201606,True,True,,
price_timeseries,BXP,True,True,7298,pandas
index_constituent_timeseries,BXP@S&P 500,True,True,7298,
last_quoted_date,BXP,True,True,,
first_quoted_date,BXP,True,True,,
classification_at_level,BXP,True,True,,GICS L1
security_name,BXP,True,True,,
price_timeseries,BYK-198206,True,True,0,empty
price_timeseries,C,True,True,9185,pandas
index_constituent_timeseries,C@S&P 500,True,True,9185,
last_quoted_date,C,True,True,,
first_quoted_date,C,True,True,,
classification_at_level,C,True,True,,GICS L1
security_name,C,True,True,,
price_timeseries,C-199811,True,True,2243,pandas
index_constituent_timeseries,C-199811@S&P 500,True,True,2243,
last_quoted_date,C-199811,True,True,,
first_quoted_date,C-199811,True,True,,
classification_at_level,C-199811,True,True,,GICS L1
security_name,C-199811,True,True,,
price_timeseries,CA-201811,True,True,7269,pandas
index_constituent_timeseries,CA-201811@S&P 500,True,True,7269,
last_quoted_date,CA-201811,True,True,,
first_quoted_date,CA-201811,True,True,,
classification_at_level,CA-201811,True,True,,GICS L1
security_name,CA-201811,True,True,,
price_timeseries,CAG,True,True,9185,pandas
index_constituent_timeseries,CAG@S&P 500,True,True,9185,
last_quoted_date,CAG,True,True,,
first_quoted_date,CAG,True,True,,
classification_at_level,CAG,True,True,,GICS L1
security_name,CAG,True,True,,
price_timeseries,CAH,True,True,9185,pandas
index_constituent_timeseries,CAH@S&P 500,True,True,9185,
last_quoted_date,CAH,True,True,,
first_quoted_date,CAH,True,True,,
classification_at_level,CAH,True,True,,GICS L1
security_name,CAH,True,True,,
price_timeseries,CAH-196804,True,True,0,empty
price_timeseries,CAL,True,True,9185,pandas
index_constituent_timeseries,CAL@S&P 500,True,True,9185,
last_quoted_date,CAL,True,True,,
first_quoted_date,CAL,True,True,,
classification_at_level,CAL,True,True,,GICS L1
security_name,CAL,True,True,,
price_timeseries,CAM-201604,True,True,5223,pandas
index_constituent_timeseries,CAM-201604@S&P 500,True,True,5223,
last_quoted_date,CAM-201604,True,True,,
first_quoted_date,CAM-201604,True,True,,
classification_at_level,CAM-201604,True,True,,GICS L1
security_name,CAM-201604,True,True,,
price_timeseries,CANT-196904,True,True,0,empty
price_timeseries,CAR,True,True,9185,pandas
index_constituent_timeseries,CAR@S&P 500,True,True,9185,
last_quoted_date,CAR,True,True,,
first_quoted_date,CAR,True,True,,
classification_at_level,CAR,True,True,,GICS L1
security_name,CAR,True,True,,
price_timeseries,CARD-200802,True,True,3965,pandas
index_constituent_timeseries,CARD-200802@S&P 500,True,True,3965,
last_quoted_date,CARD-200802,True,True,,
first_quoted_date,CARD-200802,True,True,,
classification_at_level,CARD-200802,True,True,,GICS L1
security_name,CARD-200802,True,True,,
price_timeseries,CARR,True,True,1573,pandas
index_constituent_timeseries,CARR@S&P 500,True,True,1573,
last_quoted_date,CARR,True,True,,
first_quoted_date,CARR,True,True,,
classification_at_level,CARR,True,True,,GICS L1
security_name,CARR,True,True,,
price_timeseries,CASY,True,True,9185,pandas
index_constituent_timeseries,CASY@S&P 500,True,True,9185,
last_quoted_date,CASY,True,True,,
first_quoted_date,CASY,True,True,,
classification_at_level,CASY,True,True,,GICS L1
security_name,CASY,True,True,,
price_timeseries,CAT,True,True,9185,pandas
index_constituent_timeseries,CAT@S&P 500,True,True,9185,
last_quoted_date,CAT,True,True,,
first_quoted_date,CAT,True,True,,
classification_at_level,CAT,True,True,,GICS L1
security_name,CAT,True,True,,
price_timeseries,CB,True,True,8368,pandas
index_constituent_timeseries,CB@S&P 500,True,True,8368,
last_quoted_date,CB,True,True,,
first_quoted_date,CB,True,True,,
classification_at_level,CB,True,True,,GICS L1
security_name,CB,True,True,,
price_timeseries,CB-201601,True,True,6562,pandas
index_constituent_timeseries,CB-201601@S&P 500,True,True,6562,
last_quoted_date,CB-201601,True,True,,
first_quoted_date,CB-201601,True,True,,
classification_at_level,CB-201601,True,True,,GICS L1
security_name,CB-201601,True,True,,
price_timeseries,CBB-199801,True,True,2041,pandas
index_constituent_timeseries,CBB-199801@S&P 500,True,True,2041,
last_quoted_date,CBB-199801,True,True,,
first_quoted_date,CBB-199801,True,True,,
classification_at_level,CBB-199801,True,True,,GICS L1
security_name,CBB-199801,True,True,,
price_timeseries,CBE-201211,True,True,5777,pandas
index_constituent_timeseries,CBE-201211@S&P 500,True,True,5777,
last_quoted_date,CBE-201211,True,True,,
first_quoted_date,CBE-201211,True,True,,
classification_at_level,CBE-201211,True,True,,GICS L1
security_name,CBE-201211,True,True,,
price_timeseries,CBH-200803,True,True,4547,pandas
index_constituent_timeseries,CBH-200803@S&P 500,True,True,4547,
last_quoted_date,CBH-200803,True,True,,
first_quoted_date,CBH-200803,True,True,,
classification_at_level,CBH-200803,True,True,,GICS L1
security_name,CBH-200803,True,True,,
price_timeseries,CBK-199408,True,True,1181,pandas
index_constituent_timeseries,CBK-199408@S&P 500,True,True,1181,
last_quoted_date,CBK-199408,True,True,,
first_quoted_date,CBK-199408,True,True,,
classification_at_level,CBK-199408,True,True,,GICS L1
security_name,CBK-199408,True,True,,
price_timeseries,CBL-199010,True,True,195,pandas
index_constituent_timeseries,CBL-199010@S&P 500,True,True,195,
last_quoted_date,CBL-199010,True,True,,
first_quoted_date,CBL-199010,True,True,,
classification_at_level,CBL-199010,True,True,,GICS L1
security_name,CBL-199010,True,True,,
price_timeseries,CBM-198702,True,True,0,empty
price_timeseries,CBO-199708,True,True,1816,pandas
index_constituent_timeseries,CBO-199708@S&P 500,True,True,1816,
last_quoted_date,CBO-199708,True,True,,
first_quoted_date,CBO-199708,True,True,,
classification_at_level,CBO-199708,True,True,,GICS L1
security_name,CBO-199708,True,True,,
price_timeseries,CBOE,True,True,4030,pandas
index_constituent_timeseries,CBOE@S&P 500,True,True,4030,
last_quoted_date,CBOE,True,True,,
first_quoted_date,CBOE,True,True,,
classification_at_level,CBOE,True,True,,GICS L1
security_name,CBOE,True,True,,
price_timeseries,CBRE,True,True,5543,pandas
index_constituent_timeseries,CBRE@S&P 500,True,True,5543,
last_quoted_date,CBRE,True,True,,
first_quoted_date,CBRE,True,True,,
classification_at_level,CBRE,True,True,,GICS L1
security_name,CBRE,True,True,,
price_timeseries,CBS-199511,True,True,1493,pandas
index_constituent_timeseries,CBS-199511@S&P 500,True,True,1493,
last_quoted_date,CBS-199511,True,True,,
first_quoted_date,CBS-199511,True,True,,
classification_at_level,CBS-199511,True,True,,GICS L1
security_name,CBS-199511,True,True,,
price_timeseries,CBS-200005,True,True,2613,pandas
index_constituent_timeseries,CBS-200005@S&P 500,True,True,2613,
last_quoted_date,CBS-200005,True,True,,
first_quoted_date,CBS-200005,True,True,,
classification_at_level,CBS-200005,True,True,,GICS L1
security_name,CBS-200005,True,True,,
price_timeseries,CBSS-200709,True,True,4456,pandas
index_constituent_timeseries,CBSS-200709@S&P 500,True,True,4456,
last_quoted_date,CBSS-200709,True,True,,
first_quoted_date,CBSS-200709,True,True,,
classification_at_level,CBSS-200709,True,True,,GICS L1
security_name,CBSS-200709,True,True,,
price_timeseries,CC-196808,True,True,0,empty
price_timeseries,CCB-199602,True,True,1546,pandas
index_constituent_timeseries,CCB-199602@S&P 500,True,True,1546,
last_quoted_date,CCB-199602,True,True,,
first_quoted_date,CCB-199602,True,True,,
classification_at_level,CCB-199602,True,True,,GICS L1
security_name,CCB-199602,True,True,,
price_timeseries,CCC-198411,True,True,0,empty
price_timeseries,CCEP,True,True,9185,pandas
index_constituent_timeseries,CCEP@S&P 500,True,True,9185,
last_quoted_date,CCEP,True,True,,
first_quoted_date,CCEP,True,True,,
classification_at_level,CCEP,True,True,,GICS L1
security_name,CCEP,True,True,,
price_timeseries,CCI,True,True,7004,pandas
index_constituent_timeseries,CCI@S&P 500,True,True,7004,
last_quoted_date,CCI,True,True,,
first_quoted_date,CCI,True,True,,
classification_at_level,CCI,True,True,,GICS L1
security_name,CCI,True,True,,
price_timeseries,CCI-199810,True,True,2215,pandas
index_constituent_timeseries,CCI-199810@S&P 500,True,True,2215,
last_quoted_date,CCI-199810,True,True,,
first_quoted_date,CCI-199810,True,True,,
classification_at_level,CCI-199810,True,True,,GICS L1
security_name,CCI-199810,True,True,,
price_timeseries,CCK,True,True,9185,pandas
index_constituent_timeseries,CCK@S&P 500,True,True,9185,
last_quoted_date,CCK,True,True,,
first_quoted_date,CCK,True,True,,
classification_at_level,CCK,True,True,,GICS L1
security_name,CCK,True,True,,
price_timeseries,CCL,True,True,9185,pandas
index_constituent_timeseries,CCL@S&P 500,True,True,9185,
last_quoted_date,CCL,True,True,,
first_quoted_date,CCL,True,True,,
classification_at_level,CCL,True,True,,GICS L1
security_name,CCL,True,True,,
price_timeseries,CCN-200107,True,True,2926,pandas
index_constituent_timeseries,CCN-200107@S&P 500,True,True,2926,
last_quoted_date,CCN-200107,True,True,,
first_quoted_date,CCN-200107,True,True,,
classification_at_level,CCN-200107,True,True,,GICS L1
security_name,CCN-200107,True,True,,
price_timeseries,CCTYQ-201109,True,True,5481,pandas
index_constituent_timeseries,CCTYQ-201109@S&P 500,True,True,5481,
last_quoted_date,CCTYQ-201109,True,True,,
first_quoted_date,CCTYQ-201109,True,True,,
classification_at_level,CCTYQ-201109,True,True,,GICS L1
security_name,CCTYQ-201109,True,True,,
price_timeseries,CCU-200807,True,True,4510,pandas
index_constituent_timeseries,CCU-200807@S&P 500,True,True,4510,
last_quoted_date,CCU-200807,True,True,,
first_quoted_date,CCU-200807,True,True,,
classification_at_level,CCU-200807,True,True,,GICS L1
security_name,CCU-200807,True,True,,
price_timeseries,CD-196807,True,True,0,empty
price_timeseries,CDD-200005,True,True,2628,pandas
index_constituent_timeseries,CDD-200005@S&P 500,True,True,2628,
last_quoted_date,CDD-200005,True,True,,
first_quoted_date,CDD-200005,True,True,,
classification_at_level,CDD-200005,True,True,,GICS L1
security_name,CDD-200005,True,True,,
price_timeseries,CDNS,True,True,9185,pandas
index_constituent_timeseries,CDNS@S&P 500,True,True,9185,
last_quoted_date,CDNS,True,True,,
first_quoted_date,CDNS,True,True,,
classification_at_level,CDNS,True,True,,GICS L1
security_name,CDNS,True,True,,
price_timeseries,CDP-197602,True,True,0,empty
price_timeseries,CDR-196801,True,True,0,empty
price_timeseries,CDW,True,True,3266,pandas
index_constituent_timeseries,CDW@S&P 500,True,True,3266,
last_quoted_date,CDW,True,True,,
first_quoted_date,CDW,True,True,,
classification_at_level,CDW,True,True,,GICS L1
security_name,CDW,True,True,,
price_timeseries,CE,True,True,5388,pandas
index_constituent_timeseries,CE@S&P 500,True,True,5388,
last_quoted_date,CE,True,True,,
first_quoted_date,CE,True,True,,
classification_at_level,CE,True,True,,GICS L1
security_name,CE,True,True,,
price_timeseries,CE-200402,True,True,3554,pandas
index_constituent_timeseries,CE-200402@S&P 500,True,True,3554,
last_quoted_date,CE-200402,True,True,,
first_quoted_date,CE-200402,True,True,,
classification_at_level,CE-200402,True,True,,GICS L1
security_name,CE-200402,True,True,,
price_timeseries,CEG,True,True,1110,pandas
index_constituent_timeseries,CEG@S&P 500,True,True,1110,
last_quoted_date,CEG,True,True,,
first_quoted_date,CEG,True,True,,
classification_at_level,CEG,True,True,,GICS L1
security_name,CEG,True,True,,
price_timeseries,CEG-201203,True,True,5595,pandas
index_constituent_timeseries,CEG-201203@S&P 500,True,True,5595,
last_quoted_date,CEG-201203,True,True,,
first_quoted_date,CEG-201203,True,True,,
classification_at_level,CEG-201203,True,True,,GICS L1
security_name,CEG-201203,True,True,,
price_timeseries,CELG-201911,True,True,7526,pandas
index_constituent_timeseries,CELG-201911@S&P 500,True,True,7526,
last_quoted_date,CELG-201911,True,True,,
first_quoted_date,CELG-201911,True,True,,
classification_at_level,CELG-201911,True,True,,GICS L1
security_name,CELG-201911,True,True,,
price_timeseries,CEN-200711,True,True,4503,pandas
index_constituent_timeseries,CEN-200711@S&P 500,True,True,4503,
last_quoted_date,CEN-200711,True,True,,
first_quoted_date,CEN-200711,True,True,,
classification_at_level,CEN-200711,True,True,,GICS L1
security_name,CEN-200711,True,True,,
price_timeseries,CEPH-201110,True,True,5157,pandas
index_constituent_timeseries,CEPH-201110@S&P 500,True,True,5157,
last_quoted_date,CEPH-201110,True,True,,
first_quoted_date,CEPH-201110,True,True,,
classification_at_level,CEPH-201110,True,True,,GICS L1
security_name,CEPH-201110,True,True,,
price_timeseries,CERN-202206,True,True,8142,pandas
index_constituent_timeseries,CERN-202206@S&P 500,True,True,8142,
last_quoted_date,CERN-202206,True,True,,
first_quoted_date,CERN-202206,True,True,,
classification_at_level,CERN-202206,True,True,,GICS L1
security_name,CERN-202206,True,True,,
price_timeseries,CF,True,True,5248,pandas
index_constituent_timeseries,CF@S&P 500,True,True,5248,
last_quoted_date,CF,True,True,,
first_quoted_date,CF,True,True,,
classification_at_level,CF,True,True,,GICS L1
security_name,CF,True,True,,
price_timeseries,CF-197112,True,True,0,empty
price_timeseries,CF-200408,True,True,3698,pandas
index_constituent_timeseries,CF-200408@S&P 500,True,True,3698,
last_quoted_date,CF-200408,True,True,,
first_quoted_date,CF-200408,True,True,,
classification_at_level,CF-200408,True,True,,GICS L1
security_name,CF-200408,True,True,,
price_timeseries,CFC-200806,True,True,4663,pandas
index_constituent_timeseries,CFC-200806@S&P 500,True,True,4663,
last_quoted_date,CFC-200806,True,True,,
first_quoted_date,CFC-200806,True,True,,
classification_at_level,CFC-200806,True,True,,GICS L1
security_name,CFC-200806,True,True,,
price_timeseries,CFG,True,True,2953,pandas
index_constituent_timeseries,CFG@S&P 500,True,True,2953,
last_quoted_date,CFG,True,True,,
first_quoted_date,CFG,True,True,,
classification_at_level,CFG,True,True,,GICS L1
security_name,CFG,True,True,,
price_timeseries,CFL-199804,True,True,2103,pandas
index_constituent_timeseries,CFL-199804@S&P 500,True,True,2103,
last_quoted_date,CFL-199804,True,True,,
first_quoted_date,CFL-199804,True,True,,
classification_at_level,CFL-199804,True,True,,GICS L1
security_name,CFL-199804,True,True,,
price_timeseries,CFN-201503,True,True,1400,pandas
index_constituent_timeseries,CFN-201503@S&P 500,True,True,1400,
last_quoted_date,CFN-201503,True,True,,
first_quoted_date,CFN-201503,True,True,,
classification_at_level,CFN-201503,True,True,,GICS L1
security_name,CFN-201503,True,True,,
price_timeseries,CFS-201012,True,True,4511,pandas
index_constituent_timeseries,CFS-201012@S&P 500,True,True,4511,
last_quoted_date,CFS-201012,True,True,,
first_quoted_date,CFS-201012,True,True,,
classification_at_level,CFS-201012,True,True,,GICS L1
security_name,CFS-201012,True,True,,
price_timeseries,CG-200011,True,True,2740,pandas
index_constituent_timeseries,CG-200011@S&P 500,True,True,2740,
last_quoted_date,CG-200011,True,True,,
first_quoted_date,CG-200011,True,True,,
classification_at_level,CG-200011,True,True,,GICS L1
security_name,CG-200011,True,True,,
price_timeseries,CGG-198612,True,True,0,empty
price_timeseries,CGH-196907,True,True,0,empty
price_timeseries,CGM-198108,True,True,0,empty
price_timeseries,CGP-200101,True,True,2799,pandas
index_constituent_timeseries,CGP-200101@S&P 500,True,True,2799,
last_quoted_date,CGP-200101,True,True,,
first_quoted_date,CGP-200101,True,True,,
classification_at_level,CGP-200101,True,True,,GICS L1
security_name,CGP-200101,True,True,,
price_timeseries,CGW-196803,True,True,0,empty
price_timeseries,CH-197901,True,True,0,empty
price_timeseries,CHA-200006,True,True,2646,pandas
index_constituent_timeseries,CHA-200006@S&P 500,True,True,2646,
last_quoted_date,CHA-200006,True,True,,
first_quoted_date,CHA-200006,True,True,,
classification_at_level,CHA-200006,True,True,,GICS L1
security_name,CHA-200006,True,True,,
price_timeseries,CHD,True,True,9185,pandas
index_constituent_timeseries,CHD@S&P 500,True,True,9185,
last_quoted_date,CHD,True,True,,
first_quoted_date,CHD,True,True,,
classification_at_level,CHD,True,True,,GICS L1
security_name,CHD,True,True,,
price_timeseries,CHG-199306,True,True,592,pandas
index_constituent_timeseries,CHG-199306@S&P 500,True,True,592,
last_quoted_date,CHG-199306,True,True,,
first_quoted_date,CHG-199306,True,True,,
classification_at_level,CHG-199306,True,True,,GICS L1
security_name,CHG-199306,True,True,,
price_timeseries,CHI-198104,True,True,0,empty
price_timeseries,CHIR-200604,True,True,4108,pandas
index_constituent_timeseries,CHIR-200604@S&P 500,True,True,4108,
last_quoted_date,CHIR-200604,True,True,,
first_quoted_date,CHIR-200604,True,True,,
classification_at_level,CHIR-200604,True,True,,GICS L1
security_name,CHIR-200604,True,True,,
price_timeseries,CHKAQ-202102,True,True,7038,pandas
index_constituent_timeseries,CHKAQ-202102@S&P 500,True,True,7038,
last_quoted_date,CHKAQ-202102,True,True,,
first_quoted_date,CHKAQ-202102,True,True,,
classification_at_level,CHKAQ-202102,True,True,,GICS L1
security_name,CHKAQ-202102,True,True,,
price_timeseries,CHM-198907,True,True,0,empty
price_timeseries,CHRS-201206,True,True,5661,pandas
index_constituent_timeseries,CHRS-201206@S&P 500,True,True,5661,
last_quoted_date,CHRS-201206,True,True,,
first_quoted_date,CHRS-201206,True,True,,
classification_at_level,CHRS-201206,True,True,,GICS L1
security_name,CHRS-201206,True,True,,
price_timeseries,CHRW,True,True,7215,pandas
index_constituent_timeseries,CHRW@S&P 500,True,True,7215,
last_quoted_date,CHRW,True,True,,
first_quoted_date,CHRW,True,True,,
classification_at_level,CHRW,True,True,,GICS L1
security_name,CHRW,True,True,,
price_timeseries,CHTR,True,True,4138,pandas
index_constituent_timeseries,CHTR@S&P 500,True,True,4138,
last_quoted_date,CHTR,True,True,,
first_quoted_date,CHTR,True,True,,
classification_at_level,CHTR,True,True,,GICS L1
security_name,CHTR,True,True,,
price_timeseries,CHU-198909,True,True,0,empty
price_timeseries,CI,True,True,9185,pandas
index_constituent_timeseries,CI@S&P 500,True,True,9185,
last_quoted_date,CI,True,True,,
first_quoted_date,CI,True,True,,
classification_at_level,CI,True,True,,GICS L1
security_name,CI,True,True,,
price_timeseries,CI-196809,True,True,0,empty
price_timeseries,CIC-199505,True,True,1355,pandas
index_constituent_timeseries,CIC-199505@S&P 500,True,True,1355,
last_quoted_date,CIC-199505,True,True,,
first_quoted_date,CIC-199505,True,True,,
classification_at_level,CIC-199505,True,True,,GICS L1
security_name,CIC-199505,True,True,,
price_timeseries,CID-197102,True,True,0,empty
price_timeseries,CIEN,True,True,7388,pandas
index_constituent_timeseries,CIEN@S&P 500,True,True,7388,
last_quoted_date,CIEN,True,True,,
first_quoted_date,CIEN,True,True,,
classification_at_level,CIEN,True,True,,GICS L1
security_name,CIEN,True,True,,
price_timeseries,CIN-200603,True,True,4098,pandas
index_constituent_timeseries,CIN-200603@S&P 500,True,True,4098,
last_quoted_date,CIN-200603,True,True,,
first_quoted_date,CIN-200603,True,True,,
classification_at_level,CIN-200603,True,True,,GICS L1
security_name,CIN-200603,True,True,,
price_timeseries,CINF,True,True,9185,pandas
index_constituent_timeseries,CINF@S&P 500,True,True,9185,
last_quoted_date,CINF,True,True,,
first_quoted_date,CINF,True,True,,
classification_at_level,CINF,True,True,,GICS L1
security_name,CINF,True,True,,
price_timeseries,CIT-198001,True,True,0,empty
price_timeseries,CIT-200106,True,True,894,pandas
index_constituent_timeseries,CIT-200106@S&P 500,True,True,894,
last_quoted_date,CIT-200106,True,True,,
first_quoted_date,CIT-200106,True,True,,
classification_at_level,CIT-200106,True,True,,GICS L1
security_name,CIT-200106,True,True,,
price_timeseries,CITA-196504,True,True,0,empty
price_timeseries,CITGQ-200912,True,True,1875,pandas
index_constituent_timeseries,CITGQ-200912@S&P 500,True,True,1875,
last_quoted_date,CITGQ-200912,True,True,,
first_quoted_date,CITGQ-200912,True,True,,
classification_at_level,CITGQ-200912,True,True,,GICS L1
security_name,CITGQ-200912,True,True,,
price_timeseries,CITI-199609,True,True,1536,pandas
index_constituent_timeseries,CITI-199609@S&P 500,True,True,1536,
last_quoted_date,CITI-199609,True,True,,
first_quoted_date,CITI-199609,True,True,,
classification_at_level,CITI-199609,True,True,,GICS L1
security_name,CITI-199609,True,True,,
price_timeseries,CIV-200208,True,True,3175,pandas
index_constituent_timeseries,CIV-200208@S&P 500,True,True,3175,
last_quoted_date,CIV-200208,True,True,,
first_quoted_date,CIV-200208,True,True,,
classification_at_level,CIV-200208,True,True,,GICS L1
security_name,CIV-200208,True,True,,
price_timeseries,CK-198701,True,True,0,empty
price_timeseries,CKL-199505,True,True,1366,pandas
index_constituent_timeseries,CKL-199505@S&P 500,True,True,1366,
last_quoted_date,CKL-199505,True,True,,
first_quoted_date,CKL-199505,True,True,,
classification_at_level,CKL-199505,True,True,,GICS L1
security_name,CKL-199505,True,True,,
price_timeseries,CL,True,True,9185,pandas
index_constituent_timeseries,CL@S&P 500,True,True,9185,
last_quoted_date,CL,True,True,,
first_quoted_date,CL,True,True,,
classification_at_level,CL,True,True,,GICS L1
security_name,CL,True,True,,
price_timeseries,CLF,True,True,9184,pandas
index_constituent_timeseries,CLF@S&P 500,True,True,9184,
last_quoted_date,CLF,True,True,,
first_quoted_date,CLF,True,True,,
classification_at_level,CLF,True,True,,GICS L1
security_name,CLF,True,True,,
price_timeseries,CLL-198109,True,True,0,empty
price_timeseries,CLM-195712,True,True,0,empty
price_timeseries,CLN-198904,True,True,0,empty
price_timeseries,CLO-196408,True,True,0,empty
price_timeseries,CLO-198909,True,True,0,empty
price_timeseries,CLU-198601,True,True,0,empty
price_timeseries,CLX,True,True,9185,pandas
index_constituent_timeseries,CLX@S&P 500,True,True,9185,
last_quoted_date,CLX,True,True,,
first_quoted_date,CLX,True,True,,
classification_at_level,CLX,True,True,,GICS L1
security_name,CLX,True,True,,
price_timeseries,CMA-202601,True,True,9087,pandas
index_constituent_timeseries,CMA-202601@S&P 500,True,True,9087,
last_quoted_date,CMA-202601,True,True,,
first_quoted_date,CMA-202601,True,True,,
classification_at_level,CMA-202601,True,True,,GICS L1
security_name,CMA-202601,True,True,,
price_timeseries,CMB-196201,True,True,0,empty
price_timeseries,CMB-199603,True,True,1580,pandas
index_constituent_timeseries,CMB-199603@S&P 500,True,True,1580,
last_quoted_date,CMB-199603,True,True,,
first_quoted_date,CMB-199603,True,True,,
classification_at_level,CMB-199603,True,True,,GICS L1
security_name,CMB-199603,True,True,,
price_timeseries,CMCSA,True,True,9185,pandas
index_constituent_timeseries,CMCSA@S&P 500,True,True,9185,
last_quoted_date,CMCSA,True,True,,
first_quoted_date,CMCSA,True,True,,
classification_at_level,CMCSA,True,True,,GICS L1
security_name,CMCSA,True,True,,
price_timeseries,CMCSK-201512,True,True,6540,pandas
index_constituent_timeseries,CMCSK-201512@S&P 500,True,True,6540,
last_quoted_date,CMCSK-201512,True,True,,
first_quoted_date,CMCSK-201512,True,True,,
classification_at_level,CMCSK-201512,True,True,,GICS L1
security_name,CMCSK-201512,True,True,,
price_timeseries,CME,True,True,5922,pandas
index_constituent_timeseries,CME@S&P 500,True,True,5922,
last_quoted_date,CME,True,True,,
first_quoted_date,CME,True,True,,
classification_at_level,CME,True,True,,GICS L1
security_name,CME,True,True,,
price_timeseries,CMG,True,True,5133,pandas
index_constituent_timeseries,CMG@S&P 500,True,True,5133,
last_quoted_date,CMG,True,True,,
first_quoted_date,CMG,True,True,,
classification_at_level,CMG,True,True,,GICS L1
security_name,CMG,True,True,,
price_timeseries,CMI,True,True,9185,pandas
index_constituent_timeseries,CMI@S&P 500,True,True,9185,
last_quoted_date,CMI,True,True,,
first_quoted_date,CMI,True,True,,
classification_at_level,CMI,True,True,,GICS L1
security_name,CMI,True,True,,
price_timeseries,CMI-197507,True,True,0,empty
price_timeseries,CMIL-196201,True,True,0,empty
price_timeseries,CMK-198501,True,True,0,empty
price_timeseries,CMR-197804,True,True,0,empty
price_timeseries,CMS,True,True,9185,pandas
index_constituent_timeseries,CMS@S&P 500,True,True,9185,
last_quoted_date,CMS,True,True,,
first_quoted_date,CMS,True,True,,
classification_at_level,CMS,True,True,,GICS L1
security_name,CMS,True,True,,
price_timeseries,CMVT-201302,True,True,5820,pandas
index_constituent_timeseries,CMVT-201302@S&P 500,True,True,5820,
last_quoted_date,CMVT-201302,True,True,,
first_quoted_date,CMVT-201302,True,True,,
classification_at_level,CMVT-201302,True,True,,GICS L1
security_name,CMVT-201302,True,True,,
price_timeseries,CMX-200703,True,True,3041,pandas
index_constituent_timeseries,CMX-200703@S&P 500,True,True,3041,
last_quoted_date,CMX-200703,True,True,,
first_quoted_date,CMX-200703,True,True,,
classification_at_level,CMX-200703,True,True,,GICS L1
security_name,CMX-200703,True,True,,
price_timeseries,CN-196801,True,True,0,empty
price_timeseries,CNA,True,True,9185,pandas
index_constituent_timeseries,CNA@S&P 500,True,True,9185,
last_quoted_date,CNA,True,True,,
first_quoted_date,CNA,True,True,,
classification_at_level,CNA,True,True,,GICS L1
security_name,CNA,True,True,,
price_timeseries,CNC,True,True,6169,pandas
index_constituent_timeseries,CNC@S&P 500,True,True,6169,
last_quoted_date,CNC,True,True,,
first_quoted_date,CNC,True,True,,
classification_at_level,CNC,True,True,,GICS L1
security_name,CNC,True,True,,
price_timeseries,CNCEQ-200309,True,True,3451,pandas
index_constituent_timeseries,CNCEQ-200309@S&P 500,True,True,3451,
last_quoted_date,CNCEQ-200309,True,True,,
first_quoted_date,CNCEQ-200309,True,True,,
classification_at_level,CNCEQ-200309,True,True,,GICS L1
security_name,CNCEQ-200309,True,True,,
price_timeseries,CNEO-196810,True,True,0,empty
price_timeseries,CNG-200001,True,True,2547,pandas
index_constituent_timeseries,CNG-200001@S&P 500,True,True,2547,
last_quoted_date,CNG-200001,True,True,,
first_quoted_date,CNG-200001,True,True,,
classification_at_level,CNG-200001,True,True,,GICS L1
security_name,CNG-200001,True,True,,
price_timeseries,CNN-196903,True,True,0,empty
price_timeseries,CNP,True,True,9185,pandas
index_constituent_timeseries,CNP@S&P 500,True,True,9185,
last_quoted_date,CNP,True,True,,
first_quoted_date,CNP,True,True,,
classification_at_level,CNP,True,True,,GICS L1
security_name,CNP,True,True,,
price_timeseries,CNR-196811,True,True,0,empty
price_timeseries,CNT-199303,True,True,805,pandas
index_constituent_timeseries,CNT-199303@S&P 500,True,True,805,
last_quoted_date,CNT-199303,True,True,,
first_quoted_date,CNT-199303,True,True,,
classification_at_level,CNT-199303,True,True,,GICS L1
security_name,CNT-199303,True,True,,
price_timeseries,CNW-201510,True,True,6510,pandas
index_constituent_timeseries,CNW-201510@S&P 500,True,True,6510,
last_quoted_date,CNW-201510,True,True,,
first_quoted_date,CNW-201510,True,True,,
classification_at_level,CNW-201510,True,True,,GICS L1
security_name,CNW-201510,True,True,,
price_timeseries,CNWEA-198910,True,True,0,empty
price_timeseries,CNX,True,True,6828,pandas
index_constituent_timeseries,CNX@S&P 500,True,True,6828,
last_quoted_date,CNX,True,True,,
first_quoted_date,CNX,True,True,,
classification_at_level,CNX,True,True,,GICS L1
security_name,CNX,True,True,,
price_timeseries,CNXT-201104,True,True,3109,pandas
index_constituent_timeseries,CNXT-201104@S&P 500,True,True,3109,
last_quoted_date,CNXT-201104,True,True,,
first_quoted_date,CNXT-201104,True,True,,
classification_at_level,CNXT-201104,True,True,,GICS L1
security_name,CNXT-201104,True,True,,
price_timeseries,CO-198010,True,True,0,empty
price_timeseries,COC-200208,True,True,788,pandas
index_constituent_timeseries,COC-200208@S&P 500,True,True,788,
last_quoted_date,COC-200208,True,True,,
first_quoted_date,COC-200208,True,True,,
classification_at_level,COC-200208,True,True,,GICS L1
security_name,COC-200208,True,True,,
price_timeseries,COD-196004,True,True,0,empty
price_timeseries,COE-198403,True,True,0,empty
price_timeseries,COF,True,True,7951,pandas
index_constituent_timeseries,COF@S&P 500,True,True,7951,
last_quoted_date,COF,True,True,,
first_quoted_date,COF,True,True,,
classification_at_level,COF,True,True,,GICS L1
security_name,COF,True,True,,
price_timeseries,COG-196809,True,True,0,empty
price_timeseries,COG-198001,True,True,0,empty
price_timeseries,COHR,True,True,8861,pandas
index_constituent_timeseries,COHR@S&P 500,True,True,8861,
last_quoted_date,COHR,True,True,,
first_quoted_date,COHR,True,True,,
classification_at_level,COHR,True,True,,GICS L1
security_name,COHR,True,True,,
price_timeseries,COIN,True,True,1304,pandas
index_constituent_timeseries,COIN@S&P 500,True,True,1304,
last_quoted_date,COIN,True,True,,
first_quoted_date,COIN,True,True,,
classification_at_level,COIN,True,True,,GICS L1
security_name,COIN,True,True,,
price_timeseries,COL-201811,True,True,4390,pandas
index_constituent_timeseries,COL-201811@S&P 500,True,True,4390,
last_quoted_date,COL-201811,True,True,,
first_quoted_date,COL-201811,True,True,,
classification_at_level,COL-201811,True,True,,GICS L1
security_name,COL-201811,True,True,,
price_timeseries,COMS-201004,True,True,5110,pandas
index_constituent_timeseries,COMS-201004@S&P 500,True,True,5110,
last_quoted_date,COMS-201004,True,True,,
first_quoted_date,COMS-201004,True,True,,
classification_at_level,COMS-201004,True,True,,GICS L1
security_name,COMS-201004,True,True,,
price_timeseries,COO,True,True,9185,pandas
index_constituent_timeseries,COO@S&P 500,True,True,9185,
last_quoted_date,COO,True,True,,
first_quoted_date,COO,True,True,,
classification_at_level,COO,True,True,,GICS L1
security_name,COO,True,True,,
price_timeseries,COP,True,True,9185,pandas
index_constituent_timeseries,COP@S&P 500,True,True,9185,
last_quoted_date,COP,True,True,,
first_quoted_date,COP,True,True,,
classification_at_level,COP,True,True,,GICS L1
security_name,COP,True,True,,
price_timeseries,COR,True,True,7856,pandas
index_constituent_timeseries,COR@S&P 500,True,True,7856,
last_quoted_date,COR,True,True,,
first_quoted_date,COR,True,True,,
classification_at_level,COR,True,True,,GICS L1
security_name,COR,True,True,,
price_timeseries,COST,True,True,9185,pandas
index_constituent_timeseries,COST@S&P 500,True,True,9185,
last_quoted_date,COST,True,True,,
first_quoted_date,COST,True,True,,
classification_at_level,COST,True,True,,GICS L1
security_name,COST,True,True,,
price_timeseries,COT-198806,True,True,0,empty
price_timeseries,COTY,True,True,3276,pandas
index_constituent_timeseries,COTY@S&P 500,True,True,3276,
last_quoted_date,COTY,True,True,,
first_quoted_date,COTY,True,True,,
classification_at_level,COTY,True,True,,GICS L1
security_name,COTY,True,True,,
price_timeseries,COV-201501,True,True,1918,pandas
index_constituent_timeseries,COV-201501@S&P 500,True,True,1918,
last_quoted_date,COV-201501,True,True,,
first_quoted_date,COV-201501,True,True,,
classification_at_level,COV-201501,True,True,,GICS L1
security_name,COV-201501,True,True,,
price_timeseries,COW-196108,True,True,0,empty
price_timeseries,COX-198508,True,True,0,empty
price_timeseries,CP-200110,True,True,2966,pandas
index_constituent_timeseries,CP-200110@S&P 500,True,True,2966,
last_quoted_date,CP-200110,True,True,,
first_quoted_date,CP-200110,True,True,,
classification_at_level,CP-200110,True,True,,GICS L1
security_name,CP-200110,True,True,,
price_timeseries,CPAY,True,True,3902,pandas
index_constituent_timeseries,CPAY@S&P 500,True,True,3902,
last_quoted_date,CPAY,True,True,,
first_quoted_date,CPAY,True,True,,
classification_at_level,CPAY,True,True,,GICS L1
security_name,CPAY,True,True,,
price_timeseries,CPB,True,True,9185,pandas
index_constituent_timeseries,CPB@S&P 500,True,True,9185,
last_quoted_date,CPB,True,True,,
first_quoted_date,CPB,True,True,,
classification_at_level,CPB,True,True,,GICS L1
security_name,CPB,True,True,,
price_timeseries,CPC-196805,True,True,0,empty
price_timeseries,CPGX-201606,True,True,263,pandas
index_constituent_timeseries,CPGX-201606@S&P 500,True,True,263,
last_quoted_date,CPGX-201606,True,True,,
first_quoted_date,CPGX-201606,True,True,,
classification_at_level,CPGX-201606,True,True,,GICS L1
security_name,CPGX-201606,True,True,,
price_timeseries,CPNLQ-200802,True,True,2860,pandas
index_constituent_timeseries,CPNLQ-200802@S&P 500,True,True,2860,
last_quoted_date,CPNLQ-200802,True,True,,
first_quoted_date,CPNLQ-200802,True,True,,
classification_at_level,CPNLQ-200802,True,True,,GICS L1
security_name,CPNLQ-200802,True,True,,
price_timeseries,CPP-196702,True,True,0,empty
price_timeseries,CPPRQ-202102,True,True,7832,pandas
index_constituent_timeseries,CPPRQ-202102@S&P 500,True,True,7832,
last_quoted_date,CPPRQ-202102,True,True,,
first_quoted_date,CPPRQ-202102,True,True,,
classification_at_level,CPPRQ-202102,True,True,,GICS L1
security_name,CPPRQ-202102,True,True,,
price_timeseries,CPQ-200205,True,True,3113,pandas
index_constituent_timeseries,CPQ-200205@S&P 500,True,True,3113,
last_quoted_date,CPQ-200205,True,True,,
first_quoted_date,CPQ-200205,True,True,,
classification_at_level,CPQ-200205,True,True,,GICS L1
security_name,CPQ-200205,True,True,,
price_timeseries,CPRI,True,True,3649,pandas
index_constituent_timeseries,CPRI@S&P 500,True,True,3649,
last_quoted_date,CPRI,True,True,,
first_quoted_date,CPRI,True,True,,
classification_at_level,CPRI,True,True,,GICS L1
security_name,CPRI,True,True,,
price_timeseries,CPRT,True,True,8110,pandas
index_constituent_timeseries,CPRT@S&P 500,True,True,8110,
last_quoted_date,CPRT,True,True,,
first_quoted_date,CPRT,True,True,,
classification_at_level,CPRT,True,True,,GICS L1
security_name,CPRT,True,True,,
price_timeseries,CPS-198206,True,True,0,empty
price_timeseries,CPT,True,True,8286,pandas
index_constituent_timeseries,CPT@S&P 500,True,True,8286,
last_quoted_date,CPT,True,True,,
first_quoted_date,CPT,True,True,,
classification_at_level,CPT,True,True,,GICS L1
security_name,CPT,True,True,,
price_timeseries,CPWR-201412,True,True,5541,pandas
index_constituent_timeseries,CPWR-201412@S&P 500,True,True,5541,
last_quoted_date,CPWR-201412,True,True,,
first_quoted_date,CPWR-201412,True,True,,
classification_at_level,CPWR-201412,True,True,,GICS L1
security_name,CPWR-201412,True,True,,
price_timeseries,CPX-197705,True,True,0,empty
price_timeseries,CRD-198202,True,True,0,empty
price_timeseries,CRF-198107,True,True,0,empty
price_timeseries,CRH,True,True,2649,pandas
index_constituent_timeseries,CRH@S&P 500,True,True,2649,
last_quoted_date,CRH,True,True,,
first_quoted_date,CRH,True,True,,
classification_at_level,CRH,True,True,,GICS L1
security_name,CRH,True,True,,
price_timeseries,CRK-198708,True,True,0,empty
price_timeseries,CRL,True,True,6537,pandas
index_constituent_timeseries,CRL@S&P 500,True,True,6537,
last_quoted_date,CRL,True,True,,
first_quoted_date,CRL,True,True,,
classification_at_level,CRL,True,True,,GICS L1
security_name,CRL,True,True,,
price_timeseries,CRM,True,True,5535,pandas
index_constituent_timeseries,CRM@S&P 500,True,True,5535,
last_quoted_date,CRM,True,True,,
first_quoted_date,CRM,True,True,,
classification_at_level,CRM,True,True,,GICS L1
security_name,CRM,True,True,,
price_timeseries,CRR-197907,True,True,0,empty
price_timeseries,CRR-199706,True,True,1876,pandas
index_constituent_timeseries,CRR-199706@S&P 500,True,True,1876,
last_quoted_date,CRR-199706,True,True,,
first_quoted_date,CRR-199706,True,True,,
classification_at_level,CRR-199706,True,True,,GICS L1
security_name,CRR-199706,True,True,,
price_timeseries,CRWD,True,True,1767,pandas
index_constituent_timeseries,CRWD@S&P 500,True,True,1767,
last_quoted_date,CRWD,True,True,,
first_quoted_date,CRWD,True,True,,
classification_at_level,CRWD,True,True,,GICS L1
security_name,CRWD,True,True,,
price_timeseries,CS-198212,True,True,0,empty
price_timeseries,CSC-196609,True,True,0,empty
price_timeseries,CSCO,True,True,9152,pandas
index_constituent_timeseries,CSCO@S&P 500,True,True,9152,
last_quoted_date,CSCO,True,True,,
first_quoted_date,CSCO,True,True,,
classification_at_level,CSCO,True,True,,GICS L1
security_name,CSCO,True,True,,
price_timeseries,CSCS-198601,True,True,0,empty
price_timeseries,CSE-199911,True,True,1362,pandas
index_constituent_timeseries,CSE-199911@S&P 500,True,True,1362,
last_quoted_date,CSE-199911,True,True,,
first_quoted_date,CSE-199911,True,True,,
classification_at_level,CSE-199911,True,True,,GICS L1
security_name,CSE-199911,True,True,,
price_timeseries,CSGP,True,True,7029,pandas
index_constituent_timeseries,CSGP@S&P 500,True,True,7029,
last_quoted_date,CSGP,True,True,,
first_quoted_date,CSGP,True,True,,
classification_at_level,CSGP,True,True,,GICS L1
security_name,CSGP,True,True,,
price_timeseries,CSP-199001,True,True,21,pandas
index_constituent_timeseries,CSP-199001@S&P 500,True,True,21,
last_quoted_date,CSP-199001,True,True,,
first_quoted_date,CSP-199001,True,True,,
classification_at_level,CSP-199001,True,True,,GICS L1
security_name,CSP-199001,True,True,,
price_timeseries,CSR-200006,True,True,2643,pandas
index_constituent_timeseries,CSR-200006@S&P 500,True,True,2643,
last_quoted_date,CSR-200006,True,True,,
first_quoted_date,CSR-200006,True,True,,
classification_at_level,CSR-200006,True,True,,GICS L1
security_name,CSR-200006,True,True,,
price_timeseries,CSRA-201804,True,True,598,pandas
index_constituent_timeseries,CSRA-201804@S&P 500,True,True,598,
last_quoted_date,CSRA-201804,True,True,,
first_quoted_date,CSRA-201804,True,True,,
classification_at_level,CSRA-201804,True,True,,GICS L1
security_name,CSRA-201804,True,True,,
price_timeseries,CSX,True,True,9185,pandas
index_constituent_timeseries,CSX@S&P 500,True,True,9185,
last_quoted_date,CSX,True,True,,
first_quoted_date,CSX,True,True,,
classification_at_level,CSX,True,True,,GICS L1
security_name,CSX,True,True,,
price_timeseries,CSY-198505,True,True,0,empty
price_timeseries,CTAS,True,True,9185,pandas
index_constituent_timeseries,CTAS@S&P 500,True,True,9185,
last_quoted_date,CTAS,True,True,,
first_quoted_date,CTAS,True,True,,
classification_at_level,CTAS,True,True,,GICS L1
security_name,CTAS,True,True,,
price_timeseries,CTB-202106,True,True,7918,pandas
index_constituent_timeseries,CTB-202106@S&P 500,True,True,7918,
last_quoted_date,CTB-202106,True,True,,
first_quoted_date,CTB-202106,True,True,,
classification_at_level,CTB-202106,True,True,,GICS L1
security_name,CTB-202106,True,True,,
price_timeseries,CTC-199103,True,True,303,pandas
index_constituent_timeseries,CTC-199103@S&P 500,True,True,303,
last_quoted_date,CTC-199103,True,True,,
first_quoted_date,CTC-199103,True,True,,
classification_at_level,CTC-199103,True,True,,GICS L1
security_name,CTC-199103,True,True,,
price_timeseries,CTCO-199110,True,True,465,pandas
index_constituent_timeseries,CTCO-199110@S&P 500,True,True,465,
last_quoted_date,CTCO-199110,True,True,,
first_quoted_date,CTCO-199110,True,True,,
classification_at_level,CTCO-199110,True,True,,GICS L1
security_name,CTCO-199110,True,True,,
price_timeseries,CTLT-202412,True,True,2614,pandas
index_constituent_timeseries,CTLT-202412@S&P 500,True,True,2614,
last_quoted_date,CTLT-202412,True,True,,
first_quoted_date,CTLT-202412,True,True,,
classification_at_level,CTLT-202412,True,True,,GICS L1
security_name,CTLT-202412,True,True,,
price_timeseries,CTN-197711,True,True,0,empty
price_timeseries,CTRA-202605,True,True,9091,pandas
index_constituent_timeseries,CTRA-202605@S&P 500,True,True,9091,
last_quoted_date,CTRA-202605,True,True,,
first_quoted_date,CTRA-202605,True,True,,
classification_at_level,CTRA-202605,True,True,,GICS L1
security_name,CTRA-202605,True,True,,
price_timeseries,CTSH,True,True,7045,pandas
index_constituent_timeseries,CTSH@S&P 500,True,True,7045,
last_quoted_date,CTSH,True,True,,
first_quoted_date,CTSH,True,True,,
classification_at_level,CTSH,True,True,,GICS L1
security_name,CTSH,True,True,,
price_timeseries,CTVA,True,True,1779,pandas
index_constituent_timeseries,CTVA@S&P 500,True,True,1779,
last_quoted_date,CTVA,True,True,,
first_quoted_date,CTVA,True,True,,
classification_at_level,CTVA,True,True,,GICS L1
security_name,CTVA,True,True,,
price_timeseries,CTX-200908,True,True,4949,pandas
index_constituent_timeseries,CTX-200908@S&P 500,True,True,4949,
last_quoted_date,CTX-200908,True,True,,
first_quoted_date,CTX-200908,True,True,,
classification_at_level,CTX-200908,True,True,,GICS L1
security_name,CTX-200908,True,True,,
price_timeseries,CTXS-202209,True,True,6749,pandas
index_constituent_timeseries,CTXS-202209@S&P 500,True,True,6749,
last_quoted_date,CTXS-202209,True,True,,
first_quoted_date,CTXS-202209,True,True,,
classification_at_level,CTXS-202209,True,True,,GICS L1
security_name,CTXS-202209,True,True,,
price_timeseries,CUD-197107,True,True,0,empty
price_timeseries,CUE-199309,True,True,949,pandas
index_constituent_timeseries,CUE-199309@S&P 500,True,True,949,
last_quoted_date,CUE-199309,True,True,,
first_quoted_date,CUE-199309,True,True,,
classification_at_level,CUE-199309,True,True,,GICS L1
security_name,CUE-199309,True,True,,
price_timeseries,CUL-198909,True,True,0,empty
price_timeseries,CV-197505,True,True,0,empty
price_timeseries,CVC-201606,True,True,6662,pandas
index_constituent_timeseries,CVC-201606@S&P 500,True,True,6662,
last_quoted_date,CVC-201606,True,True,,
first_quoted_date,CVC-201606,True,True,,
classification_at_level,CVC-201606,True,True,,GICS L1
security_name,CVC-201606,True,True,,
price_timeseries,CVG-201810,True,True,5070,pandas
index_constituent_timeseries,CVG-201810@S&P 500,True,True,5070,
last_quoted_date,CVG-201810,True,True,,
first_quoted_date,CVG-201810,True,True,,
classification_at_level,CVG-201810,True,True,,GICS L1
security_name,CVG-201810,True,True,,
price_timeseries,CVGQE-200412,True,True,3755,pandas
index_constituent_timeseries,CVGQE-200412@S&P 500,True,True,3755,
last_quoted_date,CVGQE-200412,True,True,,
first_quoted_date,CVGQE-200412,True,True,,
classification_at_level,CVGQE-200412,True,True,,GICS L1
security_name,CVGQE-200412,True,True,,
price_timeseries,CVH-201305,True,True,5557,pandas
index_constituent_timeseries,CVH-201305@S&P 500,True,True,5557,
last_quoted_date,CVH-201305,True,True,,
first_quoted_date,CVH-201305,True,True,,
classification_at_level,CVH-201305,True,True,,GICS L1
security_name,CVH-201305,True,True,,
price_timeseries,CVN-198802,True,True,0,empty
price_timeseries,CVN-199112,True,True,336,pandas
index_constituent_timeseries,CVN-199112@S&P 500,True,True,336,
last_quoted_date,CVN-199112,True,True,,
first_quoted_date,CVN-199112,True,True,,
classification_at_level,CVN-199112,True,True,,GICS L1
security_name,CVN-199112,True,True,,
price_timeseries,CVNA,True,True,2300,pandas
index_constituent_timeseries,CVNA@S&P 500,True,True,2300,
last_quoted_date,CVNA,True,True,,
first_quoted_date,CVNA,True,True,,
classification_at_level,CVNA,True,True,,GICS L1
security_name,CVNA,True,True,,
price_timeseries,CVS,True,True,9185,pandas
index_constituent_timeseries,CVS@S&P 500,True,True,9185,
last_quoted_date,CVS,True,True,,
first_quoted_date,CVS,True,True,,
classification_at_level,CVS,True,True,,GICS L1
security_name,CVS,True,True,,
price_timeseries,CVSA,True,True,8777,pandas
index_constituent_timeseries,CVSA@S&P 500,True,True,8777,
last_quoted_date,CVSA,True,True,,
first_quoted_date,CVSA,True,True,,
classification_at_level,CVSA,True,True,,GICS L1
security_name,CVSA,True,True,,
price_timeseries,CVX,True,True,9185,pandas
index_constituent_timeseries,CVX@S&P 500,True,True,9185,
last_quoted_date,CVX,True,True,,
first_quoted_date,CVX,True,True,,
classification_at_level,CVX,True,True,,GICS L1
security_name,CVX,True,True,,
price_timeseries,CVX-198604,True,True,0,empty
price_timeseries,CW,True,True,8995,pandas
index_constituent_timeseries,CW@S&P 500,True,True,8995,
last_quoted_date,CW,True,True,,
first_quoted_date,CW,True,True,,
classification_at_level,CW,True,True,,GICS L1
security_name,CW,True,True,,
price_timeseries,CXO-202101,True,True,3388,pandas
index_constituent_timeseries,CXO-202101@S&P 500,True,True,3388,
last_quoted_date,CXO-202101,True,True,,
first_quoted_date,CXO-202101,True,True,,
classification_at_level,CXO-202101,True,True,,GICS L1
security_name,CXO-202101,True,True,,
price_timeseries,CXT,True,True,9185,pandas
index_constituent_timeseries,CXT@S&P 500,True,True,9185,
last_quoted_date,CXT,True,True,,
first_quoted_date,CXT,True,True,,
classification_at_level,CXT,True,True,,GICS L1
security_name,CXT,True,True,,
price_timeseries,CYM-197909,True,True,0,empty
price_timeseries,CYM-199912,True,True,2508,pandas
index_constituent_timeseries,CYM-199912@S&P 500,True,True,2508,
last_quoted_date,CYM-199912,True,True,,
first_quoted_date,CYM-199912,True,True,,
classification_at_level,CYM-199912,True,True,,GICS L1
security_name,CYM-199912,True,True,,
price_timeseries,CYR-199606,True,True,1643,pandas
index_constituent_timeseries,CYR-199606@S&P 500,True,True,1643,
last_quoted_date,CYR-199606,True,True,,
first_quoted_date,CYR-199606,True,True,,
classification_at_level,CYR-199606,True,True,,GICS L1
security_name,CYR-199606,True,True,,
price_timeseries,CZ-198702,True,True,0,empty
price_timeseries,CZR,True,True,8440,pandas
index_constituent_timeseries,CZR@S&P 500,True,True,8440,
last_quoted_date,CZR,True,True,,
first_quoted_date,CZR,True,True,,
classification_at_level,CZR,True,True,,GICS L1
security_name,CZR,True,True,,
price_timeseries,D,True,True,9185,pandas
index_constituent_timeseries,D@S&P 500,True,True,9185,
last_quoted_date,D,True,True,,
first_quoted_date,D,True,True,,
classification_at_level,D,True,True,,GICS L1
security_name,D,True,True,,
price_timeseries,D-196704,True,True,0,empty
price_timeseries,DAL,True,True,4820,pandas
index_constituent_timeseries,DAL@S&P 500,True,True,4820,
last_quoted_date,DAL,True,True,,
first_quoted_date,DAL,True,True,,
classification_at_level,DAL,True,True,,GICS L1
security_name,DAL,True,True,,
price_timeseries,DALRQ-200704,True,True,4367,pandas
index_constituent_timeseries,DALRQ-200704@S&P 500,True,True,4367,
last_quoted_date,DALRQ-200704,True,True,,
first_quoted_date,DALRQ-200704,True,True,,
classification_at_level,DALRQ-200704,True,True,,GICS L1
security_name,DALRQ-200704,True,True,,
price_timeseries,DASH,True,True,1389,pandas
index_constituent_timeseries,DASH@S&P 500,True,True,1389,
last_quoted_date,DASH,True,True,,
first_quoted_date,DASH,True,True,,
classification_at_level,DASH,True,True,,GICS L1
security_name,DASH,True,True,,
price_timeseries,DAY-198709,True,True,0,empty
price_timeseries,DAY-202602,True,True,1954,pandas
index_constituent_timeseries,DAY-202602@S&P 500,True,True,1954,
last_quoted_date,DAY-202602,True,True,,
first_quoted_date,DAY-202602,True,True,,
classification_at_level,DAY-202602,True,True,,GICS L1
security_name,DAY-202602,True,True,,
price_timeseries,DCNAQ-200801,True,True,4559,pandas
index_constituent_timeseries,DCNAQ-200801@S&P 500,True,True,4559,
last_quoted_date,DCNAQ-200801,True,True,,
first_quoted_date,DCNAQ-200801,True,True,,
classification_at_level,DCNAQ-200801,True,True,,GICS L1
security_name,DCNAQ-200801,True,True,,
price_timeseries,DCO-196801,True,True,0,empty
price_timeseries,DD,True,True,2212,pandas
index_constituent_timeseries,DD@S&P 500,True,True,2212,
last_quoted_date,DD,True,True,,
first_quoted_date,DD,True,True,,
classification_at_level,DD,True,True,,GICS L1
security_name,DD,True,True,,
price_timeseries,DD-201708,True,True,6973,pandas
index_constituent_timeseries,DD-201708@S&P 500,True,True,6973,
last_quoted_date,DD-201708,True,True,,
first_quoted_date,DD-201708,True,True,,
classification_at_level,DD-201708,True,True,,GICS L1
security_name,DD-201708,True,True,,
price_timeseries,DDOG,True,True,1698,pandas
index_constituent_timeseries,DDOG@S&P 500,True,True,1698,
last_quoted_date,DDOG,True,True,,
first_quoted_date,DDOG,True,True,,
classification_at_level,DDOG,True,True,,GICS L1
security_name,DDOG,True,True,,
price_timeseries,DDS,True,True,9185,pandas
index_constituent_timeseries,DDS@S&P 500,True,True,9185,
last_quoted_date,DDS,True,True,,
first_quoted_date,DDS,True,True,,
classification_at_level,DDS,True,True,,GICS L1
security_name,DDS,True,True,,
price_timeseries,DE,True,True,9185,pandas
index_constituent_timeseries,DE@S&P 500,True,True,9185,
last_quoted_date,DE,True,True,,
first_quoted_date,DE,True,True,,
classification_at_level,DE,True,True,,GICS L1
security_name,DE,True,True,,
price_timeseries,DEC-199806,True,True,2135,pandas
index_constituent_timeseries,DEC-199806@S&P 500,True,True,2135,
last_quoted_date,DEC-199806,True,True,,
first_quoted_date,DEC-199806,True,True,,
classification_at_level,DEC-199806,True,True,,GICS L1
security_name,DEC-199806,True,True,,
price_timeseries,DECK,True,True,8189,pandas
index_constituent_timeseries,DECK@S&P 500,True,True,8189,
last_quoted_date,DECK,True,True,,
first_quoted_date,DECK,True,True,,
classification_at_level,DECK,True,True,,GICS L1
security_name,DECK,True,True,,
price_timeseries,DEL-197902,True,True,0,empty
price_timeseries,DELL,True,True,2475,pandas
index_constituent_timeseries,DELL@S&P 500,True,True,2475,
last_quoted_date,DELL,True,True,,
first_quoted_date,DELL,True,True,,
classification_at_level,DELL,True,True,,GICS L1
security_name,DELL,True,True,,
price_timeseries,DELL-201310,True,True,6006,pandas
index_constituent_timeseries,DELL-201310@S&P 500,True,True,6006,
last_quoted_date,DELL-201310,True,True,,
first_quoted_date,DELL-201310,True,True,,
classification_at_level,DELL-201310,True,True,,GICS L1
security_name,DELL-201310,True,True,,
price_timeseries,DEN-198501,True,True,0,empty
price_timeseries,DFC-198208,True,True,0,empty
price_timeseries,DFODQ-202106,True,True,6300,pandas
index_constituent_timeseries,DFODQ-202106@S&P 500,True,True,6300,
last_quoted_date,DFODQ-202106,True,True,,
first_quoted_date,DFODQ-202106,True,True,,
classification_at_level,DFODQ-202106,True,True,,GICS L1
security_name,DFODQ-202106,True,True,,
price_timeseries,DFS-202505,True,True,4511,pandas
index_constituent_timeseries,DFS-202505@S&P 500,True,True,4511,
last_quoted_date,DFS-202505,True,True,,
first_quoted_date,DFS-202505,True,True,,
classification_at_level,DFS-202505,True,True,,GICS L1
security_name,DFS-202505,True,True,,
price_timeseries,DG,True,True,4175,pandas
index_constituent_timeseries,DG@S&P 500,True,True,4175,
last_quoted_date,DG,True,True,,
first_quoted_date,DG,True,True,,
classification_at_level,DG,True,True,,GICS L1
security_name,DG,True,True,,
price_timeseries,DG-198610,True,True,0,empty
price_timeseries,DG-200707,True,True,4415,pandas
index_constituent_timeseries,DG-200707@S&P 500,True,True,4415,
last_quoted_date,DG-200707,True,True,,
first_quoted_date,DG-200707,True,True,,
classification_at_level,DG-200707,True,True,,GICS L1
security_name,DG-200707,True,True,,
price_timeseries,DGN-199910,True,True,2472,pandas
index_constituent_timeseries,DGN-199910@S&P 500,True,True,2472,
last_quoted_date,DGN-199910,True,True,,
first_quoted_date,DGN-199910,True,True,,
classification_at_level,DGN-199910,True,True,,GICS L1
security_name,DGN-199910,True,True,,
price_timeseries,DGR-197012,True,True,0,empty
price_timeseries,DGX,True,True,7424,pandas
index_constituent_timeseries,DGX@S&P 500,True,True,7424,
last_quoted_date,DGX,True,True,,
first_quoted_date,DGX,True,True,,
classification_at_level,DGX,True,True,,GICS L1
security_name,DGX,True,True,,
price_timeseries,DHI,True,True,8559,pandas
index_constituent_timeseries,DHI@S&P 500,True,True,8559,
last_quoted_date,DHI,True,True,,
first_quoted_date,DHI,True,True,,
classification_at_level,DHI,True,True,,GICS L1
security_name,DHI,True,True,,
price_timeseries,DHR,True,True,9184,pandas
index_constituent_timeseries,DHR@S&P 500,True,True,9184,
last_quoted_date,DHR,True,True,,
first_quoted_date,DHR,True,True,,
classification_at_level,DHR,True,True,,GICS L1
security_name,DHR,True,True,,
price_timeseries,DI-199809,True,True,2211,pandas
index_constituent_timeseries,DI-199809@S&P 500,True,True,2211,
last_quoted_date,DI-199809,True,True,,
first_quoted_date,DI-199809,True,True,,
classification_at_level,DI-199809,True,True,,GICS L1
security_name,DI-199809,True,True,,
price_timeseries,DIGI-199809,True,True,2195,pandas
index_constituent_timeseries,DIGI-199809@S&P 500,True,True,2195,
last_quoted_date,DIGI-199809,True,True,,
first_quoted_date,DIGI-199809,True,True,,
classification_at_level,DIGI-199809,True,True,,GICS L1
security_name,DIGI-199809,True,True,,
price_timeseries,DIN-196903,True,True,0,empty
price_timeseries,DINO,True,True,9028,pandas
index_constituent_timeseries,DINO@S&P 500,True,True,9028,
last_quoted_date,DINO,True,True,,
first_quoted_date,DINO,True,True,,
classification_at_level,DINO,True,True,,GICS L1
security_name,DINO,True,True,,
price_timeseries,DIS,True,True,9185,pandas
index_constituent_timeseries,DIS@S&P 500,True,True,9185,
last_quoted_date,DIS,True,True,,
first_quoted_date,DIS,True,True,,
classification_at_level,DIS,True,True,,GICS L1
security_name,DIS,True,True,,
price_timeseries,DISCK-202204,True,True,3414,pandas
index_constituent_timeseries,DISCK-202204@S&P 500,True,True,3414,
last_quoted_date,DISCK-202204,True,True,,
first_quoted_date,DISCK-202204,True,True,,
classification_at_level,DISCK-202204,True,True,,GICS L1
security_name,DISCK-202204,True,True,,
price_timeseries,DISH-202312,True,True,7182,pandas
index_constituent_timeseries,DISH-202312@S&P 500,True,True,7182,
last_quoted_date,DISH-202312,True,True,,
first_quoted_date,DISH-202312,True,True,,
classification_at_level,DISH-202312,True,True,,GICS L1
security_name,DISH-202312,True,True,,
price_timeseries,DIX-195706,True,True,0,empty
price_timeseries,DJ-200712,True,True,4527,pandas
index_constituent_timeseries,DJ-200712@S&P 500,True,True,4527,
last_quoted_date,DJ-200712,True,True,,
first_quoted_date,DJ-200712,True,True,,
classification_at_level,DJ-200712,True,True,,GICS L1
security_name,DJ-200712,True,True,,
price_timeseries,DLR,True,True,5445,pandas
index_constituent_timeseries,DLR@S&P 500,True,True,5445,
last_quoted_date,DLR,True,True,,
first_quoted_date,DLR,True,True,,
classification_at_level,DLR,True,True,,GICS L1
security_name,DLR,True,True,,
price_timeseries,DLTR,True,True,7876,pandas
index_constituent_timeseries,DLTR@S&P 500,True,True,7876,
last_quoted_date,DLTR,True,True,,
first_quoted_date,DLTR,True,True,,
classification_at_level,DLTR,True,True,,GICS L1
security_name,DLTR,True,True,,
price_timeseries,DLX,True,True,9185,pandas
index_constituent_timeseries,DLX@S&P 500,True,True,9185,
last_quoted_date,DLX,True,True,,
first_quoted_date,DLX,True,True,,
classification_at_level,DLX,True,True,,GICS L1
security_name,DLX,True,True,,
price_timeseries,DM-198708,True,True,0,empty
price_timeseries,DML-198305,True,True,0,empty
price_timeseries,DN-198212,True,True,0,empty
price_timeseries,DNB-201902,True,True,4626,pandas
index_constituent_timeseries,DNB-201902@S&P 500,True,True,4626,
last_quoted_date,DNB-201902,True,True,,
first_quoted_date,DNB-201902,True,True,,
classification_at_level,DNB-201902,True,True,,GICS L1
security_name,DNB-201902,True,True,,
price_timeseries,DNRCQ-202009,True,True,6227,pandas
index_constituent_timeseries,DNRCQ-202009@S&P 500,True,True,6227,
last_quoted_date,DNRCQ-202009,True,True,,
first_quoted_date,DNRCQ-202009,True,True,,
classification_at_level,DNRCQ-202009,True,True,,GICS L1
security_name,DNRCQ-202009,True,True,,
price_timeseries,DOC,True,True,9185,pandas
index_constituent_timeseries,DOC@S&P 500,True,True,9185,
last_quoted_date,DOC,True,True,,
first_quoted_date,DOC,True,True,,
classification_at_level,DOC,True,True,,GICS L1
security_name,DOC,True,True,,
price_timeseries,DOC-198402,True,True,0,empty
price_timeseries,DOFSQ-202104,True,True,6427,pandas
index_constituent_timeseries,DOFSQ-202104@S&P 500,True,True,6427,
last_quoted_date,DOFSQ-202104,True,True,,
first_quoted_date,DOFSQ-202104,True,True,,
classification_at_level,DOFSQ-202104,True,True,,GICS L1
security_name,DOFSQ-202104,True,True,,
price_timeseries,DOV,True,True,9185,pandas
index_constituent_timeseries,DOV@S&P 500,True,True,9185,
last_quoted_date,DOV,True,True,,
first_quoted_date,DOV,True,True,,
classification_at_level,DOV,True,True,,GICS L1
security_name,DOV,True,True,,
price_timeseries,DOW,True,True,1825,pandas
index_constituent_timeseries,DOW@S&P 500,True,True,1825,
last_quoted_date,DOW,True,True,,
first_quoted_date,DOW,True,True,,
classification_at_level,DOW,True,True,,GICS L1
security_name,DOW,True,True,,
price_timeseries,DOW-201708,True,True,6973,pandas
index_constituent_timeseries,DOW-201708@S&P 500,True,True,6973,
last_quoted_date,DOW-201708,True,True,,
first_quoted_date,DOW-201708,True,True,,
classification_at_level,DOW-201708,True,True,,GICS L1
security_name,DOW-201708,True,True,,
price_timeseries,DPHIQ-200910,True,True,2683,pandas
index_constituent_timeseries,DPHIQ-200910@S&P 500,True,True,2683,
last_quoted_date,DPHIQ-200910,True,True,,
first_quoted_date,DPHIQ-200910,True,True,,
classification_at_level,DPHIQ-200910,True,True,,GICS L1
security_name,DPHIQ-200910,True,True,,
price_timeseries,DPL-201111,True,True,5523,pandas
index_constituent_timeseries,DPL-201111@S&P 500,True,True,5523,
last_quoted_date,DPL-201111,True,True,,
first_quoted_date,DPL-201111,True,True,,
classification_at_level,DPL-201111,True,True,,GICS L1
security_name,DPL-201111,True,True,,
price_timeseries,DPZ,True,True,5522,pandas
index_constituent_timeseries,DPZ@S&P 500,True,True,5522,
last_quoted_date,DPZ,True,True,,
first_quoted_date,DPZ,True,True,,
classification_at_level,DPZ,True,True,,GICS L1
security_name,DPZ,True,True,,
price_timeseries,DQE-200705,True,True,4390,pandas
index_constituent_timeseries,DQE-200705@S&P 500,True,True,4390,
last_quoted_date,DQE-200705,True,True,,
first_quoted_date,DQE-200705,True,True,,
classification_at_level,DQE-200705,True,True,,GICS L1
security_name,DQE-200705,True,True,,
price_timeseries,DRE-196512,True,True,0,empty
price_timeseries,DRE-202209,True,True,8250,pandas
index_constituent_timeseries,DRE-202209@S&P 500,True,True,8250,
last_quoted_date,DRE-202209,True,True,,
first_quoted_date,DRE-202209,True,True,,
classification_at_level,DRE-202209,True,True,,GICS L1
security_name,DRE-202209,True,True,,
price_timeseries,DRI,True,True,7832,pandas
index_constituent_timeseries,DRI@S&P 500,True,True,7832,
last_quoted_date,DRI,True,True,,
first_quoted_date,DRI,True,True,,
classification_at_level,DRI,True,True,,GICS L1
security_name,DRI,True,True,,
price_timeseries,DRX-196807,True,True,0,empty
price_timeseries,DTE,True,True,9185,pandas
index_constituent_timeseries,DTE@S&P 500,True,True,9185,
last_quoted_date,DTE,True,True,,
first_quoted_date,DTE,True,True,,
classification_at_level,DTE,True,True,,GICS L1
security_name,DTE,True,True,,
price_timeseries,DTM-195806,True,True,0,empty
price_timeseries,DTV-201507,True,True,6442,pandas
index_constituent_timeseries,DTV-201507@S&P 500,True,True,6442,
last_quoted_date,DTV-201507,True,True,,
first_quoted_date,DTV-201507,True,True,,
classification_at_level,DTV-201507,True,True,,GICS L1
security_name,DTV-201507,True,True,,
price_timeseries,DUK,True,True,9185,pandas
index_constituent_timeseries,DUK@S&P 500,True,True,9185,
last_quoted_date,DUK,True,True,,
first_quoted_date,DUK,True,True,,
classification_at_level,DUK,True,True,,GICS L1
security_name,DUK,True,True,,
price_timeseries,DVA,True,True,7710,pandas
index_constituent_timeseries,DVA@S&P 500,True,True,7710,
last_quoted_date,DVA,True,True,,
first_quoted_date,DVA,True,True,,
classification_at_level,DVA,True,True,,GICS L1
security_name,DVA,True,True,,
price_timeseries,DVN,True,True,8621,pandas
index_constituent_timeseries,DVN@S&P 500,True,True,8621,
last_quoted_date,DVN,True,True,,
first_quoted_date,DVN,True,True,,
classification_at_level,DVN,True,True,,GICS L1
security_name,DVN,True,True,,
price_timeseries,DWD-199705,True,True,1080,pandas
index_constituent_timeseries,DWD-199705@S&P 500,True,True,1080,
last_quoted_date,DWD-199705,True,True,,
first_quoted_date,DWD-199705,True,True,,
classification_at_level,DWD-199705,True,True,,GICS L1
security_name,DWD-199705,True,True,,
price_timeseries,DWG-196711,True,True,0,empty
price_timeseries,DXC,True,True,9185,pandas
index_constituent_timeseries,DXC@S&P 500,True,True,9185,
last_quoted_date,DXC,True,True,,
first_quoted_date,DXC,True,True,,
classification_at_level,DXC,True,True,,GICS L1
security_name,DXC,True,True,,
price_timeseries,DXCM,True,True,5330,pandas
index_constituent_timeseries,DXCM@S&P 500,True,True,5330,
last_quoted_date,DXCM,True,True,,
first_quoted_date,DXCM,True,True,,
classification_at_level,DXCM,True,True,,GICS L1
security_name,DXCM,True,True,,
price_timeseries,DYHGQ-200012,True,True,2748,pandas
index_constituent_timeseries,DYHGQ-200012@S&P 500,True,True,2748,
last_quoted_date,DYHGQ-200012,True,True,,
first_quoted_date,DYHGQ-200012,True,True,,
classification_at_level,DYHGQ-200012,True,True,,GICS L1
security_name,DYHGQ-200012,True,True,,
price_timeseries,DYN-201804,True,True,7121,pandas
index_constituent_timeseries,DYN-201804@S&P 500,True,True,7121,
last_quoted_date,DYN-201804,True,True,,
first_quoted_date,DYN-201804,True,True,,
classification_at_level,DYN-201804,True,True,,GICS L1
security_name,DYN-201804,True,True,,
price_timeseries,E-196804,True,True,0,empty
price_timeseries,E-199504,True,True,1347,pandas
index_constituent_timeseries,E-199504@S&P 500,True,True,1347,
last_quoted_date,E-199504,True,True,,
first_quoted_date,E-199504,True,True,,
classification_at_level,E-199504,True,True,,GICS L1
security_name,E-199504,True,True,,
price_timeseries,EA,True,True,9184,pandas
index_constituent_timeseries,EA@S&P 500,True,True,9184,
last_quoted_date,EA,True,True,,
first_quoted_date,EA,True,True,,
classification_at_level,EA,True,True,,GICS L1
security_name,EA,True,True,,
price_timeseries,EAF-198904,True,True,0,empty
price_timeseries,EAL-198611,True,True,0,empty
price_timeseries,EAS-200809,True,True,4717,pandas
index_constituent_timeseries,EAS-200809@S&P 500,True,True,4717,
last_quoted_date,EAS-200809,True,True,,
first_quoted_date,EAS-200809,True,True,,
classification_at_level,EAS-200809,True,True,,GICS L1
security_name,EAS-200809,True,True,,
price_timeseries,EBAY,True,True,6978,pandas
index_constituent_timeseries,EBAY@S&P 500,True,True,6978,
last_quoted_date,EBAY,True,True,,
first_quoted_date,EBAY,True,True,,
classification_at_level,EBAY,True,True,,GICS L1
security_name,EBAY,True,True,,
price_timeseries,EC-200606,True,True,4146,pandas
index_constituent_timeseries,EC-200606@S&P 500,True,True,4146,
last_quoted_date,EC-200606,True,True,,
first_quoted_date,EC-200606,True,True,,
classification_at_level,EC-200606,True,True,,GICS L1
security_name,EC-200606,True,True,,
price_timeseries,ECH-199807,True,True,2154,pandas
index_constituent_timeseries,ECH-199807@S&P 500,True,True,2154,
last_quoted_date,ECH-199807,True,True,,
first_quoted_date,ECH-199807,True,True,,
classification_at_level,ECH-199807,True,True,,GICS L1
security_name,ECH-199807,True,True,,
price_timeseries,ECHO,True,True,4648,pandas
index_constituent_timeseries,ECHO@S&P 500,True,True,4648,
last_quoted_date,ECHO,True,True,,
first_quoted_date,ECHO,True,True,,
classification_at_level,ECHO,True,True,,GICS L1
security_name,ECHO,True,True,,
price_timeseries,ECK-198604,True,True,0,empty
price_timeseries,ECL,True,True,9185,pandas
index_constituent_timeseries,ECL@S&P 500,True,True,9185,
last_quoted_date,ECL,True,True,,
first_quoted_date,ECL,True,True,,
classification_at_level,ECL,True,True,,GICS L1
security_name,ECL,True,True,,
price_timeseries,ECO-200301,True,True,3301,pandas
index_constituent_timeseries,ECO-200301@S&P 500,True,True,3301,
last_quoted_date,ECO-200301,True,True,,
first_quoted_date,ECO-200301,True,True,,
classification_at_level,ECO-200301,True,True,,GICS L1
security_name,ECO-200301,True,True,,
price_timeseries,ED,True,True,9185,pandas
index_constituent_timeseries,ED@S&P 500,True,True,9185,
last_quoted_date,ED,True,True,,
first_quoted_date,ED,True,True,,
classification_at_level,ED,True,True,,GICS L1
security_name,ED,True,True,,
price_timeseries,EDS-198410,True,True,0,empty
price_timeseries,EDS-200808,True,True,4702,pandas
index_constituent_timeseries,EDS-200808@S&P 500,True,True,4702,
last_quoted_date,EDS-200808,True,True,,
first_quoted_date,EDS-200808,True,True,,
classification_at_level,EDS-200808,True,True,,GICS L1
security_name,EDS-200808,True,True,,
price_timeseries,EFU-200011,True,True,2745,pandas
index_constituent_timeseries,EFU-200011@S&P 500,True,True,2745,
last_quoted_date,EFU-200011,True,True,,
first_quoted_date,EFU-200011,True,True,,
classification_at_level,EFU-200011,True,True,,GICS L1
security_name,EFU-200011,True,True,,
price_timeseries,EFX,True,True,9185,pandas
index_constituent_timeseries,EFX@S&P 500,True,True,9185,
last_quoted_date,EFX,True,True,,
first_quoted_date,EFX,True,True,,
classification_at_level,EFX,True,True,,GICS L1
security_name,EFX,True,True,,
price_timeseries,EG,True,True,7730,pandas
index_constituent_timeseries,EG@S&P 500,True,True,7730,
last_quoted_date,EG,True,True,,
first_quoted_date,EG,True,True,,
classification_at_level,EG,True,True,,GICS L1
security_name,EG,True,True,,
price_timeseries,EGLP-201203,True,True,2176,pandas
index_constituent_timeseries,EGLP-201203@S&P 500,True,True,2176,
last_quoted_date,EGLP-201203,True,True,,
first_quoted_date,EGLP-201203,True,True,,
classification_at_level,EGLP-201203,True,True,,GICS L1
security_name,EGLP-201203,True,True,,
price_timeseries,EHC,True,True,9180,pandas
index_constituent_timeseries,EHC@S&P 500,True,True,9180,
last_quoted_date,EHC,True,True,,
first_quoted_date,EHC,True,True,,
classification_at_level,EHC,True,True,,GICS L1
security_name,EHC,True,True,,
price_timeseries,EIX,True,True,9185,pandas
index_constituent_timeseries,EIX@S&P 500,True,True,9185,
last_quoted_date,EIX,True,True,,
first_quoted_date,EIX,True,True,,
classification_at_level,EIX,True,True,,GICS L1
security_name,EIX,True,True,,
price_timeseries,EJN-197006,True,True,0,empty
price_timeseries,EKDKQ-201309,True,True,5966,pandas
index_constituent_timeseries,EKDKQ-201309@S&P 500,True,True,5966,
last_quoted_date,EKDKQ-201309,True,True,,
first_quoted_date,EKDKQ-201309,True,True,,
classification_at_level,EKDKQ-201309,True,True,,GICS L1
security_name,EKDKQ-201309,True,True,,
price_timeseries,EL,True,True,7697,pandas
index_constituent_timeseries,EL@S&P 500,True,True,7697,
last_quoted_date,EL,True,True,,
first_quoted_date,EL,True,True,,
classification_at_level,EL,True,True,,GICS L1
security_name,EL,True,True,,
price_timeseries,ELG-198312,True,True,0,empty
price_timeseries,ELL-195707,True,True,0,empty
price_timeseries,ELV,True,True,6200,pandas
index_constituent_timeseries,ELV@S&P 500,True,True,6200,
last_quoted_date,ELV,True,True,,
first_quoted_date,ELV,True,True,,
classification_at_level,ELV,True,True,,GICS L1
security_name,ELV,True,True,,
price_timeseries,EMC-201609,True,True,6724,pandas
index_constituent_timeseries,EMC-201609@S&P 500,True,True,6724,
last_quoted_date,EMC-201609,True,True,,
first_quoted_date,EMC-201609,True,True,,
classification_at_level,EMC-201609,True,True,,GICS L1
security_name,EMC-201609,True,True,,
price_timeseries,EME,True,True,7648,pandas
index_constituent_timeseries,EME@S&P 500,True,True,7648,
last_quoted_date,EME,True,True,,
first_quoted_date,EME,True,True,,
classification_at_level,EME,True,True,,GICS L1
security_name,EME,True,True,,
price_timeseries,EMN,True,True,8185,pandas
index_constituent_timeseries,EMN@S&P 500,True,True,8185,
last_quoted_date,EMN,True,True,,
first_quoted_date,EMN,True,True,,
classification_at_level,EMN,True,True,,GICS L1
security_name,EMN,True,True,,
price_timeseries,EMR,True,True,9185,pandas
index_constituent_timeseries,EMR@S&P 500,True,True,9185,
last_quoted_date,EMR,True,True,,
first_quoted_date,EMR,True,True,,
classification_at_level,EMR,True,True,,GICS L1
security_name,EMR,True,True,,
price_timeseries,ENDPQ-202405,True,True,6942,pandas
index_constituent_timeseries,ENDPQ-202405@S&P 500,True,True,6942,
last_quoted_date,ENDPQ-202405,True,True,,
first_quoted_date,ENDPQ-202405,True,True,,
classification_at_level,ENDPQ-202405,True,True,,GICS L1
security_name,ENDPQ-202405,True,True,,
price_timeseries,ENPH,True,True,3577,pandas
index_constituent_timeseries,ENPH@S&P 500,True,True,3577,
last_quoted_date,ENPH,True,True,,
first_quoted_date,ENPH,True,True,,
classification_at_level,ENPH,True,True,,GICS L1
security_name,ENPH,True,True,,
price_timeseries,ENRNQ-200411,True,True,3751,pandas
index_constituent_timeseries,ENRNQ-200411@S&P 500,True,True,3751,
last_quoted_date,ENRNQ-200411,True,True,,
first_quoted_date,ENRNQ-200411,True,True,,
classification_at_level,ENRNQ-200411,True,True,,GICS L1
security_name,ENRNQ-200411,True,True,,
price_timeseries,ENS-199708,True,True,1921,pandas
index_constituent_timeseries,ENS-199708@S&P 500,True,True,1921,
last_quoted_date,ENS-199708,True,True,,
first_quoted_date,ENS-199708,True,True,,
classification_at_level,ENS-199708,True,True,,GICS L1
security_name,ENS-199708,True,True,,
price_timeseries,EOG,True,True,9185,pandas
index_constituent_timeseries,EOG@S&P 500,True,True,9185,
last_quoted_date,EOG,True,True,,
first_quoted_date,EOG,True,True,,
classification_at_level,EOG,True,True,,GICS L1
security_name,EOG,True,True,,
price_timeseries,EOP-200702,True,True,2414,pandas
index_constituent_timeseries,EOP-200702@S&P 500,True,True,2414,
last_quoted_date,EOP-200702,True,True,,
first_quoted_date,EOP-200702,True,True,,
classification_at_level,EOP-200702,True,True,,GICS L1
security_name,EOP-200702,True,True,,
price_timeseries,EP-201205,True,True,5091,pandas
index_constituent_timeseries,EP-201205@S&P 500,True,True,5091,
last_quoted_date,EP-201205,True,True,,
first_quoted_date,EP-201205,True,True,,
classification_at_level,EP-201205,True,True,,GICS L1
security_name,EP-201205,True,True,,
price_timeseries,EPAM,True,True,3613,pandas
index_constituent_timeseries,EPAM@S&P 500,True,True,3613,
last_quoted_date,EPAM,True,True,,
first_quoted_date,EPAM,True,True,,
classification_at_level,EPAM,True,True,,GICS L1
security_name,EPAM,True,True,,
price_timeseries,EQ-200906,True,True,795,pandas
index_constituent_timeseries,EQ-200906@S&P 500,True,True,795,
last_quoted_date,EQ-200906,True,True,,
first_quoted_date,EQ-200906,True,True,,
classification_at_level,EQ-200906,True,True,,GICS L1
security_name,EQ-200906,True,True,,
price_timeseries,EQIX,True,True,6503,pandas
index_constituent_timeseries,EQIX@S&P 500,True,True,6503,
last_quoted_date,EQIX,True,True,,
first_quoted_date,EQIX,True,True,,
classification_at_level,EQIX,True,True,,GICS L1
security_name,EQIX,True,True,,
price_timeseries,EQR,True,True,8271,pandas
index_constituent_timeseries,EQR@S&P 500,True,True,8271,
last_quoted_date,EQR,True,True,,
first_quoted_date,EQR,True,True,,
classification_at_level,EQR,True,True,,GICS L1
security_name,EQR,True,True,,
price_timeseries,EQT,True,True,9185,pandas
index_constituent_timeseries,EQT@S&P 500,True,True,9185,
last_quoted_date,EQT,True,True,,
first_quoted_date,EQT,True,True,,
classification_at_level,EQT,True,True,,GICS L1
security_name,EQT,True,True,,
price_timeseries,ERIE,True,True,7712,pandas
index_constituent_timeseries,ERIE@S&P 500,True,True,7712,
last_quoted_date,ERIE,True,True,,
first_quoted_date,ERIE,True,True,,
classification_at_level,ERIE,True,True,,GICS L1
security_name,ERIE,True,True,,
price_timeseries,ERP-196605,True,True,0,empty
price_timeseries,ES,True,True,9185,pandas
index_constituent_timeseries,ES@S&P 500,True,True,9185,
last_quoted_date,ES,True,True,,
first_quoted_date,ES,True,True,,
classification_at_level,ES,True,True,,GICS L1
security_name,ES,True,True,,
price_timeseries,ESB-197409,True,True,0,empty
price_timeseries,ESM-198408,True,True,0,empty
price_timeseries,ESRX-201812,True,True,6680,pandas
index_constituent_timeseries,ESRX-201812@S&P 500,True,True,6680,
last_quoted_date,ESRX-201812,True,True,,
first_quoted_date,ESRX-201812,True,True,,
classification_at_level,ESRX-201812,True,True,,GICS L1
security_name,ESRX-201812,True,True,,
price_timeseries,ESS,True,True,8065,pandas
index_constituent_timeseries,ESS@S&P 500,True,True,8065,
last_quoted_date,ESS,True,True,,
first_quoted_date,ESS,True,True,,
classification_at_level,ESS,True,True,,GICS L1
security_name,ESS,True,True,,
price_timeseries,ESY-199505,True,True,1353,pandas
index_constituent_timeseries,ESY-199505@S&P 500,True,True,1353,
last_quoted_date,ESY-199505,True,True,,
first_quoted_date,ESY-199505,True,True,,
classification_at_level,ESY-199505,True,True,,GICS L1
security_name,ESY-199505,True,True,,
price_timeseries,ET-196306,True,True,0,empty
price_timeseries,ET-197909,True,True,0,empty
price_timeseries,ETFC-202010,True,True,6073,pandas
index_constituent_timeseries,ETFC-202010@S&P 500,True,True,6073,
last_quoted_date,ETFC-202010,True,True,,
first_quoted_date,ETFC-202010,True,True,,
classification_at_level,ETFC-202010,True,True,,GICS L1
security_name,ETFC-202010,True,True,,
price_timeseries,ETN,True,True,9185,pandas
index_constituent_timeseries,ETN@S&P 500,True,True,9185,
last_quoted_date,ETN,True,True,,
first_quoted_date,ETN,True,True,,
classification_at_level,ETN,True,True,,GICS L1
security_name,ETN,True,True,,
price_timeseries,ETR,True,True,9185,pandas
index_constituent_timeseries,ETR@S&P 500,True,True,9185,
last_quoted_date,ETR,True,True,,
first_quoted_date,ETR,True,True,,
classification_at_level,ETR,True,True,,GICS L1
security_name,ETR,True,True,,
price_timeseries,ETS-200603,True,True,4076,pandas
index_constituent_timeseries,ETS-200603@S&P 500,True,True,4076,
last_quoted_date,ETS-200603,True,True,,
first_quoted_date,ETS-200603,True,True,,
classification_at_level,ETS-200603,True,True,,GICS L1
security_name,ETS-200603,True,True,,
price_timeseries,ETSY,True,True,2813,pandas
index_constituent_timeseries,ETSY@S&P 500,True,True,2813,
last_quoted_date,ETSY,True,True,,
first_quoted_date,ETSY,True,True,,
classification_at_level,ETSY,True,True,,GICS L1
security_name,ETSY,True,True,,
price_timeseries,EVHC-201810,True,True,5218,pandas
index_constituent_timeseries,EVHC-201810@S&P 500,True,True,5218,
last_quoted_date,EVHC-201810,True,True,,
first_quoted_date,EVHC-201810,True,True,,
classification_at_level,EVHC-201810,True,True,,GICS L1
security_name,EVHC-201810,True,True,,
price_timeseries,EVRG,True,True,9185,pandas
index_constituent_timeseries,EVRG@S&P 500,True,True,9185,
last_quoted_date,EVRG,True,True,,
first_quoted_date,EVRG,True,True,,
classification_at_level,EVRG,True,True,,GICS L1
security_name,EVRG,True,True,,
price_timeseries,EVT-198203,True,True,0,empty
price_timeseries,EVY-198511,True,True,0,empty
price_timeseries,EW,True,True,6599,pandas
index_constituent_timeseries,EW@S&P 500,True,True,6599,
last_quoted_date,EW,True,True,,
first_quoted_date,EW,True,True,,
classification_at_level,EW,True,True,,GICS L1
security_name,EW,True,True,,
price_timeseries,EWB-196801,True,True,0,empty
price_timeseries,EXC,True,True,9185,pandas
index_constituent_timeseries,EXC@S&P 500,True,True,9185,
last_quoted_date,EXC,True,True,,
first_quoted_date,EXC,True,True,,
classification_at_level,EXC,True,True,,GICS L1
security_name,EXC,True,True,,
price_timeseries,EXC-197402,True,True,0,empty
price_timeseries,EXE,True,True,1347,pandas
index_constituent_timeseries,EXE@S&P 500,True,True,1347,
last_quoted_date,EXE,True,True,,
first_quoted_date,EXE,True,True,,
classification_at_level,EXE,True,True,,GICS L1
security_name,EXE,True,True,,
price_timeseries,EXPD,True,True,9154,pandas
index_constituent_timeseries,EXPD@S&P 500,True,True,9154,
last_quoted_date,EXPD,True,True,,
first_quoted_date,EXPD,True,True,,
classification_at_level,EXPD,True,True,,GICS L1
security_name,EXPD,True,True,,
price_timeseries,EXPE,True,True,5264,pandas
index_constituent_timeseries,EXPE@S&P 500,True,True,5264,
last_quoted_date,EXPE,True,True,,
first_quoted_date,EXPE,True,True,,
classification_at_level,EXPE,True,True,,GICS L1
security_name,EXPE,True,True,,
price_timeseries,EXR,True,True,5500,pandas
index_constituent_timeseries,EXR@S&P 500,True,True,5500,
last_quoted_date,EXR,True,True,,
first_quoted_date,EXR,True,True,,
classification_at_level,EXR,True,True,,GICS L1
security_name,EXR,True,True,,
price_timeseries,F,True,True,9185,pandas
index_constituent_timeseries,F@S&P 500,True,True,9185,
last_quoted_date,F,True,True,,
first_quoted_date,F,True,True,,
classification_at_level,F,True,True,,GICS L1
security_name,F,True,True,,
price_timeseries,FAC-197302,True,True,0,empty
price_timeseries,FAJ-195804,True,True,0,empty
price_timeseries,FALB-198905,True,True,0,empty
price_timeseries,FANG,True,True,3441,pandas
index_constituent_timeseries,FANG@S&P 500,True,True,3441,
last_quoted_date,FANG,True,True,,
first_quoted_date,FANG,True,True,,
classification_at_level,FANG,True,True,,GICS L1
security_name,FANG,True,True,,
price_timeseries,FAST,True,True,9184,pandas
index_constituent_timeseries,FAST@S&P 500,True,True,9184,
last_quoted_date,FAST,True,True,,
first_quoted_date,FAST,True,True,,
classification_at_level,FAST,True,True,,GICS L1
security_name,FAST,True,True,,
price_timeseries,FBD-197806,True,True,0,empty
price_timeseries,FBF-200403,True,True,3594,pandas
index_constituent_timeseries,FBF-200403@S&P 500,True,True,3594,
last_quoted_date,FBF-200403,True,True,,
first_quoted_date,FBF-200403,True,True,,
classification_at_level,FBF-200403,True,True,,GICS L1
security_name,FBF-200403,True,True,,
price_timeseries,FBG-198408,True,True,0,empty
price_timeseries,FBIN,True,True,3712,pandas
index_constituent_timeseries,FBIN@S&P 500,True,True,3712,
last_quoted_date,FBIN,True,True,,
first_quoted_date,FBIN,True,True,,
classification_at_level,FBIN,True,True,,GICS L1
security_name,FBIN,True,True,,
price_timeseries,FBO-199603,True,True,1567,pandas
index_constituent_timeseries,FBO-199603@S&P 500,True,True,1567,
last_quoted_date,FBO-199603,True,True,,
first_quoted_date,FBO-199603,True,True,,
classification_at_level,FBO-199603,True,True,,GICS L1
security_name,FBO-199603,True,True,,
price_timeseries,FCF-198308,True,True,0,empty
price_timeseries,FCI-197906,True,True,0,empty
price_timeseries,FCN-199810,True,True,2213,pandas
index_constituent_timeseries,FCN-199810@S&P 500,True,True,2213,
last_quoted_date,FCN-199810,True,True,,
first_quoted_date,FCN-199810,True,True,,
classification_at_level,FCN-199810,True,True,,GICS L1
security_name,FCN-199810,True,True,,
price_timeseries,FCX,True,True,7790,pandas
index_constituent_timeseries,FCX@S&P 500,True,True,7790,
last_quoted_date,FCX,True,True,,
first_quoted_date,FCX,True,True,,
classification_at_level,FCX,True,True,,GICS L1
security_name,FCX,True,True,,
price_timeseries,FDC-200709,True,True,3895,pandas
index_constituent_timeseries,FDC-200709@S&P 500,True,True,3895,
last_quoted_date,FDC-200709,True,True,,
first_quoted_date,FDC-200709,True,True,,
classification_at_level,FDC-200709,True,True,,GICS L1
security_name,FDC-200709,True,True,,
price_timeseries,FDMLQ-200712,True,True,4534,pandas
index_constituent_timeseries,FDMLQ-200712@S&P 500,True,True,4534,
last_quoted_date,FDMLQ-200712,True,True,,
first_quoted_date,FDMLQ-200712,True,True,,
classification_at_level,FDMLQ-200712,True,True,,GICS L1
security_name,FDMLQ-200712,True,True,,
price_timeseries,FDO-201507,True,True,6428,pandas
index_constituent_timeseries,FDO-201507@S&P 500,True,True,6428,
last_quoted_date,FDO-201507,True,True,,
first_quoted_date,FDO-201507,True,True,,
classification_at_level,FDO-201507,True,True,,GICS L1
security_name,FDO-201507,True,True,,
price_timeseries,FDS,True,True,7533,pandas
index_constituent_timeseries,FDS@S&P 500,True,True,7533,
last_quoted_date,FDS,True,True,,
first_quoted_date,FDS,True,True,,
classification_at_level,FDS,True,True,,GICS L1
security_name,FDS,True,True,,
price_timeseries,FDS-198807,True,True,0,empty
price_timeseries,FDSH-197902,True,True,0,empty
price_timeseries,FDX,True,True,9185,pandas
index_constituent_timeseries,FDX@S&P 500,True,True,9185,
last_quoted_date,FDX,True,True,,
first_quoted_date,FDX,True,True,,
classification_at_level,FDX,True,True,,GICS L1
security_name,FDX,True,True,,
price_timeseries,FDXF,True,True,19,pandas
index_constituent_timeseries,FDXF@S&P 500,True,True,19,
last_quoted_date,FDXF,True,True,,
first_quoted_date,FDXF,True,True,,
classification_at_level,FDXF,True,True,,GICS L1
classification,FDXF,True,True,,GICS flat fallback
security_name,FDXF,True,True,,
price_timeseries,FE,True,True,9185,pandas
index_constituent_timeseries,FE@S&P 500,True,True,9185,
last_quoted_date,FE,True,True,,
first_quoted_date,FE,True,True,,
classification_at_level,FE,True,True,,GICS L1
security_name,FE,True,True,,
price_timeseries,FFB-199512,True,True,1517,pandas
index_constituent_timeseries,FFB-199512@S&P 500,True,True,1517,
last_quoted_date,FFB-199512,True,True,,
first_quoted_date,FFB-199512,True,True,,
classification_at_level,FFB-199512,True,True,,GICS L1
security_name,FFB-199512,True,True,,
price_timeseries,FFI-198307,True,True,0,empty
price_timeseries,FFIV,True,True,6804,pandas
index_constituent_timeseries,FFIV@S&P 500,True,True,6804,
last_quoted_date,FFIV,True,True,,
first_quoted_date,FFIV,True,True,,
classification_at_level,FFIV,True,True,,GICS L1
security_name,FFIV,True,True,,
price_timeseries,FFS-197810,True,True,0,empty
price_timeseries,FG-199804,True,True,2102,pandas
index_constituent_timeseries,FG-199804@S&P 500,True,True,2102,
last_quoted_date,FG-199804,True,True,,
first_quoted_date,FG-199804,True,True,,
classification_at_level,FG-199804,True,True,,GICS L1
security_name,FG-199804,True,True,,
price_timeseries,FHI,True,True,7070,pandas
index_constituent_timeseries,FHI@S&P 500,True,True,7070,
last_quoted_date,FHI,True,True,,
first_quoted_date,FHI,True,True,,
classification_at_level,FHI,True,True,,GICS L1
security_name,FHI,True,True,,
price_timeseries,FHN,True,True,9184,pandas
index_constituent_timeseries,FHN@S&P 500,True,True,9184,
last_quoted_date,FHN,True,True,,
first_quoted_date,FHN,True,True,,
classification_at_level,FHN,True,True,,GICS L1
security_name,FHN,True,True,,
price_timeseries,FHP-198810,True,True,0,empty
price_timeseries,FICO,True,True,8837,pandas
index_constituent_timeseries,FICO@S&P 500,True,True,8837,
last_quoted_date,FICO,True,True,,
first_quoted_date,FICO,True,True,,
classification_at_level,FICO,True,True,,GICS L1
security_name,FICO,True,True,,
price_timeseries,FIN-198809,True,True,0,empty
price_timeseries,FIR-198805,True,True,0,empty
price_timeseries,FIS,True,True,6288,pandas
index_constituent_timeseries,FIS@S&P 500,True,True,6288,
last_quoted_date,FIS,True,True,,
first_quoted_date,FIS,True,True,,
classification_at_level,FIS,True,True,,GICS L1
security_name,FIS,True,True,,
price_timeseries,FISV,True,True,9181,pandas
index_constituent_timeseries,FISV@S&P 500,True,True,9181,
last_quoted_date,FISV,True,True,,
first_quoted_date,FISV,True,True,,
classification_at_level,FISV,True,True,,GICS L1
security_name,FISV,True,True,,
price_timeseries,FITB,True,True,9185,pandas
index_constituent_timeseries,FITB@S&P 500,True,True,9185,
last_quoted_date,FITB,True,True,,
first_quoted_date,FITB,True,True,,
classification_at_level,FITB,True,True,,GICS L1
security_name,FITB,True,True,,
price_timeseries,FIX,True,True,7291,pandas
index_constituent_timeseries,FIX@S&P 500,True,True,7291,
last_quoted_date,FIX,True,True,,
first_quoted_date,FIX,True,True,,
classification_at_level,FIX,True,True,,GICS L1
security_name,FIX,True,True,,
price_timeseries,FJ-200011,True,True,2757,pandas
index_constituent_timeseries,FJ-200011@S&P 500,True,True,2757,
last_quoted_date,FJ-200011,True,True,,
first_quoted_date,FJ-200011,True,True,,
classification_at_level,FJ-200011,True,True,,GICS L1
security_name,FJ-200011,True,True,,
price_timeseries,FJCC-200809,True,True,4686,pandas
index_constituent_timeseries,FJCC-200809@S&P 500,True,True,4686,
last_quoted_date,FJCC-200809,True,True,,
first_quoted_date,FJCC-200809,True,True,,
classification_at_level,FJCC-200809,True,True,,GICS L1
security_name,FJCC-200809,True,True,,
price_timeseries,FL-202509,True,True,8986,pandas
index_constituent_timeseries,FL-202509@S&P 500,True,True,8986,
last_quoted_date,FL-202509,True,True,,
first_quoted_date,FL-202509,True,True,,
classification_at_level,FL-202509,True,True,,GICS L1
security_name,FL-202509,True,True,,
price_timeseries,FLA-200707,True,True,4405,pandas
index_constituent_timeseries,FLA-200707@S&P 500,True,True,4405,
last_quoted_date,FLA-200707,True,True,,
first_quoted_date,FLA-200707,True,True,,
classification_at_level,FLA-200707,True,True,,GICS L1
security_name,FLA-200707,True,True,,
price_timeseries,FLC-200101,True,True,2800,pandas
index_constituent_timeseries,FLC-200101@S&P 500,True,True,2800,
last_quoted_date,FLC-200101,True,True,,
first_quoted_date,FLC-200101,True,True,,
classification_at_level,FLC-200101,True,True,,GICS L1
security_name,FLC-200101,True,True,,
price_timeseries,FLEX,True,True,8116,pandas
index_constituent_timeseries,FLEX@S&P 500,True,True,8116,
last_quoted_date,FLEX,True,True,,
first_quoted_date,FLEX,True,True,,
classification_at_level,FLEX,True,True,,GICS L1
security_name,FLEX,True,True,,
price_timeseries,FLIR-202105,True,True,7022,pandas
index_constituent_timeseries,FLIR-202105@S&P 500,True,True,7022,
last_quoted_date,FLIR-202105,True,True,,
first_quoted_date,FLIR-202105,True,True,,
classification_at_level,FLIR-202105,True,True,,GICS L1
security_name,FLIR-202105,True,True,,
price_timeseries,FLMIQ-200408,True,True,3691,pandas
index_constituent_timeseries,FLMIQ-200408@S&P 500,True,True,3691,
last_quoted_date,FLMIQ-200408,True,True,,
first_quoted_date,FLMIQ-200408,True,True,,
classification_at_level,FLMIQ-200408,True,True,,GICS L1
classification,FLMIQ-200408,True,True,,GICS flat fallback
security_name,FLMIQ-200408,True,True,,
price_timeseries,FLR,True,True,6425,pandas
index_constituent_timeseries,FLR@S&P 500,True,True,6425,
last_quoted_date,FLR,True,True,,
first_quoted_date,FLR,True,True,,
classification_at_level,FLR,True,True,,GICS L1
security_name,FLR,True,True,,
price_timeseries,FLS,True,True,9185,pandas
index_constituent_timeseries,FLS@S&P 500,True,True,9185,
last_quoted_date,FLS,True,True,,
first_quoted_date,FLS,True,True,,
classification_at_level,FLS,True,True,,GICS L1
security_name,FLS,True,True,,
price_timeseries,FLTWQ-200907,True,True,4933,pandas
index_constituent_timeseries,FLTWQ-200907@S&P 500,True,True,4933,
last_quoted_date,FLTWQ-200907,True,True,,
first_quoted_date,FLTWQ-200907,True,True,,
classification_at_level,FLTWQ-200907,True,True,,GICS L1
security_name,FLTWQ-200907,True,True,,
price_timeseries,FMC,True,True,9185,pandas
index_constituent_timeseries,FMC@S&P 500,True,True,9185,
last_quoted_date,FMC,True,True,,
first_quoted_date,FMC,True,True,,
classification_at_level,FMC,True,True,,GICS L1
security_name,FMC,True,True,,
price_timeseries,FMCC,True,True,9185,pandas
index_constituent_timeseries,FMCC@S&P 500,True,True,9185,
last_quoted_date,FMCC,True,True,,
first_quoted_date,FMCC,True,True,,
classification_at_level,FMCC,True,True,,GICS L1
security_name,FMCC,True,True,,
price_timeseries,FMY-199905,True,True,2376,pandas
index_constituent_timeseries,FMY-199905@S&P 500,True,True,2376,
last_quoted_date,FMY-199905,True,True,,
first_quoted_date,FMY-199905,True,True,,
classification_at_level,FMY-199905,True,True,,GICS L1
security_name,FMY-199905,True,True,,
price_timeseries,FN-198011,True,True,0,empty
price_timeseries,FNB-199511,True,True,1497,pandas
index_constituent_timeseries,FNB-199511@S&P 500,True,True,1497,
last_quoted_date,FNB-199511,True,True,,
first_quoted_date,FNB-199511,True,True,,
classification_at_level,FNB-199511,True,True,,GICS L1
security_name,FNB-199511,True,True,,
price_timeseries,FNMA,True,True,9185,pandas
index_constituent_timeseries,FNMA@S&P 500,True,True,9185,
last_quoted_date,FNMA,True,True,,
first_quoted_date,FNMA,True,True,,
classification_at_level,FNMA,True,True,,GICS L1
security_name,FNMA,True,True,,
price_timeseries,FO-198001,True,True,0,empty
price_timeseries,FOSL,True,True,8357,pandas
index_constituent_timeseries,FOSL@S&P 500,True,True,8357,
last_quoted_date,FOSL,True,True,,
first_quoted_date,FOSL,True,True,,
classification_at_level,FOSL,True,True,,GICS L1
security_name,FOSL,True,True,,
price_timeseries,FOX,True,True,1830,pandas
index_constituent_timeseries,FOX@S&P 500,True,True,1830,
last_quoted_date,FOX,True,True,,
first_quoted_date,FOX,True,True,,
classification_at_level,FOX,True,True,,GICS L1
security_name,FOX,True,True,,
price_timeseries,FOXA,True,True,1831,pandas
index_constituent_timeseries,FOXA@S&P 500,True,True,1831,
last_quoted_date,FOXA,True,True,,
first_quoted_date,FOXA,True,True,,
classification_at_level,FOXA,True,True,,GICS L1
security_name,FOXA,True,True,,
price_timeseries,FPA-199003,True,True,44,pandas
index_constituent_timeseries,FPA-199003@S&P 500,True,True,44,
last_quoted_date,FPA-199003,True,True,,
first_quoted_date,FPA-199003,True,True,,
classification_at_level,FPA-199003,True,True,,GICS L1
security_name,FPA-199003,True,True,,
price_timeseries,FPC-200011,True,True,2760,pandas
index_constituent_timeseries,FPC-200011@S&P 500,True,True,2760,
last_quoted_date,FPC-200011,True,True,,
first_quoted_date,FPC-200011,True,True,,
classification_at_level,FPC-200011,True,True,,GICS L1
security_name,FPC-200011,True,True,,
price_timeseries,FRB-198808,True,True,0,empty
price_timeseries,FRCB,True,True,3904,pandas
index_constituent_timeseries,FRCB@S&P 500,True,True,3904,
last_quoted_date,FRCB,True,True,,
first_quoted_date,FRCB,True,True,,
classification_at_level,FRCB,True,True,,GICS L1
security_name,FRCB,True,True,,
price_timeseries,FRM-199612,True,True,1766,pandas
index_constituent_timeseries,FRM-199612@S&P 500,True,True,1766,
last_quoted_date,FRM-199612,True,True,,
first_quoted_date,FRM-199612,True,True,,
classification_at_level,FRM-199612,True,True,,GICS L1
classification,FRM-199612,True,True,,GICS flat fallback
security_name,FRM-199612,True,True,,
price_timeseries,FRO-199909,True,True,2462,pandas
index_constituent_timeseries,FRO-199909@S&P 500,True,True,2462,
last_quoted_date,FRO-199909,True,True,,
first_quoted_date,FRO-199909,True,True,,
classification_at_level,FRO-199909,True,True,,GICS L1
security_name,FRO-199909,True,True,,
price_timeseries,FRT,True,True,9185,pandas
index_constituent_timeseries,FRT@S&P 500,True,True,9185,
last_quoted_date,FRT,True,True,,
first_quoted_date,FRT,True,True,,
classification_at_level,FRT,True,True,,GICS L1
security_name,FRT,True,True,,
price_timeseries,FRT-196201,True,True,0,empty
price_timeseries,FRX-201406,True,True,6173,pandas
index_constituent_timeseries,FRX-201406@S&P 500,True,True,6173,
last_quoted_date,FRX-201406,True,True,,
first_quoted_date,FRX-201406,True,True,,
classification_at_level,FRX-201406,True,True,,GICS L1
security_name,FRX-201406,True,True,,
price_timeseries,FSH-200611,True,True,3753,pandas
index_constituent_timeseries,FSH-200611@S&P 500,True,True,3753,
last_quoted_date,FSH-200611,True,True,,
first_quoted_date,FSH-200611,True,True,,
classification_at_level,FSH-200611,True,True,,GICS L1
security_name,FSH-200611,True,True,,
price_timeseries,FSL.B-200612,True,True,511,pandas
index_constituent_timeseries,FSL.B-200612@S&P 500,True,True,511,
last_quoted_date,FSL.B-200612,True,True,,
first_quoted_date,FSL.B-200612,True,True,,
classification_at_level,FSL.B-200612,True,True,,GICS L1
security_name,FSL.B-200612,True,True,,
price_timeseries,FSLR,True,True,4927,pandas
index_constituent_timeseries,FSLR@S&P 500,True,True,4927,
last_quoted_date,FSLR,True,True,,
first_quoted_date,FSLR,True,True,,
classification_at_level,FSLR,True,True,,GICS L1
security_name,FSLR,True,True,,
price_timeseries,FST-197402,True,True,0,empty
price_timeseries,FT-198104,True,True,0,empty
price_timeseries,FTI,True,True,2371,pandas
index_constituent_timeseries,FTI@S&P 500,True,True,2371,
last_quoted_date,FTI,True,True,,
first_quoted_date,FTI,True,True,,
classification_at_level,FTI,True,True,,GICS L1
security_name,FTI,True,True,,
price_timeseries,FTI-201701,True,True,3921,pandas
index_constituent_timeseries,FTI-201701@S&P 500,True,True,3921,
last_quoted_date,FTI-201701,True,True,,
first_quoted_date,FTI-201701,True,True,,
classification_at_level,FTI-201701,True,True,,GICS L1
security_name,FTI-201701,True,True,,
price_timeseries,FTL-200004,True,True,2604,pandas
index_constituent_timeseries,FTL-200004@S&P 500,True,True,2604,
last_quoted_date,FTL-200004,True,True,,
first_quoted_date,FTL-200004,True,True,,
classification_at_level,FTL-200004,True,True,,GICS L1
security_name,FTL-200004,True,True,,
price_timeseries,FTNT,True,True,4172,pandas
index_constituent_timeseries,FTNT@S&P 500,True,True,4172,
last_quoted_date,FTNT,True,True,,
first_quoted_date,FTNT,True,True,,
classification_at_level,FTNT,True,True,,GICS L1
security_name,FTNT,True,True,,
price_timeseries,FTR-198612,True,True,0,empty
price_timeseries,FTRCQ-202104,True,True,7894,pandas
index_constituent_timeseries,FTRCQ-202104@S&P 500,True,True,7894,
last_quoted_date,FTRCQ-202104,True,True,,
first_quoted_date,FTRCQ-202104,True,True,,
classification_at_level,FTRCQ-202104,True,True,,GICS L1
security_name,FTRCQ-202104,True,True,,
price_timeseries,FTV,True,True,2518,pandas
index_constituent_timeseries,FTV@S&P 500,True,True,2518,
last_quoted_date,FTV,True,True,,
first_quoted_date,FTV,True,True,,
classification_at_level,FTV,True,True,,GICS L1
security_name,FTV,True,True,,
price_timeseries,FWLT-201412,True,True,6282,pandas
index_constituent_timeseries,FWLT-201412@S&P 500,True,True,6282,
last_quoted_date,FWLT-201412,True,True,,
first_quoted_date,FWLT-201412,True,True,,
classification_at_level,FWLT-201412,True,True,,GICS L1
security_name,FWLT-201412,True,True,,
price_timeseries,G-200509,True,True,3973,pandas
index_constituent_timeseries,G-200509@S&P 500,True,True,3973,
last_quoted_date,G-200509,True,True,,
first_quoted_date,G-200509,True,True,,
classification_at_level,G-200509,True,True,,GICS L1
security_name,G-200509,True,True,,
price_timeseries,GAC-197512,True,True,0,empty
price_timeseries,GAF-198903,True,True,0,empty
price_timeseries,GAO-198303,True,True,0,empty
price_timeseries,GAP,True,True,9185,pandas
index_constituent_timeseries,GAP@S&P 500,True,True,9185,
last_quoted_date,GAP,True,True,,
first_quoted_date,GAP,True,True,,
classification_at_level,GAP,True,True,,GICS L1
security_name,GAP,True,True,,
price_timeseries,GAPTQ-201203,True,True,5596,pandas
index_constituent_timeseries,GAPTQ-201203@S&P 500,True,True,5596,
last_quoted_date,GAPTQ-201203,True,True,,
first_quoted_date,GAPTQ-201203,True,True,,
classification_at_level,GAPTQ-201203,True,True,,GICS L1
security_name,GAPTQ-201203,True,True,,
price_timeseries,GAS-201112,True,True,5533,pandas
index_constituent_timeseries,GAS-201112@S&P 500,True,True,5533,
last_quoted_date,GAS-201112,True,True,,
first_quoted_date,GAS-201112,True,True,,
classification_at_level,GAS-201112,True,True,,GICS L1
security_name,GAS-201112,True,True,,
price_timeseries,GAS-201606,True,True,6678,pandas
index_constituent_timeseries,GAS-201606@S&P 500,True,True,6678,
last_quoted_date,GAS-201606,True,True,,
first_quoted_date,GAS-201606,True,True,,
classification_at_level,GAS-201606,True,True,,GICS L1
security_name,GAS-201606,True,True,,
price_timeseries,GBL-196211,True,True,0,empty
price_timeseries,GBLXQ-200312,True,True,1338,pandas
index_constituent_timeseries,GBLXQ-200312@S&P 500,True,True,1338,
last_quoted_date,GBLXQ-200312,True,True,,
first_quoted_date,GBLXQ-200312,True,True,,
classification_at_level,GBLXQ-200312,True,True,,GICS L1
security_name,GBLXQ-200312,True,True,,
price_timeseries,GCO,True,True,9185,pandas
index_constituent_timeseries,GCO@S&P 500,True,True,9185,
last_quoted_date,GCO,True,True,,
first_quoted_date,GCO,True,True,,
classification_at_level,GCO,True,True,,GICS L1
security_name,GCO,True,True,,
price_timeseries,GD,True,True,9185,pandas
index_constituent_timeseries,GD@S&P 500,True,True,9185,
last_quoted_date,GD,True,True,,
first_quoted_date,GD,True,True,,
classification_at_level,GD,True,True,,GICS L1
security_name,GD,True,True,,
price_timeseries,GDC-197904,True,True,0,empty
price_timeseries,GDDY,True,True,2823,pandas
index_constituent_timeseries,GDDY@S&P 500,True,True,2823,
last_quoted_date,GDDY,True,True,,
first_quoted_date,GDDY,True,True,,
classification_at_level,GDDY,True,True,,GICS L1
security_name,GDDY,True,True,,
price_timeseries,GDT-200604,True,True,2859,pandas
index_constituent_timeseries,GDT-200604@S&P 500,True,True,2859,
last_quoted_date,GDT-200604,True,True,,
first_quoted_date,GDT-200604,True,True,,
classification_at_level,GDT-200604,True,True,,GICS L1
security_name,GDT-200604,True,True,,
price_timeseries,GDVI-198309,True,True,0,empty
price_timeseries,GDW-200609,True,True,4224,pandas
index_constituent_timeseries,GDW-200609@S&P 500,True,True,4224,
last_quoted_date,GDW-200609,True,True,,
first_quoted_date,GDW-200609,True,True,,
classification_at_level,GDW-200609,True,True,,GICS L1
security_name,GDW-200609,True,True,,
price_timeseries,GE,True,True,9185,pandas
index_constituent_timeseries,GE@S&P 500,True,True,9185,
last_quoted_date,GE,True,True,,
first_quoted_date,GE,True,True,,
classification_at_level,GE,True,True,,GICS L1
security_name,GE,True,True,,
price_timeseries,GEB-199408,True,True,1176,pandas
index_constituent_timeseries,GEB-199408@S&P 500,True,True,1176,
last_quoted_date,GEB-199408,True,True,,
first_quoted_date,GEB-199408,True,True,,
classification_at_level,GEB-199408,True,True,,GICS L1
security_name,GEB-199408,True,True,,
price_timeseries,GEHC,True,True,881,pandas
index_constituent_timeseries,GEHC@S&P 500,True,True,881,
last_quoted_date,GEHC,True,True,,
first_quoted_date,GEHC,True,True,,
classification_at_level,GEHC,True,True,,GICS L1
security_name,GEHC,True,True,,
price_timeseries,GEN,True,True,9184,pandas
index_constituent_timeseries,GEN@S&P 500,True,True,9184,
last_quoted_date,GEN,True,True,,
first_quoted_date,GEN,True,True,,
classification_at_level,GEN,True,True,,GICS L1
security_name,GEN,True,True,,
price_timeseries,GENZ-201104,True,True,5363,pandas
index_constituent_timeseries,GENZ-201104@S&P 500,True,True,5363,
last_quoted_date,GENZ-201104,True,True,,
first_quoted_date,GENZ-201104,True,True,,
classification_at_level,GENZ-201104,True,True,,GICS L1
security_name,GENZ-201104,True,True,,
price_timeseries,GET-198402,True,True,0,empty
price_timeseries,GEV,True,True,561,pandas
index_constituent_timeseries,GEV@S&P 500,True,True,561,
last_quoted_date,GEV,True,True,,
first_quoted_date,GEV,True,True,,
classification_at_level,GEV,True,True,,GICS L1
security_name,GEV,True,True,,
price_timeseries,GF-198511,True,True,0,empty
price_timeseries,GFN-196807,True,True,0,empty
price_timeseries,GFO-197208,True,True,0,empty
price_timeseries,GFS.A-199810,True,True,2234,pandas
index_constituent_timeseries,GFS.A-199810@S&P 500,True,True,2234,
last_quoted_date,GFS.A-199810,True,True,,
first_quoted_date,GFS.A-199810,True,True,,
classification_at_level,GFS.A-199810,True,True,,GICS L1
security_name,GFS.A-199810,True,True,,
price_timeseries,GG-197903,True,True,0,empty
price_timeseries,GGP-201808,True,True,6394,pandas
index_constituent_timeseries,GGP-201808@S&P 500,True,True,6394,
last_quoted_date,GGP-201808,True,True,,
first_quoted_date,GGP-201808,True,True,,
classification_at_level,GGP-201808,True,True,,GICS L1
security_name,GGP-201808,True,True,,
price_timeseries,GH-199801,True,True,2026,pandas
index_constituent_timeseries,GH-199801@S&P 500,True,True,2026,
last_quoted_date,GH-199801,True,True,,
first_quoted_date,GH-199801,True,True,,
classification_at_level,GH-199801,True,True,,GICS L1
security_name,GH-199801,True,True,,
price_timeseries,GHB-198803,True,True,0,empty
price_timeseries,GHC,True,True,9182,pandas
index_constituent_timeseries,GHC@S&P 500,True,True,9182,
last_quoted_date,GHC,True,True,,
first_quoted_date,GHC,True,True,,
classification_at_level,GHC,True,True,,GICS L1
security_name,GHC,True,True,,
price_timeseries,GHC-199308,True,True,135,pandas
index_constituent_timeseries,GHC-199308@S&P 500,True,True,135,
last_quoted_date,GHC-199308,True,True,,
first_quoted_date,GHC-199308,True,True,,
classification_at_level,GHC-199308,True,True,,GICS L1
security_name,GHC-199308,True,True,,
price_timeseries,GHL-196106,True,True,0,empty
price_timeseries,GIC-200001,True,True,1914,pandas
index_constituent_timeseries,GIC-200001@S&P 500,True,True,1914,
last_quoted_date,GIC-200001,True,True,,
first_quoted_date,GIC-200001,True,True,,
classification_at_level,GIC-200001,True,True,,GICS L1
security_name,GIC-200001,True,True,,
price_timeseries,GID-198208,True,True,0,empty
price_timeseries,GIDL-199709,True,True,1959,pandas
index_constituent_timeseries,GIDL-199709@S&P 500,True,True,1959,
last_quoted_date,GIDL-199709,True,True,,
first_quoted_date,GIDL-199709,True,True,,
classification_at_level,GIDL-199709,True,True,,GICS L1
security_name,GIDL-199709,True,True,,
price_timeseries,GILD,True,True,8662,pandas
index_constituent_timeseries,GILD@S&P 500,True,True,8662,
last_quoted_date,GILD,True,True,,
first_quoted_date,GILD,True,True,,
classification_at_level,GILD,True,True,,GICS L1
security_name,GILD,True,True,,
price_timeseries,GIS,True,True,9185,pandas
index_constituent_timeseries,GIS@S&P 500,True,True,9185,
last_quoted_date,GIS,True,True,,
first_quoted_date,GIS,True,True,,
classification_at_level,GIS,True,True,,GICS L1
security_name,GIS,True,True,,
price_timeseries,GK-198105,True,True,0,empty
price_timeseries,GL,True,True,9185,pandas
index_constituent_timeseries,GL@S&P 500,True,True,9185,
last_quoted_date,GL,True,True,,
first_quoted_date,GL,True,True,,
classification_at_level,GL,True,True,,GICS L1
security_name,GL,True,True,,
price_timeseries,GLD-198811,True,True,0,empty
price_timeseries,GLD-199705,True,True,730,pandas
index_constituent_timeseries,GLD-199705@S&P 500,True,True,730,
last_quoted_date,GLD-199705,True,True,,
first_quoted_date,GLD-199705,True,True,,
classification_at_level,GLD-199705,True,True,,GICS L1
security_name,GLD-199705,True,True,,
price_timeseries,GLK-200507,True,True,3910,pandas
index_constituent_timeseries,GLK-200507@S&P 500,True,True,3910,
last_quoted_date,GLK-200507,True,True,,
first_quoted_date,GLK-200507,True,True,,
classification_at_level,GLK-200507,True,True,,GICS L1
security_name,GLK-200507,True,True,,
price_timeseries,GLM-200111,True,True,3001,pandas
index_constituent_timeseries,GLM-200111@S&P 500,True,True,3001,
last_quoted_date,GLM-200111,True,True,,
first_quoted_date,GLM-200111,True,True,,
classification_at_level,GLM-200111,True,True,,GICS L1
classification,GLM-200111,True,True,,GICS flat fallback
security_name,GLM-200111,True,True,,
price_timeseries,GLR.A-198805,True,True,0,empty
price_timeseries,GLW,True,True,9185,pandas
index_constituent_timeseries,GLW@S&P 500,True,True,9185,
last_quoted_date,GLW,True,True,,
first_quoted_date,GLW,True,True,,
classification_at_level,GLW,True,True,,GICS L1
security_name,GLW,True,True,,
price_timeseries,GM,True,True,3920,pandas
index_constituent_timeseries,GM@S&P 500,True,True,3920,
last_quoted_date,GM,True,True,,
first_quoted_date,GM,True,True,,
classification_at_level,GM,True,True,,GICS L1
security_name,GM,True,True,,
price_timeseries,GMBL-197309,True,True,0,empty
price_timeseries,GMCR-201603,True,True,5578,pandas
index_constituent_timeseries,GMCR-201603@S&P 500,True,True,5578,
last_quoted_date,GMCR-201603,True,True,,
first_quoted_date,GMCR-201603,True,True,,
classification_at_level,GMCR-201603,True,True,,GICS L1
security_name,GMCR-201603,True,True,,
price_timeseries,GME,True,True,6128,pandas
index_constituent_timeseries,GME@S&P 500,True,True,6128,
last_quoted_date,GME,True,True,,
first_quoted_date,GME,True,True,,
classification_at_level,GME,True,True,,GICS L1
security_name,GME,True,True,,
price_timeseries,GN-197003,True,True,0,empty
price_timeseries,GNE-199906,True,True,2390,pandas
index_constituent_timeseries,GNE-199906@S&P 500,True,True,2390,
last_quoted_date,GNE-199906,True,True,,
first_quoted_date,GNE-199906,True,True,,
classification_at_level,GNE-199906,True,True,,GICS L1
security_name,GNE-199906,True,True,,
price_timeseries,GNN-196806,True,True,0,empty
price_timeseries,GNN-199006,True,True,122,pandas
index_constituent_timeseries,GNN-199006@S&P 500,True,True,122,
last_quoted_date,GNN-199006,True,True,,
first_quoted_date,GNN-199006,True,True,,
classification_at_level,GNN-199006,True,True,,GICS L1
security_name,GNN-199006,True,True,,
price_timeseries,GNO-198202,True,True,0,empty
price_timeseries,GNRC,True,True,4115,pandas
index_constituent_timeseries,GNRC@S&P 500,True,True,4115,
last_quoted_date,GNRC,True,True,,
first_quoted_date,GNRC,True,True,,
classification_at_level,GNRC,True,True,,GICS L1
security_name,GNRC,True,True,,
price_timeseries,GNT-199806,True,True,2148,pandas
index_constituent_timeseries,GNT-199806@S&P 500,True,True,2148,
last_quoted_date,GNT-199806,True,True,,
first_quoted_date,GNT-199806,True,True,,
classification_at_level,GNT-199806,True,True,,GICS L1
security_name,GNT-199806,True,True,,
price_timeseries,GNW,True,True,5554,pandas
index_constituent_timeseries,GNW@S&P 500,True,True,5554,
last_quoted_date,GNW,True,True,,
first_quoted_date,GNW,True,True,,
classification_at_level,GNW,True,True,,GICS L1
security_name,GNW,True,True,,
price_timeseries,GO-198406,True,True,0,empty
price_timeseries,GOOG,True,True,3078,pandas
index_constituent_timeseries,GOOG@S&P 500,True,True,3078,
last_quoted_date,GOOG,True,True,,
first_quoted_date,GOOG,True,True,,
classification_at_level,GOOG,True,True,,GICS L1
security_name,GOOG,True,True,,
price_timeseries,GOOGL,True,True,5495,pandas
index_constituent_timeseries,GOOGL@S&P 500,True,True,5495,
last_quoted_date,GOOGL,True,True,,
first_quoted_date,GOOGL,True,True,,
classification_at_level,GOOGL,True,True,,GICS L1
security_name,GOOGL,True,True,,
price_timeseries,GOSHA-200507,True,True,3917,pandas
index_constituent_timeseries,GOSHA-200507@S&P 500,True,True,3917,
last_quoted_date,GOSHA-200507,True,True,,
first_quoted_date,GOSHA-200507,True,True,,
classification_at_level,GOSHA-200507,True,True,,GICS L1
classification,GOSHA-200507,True,True,,GICS flat fallback
security_name,GOSHA-200507,True,True,,
price_timeseries,GP-200512,True,True,4031,pandas
index_constituent_timeseries,GP-200512@S&P 500,True,True,4031,
last_quoted_date,GP-200512,True,True,,
first_quoted_date,GP-200512,True,True,,
classification_at_level,GP-200512,True,True,,GICS L1
security_name,GP-200512,True,True,,
price_timeseries,GPC,True,True,9185,pandas
index_constituent_timeseries,GPC@S&P 500,True,True,9185,
last_quoted_date,GPC,True,True,,
first_quoted_date,GPC,True,True,,
classification_at_level,GPC,True,True,,GICS L1
security_name,GPC,True,True,,
price_timeseries,GPN,True,True,6396,pandas
index_constituent_timeseries,GPN@S&P 500,True,True,6396,
last_quoted_date,GPN,True,True,,
first_quoted_date,GPN,True,True,,
classification_at_level,GPN,True,True,,GICS L1
security_name,GPN,True,True,,
price_timeseries,GPT-198111,True,True,0,empty
price_timeseries,GPU-200111,True,True,2991,pandas
index_constituent_timeseries,GPU-200111@S&P 500,True,True,2991,
last_quoted_date,GPU-200111,True,True,,
first_quoted_date,GPU-200111,True,True,,
classification_at_level,GPU-200111,True,True,,GICS L1
security_name,GPU-200111,True,True,,
price_timeseries,GQ-199404,True,True,1086,pandas
index_constituent_timeseries,GQ-199404@S&P 500,True,True,1086,
last_quoted_date,GQ-199404,True,True,,
first_quoted_date,GQ-199404,True,True,,
classification_at_level,GQ-199404,True,True,,GICS L1
security_name,GQ-199404,True,True,,
price_timeseries,GR-201207,True,True,5690,pandas
index_constituent_timeseries,GR-201207@S&P 500,True,True,5690,
last_quoted_date,GR-201207,True,True,,
first_quoted_date,GR-201207,True,True,,
classification_at_level,GR-201207,True,True,,GICS L1
security_name,GR-201207,True,True,,
price_timeseries,GRA-202109,True,True,7993,pandas
index_constituent_timeseries,GRA-202109@S&P 500,True,True,7993,
last_quoted_date,GRA-202109,True,True,,
first_quoted_date,GRA-202109,True,True,,
classification_at_level,GRA-202109,True,True,,GICS L1
security_name,GRA-202109,True,True,,
price_timeseries,GRH-198604,True,True,0,empty
price_timeseries,GRL-199008,True,True,163,pandas
index_constituent_timeseries,GRL-199008@S&P 500,True,True,163,
last_quoted_date,GRL-199008,True,True,,
first_quoted_date,GRL-199008,True,True,,
classification_at_level,GRL-199008,True,True,,GICS L1
classification,GRL-199008,True,True,,GICS flat fallback
security_name,GRL-199008,True,True,,
price_timeseries,GRMN,True,True,6420,pandas
index_constituent_timeseries,GRMN@S&P 500,True,True,6420,
last_quoted_date,GRMN,True,True,,
first_quoted_date,GRMN,True,True,,
classification_at_level,GRMN,True,True,,GICS L1
security_name,GRMN,True,True,,
price_timeseries,GRN-199812,True,True,2269,pandas
index_constituent_timeseries,GRN-199812@S&P 500,True,True,2269,
last_quoted_date,GRN-199812,True,True,,
first_quoted_date,GRN-199812,True,True,,
classification_at_level,GRN-199812,True,True,,GICS L1
security_name,GRN-199812,True,True,,
price_timeseries,GS,True,True,6826,pandas
index_constituent_timeseries,GS@S&P 500,True,True,6826,
last_quoted_date,GS,True,True,,
first_quoted_date,GS,True,True,,
classification_at_level,GS,True,True,,GICS L1
security_name,GS,True,True,,
price_timeseries,GSI-198203,True,True,0,empty
price_timeseries,GSK-198008,True,True,0,empty
price_timeseries,GSW-196801,True,True,0,empty
price_timeseries,GSX-199810,True,True,2216,pandas
index_constituent_timeseries,GSX-199810@S&P 500,True,True,2216,
last_quoted_date,GSX-199810,True,True,,
first_quoted_date,GSX-199810,True,True,,
classification_at_level,GSX-199810,True,True,,GICS L1
security_name,GSX-199810,True,True,,
price_timeseries,GT,True,True,9185,pandas
index_constituent_timeseries,GT@S&P 500,True,True,9185,
last_quoted_date,GT,True,True,,
first_quoted_date,GT,True,True,,
classification_at_level,GT,True,True,,GICS L1
security_name,GT,True,True,,
price_timeseries,GTE-200006,True,True,2654,pandas
index_constituent_timeseries,GTE-200006@S&P 500,True,True,2654,
last_quoted_date,GTE-200006,True,True,,
first_quoted_date,GTE-200006,True,True,,
classification_at_level,GTE-200006,True,True,,GICS L1
security_name,GTE-200006,True,True,,
price_timeseries,GTW-200710,True,True,3490,pandas
index_constituent_timeseries,GTW-200710@S&P 500,True,True,3490,
last_quoted_date,GTW-200710,True,True,,
first_quoted_date,GTW-200710,True,True,,
classification_at_level,GTW-200710,True,True,,GICS L1
security_name,GTW-200710,True,True,,
price_timeseries,GTY-197509,True,True,0,empty
price_timeseries,GUS-196012,True,True,0,empty
price_timeseries,GUX-197707,True,True,0,empty
price_timeseries,GWF-199707,True,True,1897,pandas
index_constituent_timeseries,GWF-199707@S&P 500,True,True,1897,
last_quoted_date,GWF-199707,True,True,,
first_quoted_date,GWF-199707,True,True,,
classification_at_level,GWF-199707,True,True,,GICS L1
security_name,GWF-199707,True,True,,
price_timeseries,GWOW-201009,True,True,3319,pandas
index_constituent_timeseries,GWOW-201009@S&P 500,True,True,3319,
last_quoted_date,GWOW-201009,True,True,,
first_quoted_date,GWOW-201009,True,True,,
classification_at_level,GWOW-201009,True,True,,GICS L1
security_name,GWOW-201009,True,True,,
price_timeseries,GWU-197802,True,True,0,empty
price_timeseries,GWW,True,True,9185,pandas
index_constituent_timeseries,GWW@S&P 500,True,True,9185,
last_quoted_date,GWW,True,True,,
first_quoted_date,GWW,True,True,,
classification_at_level,GWW,True,True,,GICS L1
security_name,GWW,True,True,,
price_timeseries,H-200107,True,True,2913,pandas
index_constituent_timeseries,H-200107@S&P 500,True,True,2913,
last_quoted_date,H-200107,True,True,,
first_quoted_date,H-200107,True,True,,
classification_at_level,H-200107,True,True,,GICS L1
security_name,H-200107,True,True,,
price_timeseries,H-200704,True,True,181,pandas
index_constituent_timeseries,H-200704@S&P 500,True,True,181,
last_quoted_date,H-200704,True,True,,
first_quoted_date,H-200704,True,True,,
classification_at_level,H-200704,True,True,,GICS L1
security_name,H-200704,True,True,,
price_timeseries,HAL,True,True,9185,pandas
index_constituent_timeseries,HAL@S&P 500,True,True,9185,
last_quoted_date,HAL,True,True,,
first_quoted_date,HAL,True,True,,
classification_at_level,HAL,True,True,,GICS L1
security_name,HAL,True,True,,
price_timeseries,HAR-201703,True,True,6815,pandas
index_constituent_timeseries,HAR-201703@S&P 500,True,True,6815,
last_quoted_date,HAR-201703,True,True,,
first_quoted_date,HAR-201703,True,True,,
classification_at_level,HAR-201703,True,True,,GICS L1
security_name,HAR-201703,True,True,,
price_timeseries,HAS,True,True,9185,pandas
index_constituent_timeseries,HAS@S&P 500,True,True,9185,
last_quoted_date,HAS,True,True,,
first_quoted_date,HAS,True,True,,
classification_at_level,HAS,True,True,,GICS L1
security_name,HAS,True,True,,
price_timeseries,HBAN,True,True,9185,pandas
index_constituent_timeseries,HBAN@S&P 500,True,True,9185,
last_quoted_date,HBAN,True,True,,
first_quoted_date,HBAN,True,True,,
classification_at_level,HBAN,True,True,,GICS L1
security_name,HBAN,True,True,,
price_timeseries,HBI-202511,True,True,4853,pandas
index_constituent_timeseries,HBI-202511@S&P 500,True,True,4853,
last_quoted_date,HBI-202511,True,True,,
first_quoted_date,HBI-202511,True,True,,
classification_at_level,HBI-202511,True,True,,GICS L1
security_name,HBI-202511,True,True,,
price_timeseries,HBJ-199111,True,True,482,pandas
index_constituent_timeseries,HBJ-199111@S&P 500,True,True,482,
last_quoted_date,HBJ-199111,True,True,,
first_quoted_date,HBJ-199111,True,True,,
classification_at_level,HBJ-199111,True,True,,GICS L1
security_name,HBJ-199111,True,True,,
price_timeseries,HBL-198210,True,True,0,empty
price_timeseries,HBOC-199901,True,True,2284,pandas
index_constituent_timeseries,HBOC-199901@S&P 500,True,True,2284,
last_quoted_date,HBOC-199901,True,True,,
first_quoted_date,HBOC-199901,True,True,,
classification_at_level,HBOC-199901,True,True,,GICS L1
security_name,HBOC-199901,True,True,,
price_timeseries,HC-199603,True,True,1569,pandas
index_constituent_timeseries,HC-199603@S&P 500,True,True,1569,
last_quoted_date,HC-199603,True,True,,
first_quoted_date,HC-199603,True,True,,
classification_at_level,HC-199603,True,True,,GICS L1
security_name,HC-199603,True,True,,
price_timeseries,HCA,True,True,3844,pandas
index_constituent_timeseries,HCA@S&P 500,True,True,3844,
last_quoted_date,HCA,True,True,,
first_quoted_date,HCA,True,True,,
classification_at_level,HCA,True,True,,GICS L1
security_name,HCA,True,True,,
price_timeseries,HCA-198903,True,True,0,empty
price_timeseries,HCA-200611,True,True,4163,pandas
index_constituent_timeseries,HCA-200611@S&P 500,True,True,4163,
last_quoted_date,HCA-200611,True,True,,
first_quoted_date,HCA-200611,True,True,,
classification_at_level,HCA-200611,True,True,,GICS L1
security_name,HCA-200611,True,True,,
price_timeseries,HCBK-201510,True,True,4104,pandas
index_constituent_timeseries,HCBK-201510@S&P 500,True,True,4104,
last_quoted_date,HCBK-201510,True,True,,
first_quoted_date,HCBK-201510,True,True,,
classification_at_level,HCBK-201510,True,True,,GICS L1
security_name,HCBK-201510,True,True,,
price_timeseries,HCL-196110,True,True,0,empty
price_timeseries,HCR-200712,True,True,4078,pandas
index_constituent_timeseries,HCR-200712@S&P 500,True,True,4078,
last_quoted_date,HCR-200712,True,True,,
first_quoted_date,HCR-200712,True,True,,
classification_at_level,HCR-200712,True,True,,GICS L1
security_name,HCR-200712,True,True,,
price_timeseries,HD,True,True,9185,pandas
index_constituent_timeseries,HD@S&P 500,True,True,9185,
last_quoted_date,HD,True,True,,
first_quoted_date,HD,True,True,,
classification_at_level,HD,True,True,,GICS L1
security_name,HD,True,True,,
price_timeseries,HD-198307,True,True,0,empty
price_timeseries,HDLM-201301,True,True,5562,pandas
index_constituent_timeseries,HDLM-201301@S&P 500,True,True,5562,
last_quoted_date,HDLM-201301,True,True,,
first_quoted_date,HDLM-201301,True,True,,
classification_at_level,HDLM-201301,True,True,,GICS L1
security_name,HDLM-201301,True,True,,
price_timeseries,HES-202507,True,True,8951,pandas
index_constituent_timeseries,HES-202507@S&P 500,True,True,8951,
last_quoted_date,HES-202507,True,True,,
first_quoted_date,HES-202507,True,True,,
classification_at_level,HES-202507,True,True,,GICS L1
security_name,HES-202507,True,True,,
price_timeseries,HET-200801,True,True,4556,pandas
index_constituent_timeseries,HET-200801@S&P 500,True,True,4556,
last_quoted_date,HET-200801,True,True,,
first_quoted_date,HET-200801,True,True,,
classification_at_level,HET-200801,True,True,,GICS L1
security_name,HET-200801,True,True,,
price_timeseries,HEW-196502,True,True,0,empty
price_timeseries,HFS-199712,True,True,1270,pandas
index_constituent_timeseries,HFS-199712@S&P 500,True,True,1270,
last_quoted_date,HFS-199712,True,True,,
first_quoted_date,HFS-199712,True,True,,
classification_at_level,HFS-199712,True,True,,GICS L1
security_name,HFS-199712,True,True,,
price_timeseries,HH-197905,True,True,0,empty
price_timeseries,HI-200303,True,True,3340,pandas
index_constituent_timeseries,HI-200303@S&P 500,True,True,3340,
last_quoted_date,HI-200303,True,True,,
first_quoted_date,HI-200303,True,True,,
classification_at_level,HI-200303,True,True,,GICS L1
security_name,HI-200303,True,True,,
price_timeseries,HIA-199002,True,True,27,pandas
index_constituent_timeseries,HIA-199002@S&P 500,True,True,27,
last_quoted_date,HIA-199002,True,True,,
first_quoted_date,HIA-199002,True,True,,
classification_at_level,HIA-199002,True,True,,GICS L1
security_name,HIA-199002,True,True,,
price_timeseries,HIG,True,True,7678,pandas
index_constituent_timeseries,HIG@S&P 500,True,True,7678,
last_quoted_date,HIG,True,True,,
first_quoted_date,HIG,True,True,,
classification_at_level,HIG,True,True,,GICS L1
security_name,HIG,True,True,,
price_timeseries,HII,True,True,3836,pandas
index_constituent_timeseries,HII@S&P 500,True,True,3836,
last_quoted_date,HII,True,True,,
first_quoted_date,HII,True,True,,
classification_at_level,HII,True,True,,GICS L1
security_name,HII,True,True,,
price_timeseries,HIR-198004,True,True,0,empty
price_timeseries,HJ-198006,True,True,0,empty
price_timeseries,HKR-196807,True,True,0,empty
price_timeseries,HLN-196409,True,True,0,empty
price_timeseries,HLT,True,True,3149,pandas
index_constituent_timeseries,HLT@S&P 500,True,True,3149,
last_quoted_date,HLT,True,True,,
first_quoted_date,HLT,True,True,,
classification_at_level,HLT,True,True,,GICS L1
security_name,HLT,True,True,,
price_timeseries,HLT-200710,True,True,4492,pandas
index_constituent_timeseries,HLT-200710@S&P 500,True,True,4492,
last_quoted_date,HLT-200710,True,True,,
first_quoted_date,HLT-200710,True,True,,
classification_at_level,HLT-200710,True,True,,GICS L1
security_name,HLT-200710,True,True,,
price_timeseries,HLYS-198804,True,True,0,empty
price_timeseries,HM-200112,True,True,3018,pandas
index_constituent_timeseries,HM-200112@S&P 500,True,True,3018,
last_quoted_date,HM-200112,True,True,,
first_quoted_date,HM-200112,True,True,,
classification_at_level,HM-200112,True,True,,GICS L1
security_name,HM-200112,True,True,,
price_timeseries,HMA-201401,True,True,5780,pandas
index_constituent_timeseries,HMA-201401@S&P 500,True,True,5780,
last_quoted_date,HMA-201401,True,True,,
first_quoted_date,HMA-201401,True,True,,
classification_at_level,HMA-201401,True,True,,GICS L1
security_name,HMA-201401,True,True,,
price_timeseries,HNG-198507,True,True,0,empty
price_timeseries,HNS-197901,True,True,0,empty
price_timeseries,HNZ-201306,True,True,5906,pandas
index_constituent_timeseries,HNZ-201306@S&P 500,True,True,5906,
last_quoted_date,HNZ-201306,True,True,,
first_quoted_date,HNZ-201306,True,True,,
classification_at_level,HNZ-201306,True,True,,GICS L1
security_name,HNZ-201306,True,True,,
price_timeseries,HOB-198103,True,True,0,empty
price_timeseries,HOG,True,True,9185,pandas
index_constituent_timeseries,HOG@S&P 500,True,True,9185,
last_quoted_date,HOG,True,True,,
first_quoted_date,HOG,True,True,,
classification_at_level,HOG,True,True,,GICS L1
security_name,HOG,True,True,,
price_timeseries,HOI-198104,True,True,0,empty
price_timeseries,HOLX-202604,True,True,9086,pandas
index_constituent_timeseries,HOLX-202604@S&P 500,True,True,9086,
last_quoted_date,HOLX-202604,True,True,,
first_quoted_date,HOLX-202604,True,True,,
classification_at_level,HOLX-202604,True,True,,GICS L1
security_name,HOLX-202604,True,True,,
price_timeseries,HON,True,True,9185,pandas
index_constituent_timeseries,HON@S&P 500,True,True,9185,
last_quoted_date,HON,True,True,,
first_quoted_date,HON,True,True,,
classification_at_level,HON,True,True,,GICS L1
security_name,HON,True,True,,
price_timeseries,HON-199912,True,True,2507,pandas
index_constituent_timeseries,HON-199912@S&P 500,True,True,2507,
last_quoted_date,HON-199912,True,True,,
first_quoted_date,HON-199912,True,True,,
classification_at_level,HON-199912,True,True,,GICS L1
security_name,HON-199912,True,True,,
price_timeseries,HOOD,True,True,1230,pandas
index_constituent_timeseries,HOOD@S&P 500,True,True,1230,
last_quoted_date,HOOD,True,True,,
first_quoted_date,HOOD,True,True,,
classification_at_level,HOOD,True,True,,GICS L1
security_name,HOOD,True,True,,
price_timeseries,HOT-201609,True,True,6725,pandas
index_constituent_timeseries,HOT-201609@S&P 500,True,True,6725,
last_quoted_date,HOT-201609,True,True,,
first_quoted_date,HOT-201609,True,True,,
classification_at_level,HOT-201609,True,True,,GICS L1
security_name,HOT-201609,True,True,,
price_timeseries,HP,True,True,9185,pandas
index_constituent_timeseries,HP@S&P 500,True,True,9185,
last_quoted_date,HP,True,True,,
first_quoted_date,HP,True,True,,
classification_at_level,HP,True,True,,GICS L1
security_name,HP,True,True,,
price_timeseries,HPC-200811,True,True,4759,pandas
index_constituent_timeseries,HPC-200811@S&P 500,True,True,4759,
last_quoted_date,HPC-200811,True,True,,
first_quoted_date,HPC-200811,True,True,,
classification_at_level,HPC-200811,True,True,,GICS L1
security_name,HPC-200811,True,True,,
price_timeseries,HPE,True,True,2684,pandas
index_constituent_timeseries,HPE@S&P 500,True,True,2684,
last_quoted_date,HPE,True,True,,
first_quoted_date,HPE,True,True,,
classification_at_level,HPE,True,True,,GICS L1
security_name,HPE,True,True,,
price_timeseries,HPG-197902,True,True,0,empty
price_timeseries,HPQ,True,True,9185,pandas
index_constituent_timeseries,HPQ@S&P 500,True,True,9185,
last_quoted_date,HPQ,True,True,,
first_quoted_date,HPQ,True,True,,
classification_at_level,HPQ,True,True,,GICS L1
security_name,HPQ,True,True,,
price_timeseries,HRB,True,True,9185,pandas
index_constituent_timeseries,HRB@S&P 500,True,True,9185,
last_quoted_date,HRB,True,True,,
first_quoted_date,HRB,True,True,,
classification_at_level,HRB,True,True,,GICS L1
security_name,HRB,True,True,,
price_timeseries,HRL,True,True,9185,pandas
index_constituent_timeseries,HRL@S&P 500,True,True,9185,
last_quoted_date,HRL,True,True,,
first_quoted_date,HRL,True,True,,
classification_at_level,HRL,True,True,,GICS L1
security_name,HRL,True,True,,
price_timeseries,HRW-196708,True,True,0,empty
price_timeseries,HRZIQ-200107,True,True,2912,pandas
index_constituent_timeseries,HRZIQ-200107@S&P 500,True,True,2912,
last_quoted_date,HRZIQ-200107,True,True,,
first_quoted_date,HRZIQ-200107,True,True,,
classification_at_level,HRZIQ-200107,True,True,,GICS L1
security_name,HRZIQ-200107,True,True,,
price_timeseries,HSH-201408,True,True,6215,pandas
index_constituent_timeseries,HSH-201408@S&P 500,True,True,6215,
last_quoted_date,HSH-201408,True,True,,
first_quoted_date,HSH-201408,True,True,,
classification_at_level,HSH-201408,True,True,,GICS L1
security_name,HSH-201408,True,True,,
price_timeseries,HSIC,True,True,7707,pandas
index_constituent_timeseries,HSIC@S&P 500,True,True,7707,
last_quoted_date,HSIC,True,True,,
first_quoted_date,HSIC,True,True,,
classification_at_level,HSIC,True,True,,GICS L1
security_name,HSIC,True,True,,
price_timeseries,HSP-201509,True,True,2864,pandas
index_constituent_timeseries,HSP-201509@S&P 500,True,True,2864,
last_quoted_date,HSP-201509,True,True,,
first_quoted_date,HSP-201509,True,True,,
classification_at_level,HSP-201509,True,True,,GICS L1
security_name,HSP-201509,True,True,,
price_timeseries,HST,True,True,9185,pandas
index_constituent_timeseries,HST@S&P 500,True,True,9185,
last_quoted_date,HST,True,True,,
first_quoted_date,HST,True,True,,
classification_at_level,HST,True,True,,GICS L1
security_name,HST,True,True,,
price_timeseries,HSY,True,True,9185,pandas
index_constituent_timeseries,HSY@S&P 500,True,True,9185,
last_quoted_date,HSY,True,True,,
first_quoted_date,HSY,True,True,,
classification_at_level,HSY,True,True,,GICS L1
security_name,HSY,True,True,,
price_timeseries,HT-198704,True,True,0,empty
price_timeseries,HTMXQ-201305,True,True,5567,pandas
index_constituent_timeseries,HTMXQ-201305@S&P 500,True,True,5567,
last_quoted_date,HTMXQ-201305,True,True,,
first_quoted_date,HTMXQ-201305,True,True,,
classification_at_level,HTMXQ-201305,True,True,,GICS L1
security_name,HTMXQ-201305,True,True,,
price_timeseries,HUBB,True,True,9185,pandas
index_constituent_timeseries,HUBB@S&P 500,True,True,9185,
last_quoted_date,HUBB,True,True,,
first_quoted_date,HUBB,True,True,,
classification_at_level,HUBB,True,True,,GICS L1
security_name,HUBB,True,True,,
price_timeseries,HUM,True,True,9185,pandas
index_constituent_timeseries,HUM@S&P 500,True,True,9185,
last_quoted_date,HUM,True,True,,
first_quoted_date,HUM,True,True,,
classification_at_level,HUM,True,True,,GICS L1
security_name,HUM,True,True,,
price_timeseries,HW-197508,True,True,0,empty
price_timeseries,HWC-197702,True,True,0,empty
price_timeseries,HWM,True,True,9185,pandas
index_constituent_timeseries,HWM@S&P 500,True,True,9185,
last_quoted_date,HWM,True,True,,
first_quoted_date,HWM,True,True,,
classification_at_level,HWM,True,True,,GICS L1
security_name,HWM,True,True,,
price_timeseries,HWR-198610,True,True,0,empty
price_timeseries,HYST-198402,True,True,0,empty
price_timeseries,I-199603,True,True,1580,pandas
index_constituent_timeseries,I-199603@S&P 500,True,True,1580,
last_quoted_date,I-199603,True,True,,
first_quoted_date,I-199603,True,True,,
classification_at_level,I-199603,True,True,,GICS L1
security_name,I-199603,True,True,,
price_timeseries,IBKR,True,True,4814,pandas
index_constituent_timeseries,IBKR@S&P 500,True,True,4814,
last_quoted_date,IBKR,True,True,,
first_quoted_date,IBKR,True,True,,
classification_at_level,IBKR,True,True,,GICS L1
security_name,IBKR,True,True,,
price_timeseries,IBM,True,True,9185,pandas
index_constituent_timeseries,IBM@S&P 500,True,True,9185,
last_quoted_date,IBM,True,True,,
first_quoted_date,IBM,True,True,,
classification_at_level,IBM,True,True,,GICS L1
security_name,IBM,True,True,,
price_timeseries,IBP-198108,True,True,0,empty
price_timeseries,IC-197807,True,True,0,empty
price_timeseries,ICA-199005,True,True,92,pandas
index_constituent_timeseries,ICA-199005@S&P 500,True,True,92,
last_quoted_date,ICA-199005,True,True,,
first_quoted_date,ICA-199005,True,True,,
classification_at_level,ICA-199005,True,True,,GICS L1
security_name,ICA-199005,True,True,,
price_timeseries,ICE,True,True,5180,pandas
index_constituent_timeseries,ICE@S&P 500,True,True,5180,
last_quoted_date,ICE,True,True,,
first_quoted_date,ICE,True,True,,
classification_at_level,ICE,True,True,,GICS L1
security_name,ICE,True,True,,
price_timeseries,ICR-196801,True,True,0,empty
price_timeseries,ID-198208,True,True,0,empty
price_timeseries,IDA,True,True,9185,pandas
index_constituent_timeseries,IDA@S&P 500,True,True,9185,
last_quoted_date,IDA,True,True,,
first_quoted_date,IDA,True,True,,
classification_at_level,IDA,True,True,,GICS L1
security_name,IDA,True,True,,
price_timeseries,IDL-199003,True,True,47,pandas
index_constituent_timeseries,IDL-199003@S&P 500,True,True,47,
last_quoted_date,IDL-199003,True,True,,
first_quoted_date,IDL-199003,True,True,,
classification_at_level,IDL-199003,True,True,,GICS L1
security_name,IDL-199003,True,True,,
price_timeseries,IDXX,True,True,8813,pandas
index_constituent_timeseries,IDXX@S&P 500,True,True,8813,
last_quoted_date,IDXX,True,True,,
first_quoted_date,IDXX,True,True,,
classification_at_level,IDXX,True,True,,GICS L1
security_name,IDXX,True,True,,
price_timeseries,IEX,True,True,9168,pandas
index_constituent_timeseries,IEX@S&P 500,True,True,9168,
last_quoted_date,IEX,True,True,,
first_quoted_date,IEX,True,True,,
classification_at_level,IEX,True,True,,GICS L1
security_name,IEX,True,True,,
price_timeseries,IFC-198706,True,True,0,empty
price_timeseries,IFF,True,True,9185,pandas
index_constituent_timeseries,IFF@S&P 500,True,True,9185,
last_quoted_date,IFF,True,True,,
first_quoted_date,IFF,True,True,,
classification_at_level,IFF,True,True,,GICS L1
security_name,IFF,True,True,,
price_timeseries,IGT-201504,True,True,6365,pandas
index_constituent_timeseries,IGT-201504@S&P 500,True,True,6365,
last_quoted_date,IGT-201504,True,True,,
first_quoted_date,IGT-201504,True,True,,
classification_at_level,IGT-201504,True,True,,GICS L1
security_name,IGT-201504,True,True,,
price_timeseries,IK-199902,True,True,2303,pandas
index_constituent_timeseries,IK-199902@S&P 500,True,True,2303,
last_quoted_date,IK-199902,True,True,,
first_quoted_date,IK-199902,True,True,,
classification_at_level,IK-199902,True,True,,GICS L1
security_name,IK-199902,True,True,,
price_timeseries,IKN-200810,True,True,4750,pandas
index_constituent_timeseries,IKN-200810@S&P 500,True,True,4750,
last_quoted_date,IKN-200810,True,True,,
first_quoted_date,IKN-200810,True,True,,
classification_at_level,IKN-200810,True,True,,GICS L1
security_name,IKN-200810,True,True,,
price_timeseries,IL-196408,True,True,0,empty
price_timeseries,ILMN,True,True,6513,pandas
index_constituent_timeseries,ILMN@S&P 500,True,True,6513,
last_quoted_date,ILMN,True,True,,
first_quoted_date,ILMN,True,True,,
classification_at_level,ILMN,True,True,,GICS L1
security_name,ILMN,True,True,,
price_timeseries,IMNX-200207,True,True,3161,pandas
index_constituent_timeseries,IMNX-200207@S&P 500,True,True,3161,
last_quoted_date,IMNX-200207,True,True,,
first_quoted_date,IMNX-200207,True,True,,
classification_at_level,IMNX-200207,True,True,,GICS L1
security_name,IMNX-200207,True,True,,
price_timeseries,IMSI-198805,True,True,0,empty
price_timeseries,IN.A-197811,True,True,0,empty
price_timeseries,INA-198203,True,True,0,empty
price_timeseries,INCLF-200701,True,True,4289,pandas
index_constituent_timeseries,INCLF-200701@S&P 500,True,True,4289,
last_quoted_date,INCLF-200701,True,True,,
first_quoted_date,INCLF-200701,True,True,,
classification_at_level,INCLF-200701,True,True,,GICS L1
security_name,INCLF-200701,True,True,,
price_timeseries,INCY,True,True,8211,pandas
index_constituent_timeseries,INCY@S&P 500,True,True,8211,
last_quoted_date,INCY,True,True,,
first_quoted_date,INCY,True,True,,
classification_at_level,INCY,True,True,,GICS L1
security_name,INCY,True,True,,
price_timeseries,INFO-202202,True,True,1937,pandas
index_constituent_timeseries,INFO-202202@S&P 500,True,True,1937,
last_quoted_date,INFO-202202,True,True,,
first_quoted_date,INFO-202202,True,True,,
classification_at_level,INFO-202202,True,True,,GICS L1
security_name,INFO-202202,True,True,,
price_timeseries,INGR-200611,True,True,4266,pandas
index_constituent_timeseries,INGR-200611@S&P 500,True,True,4266,
last_quoted_date,INGR-200611,True,True,,
first_quoted_date,INGR-200611,True,True,,
classification_at_level,INGR-200611,True,True,,GICS L1
security_name,INGR-200611,True,True,,
price_timeseries,INTC,True,True,9185,pandas
index_constituent_timeseries,INTC@S&P 500,True,True,9185,
last_quoted_date,INTC,True,True,,
first_quoted_date,INTC,True,True,,
classification_at_level,INTC,True,True,,GICS L1
security_name,INTC,True,True,,
price_timeseries,INTU,True,True,8377,pandas
index_constituent_timeseries,INTU@S&P 500,True,True,8377,
last_quoted_date,INTU,True,True,,
first_quoted_date,INTU,True,True,,
classification_at_level,INTU,True,True,,GICS L1
security_name,INTU,True,True,,
price_timeseries,INVH,True,True,2360,pandas
index_constituent_timeseries,INVH@S&P 500,True,True,2360,
last_quoted_date,INVH,True,True,,
first_quoted_date,INVH,True,True,,
classification_at_level,INVH,True,True,,GICS L1
security_name,INVH,True,True,,
price_timeseries,IP,True,True,9185,pandas
index_constituent_timeseries,IP@S&P 500,True,True,9185,
last_quoted_date,IP,True,True,,
first_quoted_date,IP,True,True,,
classification_at_level,IP,True,True,,GICS L1
security_name,IP,True,True,,
price_timeseries,IPG-202511,True,True,9044,pandas
index_constituent_timeseries,IPG-202511@S&P 500,True,True,9044,
last_quoted_date,IPG-202511,True,True,,
first_quoted_date,IPG-202511,True,True,,
classification_at_level,IPG-202511,True,True,,GICS L1
security_name,IPG-202511,True,True,,
price_timeseries,IPGP,True,True,4910,pandas
index_constituent_timeseries,IPGP@S&P 500,True,True,4910,
last_quoted_date,IPGP,True,True,,
first_quoted_date,IPGP,True,True,,
classification_at_level,IPGP,True,True,,GICS L1
security_name,IPGP,True,True,,
price_timeseries,IPL-200103,True,True,2839,pandas
index_constituent_timeseries,IPL-200103@S&P 500,True,True,2839,
last_quoted_date,IPL-200103,True,True,,
first_quoted_date,IPL-200103,True,True,,
classification_at_level,IPL-200103,True,True,,GICS L1
security_name,IPL-200103,True,True,,
price_timeseries,IQ-198210,True,True,0,empty
price_timeseries,IQV,True,True,3300,pandas
index_constituent_timeseries,IQV@S&P 500,True,True,3300,
last_quoted_date,IQV,True,True,,
first_quoted_date,IQV,True,True,,
classification_at_level,IQV,True,True,,GICS L1
security_name,IQV,True,True,,
price_timeseries,IR,True,True,2290,pandas
index_constituent_timeseries,IR@S&P 500,True,True,2290,
last_quoted_date,IR,True,True,,
first_quoted_date,IR,True,True,,
classification_at_level,IR,True,True,,GICS L1
security_name,IR,True,True,,
price_timeseries,IRM,True,True,7640,pandas
index_constituent_timeseries,IRM@S&P 500,True,True,7640,
last_quoted_date,IRM,True,True,,
first_quoted_date,IRM,True,True,,
classification_at_level,IRM,True,True,,GICS L1
security_name,IRM,True,True,,
price_timeseries,IRY-196104,True,True,0,empty
price_timeseries,ISRG,True,True,6545,pandas
index_constituent_timeseries,ISRG@S&P 500,True,True,6545,
last_quoted_date,ISRG,True,True,,
first_quoted_date,ISRG,True,True,,
classification_at_level,ISRG,True,True,,GICS L1
security_name,ISRG,True,True,,
price_timeseries,ISS-199206,True,True,629,pandas
index_constituent_timeseries,ISS-199206@S&P 500,True,True,629,
last_quoted_date,ISS-199206,True,True,,
first_quoted_date,ISS-199206,True,True,,
classification_at_level,ISS-199206,True,True,,GICS L1
classification,ISS-199206,True,True,,GICS flat fallback
security_name,ISS-199206,True,True,,
price_timeseries,IT,True,True,8234,pandas
index_constituent_timeseries,IT@S&P 500,True,True,8234,
last_quoted_date,IT,True,True,,
first_quoted_date,IT,True,True,,
classification_at_level,IT,True,True,,GICS L1
security_name,IT,True,True,,
price_timeseries,ITC-198806,True,True,0,empty
price_timeseries,ITE-197604,True,True,0,empty
price_timeseries,ITT,True,True,9185,pandas
index_constituent_timeseries,ITT@S&P 500,True,True,9185,
last_quoted_date,ITT,True,True,,
first_quoted_date,ITT,True,True,,
classification_at_level,ITT,True,True,,GICS L1
security_name,ITT,True,True,,
price_timeseries,ITT-199802,True,True,549,pandas
index_constituent_timeseries,ITT-199802@S&P 500,True,True,549,
last_quoted_date,ITT-199802,True,True,,
first_quoted_date,ITT-199802,True,True,,
classification_at_level,ITT-199802,True,True,,GICS L1
security_name,ITT-199802,True,True,,
price_timeseries,ITW,True,True,9185,pandas
index_constituent_timeseries,ITW@S&P 500,True,True,9185,
last_quoted_date,ITW,True,True,,
first_quoted_date,ITW,True,True,,
classification_at_level,ITW,True,True,,GICS L1
security_name,ITW,True,True,,
price_timeseries,ITY-195706,True,True,0,empty
price_timeseries,IVZ,True,True,7748,pandas
index_constituent_timeseries,IVZ@S&P 500,True,True,7748,
last_quoted_date,IVZ,True,True,,
first_quoted_date,IVZ,True,True,,
classification_at_level,IVZ,True,True,,GICS L1
security_name,IVZ,True,True,,
price_timeseries,J,True,True,9185,pandas
index_constituent_timeseries,J@S&P 500,True,True,9185,
last_quoted_date,J,True,True,,
first_quoted_date,J,True,True,,
classification_at_level,J,True,True,,GICS L1
security_name,J,True,True,,
price_timeseries,JAEG-197203,True,True,0,empty
price_timeseries,JAVA-201001,True,True,5059,pandas
index_constituent_timeseries,JAVA-201001@S&P 500,True,True,5059,
last_quoted_date,JAVA-201001,True,True,,
first_quoted_date,JAVA-201001,True,True,,
classification_at_level,JAVA-201001,True,True,,GICS L1
security_name,JAVA-201001,True,True,,
price_timeseries,JBHT,True,True,9185,pandas
index_constituent_timeseries,JBHT@S&P 500,True,True,9185,
last_quoted_date,JBHT,True,True,,
first_quoted_date,JBHT,True,True,,
classification_at_level,JBHT,True,True,,GICS L1
security_name,JBHT,True,True,,
price_timeseries,JBL,True,True,8337,pandas
index_constituent_timeseries,JBL@S&P 500,True,True,8337,
last_quoted_date,JBL,True,True,,
first_quoted_date,JBL,True,True,,
classification_at_level,JBL,True,True,,GICS L1
security_name,JBL,True,True,,
price_timeseries,JCI,True,True,9185,pandas
index_constituent_timeseries,JCI@S&P 500,True,True,9185,
last_quoted_date,JCI,True,True,,
first_quoted_date,JCI,True,True,,
classification_at_level,JCI,True,True,,GICS L1
security_name,JCI,True,True,,
price_timeseries,JCI-201609,True,True,6723,pandas
index_constituent_timeseries,JCI-201609@S&P 500,True,True,6723,
last_quoted_date,JCI-201609,True,True,,
first_quoted_date,JCI-201609,True,True,,
classification_at_level,JCI-201609,True,True,,GICS L1
security_name,JCI-201609,True,True,,
price_timeseries,JEF,True,True,9151,pandas
index_constituent_timeseries,JEF@S&P 500,True,True,9151,
last_quoted_date,JEF,True,True,,
first_quoted_date,JEF,True,True,,
classification_at_level,JEF,True,True,,GICS L1
security_name,JEF,True,True,,
price_timeseries,JEF-196403,True,True,0,empty
price_timeseries,JERR-199005,True,True,61,pandas
index_constituent_timeseries,JERR-199005@S&P 500,True,True,61,
last_quoted_date,JERR-199005,True,True,,
first_quoted_date,JERR-199005,True,True,,
classification_at_level,JERR-199005,True,True,,GICS L1
security_name,JERR-199005,True,True,,
price_timeseries,JH-200705,True,True,4369,pandas
index_constituent_timeseries,JH-200705@S&P 500,True,True,4369,
last_quoted_date,JH-200705,True,True,,
first_quoted_date,JH-200705,True,True,,
classification_at_level,JH-200705,True,True,,GICS L1
security_name,JH-200705,True,True,,
price_timeseries,JHF-200404,True,True,1068,pandas
index_constituent_timeseries,JHF-200404@S&P 500,True,True,1068,
last_quoted_date,JHF-200404,True,True,,
first_quoted_date,JHF-200404,True,True,,
classification_at_level,JHF-200404,True,True,,GICS L1
security_name,JHF-200404,True,True,,
price_timeseries,JI-197008,True,True,0,empty
price_timeseries,JJN-197209,True,True,0,empty
price_timeseries,JKHY,True,True,9087,pandas
index_constituent_timeseries,JKHY@S&P 500,True,True,9087,
last_quoted_date,JKHY,True,True,,
first_quoted_date,JKHY,True,True,,
classification_at_level,JKHY,True,True,,GICS L1
security_name,JKHY,True,True,,
price_timeseries,JL-197411,True,True,0,empty
price_timeseries,JM-200102,True,True,2819,pandas
index_constituent_timeseries,JM-200102@S&P 500,True,True,2819,
last_quoted_date,JM-200102,True,True,,
first_quoted_date,JM-200102,True,True,,
classification_at_level,JM-200102,True,True,,GICS L1
security_name,JM-200102,True,True,,
price_timeseries,JNJ,True,True,9185,pandas
index_constituent_timeseries,JNJ@S&P 500,True,True,9185,
last_quoted_date,JNJ,True,True,,
first_quoted_date,JNJ,True,True,,
classification_at_level,JNJ,True,True,,GICS L1
security_name,JNJ,True,True,,
price_timeseries,JNPR-202507,True,True,6544,pandas
index_constituent_timeseries,JNPR-202507@S&P 500,True,True,6544,
last_quoted_date,JNPR-202507,True,True,,
first_quoted_date,JNPR-202507,True,True,,
classification_at_level,JNPR-202507,True,True,,GICS L1
security_name,JNPR-202507,True,True,,
price_timeseries,JNS-201705,True,True,4257,pandas
index_constituent_timeseries,JNS-201705@S&P 500,True,True,4257,
last_quoted_date,JNS-201705,True,True,,
first_quoted_date,JNS-201705,True,True,,
classification_at_level,JNS-201705,True,True,,GICS L1
security_name,JNS-201705,True,True,,
price_timeseries,JNY-201404,True,True,5769,pandas
index_constituent_timeseries,JNY-201404@S&P 500,True,True,5769,
last_quoted_date,JNY-201404,True,True,,
first_quoted_date,JNY-201404,True,True,,
classification_at_level,JNY-201404,True,True,,GICS L1
security_name,JNY-201404,True,True,,
price_timeseries,JOL-198410,True,True,0,empty
price_timeseries,JOS-200005,True,True,2618,pandas
index_constituent_timeseries,JOS-200005@S&P 500,True,True,2618,
last_quoted_date,JOS-200005,True,True,,
first_quoted_date,JOS-200005,True,True,,
classification_at_level,JOS-200005,True,True,,GICS L1
security_name,JOS-200005,True,True,,
price_timeseries,JOY-198706,True,True,0,empty
price_timeseries,JOY-201704,True,True,3976,pandas
index_constituent_timeseries,JOY-201704@S&P 500,True,True,3976,
last_quoted_date,JOY-201704,True,True,,
first_quoted_date,JOY-201704,True,True,,
classification_at_level,JOY-201704,True,True,,GICS L1
security_name,JOY-201704,True,True,,
price_timeseries,JP-200603,True,True,4098,pandas
index_constituent_timeseries,JP-200603@S&P 500,True,True,4098,
last_quoted_date,JP-200603,True,True,,
first_quoted_date,JP-200603,True,True,,
classification_at_level,JP-200603,True,True,,GICS L1
security_name,JP-200603,True,True,,
price_timeseries,JPM,True,True,9185,pandas
index_constituent_timeseries,JPM@S&P 500,True,True,9185,
last_quoted_date,JPM,True,True,,
first_quoted_date,JPM,True,True,,
classification_at_level,JPM,True,True,,GICS L1
security_name,JPM,True,True,,
price_timeseries,JPM-200012,True,True,2780,pandas
index_constituent_timeseries,JPM-200012@S&P 500,True,True,2780,
last_quoted_date,JPM-200012,True,True,,
first_quoted_date,JPM-200012,True,True,,
classification_at_level,JPM-200012,True,True,,GICS L1
security_name,JPM-200012,True,True,,
price_timeseries,JWC-198801,True,True,0,empty
price_timeseries,JWL-198411,True,True,0,empty
price_timeseries,JWN-202505,True,True,8912,pandas
index_constituent_timeseries,JWN-202505@S&P 500,True,True,8912,
last_quoted_date,JWN-202505,True,True,,
first_quoted_date,JWN-202505,True,True,,
classification_at_level,JWN-202505,True,True,,GICS L1
security_name,JWN-202505,True,True,,
price_timeseries,JWP-199310,True,True,955,pandas
index_constituent_timeseries,JWP-199310@S&P 500,True,True,955,
last_quoted_date,JWP-199310,True,True,,
first_quoted_date,JWP-199310,True,True,,
classification_at_level,JWP-199310,True,True,,GICS L1
security_name,JWP-199310,True,True,,
price_timeseries,K-202512,True,True,9053,pandas
index_constituent_timeseries,K-202512@S&P 500,True,True,9053,
last_quoted_date,K-202512,True,True,,
first_quoted_date,K-202512,True,True,,
classification_at_level,K-202512,True,True,,GICS L1
security_name,K-202512,True,True,,
price_timeseries,KATE-201707,True,True,6936,pandas
index_constituent_timeseries,KATE-201707@S&P 500,True,True,6936,
last_quoted_date,KATE-201707,True,True,,
first_quoted_date,KATE-201707,True,True,,
classification_at_level,KATE-201707,True,True,,GICS L1
security_name,KATE-201707,True,True,,
price_timeseries,KBH,True,True,9185,pandas
index_constituent_timeseries,KBH@S&P 500,True,True,9185,
last_quoted_date,KBH,True,True,,
first_quoted_date,KBH,True,True,,
classification_at_level,KBH,True,True,,GICS L1
security_name,KBH,True,True,,
price_timeseries,KBR-197404,True,True,0,empty
price_timeseries,KCC-198703,True,True,0,empty
price_timeseries,KDP,True,True,4567,pandas
index_constituent_timeseries,KDP@S&P 500,True,True,4567,
last_quoted_date,KDP,True,True,,
first_quoted_date,KDP,True,True,,
classification_at_level,KDP,True,True,,GICS L1
security_name,KDP,True,True,,
price_timeseries,KEY,True,True,9185,pandas
index_constituent_timeseries,KEY@S&P 500,True,True,9185,
last_quoted_date,KEY,True,True,,
first_quoted_date,KEY,True,True,,
classification_at_level,KEY,True,True,,GICS L1
security_name,KEY,True,True,,
price_timeseries,KEYS,True,True,2935,pandas
index_constituent_timeseries,KEYS@S&P 500,True,True,2935,
last_quoted_date,KEYS,True,True,,
first_quoted_date,KEYS,True,True,,
classification_at_level,KEYS,True,True,,GICS L1
security_name,KEYS,True,True,,
price_timeseries,KG-201102,True,True,3190,pandas
index_constituent_timeseries,KG-201102@S&P 500,True,True,3190,
last_quoted_date,KG-201102,True,True,,
first_quoted_date,KG-201102,True,True,,
classification_at_level,KG-201102,True,True,,GICS L1
security_name,KG-201102,True,True,,
price_timeseries,KHC,True,True,2758,pandas
index_constituent_timeseries,KHC@S&P 500,True,True,2758,
last_quoted_date,KHC,True,True,,
first_quoted_date,KHC,True,True,,
classification_at_level,KHC,True,True,,GICS L1
security_name,KHC,True,True,,
price_timeseries,KIM,True,True,8705,pandas
index_constituent_timeseries,KIM@S&P 500,True,True,8705,
last_quoted_date,KIM,True,True,,
first_quoted_date,KIM,True,True,,
classification_at_level,KIM,True,True,,GICS L1
security_name,KIM,True,True,,
price_timeseries,KKR,True,True,4009,pandas
index_constituent_timeseries,KKR@S&P 500,True,True,4009,
last_quoted_date,KKR,True,True,,
first_quoted_date,KKR,True,True,,
classification_at_level,KKR,True,True,,GICS L1
security_name,KKR,True,True,,
price_timeseries,KLAC,True,True,9185,pandas
index_constituent_timeseries,KLAC@S&P 500,True,True,9185,
last_quoted_date,KLAC,True,True,,
first_quoted_date,KLAC,True,True,,
classification_at_level,KLAC,True,True,,GICS L1
security_name,KLAC,True,True,,
price_timeseries,KLU-198810,True,True,0,empty
price_timeseries,KM-200212,True,True,3272,pandas
index_constituent_timeseries,KM-200212@S&P 500,True,True,3272,
last_quoted_date,KM-200212,True,True,,
first_quoted_date,KM-200212,True,True,,
classification_at_level,KM-200212,True,True,,GICS L1
security_name,KM-200212,True,True,,
price_timeseries,KMB,True,True,9185,pandas
index_constituent_timeseries,KMB@S&P 500,True,True,9185,
last_quoted_date,KMB,True,True,,
first_quoted_date,KMB,True,True,,
classification_at_level,KMB,True,True,,GICS L1
security_name,KMB,True,True,,
price_timeseries,KMG-200608,True,True,4189,pandas
index_constituent_timeseries,KMG-200608@S&P 500,True,True,4189,
last_quoted_date,KMG-200608,True,True,,
first_quoted_date,KMG-200608,True,True,,
classification_at_level,KMG-200608,True,True,,GICS L1
security_name,KMG-200608,True,True,,
price_timeseries,KMI,True,True,3862,pandas
index_constituent_timeseries,KMI@S&P 500,True,True,3862,
last_quoted_date,KMI,True,True,,
first_quoted_date,KMI,True,True,,
classification_at_level,KMI,True,True,,GICS L1
security_name,KMI,True,True,,
price_timeseries,KMI-200705,True,True,4382,pandas
index_constituent_timeseries,KMI-200705@S&P 500,True,True,4382,
last_quoted_date,KMI-200705,True,True,,
first_quoted_date,KMI-200705,True,True,,
classification_at_level,KMI-200705,True,True,,GICS L1
security_name,KMI-200705,True,True,,
price_timeseries,KMX,True,True,7391,pandas
index_constituent_timeseries,KMX@S&P 500,True,True,7391,
last_quoted_date,KMX,True,True,,
first_quoted_date,KMX,True,True,,
classification_at_level,KMX,True,True,,GICS L1
security_name,KMX,True,True,,
price_timeseries,KN-198106,True,True,0,empty
price_timeseries,KNY-198108,True,True,0,empty
price_timeseries,KO,True,True,9185,pandas
index_constituent_timeseries,KO@S&P 500,True,True,9185,
last_quoted_date,KO,True,True,,
first_quoted_date,KO,True,True,,
classification_at_level,KO,True,True,,GICS L1
security_name,KO,True,True,,
price_timeseries,KOE-198009,True,True,0,empty
price_timeseries,KOP-198811,True,True,0,empty
price_timeseries,KR,True,True,9185,pandas
index_constituent_timeseries,KR@S&P 500,True,True,9185,
last_quoted_date,KR,True,True,,
first_quoted_date,KR,True,True,,
classification_at_level,KR,True,True,,GICS L1
security_name,KR,True,True,,
price_timeseries,KRA-198812,True,True,0,empty
price_timeseries,KRB-200512,True,True,3769,pandas
index_constituent_timeseries,KRB-200512@S&P 500,True,True,3769,
last_quoted_date,KRB-200512,True,True,,
first_quoted_date,KRB-200512,True,True,,
classification_at_level,KRB-200512,True,True,,GICS L1
security_name,KRB-200512,True,True,,
price_timeseries,KRFT-201507,True,True,702,pandas
index_constituent_timeseries,KRFT-201507@S&P 500,True,True,702,
last_quoted_date,KRFT-201507,True,True,,
first_quoted_date,KRFT-201507,True,True,,
classification_at_level,KRFT-201507,True,True,,GICS L1
security_name,KRFT-201507,True,True,,
price_timeseries,KRI-200606,True,True,4158,pandas
index_constituent_timeseries,KRI-200606@S&P 500,True,True,4158,
last_quoted_date,KRI-200606,True,True,,
first_quoted_date,KRI-200606,True,True,,
classification_at_level,KRI-200606,True,True,,GICS L1
security_name,KRI-200606,True,True,,
price_timeseries,KSC-196409,True,True,0,empty
price_timeseries,KSE-199805,True,True,2126,pandas
index_constituent_timeseries,KSE-199805@S&P 500,True,True,2126,
last_quoted_date,KSE-199805,True,True,,
first_quoted_date,KSE-199805,True,True,,
classification_at_level,KSE-199805,True,True,,GICS L1
security_name,KSE-199805,True,True,,
price_timeseries,KSE-200708,True,True,4450,pandas
index_constituent_timeseries,KSE-200708@S&P 500,True,True,4450,
last_quoted_date,KSE-200708,True,True,,
first_quoted_date,KSE-200708,True,True,,
classification_at_level,KSE-200708,True,True,,GICS L1
security_name,KSE-200708,True,True,,
price_timeseries,KSP-196605,True,True,0,empty
price_timeseries,KSS,True,True,8583,pandas
index_constituent_timeseries,KSS@S&P 500,True,True,8583,
last_quoted_date,KSS,True,True,,
first_quoted_date,KSS,True,True,,
classification_at_level,KSS,True,True,,GICS L1
security_name,KSS,True,True,,
price_timeseries,KSU-202112,True,True,8051,pandas
index_constituent_timeseries,KSU-202112@S&P 500,True,True,8051,
last_quoted_date,KSU-202112,True,True,,
first_quoted_date,KSU-202112,True,True,,
classification_at_level,KSU-202112,True,True,,GICS L1
security_name,KSU-202112,True,True,,
price_timeseries,KT-196804,True,True,0,empty
price_timeseries,KTY-197107,True,True,0,empty
price_timeseries,KVUE,True,True,786,pandas
index_constituent_timeseries,KVUE@S&P 500,True,True,786,
last_quoted_date,KVUE,True,True,,
first_quoted_date,KVUE,True,True,,
classification_at_level,KVUE,True,True,,GICS L1
security_name,KVUE,True,True,,
price_timeseries,KW-197310,True,True,0,empty
price_timeseries,KWP-199911,True,True,2496,pandas
index_constituent_timeseries,KWP-199911@S&P 500,True,True,2496,
last_quoted_date,KWP-199911,True,True,,
first_quoted_date,KWP-199911,True,True,,
classification_at_level,KWP-199911,True,True,,GICS L1
security_name,KWP-199911,True,True,,
price_timeseries,KYR-197510,True,True,0,empty
price_timeseries,L,True,True,9185,pandas
index_constituent_timeseries,L@S&P 500,True,True,9185,
last_quoted_date,L,True,True,,
first_quoted_date,L,True,True,,
classification_at_level,L,True,True,,GICS L1
security_name,L,True,True,,
price_timeseries,L-196903,True,True,0,empty
price_timeseries,LCE-199404,True,True,1085,pandas
index_constituent_timeseries,LCE-199404@S&P 500,True,True,1085,
last_quoted_date,LCE-199404,True,True,,
first_quoted_date,LCE-199404,True,True,,
classification_at_level,LCE-199404,True,True,,GICS L1
classification,LCE-199404,True,True,,GICS flat fallback
security_name,LCE-199404,True,True,,
price_timeseries,LDG-200810,True,True,4749,pandas
index_constituent_timeseries,LDG-200810@S&P 500,True,True,4749,
last_quoted_date,LDG-200810,True,True,,
first_quoted_date,LDG-200810,True,True,,
classification_at_level,LDG-200810,True,True,,GICS L1
security_name,LDG-200810,True,True,,
price_timeseries,LDOS,True,True,4952,pandas
index_constituent_timeseries,LDOS@S&P 500,True,True,4952,
last_quoted_date,LDOS,True,True,,
first_quoted_date,LDOS,True,True,,
classification_at_level,LDOS,True,True,,GICS L1
security_name,LDOS,True,True,,
price_timeseries,LDW-200012,True,True,2775,pandas
index_constituent_timeseries,LDW-200012@S&P 500,True,True,2775,
last_quoted_date,LDW-200012,True,True,,
first_quoted_date,LDW-200012,True,True,,
classification_at_level,LDW-200012,True,True,,GICS L1
security_name,LDW-200012,True,True,,
price_timeseries,LEG,True,True,9185,pandas
index_constituent_timeseries,LEG@S&P 500,True,True,9185,
last_quoted_date,LEG,True,True,,
first_quoted_date,LEG,True,True,,
classification_at_level,LEG,True,True,,GICS L1
security_name,LEG,True,True,,
price_timeseries,LEHMQ-201203,True,True,4488,pandas
index_constituent_timeseries,LEHMQ-201203@S&P 500,True,True,4488,
last_quoted_date,LEHMQ-201203,True,True,,
first_quoted_date,LEHMQ-201203,True,True,,
classification_at_level,LEHMQ-201203,True,True,,GICS L1
security_name,LEHMQ-201203,True,True,,
price_timeseries,LEN,True,True,9173,pandas
index_constituent_timeseries,LEN@S&P 500,True,True,9173,
last_quoted_date,LEN,True,True,,
first_quoted_date,LEN,True,True,,
classification_at_level,LEN,True,True,,GICS L1
security_name,LEN,True,True,,
price_timeseries,LES-196205,True,True,0,empty
price_timeseries,LGT-198008,True,True,0,empty
price_timeseries,LH,True,True,9162,pandas
index_constituent_timeseries,LH@S&P 500,True,True,9162,
last_quoted_date,LH,True,True,,
first_quoted_date,LH,True,True,,
classification_at_level,LH,True,True,,GICS L1
security_name,LH,True,True,,
price_timeseries,LHX,True,True,9185,pandas
index_constituent_timeseries,LHX@S&P 500,True,True,9185,
last_quoted_date,LHX,True,True,,
first_quoted_date,LHX,True,True,,
classification_at_level,LHX,True,True,,GICS L1
security_name,LHX,True,True,,
price_timeseries,LIFE-201402,True,True,3758,pandas
index_constituent_timeseries,LIFE-201402@S&P 500,True,True,3758,
last_quoted_date,LIFE-201402,True,True,,
first_quoted_date,LIFE-201402,True,True,,
classification_at_level,LIFE-201402,True,True,,GICS L1
security_name,LIFE-201402,True,True,,
price_timeseries,LII,True,True,6766,pandas
index_constituent_timeseries,LII@S&P 500,True,True,6766,
last_quoted_date,LII,True,True,,
first_quoted_date,LII,True,True,,
classification_at_level,LII,True,True,,GICS L1
security_name,LII,True,True,,
price_timeseries,LIL-196811,True,True,0,empty
price_timeseries,LIN,True,True,1919,pandas
index_constituent_timeseries,LIN@S&P 500,True,True,1919,
last_quoted_date,LIN,True,True,,
first_quoted_date,LIN,True,True,,
classification_at_level,LIN,True,True,,GICS L1
security_name,LIN,True,True,,
price_timeseries,LINB-199510,True,True,1456,pandas
index_constituent_timeseries,LINB-199510@S&P 500,True,True,1456,
last_quoted_date,LINB-199510,True,True,,
first_quoted_date,LINB-199510,True,True,,
classification_at_level,LINB-199510,True,True,,GICS L1
security_name,LINB-199510,True,True,,
price_timeseries,LIT-200105,True,True,2880,pandas
index_constituent_timeseries,LIT-200105@S&P 500,True,True,2880,
last_quoted_date,LIT-200105,True,True,,
first_quoted_date,LIT-200105,True,True,,
classification_at_level,LIT-200105,True,True,,GICS L1
classification,LIT-200105,True,True,,GICS flat fallback
security_name,LIT-200105,True,True,,
price_timeseries,LITE,True,True,2744,pandas
index_constituent_timeseries,LITE@S&P 500,True,True,2744,
last_quoted_date,LITE,True,True,,
first_quoted_date,LITE,True,True,,
classification_at_level,LITE,True,True,,GICS L1
security_name,LITE,True,True,,
price_timeseries,LJ-197604,True,True,0,empty
price_timeseries,LJS-196003,True,True,0,empty
price_timeseries,LKB-196706,True,True,0,empty
price_timeseries,LKQ,True,True,5715,pandas
index_constituent_timeseries,LKQ@S&P 500,True,True,5715,
last_quoted_date,LKQ,True,True,,
first_quoted_date,LKQ,True,True,,
classification_at_level,LKQ,True,True,,GICS L1
security_name,LKQ,True,True,,
price_timeseries,LKS-198806,True,True,0,empty
price_timeseries,LL-196811,True,True,0,empty
price_timeseries,LLL-201906,True,True,5313,pandas
index_constituent_timeseries,LLL-201906@S&P 500,True,True,5313,
last_quoted_date,LLL-201906,True,True,,
first_quoted_date,LLL-201906,True,True,,
classification_at_level,LLL-201906,True,True,,GICS L1
security_name,LLL-201906,True,True,,
price_timeseries,LLTC-201703,True,True,6852,pandas
index_constituent_timeseries,LLTC-201703@S&P 500,True,True,6852,
last_quoted_date,LLTC-201703,True,True,,
first_quoted_date,LLTC-201703,True,True,,
classification_at_level,LLTC-201703,True,True,,GICS L1
security_name,LLTC-201703,True,True,,
price_timeseries,LLX-199710,True,True,1976,pandas
index_constituent_timeseries,LLX-199710@S&P 500,True,True,1976,
last_quoted_date,LLX-199710,True,True,,
first_quoted_date,LLX-199710,True,True,,
classification_at_level,LLX-199710,True,True,,GICS L1
security_name,LLX-199710,True,True,,
price_timeseries,LLY,True,True,9185,pandas
index_constituent_timeseries,LLY@S&P 500,True,True,9185,
last_quoted_date,LLY,True,True,,
first_quoted_date,LLY,True,True,,
classification_at_level,LLY,True,True,,GICS L1
security_name,LLY,True,True,,
price_timeseries,LM-202007,True,True,7699,pandas
index_constituent_timeseries,LM-202007@S&P 500,True,True,7699,
last_quoted_date,LM-202007,True,True,,
first_quoted_date,LM-202007,True,True,,
classification_at_level,LM-202007,True,True,,GICS L1
security_name,LM-202007,True,True,,
price_timeseries,LMT,True,True,9185,pandas
index_constituent_timeseries,LMT@S&P 500,True,True,9185,
last_quoted_date,LMT,True,True,,
first_quoted_date,LMT,True,True,,
classification_at_level,LMT,True,True,,GICS L1
security_name,LMT,True,True,,
price_timeseries,LN-197106,True,True,0,empty
price_timeseries,LNC,True,True,9185,pandas
index_constituent_timeseries,LNC@S&P 500,True,True,9185,
last_quoted_date,LNC,True,True,,
first_quoted_date,LNC,True,True,,
classification_at_level,LNC,True,True,,GICS L1
security_name,LNC,True,True,,
price_timeseries,LNT,True,True,9185,pandas
index_constituent_timeseries,LNT@S&P 500,True,True,9185,
last_quoted_date,LNT,True,True,,
first_quoted_date,LNT,True,True,,
classification_at_level,LNT,True,True,,GICS L1
security_name,LNT,True,True,,
price_timeseries,LNY-198205,True,True,0,empty
price_timeseries,LO-201506,True,True,3363,pandas
index_constituent_timeseries,LO-201506@S&P 500,True,True,3363,
last_quoted_date,LO-201506,True,True,,
first_quoted_date,LO-201506,True,True,,
classification_at_level,LO-201506,True,True,,GICS L1
security_name,LO-201506,True,True,,
price_timeseries,LOR-199604,True,True,1600,pandas
index_constituent_timeseries,LOR-199604@S&P 500,True,True,1600,
last_quoted_date,LOR-199604,True,True,,
first_quoted_date,LOR-199604,True,True,,
classification_at_level,LOR-199604,True,True,,GICS L1
security_name,LOR-199604,True,True,,
price_timeseries,LOTS-199507,True,True,1393,pandas
index_constituent_timeseries,LOTS-199507@S&P 500,True,True,1393,
last_quoted_date,LOTS-199507,True,True,,
first_quoted_date,LOTS-199507,True,True,,
classification_at_level,LOTS-199507,True,True,,GICS L1
security_name,LOTS-199507,True,True,,
price_timeseries,LOW,True,True,9185,pandas
index_constituent_timeseries,LOW@S&P 500,True,True,9185,
last_quoted_date,LOW,True,True,,
first_quoted_date,LOW,True,True,,
classification_at_level,LOW,True,True,,GICS L1
security_name,LOW,True,True,,
price_timeseries,LPT-197710,True,True,0,empty
price_timeseries,LPX,True,True,9185,pandas
index_constituent_timeseries,LPX@S&P 500,True,True,9185,
last_quoted_date,LPX,True,True,,
first_quoted_date,LPX,True,True,,
classification_at_level,LPX,True,True,,GICS L1
security_name,LPX,True,True,,
price_timeseries,LRCX,True,True,9184,pandas
index_constituent_timeseries,LRCX@S&P 500,True,True,9184,
last_quoted_date,LRCX,True,True,,
first_quoted_date,LRCX,True,True,,
classification_at_level,LRCX,True,True,,GICS L1
security_name,LRCX,True,True,,
price_timeseries,LSI-201405,True,True,6134,pandas
index_constituent_timeseries,LSI-201405@S&P 500,True,True,6134,
last_quoted_date,LSI-201405,True,True,,
first_quoted_date,LSI-201405,True,True,,
classification_at_level,LSI-201405,True,True,,GICS L1
security_name,LSI-201405,True,True,,
price_timeseries,LSO-198003,True,True,0,empty
price_timeseries,LST-198511,True,True,0,empty
price_timeseries,LT-198901,True,True,0,empty
price_timeseries,LTC-198706,True,True,0,empty
price_timeseries,LTV-199306,True,True,881,pandas
index_constituent_timeseries,LTV-199306@S&P 500,True,True,881,
last_quoted_date,LTV-199306,True,True,,
first_quoted_date,LTV-199306,True,True,,
classification_at_level,LTV-199306,True,True,,GICS L1
classification,LTV-199306,True,True,,GICS flat fallback
security_name,LTV-199306,True,True,,
price_timeseries,LU-200611,True,True,2684,pandas
index_constituent_timeseries,LU-200611@S&P 500,True,True,2684,
last_quoted_date,LU-200611,True,True,,
first_quoted_date,LU-200611,True,True,,
classification_at_level,LU-200611,True,True,,GICS L1
security_name,LU-200611,True,True,,
price_timeseries,LUB-202205,True,True,8166,pandas
index_constituent_timeseries,LUB-202205@S&P 500,True,True,8166,
last_quoted_date,LUB-202205,True,True,,
first_quoted_date,LUB-202205,True,True,,
classification_at_level,LUB-202205,True,True,,GICS L1
security_name,LUB-202205,True,True,,
price_timeseries,LULU,True,True,4756,pandas
index_constituent_timeseries,LULU@S&P 500,True,True,4756,
last_quoted_date,LULU,True,True,,
first_quoted_date,LULU,True,True,,
classification_at_level,LULU,True,True,,GICS L1
security_name,LULU,True,True,,
price_timeseries,LUMN,True,True,9185,pandas
index_constituent_timeseries,LUMN@S&P 500,True,True,9185,
last_quoted_date,LUMN,True,True,,
first_quoted_date,LUMN,True,True,,
classification_at_level,LUMN,True,True,,GICS L1
security_name,LUMN,True,True,,
price_timeseries,LUV,True,True,9185,pandas
index_constituent_timeseries,LUV@S&P 500,True,True,9185,
last_quoted_date,LUV,True,True,,
first_quoted_date,LUV,True,True,,
classification_at_level,LUV,True,True,,GICS L1
security_name,LUV,True,True,,
price_timeseries,LVI-198508,True,True,0,empty
price_timeseries,LVLT-201710,True,True,4930,pandas
index_constituent_timeseries,LVLT-201710@S&P 500,True,True,4930,
last_quoted_date,LVLT-201710,True,True,,
first_quoted_date,LVLT-201710,True,True,,
classification_at_level,LVLT-201710,True,True,,GICS L1
security_name,LVLT-201710,True,True,,
price_timeseries,LVS,True,True,5413,pandas
index_constituent_timeseries,LVS@S&P 500,True,True,5413,
last_quoted_date,LVS,True,True,,
first_quoted_date,LVS,True,True,,
classification_at_level,LVS,True,True,,GICS L1
security_name,LVS,True,True,,
price_timeseries,LW,True,True,2421,pandas
index_constituent_timeseries,LW@S&P 500,True,True,2421,
last_quoted_date,LW,True,True,,
first_quoted_date,LW,True,True,,
classification_at_level,LW,True,True,,GICS L1
security_name,LW,True,True,,
price_timeseries,LXK-201611,True,True,5296,pandas
index_constituent_timeseries,LXK-201611@S&P 500,True,True,5296,
last_quoted_date,LXK-201611,True,True,,
first_quoted_date,LXK-201611,True,True,,
classification_at_level,LXK-201611,True,True,,GICS L1
security_name,LXK-201611,True,True,,
price_timeseries,LY-197812,True,True,0,empty
price_timeseries,LYB,True,True,4063,pandas
index_constituent_timeseries,LYB@S&P 500,True,True,4063,
last_quoted_date,LYB,True,True,,
first_quoted_date,LYB,True,True,,
classification_at_level,LYB,True,True,,GICS L1
security_name,LYB,True,True,,
price_timeseries,LYV,True,True,5161,pandas
index_constituent_timeseries,LYV@S&P 500,True,True,5161,
last_quoted_date,LYV,True,True,,
first_quoted_date,LYV,True,True,,
classification_at_level,LYV,True,True,,GICS L1
security_name,LYV,True,True,,
price_timeseries,M,True,True,8655,pandas
index_constituent_timeseries,M@S&P 500,True,True,8655,
last_quoted_date,M,True,True,,
first_quoted_date,M,True,True,,
classification_at_level,M,True,True,,GICS L1
security_name,M,True,True,,
price_timeseries,M-197607,True,True,0,empty
price_timeseries,MA,True,True,5050,pandas
index_constituent_timeseries,MA@S&P 500,True,True,5050,
last_quoted_date,MA,True,True,,
first_quoted_date,MA,True,True,,
classification_at_level,MA,True,True,,GICS L1
security_name,MA,True,True,,
price_timeseries,MAA,True,True,8153,pandas
index_constituent_timeseries,MAA@S&P 500,True,True,8153,
last_quoted_date,MAA,True,True,,
first_quoted_date,MAA,True,True,,
classification_at_level,MAA,True,True,,GICS L1
security_name,MAA,True,True,,
price_timeseries,MAC,True,True,8125,pandas
index_constituent_timeseries,MAC@S&P 500,True,True,8125,
last_quoted_date,MAC,True,True,,
first_quoted_date,MAC,True,True,,
classification_at_level,MAC,True,True,,GICS L1
security_name,MAC,True,True,,
price_timeseries,MAE-197707,True,True,0,empty
price_timeseries,MAG-197507,True,True,0,empty
price_timeseries,MAI-199506,True,True,1391,pandas
index_constituent_timeseries,MAI-199506@S&P 500,True,True,1391,
last_quoted_date,MAI-199506,True,True,,
first_quoted_date,MAI-199506,True,True,,
classification_at_level,MAI-199506,True,True,,GICS L1
security_name,MAI-199506,True,True,,
price_timeseries,MAK.A-198101,True,True,0,empty
price_timeseries,MAR,True,True,7107,pandas
index_constituent_timeseries,MAR@S&P 500,True,True,7107,
last_quoted_date,MAR,True,True,,
first_quoted_date,MAR,True,True,,
classification_at_level,MAR,True,True,,GICS L1
security_name,MAR,True,True,,
price_timeseries,MAS,True,True,9185,pandas
index_constituent_timeseries,MAS@S&P 500,True,True,9185,
last_quoted_date,MAS,True,True,,
first_quoted_date,MAS,True,True,,
classification_at_level,MAS,True,True,,GICS L1
security_name,MAS,True,True,,
price_timeseries,MAT,True,True,9185,pandas
index_constituent_timeseries,MAT@S&P 500,True,True,9185,
last_quoted_date,MAT,True,True,,
first_quoted_date,MAT,True,True,,
classification_at_level,MAT,True,True,,GICS L1
security_name,MAT,True,True,,
price_timeseries,MAY-200508,True,True,3950,pandas
index_constituent_timeseries,MAY-200508@S&P 500,True,True,3950,
last_quoted_date,MAY-200508,True,True,,
first_quoted_date,MAY-200508,True,True,,
classification_at_level,MAY-200508,True,True,,GICS L1
security_name,MAY-200508,True,True,,
price_timeseries,MAYS,True,True,2852,pandas
index_constituent_timeseries,MAYS@S&P 500,True,True,2852,
last_quoted_date,MAYS,True,True,,
first_quoted_date,MAYS,True,True,,
classification_at_level,MAYS,True,True,,GICS L1
security_name,MAYS,True,True,,
price_timeseries,MB-198409,True,True,0,empty
price_timeseries,MBI,True,True,9185,pandas
index_constituent_timeseries,MBI@S&P 500,True,True,9185,
last_quoted_date,MBI,True,True,,
first_quoted_date,MBI,True,True,,
classification_at_level,MBI,True,True,,GICS L1
security_name,MBI,True,True,,
price_timeseries,MCA-199101,True,True,255,pandas
index_constituent_timeseries,MCA-199101@S&P 500,True,True,255,
last_quoted_date,MCA-199101,True,True,,
first_quoted_date,MCA-199101,True,True,,
classification_at_level,MCA-199101,True,True,,GICS L1
security_name,MCA-199101,True,True,,
price_timeseries,MCAWA-199409,True,True,1193,pandas
index_constituent_timeseries,MCAWA-199409@S&P 500,True,True,1193,
last_quoted_date,MCAWA-199409,True,True,,
first_quoted_date,MCAWA-199409,True,True,,
classification_at_level,MCAWA-199409,True,True,,GICS L1
security_name,MCAWA-199409,True,True,,
price_timeseries,MCD,True,True,9185,pandas
index_constituent_timeseries,MCD@S&P 500,True,True,9185,
last_quoted_date,MCD,True,True,,
first_quoted_date,MCD,True,True,,
classification_at_level,MCD,True,True,,GICS L1
security_name,MCD,True,True,,
price_timeseries,MCHP,True,True,8372,pandas
index_constituent_timeseries,MCHP@S&P 500,True,True,8372,
last_quoted_date,MCHP,True,True,,
first_quoted_date,MCHP,True,True,,
classification_at_level,MCHP,True,True,,GICS L1
security_name,MCHP,True,True,,
price_timeseries,MCIC-199809,True,True,2200,pandas
index_constituent_timeseries,MCIC-199809@S&P 500,True,True,2200,
last_quoted_date,MCIC-199809,True,True,,
first_quoted_date,MCIC-199809,True,True,,
classification_at_level,MCIC-199809,True,True,,GICS L1
security_name,MCIC-199809,True,True,,
price_timeseries,MCK,True,True,7955,pandas
index_constituent_timeseries,MCK@S&P 500,True,True,7955,
last_quoted_date,MCK,True,True,,
first_quoted_date,MCK,True,True,,
classification_at_level,MCK,True,True,,GICS L1
security_name,MCK,True,True,,
price_timeseries,MCK-196707,True,True,0,empty
price_timeseries,MCK-199411,True,True,1244,pandas
index_constituent_timeseries,MCK-199411@S&P 500,True,True,1244,
last_quoted_date,MCK-199411,True,True,,
first_quoted_date,MCK-199411,True,True,,
classification_at_level,MCK-199411,True,True,,GICS L1
security_name,MCK-199411,True,True,,
price_timeseries,MCO,True,True,9185,pandas
index_constituent_timeseries,MCO@S&P 500,True,True,9185,
last_quoted_date,MCO,True,True,,
first_quoted_date,MCO,True,True,,
classification_at_level,MCO,True,True,,GICS L1
security_name,MCO,True,True,,
price_timeseries,MD-199707,True,True,1918,pandas
index_constituent_timeseries,MD-199707@S&P 500,True,True,1918,
last_quoted_date,MD-199707,True,True,,
first_quoted_date,MD-199707,True,True,,
classification_at_level,MD-199707,True,True,,GICS L1
security_name,MD-199707,True,True,,
price_timeseries,MDC-198308,True,True,0,empty
price_timeseries,MDE-198303,True,True,0,empty
price_timeseries,MDLZ,True,True,6293,pandas
index_constituent_timeseries,MDLZ@S&P 500,True,True,6293,
last_quoted_date,MDLZ,True,True,,
first_quoted_date,MDLZ,True,True,,
classification_at_level,MDLZ,True,True,,GICS L1
security_name,MDLZ,True,True,,
price_timeseries,MDP-202112,True,True,8043,pandas
index_constituent_timeseries,MDP-202112@S&P 500,True,True,8043,
last_quoted_date,MDP-202112,True,True,,
first_quoted_date,MDP-202112,True,True,,
classification_at_level,MDP-202112,True,True,,GICS L1
security_name,MDP-202112,True,True,,
price_timeseries,MDRIQ-202006,True,True,7681,pandas
index_constituent_timeseries,MDRIQ-202006@S&P 500,True,True,7681,
last_quoted_date,MDRIQ-202006,True,True,,
first_quoted_date,MDRIQ-202006,True,True,,
classification_at_level,MDRIQ-202006,True,True,,GICS L1
security_name,MDRIQ-202006,True,True,,
price_timeseries,MDT,True,True,9185,pandas
index_constituent_timeseries,MDT@S&P 500,True,True,9185,
last_quoted_date,MDT,True,True,,
first_quoted_date,MDT,True,True,,
classification_at_level,MDT,True,True,,GICS L1
security_name,MDT,True,True,,
price_timeseries,MEA-200201,True,True,3047,pandas
index_constituent_timeseries,MEA-200201@S&P 500,True,True,3047,
last_quoted_date,MEA-200201,True,True,,
first_quoted_date,MEA-200201,True,True,,
classification_at_level,MEA-200201,True,True,,GICS L1
security_name,MEA-200201,True,True,,
price_timeseries,MEDI-200706,True,True,4060,pandas
index_constituent_timeseries,MEDI-200706@S&P 500,True,True,4060,
last_quoted_date,MEDI-200706,True,True,,
first_quoted_date,MEDI-200706,True,True,,
classification_at_level,MEDI-200706,True,True,,GICS L1
security_name,MEDI-200706,True,True,,
price_timeseries,MEE-201106,True,True,5399,pandas
index_constituent_timeseries,MEE-201106@S&P 500,True,True,5399,
last_quoted_date,MEE-201106,True,True,,
first_quoted_date,MEE-201106,True,True,,
classification_at_level,MEE-201106,True,True,,GICS L1
security_name,MEE-201106,True,True,,
price_timeseries,MEI-199302,True,True,795,pandas
index_constituent_timeseries,MEI-199302@S&P 500,True,True,795,
last_quoted_date,MEI-199302,True,True,,
first_quoted_date,MEI-199302,True,True,,
classification_at_level,MEI-199302,True,True,,GICS L1
security_name,MEI-199302,True,True,,
price_timeseries,MEL-200706,True,True,4411,pandas
index_constituent_timeseries,MEL-200706@S&P 500,True,True,4411,
last_quoted_date,MEL-200706,True,True,,
first_quoted_date,MEL-200706,True,True,,
classification_at_level,MEL-200706,True,True,,GICS L1
security_name,MEL-200706,True,True,,
price_timeseries,MER-200812,True,True,4791,pandas
index_constituent_timeseries,MER-200812@S&P 500,True,True,4791,
last_quoted_date,MER-200812,True,True,,
first_quoted_date,MER-200812,True,True,,
classification_at_level,MER-200812,True,True,,GICS L1
security_name,MER-200812,True,True,,
price_timeseries,MERQ-200611,True,True,3282,pandas
index_constituent_timeseries,MERQ-200611@S&P 500,True,True,3282,
last_quoted_date,MERQ-200611,True,True,,
first_quoted_date,MERQ-200611,True,True,,
classification_at_level,MERQ-200611,True,True,,GICS L1
security_name,MERQ-200611,True,True,,
price_timeseries,MET,True,True,6592,pandas
index_constituent_timeseries,MET@S&P 500,True,True,6592,
last_quoted_date,MET,True,True,,
first_quoted_date,MET,True,True,,
classification_at_level,MET,True,True,,GICS L1
security_name,MET,True,True,,
price_timeseries,MET-198406,True,True,0,empty
price_timeseries,META,True,True,3543,pandas
index_constituent_timeseries,META@S&P 500,True,True,3543,
last_quoted_date,META,True,True,,
first_quoted_date,META,True,True,,
classification_at_level,META,True,True,,GICS L1
security_name,META,True,True,,
price_timeseries,MF-198206,True,True,0,empty
price_timeseries,MFE-201102,True,True,4622,pandas
index_constituent_timeseries,MFE-201102@S&P 500,True,True,4622,
last_quoted_date,MFE-201102,True,True,,
first_quoted_date,MFE-201102,True,True,,
classification_at_level,MFE-201102,True,True,,GICS L1
security_name,MFE-201102,True,True,,
price_timeseries,MGM,True,True,9185,pandas
index_constituent_timeseries,MGM@S&P 500,True,True,9185,
last_quoted_date,MGM,True,True,,
first_quoted_date,MGM,True,True,,
classification_at_level,MGM,True,True,,GICS L1
security_name,MGM,True,True,,
price_timeseries,MGM-198603,True,True,0,empty
price_timeseries,MGR-198505,True,True,0,empty
price_timeseries,MHC-199112,True,True,506,pandas
index_constituent_timeseries,MHC-199112@S&P 500,True,True,506,
last_quoted_date,MHC-199112,True,True,,
first_quoted_date,MHC-199112,True,True,,
classification_at_level,MHC-199112,True,True,,GICS L1
security_name,MHC-199112,True,True,,
price_timeseries,MHK,True,True,8612,pandas
index_constituent_timeseries,MHK@S&P 500,True,True,8612,
last_quoted_date,MHK,True,True,,
first_quoted_date,MHK,True,True,,
classification_at_level,MHK,True,True,,GICS L1
security_name,MHK,True,True,,
price_timeseries,MHS-201203,True,True,2170,pandas
index_constituent_timeseries,MHS-201203@S&P 500,True,True,2170,
last_quoted_date,MHS-201203,True,True,,
first_quoted_date,MHS-201203,True,True,,
classification_at_level,MHS-201203,True,True,,GICS L1
security_name,MHS-201203,True,True,,
price_timeseries,MHT-198804,True,True,0,empty
price_timeseries,MI-201107,True,True,5422,pandas
index_constituent_timeseries,MI-201107@S&P 500,True,True,5422,
last_quoted_date,MI-201107,True,True,,
first_quoted_date,MI-201107,True,True,,
classification_at_level,MI-201107,True,True,,GICS L1
security_name,MI-201107,True,True,,
price_timeseries,MIA-196007,True,True,0,empty
price_timeseries,MII-199906,True,True,2393,pandas
index_constituent_timeseries,MII-199906@S&P 500,True,True,2393,
last_quoted_date,MII-199906,True,True,,
first_quoted_date,MII-199906,True,True,,
classification_at_level,MII-199906,True,True,,GICS L1
security_name,MII-199906,True,True,,
price_timeseries,MIL-201007,True,True,5176,pandas
index_constituent_timeseries,MIL-201007@S&P 500,True,True,5176,
last_quoted_date,MIL-201007,True,True,,
first_quoted_date,MIL-201007,True,True,,
classification_at_level,MIL-201007,True,True,,GICS L1
security_name,MIL-201007,True,True,,
price_timeseries,MIR-200005,True,True,2632,pandas
index_constituent_timeseries,MIR-200005@S&P 500,True,True,2632,
last_quoted_date,MIR-200005,True,True,,
first_quoted_date,MIR-200005,True,True,,
classification_at_level,MIR-200005,True,True,,GICS L1
security_name,MIR-200005,True,True,,
price_timeseries,MIR-201012,True,True,2559,pandas
index_constituent_timeseries,MIR-201012@S&P 500,True,True,2559,
last_quoted_date,MIR-201012,True,True,,
first_quoted_date,MIR-201012,True,True,,
classification_at_level,MIR-201012,True,True,,GICS L1
security_name,MIR-201012,True,True,,
price_timeseries,MIS-198212,True,True,0,empty
price_timeseries,MJN-201706,True,True,2100,pandas
index_constituent_timeseries,MJN-201706@S&P 500,True,True,2100,
last_quoted_date,MJN-201706,True,True,,
first_quoted_date,MJN-201706,True,True,,
classification_at_level,MJN-201706,True,True,,GICS L1
security_name,MJN-201706,True,True,,
price_timeseries,MKC,True,True,9185,pandas
index_constituent_timeseries,MKC@S&P 500,True,True,9185,
last_quoted_date,MKC,True,True,,
first_quoted_date,MKC,True,True,,
classification_at_level,MKC,True,True,,GICS L1
security_name,MKC,True,True,,
price_timeseries,MKC-199507,True,True,1402,pandas
index_constituent_timeseries,MKC-199507@S&P 500,True,True,1402,
last_quoted_date,MKC-199507,True,True,,
first_quoted_date,MKC-199507,True,True,,
classification_at_level,MKC-199507,True,True,,GICS L1
security_name,MKC-199507,True,True,,
price_timeseries,MKG-200010,True,True,2729,pandas
index_constituent_timeseries,MKG-200010@S&P 500,True,True,2729,
last_quoted_date,MKG-200010,True,True,,
first_quoted_date,MKG-200010,True,True,,
classification_at_level,MKG-200010,True,True,,GICS L1
security_name,MKG-200010,True,True,,
price_timeseries,MKTX,True,True,5440,pandas
index_constituent_timeseries,MKTX@S&P 500,True,True,5440,
last_quoted_date,MKTX,True,True,,
first_quoted_date,MKTX,True,True,,
classification_at_level,MKTX,True,True,,GICS L1
security_name,MKTX,True,True,,
price_timeseries,ML-199503,True,True,1316,pandas
index_constituent_timeseries,ML-199503@S&P 500,True,True,1316,
last_quoted_date,ML-199503,True,True,,
first_quoted_date,ML-199503,True,True,,
classification_at_level,ML-199503,True,True,,GICS L1
security_name,ML-199503,True,True,,
price_timeseries,MLL-196807,True,True,0,empty
price_timeseries,MLL-198812,True,True,0,empty
price_timeseries,MLM,True,True,8136,pandas
index_constituent_timeseries,MLM@S&P 500,True,True,8136,
last_quoted_date,MLM,True,True,,
first_quoted_date,MLM,True,True,,
classification_at_level,MLM,True,True,,GICS L1
security_name,MLM,True,True,,
price_timeseries,MLN-198209,True,True,0,empty
price_timeseries,MMA-197406,True,True,0,empty
price_timeseries,MMC-196012,True,True,0,empty
price_timeseries,MMI-201205,True,True,359,pandas
index_constituent_timeseries,MMI-201205@S&P 500,True,True,359,
last_quoted_date,MMI-201205,True,True,,
first_quoted_date,MMI-201205,True,True,,
classification_at_level,MMI-201205,True,True,,GICS L1
security_name,MMI-201205,True,True,,
price_timeseries,MML-198506,True,True,0,empty
price_timeseries,MMM,True,True,9185,pandas
index_constituent_timeseries,MMM@S&P 500,True,True,9185,
last_quoted_date,MMM,True,True,,
first_quoted_date,MMM,True,True,,
classification_at_level,MMM,True,True,,GICS L1
security_name,MMM,True,True,,
price_timeseries,MMR-198805,True,True,0,empty
price_timeseries,MMX-196905,True,True,0,empty
price_timeseries,MNC-198404,True,True,0,empty
price_timeseries,MNKKQ-202206,True,True,2267,pandas
index_constituent_timeseries,MNKKQ-202206@S&P 500,True,True,2267,
last_quoted_date,MNKKQ-202206,True,True,,
first_quoted_date,MNKKQ-202206,True,True,,
classification_at_level,MNKKQ-202206,True,True,,GICS L1
security_name,MNKKQ-202206,True,True,,
price_timeseries,MNR-199809,True,True,2209,pandas
index_constituent_timeseries,MNR-199809@S&P 500,True,True,2209,
last_quoted_date,MNR-199809,True,True,,
first_quoted_date,MNR-199809,True,True,,
classification_at_level,MNR-199809,True,True,,GICS L1
security_name,MNR-199809,True,True,,
price_timeseries,MNST,True,True,8878,pandas
index_constituent_timeseries,MNST@S&P 500,True,True,8878,
last_quoted_date,MNST,True,True,,
first_quoted_date,MNST,True,True,,
classification_at_level,MNST,True,True,,GICS L1
security_name,MNST,True,True,,
price_timeseries,MO,True,True,9184,pandas
index_constituent_timeseries,MO@S&P 500,True,True,9184,
last_quoted_date,MO,True,True,,
first_quoted_date,MO,True,True,,
classification_at_level,MO,True,True,,GICS L1
security_name,MO,True,True,,
price_timeseries,MOB-199911,True,True,2506,pandas
index_constituent_timeseries,MOB-199911@S&P 500,True,True,2506,
last_quoted_date,MOB-199911,True,True,,
first_quoted_date,MOB-199911,True,True,,
classification_at_level,MOB-199911,True,True,,GICS L1
security_name,MOB-199911,True,True,,
price_timeseries,MOH,True,True,5780,pandas
index_constituent_timeseries,MOH@S&P 500,True,True,5780,
last_quoted_date,MOH,True,True,,
first_quoted_date,MOH,True,True,,
classification_at_level,MOH,True,True,,GICS L1
security_name,MOH,True,True,,
price_timeseries,MOH-198909,True,True,0,empty
price_timeseries,MOLX-201312,True,True,6033,pandas
index_constituent_timeseries,MOLX-201312@S&P 500,True,True,6033,
last_quoted_date,MOLX-201312,True,True,,
first_quoted_date,MOLX-201312,True,True,,
classification_at_level,MOLX-201312,True,True,,GICS L1
security_name,MOLX-201312,True,True,,
price_timeseries,MON-201806,True,True,4435,pandas
index_constituent_timeseries,MON-201806@S&P 500,True,True,4435,
last_quoted_date,MON-201806,True,True,,
first_quoted_date,MON-201806,True,True,,
classification_at_level,MON-201806,True,True,,GICS L1
security_name,MON-201806,True,True,,
price_timeseries,MOS,True,True,9185,pandas
index_constituent_timeseries,MOS@S&P 500,True,True,9185,
last_quoted_date,MOS,True,True,,
first_quoted_date,MOS,True,True,,
classification_at_level,MOS,True,True,,GICS L1
security_name,MOS,True,True,,
price_timeseries,MPC,True,True,3771,pandas
index_constituent_timeseries,MPC@S&P 500,True,True,3771,
last_quoted_date,MPC,True,True,,
first_quoted_date,MPC,True,True,,
classification_at_level,MPC,True,True,,GICS L1
security_name,MPC,True,True,,
price_timeseries,MPH-198505,True,True,0,empty
price_timeseries,MPWR,True,True,5430,pandas
index_constituent_timeseries,MPWR@S&P 500,True,True,5430,
last_quoted_date,MPWR,True,True,,
first_quoted_date,MPWR,True,True,,
classification_at_level,MPWR,True,True,,GICS L1
security_name,MPWR,True,True,,
price_timeseries,MQ-196708,True,True,0,empty
price_timeseries,MQC-197609,True,True,0,empty
price_timeseries,MRK,True,True,9185,pandas
index_constituent_timeseries,MRK@S&P 500,True,True,9185,
last_quoted_date,MRK,True,True,,
first_quoted_date,MRK,True,True,,
classification_at_level,MRK,True,True,,GICS L1
security_name,MRK,True,True,,
price_timeseries,MRN-199606,True,True,1641,pandas
index_constituent_timeseries,MRN-199606@S&P 500,True,True,1641,
last_quoted_date,MRN-199606,True,True,,
first_quoted_date,MRN-199606,True,True,,
classification_at_level,MRN-199606,True,True,,GICS L1
security_name,MRN-199606,True,True,,
price_timeseries,MRNA,True,True,1894,pandas
index_constituent_timeseries,MRNA@S&P 500,True,True,1894,
last_quoted_date,MRNA,True,True,,
first_quoted_date,MRNA,True,True,,
classification_at_level,MRNA,True,True,,GICS L1
security_name,MRNA,True,True,,
price_timeseries,MRO-202411,True,True,8791,pandas
index_constituent_timeseries,MRO-202411@S&P 500,True,True,8791,
last_quoted_date,MRO-202411,True,True,,
first_quoted_date,MRO-202411,True,True,,
classification_at_level,MRO-202411,True,True,,GICS L1
security_name,MRO-202411,True,True,,
price_timeseries,MRSH,True,True,9185,pandas
index_constituent_timeseries,MRSH@S&P 500,True,True,9185,
last_quoted_date,MRSH,True,True,,
first_quoted_date,MRSH,True,True,,
classification_at_level,MRSH,True,True,,GICS L1
security_name,MRSH,True,True,,
price_timeseries,MRVL,True,True,6535,pandas
index_constituent_timeseries,MRVL@S&P 500,True,True,6535,
last_quoted_date,MRVL,True,True,,
first_quoted_date,MRVL,True,True,,
classification_at_level,MRVL,True,True,,GICS L1
security_name,MRVL,True,True,,
price_timeseries,MRW-196401,True,True,0,empty
price_timeseries,MS,True,True,9185,pandas
index_constituent_timeseries,MS@S&P 500,True,True,9185,
last_quoted_date,MS,True,True,,
first_quoted_date,MS,True,True,,
classification_at_level,MS,True,True,,GICS L1
security_name,MS,True,True,,
price_timeseries,MS-197603,True,True,0,empty
price_timeseries,MSA-198701,True,True,0,empty
price_timeseries,MSCI,True,True,4678,pandas
index_constituent_timeseries,MSCI@S&P 500,True,True,4678,
last_quoted_date,MSCI,True,True,,
first_quoted_date,MSCI,True,True,,
classification_at_level,MSCI,True,True,,GICS L1
security_name,MSCI,True,True,,
price_timeseries,MSFT,True,True,9185,pandas
index_constituent_timeseries,MSFT@S&P 500,True,True,9185,
last_quoted_date,MSFT,True,True,,
first_quoted_date,MSFT,True,True,,
classification_at_level,MSFT,True,True,,GICS L1
security_name,MSFT,True,True,,
price_timeseries,MSI,True,True,9185,pandas
index_constituent_timeseries,MSI@S&P 500,True,True,9185,
last_quoted_date,MSI,True,True,,
first_quoted_date,MSI,True,True,,
classification_at_level,MSI,True,True,,GICS L1
security_name,MSI,True,True,,
price_timeseries,MST-199808,True,True,2182,pandas
index_constituent_timeseries,MST-199808@S&P 500,True,True,2182,
last_quoted_date,MST-199808,True,True,,
first_quoted_date,MST-199808,True,True,,
classification_at_level,MST-199808,True,True,,GICS L1
security_name,MST-199808,True,True,,
price_timeseries,MTB,True,True,9125,pandas
index_constituent_timeseries,MTB@S&P 500,True,True,9125,
last_quoted_date,MTB,True,True,,
first_quoted_date,MTB,True,True,,
classification_at_level,MTB,True,True,,GICS L1
security_name,MTB,True,True,,
price_timeseries,MTCH,True,True,2661,pandas
index_constituent_timeseries,MTCH@S&P 500,True,True,2661,
last_quoted_date,MTCH,True,True,,
first_quoted_date,MTCH,True,True,,
classification_at_level,MTCH,True,True,,GICS L1
security_name,MTCH,True,True,,
price_timeseries,MTD,True,True,7193,pandas
index_constituent_timeseries,MTD@S&P 500,True,True,7193,
last_quoted_date,MTD,True,True,,
first_quoted_date,MTD,True,True,,
classification_at_level,MTD,True,True,,GICS L1
security_name,MTD,True,True,,
price_timeseries,MTG,True,True,8781,pandas
index_constituent_timeseries,MTG@S&P 500,True,True,8781,
last_quoted_date,MTG,True,True,,
first_quoted_date,MTG,True,True,,
classification_at_level,MTG,True,True,,GICS L1
security_name,MTG,True,True,,
price_timeseries,MTH-195712,True,True,0,empty
price_timeseries,MTI-196302,True,True,0,empty
price_timeseries,MTL-199909,True,True,2455,pandas
index_constituent_timeseries,MTL-199909@S&P 500,True,True,2455,
last_quoted_date,MTL-199909,True,True,,
first_quoted_date,MTL-199909,True,True,,
classification_at_level,MTL-199909,True,True,,GICS L1
security_name,MTL-199909,True,True,,
price_timeseries,MTLQQ-201103,True,True,5355,pandas
index_constituent_timeseries,MTLQQ-201103@S&P 500,True,True,5355,
last_quoted_date,MTLQQ-201103,True,True,,
first_quoted_date,MTLQQ-201103,True,True,,
classification_at_level,MTLQQ-201103,True,True,,GICS L1
security_name,MTLQQ-201103,True,True,,
price_timeseries,MTS-196102,True,True,0,empty
price_timeseries,MTW,True,True,9176,pandas
index_constituent_timeseries,MTW@S&P 500,True,True,9176,
last_quoted_date,MTW,True,True,,
first_quoted_date,MTW,True,True,,
classification_at_level,MTW,True,True,,GICS L1
security_name,MTW,True,True,,
price_timeseries,MTY-196103,True,True,0,empty
price_timeseries,MTYRF-198901,True,True,0,empty
price_timeseries,MU,True,True,9185,pandas
index_constituent_timeseries,MU@S&P 500,True,True,9185,
last_quoted_date,MU,True,True,,
first_quoted_date,MU,True,True,,
classification_at_level,MU,True,True,,GICS L1
security_name,MU,True,True,,
price_timeseries,MUB-196509,True,True,0,empty
price_timeseries,MUR,True,True,9185,pandas
index_constituent_timeseries,MUR@S&P 500,True,True,9185,
last_quoted_date,MUR,True,True,,
first_quoted_date,MUR,True,True,,
classification_at_level,MUR,True,True,,GICS L1
security_name,MUR,True,True,,
price_timeseries,MWI-200402,True,True,3571,pandas
index_constituent_timeseries,MWI-200402@S&P 500,True,True,3571,
last_quoted_date,MWI-200402,True,True,,
first_quoted_date,MWI-200402,True,True,,
classification_at_level,MWI-200402,True,True,,GICS L1
security_name,MWI-200402,True,True,,
price_timeseries,MWV-201507,True,True,6426,pandas
index_constituent_timeseries,MWV-201507@S&P 500,True,True,6426,
last_quoted_date,MWV-201507,True,True,,
first_quoted_date,MWV-201507,True,True,,
classification_at_level,MWV-201507,True,True,,GICS L1
security_name,MWV-201507,True,True,,
price_timeseries,MWW-201610,True,True,4997,pandas
index_constituent_timeseries,MWW-201610@S&P 500,True,True,4997,
last_quoted_date,MWW-201610,True,True,,
first_quoted_date,MWW-201610,True,True,,
classification_at_level,MWW-201610,True,True,,GICS L1
security_name,MWW-201610,True,True,,
price_timeseries,MXIM-202108,True,True,7973,pandas
index_constituent_timeseries,MXIM-202108@S&P 500,True,True,7973,
last_quoted_date,MXIM-202108,True,True,,
first_quoted_date,MXIM-202108,True,True,,
classification_at_level,MXIM-202108,True,True,,GICS L1
security_name,MXIM-202108,True,True,,
price_timeseries,MXS-199506,True,True,1375,pandas
index_constituent_timeseries,MXS-199506@S&P 500,True,True,1375,
last_quoted_date,MXS-199506,True,True,,
first_quoted_date,MXS-199506,True,True,,
classification_at_level,MXS-199506,True,True,,GICS L1
security_name,MXS-199506,True,True,,
price_timeseries,MYG-200603,True,True,4098,pandas
index_constituent_timeseries,MYG-200603@S&P 500,True,True,4098,
last_quoted_date,MYG-200603,True,True,,
first_quoted_date,MYG-200603,True,True,,
classification_at_level,MYG-200603,True,True,,GICS L1
security_name,MYG-200603,True,True,,
price_timeseries,MZ-198607,True,True,0,empty
price_timeseries,MZIAQ-201302,True,True,5365,pandas
index_constituent_timeseries,MZIAQ-201302@S&P 500,True,True,5365,
last_quoted_date,MZIAQ-201302,True,True,,
first_quoted_date,MZIAQ-201302,True,True,,
classification_at_level,MZIAQ-201302,True,True,,GICS L1
security_name,MZIAQ-201302,True,True,,
price_timeseries,NAB-198107,True,True,0,empty
price_timeseries,NAC-198505,True,True,0,empty
price_timeseries,NAE-199708,True,True,1922,pandas
index_constituent_timeseries,NAE-199708@S&P 500,True,True,1922,
last_quoted_date,NAE-199708,True,True,,
first_quoted_date,NAE-199708,True,True,,
classification_at_level,NAE-199708,True,True,,GICS L1
security_name,NAE-199708,True,True,,
price_timeseries,NAL-198001,True,True,0,empty
price_timeseries,NAS-196512,True,True,0,empty
price_timeseries,NAV-202106,True,True,7936,pandas
index_constituent_timeseries,NAV-202106@S&P 500,True,True,7936,
last_quoted_date,NAV-202106,True,True,,
first_quoted_date,NAV-202106,True,True,,
classification_at_level,NAV-202106,True,True,,GICS L1
security_name,NAV-202106,True,True,,
price_timeseries,NAVI,True,True,3063,pandas
index_constituent_timeseries,NAVI@S&P 500,True,True,3063,
last_quoted_date,NAVI,True,True,,
first_quoted_date,NAVI,True,True,,
classification_at_level,NAVI,True,True,,GICS L1
security_name,NAVI,True,True,,
price_timeseries,NB-198509,True,True,0,empty
price_timeseries,NBL-202010,True,True,7750,pandas
index_constituent_timeseries,NBL-202010@S&P 500,True,True,7750,
last_quoted_date,NBL-202010,True,True,,
first_quoted_date,NBL-202010,True,True,,
classification_at_level,NBL-202010,True,True,,GICS L1
security_name,NBL-202010,True,True,,
price_timeseries,NBR,True,True,9185,pandas
index_constituent_timeseries,NBR@S&P 500,True,True,9185,
last_quoted_date,NBR,True,True,,
first_quoted_date,NBR,True,True,,
classification_at_level,NBR,True,True,,GICS L1
security_name,NBR,True,True,,
price_timeseries,NC,True,True,9185,pandas
index_constituent_timeseries,NC@S&P 500,True,True,9185,
last_quoted_date,NC,True,True,,
first_quoted_date,NC,True,True,,
classification_at_level,NC,True,True,,GICS L1
security_name,NC,True,True,,
price_timeseries,NCC-200812,True,True,4791,pandas
index_constituent_timeseries,NCC-200812@S&P 500,True,True,4791,
last_quoted_date,NCC-200812,True,True,,
first_quoted_date,NCC-200812,True,True,,
classification_at_level,NCC-200812,True,True,,GICS L1
security_name,NCC-200812,True,True,,
price_timeseries,NCE-200008,True,True,2688,pandas
index_constituent_timeseries,NCE-200008@S&P 500,True,True,2688,
last_quoted_date,NCE-200008,True,True,,
first_quoted_date,NCE-200008,True,True,,
classification_at_level,NCE-200008,True,True,,GICS L1
security_name,NCE-200008,True,True,,
price_timeseries,NCLH,True,True,3376,pandas
index_constituent_timeseries,NCLH@S&P 500,True,True,3376,
last_quoted_date,NCLH,True,True,,
first_quoted_date,NCLH,True,True,,
classification_at_level,NCLH,True,True,,GICS L1
security_name,NCLH,True,True,,
price_timeseries,NCR-199109,True,True,435,pandas
index_constituent_timeseries,NCR-199109@S&P 500,True,True,435,
last_quoted_date,NCR-199109,True,True,,
first_quoted_date,NCR-199109,True,True,,
classification_at_level,NCR-199109,True,True,,GICS L1
classification,NCR-199109,True,True,,GICS flat fallback
security_name,NCR-199109,True,True,,
price_timeseries,NDAQ,True,True,6014,pandas
index_constituent_timeseries,NDAQ@S&P 500,True,True,6014,
last_quoted_date,NDAQ,True,True,,
first_quoted_date,NDAQ,True,True,,
classification_at_level,NDAQ,True,True,,GICS L1
security_name,NDAQ,True,True,,
price_timeseries,NDSN,True,True,9170,pandas
index_constituent_timeseries,NDSN@S&P 500,True,True,9170,
last_quoted_date,NDSN,True,True,,
first_quoted_date,NDSN,True,True,,
classification_at_level,NDSN,True,True,,GICS L1
security_name,NDSN,True,True,,
price_timeseries,NEB-197711,True,True,0,empty
price_timeseries,NEBLQ-202102,True,True,7835,pandas
index_constituent_timeseries,NEBLQ-202102@S&P 500,True,True,7835,
last_quoted_date,NEBLQ-202102,True,True,,
first_quoted_date,NEBLQ-202102,True,True,,
classification_at_level,NEBLQ-202102,True,True,,GICS L1
security_name,NEBLQ-202102,True,True,,
price_timeseries,NEC-199706,True,True,1882,pandas
index_constituent_timeseries,NEC-199706@S&P 500,True,True,1882,
last_quoted_date,NEC-199706,True,True,,
first_quoted_date,NEC-199706,True,True,,
classification_at_level,NEC-199706,True,True,,GICS L1
security_name,NEC-199706,True,True,,
price_timeseries,NEE,True,True,9185,pandas
index_constituent_timeseries,NEE@S&P 500,True,True,9185,
last_quoted_date,NEE,True,True,,
first_quoted_date,NEE,True,True,,
classification_at_level,NEE,True,True,,GICS L1
security_name,NEE,True,True,,
price_timeseries,NEM,True,True,9185,pandas
index_constituent_timeseries,NEM@S&P 500,True,True,9185,
last_quoted_date,NEM,True,True,,
first_quoted_date,NEM,True,True,,
classification_at_level,NEM,True,True,,GICS L1
security_name,NEM,True,True,,
price_timeseries,NES-200003,True,True,2584,pandas
index_constituent_timeseries,NES-200003@S&P 500,True,True,2584,
last_quoted_date,NES-200003,True,True,,
first_quoted_date,NES-200003,True,True,,
classification_at_level,NES-200003,True,True,,GICS L1
security_name,NES-200003,True,True,,
price_timeseries,NEU,True,True,9185,pandas
index_constituent_timeseries,NEU@S&P 500,True,True,9185,
last_quoted_date,NEU,True,True,,
first_quoted_date,NEU,True,True,,
classification_at_level,NEU,True,True,,GICS L1
security_name,NEU,True,True,,
price_timeseries,NFB-200611,True,True,4264,pandas
index_constituent_timeseries,NFB-200611@S&P 500,True,True,4264,
last_quoted_date,NFB-200611,True,True,,
first_quoted_date,NFB-200611,True,True,,
classification_at_level,NFB-200611,True,True,,GICS L1
security_name,NFB-200611,True,True,,
price_timeseries,NFG,True,True,9185,pandas
index_constituent_timeseries,NFG@S&P 500,True,True,9185,
last_quoted_date,NFG,True,True,,
first_quoted_date,NFG,True,True,,
classification_at_level,NFG,True,True,,GICS L1
security_name,NFG,True,True,,
price_timeseries,NFK-198206,True,True,0,empty
price_timeseries,NFLX,True,True,6059,pandas
index_constituent_timeseries,NFLX@S&P 500,True,True,6059,
last_quoted_date,NFLX,True,True,,
first_quoted_date,NFLX,True,True,,
classification_at_level,NFLX,True,True,,GICS L1
security_name,NFLX,True,True,,
price_timeseries,NFX-201902,True,True,6349,pandas
index_constituent_timeseries,NFX-201902@S&P 500,True,True,6349,
last_quoted_date,NFX-201902,True,True,,
first_quoted_date,NFX-201902,True,True,,
classification_at_level,NFX-201902,True,True,,GICS L1
security_name,NFX-201902,True,True,,
price_timeseries,NG-198604,True,True,0,empty
price_timeseries,NGH-200012,True,True,2459,pandas
index_constituent_timeseries,NGH-200012@S&P 500,True,True,2459,
last_quoted_date,NGH-200012,True,True,,
first_quoted_date,NGH-200012,True,True,,
classification_at_level,NGH-200012,True,True,,GICS L1
security_name,NGH-200012,True,True,,
price_timeseries,NI,True,True,9185,pandas
index_constituent_timeseries,NI@S&P 500,True,True,9185,
last_quoted_date,NI,True,True,,
first_quoted_date,NI,True,True,,
classification_at_level,NI,True,True,,GICS L1
security_name,NI,True,True,,
price_timeseries,NKE,True,True,9185,pandas
index_constituent_timeseries,NKE@S&P 500,True,True,9185,
last_quoted_date,NKE,True,True,,
first_quoted_date,NKE,True,True,,
classification_at_level,NKE,True,True,,GICS L1
security_name,NKE,True,True,,
price_timeseries,NKP-196410,True,True,0,empty
price_timeseries,NKTR,True,True,8014,pandas
index_constituent_timeseries,NKTR@S&P 500,True,True,8014,
last_quoted_date,NKTR,True,True,,
first_quoted_date,NKTR,True,True,,
classification_at_level,NKTR,True,True,,GICS L1
security_name,NKTR,True,True,,
price_timeseries,NL,True,True,9185,pandas
index_constituent_timeseries,NL@S&P 500,True,True,9185,
last_quoted_date,NL,True,True,,
first_quoted_date,NL,True,True,,
classification_at_level,NL,True,True,,GICS L1
security_name,NL,True,True,,
price_timeseries,NLC-199912,True,True,2520,pandas
index_constituent_timeseries,NLC-199912@S&P 500,True,True,2520,
last_quoted_date,NLC-199912,True,True,,
first_quoted_date,NLC-199912,True,True,,
classification_at_level,NLC-199912,True,True,,GICS L1
security_name,NLC-199912,True,True,,
price_timeseries,NLSN-202210,True,True,2948,pandas
index_constituent_timeseries,NLSN-202210@S&P 500,True,True,2948,
last_quoted_date,NLSN-202210,True,True,,
first_quoted_date,NLSN-202210,True,True,,
classification_at_level,NLSN-202210,True,True,,GICS L1
security_name,NLSN-202210,True,True,,
price_timeseries,NLT-198211,True,True,0,empty
price_timeseries,NMK-200201,True,True,3049,pandas
index_constituent_timeseries,NMK-200201@S&P 500,True,True,3049,
last_quoted_date,NMK-200201,True,True,,
first_quoted_date,NMK-200201,True,True,,
classification_at_level,NMK-200201,True,True,,GICS L1
security_name,NMK-200201,True,True,,
price_timeseries,NND-196809,True,True,0,empty
price_timeseries,NOC,True,True,9185,pandas
index_constituent_timeseries,NOC@S&P 500,True,True,9185,
last_quoted_date,NOC,True,True,,
first_quoted_date,NOC,True,True,,
classification_at_level,NOC,True,True,,GICS L1
security_name,NOC,True,True,,
price_timeseries,NOV,True,True,7458,pandas
index_constituent_timeseries,NOV@S&P 500,True,True,7458,
last_quoted_date,NOV,True,True,,
first_quoted_date,NOV,True,True,,
classification_at_level,NOV,True,True,,GICS L1
security_name,NOV,True,True,,
price_timeseries,NOVL-201104,True,True,5375,pandas
index_constituent_timeseries,NOVL-201104@S&P 500,True,True,5375,
last_quoted_date,NOVL-201104,True,True,,
first_quoted_date,NOVL-201104,True,True,,
classification_at_level,NOVL-201104,True,True,,GICS L1
security_name,NOVL-201104,True,True,,
price_timeseries,NOW,True,True,3514,pandas
index_constituent_timeseries,NOW@S&P 500,True,True,3514,
last_quoted_date,NOW,True,True,,
first_quoted_date,NOW,True,True,,
classification_at_level,NOW,True,True,,GICS L1
security_name,NOW,True,True,,
price_timeseries,NOXLB-198911,True,True,0,empty
price_timeseries,NP-197003,True,True,0,empty
price_timeseries,NRG,True,True,5673,pandas
index_constituent_timeseries,NRG@S&P 500,True,True,5673,
last_quoted_date,NRG,True,True,,
first_quoted_date,NRG,True,True,,
classification_at_level,NRG,True,True,,GICS L1
security_name,NRG,True,True,,
price_timeseries,NRT-199008,True,True,153,pandas
index_constituent_timeseries,NRT-199008@S&P 500,True,True,153,
last_quoted_date,NRT-199008,True,True,,
first_quoted_date,NRT-199008,True,True,,
classification_at_level,NRT-199008,True,True,,GICS L1
security_name,NRT-199008,True,True,,
price_timeseries,NRTLQ-201510,True,True,6488,pandas
index_constituent_timeseries,NRTLQ-201510@S&P 500,True,True,6488,
last_quoted_date,NRTLQ-201510,True,True,,
first_quoted_date,NRTLQ-201510,True,True,,
classification_at_level,NRTLQ-201510,True,True,,GICS L1
security_name,NRTLQ-201510,True,True,,
price_timeseries,NSC,True,True,9185,pandas
index_constituent_timeseries,NSC@S&P 500,True,True,9185,
last_quoted_date,NSC,True,True,,
first_quoted_date,NSC,True,True,,
classification_at_level,NSC,True,True,,GICS L1
security_name,NSC,True,True,,
price_timeseries,NSI-198309,True,True,0,empty
price_timeseries,NSI-200306,True,True,3392,pandas
index_constituent_timeseries,NSI-200306@S&P 500,True,True,3392,
last_quoted_date,NSI-200306,True,True,,
first_quoted_date,NSI-200306,True,True,,
classification_at_level,NSI-200306,True,True,,GICS L1
security_name,NSI-200306,True,True,,
price_timeseries,NSM-201109,True,True,5479,pandas
index_constituent_timeseries,NSM-201109@S&P 500,True,True,5479,
last_quoted_date,NSM-201109,True,True,,
first_quoted_date,NSM-201109,True,True,,
classification_at_level,NSM-201109,True,True,,GICS L1
security_name,NSM-201109,True,True,,
price_timeseries,NST-201204,True,True,5614,pandas
index_constituent_timeseries,NST-201204@S&P 500,True,True,5614,
last_quoted_date,NST-201204,True,True,,
first_quoted_date,NST-201204,True,True,,
classification_at_level,NST-201204,True,True,,GICS L1
security_name,NST-201204,True,True,,
price_timeseries,NSU-196902,True,True,0,empty
price_timeseries,NSY-195804,True,True,0,empty
price_timeseries,NTAP,True,True,7694,pandas
index_constituent_timeseries,NTAP@S&P 500,True,True,7694,
last_quoted_date,NTAP,True,True,,
first_quoted_date,NTAP,True,True,,
classification_at_level,NTAP,True,True,,GICS L1
security_name,NTAP,True,True,,
price_timeseries,NTRS,True,True,9185,pandas
index_constituent_timeseries,NTRS@S&P 500,True,True,9185,
last_quoted_date,NTRS,True,True,,
first_quoted_date,NTRS,True,True,,
classification_at_level,NTRS,True,True,,GICS L1
security_name,NTRS,True,True,,
price_timeseries,NTS-197104,True,True,0,empty
price_timeseries,NTY-198201,True,True,0,empty
price_timeseries,NUE,True,True,9185,pandas
index_constituent_timeseries,NUE@S&P 500,True,True,9185,
last_quoted_date,NUE,True,True,,
first_quoted_date,NUE,True,True,,
classification_at_level,NUE,True,True,,GICS L1
security_name,NUE,True,True,,
price_timeseries,NUM-197407,True,True,0,empty
price_timeseries,NVDA,True,True,6896,pandas
index_constituent_timeseries,NVDA@S&P 500,True,True,6896,
last_quoted_date,NVDA,True,True,,
first_quoted_date,NVDA,True,True,,
classification_at_level,NVDA,True,True,,GICS L1
security_name,NVDA,True,True,,
price_timeseries,NVLS-201206,True,True,5653,pandas
index_constituent_timeseries,NVLS-201206@S&P 500,True,True,5653,
last_quoted_date,NVLS-201206,True,True,,
first_quoted_date,NVLS-201206,True,True,,
classification_at_level,NVLS-201206,True,True,,GICS L1
security_name,NVLS-201206,True,True,,
price_timeseries,NVR,True,True,9142,pandas
index_constituent_timeseries,NVR@S&P 500,True,True,9142,
last_quoted_date,NVR,True,True,,
first_quoted_date,NVR,True,True,,
classification_at_level,NVR,True,True,,GICS L1
security_name,NVR,True,True,,
price_timeseries,NWA-198907,True,True,0,empty
price_timeseries,NWL,True,True,9185,pandas
index_constituent_timeseries,NWL@S&P 500,True,True,9185,
last_quoted_date,NWL,True,True,,
first_quoted_date,NWL,True,True,,
classification_at_level,NWL,True,True,,GICS L1
security_name,NWL,True,True,,
price_timeseries,NWP.C-197902,True,True,0,empty
price_timeseries,NWP-198311,True,True,0,empty
price_timeseries,NWS,True,True,3272,pandas
index_constituent_timeseries,NWS@S&P 500,True,True,3272,
last_quoted_date,NWS,True,True,,
first_quoted_date,NWS,True,True,,
classification_at_level,NWS,True,True,,GICS L1
security_name,NWS,True,True,,
price_timeseries,NWSA,True,True,3272,pandas
index_constituent_timeseries,NWSA@S&P 500,True,True,3272,
last_quoted_date,NWSA,True,True,,
first_quoted_date,NWSA,True,True,,
classification_at_level,NWSA,True,True,,GICS L1
security_name,NWSA,True,True,,
price_timeseries,NWT-198507,True,True,0,empty
price_timeseries,NXG-201110,True,True,5267,pandas
index_constituent_timeseries,NXG-201110@S&P 500,True,True,5267,
last_quoted_date,NXG-201110,True,True,,
first_quoted_date,NXG-201110,True,True,,
classification_at_level,NXG-201110,True,True,,GICS L1
security_name,NXG-201110,True,True,,
price_timeseries,NXPI,True,True,3993,pandas
index_constituent_timeseries,NXPI@S&P 500,True,True,3993,
last_quoted_date,NXPI,True,True,,
first_quoted_date,NXPI,True,True,,
classification_at_level,NXPI,True,True,,GICS L1
security_name,NXPI,True,True,,
price_timeseries,NXTL-200508,True,True,3415,pandas
index_constituent_timeseries,NXTL-200508@S&P 500,True,True,3415,
last_quoted_date,NXTL-200508,True,True,,
first_quoted_date,NXTL-200508,True,True,,
classification_at_level,NXTL-200508,True,True,,GICS L1
security_name,NXTL-200508,True,True,,
price_timeseries,NYN-199708,True,True,1928,pandas
index_constituent_timeseries,NYN-199708@S&P 500,True,True,1928,
last_quoted_date,NYN-199708,True,True,,
first_quoted_date,NYN-199708,True,True,,
classification_at_level,NYN-199708,True,True,,GICS L1
security_name,NYN-199708,True,True,,
price_timeseries,NYT,True,True,9185,pandas
index_constituent_timeseries,NYT@S&P 500,True,True,9185,
last_quoted_date,NYT,True,True,,
first_quoted_date,NYT,True,True,,
classification_at_level,NYT,True,True,,GICS L1
security_name,NYT,True,True,,
price_timeseries,NYX-201311,True,True,2330,pandas
index_constituent_timeseries,NYX-201311@S&P 500,True,True,2330,
last_quoted_date,NYX-201311,True,True,,
first_quoted_date,NYX-201311,True,True,,
classification_at_level,NYX-201311,True,True,,GICS L1
security_name,NYX-201311,True,True,,
price_timeseries,O,True,True,7972,pandas
index_constituent_timeseries,O@S&P 500,True,True,7972,
last_quoted_date,O,True,True,,
first_quoted_date,O,True,True,,
classification_at_level,O,True,True,,GICS L1
security_name,O,True,True,,
price_timeseries,OAT-200108,True,True,2928,pandas
index_constituent_timeseries,OAT-200108@S&P 500,True,True,2928,
last_quoted_date,OAT-200108,True,True,,
first_quoted_date,OAT-200108,True,True,,
classification_at_level,OAT-200108,True,True,,GICS L1
security_name,OAT-200108,True,True,,
price_timeseries,OC-196107,True,True,0,empty
price_timeseries,ODFL,True,True,8322,pandas
index_constituent_timeseries,ODFL@S&P 500,True,True,8322,
last_quoted_date,ODFL,True,True,,
first_quoted_date,ODFL,True,True,,
classification_at_level,ODFL,True,True,,GICS L1
security_name,ODFL,True,True,,
price_timeseries,ODP-202512,True,True,9052,pandas
index_constituent_timeseries,ODP-202512@S&P 500,True,True,9052,
last_quoted_date,ODP-202512,True,True,,
first_quoted_date,ODP-202512,True,True,,
classification_at_level,ODP-202512,True,True,,GICS L1
security_name,ODP-202512,True,True,,
price_timeseries,OGN,True,True,1282,pandas
index_constituent_timeseries,OGN@S&P 500,True,True,1282,
last_quoted_date,OGN,True,True,,
first_quoted_date,OGN,True,True,,
classification_at_level,OGN,True,True,,GICS L1
security_name,OGN,True,True,,
price_timeseries,OI,True,True,8693,pandas
index_constituent_timeseries,OI@S&P 500,True,True,8693,
last_quoted_date,OI,True,True,,
first_quoted_date,OI,True,True,,
classification_at_level,OI,True,True,,GICS L1
security_name,OI,True,True,,
price_timeseries,OI-198703,True,True,0,empty
price_timeseries,OK-200103,True,True,2842,pandas
index_constituent_timeseries,OK-200103@S&P 500,True,True,2842,
last_quoted_date,OK-200103,True,True,,
first_quoted_date,OK-200103,True,True,,
classification_at_level,OK-200103,True,True,,GICS L1
security_name,OK-200103,True,True,,
price_timeseries,OKE,True,True,9185,pandas
index_constituent_timeseries,OKE@S&P 500,True,True,9185,
last_quoted_date,OKE,True,True,,
first_quoted_date,OKE,True,True,,
classification_at_level,OKE,True,True,,GICS L1
security_name,OKE,True,True,,
price_timeseries,OLN,True,True,9185,pandas
index_constituent_timeseries,OLN@S&P 500,True,True,9185,
last_quoted_date,OLN,True,True,,
first_quoted_date,OLN,True,True,,
classification_at_level,OLN,True,True,,GICS L1
security_name,OLN,True,True,,
price_timeseries,OM-199709,True,True,1960,pandas
index_constituent_timeseries,OM-199709@S&P 500,True,True,1960,
last_quoted_date,OM-199709,True,True,,
first_quoted_date,OM-199709,True,True,,
classification_at_level,OM-199709,True,True,,GICS L1
security_name,OM-199709,True,True,,
price_timeseries,OMC,True,True,9185,pandas
index_constituent_timeseries,OMC@S&P 500,True,True,9185,
last_quoted_date,OMC,True,True,,
first_quoted_date,OMC,True,True,,
classification_at_level,OMC,True,True,,GICS L1
security_name,OMC,True,True,,
price_timeseries,OMC-198105,True,True,0,empty
price_timeseries,OMX-201311,True,True,6011,pandas
index_constituent_timeseries,OMX-201311@S&P 500,True,True,6011,
last_quoted_date,OMX-201311,True,True,,
first_quoted_date,OMX-201311,True,True,,
classification_at_level,OMX-201311,True,True,,GICS L1
security_name,OMX-201311,True,True,,
price_timeseries,ON,True,True,6576,pandas
index_constituent_timeseries,ON@S&P 500,True,True,6576,
last_quoted_date,ON,True,True,,
first_quoted_date,ON,True,True,,
classification_at_level,ON,True,True,,GICS L1
security_name,ON,True,True,,
price_timeseries,ONE-200406,True,True,3656,pandas
index_constituent_timeseries,ONE-200406@S&P 500,True,True,3656,
last_quoted_date,ONE-200406,True,True,,
first_quoted_date,ONE-200406,True,True,,
classification_at_level,ONE-200406,True,True,,GICS L1
security_name,ONE-200406,True,True,,
price_timeseries,ORCL,True,True,9185,pandas
index_constituent_timeseries,ORCL@S&P 500,True,True,9185,
last_quoted_date,ORCL,True,True,,
first_quoted_date,ORCL,True,True,,
classification_at_level,ORCL,True,True,,GICS L1
security_name,ORCL,True,True,,
price_timeseries,ORLY,True,True,8346,pandas
index_constituent_timeseries,ORLY@S&P 500,True,True,8346,
last_quoted_date,ORLY,True,True,,
first_quoted_date,ORLY,True,True,,
classification_at_level,ORLY,True,True,,GICS L1
security_name,ORLY,True,True,,
price_timeseries,ORX-199902,True,True,2314,pandas
index_constituent_timeseries,ORX-199902@S&P 500,True,True,2314,
last_quoted_date,ORX-199902,True,True,,
first_quoted_date,ORX-199902,True,True,,
classification_at_level,ORX-199902,True,True,,GICS L1
security_name,ORX-199902,True,True,,
price_timeseries,OT-197607,True,True,0,empty
price_timeseries,OTIS,True,True,1573,pandas
index_constituent_timeseries,OTIS@S&P 500,True,True,1573,
last_quoted_date,OTIS,True,True,,
first_quoted_date,OTIS,True,True,,
classification_at_level,OTIS,True,True,,GICS L1
security_name,OTIS,True,True,,
price_timeseries,OVT-198612,True,True,0,empty
price_timeseries,OWENQ-200610,True,True,4245,pandas
index_constituent_timeseries,OWENQ-200610@S&P 500,True,True,4245,
last_quoted_date,OWENQ-200610,True,True,,
first_quoted_date,OWENQ-200610,True,True,,
classification_at_level,OWENQ-200610,True,True,,GICS L1
security_name,OWENQ-200610,True,True,,
price_timeseries,OXY,True,True,9185,pandas
index_constituent_timeseries,OXY@S&P 500,True,True,9185,
last_quoted_date,OXY,True,True,,
first_quoted_date,OXY,True,True,,
classification_at_level,OXY,True,True,,GICS L1
security_name,OXY,True,True,,
price_timeseries,PA-198812,True,True,0,empty
price_timeseries,PABT-198505,True,True,0,empty
price_timeseries,PAC-198205,True,True,0,empty
price_timeseries,PAC-199703,True,True,1832,pandas
index_constituent_timeseries,PAC-199703@S&P 500,True,True,1832,
last_quoted_date,PAC-199703,True,True,,
first_quoted_date,PAC-199703,True,True,,
classification_at_level,PAC-199703,True,True,,GICS L1
security_name,PAC-199703,True,True,,
price_timeseries,PALM-201006,True,True,2598,pandas
index_constituent_timeseries,PALM-201006@S&P 500,True,True,2598,
last_quoted_date,PALM-201006,True,True,,
first_quoted_date,PALM-201006,True,True,,
classification_at_level,PALM-201006,True,True,,GICS L1
security_name,PALM-201006,True,True,,
price_timeseries,PANW,True,True,3500,pandas
index_constituent_timeseries,PANW@S&P 500,True,True,3500,
last_quoted_date,PANW,True,True,,
first_quoted_date,PANW,True,True,,
classification_at_level,PANW,True,True,,GICS L1
security_name,PANW,True,True,,
price_timeseries,PAS-197607,True,True,0,empty
price_timeseries,PAS-201002,True,True,5081,pandas
index_constituent_timeseries,PAS-201002@S&P 500,True,True,5081,
last_quoted_date,PAS-201002,True,True,,
first_quoted_date,PAS-201002,True,True,,
classification_at_level,PAS-201002,True,True,,GICS L1
security_name,PAS-201002,True,True,,
price_timeseries,PAYC,True,True,3065,pandas
index_constituent_timeseries,PAYC@S&P 500,True,True,3065,
last_quoted_date,PAYC,True,True,,
first_quoted_date,PAYC,True,True,,
classification_at_level,PAYC,True,True,,GICS L1
security_name,PAYC,True,True,,
price_timeseries,PAYX,True,True,9185,pandas
index_constituent_timeseries,PAYX@S&P 500,True,True,9185,
last_quoted_date,PAYX,True,True,,
first_quoted_date,PAYX,True,True,,
classification_at_level,PAYX,True,True,,GICS L1
security_name,PAYX,True,True,,
price_timeseries,PBCT-202204,True,True,8125,pandas
index_constituent_timeseries,PBCT-202204@S&P 500,True,True,8125,
last_quoted_date,PBCT-202204,True,True,,
first_quoted_date,PBCT-202204,True,True,,
classification_at_level,PBCT-202204,True,True,,GICS L1
security_name,PBCT-202204,True,True,,
price_timeseries,PBD-198510,True,True,0,empty
price_timeseries,PBG-201002,True,True,2745,pandas
index_constituent_timeseries,PBG-201002@S&P 500,True,True,2745,
last_quoted_date,PBG-201002,True,True,,
first_quoted_date,PBG-201002,True,True,,
classification_at_level,PBG-201002,True,True,,GICS L1
security_name,PBG-201002,True,True,,
price_timeseries,PBI,True,True,9185,pandas
index_constituent_timeseries,PBI@S&P 500,True,True,9185,
last_quoted_date,PBI,True,True,,
first_quoted_date,PBI,True,True,,
classification_at_level,PBI,True,True,,GICS L1
security_name,PBI,True,True,,
price_timeseries,PBY-201602,True,True,6575,pandas
index_constituent_timeseries,PBY-201602@S&P 500,True,True,6575,
last_quoted_date,PBY-201602,True,True,,
first_quoted_date,PBY-201602,True,True,,
classification_at_level,PBY-201602,True,True,,GICS L1
security_name,PBY-201602,True,True,,
price_timeseries,PC-197810,True,True,0,empty
price_timeseries,PCAR,True,True,9185,pandas
index_constituent_timeseries,PCAR@S&P 500,True,True,9185,
last_quoted_date,PCAR,True,True,,
first_quoted_date,PCAR,True,True,,
classification_at_level,PCAR,True,True,,GICS L1
security_name,PCAR,True,True,,
price_timeseries,PCG,True,True,9185,pandas
index_constituent_timeseries,PCG@S&P 500,True,True,9185,
last_quoted_date,PCG,True,True,,
first_quoted_date,PCG,True,True,,
classification_at_level,PCG,True,True,,GICS L1
security_name,PCG,True,True,,
price_timeseries,PCH-202601,True,True,9087,pandas
index_constituent_timeseries,PCH-202601@S&P 500,True,True,9087,
last_quoted_date,PCH-202601,True,True,,
first_quoted_date,PCH-202601,True,True,,
classification_at_level,PCH-202601,True,True,,GICS L1
security_name,PCH-202601,True,True,,
price_timeseries,PCI-199407,True,True,1142,pandas
index_constituent_timeseries,PCI-199407@S&P 500,True,True,1142,
last_quoted_date,PCI-199407,True,True,,
first_quoted_date,PCI-199407,True,True,,
classification_at_level,PCI-199407,True,True,,GICS L1
security_name,PCI-199407,True,True,,
price_timeseries,PCL-201602,True,True,6586,pandas
index_constituent_timeseries,PCL-201602@S&P 500,True,True,6586,
last_quoted_date,PCL-201602,True,True,,
first_quoted_date,PCL-201602,True,True,,
classification_at_level,PCL-201602,True,True,,GICS L1
security_name,PCL-201602,True,True,,
price_timeseries,PCLB-199310,True,True,964,pandas
index_constituent_timeseries,PCLB-199310@S&P 500,True,True,964,
last_quoted_date,PCLB-199310,True,True,,
first_quoted_date,PCLB-199310,True,True,,
classification_at_level,PCLB-199310,True,True,,GICS L1
security_name,PCLB-199310,True,True,,
price_timeseries,PCP-201601,True,True,6572,pandas
index_constituent_timeseries,PCP-201601@S&P 500,True,True,6572,
last_quoted_date,PCP-201601,True,True,,
first_quoted_date,PCP-201601,True,True,,
classification_at_level,PCP-201601,True,True,,GICS L1
security_name,PCP-201601,True,True,,
price_timeseries,PCS-200404,True,True,1364,pandas
index_constituent_timeseries,PCS-200404@S&P 500,True,True,1364,
last_quoted_date,PCS-200404,True,True,,
first_quoted_date,PCS-200404,True,True,,
classification_at_level,PCS-200404,True,True,,GICS L1
security_name,PCS-200404,True,True,,
price_timeseries,PD-200703,True,True,4339,pandas
index_constituent_timeseries,PD-200703@S&P 500,True,True,4339,
last_quoted_date,PD-200703,True,True,,
first_quoted_date,PD-200703,True,True,,
classification_at_level,PD-200703,True,True,,GICS L1
security_name,PD-200703,True,True,,
price_timeseries,PDC-197011,True,True,0,empty
price_timeseries,PDCO-202504,True,True,8174,pandas
index_constituent_timeseries,PDCO-202504@S&P 500,True,True,8174,
last_quoted_date,PDCO-202504,True,True,,
first_quoted_date,PDCO-202504,True,True,,
classification_at_level,PDCO-202504,True,True,,GICS L1
security_name,PDCO-202504,True,True,,
price_timeseries,PDG-200603,True,True,4081,pandas
index_constituent_timeseries,PDG-200603@S&P 500,True,True,4081,
last_quoted_date,PDG-200603,True,True,,
first_quoted_date,PDG-200603,True,True,,
classification_at_level,PDG-200603,True,True,,GICS L1
security_name,PDG-200603,True,True,,
price_timeseries,PDQ-199207,True,True,654,pandas
index_constituent_timeseries,PDQ-199207@S&P 500,True,True,654,
last_quoted_date,PDQ-199207,True,True,,
first_quoted_date,PDQ-199207,True,True,,
classification_at_level,PDQ-199207,True,True,,GICS L1
classification,PDQ-199207,True,True,,GICS flat fallback
security_name,PDQ-199207,True,True,,
price_timeseries,PDY-196803,True,True,0,empty
price_timeseries,PEG,True,True,9185,pandas
index_constituent_timeseries,PEG@S&P 500,True,True,9185,
last_quoted_date,PEG,True,True,,
first_quoted_date,PEG,True,True,,
classification_at_level,PEG,True,True,,GICS L1
security_name,PEG,True,True,,
price_timeseries,PEL-199706,True,True,1888,pandas
index_constituent_timeseries,PEL-199706@S&P 500,True,True,1888,
last_quoted_date,PEL-199706,True,True,,
first_quoted_date,PEL-199706,True,True,,
classification_at_level,PEL-199706,True,True,,GICS L1
security_name,PEL-199706,True,True,,
price_timeseries,PENN,True,True,8065,pandas
index_constituent_timeseries,PENN@S&P 500,True,True,8065,
last_quoted_date,PENN,True,True,,
first_quoted_date,PENN,True,True,,
classification_at_level,PENN,True,True,,GICS L1
security_name,PENN,True,True,,
price_timeseries,PEP,True,True,9185,pandas
index_constituent_timeseries,PEP@S&P 500,True,True,9185,
last_quoted_date,PEP,True,True,,
first_quoted_date,PEP,True,True,,
classification_at_level,PEP,True,True,,GICS L1
security_name,PEP,True,True,,
price_timeseries,PET-197808,True,True,0,empty
price_timeseries,PET-199806,True,True,2146,pandas
index_constituent_timeseries,PET-199806@S&P 500,True,True,2146,
last_quoted_date,PET-199806,True,True,,
first_quoted_date,PET-199806,True,True,,
classification_at_level,PET-199806,True,True,,GICS L1
security_name,PET-199806,True,True,,
price_timeseries,PETM-201503,True,True,5448,pandas
index_constituent_timeseries,PETM-201503@S&P 500,True,True,5448,
last_quoted_date,PETM-201503,True,True,,
first_quoted_date,PETM-201503,True,True,,
classification_at_level,PETM-201503,True,True,,GICS L1
security_name,PETM-201503,True,True,,
price_timeseries,PF-196109,True,True,0,empty
price_timeseries,PFE,True,True,9185,pandas
index_constituent_timeseries,PFE@S&P 500,True,True,9185,
last_quoted_date,PFE,True,True,,
first_quoted_date,PFE,True,True,,
classification_at_level,PFE,True,True,,GICS L1
security_name,PFE,True,True,,
price_timeseries,PFG,True,True,6205,pandas
index_constituent_timeseries,PFG@S&P 500,True,True,6205,
last_quoted_date,PFG,True,True,,
first_quoted_date,PFG,True,True,,
classification_at_level,PFG,True,True,,GICS L1
security_name,PFG,True,True,,
price_timeseries,PFK-196506,True,True,0,empty
price_timeseries,PG,True,True,9185,pandas
index_constituent_timeseries,PG@S&P 500,True,True,9185,
last_quoted_date,PG,True,True,,
first_quoted_date,PG,True,True,,
classification_at_level,PG,True,True,,GICS L1
security_name,PG,True,True,,
price_timeseries,PGL-200702,True,True,4321,pandas
index_constituent_timeseries,PGL-200702@S&P 500,True,True,4321,
last_quoted_date,PGL-200702,True,True,,
first_quoted_date,PGL-200702,True,True,,
classification_at_level,PGL-200702,True,True,,GICS L1
security_name,PGL-200702,True,True,,
price_timeseries,PGN-201207,True,True,5673,pandas
index_constituent_timeseries,PGN-201207@S&P 500,True,True,5673,
last_quoted_date,PGN-201207,True,True,,
first_quoted_date,PGN-201207,True,True,,
classification_at_level,PGN-201207,True,True,,GICS L1
security_name,PGN-201207,True,True,,
price_timeseries,PGR,True,True,9185,pandas
index_constituent_timeseries,PGR@S&P 500,True,True,9185,
last_quoted_date,PGR,True,True,,
first_quoted_date,PGR,True,True,,
classification_at_level,PGR,True,True,,GICS L1
security_name,PGR,True,True,,
price_timeseries,PH,True,True,9185,pandas
index_constituent_timeseries,PH@S&P 500,True,True,9185,
last_quoted_date,PH,True,True,,
first_quoted_date,PH,True,True,,
classification_at_level,PH,True,True,,GICS L1
security_name,PH,True,True,,
price_timeseries,PHA-200304,True,True,3352,pandas
index_constituent_timeseries,PHA-200304@S&P 500,True,True,3352,
last_quoted_date,PHA-200304,True,True,,
first_quoted_date,PHA-200304,True,True,,
classification_at_level,PHA-200304,True,True,,GICS L1
security_name,PHA-200304,True,True,,
price_timeseries,PHB-199910,True,True,2465,pandas
index_constituent_timeseries,PHB-199910@S&P 500,True,True,2465,
last_quoted_date,PHB-199910,True,True,,
first_quoted_date,PHB-199910,True,True,,
classification_at_level,PHB-199910,True,True,,GICS L1
security_name,PHB-199910,True,True,,
price_timeseries,PHC-196112,True,True,0,empty
price_timeseries,PHL-199008,True,True,163,pandas
index_constituent_timeseries,PHL-199008@S&P 500,True,True,163,
last_quoted_date,PHL-199008,True,True,,
first_quoted_date,PHL-199008,True,True,,
classification_at_level,PHL-199008,True,True,,GICS L1
security_name,PHL-199008,True,True,,
price_timeseries,PHM,True,True,9185,pandas
index_constituent_timeseries,PHM@S&P 500,True,True,9185,
last_quoted_date,PHM,True,True,,
first_quoted_date,PHM,True,True,,
classification_at_level,PHM,True,True,,GICS L1
security_name,PHM,True,True,,
price_timeseries,PIN-199410,True,True,1218,pandas
index_constituent_timeseries,PIN-199410@S&P 500,True,True,1218,
last_quoted_date,PIN-199410,True,True,,
first_quoted_date,PIN-199410,True,True,,
classification_at_level,PIN-199410,True,True,,GICS L1
security_name,PIN-199410,True,True,,
price_timeseries,PIZ-197711,True,True,0,empty
price_timeseries,PKA-196901,True,True,0,empty
price_timeseries,PKG,True,True,6639,pandas
index_constituent_timeseries,PKG@S&P 500,True,True,6639,
last_quoted_date,PKG,True,True,,
first_quoted_date,PKG,True,True,,
classification_at_level,PKG,True,True,,GICS L1
security_name,PKG,True,True,,
price_timeseries,PLD,True,True,7188,pandas
index_constituent_timeseries,PLD@S&P 500,True,True,7188,
last_quoted_date,PLD,True,True,,
first_quoted_date,PLD,True,True,,
classification_at_level,PLD,True,True,,GICS L1
security_name,PLD,True,True,,
price_timeseries,PLD-201106,True,True,4321,pandas
index_constituent_timeseries,PLD-201106@S&P 500,True,True,4321,
last_quoted_date,PLD-201106,True,True,,
first_quoted_date,PLD-201106,True,True,,
classification_at_level,PLD-201106,True,True,,GICS L1
security_name,PLD-201106,True,True,,
price_timeseries,PLL-201508,True,True,6467,pandas
index_constituent_timeseries,PLL-201508@S&P 500,True,True,6467,
last_quoted_date,PLL-201508,True,True,,
first_quoted_date,PLL-201508,True,True,,
classification_at_level,PLL-201508,True,True,,GICS L1
security_name,PLL-201508,True,True,,
price_timeseries,PLTR,True,True,1438,pandas
index_constituent_timeseries,PLTR@S&P 500,True,True,1438,
last_quoted_date,PLTR,True,True,,
first_quoted_date,PLTR,True,True,,
classification_at_level,PLTR,True,True,,GICS L1
security_name,PLTR,True,True,,
price_timeseries,PM,True,True,4596,pandas
index_constituent_timeseries,PM@S&P 500,True,True,4596,
last_quoted_date,PM,True,True,,
first_quoted_date,PM,True,True,,
classification_at_level,PM,True,True,,GICS L1
security_name,PM,True,True,,
price_timeseries,PMCS-201601,True,True,6231,pandas
index_constituent_timeseries,PMCS-201601@S&P 500,True,True,6231,
last_quoted_date,PMCS-201601,True,True,,
first_quoted_date,PMCS-201601,True,True,,
classification_at_level,PMCS-201601,True,True,,GICS L1
security_name,PMCS-201601,True,True,,
price_timeseries,PMI-199911,True,True,2502,pandas
index_constituent_timeseries,PMI-199911@S&P 500,True,True,2502,
last_quoted_date,PMI-199911,True,True,,
first_quoted_date,PMI-199911,True,True,,
classification_at_level,PMI-199911,True,True,,GICS L1
security_name,PMI-199911,True,True,,
price_timeseries,PMT-196210,True,True,0,empty
price_timeseries,PN-199109,True,True,439,pandas
index_constituent_timeseries,PN-199109@S&P 500,True,True,439,
last_quoted_date,PN-199109,True,True,,
first_quoted_date,PN-199109,True,True,,
classification_at_level,PN-199109,True,True,,GICS L1
security_name,PN-199109,True,True,,
price_timeseries,PNC,True,True,9185,pandas
index_constituent_timeseries,PNC@S&P 500,True,True,9185,
last_quoted_date,PNC,True,True,,
first_quoted_date,PNC,True,True,,
classification_at_level,PNC,True,True,,GICS L1
security_name,PNC,True,True,,
price_timeseries,PNR,True,True,9183,pandas
index_constituent_timeseries,PNR@S&P 500,True,True,9183,
last_quoted_date,PNR,True,True,,
first_quoted_date,PNR,True,True,,
classification_at_level,PNR,True,True,,GICS L1
security_name,PNR,True,True,,
price_timeseries,PNU-200003,True,True,2591,pandas
index_constituent_timeseries,PNU-200003@S&P 500,True,True,2591,
last_quoted_date,PNU-200003,True,True,,
first_quoted_date,PNU-200003,True,True,,
classification_at_level,PNU-200003,True,True,,GICS L1
security_name,PNU-200003,True,True,,
price_timeseries,PNW,True,True,9185,pandas
index_constituent_timeseries,PNW@S&P 500,True,True,9185,
last_quoted_date,PNW,True,True,,
first_quoted_date,PNW,True,True,,
classification_at_level,PNW,True,True,,GICS L1
security_name,PNW,True,True,,
price_timeseries,PODD,True,True,4807,pandas
index_constituent_timeseries,PODD@S&P 500,True,True,4807,
last_quoted_date,PODD,True,True,,
first_quoted_date,PODD,True,True,,
classification_at_level,PODD,True,True,,GICS L1
security_name,PODD,True,True,,
price_timeseries,POM-201603,True,True,6609,pandas
index_constituent_timeseries,POM-201603@S&P 500,True,True,6609,
last_quoted_date,POM-201603,True,True,,
first_quoted_date,POM-201603,True,True,,
classification_at_level,POM-201603,True,True,,GICS L1
security_name,POM-201603,True,True,,
price_timeseries,POOL,True,True,7687,pandas
index_constituent_timeseries,POOL@S&P 500,True,True,7687,
last_quoted_date,POOL,True,True,,
first_quoted_date,POOL,True,True,,
classification_at_level,POOL,True,True,,GICS L1
security_name,POOL,True,True,,
price_timeseries,PPG,True,True,9185,pandas
index_constituent_timeseries,PPG@S&P 500,True,True,9185,
last_quoted_date,PPG,True,True,,
first_quoted_date,PPG,True,True,,
classification_at_level,PPG,True,True,,GICS L1
security_name,PPG,True,True,,
price_timeseries,PPI-197804,True,True,0,empty
price_timeseries,PPL,True,True,9185,pandas
index_constituent_timeseries,PPL@S&P 500,True,True,9185,
last_quoted_date,PPL,True,True,,
first_quoted_date,PPL,True,True,,
classification_at_level,PPL,True,True,,GICS L1
security_name,PPL,True,True,,
price_timeseries,PPLI,True,True,8413,pandas
index_constituent_timeseries,PPLI@S&P 500,True,True,8413,
last_quoted_date,PPLI,True,True,,
first_quoted_date,PPLI,True,True,,
classification_at_level,PPLI,True,True,,GICS L1
security_name,PPLI,True,True,,
price_timeseries,PPW-199911,True,True,2505,pandas
index_constituent_timeseries,PPW-199911@S&P 500,True,True,2505,
last_quoted_date,PPW-199911,True,True,,
first_quoted_date,PPW-199911,True,True,,
classification_at_level,PPW-199911,True,True,,GICS L1
security_name,PPW-199911,True,True,,
price_timeseries,PRD-200110,True,True,2971,pandas
index_constituent_timeseries,PRD-200110@S&P 500,True,True,2971,
last_quoted_date,PRD-200110,True,True,,
first_quoted_date,PRD-200110,True,True,,
classification_at_level,PRD-200110,True,True,,GICS L1
security_name,PRD-200110,True,True,,
price_timeseries,PRGO,True,True,8689,pandas
index_constituent_timeseries,PRGO@S&P 500,True,True,8689,
last_quoted_date,PRGO,True,True,,
first_quoted_date,PRGO,True,True,,
classification_at_level,PRGO,True,True,,GICS L1
security_name,PRGO,True,True,,
price_timeseries,PRM-199001,True,True,21,pandas
index_constituent_timeseries,PRM-199001@S&P 500,True,True,21,
last_quoted_date,PRM-199001,True,True,,
first_quoted_date,PRM-199001,True,True,,
classification_at_level,PRM-199001,True,True,,GICS L1
classification,PRM-199001,True,True,,GICS flat fallback
security_name,PRM-199001,True,True,,
price_timeseries,PRSU,True,True,9185,pandas
index_constituent_timeseries,PRSU@S&P 500,True,True,9185,
last_quoted_date,PRSU,True,True,,
first_quoted_date,PRSU,True,True,,
classification_at_level,PRSU,True,True,,GICS L1
security_name,PRSU,True,True,,
price_timeseries,PRU,True,True,6169,pandas
index_constituent_timeseries,PRU@S&P 500,True,True,6169,
last_quoted_date,PRU,True,True,,
first_quoted_date,PRU,True,True,,
classification_at_level,PRU,True,True,,GICS L1
security_name,PRU,True,True,,
price_timeseries,PRX-198208,True,True,0,empty
price_timeseries,PSA,True,True,9185,pandas
index_constituent_timeseries,PSA@S&P 500,True,True,9185,
last_quoted_date,PSA,True,True,,
first_quoted_date,PSA,True,True,,
classification_at_level,PSA,True,True,,GICS L1
security_name,PSA,True,True,,
price_timeseries,PSFT-200501,True,True,3058,pandas
index_constituent_timeseries,PSFT-200501@S&P 500,True,True,3058,
last_quoted_date,PSFT-200501,True,True,,
first_quoted_date,PSFT-200501,True,True,,
classification_at_level,PSFT-200501,True,True,,GICS L1
security_name,PSFT-200501,True,True,,
price_timeseries,PSKY,True,True,9067,pandas
index_constituent_timeseries,PSKY@S&P 500,True,True,9067,
last_quoted_date,PSKY,True,True,,
first_quoted_date,PSKY,True,True,,
classification_at_level,PSKY,True,True,,GICS L1
security_name,PSKY,True,True,,
price_timeseries,PSU-196707,True,True,0,empty
price_timeseries,PSX,True,True,3569,pandas
index_constituent_timeseries,PSX@S&P 500,True,True,3569,
last_quoted_date,PSX,True,True,,
first_quoted_date,PSX,True,True,,
classification_at_level,PSX,True,True,,GICS L1
security_name,PSX,True,True,,
price_timeseries,PSY-198901,True,True,0,empty
price_timeseries,PT-199505,True,True,1041,pandas
index_constituent_timeseries,PT-199505@S&P 500,True,True,1041,
last_quoted_date,PT-199505,True,True,,
first_quoted_date,PT-199505,True,True,,
classification_at_level,PT-199505,True,True,,GICS L1
security_name,PT-199505,True,True,,
price_timeseries,PTC,True,True,9185,pandas
index_constituent_timeseries,PTC@S&P 500,True,True,9185,
last_quoted_date,PTC,True,True,,
first_quoted_date,PTC,True,True,,
classification_at_level,PTC,True,True,,GICS L1
security_name,PTC,True,True,,
price_timeseries,PTL-195710,True,True,0,empty
price_timeseries,PTV-201011,True,True,2781,pandas
index_constituent_timeseries,PTV-201011@S&P 500,True,True,2781,
last_quoted_date,PTV-201011,True,True,,
first_quoted_date,PTV-201011,True,True,,
classification_at_level,PTV-201011,True,True,,GICS L1
security_name,PTV-201011,True,True,,
price_timeseries,PU-198009,True,True,0,empty
price_timeseries,PVH,True,True,9185,pandas
index_constituent_timeseries,PVH@S&P 500,True,True,9185,
last_quoted_date,PVH,True,True,,
first_quoted_date,PVH,True,True,,
classification_at_level,PVH,True,True,,GICS L1
security_name,PVH,True,True,,
price_timeseries,PVN-200509,True,True,3973,pandas
index_constituent_timeseries,PVN-200509@S&P 500,True,True,3973,
last_quoted_date,PVN-200509,True,True,,
first_quoted_date,PVN-200509,True,True,,
classification_at_level,PVN-200509,True,True,,GICS L1
security_name,PVN-200509,True,True,,
price_timeseries,PVT-199906,True,True,2400,pandas
index_constituent_timeseries,PVT-199906@S&P 500,True,True,2400,
last_quoted_date,PVT-199906,True,True,,
first_quoted_date,PVT-199906,True,True,,
classification_at_level,PVT-199906,True,True,,GICS L1
security_name,PVT-199906,True,True,,
price_timeseries,PWER-201307,True,True,3979,pandas
index_constituent_timeseries,PWER-201307@S&P 500,True,True,3979,
last_quoted_date,PWER-201307,True,True,,
first_quoted_date,PWER-201307,True,True,,
classification_at_level,PWER-201307,True,True,,GICS L1
security_name,PWER-201307,True,True,,
price_timeseries,PWJ-200011,True,True,2742,pandas
index_constituent_timeseries,PWJ-200011@S&P 500,True,True,2742,
last_quoted_date,PWJ-200011,True,True,,
first_quoted_date,PWJ-200011,True,True,,
classification_at_level,PWJ-200011,True,True,,GICS L1
security_name,PWJ-200011,True,True,,
price_timeseries,PWR,True,True,7133,pandas
index_constituent_timeseries,PWR@S&P 500,True,True,7133,
last_quoted_date,PWR,True,True,,
first_quoted_date,PWR,True,True,,
classification_at_level,PWR,True,True,,GICS L1
security_name,PWR,True,True,,
price_timeseries,PX-201810,True,True,6644,pandas
index_constituent_timeseries,PX-201810@S&P 500,True,True,6644,
last_quoted_date,PX-201810,True,True,,
first_quoted_date,PX-201810,True,True,,
classification_at_level,PX-201810,True,True,,GICS L1
security_name,PX-201810,True,True,,
price_timeseries,PXD-202405,True,True,8650,pandas
index_constituent_timeseries,PXD-202405@S&P 500,True,True,8650,
last_quoted_date,PXD-202405,True,True,,
first_quoted_date,PXD-202405,True,True,,
classification_at_level,PXD-202405,True,True,,GICS L1
security_name,PXD-202405,True,True,,
price_timeseries,PXN-196610,True,True,0,empty
price_timeseries,PYPL,True,True,2758,pandas
index_constituent_timeseries,PYPL@S&P 500,True,True,2758,
last_quoted_date,PYPL,True,True,,
first_quoted_date,PYPL,True,True,,
classification_at_level,PYPL,True,True,,GICS L1
security_name,PYPL,True,True,,
price_timeseries,PZE-199908,True,True,2433,pandas
index_constituent_timeseries,PZE-199908@S&P 500,True,True,2433,
last_quoted_date,PZE-199908,True,True,,
first_quoted_date,PZE-199908,True,True,,
classification_at_level,PZE-199908,True,True,,GICS L1
security_name,PZE-199908,True,True,,
price_timeseries,Q,True,True,164,pandas
index_constituent_timeseries,Q@S&P 500,True,True,164,
last_quoted_date,Q,True,True,,
first_quoted_date,Q,True,True,,
classification_at_level,Q,True,True,,GICS L1
security_name,Q,True,True,,
price_timeseries,Q-201103,True,True,3466,pandas
index_constituent_timeseries,Q-201103@S&P 500,True,True,3466,
last_quoted_date,Q-201103,True,True,,
first_quoted_date,Q-201103,True,True,,
classification_at_level,Q-201103,True,True,,GICS L1
security_name,Q-201103,True,True,,
price_timeseries,QCOM,True,True,8691,pandas
index_constituent_timeseries,QCOM@S&P 500,True,True,8691,
last_quoted_date,QCOM,True,True,,
first_quoted_date,QCOM,True,True,,
classification_at_level,QCOM,True,True,,GICS L1
security_name,QCOM,True,True,,
price_timeseries,QEP-202103,True,True,2706,pandas
index_constituent_timeseries,QEP-202103@S&P 500,True,True,2706,
last_quoted_date,QEP-202103,True,True,,
first_quoted_date,QEP-202103,True,True,,
classification_at_level,QEP-202103,True,True,,GICS L1
security_name,QEP-202103,True,True,,
price_timeseries,QLGC-201608,True,True,5657,pandas
index_constituent_timeseries,QLGC-201608@S&P 500,True,True,5657,
last_quoted_date,QLGC-201608,True,True,,
first_quoted_date,QLGC-201608,True,True,,
classification_at_level,QLGC-201608,True,True,,GICS L1
security_name,QLGC-201608,True,True,,
price_timeseries,QRVO,True,True,2884,pandas
index_constituent_timeseries,QRVO@S&P 500,True,True,2884,
last_quoted_date,QRVO,True,True,,
first_quoted_date,QRVO,True,True,,
classification_at_level,QRVO,True,True,,GICS L1
security_name,QRVO,True,True,,
price_timeseries,QTRN-200309,True,True,2374,pandas
index_constituent_timeseries,QTRN-200309@S&P 500,True,True,2374,
last_quoted_date,QTRN-200309,True,True,,
first_quoted_date,QTRN-200309,True,True,,
classification_at_level,QTRN-200309,True,True,,GICS L1
security_name,QTRN-200309,True,True,,
price_timeseries,R,True,True,9185,pandas
index_constituent_timeseries,R@S&P 500,True,True,9185,
last_quoted_date,R,True,True,,
first_quoted_date,R,True,True,,
classification_at_level,R,True,True,,GICS L1
security_name,R,True,True,,
price_timeseries,R-198509,True,True,0,empty
price_timeseries,RA-196604,True,True,0,empty
price_timeseries,RADCQ-202409,True,True,8733,pandas
index_constituent_timeseries,RADCQ-202409@S&P 500,True,True,8733,
last_quoted_date,RADCQ-202409,True,True,,
first_quoted_date,RADCQ-202409,True,True,,
classification_at_level,RADCQ-202409,True,True,,GICS L1
security_name,RADCQ-202409,True,True,,
price_timeseries,RAI-201707,True,True,4567,pandas
index_constituent_timeseries,RAI-201707@S&P 500,True,True,4567,
last_quoted_date,RAI-201707,True,True,,
first_quoted_date,RAI-201707,True,True,,
classification_at_level,RAI-201707,True,True,,GICS L1
security_name,RAI-201707,True,True,,
price_timeseries,RAL-200112,True,True,3016,pandas
index_constituent_timeseries,RAL-200112@S&P 500,True,True,3016,
last_quoted_date,RAL-200112,True,True,,
first_quoted_date,RAL-200112,True,True,,
classification_at_level,RAL-200112,True,True,,GICS L1
security_name,RAL-200112,True,True,,
price_timeseries,RAM-198912,True,True,0,empty
price_timeseries,RATL-200302,True,True,3311,pandas
index_constituent_timeseries,RATL-200302@S&P 500,True,True,3311,
last_quoted_date,RATL-200302,True,True,,
first_quoted_date,RATL-200302,True,True,,
classification_at_level,RATL-200302,True,True,,GICS L1
security_name,RATL-200302,True,True,,
price_timeseries,RBD-199903,True,True,2332,pandas
index_constituent_timeseries,RBD-199903@S&P 500,True,True,2332,
last_quoted_date,RBD-199903,True,True,,
first_quoted_date,RBD-199903,True,True,,
classification_at_level,RBD-199903,True,True,,GICS L1
security_name,RBD-199903,True,True,,
price_timeseries,RBK-200601,True,True,4056,pandas
index_constituent_timeseries,RBK-200601@S&P 500,True,True,4056,
last_quoted_date,RBK-200601,True,True,,
first_quoted_date,RBK-200601,True,True,,
classification_at_level,RBK-200601,True,True,,GICS L1
security_name,RBK-200601,True,True,,
price_timeseries,RBR-196705,True,True,0,empty
price_timeseries,RCA-198606,True,True,0,empty
price_timeseries,RCB-198704,True,True,0,empty
price_timeseries,RCC-198406,True,True,0,empty
price_timeseries,RCL,True,True,8345,pandas
index_constituent_timeseries,RCL@S&P 500,True,True,8345,
last_quoted_date,RCL,True,True,,
first_quoted_date,RCL,True,True,,
classification_at_level,RCL,True,True,,GICS L1
security_name,RCL,True,True,,
price_timeseries,RDC-201904,True,True,7376,pandas
index_constituent_timeseries,RDC-201904@S&P 500,True,True,7376,
last_quoted_date,RDC-201904,True,True,,
first_quoted_date,RDC-201904,True,True,,
classification_at_level,RDC-201904,True,True,,GICS L1
security_name,RDC-201904,True,True,,
price_timeseries,RDGE-200112,True,True,2187,pandas
index_constituent_timeseries,RDGE-200112@S&P 500,True,True,2187,
last_quoted_date,RDGE-200112,True,True,,
first_quoted_date,RDGE-200112,True,True,,
classification_at_level,RDGE-200112,True,True,,GICS L1
security_name,RDGE-200112,True,True,,
price_timeseries,RDS-198612,True,True,0,empty
price_timeseries,RDT-197511,True,True,0,empty
price_timeseries,RE-198812,True,True,0,empty
price_timeseries,REE-197912,True,True,0,empty
price_timeseries,REG,True,True,8208,pandas
index_constituent_timeseries,REG@S&P 500,True,True,8208,
last_quoted_date,REG,True,True,,
first_quoted_date,REG,True,True,,
classification_at_level,REG,True,True,,GICS L1
security_name,REG,True,True,,
price_timeseries,REGN,True,True,8869,pandas
index_constituent_timeseries,REGN@S&P 500,True,True,8869,
last_quoted_date,REGN,True,True,,
first_quoted_date,REGN,True,True,,
classification_at_level,REGN,True,True,,GICS L1
security_name,REGN,True,True,,
price_timeseries,REP-198502,True,True,0,empty
price_timeseries,REV-198512,True,True,0,empty
price_timeseries,RF,True,True,9185,pandas
index_constituent_timeseries,RF@S&P 500,True,True,9185,
last_quoted_date,RF,True,True,,
first_quoted_date,RF,True,True,,
classification_at_level,RF,True,True,,GICS L1
security_name,RF,True,True,,
price_timeseries,RGI-198411,True,True,0,empty
price_timeseries,RGLD-197306,True,True,0,empty
price_timeseries,RHI,True,True,9105,pandas
index_constituent_timeseries,RHI@S&P 500,True,True,9105,
last_quoted_date,RHI,True,True,,
first_quoted_date,RHI,True,True,,
classification_at_level,RHI,True,True,,GICS L1
security_name,RHI,True,True,,
price_timeseries,RHT-201907,True,True,5008,pandas
index_constituent_timeseries,RHT-201907@S&P 500,True,True,5008,
last_quoted_date,RHT-201907,True,True,,
first_quoted_date,RHT-201907,True,True,,
classification_at_level,RHT-201907,True,True,,GICS L1
security_name,RHT-201907,True,True,,
price_timeseries,RI-197503,True,True,0,empty
price_timeseries,RIG,True,True,8323,pandas
index_constituent_timeseries,RIG@S&P 500,True,True,8323,
last_quoted_date,RIG,True,True,,
first_quoted_date,RIG,True,True,,
classification_at_level,RIG,True,True,,GICS L1
security_name,RIG,True,True,,
price_timeseries,RJF,True,True,9178,pandas
index_constituent_timeseries,RJF@S&P 500,True,True,9178,
last_quoted_date,RJF,True,True,,
first_quoted_date,RJF,True,True,,
classification_at_level,RJF,True,True,,GICS L1
security_name,RJF,True,True,,
price_timeseries,RJR-198904,True,True,0,empty
price_timeseries,RKS-196709,True,True,0,empty
price_timeseries,RL,True,True,7302,pandas
index_constituent_timeseries,RL@S&P 500,True,True,7302,
last_quoted_date,RL,True,True,,
first_quoted_date,RL,True,True,,
classification_at_level,RL,True,True,,GICS L1
security_name,RL,True,True,,
price_timeseries,RLM-200005,True,True,2613,pandas
index_constituent_timeseries,RLM-200005@S&P 500,True,True,2613,
last_quoted_date,RLM-200005,True,True,,
first_quoted_date,RLM-200005,True,True,,
classification_at_level,RLM-200005,True,True,,GICS L1
security_name,RLM-200005,True,True,,
price_timeseries,RM-198411,True,True,0,empty
price_timeseries,RMB-196502,True,True,0,empty
price_timeseries,RMC-196509,True,True,0,empty
price_timeseries,RMD,True,True,7805,pandas
index_constituent_timeseries,RMD@S&P 500,True,True,7805,
last_quoted_date,RMD,True,True,,
first_quoted_date,RMD,True,True,,
classification_at_level,RMD,True,True,,GICS L1
security_name,RMD,True,True,,
price_timeseries,RML-200608,True,True,4182,pandas
index_constituent_timeseries,RML-200608@S&P 500,True,True,4182,
last_quoted_date,RML-200608,True,True,,
first_quoted_date,RML-200608,True,True,,
classification_at_level,RML-200608,True,True,,GICS L1
security_name,RML-200608,True,True,,
price_timeseries,RNB-199912,True,True,2528,pandas
index_constituent_timeseries,RNB-199912@S&P 500,True,True,2528,
last_quoted_date,RNB-199912,True,True,,
first_quoted_date,RNB-199912,True,True,,
classification_at_level,RNB-199912,True,True,,GICS L1
security_name,RNB-199912,True,True,,
price_timeseries,ROH-200904,True,True,4853,pandas
index_constituent_timeseries,ROH-200904@S&P 500,True,True,4853,
last_quoted_date,ROH-200904,True,True,,
first_quoted_date,ROH-200904,True,True,,
classification_at_level,ROH-200904,True,True,,GICS L1
security_name,ROH-200904,True,True,,
price_timeseries,ROK,True,True,9185,pandas
index_constituent_timeseries,ROK@S&P 500,True,True,9185,
last_quoted_date,ROK,True,True,,
first_quoted_date,ROK,True,True,,
classification_at_level,ROK,True,True,,GICS L1
security_name,ROK,True,True,,
price_timeseries,ROL,True,True,9185,pandas
index_constituent_timeseries,ROL@S&P 500,True,True,9185,
last_quoted_date,ROL,True,True,,
first_quoted_date,ROL,True,True,,
classification_at_level,ROL,True,True,,GICS L1
security_name,ROL,True,True,,
price_timeseries,ROP,True,True,8646,pandas
index_constituent_timeseries,ROP@S&P 500,True,True,8646,
last_quoted_date,ROP,True,True,,
first_quoted_date,ROP,True,True,,
classification_at_level,ROP,True,True,,GICS L1
security_name,ROP,True,True,,
price_timeseries,ROP-198804,True,True,0,empty
price_timeseries,ROST,True,True,9185,pandas
index_constituent_timeseries,ROST@S&P 500,True,True,9185,
last_quoted_date,ROST,True,True,,
first_quoted_date,ROST,True,True,,
classification_at_level,ROST,True,True,,GICS L1
security_name,ROST,True,True,,
price_timeseries,RRC,True,True,9092,pandas
index_constituent_timeseries,RRC@S&P 500,True,True,9092,
last_quoted_date,RRC,True,True,,
first_quoted_date,RRC,True,True,,
classification_at_level,RRC,True,True,,GICS L1
security_name,RRC,True,True,,
price_timeseries,RRD-202202,True,True,8102,pandas
index_constituent_timeseries,RRD-202202@S&P 500,True,True,8102,
last_quoted_date,RRD-202202,True,True,,
first_quoted_date,RRD-202202,True,True,,
classification_at_level,RRD-202202,True,True,,GICS L1
security_name,RRD-202202,True,True,,
price_timeseries,RS-198406,True,True,0,empty
price_timeseries,RSG,True,True,7037,pandas
index_constituent_timeseries,RSG@S&P 500,True,True,7037,
last_quoted_date,RSG,True,True,,
first_quoted_date,RSG,True,True,,
classification_at_level,RSG,True,True,,GICS L1
security_name,RSG,True,True,,
price_timeseries,RSHCQ-201510,True,True,6493,pandas
index_constituent_timeseries,RSHCQ-201510@S&P 500,True,True,6493,
last_quoted_date,RSHCQ-201510,True,True,,
first_quoted_date,RSHCQ-201510,True,True,,
classification_at_level,RSHCQ-201510,True,True,,GICS L1
security_name,RSHCQ-201510,True,True,,
price_timeseries,RTN-202004,True,True,7623,pandas
index_constituent_timeseries,RTN-202004@S&P 500,True,True,7623,
last_quoted_date,RTN-202004,True,True,,
first_quoted_date,RTN-202004,True,True,,
classification_at_level,RTN-202004,True,True,,GICS L1
security_name,RTN-202004,True,True,,
price_timeseries,RTX,True,True,9185,pandas
index_constituent_timeseries,RTX@S&P 500,True,True,9185,
last_quoted_date,RTX,True,True,,
first_quoted_date,RTX,True,True,,
classification_at_level,RTX,True,True,,GICS L1
security_name,RTX,True,True,,
price_timeseries,RUP-196308,True,True,0,empty
price_timeseries,RVB-198612,True,True,0,empty
price_timeseries,RVS-198207,True,True,0,empty
price_timeseries,RVTY,True,True,9185,pandas
index_constituent_timeseries,RVTY@S&P 500,True,True,9185,
last_quoted_date,RVTY,True,True,,
first_quoted_date,RVTY,True,True,,
classification_at_level,RVTY,True,True,,GICS L1
security_name,RVTY,True,True,,
price_timeseries,RX-201002,True,True,3361,pandas
index_constituent_timeseries,RX-201002@S&P 500,True,True,3361,
last_quoted_date,RX-201002,True,True,,
first_quoted_date,RX-201002,True,True,,
classification_at_level,RX-201002,True,True,,GICS L1
security_name,RX-201002,True,True,,
price_timeseries,RXM-198103,True,True,0,empty
price_timeseries,RYAN-200610,True,True,4246,pandas
index_constituent_timeseries,RYAN-200610@S&P 500,True,True,4246,
last_quoted_date,RYAN-200610,True,True,,
first_quoted_date,RYAN-200610,True,True,,
classification_at_level,RYAN-200610,True,True,,GICS L1
security_name,RYAN-200610,True,True,,
price_timeseries,RYC-199908,True,True,2430,pandas
index_constituent_timeseries,RYC-199908@S&P 500,True,True,2430,
last_quoted_date,RYC-199908,True,True,,
first_quoted_date,RYC-199908,True,True,,
classification_at_level,RYC-199908,True,True,,GICS L1
security_name,RYC-199908,True,True,,
price_timeseries,RYI-200710,True,True,4488,pandas
index_constituent_timeseries,RYI-200710@S&P 500,True,True,4488,
last_quoted_date,RYI-200710,True,True,,
first_quoted_date,RYI-200710,True,True,,
classification_at_level,RYI-200710,True,True,,GICS L1
security_name,RYI-200710,True,True,,
price_timeseries,RYN-198706,True,True,0,empty
price_timeseries,RYR-199702,True,True,1731,pandas
index_constituent_timeseries,RYR-199702@S&P 500,True,True,1731,
last_quoted_date,RYR-199702,True,True,,
first_quoted_date,RYR-199702,True,True,,
classification_at_level,RYR-199702,True,True,,GICS L1
security_name,RYR-199702,True,True,,
price_timeseries,S-200503,True,True,3841,pandas
index_constituent_timeseries,S-200503@S&P 500,True,True,3841,
last_quoted_date,S-200503,True,True,,
first_quoted_date,S-200503,True,True,,
classification_at_level,S-200503,True,True,,GICS L1
security_name,S-200503,True,True,,
price_timeseries,S-202003,True,True,7621,pandas
index_constituent_timeseries,S-202003@S&P 500,True,True,7621,
last_quoted_date,S-202003,True,True,,
first_quoted_date,S-202003,True,True,,
classification_at_level,S-202003,True,True,,GICS L1
security_name,S-202003,True,True,,
price_timeseries,SA-198611,True,True,0,empty
price_timeseries,SAA-198608,True,True,0,empty
price_timeseries,SAF-198112,True,True,0,empty
price_timeseries,SAF-200809,True,True,4721,pandas
index_constituent_timeseries,SAF-200809@S&P 500,True,True,4721,
last_quoted_date,SAF-200809,True,True,,
first_quoted_date,SAF-200809,True,True,,
classification_at_level,SAF-200809,True,True,,GICS L1
security_name,SAF-200809,True,True,,
price_timeseries,SAI-199812,True,True,2276,pandas
index_constituent_timeseries,SAI-199812@S&P 500,True,True,2276,
last_quoted_date,SAI-199812,True,True,,
first_quoted_date,SAI-199812,True,True,,
classification_at_level,SAI-199812,True,True,,GICS L1
security_name,SAI-199812,True,True,,
price_timeseries,SANM,True,True,8353,pandas
index_constituent_timeseries,SANM@S&P 500,True,True,8353,
last_quoted_date,SANM,True,True,,
first_quoted_date,SANM,True,True,,
classification_at_level,SANM,True,True,,GICS L1
security_name,SANM,True,True,,
price_timeseries,SAPE-201502,True,True,4741,pandas
index_constituent_timeseries,SAPE-201502@S&P 500,True,True,4741,
last_quoted_date,SAPE-201502,True,True,,
first_quoted_date,SAPE-201502,True,True,,
classification_at_level,SAPE-201502,True,True,,GICS L1
security_name,SAPE-201502,True,True,,
price_timeseries,SB-198107,True,True,0,empty
price_timeseries,SB-199711,True,True,2001,pandas
index_constituent_timeseries,SB-199711@S&P 500,True,True,2001,
last_quoted_date,SB-199711,True,True,,
first_quoted_date,SB-199711,True,True,,
classification_at_level,SB-199711,True,True,,GICS L1
security_name,SB-199711,True,True,,
price_timeseries,SBAC,True,True,6796,pandas
index_constituent_timeseries,SBAC@S&P 500,True,True,6796,
last_quoted_date,SBAC,True,True,,
first_quoted_date,SBAC,True,True,,
classification_at_level,SBAC,True,True,,GICS L1
security_name,SBAC,True,True,,
price_timeseries,SBL-200701,True,True,4292,pandas
index_constituent_timeseries,SBL-200701@S&P 500,True,True,4292,
last_quoted_date,SBL-200701,True,True,,
first_quoted_date,SBL-200701,True,True,,
classification_at_level,SBL-200701,True,True,,GICS L1
security_name,SBL-200701,True,True,,
price_timeseries,SBNY,True,True,5567,pandas
index_constituent_timeseries,SBNY@S&P 500,True,True,5567,
last_quoted_date,SBNY,True,True,,
first_quoted_date,SBNY,True,True,,
classification_at_level,SBNY,True,True,,GICS L1
security_name,SBNY,True,True,,
price_timeseries,SBO-195806,True,True,0,empty
price_timeseries,SBUX,True,True,8556,pandas
index_constituent_timeseries,SBUX@S&P 500,True,True,8556,
last_quoted_date,SBUX,True,True,,
first_quoted_date,SBUX,True,True,,
classification_at_level,SBUX,True,True,,GICS L1
security_name,SBUX,True,True,,
price_timeseries,SCG-201812,True,True,7307,pandas
index_constituent_timeseries,SCG-201812@S&P 500,True,True,7307,
last_quoted_date,SCG-201812,True,True,,
first_quoted_date,SCG-201812,True,True,,
classification_at_level,SCG-201812,True,True,,GICS L1
security_name,SCG-201812,True,True,,
price_timeseries,SCHW,True,True,9185,pandas
index_constituent_timeseries,SCHW@S&P 500,True,True,9185,
last_quoted_date,SCHW,True,True,,
first_quoted_date,SCHW,True,True,,
classification_at_level,SCHW,True,True,,GICS L1
security_name,SCHW,True,True,,
price_timeseries,SCI,True,True,9185,pandas
index_constituent_timeseries,SCI@S&P 500,True,True,9185,
last_quoted_date,SCI,True,True,,
first_quoted_date,SCI,True,True,,
classification_at_level,SCI,True,True,,GICS L1
security_name,SCI,True,True,,
price_timeseries,SCI-198010,True,True,0,empty
price_timeseries,SCI-198512,True,True,0,empty
price_timeseries,SCM-198603,True,True,0,empty
price_timeseries,SCO-198508,True,True,0,empty
price_timeseries,SCV-198409,True,True,0,empty
price_timeseries,SDG-196501,True,True,0,empty
price_timeseries,SDH-200106,True,True,1942,pandas
index_constituent_timeseries,SDH-200106@S&P 500,True,True,1942,
last_quoted_date,SDH-200106,True,True,,
first_quoted_date,SDH-200106,True,True,,
classification_at_level,SDH-200106,True,True,,GICS L1
security_name,SDH-200106,True,True,,
price_timeseries,SDS-196905,True,True,0,empty
price_timeseries,SDS-200508,True,True,3938,pandas
index_constituent_timeseries,SDS-200508@S&P 500,True,True,3938,
last_quoted_date,SDS-200508,True,True,,
first_quoted_date,SDS-200508,True,True,,
classification_at_level,SDS-200508,True,True,,GICS L1
security_name,SDS-200508,True,True,,
price_timeseries,SE-196707,True,True,0,empty
price_timeseries,SE-201702,True,True,2566,pandas
index_constituent_timeseries,SE-201702@S&P 500,True,True,2566,
last_quoted_date,SE-201702,True,True,,
first_quoted_date,SE-201702,True,True,,
classification_at_level,SE-201702,True,True,,GICS L1
security_name,SE-201702,True,True,,
price_timeseries,SEBL-200601,True,True,2414,pandas
index_constituent_timeseries,SEBL-200601@S&P 500,True,True,2414,
last_quoted_date,SEBL-200601,True,True,,
first_quoted_date,SEBL-200601,True,True,,
classification_at_level,SEBL-200601,True,True,,GICS L1
security_name,SEBL-200601,True,True,,
price_timeseries,SED-198412,True,True,0,empty
price_timeseries,SEDG,True,True,2827,pandas
index_constituent_timeseries,SEDG@S&P 500,True,True,2827,
last_quoted_date,SEDG,True,True,,
first_quoted_date,SEDG,True,True,,
classification_at_level,SEDG,True,True,,GICS L1
security_name,SEDG,True,True,,
price_timeseries,SEE-202604,True,True,9129,pandas
index_constituent_timeseries,SEE-202604@S&P 500,True,True,9129,
last_quoted_date,SEE-202604,True,True,,
first_quoted_date,SEE-202604,True,True,,
classification_at_level,SEE-202604,True,True,,GICS L1
security_name,SEE-202604,True,True,,
price_timeseries,SEG-200011,True,True,2754,pandas
index_constituent_timeseries,SEG-200011@S&P 500,True,True,2754,
last_quoted_date,SEG-200011,True,True,,
first_quoted_date,SEG-200011,True,True,,
classification_at_level,SEG-200011,True,True,,GICS L1
security_name,SEG-200011,True,True,,
price_timeseries,SEP-195903,True,True,0,empty
price_timeseries,SFA-200602,True,True,4073,pandas
index_constituent_timeseries,SFA-200602@S&P 500,True,True,4073,
last_quoted_date,SFA-200602,True,True,,
first_quoted_date,SFA-200602,True,True,,
classification_at_level,SFA-200602,True,True,,GICS L1
security_name,SFA-200602,True,True,,
price_timeseries,SFC-196903,True,True,0,empty
price_timeseries,SFF-198312,True,True,0,empty
price_timeseries,SFN-198502,True,True,0,empty
price_timeseries,SFR-198105,True,True,0,empty
price_timeseries,SFS-200008,True,True,2647,pandas
index_constituent_timeseries,SFS-200008@S&P 500,True,True,2647,
last_quoted_date,SFS-200008,True,True,,
first_quoted_date,SFS-200008,True,True,,
classification_at_level,SFS-200008,True,True,,GICS L1
security_name,SFS-200008,True,True,,
price_timeseries,SFX-199509,True,True,1448,pandas
index_constituent_timeseries,SFX-199509@S&P 500,True,True,1448,
last_quoted_date,SFX-199509,True,True,,
first_quoted_date,SFX-199509,True,True,,
classification_at_level,SFX-199509,True,True,,GICS L1
security_name,SFX-199509,True,True,,
price_timeseries,SGIB-199005,True,True,43,pandas
index_constituent_timeseries,SGIB-199005@S&P 500,True,True,43,
last_quoted_date,SGIB-199005,True,True,,
first_quoted_date,SGIB-199005,True,True,,
classification_at_level,SGIB-199005,True,True,,GICS L1
security_name,SGIB-199005,True,True,,
price_timeseries,SGID-200610,True,True,4236,pandas
index_constituent_timeseries,SGID-200610@S&P 500,True,True,4236,
last_quoted_date,SGID-200610,True,True,,
first_quoted_date,SGID-200610,True,True,,
classification_at_level,SGID-200610,True,True,,GICS L1
security_name,SGID-200610,True,True,,
price_timeseries,SGL-198710,True,True,0,empty
price_timeseries,SGN-198509,True,True,0,empty
price_timeseries,SGP-200911,True,True,5003,pandas
index_constituent_timeseries,SGP-200911@S&P 500,True,True,5003,
last_quoted_date,SGP-200911,True,True,,
first_quoted_date,SGP-200911,True,True,,
classification_at_level,SGP-200911,True,True,,GICS L1
security_name,SGP-200911,True,True,,
price_timeseries,SH-197106,True,True,0,empty
price_timeseries,SHEL,True,True,9185,pandas
index_constituent_timeseries,SHEL@S&P 500,True,True,9185,
last_quoted_date,SHEL,True,True,,
first_quoted_date,SHEL,True,True,,
classification_at_level,SHEL,True,True,,GICS L1
security_name,SHEL,True,True,,
price_timeseries,SHL-196612,True,True,0,empty
price_timeseries,SHLDQ-202210,True,True,4909,pandas
index_constituent_timeseries,SHLDQ-202210@S&P 500,True,True,4909,
last_quoted_date,SHLDQ-202210,True,True,,
first_quoted_date,SHLDQ-202210,True,True,,
classification_at_level,SHLDQ-202210,True,True,,GICS L1
security_name,SHLDQ-202210,True,True,,
price_timeseries,SHOY-200204,True,True,3097,pandas
index_constituent_timeseries,SHOY-200204@S&P 500,True,True,3097,
last_quoted_date,SHOY-200204,True,True,,
first_quoted_date,SHOY-200204,True,True,,
classification_at_level,SHOY-200204,True,True,,GICS L1
security_name,SHOY-200204,True,True,,
price_timeseries,SHW,True,True,9185,pandas
index_constituent_timeseries,SHW@S&P 500,True,True,9185,
last_quoted_date,SHW,True,True,,
first_quoted_date,SHW,True,True,,
classification_at_level,SHW,True,True,,GICS L1
security_name,SHW,True,True,,
price_timeseries,SIAL-201511,True,True,6523,pandas
index_constituent_timeseries,SIAL-201511@S&P 500,True,True,6523,
last_quoted_date,SIAL-201511,True,True,,
first_quoted_date,SIAL-201511,True,True,,
classification_at_level,SIAL-201511,True,True,,GICS L1
security_name,SIAL-201511,True,True,,
price_timeseries,SIG,True,True,8594,pandas
index_constituent_timeseries,SIG@S&P 500,True,True,8594,
last_quoted_date,SIG,True,True,,
first_quoted_date,SIG,True,True,,
classification_at_level,SIG,True,True,,GICS L1
security_name,SIG,True,True,,
price_timeseries,SII-201008,True,True,5208,pandas
index_constituent_timeseries,SII-201008@S&P 500,True,True,5208,
last_quoted_date,SII-201008,True,True,,
first_quoted_date,SII-201008,True,True,,
classification_at_level,SII-201008,True,True,,GICS L1
security_name,SII-201008,True,True,,
price_timeseries,SIM-197901,True,True,0,empty
price_timeseries,SITC,True,True,8404,pandas
index_constituent_timeseries,SITC@S&P 500,True,True,8404,
last_quoted_date,SITC,True,True,,
first_quoted_date,SITC,True,True,,
classification_at_level,SITC,True,True,,GICS L1
security_name,SITC,True,True,,
price_timeseries,SIVBQ-202411,True,True,8746,pandas
index_constituent_timeseries,SIVBQ-202411@S&P 500,True,True,8746,
last_quoted_date,SIVBQ-202411,True,True,,
first_quoted_date,SIVBQ-202411,True,True,,
classification_at_level,SIVBQ-202411,True,True,,GICS L1
security_name,SIVBQ-202411,True,True,,
price_timeseries,SJM,True,True,9185,pandas
index_constituent_timeseries,SJM@S&P 500,True,True,9185,
last_quoted_date,SJM,True,True,,
first_quoted_date,SJM,True,True,,
classification_at_level,SJM,True,True,,GICS L1
security_name,SJM,True,True,,
price_timeseries,SJO-198108,True,True,0,empty
price_timeseries,SK-196711,True,True,0,empty
price_timeseries,SK-199805,True,True,2120,pandas
index_constituent_timeseries,SK-199805@S&P 500,True,True,2120,
last_quoted_date,SK-199805,True,True,,
first_quoted_date,SK-199805,True,True,,
classification_at_level,SK-199805,True,True,,GICS L1
security_name,SK-199805,True,True,,
price_timeseries,SK-200006,True,True,2637,pandas
index_constituent_timeseries,SK-200006@S&P 500,True,True,2637,
last_quoted_date,SK-200006,True,True,,
first_quoted_date,SK-200006,True,True,,
classification_at_level,SK-200006,True,True,,GICS L1
security_name,SK-200006,True,True,,
price_timeseries,SKB-198907,True,True,0,empty
price_timeseries,SKE-196107,True,True,0,empty
price_timeseries,SKY,True,True,9181,pandas
index_constituent_timeseries,SKY@S&P 500,True,True,9181,
last_quoted_date,SKY,True,True,,
first_quoted_date,SKY,True,True,,
classification_at_level,SKY,True,True,,GICS L1
security_name,SKY,True,True,,
price_timeseries,SLB,True,True,9185,pandas
index_constituent_timeseries,SLB@S&P 500,True,True,9185,
last_quoted_date,SLB,True,True,,
first_quoted_date,SLB,True,True,,
classification_at_level,SLB,True,True,,GICS L1
security_name,SLB,True,True,,
price_timeseries,SLC-198712,True,True,0,empty
price_timeseries,SLG,True,True,7257,pandas
index_constituent_timeseries,SLG@S&P 500,True,True,7257,
last_quoted_date,SLG,True,True,,
first_quoted_date,SLG,True,True,,
classification_at_level,SLG,True,True,,GICS L1
security_name,SLG,True,True,,
price_timeseries,SLM,True,True,9185,pandas
index_constituent_timeseries,SLM@S&P 500,True,True,9185,
last_quoted_date,SLM,True,True,,
first_quoted_date,SLM,True,True,,
classification_at_level,SLM,True,True,,GICS L1
security_name,SLM,True,True,,
price_timeseries,SLR-200710,True,True,4474,pandas
index_constituent_timeseries,SLR-200710@S&P 500,True,True,4474,
last_quoted_date,SLR-200710,True,True,,
first_quoted_date,SLR-200710,True,True,,
classification_at_level,SLR-200710,True,True,,GICS L1
security_name,SLR-200710,True,True,,
price_timeseries,SLZ-198206,True,True,0,empty
price_timeseries,SM-196510,True,True,0,empty
price_timeseries,SMB-198112,True,True,0,empty
price_timeseries,SMCI,True,True,4839,pandas
index_constituent_timeseries,SMCI@S&P 500,True,True,4839,
last_quoted_date,SMCI,True,True,,
first_quoted_date,SMCI,True,True,,
classification_at_level,SMCI,True,True,,GICS L1
security_name,SMCI,True,True,,
price_timeseries,SMF-198804,True,True,0,empty
price_timeseries,SMI-200109,True,True,2951,pandas
index_constituent_timeseries,SMI-200109@S&P 500,True,True,2951,
last_quoted_date,SMI-200109,True,True,,
first_quoted_date,SMI-200109,True,True,,
classification_at_level,SMI-200109,True,True,,GICS L1
security_name,SMI-200109,True,True,,
price_timeseries,SMS-200007,True,True,2656,pandas
index_constituent_timeseries,SMS-200007@S&P 500,True,True,2656,
last_quoted_date,SMS-200007,True,True,,
first_quoted_date,SMS-200007,True,True,,
classification_at_level,SMS-200007,True,True,,GICS L1
security_name,SMS-200007,True,True,,
price_timeseries,SNA,True,True,9185,pandas
index_constituent_timeseries,SNA@S&P 500,True,True,9185,
last_quoted_date,SNA,True,True,,
first_quoted_date,SNA,True,True,,
classification_at_level,SNA,True,True,,GICS L1
security_name,SNA,True,True,,
price_timeseries,SNC-199511,True,True,1497,pandas
index_constituent_timeseries,SNC-199511@S&P 500,True,True,1497,
last_quoted_date,SNC-199511,True,True,,
first_quoted_date,SNC-199511,True,True,,
classification_at_level,SNC-199511,True,True,,GICS L1
security_name,SNC-199511,True,True,,
price_timeseries,SNDK,True,True,340,pandas
index_constituent_timeseries,SNDK@S&P 500,True,True,340,
last_quoted_date,SNDK,True,True,,
first_quoted_date,SNDK,True,True,,
classification_at_level,SNDK,True,True,,GICS L1
security_name,SNDK,True,True,,
price_timeseries,SNDK-201605,True,True,5162,pandas
index_constituent_timeseries,SNDK-201605@S&P 500,True,True,5162,
last_quoted_date,SNDK-201605,True,True,,
first_quoted_date,SNDK-201605,True,True,,
classification_at_level,SNDK-201605,True,True,,GICS L1
security_name,SNDK-201605,True,True,,
price_timeseries,SNI-201803,True,True,2450,pandas
index_constituent_timeseries,SNI-201803@S&P 500,True,True,2450,
last_quoted_date,SNI-201803,True,True,,
first_quoted_date,SNI-201803,True,True,,
classification_at_level,SNI-201803,True,True,,GICS L1
security_name,SNI-201803,True,True,,
price_timeseries,SNPS,True,True,8641,pandas
index_constituent_timeseries,SNPS@S&P 500,True,True,8641,
last_quoted_date,SNPS,True,True,,
first_quoted_date,SNPS,True,True,,
classification_at_level,SNPS,True,True,,GICS L1
security_name,SNPS,True,True,,
price_timeseries,SNSTA-201201,True,True,2510,pandas
index_constituent_timeseries,SNSTA-201201@S&P 500,True,True,2510,
last_quoted_date,SNSTA-201201,True,True,,
first_quoted_date,SNSTA-201201,True,True,,
classification_at_level,SNSTA-201201,True,True,,GICS L1
security_name,SNSTA-201201,True,True,,
price_timeseries,SNT-199910,True,True,2481,pandas
index_constituent_timeseries,SNT-199910@S&P 500,True,True,2481,
last_quoted_date,SNT-199910,True,True,,
first_quoted_date,SNT-199910,True,True,,
classification_at_level,SNT-199910,True,True,,GICS L1
security_name,SNT-199910,True,True,,
price_timeseries,SNV-202512,True,True,9067,pandas
index_constituent_timeseries,SNV-202512@S&P 500,True,True,9067,
last_quoted_date,SNV-202512,True,True,,
first_quoted_date,SNV-202512,True,True,,
classification_at_level,SNV-202512,True,True,,GICS L1
security_name,SNV-202512,True,True,,
price_timeseries,SO,True,True,9185,pandas
index_constituent_timeseries,SO@S&P 500,True,True,9185,
last_quoted_date,SO,True,True,,
first_quoted_date,SO,True,True,,
classification_at_level,SO,True,True,,GICS L1
security_name,SO,True,True,,
price_timeseries,SOC-198409,True,True,0,empty
price_timeseries,SOLS,True,True,169,pandas
index_constituent_timeseries,SOLS@S&P 500,True,True,169,
last_quoted_date,SOLS,True,True,,
first_quoted_date,SOLS,True,True,,
classification_at_level,SOLS,True,True,,GICS L1
security_name,SOLS,True,True,,
price_timeseries,SOLV,True,True,562,pandas
index_constituent_timeseries,SOLV@S&P 500,True,True,562,
last_quoted_date,SOLV,True,True,,
first_quoted_date,SOLV,True,True,,
classification_at_level,SOLV,True,True,,GICS L1
security_name,SOLV,True,True,,
price_timeseries,SOO-199001,True,True,16,pandas
index_constituent_timeseries,SOO-199001@S&P 500,True,True,16,
last_quoted_date,SOO-199001,True,True,,
first_quoted_date,SOO-199001,True,True,,
classification_at_level,SOO-199001,True,True,,GICS L1
security_name,SOO-199001,True,True,,
price_timeseries,SOTR-200410,True,True,3741,pandas
index_constituent_timeseries,SOTR-200410@S&P 500,True,True,3741,
last_quoted_date,SOTR-200410,True,True,,
first_quoted_date,SOTR-200410,True,True,,
classification_at_level,SOTR-200410,True,True,,GICS L1
security_name,SOTR-200410,True,True,,
price_timeseries,SOV-199008,True,True,170,pandas
index_constituent_timeseries,SOV-199008@S&P 500,True,True,170,
last_quoted_date,SOV-199008,True,True,,
first_quoted_date,SOV-199008,True,True,,
classification_at_level,SOV-199008,True,True,,GICS L1
classification,SOV-199008,True,True,,GICS flat fallback
security_name,SOV-199008,True,True,,
price_timeseries,SOV-200901,True,True,4727,pandas
index_constituent_timeseries,SOV-200901@S&P 500,True,True,4727,
last_quoted_date,SOV-200901,True,True,,
first_quoted_date,SOV-200901,True,True,,
classification_at_level,SOV-200901,True,True,,GICS L1
security_name,SOV-200901,True,True,,
price_timeseries,SPC-199204,True,True,583,pandas
index_constituent_timeseries,SPC-199204@S&P 500,True,True,583,
last_quoted_date,SPC-199204,True,True,,
first_quoted_date,SPC-199204,True,True,,
classification_at_level,SPC-199204,True,True,,GICS L1
security_name,SPC-199204,True,True,,
price_timeseries,SPG,True,True,8185,pandas
index_constituent_timeseries,SPG@S&P 500,True,True,8185,
last_quoted_date,SPG,True,True,,
first_quoted_date,SPG,True,True,,
classification_at_level,SPG,True,True,,GICS L1
security_name,SPG,True,True,,
price_timeseries,SPGI,True,True,9185,pandas
index_constituent_timeseries,SPGI@S&P 500,True,True,9185,
last_quoted_date,SPGI,True,True,,
first_quoted_date,SPGI,True,True,,
classification_at_level,SPGI,True,True,,GICS L1
security_name,SPGI,True,True,,
price_timeseries,SPK-197010,True,True,0,empty
price_timeseries,SPLS-201709,True,True,6980,pandas
index_constituent_timeseries,SPLS-201709@S&P 500,True,True,6980,
last_quoted_date,SPLS-201709,True,True,,
first_quoted_date,SPLS-201709,True,True,,
classification_at_level,SPLS-201709,True,True,,GICS L1
security_name,SPLS-201709,True,True,,
price_timeseries,SPP-199512,True,True,1505,pandas
index_constituent_timeseries,SPP-199512@S&P 500,True,True,1505,
last_quoted_date,SPP-199512,True,True,,
first_quoted_date,SPP-199512,True,True,,
classification_at_level,SPP-199512,True,True,,GICS L1
security_name,SPP-199512,True,True,,
price_timeseries,SPXC,True,True,9185,pandas
index_constituent_timeseries,SPXC@S&P 500,True,True,9185,
last_quoted_date,SPXC,True,True,,
first_quoted_date,SPXC,True,True,,
classification_at_level,SPXC,True,True,,GICS L1
security_name,SPXC,True,True,,
price_timeseries,SQB-198910,True,True,0,empty
price_timeseries,SQD-199105,True,True,355,pandas
index_constituent_timeseries,SQD-199105@S&P 500,True,True,355,
last_quoted_date,SQD-199105,True,True,,
first_quoted_date,SQD-199105,True,True,,
classification_at_level,SQD-199105,True,True,,GICS L1
security_name,SQD-199105,True,True,,
price_timeseries,SR,True,True,9181,pandas
index_constituent_timeseries,SR@S&P 500,True,True,9181,
last_quoted_date,SR,True,True,,
first_quoted_date,SR,True,True,,
classification_at_level,SR,True,True,,GICS L1
security_name,SR,True,True,,
price_timeseries,SR-198206,True,True,0,empty
price_timeseries,SRCL-202411,True,True,7082,pandas
index_constituent_timeseries,SRCL-202411@S&P 500,True,True,7082,
last_quoted_date,SRCL-202411,True,True,,
first_quoted_date,SRCL-202411,True,True,,
classification_at_level,SRCL-202411,True,True,,GICS L1
security_name,SRCL-202411,True,True,,
price_timeseries,SRD-198706,True,True,0,empty
price_timeseries,SRE,True,True,7039,pandas
index_constituent_timeseries,SRE@S&P 500,True,True,7039,
last_quoted_date,SRE,True,True,,
first_quoted_date,SRE,True,True,,
classification_at_level,SRE,True,True,,GICS L1
security_name,SRE,True,True,,
price_timeseries,SRL-198509,True,True,0,empty
price_timeseries,SRR-200708,True,True,4445,pandas
index_constituent_timeseries,SRR-200708@S&P 500,True,True,4445,
last_quoted_date,SRR-200708,True,True,,
first_quoted_date,SRR-200708,True,True,,
classification_at_level,SRR-200708,True,True,,GICS L1
security_name,SRR-200708,True,True,,
price_timeseries,SRT-198411,True,True,0,empty
price_timeseries,SRY-197704,True,True,0,empty
price_timeseries,SSP,True,True,9178,pandas
index_constituent_timeseries,SSP@S&P 500,True,True,9178,
last_quoted_date,SSP,True,True,,
first_quoted_date,SSP,True,True,,
classification_at_level,SSP,True,True,,GICS L1
security_name,SSP,True,True,,
price_timeseries,ST-197202,True,True,0,empty
price_timeseries,STA-198806,True,True,0,empty
price_timeseries,STE,True,True,8575,pandas
index_constituent_timeseries,STE@S&P 500,True,True,8575,
last_quoted_date,STE,True,True,,
first_quoted_date,STE,True,True,,
classification_at_level,STE,True,True,,GICS L1
security_name,STE,True,True,,
price_timeseries,STF-198503,True,True,0,empty
price_timeseries,STI-201912,True,True,7543,pandas
index_constituent_timeseries,STI-201912@S&P 500,True,True,7543,
last_quoted_date,STI-201912,True,True,,
first_quoted_date,STI-201912,True,True,,
classification_at_level,STI-201912,True,True,,GICS L1
security_name,STI-201912,True,True,,
price_timeseries,STJ-201701,True,True,6807,pandas
index_constituent_timeseries,STJ-201701@S&P 500,True,True,6807,
last_quoted_date,STJ-201701,True,True,,
first_quoted_date,STJ-201701,True,True,,
classification_at_level,STJ-201701,True,True,,GICS L1
security_name,STJ-201701,True,True,,
price_timeseries,STK-200508,True,True,3952,pandas
index_constituent_timeseries,STK-200508@S&P 500,True,True,3952,
last_quoted_date,STK-200508,True,True,,
first_quoted_date,STK-200508,True,True,,
classification_at_level,STK-200508,True,True,,GICS L1
classification,STK-200508,True,True,,GICS flat fallback
security_name,STK-200508,True,True,,
price_timeseries,STLD,True,True,7440,pandas
index_constituent_timeseries,STLD@S&P 500,True,True,7440,
last_quoted_date,STLD,True,True,,
first_quoted_date,STLD,True,True,,
classification_at_level,STLD,True,True,,GICS L1
security_name,STLD,True,True,,
price_timeseries,STN-198806,True,True,0,empty
price_timeseries,STO-199811,True,True,2246,pandas
index_constituent_timeseries,STO-199811@S&P 500,True,True,2246,
last_quoted_date,STO-199811,True,True,,
first_quoted_date,STO-199811,True,True,,
classification_at_level,STO-199811,True,True,,GICS L1
security_name,STO-199811,True,True,,
price_timeseries,STR-201609,True,True,6732,pandas
index_constituent_timeseries,STR-201609@S&P 500,True,True,6732,
last_quoted_date,STR-201609,True,True,,
first_quoted_date,STR-201609,True,True,,
classification_at_level,STR-201609,True,True,,GICS L1
security_name,STR-201609,True,True,,
price_timeseries,STT,True,True,9185,pandas
index_constituent_timeseries,STT@S&P 500,True,True,9185,
last_quoted_date,STT,True,True,,
first_quoted_date,STT,True,True,,
classification_at_level,STT,True,True,,GICS L1
security_name,STT,True,True,,
price_timeseries,STX,True,True,5919,pandas
index_constituent_timeseries,STX@S&P 500,True,True,5919,
last_quoted_date,STX,True,True,,
first_quoted_date,STX,True,True,,
classification_at_level,STX,True,True,,GICS L1
security_name,STX,True,True,,
price_timeseries,STY-198802,True,True,0,empty
price_timeseries,STZ,True,True,9091,pandas
index_constituent_timeseries,STZ@S&P 500,True,True,9091,
last_quoted_date,STZ,True,True,,
first_quoted_date,STZ,True,True,,
classification_at_level,STZ,True,True,,GICS L1
security_name,STZ,True,True,,
price_timeseries,SUB-200102,True,True,2820,pandas
index_constituent_timeseries,SUB-200102@S&P 500,True,True,2820,
last_quoted_date,SUB-200102,True,True,,
first_quoted_date,SUB-200102,True,True,,
classification_at_level,SUB-200102,True,True,,GICS L1
security_name,SUB-200102,True,True,,
price_timeseries,SUN-201210,True,True,5739,pandas
index_constituent_timeseries,SUN-201210@S&P 500,True,True,5739,
last_quoted_date,SUN-201210,True,True,,
first_quoted_date,SUN-201210,True,True,,
classification_at_level,SUN-201210,True,True,,GICS L1
security_name,SUN-201210,True,True,,
price_timeseries,SUNEQ-201712,True,True,5658,pandas
index_constituent_timeseries,SUNEQ-201712@S&P 500,True,True,5658,
last_quoted_date,SUNEQ-201712,True,True,,
first_quoted_date,SUNEQ-201712,True,True,,
classification_at_level,SUNEQ-201712,True,True,,GICS L1
security_name,SUNEQ-201712,True,True,,
price_timeseries,SUO-198506,True,True,0,empty
price_timeseries,SUS-196605,True,True,0,empty
price_timeseries,SVC-198308,True,True,0,empty
price_timeseries,SVM-197901,True,True,0,empty
price_timeseries,SVU-201810,True,True,7259,pandas
index_constituent_timeseries,SVU-201810@S&P 500,True,True,7259,
last_quoted_date,SVU-201810,True,True,,
first_quoted_date,SVU-201810,True,True,,
classification_at_level,SVU-201810,True,True,,GICS L1
security_name,SVU-201810,True,True,,
price_timeseries,SW,True,True,1633,pandas
index_constituent_timeseries,SW@S&P 500,True,True,1633,
last_quoted_date,SW,True,True,,
first_quoted_date,SW,True,True,,
classification_at_level,SW,True,True,,GICS L1
security_name,SW,True,True,,
price_timeseries,SWK,True,True,9185,pandas
index_constituent_timeseries,SWK@S&P 500,True,True,9185,
last_quoted_date,SWK,True,True,,
first_quoted_date,SWK,True,True,,
classification_at_level,SWK,True,True,,GICS L1
security_name,SWK,True,True,,
price_timeseries,SWKS,True,True,9121,pandas
index_constituent_timeseries,SWKS@S&P 500,True,True,9121,
last_quoted_date,SWKS,True,True,,
first_quoted_date,SWKS,True,True,,
classification_at_level,SWKS,True,True,,GICS L1
security_name,SWKS,True,True,,
price_timeseries,SWN-202409,True,True,8751,pandas
index_constituent_timeseries,SWN-202409@S&P 500,True,True,8751,
last_quoted_date,SWN-202409,True,True,,
first_quoted_date,SWN-202409,True,True,,
classification_at_level,SWN-202409,True,True,,GICS L1
security_name,SWN-202409,True,True,,
price_timeseries,SWY-201501,True,True,6240,pandas
index_constituent_timeseries,SWY-201501@S&P 500,True,True,6240,
last_quoted_date,SWY-201501,True,True,,
first_quoted_date,SWY-201501,True,True,,
classification_at_level,SWY-201501,True,True,,GICS L1
security_name,SWY-201501,True,True,,
price_timeseries,SX-198312,True,True,0,empty
price_timeseries,SXCL-201702,True,True,6677,pandas
index_constituent_timeseries,SXCL-201702@S&P 500,True,True,6677,
last_quoted_date,SXCL-201702,True,True,,
first_quoted_date,SXCL-201702,True,True,,
classification_at_level,SXCL-201702,True,True,,GICS L1
security_name,SXCL-201702,True,True,,
price_timeseries,SY-198609,True,True,0,empty
price_timeseries,SYF,True,True,2991,pandas
index_constituent_timeseries,SYF@S&P 500,True,True,2991,
last_quoted_date,SYF,True,True,,
first_quoted_date,SYF,True,True,,
classification_at_level,SYF,True,True,,GICS L1
security_name,SYF,True,True,,
price_timeseries,SYK,True,True,9185,pandas
index_constituent_timeseries,SYK@S&P 500,True,True,9185,
last_quoted_date,SYK,True,True,,
first_quoted_date,SYK,True,True,,
classification_at_level,SYK,True,True,,GICS L1
security_name,SYK,True,True,,
price_timeseries,SYN-199410,True,True,1222,pandas
index_constituent_timeseries,SYN-199410@S&P 500,True,True,1222,
last_quoted_date,SYN-199410,True,True,,
first_quoted_date,SYN-199410,True,True,,
classification_at_level,SYN-199410,True,True,,GICS L1
security_name,SYN-199410,True,True,,
price_timeseries,SYY,True,True,9185,pandas
index_constituent_timeseries,SYY@S&P 500,True,True,9185,
last_quoted_date,SYY,True,True,,
first_quoted_date,SYY,True,True,,
classification_at_level,SYY,True,True,,GICS L1
security_name,SYY,True,True,,
price_timeseries,SZ-196804,True,True,0,empty
price_timeseries,T,True,True,9185,pandas
index_constituent_timeseries,T@S&P 500,True,True,9185,
last_quoted_date,T,True,True,,
first_quoted_date,T,True,True,,
classification_at_level,T,True,True,,GICS L1
security_name,T,True,True,,
price_timeseries,T-200511,True,True,4008,pandas
index_constituent_timeseries,T-200511@S&P 500,True,True,4008,
last_quoted_date,T-200511,True,True,,
first_quoted_date,T-200511,True,True,,
classification_at_level,T-200511,True,True,,GICS L1
security_name,T-200511,True,True,,
price_timeseries,TA-199907,True,True,2414,pandas
index_constituent_timeseries,TA-199907@S&P 500,True,True,2414,
last_quoted_date,TA-199907,True,True,,
first_quoted_date,TA-199907,True,True,,
classification_at_level,TA-199907,True,True,,GICS L1
security_name,TA-199907,True,True,,
price_timeseries,TAP,True,True,9185,pandas
index_constituent_timeseries,TAP@S&P 500,True,True,9185,
last_quoted_date,TAP,True,True,,
first_quoted_date,TAP,True,True,,
classification_at_level,TAP,True,True,,GICS L1
security_name,TAP,True,True,,
price_timeseries,TAP.B-200404,True,True,417,pandas
index_constituent_timeseries,TAP.B-200404@S&P 500,True,True,417,
last_quoted_date,TAP.B-200404,True,True,,
first_quoted_date,TAP.B-200404,True,True,,
classification_at_level,TAP.B-200404,True,True,,GICS L1
security_name,TAP.B-200404,True,True,,
price_timeseries,TCB-198704,True,True,0,empty
price_timeseries,TCC-196306,True,True,0,empty
price_timeseries,TCOMA-199903,True,True,2321,pandas
index_constituent_timeseries,TCOMA-199903@S&P 500,True,True,2321,
last_quoted_date,TCOMA-199903,True,True,,
first_quoted_date,TCOMA-199903,True,True,,
classification_at_level,TCOMA-199903,True,True,,GICS L1
security_name,TCOMA-199903,True,True,,
price_timeseries,TDC,True,True,4724,pandas
index_constituent_timeseries,TDC@S&P 500,True,True,4724,
last_quoted_date,TDC,True,True,,
first_quoted_date,TDC,True,True,,
classification_at_level,TDC,True,True,,GICS L1
security_name,TDC,True,True,,
price_timeseries,TDG,True,True,5100,pandas
index_constituent_timeseries,TDG@S&P 500,True,True,5100,
last_quoted_date,TDG,True,True,,
first_quoted_date,TDG,True,True,,
classification_at_level,TDG,True,True,,GICS L1
security_name,TDG,True,True,,
price_timeseries,TDM-199708,True,True,1939,pandas
index_constituent_timeseries,TDM-199708@S&P 500,True,True,1939,
last_quoted_date,TDM-199708,True,True,,
first_quoted_date,TDM-199708,True,True,,
classification_at_level,TDM-199708,True,True,,GICS L1
security_name,TDM-199708,True,True,,
price_timeseries,TDY,True,True,6684,pandas
index_constituent_timeseries,TDY@S&P 500,True,True,6684,
last_quoted_date,TDY,True,True,,
first_quoted_date,TDY,True,True,,
classification_at_level,TDY,True,True,,GICS L1
security_name,TDY,True,True,,
price_timeseries,TE-201606,True,True,6678,pandas
index_constituent_timeseries,TE-201606@S&P 500,True,True,6678,
last_quoted_date,TE-201606,True,True,,
first_quoted_date,TE-201606,True,True,,
classification_at_level,TE-201606,True,True,,GICS L1
security_name,TE-201606,True,True,,
price_timeseries,TECH,True,True,9182,pandas
index_constituent_timeseries,TECH@S&P 500,True,True,9182,
last_quoted_date,TECH,True,True,,
first_quoted_date,TECH,True,True,,
classification_at_level,TECH,True,True,,GICS L1
security_name,TECH,True,True,,
price_timeseries,TEG-201506,True,True,6424,pandas
index_constituent_timeseries,TEG-201506@S&P 500,True,True,6424,
last_quoted_date,TEG-201506,True,True,,
first_quoted_date,TEG-201506,True,True,,
classification_at_level,TEG-201506,True,True,,GICS L1
security_name,TEG-201506,True,True,,
price_timeseries,TEK-200711,True,True,4512,pandas
index_constituent_timeseries,TEK-200711@S&P 500,True,True,4512,
last_quoted_date,TEK-200711,True,True,,
first_quoted_date,TEK-200711,True,True,,
classification_at_level,TEK-200711,True,True,,GICS L1
security_name,TEK-200711,True,True,,
price_timeseries,TEL,True,True,4786,pandas
index_constituent_timeseries,TEL@S&P 500,True,True,4786,
last_quoted_date,TEL,True,True,,
first_quoted_date,TEL,True,True,,
classification_at_level,TEL,True,True,,GICS L1
security_name,TEL,True,True,,
price_timeseries,TEN-202211,True,True,8285,pandas
index_constituent_timeseries,TEN-202211@S&P 500,True,True,8285,
last_quoted_date,TEN-202211,True,True,,
first_quoted_date,TEN-202211,True,True,,
classification_at_level,TEN-202211,True,True,,GICS L1
security_name,TEN-202211,True,True,,
price_timeseries,TER,True,True,9185,pandas
index_constituent_timeseries,TER@S&P 500,True,True,9185,
last_quoted_date,TER,True,True,,
first_quoted_date,TER,True,True,,
classification_at_level,TER,True,True,,GICS L1
security_name,TER,True,True,,
price_timeseries,TET-198906,True,True,0,empty
price_timeseries,TEX,True,True,9183,pandas
index_constituent_timeseries,TEX@S&P 500,True,True,9183,
last_quoted_date,TEX,True,True,,
first_quoted_date,TEX,True,True,,
classification_at_level,TEX,True,True,,GICS L1
security_name,TEX,True,True,,
price_timeseries,TF-198106,True,True,0,empty
price_timeseries,TFB-198710,True,True,0,empty
price_timeseries,TFC,True,True,9184,pandas
index_constituent_timeseries,TFC@S&P 500,True,True,9184,
last_quoted_date,TFC,True,True,,
first_quoted_date,TFC,True,True,,
classification_at_level,TFC,True,True,,GICS L1
security_name,TFC,True,True,,
price_timeseries,TFCF-201903,True,True,7360,pandas
index_constituent_timeseries,TFCF-201903@S&P 500,True,True,7360,
last_quoted_date,TFCF-201903,True,True,,
first_quoted_date,TFCF-201903,True,True,,
classification_at_level,TFCF-201903,True,True,,GICS L1
security_name,TFCF-201903,True,True,,
price_timeseries,TFCFA-201903,True,True,6130,pandas
index_constituent_timeseries,TFCFA-201903@S&P 500,True,True,6130,
last_quoted_date,TFCFA-201903,True,True,,
first_quoted_date,TFCFA-201903,True,True,,
classification_at_level,TFCFA-201903,True,True,,GICS L1
security_name,TFCFA-201903,True,True,,
price_timeseries,TFD-198608,True,True,0,empty
price_timeseries,TFX,True,True,9185,pandas
index_constituent_timeseries,TFX@S&P 500,True,True,9185,
last_quoted_date,TFX,True,True,,
first_quoted_date,TFX,True,True,,
classification_at_level,TFX,True,True,,GICS L1
security_name,TFX,True,True,,
price_timeseries,TG-198109,True,True,0,empty
price_timeseries,TGNA-202603,True,True,9120,pandas
index_constituent_timeseries,TGNA-202603@S&P 500,True,True,9120,
last_quoted_date,TGNA-202603,True,True,,
first_quoted_date,TGNA-202603,True,True,,
classification_at_level,TGNA-202603,True,True,,GICS L1
security_name,TGNA-202603,True,True,,
price_timeseries,TGR-198902,True,True,0,empty
price_timeseries,TGT,True,True,9185,pandas
index_constituent_timeseries,TGT@S&P 500,True,True,9185,
last_quoted_date,TGT,True,True,,
first_quoted_date,TGT,True,True,,
classification_at_level,TGT,True,True,,GICS L1
security_name,TGT,True,True,,
price_timeseries,THC,True,True,9185,pandas
index_constituent_timeseries,THC@S&P 500,True,True,9185,
last_quoted_date,THC,True,True,,
first_quoted_date,THC,True,True,,
classification_at_level,THC,True,True,,GICS L1
security_name,THC,True,True,,
price_timeseries,THY-199708,True,True,1936,pandas
index_constituent_timeseries,THY-199708@S&P 500,True,True,1936,
last_quoted_date,THY-199708,True,True,,
first_quoted_date,THY-199708,True,True,,
classification_at_level,THY-199708,True,True,,GICS L1
security_name,THY-199708,True,True,,
price_timeseries,TIC-199312,True,True,1013,pandas
index_constituent_timeseries,TIC-199312@S&P 500,True,True,1013,
last_quoted_date,TIC-199312,True,True,,
first_quoted_date,TIC-199312,True,True,,
classification_at_level,TIC-199312,True,True,,GICS L1
security_name,TIC-199312,True,True,,
price_timeseries,TIE-201301,True,True,4176,pandas
index_constituent_timeseries,TIE-201301@S&P 500,True,True,4176,
last_quoted_date,TIE-201301,True,True,,
first_quoted_date,TIE-201301,True,True,,
classification_at_level,TIE-201301,True,True,,GICS L1
security_name,TIE-201301,True,True,,
price_timeseries,TIF-202101,True,True,7815,pandas
index_constituent_timeseries,TIF-202101@S&P 500,True,True,7815,
last_quoted_date,TIF-202101,True,True,,
first_quoted_date,TIF-202101,True,True,,
classification_at_level,TIF-202101,True,True,,GICS L1
security_name,TIF-202101,True,True,,
price_timeseries,TIN-201202,True,True,5575,pandas
index_constituent_timeseries,TIN-201202@S&P 500,True,True,5575,
last_quoted_date,TIN-201202,True,True,,
first_quoted_date,TIN-201202,True,True,,
classification_at_level,TIN-201202,True,True,,GICS L1
security_name,TIN-201202,True,True,,
price_timeseries,TIS-197809,True,True,0,empty
price_timeseries,TJX,True,True,9185,pandas
index_constituent_timeseries,TJX@S&P 500,True,True,9185,
last_quoted_date,TJX,True,True,,
first_quoted_date,TJX,True,True,,
classification_at_level,TJX,True,True,,GICS L1
security_name,TJX,True,True,,
price_timeseries,TKA-199108,True,True,402,pandas
index_constituent_timeseries,TKA-199108@S&P 500,True,True,402,
last_quoted_date,TKA-199108,True,True,,
first_quoted_date,TKA-199108,True,True,,
classification_at_level,TKA-199108,True,True,,GICS L1
security_name,TKA-199108,True,True,,
price_timeseries,TKO,True,True,6709,pandas
index_constituent_timeseries,TKO@S&P 500,True,True,6709,
last_quoted_date,TKO,True,True,,
first_quoted_date,TKO,True,True,,
classification_at_level,TKO,True,True,,GICS L1
security_name,TKO,True,True,,
price_timeseries,TKR,True,True,9185,pandas
index_constituent_timeseries,TKR@S&P 500,True,True,9185,
last_quoted_date,TKR,True,True,,
first_quoted_date,TKR,True,True,,
classification_at_level,TKR,True,True,,GICS L1
security_name,TKR,True,True,,
price_timeseries,TLAB-201312,True,True,6030,pandas
index_constituent_timeseries,TLAB-201312@S&P 500,True,True,6030,
last_quoted_date,TLAB-201312,True,True,,
first_quoted_date,TLAB-201312,True,True,,
classification_at_level,TLAB-201312,True,True,,GICS L1
security_name,TLAB-201312,True,True,,
price_timeseries,TMC-196606,True,True,0,empty
price_timeseries,TMC-200006,True,True,2640,pandas
index_constituent_timeseries,TMC-200006@S&P 500,True,True,2640,
last_quoted_date,TMC-200006,True,True,,
first_quoted_date,TMC-200006,True,True,,
classification_at_level,TMC-200006,True,True,,GICS L1
security_name,TMC-200006,True,True,,
price_timeseries,TMO,True,True,9185,pandas
index_constituent_timeseries,TMO@S&P 500,True,True,9185,
last_quoted_date,TMO,True,True,,
first_quoted_date,TMO,True,True,,
classification_at_level,TMO,True,True,,GICS L1
security_name,TMO,True,True,,
price_timeseries,TMUS,True,True,4825,pandas
index_constituent_timeseries,TMUS@S&P 500,True,True,4825,
last_quoted_date,TMUS,True,True,,
first_quoted_date,TMUS,True,True,,
classification_at_level,TMUS,True,True,,GICS L1
security_name,TMUS,True,True,,
price_timeseries,TNB-201205,True,True,5641,pandas
index_constituent_timeseries,TNB-201205@S&P 500,True,True,5641,
last_quoted_date,TNB-201205,True,True,,
first_quoted_date,TNB-201205,True,True,,
classification_at_level,TNB-201205,True,True,,GICS L1
security_name,TNB-201205,True,True,,
price_timeseries,TNL,True,True,5013,pandas
index_constituent_timeseries,TNL@S&P 500,True,True,5013,
last_quoted_date,TNL,True,True,,
first_quoted_date,TNL,True,True,,
classification_at_level,TNL,True,True,,GICS L1
security_name,TNL,True,True,,
price_timeseries,TOS-200109,True,True,2954,pandas
index_constituent_timeseries,TOS-200109@S&P 500,True,True,2954,
last_quoted_date,TOS-200109,True,True,,
first_quoted_date,TOS-200109,True,True,,
classification_at_level,TOS-200109,True,True,,GICS L1
security_name,TOS-200109,True,True,,
price_timeseries,TOY-200507,True,True,3923,pandas
index_constituent_timeseries,TOY-200507@S&P 500,True,True,3923,
last_quoted_date,TOY-200507,True,True,,
first_quoted_date,TOY-200507,True,True,,
classification_at_level,TOY-200507,True,True,,GICS L1
security_name,TOY-200507,True,True,,
price_timeseries,TPL,True,True,9047,pandas
index_constituent_timeseries,TPL@S&P 500,True,True,9047,
last_quoted_date,TPL,True,True,,
first_quoted_date,TPL,True,True,,
classification_at_level,TPL,True,True,,GICS L1
security_name,TPL,True,True,,
price_timeseries,TPR,True,True,6465,pandas
index_constituent_timeseries,TPR@S&P 500,True,True,6465,
last_quoted_date,TPR,True,True,,
first_quoted_date,TPR,True,True,,
classification_at_level,TPR,True,True,,GICS L1
security_name,TPR,True,True,,
price_timeseries,TR,True,True,9183,pandas
index_constituent_timeseries,TR@S&P 500,True,True,9183,
last_quoted_date,TR,True,True,,
first_quoted_date,TR,True,True,,
classification_at_level,TR,True,True,,GICS L1
security_name,TR,True,True,,
price_timeseries,TR-196502,True,True,0,empty
price_timeseries,TRA-198402,True,True,0,empty
price_timeseries,TRB-200712,True,True,4532,pandas
index_constituent_timeseries,TRB-200712@S&P 500,True,True,4532,
last_quoted_date,TRB-200712,True,True,,
first_quoted_date,TRB-200712,True,True,,
classification_at_level,TRB-200712,True,True,,GICS L1
security_name,TRB-200712,True,True,,
price_timeseries,TREL-198506,True,True,0,empty
price_timeseries,TRGP,True,True,3908,pandas
index_constituent_timeseries,TRGP@S&P 500,True,True,3908,
last_quoted_date,TRGP,True,True,,
first_quoted_date,TRGP,True,True,,
classification_at_level,TRGP,True,True,,GICS L1
security_name,TRGP,True,True,,
price_timeseries,TRIP,True,True,3655,pandas
index_constituent_timeseries,TRIP@S&P 500,True,True,3655,
last_quoted_date,TRIP,True,True,,
first_quoted_date,TRIP,True,True,,
classification_at_level,TRIP,True,True,,GICS L1
security_name,TRIP,True,True,,
price_timeseries,TRMB,True,True,9046,pandas
index_constituent_timeseries,TRMB@S&P 500,True,True,9046,
last_quoted_date,TRMB,True,True,,
first_quoted_date,TRMB,True,True,,
classification_at_level,TRMB,True,True,,GICS L1
security_name,TRMB,True,True,,
price_timeseries,TROW,True,True,9181,pandas
index_constituent_timeseries,TROW@S&P 500,True,True,9181,
last_quoted_date,TROW,True,True,,
first_quoted_date,TROW,True,True,,
classification_at_level,TROW,True,True,,GICS L1
security_name,TROW,True,True,,
price_timeseries,TRR-198712,True,True,0,empty
price_timeseries,TRV,True,True,9185,pandas
index_constituent_timeseries,TRV@S&P 500,True,True,9185,
last_quoted_date,TRV,True,True,,
first_quoted_date,TRV,True,True,,
classification_at_level,TRV,True,True,,GICS L1
security_name,TRV,True,True,,
price_timeseries,TRW-200212,True,True,3267,pandas
index_constituent_timeseries,TRW-200212@S&P 500,True,True,3267,
last_quoted_date,TRW-200212,True,True,,
first_quoted_date,TRW-200212,True,True,,
classification_at_level,TRW-200212,True,True,,GICS L1
security_name,TRW-200212,True,True,,
price_timeseries,TRX-196204,True,True,0,empty
price_timeseries,TS-196311,True,True,0,empty
price_timeseries,TSCO,True,True,8103,pandas
index_constituent_timeseries,TSCO@S&P 500,True,True,8103,
last_quoted_date,TSCO,True,True,,
first_quoted_date,TSCO,True,True,,
classification_at_level,TSCO,True,True,,GICS L1
security_name,TSCO,True,True,,
price_timeseries,TSG-200703,True,True,2632,pandas
index_constituent_timeseries,TSG-200703@S&P 500,True,True,2632,
last_quoted_date,TSG-200703,True,True,,
first_quoted_date,TSG-200703,True,True,,
classification_at_level,TSG-200703,True,True,,GICS L1
security_name,TSG-200703,True,True,,
price_timeseries,TSLA,True,True,4020,pandas
index_constituent_timeseries,TSLA@S&P 500,True,True,4020,
last_quoted_date,TSLA,True,True,,
first_quoted_date,TSLA,True,True,,
classification_at_level,TSLA,True,True,,GICS L1
security_name,TSLA,True,True,,
price_timeseries,TSN,True,True,9185,pandas
index_constituent_timeseries,TSN@S&P 500,True,True,9185,
last_quoted_date,TSN,True,True,,
first_quoted_date,TSN,True,True,,
classification_at_level,TSN,True,True,,GICS L1
security_name,TSN,True,True,,
price_timeseries,TSS-201909,True,True,7426,pandas
index_constituent_timeseries,TSS-201909@S&P 500,True,True,7426,
last_quoted_date,TSS-201909,True,True,,
first_quoted_date,TSS-201909,True,True,,
classification_at_level,TSS-201909,True,True,,GICS L1
security_name,TSS-201909,True,True,,
price_timeseries,TT,True,True,9185,pandas
index_constituent_timeseries,TT@S&P 500,True,True,9185,
last_quoted_date,TT,True,True,,
first_quoted_date,TT,True,True,,
classification_at_level,TT,True,True,,GICS L1
security_name,TT,True,True,,
price_timeseries,TT-200806,True,True,3357,pandas
index_constituent_timeseries,TT-200806@S&P 500,True,True,3357,
last_quoted_date,TT-200806,True,True,,
first_quoted_date,TT-200806,True,True,,
classification_at_level,TT-200806,True,True,,GICS L1
security_name,TT-200806,True,True,,
price_timeseries,TTD,True,True,2451,pandas
index_constituent_timeseries,TTD@S&P 500,True,True,2451,
last_quoted_date,TTD,True,True,,
first_quoted_date,TTD,True,True,,
classification_at_level,TTD,True,True,,GICS L1
security_name,TTD,True,True,,
price_timeseries,TTWO,True,True,7321,pandas
index_constituent_timeseries,TTWO@S&P 500,True,True,7321,
last_quoted_date,TTWO,True,True,,
first_quoted_date,TTWO,True,True,,
classification_at_level,TTWO,True,True,,GICS L1
security_name,TTWO,True,True,,
price_timeseries,TUPBQ-202506,True,True,7311,pandas
index_constituent_timeseries,TUPBQ-202506@S&P 500,True,True,7311,
last_quoted_date,TUPBQ-202506,True,True,,
first_quoted_date,TUPBQ-202506,True,True,,
classification_at_level,TUPBQ-202506,True,True,,GICS L1
security_name,TUPBQ-202506,True,True,,
price_timeseries,TUT-196010,True,True,0,empty
price_timeseries,TV-196709,True,True,0,empty
price_timeseries,TW-198703,True,True,0,empty
price_timeseries,TWC-201605,True,True,2358,pandas
index_constituent_timeseries,TWC-201605@S&P 500,True,True,2358,
last_quoted_date,TWC-201605,True,True,,
first_quoted_date,TWC-201605,True,True,,
classification_at_level,TWC-201605,True,True,,GICS L1
security_name,TWC-201605,True,True,,
price_timeseries,TWTR-202210,True,True,2259,pandas
index_constituent_timeseries,TWTR-202210@S&P 500,True,True,2259,
last_quoted_date,TWTR-202210,True,True,,
first_quoted_date,TWTR-202210,True,True,,
classification_at_level,TWTR-202210,True,True,,GICS L1
security_name,TWTR-202210,True,True,,
price_timeseries,TWX-200101,True,True,2788,pandas
index_constituent_timeseries,TWX-200101@S&P 500,True,True,2788,
last_quoted_date,TWX-200101,True,True,,
first_quoted_date,TWX-200101,True,True,,
classification_at_level,TWX-200101,True,True,,GICS L1
security_name,TWX-200101,True,True,,
price_timeseries,TWX-201806,True,True,6610,pandas
index_constituent_timeseries,TWX-201806@S&P 500,True,True,6610,
last_quoted_date,TWX-201806,True,True,,
first_quoted_date,TWX-201806,True,True,,
classification_at_level,TWX-201806,True,True,,GICS L1
security_name,TWX-201806,True,True,,
price_timeseries,TX-200110,True,True,2971,pandas
index_constituent_timeseries,TX-200110@S&P 500,True,True,2971,
last_quoted_date,TX-200110,True,True,,
first_quoted_date,TX-200110,True,True,,
classification_at_level,TX-200110,True,True,,GICS L1
security_name,TX-200110,True,True,,
price_timeseries,TXG-198309,True,True,0,empty
price_timeseries,TXN,True,True,9185,pandas
index_constituent_timeseries,TXN@S&P 500,True,True,9185,
last_quoted_date,TXN,True,True,,
first_quoted_date,TXN,True,True,,
classification_at_level,TXN,True,True,,GICS L1
security_name,TXN,True,True,,
price_timeseries,TXO-198602,True,True,0,empty
price_timeseries,TXT,True,True,9185,pandas
index_constituent_timeseries,TXT@S&P 500,True,True,9185,
last_quoted_date,TXT,True,True,,
first_quoted_date,TXT,True,True,,
classification_at_level,TXT,True,True,,GICS L1
security_name,TXT,True,True,,
price_timeseries,TXU-200710,True,True,4482,pandas
index_constituent_timeseries,TXU-200710@S&P 500,True,True,4482,
last_quoted_date,TXU-200710,True,True,,
first_quoted_date,TXU-200710,True,True,,
classification_at_level,TXU-200710,True,True,,GICS L1
security_name,TXU-200710,True,True,,
price_timeseries,TYL,True,True,9163,pandas
index_constituent_timeseries,TYL@S&P 500,True,True,9163,
last_quoted_date,TYL,True,True,,
first_quoted_date,TYL,True,True,,
classification_at_level,TYL,True,True,,GICS L1
security_name,TYL,True,True,,
price_timeseries,TYM-198404,True,True,0,empty
price_timeseries,UA,True,True,2575,pandas
index_constituent_timeseries,UA@S&P 500,True,True,2575,
last_quoted_date,UA,True,True,,
first_quoted_date,UA,True,True,,
classification_at_level,UA,True,True,,GICS L1
security_name,UA,True,True,,
price_timeseries,UAA,True,True,5178,pandas
index_constituent_timeseries,UAA@S&P 500,True,True,5178,
last_quoted_date,UAA,True,True,,
first_quoted_date,UAA,True,True,,
classification_at_level,UAA,True,True,,GICS L1
security_name,UAA,True,True,,
price_timeseries,UAL,True,True,5134,pandas
index_constituent_timeseries,UAL@S&P 500,True,True,5134,
last_quoted_date,UAL,True,True,,
first_quoted_date,UAL,True,True,,
classification_at_level,UAL,True,True,,GICS L1
security_name,UAL,True,True,,
price_timeseries,UALAQ-200602,True,True,4057,pandas
index_constituent_timeseries,UALAQ-200602@S&P 500,True,True,4057,
last_quoted_date,UALAQ-200602,True,True,,
first_quoted_date,UALAQ-200602,True,True,,
classification_at_level,UALAQ-200602,True,True,,GICS L1
security_name,UALAQ-200602,True,True,,
price_timeseries,UAWGQ-200303,True,True,3340,pandas
index_constituent_timeseries,UAWGQ-200303@S&P 500,True,True,3340,
last_quoted_date,UAWGQ-200303,True,True,,
first_quoted_date,UAWGQ-200303,True,True,,
classification_at_level,UAWGQ-200303,True,True,,GICS L1
security_name,UAWGQ-200303,True,True,,
price_timeseries,UBER,True,True,1789,pandas
index_constituent_timeseries,UBER@S&P 500,True,True,1789,
last_quoted_date,UBER,True,True,,
first_quoted_date,UBER,True,True,,
classification_at_level,UBER,True,True,,GICS L1
security_name,UBER,True,True,,
price_timeseries,UC-197612,True,True,0,empty
price_timeseries,UCC-196610,True,True,0,empty
price_timeseries,UCC-199904,True,True,2358,pandas
index_constituent_timeseries,UCC-199904@S&P 500,True,True,2358,
last_quoted_date,UCC-199904,True,True,,
first_quoted_date,UCC-199904,True,True,,
classification_at_level,UCC-199904,True,True,,GICS L1
security_name,UCC-199904,True,True,,
price_timeseries,UCL-200508,True,True,3937,pandas
index_constituent_timeseries,UCL-200508@S&P 500,True,True,3937,
last_quoted_date,UCL-200508,True,True,,
first_quoted_date,UCL-200508,True,True,,
classification_at_level,UCL-200508,True,True,,GICS L1
security_name,UCL-200508,True,True,,
price_timeseries,UCM-200010,True,True,2732,pandas
index_constituent_timeseries,UCM-200010@S&P 500,True,True,2732,
last_quoted_date,UCM-200010,True,True,,
first_quoted_date,UCM-200010,True,True,,
classification_at_level,UCM-200010,True,True,,GICS L1
security_name,UCM-200010,True,True,,
price_timeseries,UCT-198905,True,True,0,empty
price_timeseries,UD-198502,True,True,0,empty
price_timeseries,UDR,True,True,9185,pandas
index_constituent_timeseries,UDR@S&P 500,True,True,9185,
last_quoted_date,UDR,True,True,,
first_quoted_date,UDR,True,True,,
classification_at_level,UDR,True,True,,GICS L1
security_name,UDR,True,True,,
price_timeseries,UFL-198001,True,True,0,empty
price_timeseries,UGC-196803,True,True,0,empty
price_timeseries,UH-200005,True,True,2612,pandas
index_constituent_timeseries,UH-200005@S&P 500,True,True,2612,
last_quoted_date,UH-200005,True,True,,
first_quoted_date,UH-200005,True,True,,
classification_at_level,UH-200005,True,True,,GICS L1
security_name,UH-200005,True,True,,
price_timeseries,UHF-196204,True,True,0,empty
price_timeseries,UHS,True,True,9179,pandas
index_constituent_timeseries,UHS@S&P 500,True,True,9179,
last_quoted_date,UHS,True,True,,
first_quoted_date,UHS,True,True,,
classification_at_level,UHS,True,True,,GICS L1
security_name,UHS,True,True,,
price_timeseries,UIS,True,True,9185,pandas
index_constituent_timeseries,UIS@S&P 500,True,True,9185,
last_quoted_date,UIS,True,True,,
first_quoted_date,UIS,True,True,,
classification_at_level,UIS,True,True,,GICS L1
security_name,UIS,True,True,,
price_timeseries,UK-200102,True,True,2805,pandas
index_constituent_timeseries,UK-200102@S&P 500,True,True,2805,
last_quoted_date,UK-200102,True,True,,
first_quoted_date,UK-200102,True,True,,
classification_at_level,UK-200102,True,True,,GICS L1
security_name,UK-200102,True,True,,
price_timeseries,ULTA,True,True,4693,pandas
index_constituent_timeseries,ULTA@S&P 500,True,True,4693,
last_quoted_date,ULTA,True,True,,
first_quoted_date,ULTA,True,True,,
classification_at_level,ULTA,True,True,,GICS L1
security_name,ULTA,True,True,,
price_timeseries,UMG-200006,True,True,1169,pandas
index_constituent_timeseries,UMG-200006@S&P 500,True,True,1169,
last_quoted_date,UMG-200006,True,True,,
first_quoted_date,UMG-200006,True,True,,
classification_at_level,UMG-200006,True,True,,GICS L1
security_name,UMG-200006,True,True,,
price_timeseries,UN-202011,True,True,7789,pandas
index_constituent_timeseries,UN-202011@S&P 500,True,True,7789,
last_quoted_date,UN-202011,True,True,,
first_quoted_date,UN-202011,True,True,,
classification_at_level,UN-202011,True,True,,GICS L1
security_name,UN-202011,True,True,,
price_timeseries,UNA-196705,True,True,0,empty
price_timeseries,UNC-199709,True,True,1951,pandas
index_constituent_timeseries,UNC-199709@S&P 500,True,True,1951,
last_quoted_date,UNC-199709,True,True,,
first_quoted_date,UNC-199709,True,True,,
classification_at_level,UNC-199709,True,True,,GICS L1
security_name,UNC-199709,True,True,,
price_timeseries,UNH,True,True,9185,pandas
index_constituent_timeseries,UNH@S&P 500,True,True,9185,
last_quoted_date,UNH,True,True,,
first_quoted_date,UNH,True,True,,
classification_at_level,UNH,True,True,,GICS L1
security_name,UNH,True,True,,
price_timeseries,UNM,True,True,9185,pandas
index_constituent_timeseries,UNM@S&P 500,True,True,9185,
last_quoted_date,UNM,True,True,,
first_quoted_date,UNM,True,True,,
classification_at_level,UNM,True,True,,GICS L1
security_name,UNM,True,True,,
price_timeseries,UNP,True,True,9185,pandas
index_constituent_timeseries,UNP@S&P 500,True,True,9185,
last_quoted_date,UNP,True,True,,
first_quoted_date,UNP,True,True,,
classification_at_level,UNP,True,True,,GICS L1
security_name,UNP,True,True,,
price_timeseries,UP-197106,True,True,0,empty
price_timeseries,UPC-200406,True,True,3652,pandas
index_constituent_timeseries,UPC-200406@S&P 500,True,True,3652,
last_quoted_date,UPC-200406,True,True,,
first_quoted_date,UPC-200406,True,True,,
classification_at_level,UPC-200406,True,True,,GICS L1
security_name,UPC-200406,True,True,,
price_timeseries,UPI-196111,True,True,0,empty
price_timeseries,UPR-200007,True,True,1202,pandas
index_constituent_timeseries,UPR-200007@S&P 500,True,True,1202,
last_quoted_date,UPR-200007,True,True,,
first_quoted_date,UPR-200007,True,True,,
classification_at_level,UPR-200007,True,True,,GICS L1
security_name,UPR-200007,True,True,,
price_timeseries,UPS,True,True,6693,pandas
index_constituent_timeseries,UPS@S&P 500,True,True,6693,
last_quoted_date,UPS,True,True,,
first_quoted_date,UPS,True,True,,
classification_at_level,UPS,True,True,,GICS L1
security_name,UPS,True,True,,
price_timeseries,URB-197406,True,True,0,empty
price_timeseries,URBN,True,True,8199,pandas
index_constituent_timeseries,URBN@S&P 500,True,True,8199,
last_quoted_date,URBN,True,True,,
first_quoted_date,URBN,True,True,,
classification_at_level,URBN,True,True,,GICS L1
security_name,URBN,True,True,,
price_timeseries,URI,True,True,7170,pandas
index_constituent_timeseries,URI@S&P 500,True,True,7170,
last_quoted_date,URI,True,True,,
first_quoted_date,URI,True,True,,
classification_at_level,URI,True,True,,GICS L1
security_name,URI,True,True,,
price_timeseries,USB,True,True,9185,pandas
index_constituent_timeseries,USB@S&P 500,True,True,9185,
last_quoted_date,USB,True,True,,
first_quoted_date,USB,True,True,,
classification_at_level,USB,True,True,,GICS L1
security_name,USB,True,True,,
price_timeseries,USB-200102,True,True,2817,pandas
index_constituent_timeseries,USB-200102@S&P 500,True,True,2817,
last_quoted_date,USB-200102,True,True,,
first_quoted_date,USB-200102,True,True,,
classification_at_level,USB-200102,True,True,,GICS L1
security_name,USB-200102,True,True,,
price_timeseries,USBC-199708,True,True,1919,pandas
index_constituent_timeseries,USBC-199708@S&P 500,True,True,1919,
last_quoted_date,USBC-199708,True,True,,
first_quoted_date,USBC-199708,True,True,,
classification_at_level,USBC-199708,True,True,,GICS L1
security_name,USBC-199708,True,True,,
price_timeseries,USG-201904,True,True,7384,pandas
index_constituent_timeseries,USG-201904@S&P 500,True,True,7384,
last_quoted_date,USG-201904,True,True,,
first_quoted_date,USG-201904,True,True,,
classification_at_level,USG-201904,True,True,,GICS L1
security_name,USG-201904,True,True,,
price_timeseries,USH-199706,True,True,1887,pandas
index_constituent_timeseries,USH-199706@S&P 500,True,True,1887,
last_quoted_date,USH-199706,True,True,,
first_quoted_date,USH-199706,True,True,,
classification_at_level,USH-199706,True,True,,GICS L1
security_name,USH-199706,True,True,,
price_timeseries,USHC-199607,True,True,1657,pandas
index_constituent_timeseries,USHC-199607@S&P 500,True,True,1657,
last_quoted_date,USHC-199607,True,True,,
first_quoted_date,USHC-199607,True,True,,
classification_at_level,USHC-199607,True,True,,GICS L1
security_name,USHC-199607,True,True,,
price_timeseries,USL-196901,True,True,0,empty
price_timeseries,USM-197605,True,True,0,empty
price_timeseries,USS-199810,True,True,2213,pandas
index_constituent_timeseries,USS-199810@S&P 500,True,True,2213,
last_quoted_date,USS-199810,True,True,,
first_quoted_date,USS-199810,True,True,,
classification_at_level,USS-199810,True,True,,GICS L1
security_name,USS-199810,True,True,,
price_timeseries,UST-200901,True,True,4793,pandas
index_constituent_timeseries,UST-200901@S&P 500,True,True,4793,
last_quoted_date,UST-200901,True,True,,
first_quoted_date,UST-200901,True,True,,
classification_at_level,UST-200901,True,True,,GICS L1
security_name,UST-200901,True,True,,
price_timeseries,USW-200006,True,True,2654,pandas
index_constituent_timeseries,USW-200006@S&P 500,True,True,2654,
last_quoted_date,USW-200006,True,True,,
first_quoted_date,USW-200006,True,True,,
classification_at_level,USW-200006,True,True,,GICS L1
security_name,USW-200006,True,True,,
price_timeseries,UV-198003,True,True,0,empty
price_timeseries,UVN-200703,True,True,2640,pandas
index_constituent_timeseries,UVN-200703@S&P 500,True,True,2640,
last_quoted_date,UVN-200703,True,True,,
first_quoted_date,UVN-200703,True,True,,
classification_at_level,UVN-200703,True,True,,GICS L1
security_name,UVN-200703,True,True,,
price_timeseries,V,True,True,4594,pandas
index_constituent_timeseries,V@S&P 500,True,True,4594,
last_quoted_date,V,True,True,,
first_quoted_date,V,True,True,,
classification_at_level,V,True,True,,GICS L1
security_name,V,True,True,,
price_timeseries,V-196304,True,True,0,empty
price_timeseries,VALPQ-202104,True,True,7888,pandas
index_constituent_timeseries,VALPQ-202104@S&P 500,True,True,7888,
last_quoted_date,VALPQ-202104,True,True,,
first_quoted_date,VALPQ-202104,True,True,,
classification_at_level,VALPQ-202104,True,True,,GICS L1
security_name,VALPQ-202104,True,True,,
price_timeseries,VAR-202104,True,True,7882,pandas
index_constituent_timeseries,VAR-202104@S&P 500,True,True,7882,
last_quoted_date,VAR-202104,True,True,,
first_quoted_date,VAR-202104,True,True,,
classification_at_level,VAR-202104,True,True,,GICS L1
security_name,VAR-202104,True,True,,
price_timeseries,VAT-199609,True,True,1690,pandas
index_constituent_timeseries,VAT-199609@S&P 500,True,True,1690,
last_quoted_date,VAT-199609,True,True,,
first_quoted_date,VAT-199609,True,True,,
classification_at_level,VAT-199609,True,True,,GICS L1
security_name,VAT-199609,True,True,,
price_timeseries,VC-196311,True,True,0,empty
price_timeseries,VCA-196708,True,True,0,empty
price_timeseries,VEEV,True,True,3189,pandas
index_constituent_timeseries,VEEV@S&P 500,True,True,3189,
last_quoted_date,VEEV,True,True,,
first_quoted_date,VEEV,True,True,,
classification_at_level,VEEV,True,True,,GICS L1
security_name,VEEV,True,True,,
price_timeseries,VEN-198805,True,True,0,empty
price_timeseries,VER-196102,True,True,0,empty
price_timeseries,VFC,True,True,9185,pandas
index_constituent_timeseries,VFC@S&P 500,True,True,9185,
last_quoted_date,VFC,True,True,,
first_quoted_date,VFC,True,True,,
classification_at_level,VFC,True,True,,GICS L1
security_name,VFC,True,True,,
price_timeseries,VHI,True,True,9118,pandas
index_constituent_timeseries,VHI@S&P 500,True,True,9118,
last_quoted_date,VHI,True,True,,
first_quoted_date,VHI,True,True,,
classification_at_level,VHI,True,True,,GICS L1
security_name,VHI,True,True,,
price_timeseries,VIAB-201912,True,True,3524,pandas
index_constituent_timeseries,VIAB-201912@S&P 500,True,True,3524,
last_quoted_date,VIAB-201912,True,True,,
first_quoted_date,VIAB-201912,True,True,,
classification_at_level,VIAB-201912,True,True,,GICS L1
security_name,VIAB-201912,True,True,,
price_timeseries,VIAV,True,True,8176,pandas
index_constituent_timeseries,VIAV@S&P 500,True,True,8176,
last_quoted_date,VIAV,True,True,,
first_quoted_date,VIAV,True,True,,
classification_at_level,VIAV,True,True,,GICS L1
security_name,VIAV,True,True,,
price_timeseries,VICI,True,True,2178,pandas
index_constituent_timeseries,VICI@S&P 500,True,True,2178,
last_quoted_date,VICI,True,True,,
first_quoted_date,VICI,True,True,,
classification_at_level,VICI,True,True,,GICS L1
security_name,VICI,True,True,,
price_timeseries,VLO,True,True,9185,pandas
index_constituent_timeseries,VLO@S&P 500,True,True,9185,
last_quoted_date,VLO,True,True,,
first_quoted_date,VLO,True,True,,
classification_at_level,VLO,True,True,,GICS L1
security_name,VLO,True,True,,
price_timeseries,VLTO,True,True,686,pandas
index_constituent_timeseries,VLTO@S&P 500,True,True,686,
last_quoted_date,VLTO,True,True,,
first_quoted_date,VLTO,True,True,,
classification_at_level,VLTO,True,True,,GICS L1
security_name,VLTO,True,True,,
price_timeseries,VMC,True,True,9185,pandas
index_constituent_timeseries,VMC@S&P 500,True,True,9185,
last_quoted_date,VMC,True,True,,
first_quoted_date,VMC,True,True,,
classification_at_level,VMC,True,True,,GICS L1
security_name,VMC,True,True,,
price_timeseries,VNO,True,True,8950,pandas
index_constituent_timeseries,VNO@S&P 500,True,True,8950,
last_quoted_date,VNO,True,True,,
first_quoted_date,VNO,True,True,,
classification_at_level,VNO,True,True,,GICS L1
security_name,VNO,True,True,,
price_timeseries,VNT,True,True,1441,pandas
index_constituent_timeseries,VNT@S&P 500,True,True,1441,
last_quoted_date,VNT,True,True,,
first_quoted_date,VNT,True,True,,
classification_at_level,VNT,True,True,,GICS L1
security_name,VNT,True,True,,
price_timeseries,VO-200012,True,True,2766,pandas
index_constituent_timeseries,VO-200012@S&P 500,True,True,2766,
last_quoted_date,VO-200012,True,True,,
first_quoted_date,VO-200012,True,True,,
classification_at_level,VO-200012,True,True,,GICS L1
security_name,VO-200012,True,True,,
price_timeseries,VON-199704,True,True,1838,pandas
index_constituent_timeseries,VON-199704@S&P 500,True,True,1838,
last_quoted_date,VON-199704,True,True,,
first_quoted_date,VON-199704,True,True,,
classification_at_level,VON-199704,True,True,,GICS L1
security_name,VON-199704,True,True,,
price_timeseries,VRC-195912,True,True,0,empty
price_timeseries,VRSK,True,True,4202,pandas
index_constituent_timeseries,VRSK@S&P 500,True,True,4202,
last_quoted_date,VRSK,True,True,,
first_quoted_date,VRSK,True,True,,
classification_at_level,VRSK,True,True,,GICS L1
security_name,VRSK,True,True,,
price_timeseries,VRSN,True,True,7142,pandas
index_constituent_timeseries,VRSN@S&P 500,True,True,7142,
last_quoted_date,VRSN,True,True,,
first_quoted_date,VRSN,True,True,,
classification_at_level,VRSN,True,True,,GICS L1
security_name,VRSN,True,True,,
price_timeseries,VRT,True,True,1964,pandas
index_constituent_timeseries,VRT@S&P 500,True,True,1964,
last_quoted_date,VRT,True,True,,
first_quoted_date,VRT,True,True,,
classification_at_level,VRT,True,True,,GICS L1
security_name,VRT,True,True,,
price_timeseries,VRT-196807,True,True,0,empty
price_timeseries,VRTS-200507,True,True,2891,pandas
index_constituent_timeseries,VRTS-200507@S&P 500,True,True,2891,
last_quoted_date,VRTS-200507,True,True,,
first_quoted_date,VRTS-200507,True,True,,
classification_at_level,VRTS-200507,True,True,,GICS L1
security_name,VRTS-200507,True,True,,
price_timeseries,VRTX,True,True,8787,pandas
index_constituent_timeseries,VRTX@S&P 500,True,True,8787,
last_quoted_date,VRTX,True,True,,
first_quoted_date,VRTX,True,True,,
classification_at_level,VRTX,True,True,,GICS L1
security_name,VRTX,True,True,,
price_timeseries,VST,True,True,2441,pandas
index_constituent_timeseries,VST@S&P 500,True,True,2441,
last_quoted_date,VST,True,True,,
first_quoted_date,VST,True,True,,
classification_at_level,VST,True,True,,GICS L1
security_name,VST,True,True,,
price_timeseries,VSTNQ-201010,True,True,2595,pandas
index_constituent_timeseries,VSTNQ-201010@S&P 500,True,True,2595,
last_quoted_date,VSTNQ-201010,True,True,,
first_quoted_date,VSTNQ-201010,True,True,,
classification_at_level,VSTNQ-201010,True,True,,GICS L1
security_name,VSTNQ-201010,True,True,,
price_timeseries,VTR,True,True,9183,pandas
index_constituent_timeseries,VTR@S&P 500,True,True,9183,
last_quoted_date,VTR,True,True,,
first_quoted_date,VTR,True,True,,
classification_at_level,VTR,True,True,,GICS L1
security_name,VTR,True,True,,
price_timeseries,VTRS,True,True,9185,pandas
index_constituent_timeseries,VTRS@S&P 500,True,True,9185,
last_quoted_date,VTRS,True,True,,
first_quoted_date,VTRS,True,True,,
classification_at_level,VTRS,True,True,,GICS L1
security_name,VTRS,True,True,,
price_timeseries,VTSS-201504,True,True,5887,pandas
index_constituent_timeseries,VTSS-201504@S&P 500,True,True,5887,
last_quoted_date,VTSS-201504,True,True,,
first_quoted_date,VTSS-201504,True,True,,
classification_at_level,VTSS-201504,True,True,,GICS L1
security_name,VTSS-201504,True,True,,
price_timeseries,VYX,True,True,7428,pandas
index_constituent_timeseries,VYX@S&P 500,True,True,7428,
last_quoted_date,VYX,True,True,,
first_quoted_date,VYX,True,True,,
classification_at_level,VYX,True,True,,GICS L1
security_name,VYX,True,True,,
price_timeseries,VZ,True,True,9185,pandas
index_constituent_timeseries,VZ@S&P 500,True,True,9185,
last_quoted_date,VZ,True,True,,
first_quoted_date,VZ,True,True,,
classification_at_level,VZ,True,True,,GICS L1
security_name,VZ,True,True,,
price_timeseries,WAB,True,True,7805,pandas
index_constituent_timeseries,WAB@S&P 500,True,True,7805,
last_quoted_date,WAB,True,True,,
first_quoted_date,WAB,True,True,,
classification_at_level,WAB,True,True,,GICS L1
security_name,WAB,True,True,,
price_timeseries,WAI-199808,True,True,1110,pandas
index_constituent_timeseries,WAI-199808@S&P 500,True,True,1110,
last_quoted_date,WAI-199808,True,True,,
first_quoted_date,WAI-199808,True,True,,
classification_at_level,WAI-199808,True,True,,GICS L1
security_name,WAI-199808,True,True,,
price_timeseries,WAMUQ-201203,True,True,5601,pandas
index_constituent_timeseries,WAMUQ-201203@S&P 500,True,True,5601,
last_quoted_date,WAMUQ-201203,True,True,,
first_quoted_date,WAMUQ-201203,True,True,,
classification_at_level,WAMUQ-201203,True,True,,GICS L1
security_name,WAMUQ-201203,True,True,,
price_timeseries,WAN.B-199309,True,True,942,pandas
index_constituent_timeseries,WAN.B-199309@S&P 500,True,True,942,
last_quoted_date,WAN.B-199309,True,True,,
first_quoted_date,WAN.B-199309,True,True,,
classification_at_level,WAN.B-199309,True,True,,GICS L1
security_name,WAN.B-199309,True,True,,
price_timeseries,WAT,True,True,7697,pandas
index_constituent_timeseries,WAT@S&P 500,True,True,7697,
last_quoted_date,WAT,True,True,,
first_quoted_date,WAT,True,True,,
classification_at_level,WAT,True,True,,GICS L1
security_name,WAT,True,True,,
price_timeseries,WAY-195803,True,True,0,empty
price_timeseries,WB-196707,True,True,0,empty
price_timeseries,WB-200108,True,True,2949,pandas
index_constituent_timeseries,WB-200108@S&P 500,True,True,2949,
last_quoted_date,WB-200108,True,True,,
first_quoted_date,WB-200108,True,True,,
classification_at_level,WB-200108,True,True,,GICS L1
security_name,WB-200108,True,True,,
price_timeseries,WB-200812,True,True,4791,pandas
index_constituent_timeseries,WB-200812@S&P 500,True,True,4791,
last_quoted_date,WB-200812,True,True,,
first_quoted_date,WB-200812,True,True,,
classification_at_level,WB-200812,True,True,,GICS L1
security_name,WB-200812,True,True,,
price_timeseries,WBA-202508,True,True,8980,pandas
index_constituent_timeseries,WBA-202508@S&P 500,True,True,8980,
last_quoted_date,WBA-202508,True,True,,
first_quoted_date,WBA-202508,True,True,,
classification_at_level,WBA-202508,True,True,,GICS L1
security_name,WBA-202508,True,True,,
price_timeseries,WBD,True,True,5274,pandas
index_constituent_timeseries,WBD@S&P 500,True,True,5274,
last_quoted_date,WBD,True,True,,
first_quoted_date,WBD,True,True,,
classification_at_level,WBD,True,True,,GICS L1
security_name,WBD,True,True,,
price_timeseries,WCG-202001,True,True,3918,pandas
index_constituent_timeseries,WCG-202001@S&P 500,True,True,3918,
last_quoted_date,WCG-202001,True,True,,
first_quoted_date,WCG-202001,True,True,,
classification_at_level,WCG-202001,True,True,,GICS L1
security_name,WCG-202001,True,True,,
price_timeseries,WCI-199001,True,True,6,pandas
index_constituent_timeseries,WCI-199001@S&P 500,True,True,6,
last_quoted_date,WCI-199001,True,True,,
first_quoted_date,WCI-199001,True,True,,
classification_at_level,WCI-199001,True,True,,GICS L1
security_name,WCI-199001,True,True,,
price_timeseries,WCOEQ-200404,True,True,3599,pandas
index_constituent_timeseries,WCOEQ-200404@S&P 500,True,True,3599,
last_quoted_date,WCOEQ-200404,True,True,,
first_quoted_date,WCOEQ-200404,True,True,,
classification_at_level,WCOEQ-200404,True,True,,GICS L1
security_name,WCOEQ-200404,True,True,,
price_timeseries,WD-198012,True,True,0,empty
price_timeseries,WDAY,True,True,3441,pandas
index_constituent_timeseries,WDAY@S&P 500,True,True,3441,
last_quoted_date,WDAY,True,True,,
first_quoted_date,WDAY,True,True,,
classification_at_level,WDAY,True,True,,GICS L1
security_name,WDAY,True,True,,
price_timeseries,WDC,True,True,9185,pandas
index_constituent_timeseries,WDC@S&P 500,True,True,9185,
last_quoted_date,WDC,True,True,,
first_quoted_date,WDC,True,True,,
classification_at_level,WDC,True,True,,GICS L1
security_name,WDC,True,True,,
price_timeseries,WEAR-200007,True,True,2528,pandas
index_constituent_timeseries,WEAR-200007@S&P 500,True,True,2528,
last_quoted_date,WEAR-200007,True,True,,
first_quoted_date,WEAR-200007,True,True,,
classification_at_level,WEAR-200007,True,True,,GICS L1
security_name,WEAR-200007,True,True,,
price_timeseries,WEC,True,True,9185,pandas
index_constituent_timeseries,WEC@S&P 500,True,True,9185,
last_quoted_date,WEC,True,True,,
first_quoted_date,WEC,True,True,,
classification_at_level,WEC,True,True,,GICS L1
security_name,WEC,True,True,,
price_timeseries,WELB-198809,True,True,0,empty
price_timeseries,WELL,True,True,9185,pandas
index_constituent_timeseries,WELL@S&P 500,True,True,9185,
last_quoted_date,WELL,True,True,,
first_quoted_date,WELL,True,True,,
classification_at_level,WELL,True,True,,GICS L1
security_name,WELL,True,True,,
price_timeseries,WEN-200809,True,True,4726,pandas
index_constituent_timeseries,WEN-200809@S&P 500,True,True,4726,
last_quoted_date,WEN-200809,True,True,,
first_quoted_date,WEN-200809,True,True,,
classification_at_level,WEN-200809,True,True,,GICS L1
security_name,WEN-200809,True,True,,
price_timeseries,WETT-199210,True,True,717,pandas
index_constituent_timeseries,WETT-199210@S&P 500,True,True,717,
last_quoted_date,WETT-199210,True,True,,
first_quoted_date,WETT-199210,True,True,,
classification_at_level,WETT-199210,True,True,,GICS L1
security_name,WETT-199210,True,True,,
price_timeseries,WFC,True,True,9185,pandas
index_constituent_timeseries,WFC@S&P 500,True,True,9185,
last_quoted_date,WFC,True,True,,
first_quoted_date,WFC,True,True,,
classification_at_level,WFC,True,True,,GICS L1
security_name,WFC,True,True,,
price_timeseries,WFC-199811,True,True,2235,pandas
index_constituent_timeseries,WFC-199811@S&P 500,True,True,2235,
last_quoted_date,WFC-199811,True,True,,
first_quoted_date,WFC-199811,True,True,,
classification_at_level,WFC-199811,True,True,,GICS L1
security_name,WFC-199811,True,True,,
price_timeseries,WFI-198302,True,True,0,empty
price_timeseries,WFM-201708,True,True,6448,pandas
index_constituent_timeseries,WFM-201708@S&P 500,True,True,6448,
last_quoted_date,WFM-201708,True,True,,
first_quoted_date,WFM-201708,True,True,,
classification_at_level,WFM-201708,True,True,,GICS L1
security_name,WFM-201708,True,True,,
price_timeseries,WFRD,True,True,9094,pandas
index_constituent_timeseries,WFRD@S&P 500,True,True,9094,
last_quoted_date,WFRD,True,True,,
first_quoted_date,WFRD,True,True,,
classification_at_level,WFRD,True,True,,GICS L1
security_name,WFRD,True,True,,
price_timeseries,WGL-201807,True,True,7185,pandas
index_constituent_timeseries,WGL-201807@S&P 500,True,True,7185,
last_quoted_date,WGL-201807,True,True,,
first_quoted_date,WGL-201807,True,True,,
classification_at_level,WGL-201807,True,True,,GICS L1
security_name,WGL-201807,True,True,,
price_timeseries,WH-198009,True,True,0,empty
price_timeseries,WHR,True,True,9185,pandas
index_constituent_timeseries,WHR@S&P 500,True,True,9185,
last_quoted_date,WHR,True,True,,
first_quoted_date,WHR,True,True,,
classification_at_level,WHR,True,True,,GICS L1
security_name,WHR,True,True,,
price_timeseries,WHXCQ-200507,True,True,3917,pandas
index_constituent_timeseries,WHXCQ-200507@S&P 500,True,True,3917,
last_quoted_date,WHXCQ-200507,True,True,,
first_quoted_date,WHXCQ-200507,True,True,,
classification_at_level,WHXCQ-200507,True,True,,GICS L1
security_name,WHXCQ-200507,True,True,,
price_timeseries,WIL-196706,True,True,0,empty
price_timeseries,WINMQ-202009,True,True,3931,pandas
index_constituent_timeseries,WINMQ-202009@S&P 500,True,True,3931,
last_quoted_date,WINMQ-202009,True,True,,
first_quoted_date,WINMQ-202009,True,True,,
classification_at_level,WINMQ-202009,True,True,,GICS L1
security_name,WINMQ-202009,True,True,,
price_timeseries,WK-196806,True,True,0,empty
price_timeseries,WKU-196807,True,True,0,empty
price_timeseries,WLA-200006,True,True,2645,pandas
index_constituent_timeseries,WLA-200006@S&P 500,True,True,2645,
last_quoted_date,WLA-200006,True,True,,
first_quoted_date,WLA-200006,True,True,,
classification_at_level,WLA-200006,True,True,,GICS L1
security_name,WLA-200006,True,True,,
price_timeseries,WLBAQ-202004,True,True,7479,pandas
index_constituent_timeseries,WLBAQ-202004@S&P 500,True,True,7479,
last_quoted_date,WLBAQ-202004,True,True,,
first_quoted_date,WLBAQ-202004,True,True,,
classification_at_level,WLBAQ-202004,True,True,,GICS L1
security_name,WLBAQ-202004,True,True,,
price_timeseries,WLL-200203,True,True,3078,pandas
index_constituent_timeseries,WLL-200203@S&P 500,True,True,3078,
last_quoted_date,WLL-200203,True,True,,
first_quoted_date,WLL-200203,True,True,,
classification_at_level,WLL-200203,True,True,,GICS L1
security_name,WLL-200203,True,True,,
price_timeseries,WLP-200411,True,True,2984,pandas
index_constituent_timeseries,WLP-200411@S&P 500,True,True,2984,
last_quoted_date,WLP-200411,True,True,,
first_quoted_date,WLP-200411,True,True,,
classification_at_level,WLP-200411,True,True,,GICS L1
security_name,WLP-200411,True,True,,
price_timeseries,WM,True,True,9165,pandas
index_constituent_timeseries,WM@S&P 500,True,True,9165,
last_quoted_date,WM,True,True,,
first_quoted_date,WM,True,True,,
classification_at_level,WM,True,True,,GICS L1
security_name,WM,True,True,,
price_timeseries,WMB,True,True,9185,pandas
index_constituent_timeseries,WMB@S&P 500,True,True,9185,
last_quoted_date,WMB,True,True,,
first_quoted_date,WMB,True,True,,
classification_at_level,WMB,True,True,,GICS L1
security_name,WMB,True,True,,
price_timeseries,WMRY-198304,True,True,0,empty
price_timeseries,WMT,True,True,9185,pandas
index_constituent_timeseries,WMT@S&P 500,True,True,9185,
last_quoted_date,WMT,True,True,,
first_quoted_date,WMT,True,True,,
classification_at_level,WMT,True,True,,GICS L1
security_name,WMT,True,True,,
price_timeseries,WMX-199807,True,True,2159,pandas
index_constituent_timeseries,WMX-199807@S&P 500,True,True,2159,
last_quoted_date,WMX-199807,True,True,,
first_quoted_date,WMX-199807,True,True,,
classification_at_level,WMX-199807,True,True,,GICS L1
security_name,WMX-199807,True,True,,
price_timeseries,WNDXQ-200611,True,True,4260,pandas
index_constituent_timeseries,WNDXQ-200611@S&P 500,True,True,4260,
last_quoted_date,WNDXQ-200611,True,True,,
first_quoted_date,WNDXQ-200611,True,True,,
classification_at_level,WNDXQ-200611,True,True,,GICS L1
security_name,WNDXQ-200611,True,True,,
price_timeseries,WOR,True,True,9185,pandas
index_constituent_timeseries,WOR@S&P 500,True,True,9185,
last_quoted_date,WOR,True,True,,
first_quoted_date,WOR,True,True,,
classification_at_level,WOR,True,True,,GICS L1
security_name,WOR,True,True,,
price_timeseries,WOS-196006,True,True,0,empty
price_timeseries,WPI-198611,True,True,0,empty
price_timeseries,WPM-199312,True,True,913,pandas
index_constituent_timeseries,WPM-199312@S&P 500,True,True,913,
last_quoted_date,WPM-199312,True,True,,
first_quoted_date,WPM-199312,True,True,,
classification_at_level,WPM-199312,True,True,,GICS L1
security_name,WPM-199312,True,True,,
price_timeseries,WPX-202101,True,True,2282,pandas
index_constituent_timeseries,WPX-202101@S&P 500,True,True,2282,
last_quoted_date,WPX-202101,True,True,,
first_quoted_date,WPX-202101,True,True,,
classification_at_level,WPX-202101,True,True,,GICS L1
security_name,WPX-202101,True,True,,
price_timeseries,WRB,True,True,9175,pandas
index_constituent_timeseries,WRB@S&P 500,True,True,9175,
last_quoted_date,WRB,True,True,,
first_quoted_date,WRB,True,True,,
classification_at_level,WRB,True,True,,GICS L1
security_name,WRB,True,True,,
price_timeseries,WRC-198605,True,True,0,empty
price_timeseries,WRK-202407,True,True,2272,pandas
index_constituent_timeseries,WRK-202407@S&P 500,True,True,2272,
last_quoted_date,WRK-202407,True,True,,
first_quoted_date,WRK-202407,True,True,,
classification_at_level,WRK-202407,True,True,,GICS L1
security_name,WRK-202407,True,True,,
price_timeseries,WS-198003,True,True,0,empty
price_timeseries,WSM,True,True,9182,pandas
index_constituent_timeseries,WSM@S&P 500,True,True,9182,
last_quoted_date,WSM,True,True,,
first_quoted_date,WSM,True,True,,
classification_at_level,WSM,True,True,,GICS L1
security_name,WSM,True,True,,
price_timeseries,WSN-199504,True,True,1336,pandas
index_constituent_timeseries,WSN-199504@S&P 500,True,True,1336,
last_quoted_date,WSN-199504,True,True,,
first_quoted_date,WSN-199504,True,True,,
classification_at_level,WSN-199504,True,True,,GICS L1
security_name,WSN-199504,True,True,,
price_timeseries,WST,True,True,9160,pandas
index_constituent_timeseries,WST@S&P 500,True,True,9160,
last_quoted_date,WST,True,True,,
first_quoted_date,WST,True,True,,
classification_at_level,WST,True,True,,GICS L1
security_name,WST,True,True,,
price_timeseries,WSW-198604,True,True,0,empty
price_timeseries,WTH-196711,True,True,0,empty
price_timeseries,WTW,True,True,6294,pandas
index_constituent_timeseries,WTW@S&P 500,True,True,6294,
last_quoted_date,WTW,True,True,,
first_quoted_date,WTW,True,True,,
classification_at_level,WTW,True,True,,GICS L1
security_name,WTW,True,True,,
price_timeseries,WU,True,True,4969,pandas
index_constituent_timeseries,WU@S&P 500,True,True,4969,
last_quoted_date,WU,True,True,,
first_quoted_date,WU,True,True,,
classification_at_level,WU,True,True,,GICS L1
security_name,WU,True,True,,
price_timeseries,WW-197112,True,True,0,empty
price_timeseries,WWY-200810,True,True,4731,pandas
index_constituent_timeseries,WWY-200810@S&P 500,True,True,4731,
last_quoted_date,WWY-200810,True,True,,
first_quoted_date,WWY-200810,True,True,,
classification_at_level,WWY-200810,True,True,,GICS L1
security_name,WWY-200810,True,True,,
price_timeseries,WY,True,True,9185,pandas
index_constituent_timeseries,WY@S&P 500,True,True,9185,
last_quoted_date,WY,True,True,,
first_quoted_date,WY,True,True,,
classification_at_level,WY,True,True,,GICS L1
security_name,WY,True,True,,
price_timeseries,WYE-200910,True,True,4990,pandas
index_constituent_timeseries,WYE-200910@S&P 500,True,True,4990,
last_quoted_date,WYE-200910,True,True,,
first_quoted_date,WYE-200910,True,True,,
classification_at_level,WYE-200910,True,True,,GICS L1
security_name,WYE-200910,True,True,,
price_timeseries,WYNN,True,True,5951,pandas
index_constituent_timeseries,WYNN@S&P 500,True,True,5951,
last_quoted_date,WYNN,True,True,,
first_quoted_date,WYNN,True,True,,
classification_at_level,WYNN,True,True,,GICS L1
security_name,WYNN,True,True,,
price_timeseries,X-202506,True,True,8608,pandas
index_constituent_timeseries,X-202506@S&P 500,True,True,8608,
last_quoted_date,X-202506,True,True,,
first_quoted_date,X-202506,True,True,,
classification_at_level,X-202506,True,True,,GICS L1
security_name,X-202506,True,True,,
price_timeseries,XA-196810,True,True,0,empty
price_timeseries,XEC-202109,True,True,4788,pandas
index_constituent_timeseries,XEC-202109@S&P 500,True,True,4788,
last_quoted_date,XEC-202109,True,True,,
first_quoted_date,XEC-202109,True,True,,
classification_at_level,XEC-202109,True,True,,GICS L1
security_name,XEC-202109,True,True,,
price_timeseries,XEL,True,True,9185,pandas
index_constituent_timeseries,XEL@S&P 500,True,True,9185,
last_quoted_date,XEL,True,True,,
first_quoted_date,XEL,True,True,,
classification_at_level,XEL,True,True,,GICS L1
security_name,XEL,True,True,,
price_timeseries,XL-201809,True,True,6840,pandas
index_constituent_timeseries,XL-201809@S&P 500,True,True,6840,
last_quoted_date,XL-201809,True,True,,
first_quoted_date,XL-201809,True,True,,
classification_at_level,XL-201809,True,True,,GICS L1
security_name,XL-201809,True,True,,
price_timeseries,XLNX-202202,True,True,7981,pandas
index_constituent_timeseries,XLNX-202202@S&P 500,True,True,7981,
last_quoted_date,XLNX-202202,True,True,,
first_quoted_date,XLNX-202202,True,True,,
classification_at_level,XLNX-202202,True,True,,GICS L1
security_name,XLNX-202202,True,True,,
price_timeseries,XLO-198609,True,True,0,empty
price_timeseries,XOM,True,True,9185,pandas
index_constituent_timeseries,XOM@S&P 500,True,True,9185,
last_quoted_date,XOM,True,True,,
first_quoted_date,XOM,True,True,,
classification_at_level,XOM,True,True,,GICS L1
security_name,XOM,True,True,,
price_timeseries,XRAY,True,True,9172,pandas
index_constituent_timeseries,XRAY@S&P 500,True,True,9172,
last_quoted_date,XRAY,True,True,,
first_quoted_date,XRAY,True,True,,
classification_at_level,XRAY,True,True,,GICS L1
security_name,XRAY,True,True,,
price_timeseries,XRX,True,True,9185,pandas
index_constituent_timeseries,XRX@S&P 500,True,True,9185,
last_quoted_date,XRX,True,True,,
first_quoted_date,XRX,True,True,,
classification_at_level,XRX,True,True,,GICS L1
security_name,XRX,True,True,,
price_timeseries,XTO-201006,True,True,4283,pandas
index_constituent_timeseries,XTO-201006@S&P 500,True,True,4283,
last_quoted_date,XTO-201006,True,True,,
first_quoted_date,XTO-201006,True,True,,
classification_at_level,XTO-201006,True,True,,GICS L1
security_name,XTO-201006,True,True,,
price_timeseries,XYL,True,True,3693,pandas
index_constituent_timeseries,XYL@S&P 500,True,True,3693,
last_quoted_date,XYL,True,True,,
first_quoted_date,XYL,True,True,,
classification_at_level,XYL,True,True,,GICS L1
security_name,XYL,True,True,,
price_timeseries,XYZ,True,True,2661,pandas
index_constituent_timeseries,XYZ@S&P 500,True,True,2661,
last_quoted_date,XYZ,True,True,,
first_quoted_date,XYZ,True,True,,
classification_at_level,XYZ,True,True,,GICS L1
security_name,XYZ,True,True,,
price_timeseries,YAT-196310,True,True,0,empty
price_timeseries,YB-196905,True,True,0,empty
price_timeseries,YELLQ,True,True,9052,pandas
index_constituent_timeseries,YELLQ@S&P 500,True,True,9052,
last_quoted_date,YELLQ,True,True,,
first_quoted_date,YELLQ,True,True,,
classification_at_level,YELLQ,True,True,,GICS L1
security_name,YELLQ,True,True,,
price_timeseries,YNR-200010,True,True,606,pandas
index_constituent_timeseries,YNR-200010@S&P 500,True,True,606,
last_quoted_date,YNR-200010,True,True,,
first_quoted_date,YNR-200010,True,True,,
classification_at_level,YNR-200010,True,True,,GICS L1
security_name,YNR-200010,True,True,,
price_timeseries,YUM,True,True,7238,pandas
index_constituent_timeseries,YUM@S&P 500,True,True,7238,
last_quoted_date,YUM,True,True,,
first_quoted_date,YUM,True,True,,
classification_at_level,YUM,True,True,,GICS L1
security_name,YUM,True,True,,
price_timeseries,ZA-197106,True,True,0,empty
price_timeseries,ZB-198610,True,True,0,empty
price_timeseries,ZBH,True,True,6264,pandas
index_constituent_timeseries,ZBH@S&P 500,True,True,6264,
last_quoted_date,ZBH,True,True,,
first_quoted_date,ZBH,True,True,,
classification_at_level,ZBH,True,True,,GICS L1
security_name,ZBH,True,True,,
price_timeseries,ZBRA,True,True,8775,pandas
index_constituent_timeseries,ZBRA@S&P 500,True,True,8775,
last_quoted_date,ZBRA,True,True,,
first_quoted_date,ZBRA,True,True,,
classification_at_level,ZBRA,True,True,,GICS L1
security_name,ZBRA,True,True,,
price_timeseries,ZE-199805,True,True,2121,pandas
index_constituent_timeseries,ZE-199805@S&P 500,True,True,2121,
last_quoted_date,ZE-199805,True,True,,
first_quoted_date,ZE-199805,True,True,,
classification_at_level,ZE-199805,True,True,,GICS L1
security_name,ZE-199805,True,True,,
price_timeseries,ZION,True,True,9149,pandas
index_constituent_timeseries,ZION@S&P 500,True,True,9149,
last_quoted_date,ZION,True,True,,
first_quoted_date,ZION,True,True,,
classification_at_level,ZION,True,True,,GICS L1
security_name,ZION,True,True,,
price_timeseries,ZRN-199806,True,True,2135,pandas
index_constituent_timeseries,ZRN-199806@S&P 500,True,True,2135,
last_quoted_date,ZRN-199806,True,True,,
first_quoted_date,ZRN-199806,True,True,,
classification_at_level,ZRN-199806,True,True,,GICS L1
security_name,ZRN-199806,True,True,,
price_timeseries,ZTS,True,True,3367,pandas
index_constituent_timeseries,ZTS@S&P 500,True,True,3367,
last_quoted_date,ZTS,True,True,,
first_quoted_date,ZTS,True,True,,
classification_at_level,ZTS,True,True,,GICS L1
security_name,ZTS,True,True,,
price_timeseries,SPY,True,True,8406,pandas
