ticker,availability_date,form
AAPL,2015-06-10 20:05:10,8-K
AAPL,2015-07-21 20:30:58,8-K
AAPL,2015-07-22 21:01:17,10-Q
AAPL,2015-07-31 20:35:41,8-K
AAPL,2015-09-17 20:31:39,8-K
AAPL,2015-10-02 20:30:10,8-K
AAPL,2015-10-27 20:30:36,8-K
AAPL,2015-10-28 20:31:09,10-K
AAPL,2015-12-17 21:30:59,8-K
AAPL,2015-12-22 21:33:05,8-K
AAPL,2016-01-26 21:31:06,8-K
AAPL,2016-01-27 21:32:03,10-Q
AAPL,2016-02-23 21:13:37,8-K
AAPL,2016-03-01 21:32:05,8-K
AAPL,2016-03-24 20:13:11,8-K
AAPL,2016-04-26 20:31:09,8-K
AAPL,2016-04-27 20:32:53,10-Q
AAPL,2016-06-22 20:31:03,8-K
AAPL,2016-07-26 20:30:55,8-K
AAPL,2016-07-27 20:32:36,10-Q
AAPL,2016-08-04 21:26:33,8-K
AAPL,2016-10-25 20:32:39,8-K
AAPL,2016-10-26 20:42:16,10-K
AAPL,2016-12-15 21:54:42,8-K
AAPL,2017-01-31 21:31:02,8-K
AAPL,2017-02-01 21:33:29,10-Q
AAPL,2017-02-09 22:02:03,8-K
AAPL,2017-03-01 14:00:56,8-K
AAPL,2017-03-03 21:36:03,8-K
AAPL,2017-05-02 20:31:37,8-K
AAPL,2017-05-03 20:32:23,10-Q
AAPL,2017-05-11 20:56:33,8-K
AAPL,2017-05-24 21:19:03,8-K
AAPL,2017-06-20 20:36:33,8-K
AAPL,2017-08-01 20:30:15,8-K
AAPL,2017-08-02 20:31:28,10-Q
AAPL,2017-08-18 20:30:58,8-K
AAPL,2017-09-12 20:45:59,8-K
AAPL,2017-10-12 20:31:33,8-K
AAPL,2017-11-02 20:30:16,8-K
AAPL,2017-11-03 12:01:37,10-K
AAPL,2017-11-13 21:44:57,8-K
AAPL,2018-02-01 21:30:17,8-K
AAPL,2018-02-02 13:01:26,10-Q
AAPL,2018-02-14 21:54:21,8-K
AAPL,2018-05-01 20:30:17,8-K
AAPL,2018-05-02 20:32:12,10-Q
AAPL,2018-05-07 20:30:56,8-K
AAPL,2018-07-31 20:30:20,8-K
AAPL,2018-08-01 20:31:48,10-Q
AAPL,2018-11-01 20:30:21,8-K
AAPL,2018-11-05 13:01:40,10-K
AAPL,2019-01-02 21:30:03,8-K
AAPL,2019-01-29 21:30:18,8-K
AAPL,2019-01-30 21:31:37,10-Q
AAPL,2019-02-06 13:00:34,8-K
AAPL,2019-03-04 21:32:18,8-K
AAPL,2019-04-30 20:30:16,8-K
AAPL,2019-05-01 20:32:00,10-Q
AAPL,2019-07-30 20:30:36,8-K
AAPL,2019-07-31 20:31:53,10-Q
AAPL,2019-09-11 20:21:21,8-K
AAPL,2019-09-13 21:15:36,8-K
AAPL,2019-10-30 20:30:40,8-K
AAPL,2019-10-30 22:12:36,10-K
AAPL,2019-11-15 11:02:24,8-K
AAPL,2020-01-28 21:30:40,8-K
AAPL,2020-01-28 23:02:44,10-Q
AAPL,2020-02-18 11:24:57,8-K
AAPL,2020-02-27 11:14:21,8-K
AAPL,2020-04-30 20:30:41,8-K
AAPL,2020-04-30 22:03:10,10-Q
AAPL,2020-05-11 20:31:15,8-K
AAPL,2020-07-30 22:55:04,8-K
AAPL,2020-07-30 23:29:09,10-Q
AAPL,2020-08-07 21:20:23,8-K
AAPL,2020-08-20 20:30:57,8-K
AAPL,2020-10-29 20:30:32,8-K
AAPL,2020-10-29 22:06:25,10-K
AAPL,2021-01-05 21:32:16,8-K
AAPL,2021-01-27 21:30:35,8-K
AAPL,2021-01-27 23:03:06,10-Q
AAPL,2021-02-08 21:31:03,8-K
AAPL,2021-02-24 21:31:21,8-K
AAPL,2021-04-28 20:30:33,8-K
AAPL,2021-04-28 22:02:54,10-Q
AAPL,2021-07-27 20:35:44,8-K
AAPL,2021-07-27 22:03:42,10-Q
AAPL,2021-08-05 20:31:44,8-K
AAPL,2021-10-28 20:30:23,8-K
AAPL,2021-10-28 22:04:28,10-K
AAPL,2021-11-12 21:31:14,8-K
AAPL,2022-01-27 21:30:36,8-K
AAPL,2022-01-27 23:00:58,10-Q
AAPL,2022-03-04 21:35:09,8-K
AAPL,2022-04-28 20:32:12,8-K
AAPL,2022-04-28 22:03:58,10-Q
AAPL,2022-07-28 20:31:44,8-K
AAPL,2022-07-28 22:06:56,10-Q
AAPL,2022-08-08 20:32:16,8-K
AAPL,2022-08-19 20:31:06,8-K
AAPL,2022-10-27 20:30:22,8-K
AAPL,2022-10-27 22:01:14,10-K
AAPL,2022-11-07 11:27:07,8-K
AAPL,2023-02-02 21:30:33,8-K
AAPL,2023-02-02 23:01:30,10-Q
AAPL,2023-03-10 21:30:52,8-K
AAPL,2023-05-04 20:30:43,8-K
AAPL,2023-05-04 22:03:52,10-Q
AAPL,2023-05-10 20:31:27,8-K
AAPL,2023-08-03 20:30:21,8-K
AAPL,2023-08-03 22:04:43,10-Q
AAPL,2023-11-02 20:30:32,8-K
AAPL,2023-11-02 22:08:27,10-K
AAPL,2024-02-01 21:30:30,8-K
AAPL,2024-02-01 23:03:38,10-Q
AAPL,2024-02-28 22:09:05,8-K
AAPL,2024-05-02 20:30:34,8-K
AAPL,2024-05-02 22:04:25,10-Q
AAPL,2024-05-03 20:35:42,8-K
AAPL,2024-08-01 20:30:26,8-K
AAPL,2024-08-01 22:03:34,10-Q
AAPL,2024-08-23 20:30:44,8-K
AAPL,2024-08-26 21:20:33,8-K
AAPL,2024-09-10 13:06:34,8-K
AAPL,2024-10-31 20:30:25,8-K
AAPL,2024-11-01 10:01:36,10-K
AAPL,2025-01-03 21:30:56,8-K
AAPL,2025-01-30 21:30:23,8-K
AAPL,2025-01-31 11:01:27,10-Q
AAPL,2025-02-25 21:47:19,8-K
AAPL,2025-05-01 20:30:21,8-K
AAPL,2025-05-02 10:00:46,10-Q
AAPL,2025-05-12 20:30:28,8-K
AAPL,2025-07-09 01:18:13,8-K
AAPL,2025-07-25 20:30:49,8-K
AAPL,2025-07-31 20:30:25,8-K
AAPL,2025-08-01 10:00:42,10-Q
AAPL,2025-10-30 20:30:35,8-K
AAPL,2025-10-31 10:01:26,10-K
AAPL,2025-12-05 21:31:42,8-K
AAPL,2026-01-02 21:30:52,8-K
AAPL,2026-01-29 21:30:33,8-K
AAPL,2026-01-30 11:01:32,10-Q
AAPL,2026-02-24 21:55:58,8-K
AAPL,2026-04-20 21:29:51,8-K
AAPL,2026-04-30 20:30:41,8-K
AAPL,2026-05-01 10:01:00,10-Q
ABT,2018-05-02 20:17:34,10-Q
ABT,2018-06-08 20:33:45,8-K
ABT,2018-06-22 20:45:37,8-K
ABT,2018-07-18 11:49:43,8-K
ABT,2018-08-01 20:02:04,10-Q
ABT,2018-09-18 22:10:05,8-K
ABT,2018-09-28 21:04:48,8-K
ABT,2018-10-15 16:12:58,8-K
ABT,2018-10-17 11:54:13,8-K
ABT,2018-10-29 20:05:24,8-K
ABT,2018-10-31 20:02:08,10-Q
ABT,2018-11-14 21:05:43,8-K
ABT,2018-11-30 21:31:07,8-K
ABT,2019-01-23 12:52:17,8-K
ABT,2019-02-22 21:13:21,10-K
ABT,2019-02-25 21:30:24,8-K
ABT,2019-04-17 11:50:00,8-K
ABT,2019-04-30 20:05:30,8-K
ABT,2019-05-01 20:09:25,10-Q
ABT,2019-06-25 21:17:21,8-K
ABT,2019-07-17 11:37:35,8-K
ABT,2019-07-31 20:15:28,10-Q
ABT,2019-09-10 20:05:53,8-K
ABT,2019-10-15 10:53:48,8-K
ABT,2019-10-16 11:38:57,8-K
ABT,2019-10-31 20:02:42,10-Q
ABT,2019-11-12 11:14:40,8-K
ABT,2019-11-13 16:06:32,8-K
ABT,2019-11-19 21:30:37,8-K
ABT,2019-12-19 21:30:40,8-K
ABT,2020-01-08 15:05:22,8-K
ABT,2020-01-22 12:49:49,8-K
ABT,2020-02-11 22:19:27,8-K
ABT,2020-02-21 21:28:23,10-K
ABT,2020-02-27 21:10:40,8-K
ABT,2020-04-16 11:43:27,8-K
ABT,2020-04-28 20:30:19,8-K
ABT,2020-04-29 20:16:47,10-Q
ABT,2020-06-24 20:20:08,8-K
ABT,2020-07-16 11:41:26,8-K
ABT,2020-07-29 21:16:23,10-Q
ABT,2020-10-21 11:35:23,8-K
ABT,2020-11-04 21:01:05,10-Q
ABT,2020-11-12 21:04:51,8-K
ABT,2020-11-20 21:07:26,8-K
ABT,2021-01-27 12:41:28,8-K
ABT,2021-02-19 21:10:04,10-K
ABT,2021-02-19 21:23:59,8-K
ABT,2021-04-20 11:38:48,8-K
ABT,2021-04-26 20:16:33,8-K
ABT,2021-05-05 20:01:22,10-Q
ABT,2021-06-03 20:22:04,8-K
ABT,2021-07-22 11:22:59,8-K
ABT,2021-08-04 20:01:33,10-Q
ABT,2021-09-01 11:11:01,8-K
ABT,2021-10-20 11:47:37,8-K
ABT,2021-11-03 20:04:53,10-Q
ABT,2021-12-10 21:34:38,8-K
ABT,2021-12-13 21:10:09,8-K
ABT,2022-01-26 12:47:05,8-K
ABT,2022-02-18 18:02:03,8-K
ABT,2022-02-18 21:02:57,10-K
ABT,2022-02-22 21:04:48,8-K
ABT,2022-04-20 11:37:14,8-K
ABT,2022-05-02 20:36:58,8-K
ABT,2022-05-03 20:29:24,10-Q
ABT,2022-07-20 11:36:38,8-K
ABT,2022-08-02 20:02:47,10-Q
ABT,2022-09-15 20:03:07,8-K
ABT,2022-10-19 11:58:37,8-K
ABT,2022-10-21 20:05:22,8-K
ABT,2022-11-01 20:06:19,10-Q
ABT,2022-12-09 21:02:49,8-K
ABT,2023-01-25 12:38:48,8-K
ABT,2023-02-17 21:09:44,10-K
ABT,2023-02-17 21:23:24,8-K
ABT,2023-04-19 11:25:16,8-K
ABT,2023-05-02 10:00:54,8-K
ABT,2023-05-04 20:03:45,10-Q
ABT,2023-06-12 14:32:56,8-K
ABT,2023-07-20 12:29:15,8-K
ABT,2023-08-03 20:07:28,10-Q
ABT,2023-10-18 11:37:08,8-K
ABT,2023-11-01 20:07:32,10-Q
ABT,2024-01-24 12:36:44,8-K
ABT,2024-01-29 21:10:51,8-K
ABT,2024-02-16 21:15:58,10-K
ABT,2024-04-17 11:36:02,8-K
ABT,2024-04-29 20:08:05,8-K
ABT,2024-05-01 20:02:09,8-K
ABT,2024-05-02 20:11:10,10-Q
ABT,2024-07-18 11:37:35,8-K
ABT,2024-07-31 20:02:17,10-Q
ABT,2024-10-16 11:37:36,8-K
ABT,2024-10-31 21:14:00,10-Q
ABT,2024-11-15 21:13:33,8-K
ABT,2025-01-22 12:13:21,8-K
ABT,2025-02-21 21:07:20,10-K
ABT,2025-04-16 11:36:02,8-K
ABT,2025-04-28 20:10:13,8-K
ABT,2025-04-30 20:14:32,10-Q
ABT,2025-05-01 20:01:21,8-K
ABT,2025-07-17 11:34:53,8-K
ABT,2025-07-30 20:14:29,10-Q
ABT,2025-10-15 11:33:48,8-K
ABT,2025-10-29 20:22:25,10-Q
ABT,2025-11-20 12:37:40,8-K
ABT,2025-11-21 21:06:09,8-K
ABT,2025-12-12 21:10:48,8-K
ABT,2026-01-22 12:35:32,8-K
ABT,2026-02-20 21:05:29,10-K
ABT,2026-02-20 21:17:51,8-K
ABT,2026-02-26 21:16:53,8-K
ABT,2026-03-09 20:21:32,8-K
ABT,2026-03-23 12:54:17,8-K
ABT,2026-04-16 11:36:25,8-K
ABT,2026-04-17 20:04:06,8-K
ABT,2026-04-27 20:06:40,8-K
ABT,2026-04-29 20:05:05,10-Q
ACN,2023-03-23 10:47:32,8-K
ACN,2023-03-23 10:49:24,10-Q
ACN,2023-04-14 10:44:28,8-K
ACN,2023-06-22 10:48:52,8-K
ACN,2023-06-22 10:50:30,10-Q
ACN,2023-07-27 20:38:49,8-K
ACN,2023-09-28 10:49:52,8-K
ACN,2023-10-12 10:54:36,10-K
ACN,2023-12-06 11:43:10,8-K
ACN,2023-12-19 11:54:16,8-K
ACN,2023-12-19 12:02:06,10-Q
ACN,2024-01-31 21:19:29,8-K
ACN,2024-03-21 10:42:50,8-K
ACN,2024-03-21 10:46:17,10-Q
ACN,2024-05-17 10:44:26,8-K
ACN,2024-06-11 20:37:56,8-K
ACN,2024-06-20 10:43:02,8-K
ACN,2024-06-20 10:44:37,10-Q
ACN,2024-09-26 10:43:28,8-K
ACN,2024-09-30 12:18:44,8-K
ACN,2024-10-04 18:10:00,8-K
ACN,2024-10-10 10:43:59,10-K
ACN,2024-12-02 11:39:36,8-K
ACN,2024-12-19 11:46:11,8-K
ACN,2024-12-19 11:48:37,10-Q
ACN,2025-02-06 21:16:54,8-K
ACN,2025-02-13 13:00:31,8-K
ACN,2025-03-20 10:43:05,8-K
ACN,2025-03-20 10:44:57,10-Q
ACN,2025-06-20 10:43:34,8-K
ACN,2025-06-20 10:44:48,10-Q
ACN,2025-06-20 10:49:26,8-K
ACN,2025-09-25 10:43:15,8-K
ACN,2025-10-10 10:53:53,10-K
ACN,2025-12-18 11:42:19,8-K
ACN,2025-12-18 11:44:29,10-Q
ACN,2026-01-28 21:21:45,8-K
ACN,2026-03-19 10:40:55,8-K
ACN,2026-03-19 10:43:54,10-Q
ACN,2026-04-24 10:35:41,8-K
ACN,2026-06-18 10:41:29,8-K
ACN,2026-06-18 10:42:48,10-Q
ACN,2026-06-23 11:05:28,8-K
ADBE,2018-03-15 20:09:22,8-K
ADBE,2018-03-28 20:03:36,10-Q
ADBE,2018-04-05 12:47:41,8-K
ADBE,2018-04-13 20:09:53,8-K
ADBE,2018-05-21 20:11:37,8-K
ADBE,2018-06-14 20:06:19,8-K
ADBE,2018-06-27 20:12:04,10-Q
ADBE,2018-09-13 20:07:47,8-K
ADBE,2018-09-21 20:10:28,8-K
ADBE,2018-09-26 20:10:19,10-Q
ADBE,2018-10-09 20:04:46,8-K
ADBE,2018-10-19 20:12:28,8-K
ADBE,2018-11-05 21:12:05,8-K
ADBE,2018-11-19 21:11:01,8-K
ADBE,2018-12-13 21:06:11,8-K
ADBE,2019-01-24 14:10:03,8-K
ADBE,2019-01-25 11:24:29,10-K
ADBE,2019-01-28 21:05:46,8-K
ADBE,2019-03-14 20:07:18,8-K
ADBE,2019-03-27 20:07:38,10-Q
ADBE,2019-04-12 20:09:32,8-K
ADBE,2019-06-18 20:07:20,8-K
ADBE,2019-06-26 20:07:21,10-Q
ADBE,2019-09-17 20:08:52,8-K
ADBE,2019-09-26 20:25:38,10-Q
ADBE,2019-12-12 21:08:16,8-K
ADBE,2020-01-21 11:06:41,10-K
ADBE,2020-01-24 21:17:15,8-K
ADBE,2020-01-30 21:59:08,8-K
ADBE,2020-02-03 21:05:41,8-K
ADBE,2020-03-12 20:07:22,8-K
ADBE,2020-03-25 20:07:07,10-Q
ADBE,2020-04-10 20:14:09,8-K
ADBE,2020-06-11 20:07:40,8-K
ADBE,2020-06-24 20:05:10,10-Q
ADBE,2020-09-15 20:07:22,8-K
ADBE,2020-09-23 20:03:46,10-Q
ADBE,2020-10-06 20:34:07,8-K
ADBE,2020-10-23 20:11:52,8-K
ADBE,2020-12-10 13:04:03,8-K
ADBE,2021-01-15 21:03:42,10-K
ADBE,2021-01-27 22:19:39,8-K
ADBE,2021-03-23 20:07:40,8-K
ADBE,2021-03-31 20:02:34,10-Q
ADBE,2021-04-22 20:16:58,8-K
ADBE,2021-05-28 20:09:08,8-K
ADBE,2021-06-02 20:34:50,8-K
ADBE,2021-06-17 20:09:03,8-K
ADBE,2021-06-30 20:02:16,10-Q
ADBE,2021-09-21 20:06:40,8-K
ADBE,2021-09-29 20:02:05,10-Q
ADBE,2021-10-01 12:42:04,8-K
ADBE,2021-10-22 20:03:54,8-K
ADBE,2021-11-23 21:09:48,8-K
ADBE,2021-12-16 13:06:28,8-K
ADBE,2021-12-16 13:14:45,8-K
ADBE,2022-01-10 21:20:45,8-K
ADBE,2022-01-18 22:14:10,8-K
ADBE,2022-01-21 21:03:34,10-K
ADBE,2022-01-27 21:28:33,8-K
ADBE,2022-03-17 20:13:21,8-K
ADBE,2022-03-22 20:06:38,8-K
ADBE,2022-03-30 20:22:21,10-Q
ADBE,2022-04-19 20:57:17,8-K
ADBE,2022-06-16 20:06:52,8-K
ADBE,2022-06-29 20:12:27,10-Q
ADBE,2022-07-01 01:33:56,8-K
ADBE,2022-09-15 12:03:30,8-K
ADBE,2022-09-15 13:20:23,8-K
ADBE,2022-09-28 20:03:14,10-Q
ADBE,2022-12-15 21:06:10,8-K
ADBE,2023-01-17 21:34:00,10-K
ADBE,2023-01-19 21:06:00,8-K
ADBE,2023-01-26 21:14:22,8-K
ADBE,2023-03-15 20:06:36,8-K
ADBE,2023-03-29 21:15:50,10-Q
ADBE,2023-04-24 20:09:54,8-K
ADBE,2023-06-15 20:06:02,8-K
ADBE,2023-06-28 20:25:23,10-Q
ADBE,2023-09-14 20:06:02,8-K
ADBE,2023-09-27 20:05:22,10-Q
ADBE,2023-10-26 20:09:12,8-K
ADBE,2023-12-13 21:06:47,8-K
ADBE,2023-12-18 13:01:03,8-K
ADBE,2024-01-17 01:01:55,10-K
ADBE,2024-01-26 21:08:26,8-K
ADBE,2024-03-14 20:07:21,8-K
ADBE,2024-03-27 12:05:50,10-Q
ADBE,2024-04-04 20:06:01,8-K
ADBE,2024-04-19 20:09:57,8-K
ADBE,2024-06-13 20:06:10,8-K
ADBE,2024-06-26 20:03:14,10-Q
ADBE,2024-07-18 20:15:45,8-K
ADBE,2024-08-08 20:05:40,8-K
ADBE,2024-09-12 20:06:12,8-K
ADBE,2024-09-25 20:01:59,10-Q
ADBE,2024-12-11 21:06:49,8-K
ADBE,2025-01-13 21:02:17,10-K
ADBE,2025-01-17 21:05:22,8-K
ADBE,2025-01-30 21:17:12,8-K
ADBE,2025-03-12 20:06:35,8-K
ADBE,2025-03-26 20:03:42,10-Q
ADBE,2025-04-24 20:06:22,8-K
ADBE,2025-06-12 20:19:20,8-K
ADBE,2025-06-25 20:02:29,10-Q
ADBE,2025-09-11 20:06:22,8-K
ADBE,2025-09-24 20:03:30,10-Q
ADBE,2025-12-10 21:05:55,8-K
ADBE,2026-01-15 22:01:55,10-K
ADBE,2026-01-27 22:04:38,8-K
ADBE,2026-03-12 20:09:23,8-K
ADBE,2026-03-25 20:05:43,10-Q
ADBE,2026-04-21 20:07:57,8-K
ADBE,2026-06-11 20:08:53,8-K
ADBE,2026-06-15 10:04:47,10-Q
ADI,2018-06-14 12:06:51,8-K
ADI,2018-07-26 12:20:05,8-K
ADI,2018-08-22 12:11:02,8-K
ADI,2018-08-22 12:16:07,10-Q
ADI,2018-09-04 20:08:54,8-K
ADI,2018-11-20 13:09:07,8-K
ADI,2018-11-27 13:17:08,10-K
ADI,2018-12-17 13:12:47,8-K
ADI,2019-01-29 13:46:34,8-K
ADI,2019-02-20 13:10:09,8-K
ADI,2019-02-20 13:15:01,10-Q
ADI,2019-03-14 20:03:37,8-K
ADI,2019-05-22 11:31:58,8-K
ADI,2019-05-22 11:46:31,10-Q
ADI,2019-07-01 20:16:06,8-K
ADI,2019-08-21 12:02:28,8-K
ADI,2019-08-21 12:07:58,10-Q
ADI,2019-11-26 13:03:19,8-K
ADI,2019-11-26 21:08:52,8-K
ADI,2019-11-26 21:26:04,10-K
ADI,2019-12-05 13:21:07,8-K
ADI,2019-12-13 12:45:10,8-K
ADI,2020-02-19 13:03:44,8-K
ADI,2020-02-19 13:49:53,10-Q
ADI,2020-03-11 20:01:38,8-K
ADI,2020-03-26 12:13:12,8-K
ADI,2020-04-07 20:30:40,8-K
ADI,2020-04-08 20:35:43,8-K
ADI,2020-05-20 11:33:24,8-K
ADI,2020-05-20 15:20:35,10-Q
ADI,2020-07-13 10:22:42,8-K
ADI,2020-07-15 10:39:34,8-K
ADI,2020-08-18 21:31:49,8-K
ADI,2020-08-19 12:03:02,8-K
ADI,2020-08-19 12:05:57,10-Q
ADI,2020-08-24 21:06:39,8-K
ADI,2020-09-10 13:00:24,8-K
ADI,2020-09-29 13:00:31,8-K
ADI,2020-09-30 21:00:55,8-K
ADI,2020-10-08 21:23:31,8-K
ADI,2020-11-06 12:31:06,8-K
ADI,2020-11-24 13:04:26,8-K
ADI,2020-11-24 13:08:16,10-K
ADI,2020-12-17 21:31:01,8-K
ADI,2021-01-27 22:00:27,8-K
ADI,2021-02-17 13:03:54,8-K
ADI,2021-02-17 13:05:18,10-Q
ADI,2021-03-02 13:34:50,8-K
ADI,2021-03-11 21:45:56,8-K
ADI,2021-05-19 11:02:26,8-K
ADI,2021-05-19 11:03:55,10-Q
ADI,2021-06-23 20:02:06,8-K
ADI,2021-08-18 11:04:47,8-K
ADI,2021-08-18 11:06:20,10-Q
ADI,2021-08-23 20:06:12,8-K
ADI,2021-08-26 20:21:05,8-K
ADI,2021-09-08 20:05:39,8-K
ADI,2021-09-28 13:11:32,8-K
ADI,2021-09-29 20:15:49,8-K
ADI,2021-10-05 18:58:58,8-K
ADI,2021-10-05 20:53:06,8-K
ADI,2021-11-23 12:03:28,8-K
ADI,2021-12-03 21:02:52,10-K
ADI,2022-01-21 12:30:55,8-K
ADI,2022-02-16 12:04:04,8-K
ADI,2022-02-16 12:11:36,10-Q
ADI,2022-03-07 12:14:41,8-K
ADI,2022-03-07 13:05:55,8-K
ADI,2022-03-11 13:05:32,8-K
ADI,2022-05-18 11:02:56,8-K
ADI,2022-05-18 11:06:59,10-Q
ADI,2022-06-27 12:06:31,8-K
ADI,2022-08-17 11:02:27,8-K
ADI,2022-08-17 11:07:02,10-Q
ADI,2022-09-08 20:38:34,8-K
ADI,2022-09-15 20:34:33,8-K
ADI,2022-09-22 12:10:04,8-K
ADI,2022-10-06 12:09:03,8-K
ADI,2022-10-07 20:37:59,8-K
ADI,2022-11-22 12:03:17,8-K
ADI,2022-11-22 21:02:20,10-K
ADI,2022-12-08 12:00:31,8-K
ADI,2023-01-20 11:11:32,8-K
ADI,2023-02-15 12:04:00,8-K
ADI,2023-02-15 12:06:29,10-Q
ADI,2023-03-10 13:05:53,8-K
ADI,2023-03-24 11:30:55,8-K
ADI,2023-04-17 11:16:52,8-K
ADI,2023-05-18 20:09:57,8-K
ADI,2023-05-24 11:02:36,8-K
ADI,2023-05-24 11:03:48,10-Q
ADI,2023-06-05 12:05:01,8-K
ADI,2023-08-23 11:02:02,8-K
ADI,2023-08-23 11:05:46,10-Q
ADI,2023-10-04 11:51:01,8-K
ADI,2023-10-13 21:00:54,8-K
ADI,2023-11-21 12:02:08,8-K
ADI,2023-11-21 21:24:08,10-K
ADI,2023-12-07 21:07:41,8-K
ADI,2024-01-19 11:29:28,8-K
ADI,2024-01-25 12:07:35,8-K
ADI,2024-02-21 12:05:04,8-K
ADI,2024-02-21 12:10:52,10-Q
ADI,2024-03-14 20:45:03,8-K
ADI,2024-04-03 20:07:04,8-K
ADI,2024-05-22 11:03:06,8-K
ADI,2024-05-22 11:08:10,10-Q
ADI,2024-08-21 11:01:54,8-K
ADI,2024-08-21 11:04:09,10-Q
ADI,2024-09-27 11:30:59,8-K
ADI,2024-10-10 12:00:29,8-K
ADI,2024-11-04 21:17:00,8-K
ADI,2024-11-20 21:04:59,8-K
ADI,2024-11-26 12:04:01,8-K
ADI,2024-11-26 21:01:53,10-K
ADI,2025-01-13 21:02:24,8-K
ADI,2025-02-19 12:11:13,8-K
ADI,2025-02-19 12:15:01,10-Q
ADI,2025-03-13 20:08:47,8-K
ADI,2025-04-11 20:01:29,8-K
ADI,2025-05-22 11:04:54,8-K
ADI,2025-05-22 11:05:43,10-Q
ADI,2025-05-27 20:03:13,8-K
ADI,2025-06-16 20:18:36,8-K
ADI,2025-08-20 11:02:53,8-K
ADI,2025-08-20 11:08:46,10-Q
ADI,2025-09-19 12:11:40,8-K
ADI,2025-11-25 12:03:07,8-K
ADI,2025-11-25 21:02:50,10-K
ADI,2026-01-23 12:05:32,8-K
ADI,2026-02-18 12:02:27,8-K
ADI,2026-02-18 12:05:32,10-Q
ADI,2026-03-12 20:30:13,8-K
ADI,2026-05-19 20:05:16,8-K
ADI,2026-05-20 11:01:45,8-K
ADI,2026-05-20 11:04:44,10-Q
ADP,2018-01-31 12:00:28,8-K
ADP,2018-02-01 21:21:30,10-Q
ADP,2018-03-01 17:19:41,8-K
ADP,2018-04-18 12:30:13,8-K
ADP,2018-05-02 11:00:28,8-K
ADP,2018-05-04 14:30:40,10-Q
ADP,2018-06-01 12:55:30,8-K
ADP,2018-06-07 14:30:28,8-K
ADP,2018-06-12 12:00:50,8-K
ADP,2018-06-12 15:40:19,8-K
ADP,2018-06-14 20:06:51,8-K
ADP,2018-08-01 11:00:41,8-K
ADP,2018-08-03 20:50:24,10-K
ADP,2018-10-31 10:56:50,8-K
ADP,2018-11-01 20:53:24,10-Q
ADP,2018-11-13 21:09:22,8-K
ADP,2019-01-30 11:55:41,8-K
ADP,2019-01-31 19:32:17,10-Q
ADP,2019-03-07 14:15:33,8-K
ADP,2019-05-01 10:55:27,8-K
ADP,2019-05-03 15:48:54,10-Q
ADP,2019-05-15 12:00:48,8-K
ADP,2019-06-13 10:02:03,8-K
ADP,2019-07-31 10:55:34,8-K
ADP,2019-08-09 20:04:22,10-K
ADP,2019-10-30 14:04:03,8-K
ADP,2019-11-04 20:17:10,10-Q
ADP,2019-11-18 12:01:38,8-K
ADP,2020-01-29 11:56:03,8-K
ADP,2020-01-31 19:47:28,10-Q
ADP,2020-02-28 14:56:14,8-K
ADP,2020-03-18 20:31:00,8-K
ADP,2020-03-23 11:46:05,8-K
ADP,2020-04-08 18:45:44,8-K
ADP,2020-04-29 10:56:46,8-K
ADP,2020-05-01 19:49:44,10-Q
ADP,2020-06-11 12:01:31,8-K
ADP,2020-07-29 11:11:16,8-K
ADP,2020-08-05 20:30:31,8-K
ADP,2020-08-05 21:28:42,10-K
ADP,2020-08-13 10:01:00,8-K
ADP,2020-10-28 10:58:23,8-K
ADP,2020-10-30 16:09:46,10-Q
ADP,2020-11-17 13:00:17,8-K
ADP,2021-01-27 11:55:49,8-K
ADP,2021-02-01 20:25:31,10-Q
ADP,2021-04-28 10:56:47,8-K
ADP,2021-04-30 16:22:42,10-Q
ADP,2021-05-14 20:33:05,8-K
ADP,2021-06-10 12:03:38,8-K
ADP,2021-07-28 10:55:39,8-K
ADP,2021-08-04 18:06:37,10-K
ADP,2021-09-14 20:06:26,8-K
ADP,2021-10-27 10:55:43,8-K
ADP,2021-10-29 15:51:44,10-Q
ADP,2021-11-15 12:56:37,8-K
ADP,2021-11-16 21:05:50,8-K
ADP,2021-12-01 14:00:14,8-K
ADP,2022-01-26 11:55:28,8-K
ADP,2022-01-31 20:19:08,10-Q
ADP,2022-02-14 21:05:52,8-K
ADP,2022-04-27 10:55:35,8-K
ADP,2022-04-29 15:43:53,10-Q
ADP,2022-06-08 20:11:06,8-K
ADP,2022-07-01 20:13:06,8-K
ADP,2022-07-27 10:55:42,8-K
ADP,2022-08-03 18:16:38,10-K
ADP,2022-10-26 10:55:31,8-K
ADP,2022-10-26 11:05:51,8-K
ADP,2022-11-02 15:53:10,10-Q
ADP,2022-11-14 21:08:31,8-K
ADP,2022-11-16 18:19:34,8-K
ADP,2023-01-25 11:55:21,8-K
ADP,2023-02-02 19:37:14,10-Q
ADP,2023-04-26 10:55:20,8-K
ADP,2023-05-01 16:35:43,10-Q
ADP,2023-06-30 21:01:43,8-K
ADP,2023-07-26 10:55:25,8-K
ADP,2023-08-03 20:49:01,10-K
ADP,2023-10-25 10:55:20,8-K
ADP,2023-11-02 16:51:01,10-Q
ADP,2023-11-14 21:06:17,8-K
ADP,2024-01-10 21:05:17,8-K
ADP,2024-01-31 11:55:21,8-K
ADP,2024-02-01 20:48:23,10-Q
ADP,2024-05-01 10:55:20,8-K
ADP,2024-05-02 16:41:00,10-Q
ADP,2024-05-09 20:05:46,8-K
ADP,2024-06-28 20:34:29,8-K
ADP,2024-07-31 10:55:18,8-K
ADP,2024-08-07 19:06:59,10-K
ADP,2024-09-09 20:01:01,8-K
ADP,2024-10-30 10:55:33,8-K
ADP,2024-11-01 17:08:12,10-Q
ADP,2024-11-08 13:58:15,8-K
ADP,2024-11-12 13:30:13,8-K
ADP,2025-01-29 11:55:24,8-K
ADP,2025-01-30 19:40:43,10-Q
ADP,2025-04-30 10:55:17,8-K
ADP,2025-04-30 10:57:16,8-K
ADP,2025-05-01 18:47:20,10-Q
ADP,2025-05-08 20:30:22,8-K
ADP,2025-06-12 11:58:51,8-K
ADP,2025-06-27 20:06:39,8-K
ADP,2025-07-30 10:55:16,8-K
ADP,2025-08-06 20:07:50,10-K
ADP,2025-10-29 10:55:19,8-K
ADP,2025-10-31 16:09:56,10-Q
ADP,2025-11-17 21:05:38,8-K
ADP,2026-01-28 11:55:14,8-K
ADP,2026-01-29 21:09:58,10-Q
ADP,2026-04-29 10:55:17,8-K
ADP,2026-04-30 19:14:06,10-Q
ADP,2026-05-07 20:31:31,8-K
AMAT,2013-02-13 16:28:54,8-K
AMAT,2013-02-13 21:09:57,8-K
AMAT,2013-02-21 21:44:16,10-Q
AMAT,2013-02-27 00:40:59,8-K
AMAT,2013-03-07 21:37:01,8-K
AMAT,2013-05-16 20:07:51,8-K
AMAT,2013-05-23 20:10:39,10-Q
AMAT,2013-05-28 20:14:13,8-K
AMAT,2013-08-15 20:08:48,8-K
AMAT,2013-08-16 01:30:30,8-K
AMAT,2013-08-22 20:19:16,10-Q
AMAT,2013-09-06 00:37:09,8-K
AMAT,2013-09-24 20:59:41,8-K
AMAT,2013-09-28 01:02:35,8-K
AMAT,2013-11-14 21:13:24,8-K
AMAT,2013-12-04 21:26:13,10-K
AMAT,2013-12-13 02:55:23,8-K
AMAT,2014-02-12 21:07:23,8-K
AMAT,2014-02-18 11:22:09,8-K
AMAT,2014-02-20 21:02:12,10-Q
AMAT,2014-02-20 21:45:37,8-K
AMAT,2014-02-25 01:31:42,8-K
AMAT,2014-03-06 21:04:06,8-K
AMAT,2014-05-14 10:17:46,8-K
AMAT,2014-05-15 20:05:57,8-K
AMAT,2014-05-22 20:26:07,10-Q
AMAT,2014-06-23 20:22:36,8-K
AMAT,2014-07-28 10:35:58,8-K
AMAT,2014-08-14 20:06:57,8-K
AMAT,2014-08-21 20:33:59,10-Q
AMAT,2014-10-29 10:31:53,8-K
AMAT,2014-11-13 21:06:22,8-K
AMAT,2014-12-12 21:27:06,8-K
AMAT,2014-12-17 21:38:24,10-K
AMAT,2014-12-22 21:23:06,8-K
AMAT,2015-01-23 11:13:36,8-K
AMAT,2015-02-11 21:05:48,8-K
AMAT,2015-02-19 21:35:54,10-Q
AMAT,2015-02-26 11:11:40,8-K
AMAT,2015-04-02 20:58:44,8-K
AMAT,2015-04-27 10:11:48,8-K
AMAT,2015-05-14 20:05:25,8-K
AMAT,2015-05-21 20:15:30,10-Q
AMAT,2015-06-05 21:00:06,8-K
AMAT,2015-08-10 21:18:05,8-K
AMAT,2015-08-13 20:13:30,8-K
AMAT,2015-08-20 20:22:56,10-Q
AMAT,2015-09-09 20:36:07,8-K
AMAT,2015-09-23 20:24:06,8-K
AMAT,2015-09-24 20:25:09,8-K
AMAT,2015-10-02 20:19:02,8-K
AMAT,2015-11-05 22:09:58,8-K
AMAT,2015-11-12 21:04:54,8-K
AMAT,2015-12-09 22:29:47,10-K
AMAT,2015-12-11 21:25:00,8-K
AMAT,2015-12-18 21:23:58,8-K
AMAT,2016-02-18 21:05:08,8-K
AMAT,2016-02-25 21:30:46,10-Q
AMAT,2016-03-11 22:01:06,8-K
AMAT,2016-05-19 20:05:43,8-K
AMAT,2016-05-26 20:20:52,10-Q
AMAT,2016-07-25 14:10:02,8-K
AMAT,2016-08-18 20:05:59,8-K
AMAT,2016-08-25 20:18:25,10-Q
AMAT,2016-09-19 23:39:32,8-K
AMAT,2016-11-17 21:05:18,8-K
AMAT,2016-12-15 21:46:47,10-K
AMAT,2017-02-15 21:05:28,8-K
AMAT,2017-02-23 21:06:53,10-Q
AMAT,2017-03-10 21:30:02,8-K
AMAT,2017-03-30 20:52:30,8-K
AMAT,2017-03-31 20:51:05,8-K
AMAT,2017-04-03 20:40:56,8-K
AMAT,2017-05-18 20:06:47,8-K
AMAT,2017-05-25 20:20:09,10-Q
AMAT,2017-07-25 00:47:03,8-K
AMAT,2017-08-17 20:08:00,8-K
AMAT,2017-08-24 20:29:02,10-Q
AMAT,2017-09-05 20:31:07,8-K
AMAT,2017-11-16 21:05:04,8-K
AMAT,2017-12-15 21:36:31,10-K
AMAT,2018-01-23 22:06:55,8-K
AMAT,2018-02-14 21:09:14,8-K
AMAT,2018-02-22 21:33:48,10-Q
AMAT,2018-03-09 21:34:03,8-K
AMAT,2018-05-17 20:03:50,8-K
AMAT,2018-05-24 20:26:51,10-Q
AMAT,2018-08-16 20:07:24,8-K
AMAT,2018-08-23 20:21:27,10-Q
AMAT,2018-11-15 21:05:38,8-K
AMAT,2018-12-13 21:16:55,10-K
AMAT,2019-02-14 21:03:30,8-K
AMAT,2019-02-21 21:33:42,10-Q
AMAT,2019-03-12 01:44:07,8-K
AMAT,2019-05-16 20:04:58,8-K
AMAT,2019-05-23 20:03:33,10-Q
AMAT,2019-07-01 10:12:33,8-K
AMAT,2019-07-24 20:50:03,8-K
AMAT,2019-08-15 20:03:48,8-K
AMAT,2019-08-21 20:38:03,8-K
AMAT,2019-08-22 19:55:25,10-Q
AMAT,2019-11-14 21:21:54,8-K
AMAT,2019-12-13 21:07:21,10-K
AMAT,2020-02-12 21:03:50,8-K
AMAT,2020-02-20 20:51:00,10-Q
AMAT,2020-02-21 21:39:41,8-K
AMAT,2020-03-16 20:32:10,8-K
AMAT,2020-03-23 21:19:43,8-K
AMAT,2020-03-23 21:26:40,8-K
AMAT,2020-05-14 20:12:32,8-K
AMAT,2020-05-21 20:06:27,10-Q
AMAT,2020-05-28 21:19:11,8-K
AMAT,2020-05-29 20:36:40,8-K
AMAT,2020-06-15 21:10:04,8-K
AMAT,2020-07-01 11:00:55,8-K
AMAT,2020-07-09 21:06:32,8-K
AMAT,2020-08-13 20:06:36,8-K
AMAT,2020-08-20 21:08:06,10-Q
AMAT,2020-10-01 11:00:55,8-K
AMAT,2020-11-12 21:04:10,8-K
AMAT,2020-12-07 22:01:53,8-K
AMAT,2020-12-08 21:11:02,8-K
AMAT,2020-12-11 20:52:08,10-K
AMAT,2021-01-04 12:34:54,8-K
AMAT,2021-02-18 21:05:19,8-K
AMAT,2021-02-25 20:51:16,10-Q
AMAT,2021-03-15 21:42:02,8-K
AMAT,2021-03-22 13:08:58,8-K
AMAT,2021-03-29 12:01:01,8-K
AMAT,2021-05-20 20:11:47,8-K
AMAT,2021-05-27 19:41:43,10-Q
AMAT,2021-08-19 20:04:55,8-K
AMAT,2021-08-26 20:03:42,10-Q
AMAT,2021-10-01 12:37:59,8-K
AMAT,2021-11-18 21:03:57,8-K
AMAT,2021-12-08 22:17:58,8-K
AMAT,2021-12-17 21:14:51,10-K
AMAT,2022-02-16 21:03:51,8-K
AMAT,2022-02-24 21:02:01,10-Q
AMAT,2022-03-07 12:40:02,8-K
AMAT,2022-03-14 20:02:07,8-K
AMAT,2022-05-19 20:04:06,8-K
AMAT,2022-05-26 20:01:10,10-Q
AMAT,2022-08-18 20:04:07,8-K
AMAT,2022-08-25 20:03:20,10-Q
AMAT,2022-08-25 21:14:03,8-K
AMAT,2022-09-06 20:54:05,8-K
AMAT,2022-09-29 21:03:57,8-K
AMAT,2022-10-12 20:23:35,8-K
AMAT,2022-10-24 13:12:02,8-K
AMAT,2022-11-17 21:03:56,8-K
AMAT,2022-12-16 19:04:49,8-K
AMAT,2022-12-16 21:50:05,10-K
AMAT,2023-02-16 21:05:38,8-K
AMAT,2023-02-23 21:01:44,10-Q
AMAT,2023-03-13 21:10:00,8-K
AMAT,2023-05-18 20:05:30,8-K
AMAT,2023-05-26 12:38:47,10-Q
AMAT,2023-08-17 20:03:47,8-K
AMAT,2023-08-24 20:00:49,10-Q
AMAT,2023-11-16 21:04:09,8-K
AMAT,2023-12-13 12:00:30,8-K
AMAT,2023-12-15 21:01:24,10-K
AMAT,2024-02-15 21:03:18,8-K
AMAT,2024-02-27 21:02:34,10-Q
AMAT,2024-02-29 21:44:55,8-K
AMAT,2024-03-11 20:34:54,8-K
AMAT,2024-05-16 20:03:55,8-K
AMAT,2024-05-23 20:01:55,10-Q
AMAT,2024-06-11 20:05:33,8-K
AMAT,2024-08-15 20:04:10,8-K
AMAT,2024-08-22 20:01:13,10-Q
AMAT,2024-11-14 21:04:07,8-K
AMAT,2024-12-13 21:01:17,10-K
AMAT,2025-02-13 21:05:46,8-K
AMAT,2025-02-20 21:02:43,10-Q
AMAT,2025-02-27 21:46:24,8-K
AMAT,2025-03-10 20:33:46,8-K
AMAT,2025-04-14 20:54:24,8-K
AMAT,2025-05-15 20:03:34,8-K
AMAT,2025-05-22 20:02:01,10-Q
AMAT,2025-07-22 11:46:48,8-K
AMAT,2025-08-14 20:05:06,8-K
AMAT,2025-08-21 20:02:16,10-Q
AMAT,2025-09-15 11:51:29,8-K
AMAT,2025-09-19 20:15:18,8-K
AMAT,2025-09-26 20:15:12,8-K
AMAT,2025-10-02 20:33:45,8-K
AMAT,2025-10-23 20:27:16,8-K
AMAT,2025-11-13 21:03:59,8-K
AMAT,2025-12-12 21:01:56,10-K
AMAT,2026-02-12 02:24:30,8-K
AMAT,2026-02-12 21:03:26,8-K
AMAT,2026-02-19 21:01:19,10-Q
AMAT,2026-03-13 20:54:42,8-K
AMAT,2026-05-14 20:03:53,8-K
AMAT,2026-05-21 20:01:47,10-Q
AMD,2017-07-25 20:19:16,8-K
AMD,2017-08-03 20:43:29,10-Q
AMD,2017-08-07 20:31:40,8-K
AMD,2017-10-24 20:24:28,8-K
AMD,2017-11-01 12:42:53,8-K
AMD,2017-11-02 21:00:49,10-Q
AMD,2018-01-30 21:06:35,8-K
AMD,2018-02-12 21:07:48,8-K
AMD,2018-02-27 21:18:58,10-K
AMD,2018-02-27 21:31:08,8-K
AMD,2018-03-05 21:09:41,8-K
AMD,2018-04-25 20:17:16,8-K
AMD,2018-05-03 20:45:08,10-Q
AMD,2018-05-08 20:09:34,8-K
AMD,2018-07-02 20:28:29,8-K
AMD,2018-07-25 20:41:54,8-K
AMD,2018-08-02 20:28:52,10-Q
AMD,2018-08-06 20:38:26,8-K
AMD,2018-08-27 20:19:09,8-K
AMD,2018-10-24 20:32:31,8-K
AMD,2018-10-31 20:15:18,10-Q
AMD,2019-01-29 21:19:00,8-K
AMD,2019-02-08 21:44:26,10-K
AMD,2019-02-14 21:28:13,8-K
AMD,2019-02-22 21:07:07,8-K
AMD,2019-04-30 20:21:37,8-K
AMD,2019-05-01 20:36:40,10-Q
AMD,2019-05-17 20:09:45,8-K
AMD,2019-06-10 21:26:34,8-K
AMD,2019-06-27 20:23:45,8-K
AMD,2019-07-30 20:21:33,8-K
AMD,2019-07-31 20:27:08,10-Q
AMD,2019-08-08 20:09:58,8-K
AMD,2019-09-06 20:11:27,8-K
AMD,2019-10-29 21:11:27,8-K
AMD,2019-10-30 20:17:03,10-Q
AMD,2019-11-12 12:25:55,8-K
AMD,2019-12-02 21:50:50,8-K
AMD,2019-12-16 21:19:30,8-K
AMD,2020-01-28 21:17:02,8-K
AMD,2020-02-04 22:21:47,10-K
AMD,2020-02-18 21:59:10,8-K
AMD,2020-03-12 20:53:05,8-K
AMD,2020-04-28 20:29:49,8-K
AMD,2020-04-29 20:33:04,10-Q
AMD,2020-05-12 20:15:08,8-K
AMD,2020-07-28 20:20:25,8-K
AMD,2020-07-29 20:52:29,10-Q
AMD,2020-08-11 20:12:01,8-K
AMD,2020-10-27 10:34:50,8-K
AMD,2020-10-27 10:43:09,8-K
AMD,2020-10-27 21:02:40,8-K
AMD,2020-10-28 20:59:17,10-Q
AMD,2021-01-06 21:27:24,8-K
AMD,2021-01-12 21:26:32,8-K
AMD,2021-01-26 21:14:58,8-K
AMD,2021-01-29 22:24:00,10-K
AMD,2021-02-22 21:23:11,8-K
AMD,2021-03-08 21:28:32,8-K
AMD,2021-04-08 20:15:22,8-K
AMD,2021-04-27 20:12:09,8-K
AMD,2021-04-28 20:39:55,10-Q
AMD,2021-05-13 20:37:53,8-K
AMD,2021-05-21 20:19:36,8-K
AMD,2021-06-24 20:33:04,8-K
AMD,2021-06-30 20:18:16,8-K
AMD,2021-07-27 20:39:42,8-K
AMD,2021-07-28 20:46:31,10-Q
AMD,2021-10-26 20:17:33,8-K
AMD,2021-10-27 20:37:56,10-Q
AMD,2021-12-23 21:49:19,8-K
AMD,2022-01-27 14:01:36,8-K
AMD,2022-02-01 21:17:06,8-K
AMD,2022-02-03 22:22:50,10-K
AMD,2022-02-10 13:03:56,8-K
AMD,2022-02-14 13:41:09,8-K
AMD,2022-02-28 21:22:16,8-K
AMD,2022-05-03 20:11:17,8-K
AMD,2022-05-04 20:50:40,10-Q
AMD,2022-05-20 20:18:35,8-K
AMD,2022-06-08 20:20:03,8-K
AMD,2022-06-09 20:45:35,8-K
AMD,2022-06-28 21:29:52,8-K
AMD,2022-08-02 20:08:05,8-K
AMD,2022-08-03 21:15:57,10-Q
AMD,2022-10-06 20:20:03,8-K
AMD,2022-11-01 20:17:39,8-K
AMD,2022-11-02 20:35:10,10-Q
AMD,2022-11-08 21:10:31,8-K
AMD,2022-11-16 21:15:14,8-K
AMD,2023-01-11 21:10:00,8-K
AMD,2023-01-31 21:55:24,8-K
AMD,2023-02-21 22:14:58,8-K
AMD,2023-02-27 21:20:39,10-K
AMD,2023-05-02 20:17:31,8-K
AMD,2023-05-03 20:28:42,10-Q
AMD,2023-05-23 20:14:41,8-K
AMD,2023-07-10 20:16:44,8-K
AMD,2023-08-01 20:16:57,8-K
AMD,2023-08-02 21:12:01,10-Q
AMD,2023-10-31 20:16:56,8-K
AMD,2023-11-01 20:20:28,10-Q
AMD,2024-01-30 21:16:19,8-K
AMD,2024-01-31 22:16:39,10-K
AMD,2024-02-20 21:32:26,8-K
AMD,2024-04-30 20:16:31,8-K
AMD,2024-05-01 20:10:44,10-Q
AMD,2024-05-13 20:23:38,8-K
AMD,2024-07-02 20:24:40,8-K
AMD,2024-07-22 20:13:32,8-K
AMD,2024-07-30 20:17:15,8-K
AMD,2024-07-31 20:20:22,10-Q
AMD,2024-08-19 10:22:30,8-K
AMD,2024-10-29 20:16:49,8-K
AMD,2024-10-30 20:26:03,10-Q
AMD,2024-11-18 21:17:24,8-K
AMD,2025-02-04 21:17:17,8-K
AMD,2025-02-05 21:42:57,10-K
AMD,2025-02-24 22:20:12,8-K
AMD,2025-03-12 00:14:01,8-K
AMD,2025-03-24 20:17:24,8-K
AMD,2025-03-31 12:37:51,8-K
AMD,2025-04-16 13:03:30,8-K
AMD,2025-05-06 20:16:45,8-K
AMD,2025-05-06 22:04:48,10-Q
AMD,2025-05-16 20:12:37,8-K
AMD,2025-05-19 11:50:48,8-K
AMD,2025-07-02 20:14:22,8-K
AMD,2025-08-05 20:16:31,8-K
AMD,2025-08-05 22:08:21,10-Q
AMD,2025-08-25 20:07:00,8-K
AMD,2025-10-06 11:04:49,8-K
AMD,2025-10-27 12:49:27,8-K
AMD,2025-11-04 21:16:10,8-K
AMD,2025-11-04 23:07:50,10-Q
AMD,2025-12-15 21:12:11,8-K
AMD,2026-01-20 21:19:32,8-K
AMD,2026-02-03 21:16:18,8-K
AMD,2026-02-03 23:14:52,10-K
AMD,2026-02-17 21:21:24,8-K
AMD,2026-02-24 12:01:06,8-K
AMD,2026-05-05 20:16:06,8-K
AMD,2026-05-05 22:06:27,10-Q
AMD,2026-05-15 20:12:53,8-K
AMGN,2018-05-22 21:30:55,8-K
AMGN,2018-07-26 20:14:06,8-K
AMGN,2018-07-26 20:26:05,8-K
AMGN,2018-07-26 22:58:06,10-Q
AMGN,2018-10-30 20:07:32,8-K
AMGN,2018-10-30 22:53:11,10-Q
AMGN,2019-01-29 21:09:39,8-K
AMGN,2019-02-13 22:20:20,10-K
AMGN,2019-04-30 20:09:57,8-K
AMGN,2019-04-30 22:37:54,10-Q
AMGN,2019-05-21 21:16:02,8-K
AMGN,2019-07-30 20:05:22,8-K
AMGN,2019-07-30 23:13:12,10-Q
AMGN,2019-08-26 14:31:52,8-K
AMGN,2019-10-18 21:09:25,8-K
AMGN,2019-10-23 10:06:58,8-K
AMGN,2019-10-29 20:59:08,8-K
AMGN,2019-10-29 23:31:34,10-Q
AMGN,2019-10-31 21:05:13,8-K
AMGN,2019-11-21 11:57:19,8-K
AMGN,2019-12-12 13:40:14,8-K
AMGN,2020-01-02 13:36:19,8-K
AMGN,2020-01-30 21:13:31,8-K
AMGN,2020-02-12 22:15:19,10-K
AMGN,2020-02-21 21:19:54,8-K
AMGN,2020-03-31 12:34:50,8-K
AMGN,2020-04-30 20:06:51,8-K
AMGN,2020-05-01 00:48:21,10-Q
AMGN,2020-05-06 20:24:53,8-K
AMGN,2020-05-20 21:12:19,8-K
AMGN,2020-07-23 20:18:03,8-K
AMGN,2020-07-23 20:23:07,8-K
AMGN,2020-07-28 20:05:21,8-K
AMGN,2020-07-28 23:18:00,10-Q
AMGN,2020-07-30 12:33:21,8-K
AMGN,2020-08-14 01:53:34,8-K
AMGN,2020-08-17 22:54:04,8-K
AMGN,2020-10-28 20:03:29,8-K
AMGN,2020-10-28 23:55:25,10-Q
AMGN,2021-02-02 21:13:08,8-K
AMGN,2021-02-09 00:24:56,10-K
AMGN,2021-03-04 13:39:03,8-K
AMGN,2021-04-16 12:32:05,8-K
AMGN,2021-04-27 20:10:33,8-K
AMGN,2021-04-28 00:01:28,10-Q
AMGN,2021-05-19 20:44:35,8-K
AMGN,2021-06-01 10:08:34,8-K
AMGN,2021-07-27 20:41:01,8-K
AMGN,2021-07-29 23:22:04,8-K
AMGN,2021-08-03 20:18:52,8-K
AMGN,2021-08-04 00:25:00,10-Q
AMGN,2021-08-09 20:07:21,8-K
AMGN,2021-11-02 20:27:40,8-K
AMGN,2021-11-03 00:08:39,10-Q
AMGN,2022-01-31 21:29:38,8-K
AMGN,2022-02-07 21:16:56,8-K
AMGN,2022-02-16 21:39:53,10-K
AMGN,2022-02-22 21:05:51,8-K
AMGN,2022-02-25 00:06:07,8-K
AMGN,2022-04-27 20:19:52,8-K
AMGN,2022-04-28 00:00:34,10-Q
AMGN,2022-05-18 20:23:12,8-K
AMGN,2022-08-03 20:09:39,8-K
AMGN,2022-08-04 12:08:00,8-K
AMGN,2022-08-04 20:37:14,8-K
AMGN,2022-08-04 23:53:42,10-Q
AMGN,2022-08-18 20:10:58,8-K
AMGN,2022-10-20 13:12:08,8-K
AMGN,2022-11-03 20:16:57,8-K
AMGN,2022-11-03 23:24:04,10-Q
AMGN,2022-12-02 13:31:08,8-K
AMGN,2022-12-12 12:32:39,8-K
AMGN,2022-12-22 21:43:02,8-K
AMGN,2023-01-31 21:15:33,8-K
AMGN,2023-02-09 21:26:31,10-K
AMGN,2023-02-16 13:30:35,8-K
AMGN,2023-03-02 21:28:12,8-K
AMGN,2023-03-09 21:24:05,8-K
AMGN,2023-04-27 20:11:58,8-K
AMGN,2023-04-28 00:38:17,10-Q
AMGN,2023-05-16 21:28:00,8-K
AMGN,2023-05-18 12:29:02,8-K
AMGN,2023-05-22 21:23:05,8-K
AMGN,2023-06-05 12:00:34,8-K
AMGN,2023-08-03 20:12:08,8-K
AMGN,2023-08-03 21:48:29,8-K
AMGN,2023-08-03 23:28:03,10-Q
AMGN,2023-09-01 13:25:57,8-K
AMGN,2023-09-05 13:12:02,8-K
AMGN,2023-09-12 11:30:57,8-K
AMGN,2023-10-05 11:43:03,8-K
AMGN,2023-10-06 20:01:04,8-K
AMGN,2023-10-31 11:15:17,8-K
AMGN,2023-10-31 20:21:57,10-Q
AMGN,2023-12-14 14:16:03,8-K
AMGN,2024-02-06 21:20:07,8-K
AMGN,2024-02-14 21:23:32,10-K
AMGN,2024-05-02 20:03:58,8-K
AMGN,2024-05-02 23:27:57,10-Q
AMGN,2024-06-03 21:17:35,8-K
AMGN,2024-08-06 20:05:06,8-K
AMGN,2024-08-06 22:54:26,10-Q
AMGN,2024-10-30 20:06:04,8-K
AMGN,2024-10-30 22:43:20,10-Q
AMGN,2025-02-04 21:05:22,8-K
AMGN,2025-02-14 21:18:41,10-K
AMGN,2025-05-01 20:04:20,8-K
AMGN,2025-05-01 22:54:46,10-Q
AMGN,2025-05-23 22:55:28,8-K
AMGN,2025-08-05 20:03:34,8-K
AMGN,2025-08-05 23:13:42,10-Q
AMGN,2025-11-04 21:04:18,8-K
AMGN,2025-11-04 23:59:36,10-Q
AMGN,2026-01-30 13:00:41,8-K
AMGN,2026-02-03 21:03:07,8-K
AMGN,2026-02-13 21:07:34,10-K
AMGN,2026-02-19 21:27:56,8-K
AMGN,2026-04-22 20:03:08,8-K
AMGN,2026-04-30 20:03:26,8-K
AMGN,2026-04-30 23:04:10,10-Q
AMGN,2026-05-19 20:08:12,8-K
AMGN,2026-05-20 20:59:48,8-K
AMZN,2020-05-29 17:28:25,8-K
AMZN,2020-06-03 16:21:04,8-K
AMZN,2020-06-23 16:14:04,8-K
AMZN,2020-07-30 19:05:15,8-K
AMZN,2020-07-30 20:00:55,10-Q
AMZN,2020-08-21 09:20:03,8-K
AMZN,2020-09-09 16:07:28,8-K
AMZN,2020-10-29 16:42:03,8-K
AMZN,2020-10-29 19:08:00,10-Q
AMZN,2021-01-26 21:12:01,8-K
AMZN,2021-02-02 16:30:08,8-K
AMZN,2021-02-02 19:44:10,10-K
AMZN,2021-04-14 18:55:25,8-K
AMZN,2021-04-29 16:31:31,8-K
AMZN,2021-04-29 18:48:35,10-Q
AMZN,2021-05-12 16:19:08,8-K
AMZN,2021-05-28 16:06:39,8-K
AMZN,2021-07-02 16:07:53,8-K
AMZN,2021-07-29 16:34:52,8-K
AMZN,2021-07-29 19:02:39,10-Q
AMZN,2021-09-20 16:59:31,8-K
AMZN,2021-10-28 16:07:09,8-K
AMZN,2021-10-28 18:29:31,10-Q
AMZN,2021-11-12 09:00:15,8-K
AMZN,2022-02-03 16:11:33,8-K
AMZN,2022-02-03 18:46:51,10-K
AMZN,2022-03-09 16:38:21,8-K
AMZN,2022-04-13 16:28:56,8-K
AMZN,2022-04-13 17:51:45,8-K
AMZN,2022-04-28 16:27:13,8-K
AMZN,2022-04-28 18:29:24,10-Q
AMZN,2022-05-27 16:04:55,8-K
AMZN,2022-06-03 12:10:24,8-K
AMZN,2022-07-28 16:09:30,8-K
AMZN,2022-07-28 18:24:06,10-Q
AMZN,2022-10-27 16:09:35,8-K
AMZN,2022-10-27 18:23:57,10-Q
AMZN,2022-11-18 16:36:06,8-K
AMZN,2022-12-01 16:46:00,8-K
AMZN,2023-01-03 17:06:08,8-K
AMZN,2023-01-06 16:42:03,8-K
AMZN,2023-02-02 16:08:48,8-K
AMZN,2023-02-02 18:27:34,10-K
AMZN,2023-04-12 18:03:57,8-K
AMZN,2023-04-27 16:10:37,8-K
AMZN,2023-04-27 18:24:51,10-Q
AMZN,2023-05-26 16:09:07,8-K
AMZN,2023-08-03 16:09:02,8-K
AMZN,2023-08-03 18:24:35,10-Q
AMZN,2023-09-13 16:22:21,8-K
AMZN,2023-10-26 16:14:51,8-K
AMZN,2023-10-26 18:36:51,10-Q
AMZN,2023-11-01 17:28:24,8-K
AMZN,2024-02-01 16:06:02,8-K
AMZN,2024-02-01 18:48:30,10-K
AMZN,2024-04-10 18:24:36,8-K
AMZN,2024-04-30 16:10:34,8-K
AMZN,2024-04-30 18:38:29,10-Q
AMZN,2024-05-03 16:41:53,8-K
AMZN,2024-05-14 16:04:30,8-K
AMZN,2024-05-24 16:03:37,8-K
AMZN,2024-08-01 16:06:02,8-K
AMZN,2024-08-01 18:39:50,10-Q
AMZN,2024-10-31 16:13:57,8-K
AMZN,2024-10-31 18:44:54,10-Q
AMZN,2025-02-06 16:09:12,8-K
AMZN,2025-02-06 18:40:29,10-K
AMZN,2025-04-09 17:47:09,8-K
AMZN,2025-05-01 16:15:00,8-K
AMZN,2025-05-01 18:14:53,10-Q
AMZN,2025-05-22 16:31:45,8-K
AMZN,2025-07-31 16:13:17,8-K
AMZN,2025-07-31 18:13:08,10-Q
AMZN,2025-10-30 16:13:01,8-K
AMZN,2025-10-30 18:18:21,10-Q
AMZN,2025-11-20 17:00:42,8-K
AMZN,2026-02-05 16:25:12,8-K
AMZN,2026-02-05 18:44:31,10-K
AMZN,2026-02-27 08:36:30,8-K
AMZN,2026-03-13 17:01:35,8-K
AMZN,2026-03-16 16:54:55,8-K
AMZN,2026-04-08 18:02:20,8-K
AMZN,2026-04-14 08:04:26,8-K
AMZN,2026-04-29 16:18:55,8-K
AMZN,2026-04-29 18:48:09,10-Q
AMZN,2026-05-22 16:12:53,8-K
AMZN,2026-06-10 09:00:19,8-K
AMZN,2026-06-12 17:00:28,8-K
AON,2014-05-13 20:45:34,8-K
AON,2014-05-27 20:59:11,8-K
AON,2014-06-30 20:57:48,8-K
AON,2014-07-25 10:32:41,8-K
AON,2014-07-25 20:09:32,10-Q
AON,2014-08-18 20:54:21,8-K
AON,2014-10-31 10:32:43,8-K
AON,2014-10-31 20:37:56,10-Q
AON,2014-11-18 21:53:55,8-K
AON,2015-01-23 14:00:26,8-K
AON,2015-02-04 21:46:27,8-K
AON,2015-02-06 11:53:43,8-K
AON,2015-02-23 23:02:59,10-K
AON,2015-02-26 22:18:49,8-K
AON,2015-05-01 10:33:46,8-K
AON,2015-05-01 20:34:32,10-Q
AON,2015-05-20 15:45:00,8-K
AON,2015-06-19 21:01:23,8-K
AON,2015-07-14 12:29:21,8-K
AON,2015-07-31 10:34:22,8-K
AON,2015-07-31 20:25:22,10-Q
AON,2015-10-30 10:32:38,8-K
AON,2015-10-30 20:54:08,10-Q
AON,2015-11-13 16:40:12,8-K
AON,2015-12-11 22:14:34,8-K
AON,2016-02-05 11:38:35,8-K
AON,2016-02-22 21:42:34,10-K
AON,2016-02-29 21:55:12,8-K
AON,2016-04-29 10:32:53,8-K
AON,2016-04-29 21:16:23,10-Q
AON,2016-06-29 01:11:02,8-K
AON,2016-07-29 10:33:09,8-K
AON,2016-07-29 21:27:40,10-Q
AON,2016-08-08 21:08:30,8-K
AON,2016-08-10 20:51:19,8-K
AON,2016-10-28 10:34:49,8-K
AON,2016-10-28 20:50:19,10-Q
AON,2017-01-25 14:15:35,8-K
AON,2017-02-10 11:04:38,8-K
AON,2017-02-10 11:34:54,8-K
AON,2017-02-23 21:32:21,10-K
AON,2017-04-28 20:16:06,8-K
AON,2017-05-01 20:38:07,8-K
AON,2017-05-05 20:46:51,8-K
AON,2017-05-09 10:32:30,8-K
AON,2017-05-09 21:25:20,10-Q
AON,2017-06-27 21:28:35,8-K
AON,2017-08-04 10:54:52,8-K
AON,2017-08-04 21:12:50,10-Q
AON,2017-10-20 20:11:45,8-K
AON,2017-10-27 10:31:56,8-K
AON,2017-10-27 20:38:43,10-Q
AON,2018-02-02 11:32:01,8-K
AON,2018-02-20 22:30:16,10-K
AON,2018-02-23 21:06:02,8-K
AON,2018-03-16 20:06:02,8-K
AON,2018-03-28 20:05:55,8-K
AON,2018-04-25 10:06:33,8-K
AON,2018-05-04 10:33:10,8-K
AON,2018-05-04 20:10:38,10-Q
AON,2018-05-15 12:00:32,8-K
AON,2018-06-27 20:02:06,8-K
AON,2018-07-27 10:04:34,8-K
AON,2018-07-27 20:36:37,10-Q
AON,2018-10-26 10:02:45,8-K
AON,2018-10-26 20:27:13,10-Q
AON,2018-12-03 21:31:00,8-K
AON,2019-02-01 11:02:33,8-K
AON,2019-02-19 22:09:03,10-K
AON,2019-03-05 19:05:32,8-K
AON,2019-03-06 13:56:02,8-K
AON,2019-04-26 10:02:43,8-K
AON,2019-04-26 20:32:15,10-Q
AON,2019-05-02 20:27:56,8-K
AON,2019-06-04 21:00:33,8-K
AON,2019-06-25 20:01:56,8-K
AON,2019-07-26 10:03:14,8-K
AON,2019-07-26 20:27:21,10-Q
AON,2019-10-25 10:02:22,8-K
AON,2019-10-25 20:34:48,10-Q
AON,2019-10-29 12:34:25,8-K
AON,2019-11-15 21:26:04,8-K
AON,2020-01-31 11:24:18,8-K
AON,2020-02-04 21:46:13,8-K
AON,2020-02-14 21:40:54,10-K
AON,2020-02-24 12:05:39,8-K
AON,2020-02-27 21:01:42,8-K
AON,2020-03-09 21:25:18,8-K
AON,2020-03-10 10:08:42,8-K
AON,2020-04-01 21:16:44,8-K
AON,2020-04-02 21:13:49,8-K
AON,2020-04-27 10:30:58,8-K
AON,2020-05-01 10:15:44,8-K
AON,2020-05-01 20:48:14,10-Q
AON,2020-05-12 14:50:26,8-K
AON,2020-05-15 21:24:27,8-K
AON,2020-05-29 20:06:00,8-K
AON,2020-06-25 01:00:15,8-K
AON,2020-06-30 13:01:35,8-K
AON,2020-07-31 12:35:19,8-K
AON,2020-07-31 20:08:15,10-Q
AON,2020-08-26 20:05:58,8-K
AON,2020-10-30 10:03:48,8-K
AON,2020-10-30 20:06:05,8-K
AON,2020-10-30 20:30:42,10-Q
AON,2021-01-13 21:05:32,8-K
AON,2021-01-29 21:02:04,8-K
AON,2021-02-05 11:02:35,8-K
AON,2021-02-19 21:59:44,10-K
AON,2021-04-30 10:07:38,8-K
AON,2021-04-30 20:07:18,10-Q
AON,2021-05-12 21:23:08,8-K
AON,2021-06-03 21:14:31,8-K
AON,2021-06-04 20:45:38,8-K
AON,2021-06-21 20:40:12,8-K
AON,2021-07-01 20:42:52,8-K
AON,2021-07-26 12:26:59,8-K
AON,2021-07-30 10:04:31,8-K
AON,2021-07-30 20:33:19,10-Q
AON,2021-08-23 21:20:06,8-K
AON,2021-09-15 20:02:58,8-K
AON,2021-09-30 13:02:09,8-K
AON,2021-10-29 10:01:48,8-K
AON,2021-10-29 20:14:10,10-Q
AON,2021-12-02 22:19:05,8-K
AON,2021-12-03 13:01:04,8-K
AON,2022-02-04 11:04:58,8-K
AON,2022-02-18 21:06:14,8-K
AON,2022-02-18 21:07:56,10-K
AON,2022-02-28 13:31:57,8-K
AON,2022-02-28 21:53:33,8-K
AON,2022-04-29 10:05:20,8-K
AON,2022-04-29 20:08:58,10-Q
AON,2022-06-23 20:06:09,8-K
AON,2022-07-29 10:10:19,8-K
AON,2022-07-29 20:06:33,10-Q
AON,2022-08-09 20:36:11,8-K
AON,2022-09-06 20:10:38,8-K
AON,2022-09-12 21:14:41,8-K
AON,2022-09-22 20:33:36,8-K
AON,2022-10-21 20:16:05,8-K
AON,2022-10-28 10:02:38,8-K
AON,2022-10-28 20:13:13,10-Q
AON,2023-02-03 11:04:07,8-K
AON,2023-02-17 22:07:28,10-K
AON,2023-02-28 21:58:17,8-K
AON,2023-04-12 12:31:06,8-K
AON,2023-04-28 10:02:30,8-K
AON,2023-04-28 20:13:13,10-Q
AON,2023-06-22 13:45:05,8-K
AON,2023-06-22 21:03:03,8-K
AON,2023-07-28 10:02:35,8-K
AON,2023-07-28 20:59:31,10-Q
AON,2023-10-24 20:30:37,8-K
AON,2023-10-27 10:00:54,8-K
AON,2023-10-27 20:10:19,10-Q
AON,2023-12-20 21:31:07,8-K
AON,2024-01-25 21:31:05,8-K
AON,2024-02-02 11:05:59,8-K
AON,2024-02-16 21:46:41,8-K
AON,2024-02-16 22:18:42,10-K
AON,2024-02-21 13:01:07,8-K
AON,2024-03-01 22:01:01,8-K
AON,2024-03-27 20:31:15,8-K
AON,2024-04-02 20:45:16,8-K
AON,2024-04-03 13:01:11,8-K
AON,2024-04-16 20:58:29,8-K
AON,2024-04-19 16:19:39,8-K
AON,2024-04-19 21:15:36,8-K
AON,2024-04-25 20:40:57,8-K
AON,2024-04-26 10:02:19,8-K
AON,2024-04-26 20:09:07,10-Q
AON,2024-06-04 12:00:35,8-K
AON,2024-06-26 21:01:34,8-K
AON,2024-07-26 10:01:27,8-K
AON,2024-07-26 20:22:37,10-Q
AON,2024-08-09 13:30:02,8-K
AON,2024-10-25 10:01:44,8-K
AON,2024-10-25 20:05:01,10-Q
AON,2025-01-31 11:01:46,8-K
AON,2025-02-18 21:47:00,10-K
AON,2025-03-13 12:30:40,8-K
AON,2025-03-17 12:27:25,8-K
AON,2025-04-10 20:44:42,8-K
AON,2025-04-25 10:00:35,8-K
AON,2025-04-25 20:04:45,10-Q
AON,2025-07-03 21:00:39,8-K
AON,2025-07-25 10:01:09,8-K
AON,2025-07-25 20:14:07,10-Q
AON,2025-07-29 20:34:03,8-K
AON,2025-08-04 20:31:22,8-K
AON,2025-09-03 11:01:10,8-K
AON,2025-10-30 20:16:03,8-K
AON,2025-10-31 10:32:39,8-K
AON,2025-10-31 20:05:44,10-Q
AON,2026-01-02 13:00:28,8-K
AON,2026-01-07 11:30:52,8-K
AON,2026-01-30 11:35:25,8-K
AON,2026-02-13 21:15:50,10-K
AON,2026-05-01 10:34:38,8-K
AON,2026-05-01 20:07:40,10-Q
APD,2016-02-02 18:27:35,8-K
APD,2016-04-04 13:01:07,8-K
APD,2016-04-28 11:43:39,8-K
APD,2016-04-28 18:24:04,10-Q
APD,2016-05-06 12:02:41,8-K
APD,2016-05-23 21:25:53,8-K
APD,2016-05-25 20:15:36,8-K
APD,2016-06-01 14:58:05,8-K
APD,2016-06-28 18:15:55,8-K
APD,2016-07-28 11:06:04,8-K
APD,2016-07-28 11:30:34,8-K
APD,2016-07-28 22:53:24,10-Q
APD,2016-08-26 13:08:50,8-K
APD,2016-09-09 14:41:02,8-K
APD,2016-09-09 14:55:55,8-K
APD,2016-09-21 23:45:32,8-K
APD,2016-09-30 11:43:56,8-K
APD,2016-10-05 20:36:33,8-K
APD,2016-10-27 12:23:03,8-K
APD,2016-11-21 18:23:28,10-K
APD,2017-01-03 13:58:32,8-K
APD,2017-01-06 00:00:09,8-K
APD,2017-01-06 18:32:55,8-K
APD,2017-01-20 11:05:03,8-K
APD,2017-01-27 13:24:08,8-K
APD,2017-01-27 19:01:39,10-Q
APD,2017-01-31 20:09:02,8-K
APD,2017-02-14 17:26:55,8-K
APD,2017-03-24 10:03:11,8-K
APD,2017-03-31 17:57:55,8-K
APD,2017-04-27 12:42:50,8-K
APD,2017-04-27 18:07:47,10-Q
APD,2017-06-05 20:39:29,8-K
APD,2017-08-01 11:52:29,8-K
APD,2017-08-01 17:34:14,10-Q
APD,2017-09-11 10:09:36,8-K
APD,2017-09-11 12:48:35,8-K
APD,2017-10-26 11:55:44,8-K
APD,2017-11-14 21:23:49,8-K
APD,2017-11-16 13:20:11,10-K
APD,2018-01-25 22:05:55,8-K
APD,2018-01-25 22:43:57,8-K
APD,2018-01-26 13:31:48,8-K
APD,2018-01-26 17:35:42,10-Q
APD,2018-04-26 11:51:14,8-K
APD,2018-04-26 17:44:13,10-Q
APD,2018-05-17 11:31:11,8-K
APD,2018-06-28 11:01:05,8-K
APD,2018-07-26 12:17:38,8-K
APD,2018-07-26 19:24:52,10-Q
APD,2018-07-26 20:26:35,8-K
APD,2018-11-06 13:39:27,8-K
APD,2018-11-20 19:47:42,10-K
APD,2019-01-02 21:16:06,8-K
APD,2019-01-24 21:36:02,8-K
APD,2019-01-25 13:05:05,8-K
APD,2019-01-25 18:51:25,10-Q
APD,2019-04-24 12:01:32,8-K
APD,2019-04-24 17:03:37,10-Q
APD,2019-07-25 12:24:52,8-K
APD,2019-07-25 17:01:31,10-Q
APD,2019-11-07 13:07:21,8-K
APD,2019-11-26 18:55:27,10-K
APD,2019-12-02 22:20:23,8-K
APD,2020-01-23 21:47:56,8-K
APD,2020-01-24 13:36:13,8-K
APD,2020-01-24 17:25:43,10-Q
APD,2020-03-09 13:16:54,8-K
APD,2020-04-23 11:24:44,8-K
APD,2020-04-23 16:19:50,10-Q
APD,2020-04-30 12:30:23,8-K
APD,2020-05-21 20:29:50,8-K
APD,2020-05-26 20:43:53,8-K
APD,2020-07-23 11:24:09,8-K
APD,2020-07-23 16:39:29,10-Q
APD,2020-11-12 11:28:17,8-K
APD,2020-11-19 20:29:11,10-K
APD,2021-01-29 18:49:04,8-K
APD,2021-02-04 13:03:43,8-K
APD,2021-02-04 16:42:33,10-Q
APD,2021-03-31 20:11:01,8-K
APD,2021-05-10 11:39:23,8-K
APD,2021-05-10 14:17:05,10-Q
APD,2021-07-09 13:05:39,8-K
APD,2021-07-19 20:31:11,8-K
APD,2021-08-09 10:50:43,8-K
APD,2021-08-09 14:08:38,10-Q
APD,2021-09-13 20:17:06,8-K
APD,2021-10-27 20:37:06,8-K
APD,2021-11-04 11:03:01,8-K
APD,2021-11-18 19:04:47,10-K
APD,2021-12-09 13:30:35,8-K
APD,2022-02-04 11:12:32,8-K
APD,2022-02-04 15:32:04,10-Q
APD,2022-02-04 21:03:35,8-K
APD,2022-02-22 20:14:10,8-K
APD,2022-04-19 20:52:00,8-K
APD,2022-05-05 11:09:39,8-K
APD,2022-05-05 17:35:24,10-Q
APD,2022-08-04 10:42:46,8-K
APD,2022-08-04 14:06:29,10-Q
APD,2022-11-03 11:59:12,8-K
APD,2022-11-22 21:37:46,10-K
APD,2023-01-20 14:03:37,8-K
APD,2023-01-26 21:20:19,8-K
APD,2023-02-02 12:48:05,8-K
APD,2023-02-02 15:34:15,10-Q
APD,2023-03-03 21:12:57,8-K
APD,2023-05-09 11:55:14,8-K
APD,2023-05-09 14:01:21,10-Q
APD,2023-05-18 20:07:08,8-K
APD,2023-05-22 12:41:06,8-K
APD,2023-08-03 11:43:40,8-K
APD,2023-08-03 14:21:26,10-Q
APD,2023-09-20 20:30:59,8-K
APD,2023-10-10 20:17:06,8-K
APD,2023-11-07 12:43:43,8-K
APD,2023-11-16 17:58:45,10-K
APD,2023-11-16 19:15:34,8-K
APD,2024-01-26 21:16:05,8-K
APD,2024-02-05 12:51:13,8-K
APD,2024-02-05 20:01:25,10-Q
APD,2024-02-08 13:37:34,8-K
APD,2024-03-28 20:31:07,8-K
APD,2024-04-30 12:09:52,8-K
APD,2024-04-30 14:57:18,10-Q
APD,2024-07-10 20:46:04,8-K
APD,2024-07-22 11:00:32,8-K
APD,2024-08-01 11:58:09,8-K
APD,2024-08-01 18:12:57,10-Q
APD,2024-09-30 12:06:32,8-K
APD,2024-11-07 12:52:19,8-K
APD,2024-11-18 11:39:02,8-K
APD,2024-11-21 18:57:11,10-K
APD,2024-12-05 11:10:54,8-K
APD,2025-01-14 21:56:45,8-K
APD,2025-01-27 22:18:03,8-K
APD,2025-02-04 21:10:28,8-K
APD,2025-02-05 21:10:17,8-K
APD,2025-02-06 12:28:03,8-K
APD,2025-02-06 17:03:33,10-Q
APD,2025-02-13 22:00:37,8-K
APD,2025-02-24 21:53:31,8-K
APD,2025-05-01 11:39:28,8-K
APD,2025-05-01 17:41:13,10-Q
APD,2025-06-11 18:03:00,8-K
APD,2025-07-08 20:15:27,8-K
APD,2025-07-31 11:47:46,8-K
APD,2025-07-31 17:42:40,10-Q
APD,2025-08-20 12:39:38,8-K
APD,2025-11-06 12:44:59,8-K
APD,2025-11-20 15:20:44,10-K
APD,2025-11-25 21:18:24,8-K
APD,2026-01-29 21:16:11,8-K
APD,2026-01-30 12:40:18,8-K
APD,2026-01-30 21:20:10,10-Q
APD,2026-04-30 10:50:17,8-K
APD,2026-04-30 15:07:07,10-Q
APH,2014-05-23 14:44:52,8-K
APH,2014-06-04 15:51:14,8-K
APH,2014-07-23 15:33:06,8-K
APH,2014-08-06 14:33:17,10-Q
APH,2014-08-12 13:49:07,8-K
APH,2014-09-02 14:15:21,8-K
APH,2014-09-05 13:42:19,8-K
APH,2014-09-10 14:08:32,8-K
APH,2014-09-12 21:28:59,8-K
APH,2014-10-22 15:02:33,8-K
APH,2014-10-31 14:11:54,8-K
APH,2014-11-05 13:56:25,10-Q
APH,2015-01-21 15:15:36,8-K
APH,2015-01-30 16:51:52,8-K
APH,2015-02-05 17:17:24,8-K
APH,2015-02-20 19:49:55,10-K
APH,2015-04-22 14:17:21,8-K
APH,2015-05-01 19:13:19,8-K
APH,2015-05-01 20:37:35,8-K
APH,2015-05-08 17:21:17,10-Q
APH,2015-05-26 17:23:05,8-K
APH,2015-06-29 19:33:00,8-K
APH,2015-07-20 20:31:05,8-K
APH,2015-07-21 21:14:24,8-K
APH,2015-07-22 14:24:58,8-K
APH,2015-07-31 17:05:52,8-K
APH,2015-08-07 14:07:47,10-Q
APH,2015-10-21 15:12:44,8-K
APH,2015-10-30 14:36:45,8-K
APH,2015-11-05 16:58:33,10-Q
APH,2016-01-04 21:38:25,8-K
APH,2016-01-08 17:46:45,8-K
APH,2016-01-20 15:10:03,8-K
APH,2016-01-27 19:52:16,8-K
APH,2016-01-29 15:01:08,8-K
APH,2016-02-19 21:13:34,10-K
APH,2016-03-02 14:38:02,8-K
APH,2016-03-22 17:53:18,8-K
APH,2016-04-05 21:28:36,8-K
APH,2016-04-12 20:35:21,8-K
APH,2016-04-20 14:59:26,8-K
APH,2016-04-29 13:43:47,8-K
APH,2016-05-05 20:36:06,10-Q
APH,2016-05-26 19:38:43,8-K
APH,2016-07-20 14:02:06,8-K
APH,2016-07-29 13:14:28,8-K
APH,2016-08-04 15:34:26,10-Q
APH,2016-10-19 14:58:38,8-K
APH,2016-11-03 15:34:38,10-Q
APH,2017-01-25 15:19:50,8-K
APH,2017-02-17 19:28:24,10-K
APH,2017-03-22 21:29:21,8-K
APH,2017-03-30 21:02:42,8-K
APH,2017-04-05 15:56:24,8-K
APH,2017-04-26 14:41:04,8-K
APH,2017-05-04 20:50:32,10-Q
APH,2017-05-19 19:00:20,8-K
APH,2017-07-25 20:50:12,8-K
APH,2017-07-26 14:26:22,8-K
APH,2017-08-03 21:00:09,10-Q
APH,2017-10-25 14:19:30,8-K
APH,2017-11-02 17:43:18,10-Q
APH,2018-01-24 16:13:11,8-K
APH,2018-02-21 22:28:05,10-K
APH,2018-04-02 15:11:56,8-K
APH,2018-04-25 14:25:53,8-K
APH,2018-05-03 20:19:55,10-Q
APH,2018-05-18 20:33:50,8-K
APH,2018-07-11 20:57:23,8-K
APH,2018-07-25 14:05:38,8-K
APH,2018-07-31 15:53:16,10-Q
APH,2018-10-01 22:50:42,8-K
APH,2018-10-09 12:36:23,8-K
APH,2018-10-24 14:39:23,8-K
APH,2018-10-26 18:13:53,10-Q
APH,2018-11-27 14:09:04,8-K
APH,2018-12-06 14:04:20,8-K
APH,2019-01-08 20:53:08,8-K
APH,2019-01-10 20:12:58,8-K
APH,2019-01-18 21:08:00,8-K
APH,2019-01-23 14:41:09,8-K
APH,2019-02-13 21:59:26,10-K
APH,2019-04-17 10:04:15,8-K
APH,2019-04-24 14:50:11,8-K
APH,2019-04-26 21:13:21,10-Q
APH,2019-05-23 20:47:58,8-K
APH,2019-07-24 14:05:36,8-K
APH,2019-07-26 20:16:22,10-Q
APH,2019-09-04 13:32:48,8-K
APH,2019-09-05 20:24:26,8-K
APH,2019-09-10 20:06:35,8-K
APH,2019-09-13 20:49:29,8-K
APH,2019-10-23 14:19:40,8-K
APH,2019-10-25 20:40:16,10-Q
APH,2019-11-12 21:17:18,8-K
APH,2020-01-22 15:18:54,8-K
APH,2020-02-12 21:51:12,10-K
APH,2020-02-14 13:07:55,8-K
APH,2020-02-20 21:15:14,8-K
APH,2020-02-24 15:00:12,8-K
APH,2020-04-22 13:58:14,8-K
APH,2020-04-24 20:55:41,10-Q
APH,2020-04-28 22:46:09,8-K
APH,2020-05-05 01:56:25,8-K
APH,2020-05-21 10:02:28,8-K
APH,2020-07-22 14:35:44,8-K
APH,2020-07-24 20:31:56,10-Q
APH,2020-07-29 21:30:53,8-K
APH,2020-10-21 14:25:55,8-K
APH,2020-10-23 20:47:19,10-Q
APH,2020-12-09 13:07:41,8-K
APH,2021-01-19 13:06:08,8-K
APH,2021-01-27 15:55:04,8-K
APH,2021-02-04 14:45:08,8-K
APH,2021-02-10 22:11:44,10-K
APH,2021-03-12 14:05:39,8-K
APH,2021-04-07 14:59:58,8-K
APH,2021-04-28 14:15:21,8-K
APH,2021-04-30 12:55:54,10-Q
APH,2021-05-19 21:04:19,8-K
APH,2021-07-28 14:06:38,8-K
APH,2021-07-29 12:28:36,8-K
APH,2021-07-30 17:55:57,10-Q
APH,2021-09-08 21:33:27,8-K
APH,2021-09-14 21:20:56,8-K
APH,2021-10-27 14:00:47,8-K
APH,2021-10-29 19:24:27,10-Q
APH,2021-12-06 14:50:21,8-K
APH,2021-12-10 21:53:07,8-K
APH,2022-01-26 15:16:31,8-K
APH,2022-02-09 21:39:10,10-K
APH,2022-04-21 20:15:49,8-K
APH,2022-04-27 14:19:58,8-K
APH,2022-04-29 20:25:47,10-Q
APH,2022-05-18 20:31:41,8-K
APH,2022-07-27 13:55:16,8-K
APH,2022-07-29 20:49:59,10-Q
APH,2022-10-26 14:20:38,8-K
APH,2022-10-28 20:25:10,10-Q
APH,2023-01-12 21:33:10,8-K
APH,2023-01-25 14:57:11,8-K
APH,2023-02-08 21:37:48,10-K
APH,2023-03-28 12:45:04,8-K
APH,2023-03-30 20:12:32,8-K
APH,2023-04-26 14:04:20,8-K
APH,2023-04-28 21:16:11,10-Q
APH,2023-05-18 21:42:50,8-K
APH,2023-07-26 14:12:24,8-K
APH,2023-07-28 20:32:59,10-Q
APH,2023-08-03 20:19:41,8-K
APH,2023-08-04 20:10:17,8-K
APH,2023-10-06 20:10:15,8-K
APH,2023-10-25 14:03:30,8-K
APH,2023-10-27 20:31:08,10-Q
APH,2024-01-24 14:58:13,8-K
APH,2024-01-30 21:06:37,8-K
APH,2024-02-07 21:41:10,10-K
APH,2024-03-22 21:29:01,8-K
APH,2024-04-03 10:10:51,8-K
APH,2024-04-05 20:21:22,8-K
APH,2024-04-24 14:12:15,8-K
APH,2024-04-26 20:38:37,10-Q
APH,2024-05-16 20:33:10,8-K
APH,2024-05-20 21:00:43,8-K
APH,2024-05-21 20:24:31,8-K
APH,2024-06-12 12:49:21,8-K
APH,2024-07-18 13:15:01,8-K
APH,2024-07-24 14:08:47,8-K
APH,2024-07-26 20:33:58,10-Q
APH,2024-10-23 13:48:11,8-K
APH,2024-10-25 20:50:28,10-Q
APH,2024-10-29 10:09:06,8-K
APH,2024-10-31 20:41:43,8-K
APH,2025-01-22 15:00:25,8-K
APH,2025-02-03 13:15:45,8-K
APH,2025-02-07 21:43:42,10-K
APH,2025-04-23 13:21:22,8-K
APH,2025-04-25 20:15:41,10-Q
APH,2025-05-14 20:01:26,8-K
APH,2025-05-16 20:01:22,8-K
APH,2025-06-10 10:00:45,8-K
APH,2025-06-12 10:00:38,8-K
APH,2025-06-12 20:16:53,8-K
APH,2025-06-16 20:03:41,8-K
APH,2025-07-23 14:58:09,8-K
APH,2025-07-25 20:06:08,10-Q
APH,2025-08-04 11:08:14,8-K
APH,2025-08-25 20:15:51,8-K
APH,2025-10-22 13:28:19,8-K
APH,2025-10-24 20:17:12,10-Q
APH,2025-10-28 12:00:38,8-K
APH,2025-11-10 21:39:17,8-K
APH,2026-01-08 22:11:18,8-K
APH,2026-01-12 13:30:44,8-K
APH,2026-01-28 14:24:47,8-K
APH,2026-02-05 13:36:49,8-K
APH,2026-02-11 22:28:12,10-K
APH,2026-03-24 21:27:22,8-K
APH,2026-03-30 10:00:41,8-K
APH,2026-04-29 13:05:54,8-K
APH,2026-05-01 20:09:45,10-Q
APH,2026-05-06 10:30:49,8-K
APH,2026-05-12 20:15:17,8-K
APH,2026-05-22 20:01:31,8-K
AXP,2019-07-15 16:01:07,8-K
AXP,2019-07-19 11:33:13,8-K
AXP,2019-07-23 19:55:11,10-Q
AXP,2019-07-30 20:55:42,8-K
AXP,2019-08-15 16:01:28,8-K
AXP,2019-09-16 12:02:38,8-K
AXP,2019-09-23 20:12:11,8-K
AXP,2019-10-15 16:02:54,8-K
AXP,2019-10-18 11:33:20,8-K
AXP,2019-10-21 17:56:06,10-Q
AXP,2019-11-15 17:01:48,8-K
AXP,2019-12-16 17:01:52,8-K
AXP,2019-12-17 20:17:16,8-K
AXP,2020-01-15 17:01:17,8-K
AXP,2020-01-24 12:07:06,8-K
AXP,2020-01-29 19:24:04,8-K
AXP,2020-02-07 21:16:37,8-K
AXP,2020-02-13 21:04:42,10-K
AXP,2020-02-18 17:01:49,8-K
AXP,2020-03-16 16:02:45,8-K
AXP,2020-03-17 13:18:04,8-K
AXP,2020-03-20 16:01:26,8-K
AXP,2020-04-15 16:01:35,8-K
AXP,2020-04-24 11:03:49,8-K
AXP,2020-04-24 19:51:23,10-Q
AXP,2020-05-07 16:05:17,8-K
AXP,2020-05-15 16:24:33,8-K
AXP,2020-06-15 16:01:38,8-K
AXP,2020-06-30 14:24:45,8-K
AXP,2020-07-15 16:03:58,8-K
AXP,2020-07-24 11:03:56,8-K
AXP,2020-07-24 17:23:32,10-Q
AXP,2020-08-17 16:02:03,8-K
AXP,2020-09-15 16:01:15,8-K
AXP,2020-10-15 16:01:02,8-K
AXP,2020-10-23 11:03:16,8-K
AXP,2020-10-23 16:01:09,10-Q
AXP,2020-10-26 13:04:43,8-K
AXP,2020-11-16 17:01:06,8-K
AXP,2020-12-15 17:00:37,8-K
AXP,2021-01-15 17:01:14,8-K
AXP,2021-01-26 12:03:12,8-K
AXP,2021-01-27 20:10:52,8-K
AXP,2021-02-12 19:26:54,10-K
AXP,2021-02-16 17:01:16,8-K
AXP,2021-03-09 14:52:15,8-K
AXP,2021-03-15 16:00:44,8-K
AXP,2021-04-15 16:01:47,8-K
AXP,2021-04-23 11:02:51,8-K
AXP,2021-04-23 16:23:33,10-Q
AXP,2021-04-28 13:24:02,8-K
AXP,2021-05-06 21:15:33,8-K
AXP,2021-05-17 16:01:15,8-K
AXP,2021-06-15 16:03:30,8-K
AXP,2021-07-15 16:01:06,8-K
AXP,2021-07-23 11:03:54,8-K
AXP,2021-07-23 16:05:06,10-Q
AXP,2021-07-27 13:04:49,8-K
AXP,2021-08-03 17:31:46,8-K
AXP,2021-08-16 16:01:16,8-K
AXP,2021-09-15 16:00:55,8-K
AXP,2021-10-15 16:05:01,8-K
AXP,2021-10-22 11:04:08,8-K
AXP,2021-10-22 18:59:47,10-Q
AXP,2021-11-01 13:27:35,8-K
AXP,2021-11-02 13:17:19,8-K
AXP,2021-11-04 20:24:39,8-K
AXP,2021-11-15 17:02:01,8-K
AXP,2021-11-16 13:06:36,8-K
AXP,2021-12-01 17:04:20,8-K
AXP,2021-12-15 17:00:55,8-K
AXP,2022-01-18 17:02:29,8-K
AXP,2022-01-25 12:05:03,8-K
AXP,2022-02-11 20:42:21,10-K
AXP,2022-02-15 17:02:20,8-K
AXP,2022-03-04 17:28:58,8-K
AXP,2022-03-10 14:25:50,8-K
AXP,2022-03-15 16:01:26,8-K
AXP,2022-04-15 16:00:26,8-K
AXP,2022-04-22 11:01:46,8-K
AXP,2022-04-22 17:54:24,10-Q
AXP,2022-05-03 21:28:42,8-K
AXP,2022-05-04 21:19:18,8-K
AXP,2022-05-16 16:00:46,8-K
AXP,2022-05-26 21:22:07,8-K
AXP,2022-06-15 12:16:17,8-K
AXP,2022-07-15 16:00:37,8-K
AXP,2022-07-22 11:02:51,8-K
AXP,2022-07-22 16:34:27,10-Q
AXP,2022-08-03 20:16:03,8-K
AXP,2022-08-15 16:00:32,8-K
AXP,2022-09-15 16:01:15,8-K
AXP,2022-10-06 13:02:15,8-K
AXP,2022-10-17 16:00:26,8-K
AXP,2022-10-21 11:02:34,8-K
AXP,2022-10-21 17:36:15,10-Q
AXP,2022-11-02 20:31:27,8-K
AXP,2022-11-07 20:44:32,8-K
AXP,2022-11-15 17:00:34,8-K
AXP,2022-12-08 14:32:59,8-K
AXP,2022-12-15 17:02:28,8-K
AXP,2023-01-17 17:00:22,8-K
AXP,2023-01-27 12:01:52,8-K
AXP,2023-02-10 20:21:14,10-K
AXP,2023-02-15 13:18:16,8-K
AXP,2023-02-16 19:30:21,8-K
AXP,2023-03-08 21:18:26,8-K
AXP,2023-03-15 16:00:48,8-K
AXP,2023-04-17 16:00:49,8-K
AXP,2023-04-20 11:02:26,8-K
AXP,2023-04-21 17:28:58,10-Q
AXP,2023-05-01 20:31:36,8-K
AXP,2023-05-05 18:30:46,8-K
AXP,2023-05-15 16:01:28,8-K
AXP,2023-06-15 16:02:56,8-K
AXP,2023-06-27 11:32:11,8-K
AXP,2023-07-17 16:01:47,8-K
AXP,2023-07-21 11:01:52,8-K
AXP,2023-07-24 22:01:03,10-Q
AXP,2023-07-28 17:14:26,8-K
AXP,2023-07-28 20:26:56,8-K
AXP,2023-08-15 16:00:48,8-K
AXP,2023-09-15 16:00:18,8-K
AXP,2023-10-16 16:00:42,8-K
AXP,2023-10-20 11:01:53,8-K
AXP,2023-10-20 16:36:01,10-Q
AXP,2023-10-30 18:00:38,8-K
AXP,2023-11-15 17:00:53,8-K
AXP,2023-12-15 17:08:14,8-K
AXP,2024-01-16 11:45:56,8-K
AXP,2024-01-16 16:56:07,8-K
AXP,2024-01-26 12:01:25,8-K
AXP,2024-02-09 19:08:08,10-K
AXP,2024-02-15 17:00:23,8-K
AXP,2024-02-16 19:29:00,8-K
AXP,2024-03-07 13:31:42,8-K
AXP,2024-03-15 16:03:37,8-K
AXP,2024-04-15 11:17:17,8-K
AXP,2024-04-19 11:02:18,8-K
AXP,2024-04-19 14:58:03,10-Q
AXP,2024-04-25 18:30:27,8-K
AXP,2024-05-08 18:00:58,8-K
AXP,2024-05-15 16:00:24,8-K
AXP,2024-06-17 16:01:29,8-K
AXP,2024-07-15 16:00:23,8-K
AXP,2024-07-19 11:03:29,8-K
AXP,2024-07-19 17:18:53,10-Q
AXP,2024-07-26 17:31:07,8-K
AXP,2024-08-15 16:02:35,8-K
AXP,2024-09-16 16:01:20,8-K
AXP,2024-09-27 16:01:28,8-K
AXP,2024-10-15 16:01:05,8-K
AXP,2024-10-18 11:08:40,8-K
AXP,2024-10-18 19:10:16,10-Q
AXP,2024-11-15 17:00:20,8-K
AXP,2024-12-16 17:00:38,8-K
AXP,2025-01-15 17:00:22,8-K
AXP,2025-01-16 17:56:34,8-K
AXP,2025-01-24 12:04:06,8-K
AXP,2025-01-30 15:15:21,8-K
AXP,2025-01-30 20:33:53,8-K
AXP,2025-02-07 19:10:04,10-K
AXP,2025-02-18 17:00:20,8-K
AXP,2025-03-03 21:40:44,8-K
AXP,2025-03-17 16:00:31,8-K
AXP,2025-04-15 16:00:41,8-K
AXP,2025-04-17 11:03:03,8-K
AXP,2025-04-18 16:21:54,10-Q
AXP,2025-04-25 18:00:36,8-K
AXP,2025-05-01 20:30:39,8-K
AXP,2025-05-15 16:01:22,8-K
AXP,2025-05-20 17:01:08,8-K
AXP,2025-06-16 16:00:41,8-K
AXP,2025-07-01 21:04:32,8-K
AXP,2025-07-15 12:30:38,8-K
AXP,2025-07-18 11:02:50,8-K
AXP,2025-07-18 16:40:32,10-Q
AXP,2025-07-23 20:31:01,8-K
AXP,2025-07-25 18:00:53,8-K
AXP,2025-08-15 16:01:05,8-K
AXP,2025-09-15 16:00:37,8-K
AXP,2025-09-29 20:34:41,8-K
AXP,2025-10-15 16:23:17,8-K
AXP,2025-10-17 11:00:35,8-K
AXP,2025-10-17 16:24:18,10-Q
AXP,2025-10-24 18:01:05,8-K
AXP,2025-11-17 17:01:01,8-K
AXP,2025-12-15 17:00:56,8-K
AXP,2026-01-15 17:01:07,8-K
AXP,2026-01-30 12:00:34,8-K
AXP,2026-02-06 17:31:47,10-K
AXP,2026-02-10 20:32:52,8-K
AXP,2026-02-17 17:00:34,8-K
AXP,2026-02-25 14:03:16,8-K
AXP,2026-03-02 21:18:58,8-K
AXP,2026-03-16 16:00:25,8-K
AXP,2026-04-15 16:01:04,8-K
AXP,2026-04-23 11:00:36,8-K
AXP,2026-04-23 15:06:02,10-Q
AXP,2026-05-04 11:34:11,8-K
AXP,2026-05-04 18:00:53,8-K
AXP,2026-05-07 20:18:21,8-K
AXP,2026-05-15 16:00:46,8-K
AXP,2026-06-15 16:00:39,8-K
AXP,2026-06-17 17:01:12,8-K
BA,2019-04-05 21:17:49,8-K
BA,2019-04-24 11:56:55,8-K
BA,2019-04-24 16:56:09,10-Q
BA,2019-04-29 20:38:03,8-K
BA,2019-04-29 20:49:41,8-K
BA,2019-05-01 20:42:21,8-K
BA,2019-05-02 20:41:03,8-K
BA,2019-06-26 21:26:09,8-K
BA,2019-07-18 20:40:43,8-K
BA,2019-07-24 11:39:23,8-K
BA,2019-07-24 16:42:25,10-Q
BA,2019-07-31 20:36:04,8-K
BA,2019-10-15 14:08:33,8-K
BA,2019-10-23 11:35:17,8-K
BA,2019-10-23 16:44:54,10-Q
BA,2019-10-25 21:30:14,8-K
BA,2019-11-01 20:53:06,8-K
BA,2019-12-16 22:20:08,8-K
BA,2019-12-23 21:58:26,8-K
BA,2019-12-27 19:18:13,8-K
BA,2020-01-10 21:33:53,8-K
BA,2020-01-21 21:05:18,8-K
BA,2020-01-29 12:40:44,8-K
BA,2020-01-31 18:23:40,10-K
BA,2020-02-07 21:14:15,8-K
BA,2020-02-24 22:10:03,8-K
BA,2020-03-17 20:17:01,8-K
BA,2020-03-19 21:04:00,8-K
BA,2020-03-23 11:00:29,8-K
BA,2020-03-23 20:21:55,8-K
BA,2020-04-06 21:28:20,8-K
BA,2020-04-27 21:04:13,8-K
BA,2020-04-29 11:38:11,8-K
BA,2020-04-29 16:54:55,10-Q
BA,2020-05-04 21:12:20,8-K
BA,2020-07-29 11:44:56,8-K
BA,2020-07-29 17:56:40,10-Q
BA,2020-10-26 20:31:31,8-K
BA,2020-10-28 11:51:32,8-K
BA,2020-10-28 16:41:12,10-Q
BA,2020-11-02 22:29:32,8-K
BA,2020-11-10 21:16:47,8-K
BA,2021-01-07 21:10:12,8-K
BA,2021-01-15 21:46:35,8-K
BA,2021-01-27 12:37:01,8-K
BA,2021-02-01 19:20:17,10-K
BA,2021-02-04 22:01:57,8-K
BA,2021-02-17 22:28:38,8-K
BA,2021-03-15 21:03:47,8-K
BA,2021-03-22 20:10:56,8-K
BA,2021-04-20 20:56:17,8-K
BA,2021-04-28 11:34:21,8-K
BA,2021-04-28 16:51:04,10-Q
BA,2021-06-30 17:14:23,8-K
BA,2021-07-01 15:16:19,8-K
BA,2021-07-13 11:10:53,8-K
BA,2021-07-28 11:33:32,8-K
BA,2021-07-28 17:03:50,10-Q
BA,2021-09-01 20:11:36,8-K
BA,2021-10-27 11:33:40,8-K
BA,2021-10-27 15:47:46,8-K
BA,2021-10-27 17:33:36,10-Q
BA,2022-01-26 12:33:49,8-K
BA,2022-01-31 15:33:32,10-K
BA,2022-03-29 00:57:43,8-K
BA,2022-04-27 11:38:02,8-K
BA,2022-04-27 16:35:48,10-Q
BA,2022-04-29 18:35:03,8-K
BA,2022-06-22 21:10:33,8-K
BA,2022-07-05 17:50:07,8-K
BA,2022-07-27 11:33:50,8-K
BA,2022-07-27 16:10:45,10-Q
BA,2022-08-29 21:01:31,8-K
BA,2022-10-26 11:34:57,8-K
BA,2022-10-26 16:59:26,10-Q
BA,2022-11-28 22:53:20,8-K
BA,2022-12-12 22:04:07,8-K
BA,2022-12-22 19:01:16,8-K
BA,2023-01-25 12:36:42,8-K
BA,2023-01-27 19:26:33,10-K
BA,2023-02-17 21:33:38,8-K
BA,2023-03-15 20:00:40,8-K
BA,2023-04-11 21:20:39,8-K
BA,2023-04-19 21:24:20,8-K
BA,2023-04-26 11:33:12,8-K
BA,2023-04-26 17:03:42,10-Q
BA,2023-07-26 11:32:24,8-K
BA,2023-07-26 17:23:50,10-Q
BA,2023-08-24 21:02:32,8-K
BA,2023-09-05 21:04:26,8-K
BA,2023-10-25 11:32:18,8-K
BA,2023-10-25 16:55:02,10-Q
BA,2023-12-11 22:24:23,8-K
BA,2024-01-31 12:30:44,8-K
BA,2024-01-31 17:45:19,10-K
BA,2024-03-25 21:18:17,8-K
BA,2024-04-24 11:31:54,8-K
BA,2024-04-24 17:10:36,10-Q
BA,2024-05-03 21:00:41,8-K
BA,2024-05-17 21:01:44,8-K
BA,2024-05-17 21:03:47,8-K
BA,2024-07-01 10:06:32,8-K
BA,2024-07-31 11:37:33,8-K
BA,2024-07-31 17:04:24,10-Q
BA,2024-07-31 19:03:04,8-K
BA,2024-09-13 21:11:01,8-K
BA,2024-09-20 21:27:37,8-K
BA,2024-10-11 20:39:18,8-K
BA,2024-10-15 10:00:40,8-K
BA,2024-10-23 11:31:06,8-K
BA,2024-10-23 16:43:27,10-Q
BA,2024-10-30 20:38:33,8-K
BA,2024-10-31 20:34:32,8-K
BA,2024-11-18 22:28:33,8-K
BA,2025-01-23 21:38:14,8-K
BA,2025-01-28 12:01:00,8-K
BA,2025-02-03 19:37:45,10-K
BA,2025-02-25 22:17:58,8-K
BA,2025-04-23 11:30:57,8-K
BA,2025-04-23 16:21:50,10-Q
BA,2025-04-24 20:10:26,8-K
BA,2025-04-24 20:30:38,8-K
BA,2025-06-04 20:35:38,8-K
BA,2025-07-03 21:28:04,8-K
BA,2025-07-29 11:30:54,8-K
BA,2025-07-29 16:20:07,10-Q
BA,2025-08-28 21:00:55,8-K
BA,2025-10-29 11:30:44,8-K
BA,2025-10-29 16:56:33,10-Q
BA,2025-12-03 22:20:22,8-K
BA,2025-12-08 21:12:36,8-K
BA,2026-01-27 12:30:46,8-K
BA,2026-01-30 19:24:40,10-K
BA,2026-04-17 18:54:44,8-K
BA,2026-04-22 11:40:05,8-K
BA,2026-04-22 16:38:40,10-Q
BAC,2025-07-01 20:47:43,8-K
BAC,2025-07-16 10:46:12,8-K
BAC,2025-07-23 20:56:47,8-K
BAC,2025-07-24 20:30:23,8-K
BAC,2025-07-31 20:52:36,10-Q
BAC,2025-09-12 21:18:07,8-K
BAC,2025-09-15 20:56:10,8-K
BAC,2025-10-15 10:50:29,8-K
BAC,2025-10-16 21:06:20,8-K
BAC,2025-10-31 20:36:23,10-Q
BAC,2025-11-26 21:30:36,8-K
BAC,2026-01-06 21:43:32,8-K
BAC,2026-01-14 11:45:47,8-K
BAC,2026-02-13 21:44:13,8-K
BAC,2026-02-25 22:01:44,10-K
BAC,2026-04-15 10:44:44,8-K
BAC,2026-05-01 20:39:01,10-Q
BAC,2026-05-06 20:34:21,8-K
BKNG,2014-09-16 10:07:10,8-K
BKNG,2014-09-22 20:08:26,8-K
BKNG,2014-09-26 20:44:16,8-K
BKNG,2014-11-04 12:06:25,8-K
BKNG,2014-11-04 13:42:16,10-Q
BKNG,2014-11-26 21:20:56,8-K
BKNG,2014-12-15 12:22:32,8-K
BKNG,2015-02-19 12:13:28,8-K
BKNG,2015-02-19 13:38:13,10-K
BKNG,2015-02-24 12:23:59,8-K
BKNG,2015-02-25 14:11:00,8-K
BKNG,2015-03-02 21:18:17,8-K
BKNG,2015-03-04 21:20:16,8-K
BKNG,2015-03-06 21:33:33,8-K
BKNG,2015-03-10 13:06:35,8-K
BKNG,2015-03-12 20:29:24,8-K
BKNG,2015-03-13 20:34:56,8-K
BKNG,2015-03-19 20:36:01,8-K
BKNG,2015-04-21 12:44:46,8-K
BKNG,2015-04-24 20:26:00,8-K
BKNG,2015-05-07 11:12:08,8-K
BKNG,2015-05-26 12:55:55,8-K
BKNG,2015-06-04 20:07:56,8-K
BKNG,2015-06-24 21:28:42,8-K
BKNG,2015-07-28 20:08:11,8-K
BKNG,2015-08-05 11:07:23,8-K
BKNG,2015-08-05 12:30:45,10-Q
BKNG,2015-09-11 20:07:44,8-K
BKNG,2015-09-14 20:29:23,8-K
BKNG,2015-11-09 12:16:33,8-K
BKNG,2015-11-09 13:34:22,10-Q
BKNG,2015-11-09 21:12:49,8-K
BKNG,2015-11-25 21:57:32,8-K
BKNG,2015-12-10 21:05:37,8-K
BKNG,2015-12-16 21:11:16,10-Q
BKNG,2015-12-21 21:35:47,8-K
BKNG,2016-02-17 12:03:29,8-K
BKNG,2016-02-17 13:32:42,10-K
BKNG,2016-03-10 21:24:19,8-K
BKNG,2016-04-15 20:10:43,8-K
BKNG,2016-04-28 12:05:52,8-K
BKNG,2016-05-04 11:04:46,8-K
BKNG,2016-05-04 12:45:11,10-Q
BKNG,2016-05-20 20:26:42,8-K
BKNG,2016-05-23 20:33:23,8-K
BKNG,2016-06-03 20:08:07,8-K
BKNG,2016-08-04 20:05:07,8-K
BKNG,2016-08-04 21:17:19,10-Q
BKNG,2016-09-09 20:02:47,8-K
BKNG,2016-10-06 20:13:46,8-K
BKNG,2016-11-07 21:02:42,8-K
BKNG,2016-11-07 22:17:57,10-Q
BKNG,2016-12-02 21:10:41,8-K
BKNG,2016-12-16 21:29:11,8-K
BKNG,2017-02-07 21:30:38,8-K
BKNG,2017-02-27 21:04:21,8-K
BKNG,2017-02-27 22:18:18,10-K
BKNG,2017-03-03 21:15:03,8-K
BKNG,2017-03-10 21:19:27,8-K
BKNG,2017-04-24 20:09:50,8-K
BKNG,2017-05-09 20:04:34,8-K
BKNG,2017-05-09 21:16:40,10-Q
BKNG,2017-05-12 20:06:51,8-K
BKNG,2017-06-09 20:12:51,8-K
BKNG,2017-07-24 13:20:01,8-K
BKNG,2017-08-08 20:03:53,8-K
BKNG,2017-08-08 21:04:24,10-Q
BKNG,2017-08-15 20:34:20,8-K
BKNG,2017-10-19 13:07:07,8-K
BKNG,2017-11-07 00:25:45,10-Q
BKNG,2017-11-07 17:15:58,8-K
BKNG,2017-12-01 21:06:42,8-K
BKNG,2018-01-22 21:42:59,8-K
BKNG,2018-02-21 21:14:12,8-K
BKNG,2018-02-27 21:08:00,8-K
BKNG,2018-02-27 22:17:39,10-K
BKNG,2018-03-02 21:11:22,8-K
BKNG,2018-03-08 22:08:52,8-K
BKNG,2018-04-10 13:07:34,8-K
BKNG,2018-04-19 20:33:06,8-K
BKNG,2018-05-09 20:04:59,8-K
BKNG,2018-05-09 21:14:18,10-Q
BKNG,2018-06-08 20:48:18,8-K
BKNG,2018-07-09 20:19:34,8-K
BKNG,2018-07-17 20:17:21,8-K
BKNG,2018-08-08 20:15:18,8-K
BKNG,2018-08-09 11:52:56,8-K
BKNG,2018-08-09 13:03:52,10-Q
BKNG,2018-11-05 21:04:08,8-K
BKNG,2018-11-05 22:01:56,10-Q
BKNG,2019-02-27 21:07:08,8-K
BKNG,2019-02-27 22:10:04,10-K
BKNG,2019-03-01 21:29:21,8-K
BKNG,2019-03-28 21:12:14,8-K
BKNG,2019-05-09 20:05:06,8-K
BKNG,2019-05-09 21:05:25,10-Q
BKNG,2019-05-14 20:05:50,8-K
BKNG,2019-06-07 20:04:01,8-K
BKNG,2019-06-28 20:19:02,8-K
BKNG,2019-08-07 20:07:23,8-K
BKNG,2019-08-07 21:14:11,10-Q
BKNG,2019-08-14 20:59:49,8-K
BKNG,2019-10-25 20:12:35,8-K
BKNG,2019-11-07 21:03:43,8-K
BKNG,2019-11-07 22:17:37,10-Q
BKNG,2020-02-26 21:04:41,8-K
BKNG,2020-02-26 22:08:40,10-K
BKNG,2020-03-09 21:23:26,8-K
BKNG,2020-03-23 20:08:17,8-K
BKNG,2020-04-01 21:02:53,8-K
BKNG,2020-04-08 12:10:18,8-K
BKNG,2020-04-09 01:43:06,8-K
BKNG,2020-04-14 20:04:20,8-K
BKNG,2020-04-24 20:25:50,8-K
BKNG,2020-05-07 20:05:09,8-K
BKNG,2020-05-07 21:24:09,10-Q
BKNG,2020-06-05 20:47:55,8-K
BKNG,2020-07-17 20:09:41,8-K
BKNG,2020-08-04 12:22:44,8-K
BKNG,2020-08-06 20:03:30,8-K
BKNG,2020-08-06 21:18:22,10-Q
BKNG,2020-10-30 21:04:33,8-K
BKNG,2020-11-05 21:05:30,8-K
BKNG,2020-11-05 22:22:29,10-Q
BKNG,2020-11-20 21:01:22,8-K
BKNG,2021-01-29 21:18:59,8-K
BKNG,2021-02-24 21:17:52,8-K
BKNG,2021-02-24 22:20:19,10-K
BKNG,2021-03-08 22:15:46,8-K
BKNG,2021-03-12 21:15:14,8-K
BKNG,2021-05-05 20:06:38,8-K
BKNG,2021-05-05 21:19:02,10-Q
BKNG,2021-06-04 12:10:19,8-K
BKNG,2021-06-04 20:11:24,8-K
BKNG,2021-08-04 20:04:59,8-K
BKNG,2021-08-04 21:26:39,10-Q
BKNG,2021-11-03 20:05:18,8-K
BKNG,2021-11-03 21:24:02,10-Q
BKNG,2021-11-12 14:04:06,8-K
BKNG,2021-11-23 21:06:25,8-K
BKNG,2021-12-10 22:25:00,8-K
BKNG,2021-12-30 21:08:22,8-K
BKNG,2022-02-23 21:04:06,8-K
BKNG,2022-02-23 22:19:51,10-K
BKNG,2022-03-08 12:02:45,8-K
BKNG,2022-03-11 22:00:20,8-K
BKNG,2022-04-26 20:59:17,8-K
BKNG,2022-05-04 20:05:16,8-K
BKNG,2022-05-04 21:24:02,10-Q
BKNG,2022-06-10 20:31:49,8-K
BKNG,2022-08-03 20:05:51,8-K
BKNG,2022-08-03 21:13:54,10-Q
BKNG,2022-10-14 20:35:54,8-K
BKNG,2022-11-02 20:04:34,8-K
BKNG,2022-11-02 21:13:13,10-Q
BKNG,2022-11-15 21:13:38,8-K
BKNG,2022-12-19 13:30:26,8-K
BKNG,2023-01-13 22:27:46,8-K
BKNG,2023-02-23 21:03:09,8-K
BKNG,2023-02-23 21:22:00,8-K
BKNG,2023-02-23 22:20:46,10-K
BKNG,2023-04-11 20:04:09,8-K
BKNG,2023-04-24 20:11:51,8-K
BKNG,2023-05-04 20:02:40,8-K
BKNG,2023-05-04 21:14:10,10-Q
BKNG,2023-05-12 20:53:06,8-K
BKNG,2023-05-19 20:12:47,8-K
BKNG,2023-06-07 20:04:18,8-K
BKNG,2023-07-05 11:47:31,8-K
BKNG,2023-08-03 20:03:30,8-K
BKNG,2023-08-03 21:10:57,10-Q
BKNG,2023-09-25 20:11:28,8-K
BKNG,2023-10-24 20:07:59,8-K
BKNG,2023-11-02 20:03:41,8-K
BKNG,2023-11-02 21:18:59,10-Q
BKNG,2023-12-13 14:11:43,8-K
BKNG,2024-01-19 21:11:32,8-K
BKNG,2024-02-22 21:01:50,8-K
BKNG,2024-02-22 22:21:32,10-K
BKNG,2024-03-01 21:06:01,8-K
BKNG,2024-04-05 20:05:55,8-K
BKNG,2024-04-22 20:07:48,8-K
BKNG,2024-05-02 20:02:05,8-K
BKNG,2024-05-02 21:18:36,10-Q
BKNG,2024-05-10 20:08:52,8-K
BKNG,2024-06-05 20:43:58,8-K
BKNG,2024-08-01 20:04:34,8-K
BKNG,2024-08-01 21:12:20,10-Q
BKNG,2024-10-30 20:04:19,8-K
BKNG,2024-10-30 21:10:28,10-Q
BKNG,2024-11-08 21:26:50,8-K
BKNG,2024-11-21 21:08:53,8-K
BKNG,2024-12-18 21:25:32,8-K
BKNG,2025-02-20 21:02:55,8-K
BKNG,2025-02-20 22:12:27,10-K
BKNG,2025-04-22 20:26:54,8-K
BKNG,2025-04-29 20:04:30,8-K
BKNG,2025-04-29 21:11:25,10-Q
BKNG,2025-05-09 20:30:33,8-K
BKNG,2025-06-04 20:54:11,8-K
BKNG,2025-07-29 20:02:23,8-K
BKNG,2025-07-29 21:05:16,10-Q
BKNG,2025-09-19 20:02:33,8-K
BKNG,2025-10-17 20:06:00,8-K
BKNG,2025-10-28 20:02:19,8-K
BKNG,2025-10-28 21:08:33,10-Q
BKNG,2025-11-07 21:30:55,8-K
BKNG,2026-02-18 21:02:41,8-K
BKNG,2026-02-18 22:13:01,10-K
BKNG,2026-04-01 20:10:37,8-K
BKNG,2026-04-02 20:12:50,8-K
BKNG,2026-04-02 20:34:43,8-K
BKNG,2026-04-28 20:03:39,8-K
BKNG,2026-04-28 21:12:46,10-Q
BKNG,2026-05-07 20:49:22,8-K
BKNG,2026-05-11 21:01:06,8-K
BKNG,2026-06-02 20:57:14,8-K
BLK,2025-07-01 13:17:55,8-K
BLK,2025-07-15 10:40:04,8-K
BLK,2025-08-06 17:46:16,10-Q
BLK,2025-10-14 10:38:14,8-K
BLK,2025-11-05 21:29:06,10-Q
BLK,2026-01-15 11:36:16,8-K
BLK,2026-01-16 21:21:47,8-K
BLK,2026-01-27 21:29:34,8-K
BLK,2026-02-25 21:57:59,10-K
BLK,2026-04-03 20:05:24,8-K
BLK,2026-04-14 10:35:09,8-K
BLK,2026-05-06 19:25:15,10-Q
BLK,2026-05-22 20:30:38,8-K
BMY,2019-03-26 11:05:07,8-K
BMY,2019-04-04 20:24:48,8-K
BMY,2019-04-12 21:27:23,8-K
BMY,2019-04-17 12:34:07,8-K
BMY,2019-04-25 12:05:00,8-K
BMY,2019-04-25 15:39:35,10-Q
BMY,2019-05-01 12:30:19,8-K
BMY,2019-05-01 21:24:10,8-K
BMY,2019-05-02 01:40:09,8-K
BMY,2019-05-08 21:02:14,8-K
BMY,2019-05-16 21:00:46,8-K
BMY,2019-05-24 12:06:09,8-K
BMY,2019-05-30 20:40:53,8-K
BMY,2019-06-05 12:24:06,8-K
BMY,2019-06-24 12:01:47,8-K
BMY,2019-06-28 12:00:21,8-K
BMY,2019-07-01 10:59:43,8-K
BMY,2019-07-25 12:21:10,8-K
BMY,2019-07-25 15:33:59,10-Q
BMY,2019-08-26 12:30:58,8-K
BMY,2019-09-12 21:27:33,8-K
BMY,2019-09-23 12:01:29,8-K
BMY,2019-10-08 12:00:39,8-K
BMY,2019-10-18 12:00:42,8-K
BMY,2019-10-30 12:00:56,8-K
BMY,2019-10-31 12:01:13,8-K
BMY,2019-10-31 13:39:45,10-Q
BMY,2019-11-01 12:00:33,8-K
BMY,2019-11-05 13:00:31,8-K
BMY,2019-11-07 13:00:31,8-K
BMY,2019-11-12 13:00:38,8-K
BMY,2019-11-15 13:00:56,8-K
BMY,2019-11-15 22:20:07,8-K
BMY,2019-11-20 22:21:07,8-K
BMY,2019-11-22 22:17:02,8-K
BMY,2020-02-06 13:20:13,8-K
BMY,2020-02-24 21:10:27,10-K
BMY,2020-02-24 22:13:55,8-K
BMY,2020-03-09 21:24:58,8-K
BMY,2020-03-12 20:53:38,8-K
BMY,2020-03-25 13:15:54,8-K
BMY,2020-04-14 20:36:54,8-K
BMY,2020-05-07 12:08:24,8-K
BMY,2020-05-07 13:54:07,10-Q
BMY,2020-05-19 20:32:49,8-K
BMY,2020-06-16 12:39:21,8-K
BMY,2020-07-16 12:30:32,8-K
BMY,2020-07-30 11:15:23,8-K
BMY,2020-08-06 11:57:11,8-K
BMY,2020-08-06 14:10:15,10-Q
BMY,2020-08-20 20:34:58,8-K
BMY,2020-10-05 20:05:36,8-K
BMY,2020-11-05 13:10:20,8-K
BMY,2020-11-05 15:25:37,10-Q
BMY,2020-11-06 13:00:21,8-K
BMY,2020-11-13 13:13:52,8-K
BMY,2020-11-17 21:28:24,8-K
BMY,2021-01-04 13:00:31,8-K
BMY,2021-01-11 12:16:00,8-K
BMY,2021-02-02 22:27:46,8-K
BMY,2021-02-04 13:04:33,8-K
BMY,2021-02-04 21:36:08,8-K
BMY,2021-02-10 20:13:50,10-K
BMY,2021-02-10 21:42:33,8-K
BMY,2021-02-20 03:00:04,8-K
BMY,2021-02-23 22:00:33,8-K
BMY,2021-03-04 21:30:34,8-K
BMY,2021-04-29 12:38:54,8-K
BMY,2021-04-29 14:08:59,10-Q
BMY,2021-05-04 20:16:09,8-K
BMY,2021-05-06 20:56:47,8-K
BMY,2021-05-20 20:32:33,8-K
BMY,2021-07-28 11:33:43,8-K
BMY,2021-07-28 14:37:42,10-Q
BMY,2021-08-09 20:30:56,8-K
BMY,2021-10-27 13:46:33,8-K
BMY,2021-10-27 15:26:21,10-Q
BMY,2021-11-16 14:20:28,8-K
BMY,2022-01-10 11:59:23,8-K
BMY,2022-02-04 12:50:35,8-K
BMY,2022-02-09 12:00:16,8-K
BMY,2022-02-09 16:44:38,10-K
BMY,2022-02-15 14:16:39,8-K
BMY,2022-02-22 11:01:55,8-K
BMY,2022-02-24 21:46:27,8-K
BMY,2022-03-02 21:05:37,8-K
BMY,2022-03-03 21:16:57,8-K
BMY,2022-03-17 20:15:22,8-K
BMY,2022-04-18 20:30:40,8-K
BMY,2022-04-29 11:42:49,8-K
BMY,2022-04-29 14:47:47,10-Q
BMY,2022-05-05 20:30:49,8-K
BMY,2022-06-15 20:29:26,8-K
BMY,2022-07-27 11:44:23,8-K
BMY,2022-07-27 15:01:40,10-Q
BMY,2022-10-26 11:48:28,8-K
BMY,2022-10-26 15:37:24,10-Q
BMY,2023-01-09 15:21:17,8-K
BMY,2023-01-31 21:35:21,8-K
BMY,2023-02-02 13:43:57,8-K
BMY,2023-02-14 21:24:27,10-K
BMY,2023-02-28 11:55:31,8-K
BMY,2023-04-26 20:35:54,8-K
BMY,2023-04-27 11:45:00,8-K
BMY,2023-04-27 15:56:52,10-Q
BMY,2023-05-04 20:48:33,8-K
BMY,2023-07-27 11:50:21,8-K
BMY,2023-07-27 16:28:24,10-Q
BMY,2023-08-10 11:10:26,8-K
BMY,2023-10-26 11:44:12,8-K
BMY,2023-10-26 16:33:30,10-Q
BMY,2023-11-13 21:19:49,8-K
BMY,2023-12-22 21:15:31,8-K
BMY,2024-01-08 15:29:24,8-K
BMY,2024-02-02 12:46:16,8-K
BMY,2024-02-13 16:54:06,10-K
BMY,2024-02-14 21:32:28,8-K
BMY,2024-02-15 21:57:39,8-K
BMY,2024-02-22 21:15:35,8-K
BMY,2024-03-18 12:56:42,8-K
BMY,2024-03-18 21:30:20,8-K
BMY,2024-04-25 11:47:51,8-K
BMY,2024-04-25 16:38:46,10-Q
BMY,2024-05-09 20:53:07,8-K
BMY,2024-06-18 20:23:00,8-K
BMY,2024-07-26 11:46:16,8-K
BMY,2024-07-26 16:04:02,10-Q
BMY,2024-10-31 11:52:43,8-K
BMY,2024-10-31 15:43:44,10-Q
BMY,2025-01-13 15:20:34,8-K
BMY,2025-02-06 12:46:11,8-K
BMY,2025-02-12 17:52:08,10-K
BMY,2025-02-18 21:35:31,8-K
BMY,2025-04-24 11:11:41,8-K
BMY,2025-04-24 15:45:34,10-Q
BMY,2025-05-07 21:04:09,8-K
BMY,2025-07-25 20:43:19,8-K
BMY,2025-07-31 11:06:45,8-K
BMY,2025-07-31 16:17:29,10-Q
BMY,2025-10-30 11:09:00,8-K
BMY,2025-10-30 16:04:33,10-Q
BMY,2025-11-03 11:09:11,8-K
BMY,2025-11-10 21:06:36,8-K
BMY,2025-11-18 21:41:56,8-K
BMY,2026-01-12 15:20:51,8-K
BMY,2026-02-05 12:07:45,8-K
BMY,2026-02-11 16:35:11,10-K
BMY,2026-04-30 11:01:58,8-K
BMY,2026-04-30 15:44:13,10-Q
BMY,2026-05-08 20:10:44,8-K
BSX,2020-07-29 10:41:42,8-K
BSX,2020-08-03 20:04:29,8-K
BSX,2020-08-05 20:31:40,10-Q
BSX,2020-10-05 20:11:53,8-K
BSX,2020-10-28 10:38:15,8-K
BSX,2020-11-05 11:48:15,10-Q
BSX,2020-11-17 23:21:38,8-K
BSX,2020-11-24 21:17:10,8-K
BSX,2020-12-01 11:37:06,8-K
BSX,2020-12-14 21:21:45,8-K
BSX,2021-01-12 11:36:40,8-K
BSX,2021-01-21 12:05:56,8-K
BSX,2021-02-03 11:36:39,8-K
BSX,2021-02-23 21:21:50,10-K
BSX,2021-03-01 21:15:34,8-K
BSX,2021-03-03 12:05:02,8-K
BSX,2021-03-11 21:41:29,8-K
BSX,2021-04-28 10:34:38,8-K
BSX,2021-05-06 21:02:25,10-Q
BSX,2021-05-11 20:49:36,8-K
BSX,2021-05-13 20:04:09,8-K
BSX,2021-06-24 20:29:34,8-K
BSX,2021-06-24 20:56:10,8-K
BSX,2021-07-27 10:40:57,8-K
BSX,2021-08-06 20:36:02,10-Q
BSX,2021-09-01 11:24:30,8-K
BSX,2021-09-21 20:42:37,8-K
BSX,2021-10-06 20:48:59,8-K
BSX,2021-10-27 10:44:59,8-K
BSX,2021-11-04 20:48:07,10-Q
BSX,2021-11-09 21:19:19,8-K
BSX,2021-11-23 21:13:16,8-K
BSX,2022-02-02 11:35:37,8-K
BSX,2022-02-15 21:19:44,8-K
BSX,2022-02-23 21:34:25,10-K
BSX,2022-03-02 11:03:09,8-K
BSX,2022-03-08 22:16:47,8-K
BSX,2022-03-17 20:31:20,8-K
BSX,2022-04-05 20:39:19,8-K
BSX,2022-04-27 10:35:20,8-K
BSX,2022-05-05 20:11:46,10-Q
BSX,2022-05-06 20:31:06,8-K
BSX,2022-07-27 10:33:53,8-K
BSX,2022-08-04 20:16:38,10-Q
BSX,2022-10-26 10:38:58,8-K
BSX,2022-11-03 20:13:25,10-Q
BSX,2022-11-21 21:32:22,8-K
BSX,2023-01-31 21:54:25,8-K
BSX,2023-02-01 11:34:48,8-K
BSX,2023-02-23 21:20:14,10-K
BSX,2023-03-01 21:38:30,8-K
BSX,2023-04-26 10:34:02,8-K
BSX,2023-05-04 20:07:19,10-Q
BSX,2023-05-09 20:12:48,8-K
BSX,2023-06-06 20:29:03,8-K
BSX,2023-06-27 20:19:59,8-K
BSX,2023-07-27 10:43:30,8-K
BSX,2023-08-03 20:06:50,10-Q
BSX,2023-10-26 10:36:04,8-K
BSX,2023-11-01 20:04:53,10-Q
BSX,2023-11-22 21:04:01,8-K
BSX,2024-01-08 12:06:36,8-K
BSX,2024-01-08 22:17:14,8-K
BSX,2024-01-31 11:32:20,8-K
BSX,2024-01-31 21:32:40,8-K
BSX,2024-02-20 21:23:27,10-K
BSX,2024-02-27 21:37:36,8-K
BSX,2024-04-04 11:19:11,8-K
BSX,2024-04-24 10:34:09,8-K
BSX,2024-05-01 20:05:48,10-Q
BSX,2024-05-06 20:13:43,8-K
BSX,2024-05-10 20:20:22,8-K
BSX,2024-07-24 10:35:23,8-K
BSX,2024-07-30 20:18:24,8-K
BSX,2024-08-01 20:16:14,10-Q
BSX,2024-10-23 10:32:53,8-K
BSX,2024-11-01 10:33:26,10-Q
BSX,2024-11-07 12:00:47,8-K
BSX,2024-11-15 21:02:24,8-K
BSX,2024-11-22 21:18:35,8-K
BSX,2025-01-16 21:26:10,8-K
BSX,2025-02-05 11:41:47,8-K
BSX,2025-02-12 21:09:19,8-K
BSX,2025-02-18 21:13:39,10-K
BSX,2025-02-26 21:27:11,8-K
BSX,2025-04-23 10:34:11,8-K
BSX,2025-04-23 10:48:43,8-K
BSX,2025-05-01 10:31:27,10-Q
BSX,2025-05-06 20:26:09,8-K
BSX,2025-05-28 11:45:47,8-K
BSX,2025-07-23 10:32:54,8-K
BSX,2025-08-01 10:32:06,10-Q
BSX,2025-09-04 20:07:43,8-K
BSX,2025-10-22 10:32:46,8-K
BSX,2025-10-23 20:21:46,8-K
BSX,2025-11-03 11:31:47,10-Q
BSX,2025-11-19 21:20:18,8-K
BSX,2026-01-15 12:21:56,8-K
BSX,2026-01-15 22:05:37,8-K
BSX,2026-02-04 11:33:43,8-K
BSX,2026-02-05 21:21:28,8-K
BSX,2026-02-17 21:08:52,10-K
BSX,2026-02-23 21:33:54,8-K
BSX,2026-02-26 22:11:42,8-K
BSX,2026-03-30 10:14:18,8-K
BSX,2026-04-22 10:34:16,8-K
BSX,2026-05-01 10:25:23,10-Q
BSX,2026-05-05 20:47:18,8-K
BSX,2026-05-18 11:15:03,8-K
BSX,2026-05-18 11:17:15,8-K
C,2025-07-01 22:38:11,8-K
C,2025-07-10 20:55:20,8-K
C,2025-07-15 14:22:17,8-K
C,2025-07-23 20:05:46,8-K
C,2025-07-23 20:05:57,8-K
C,2025-08-06 20:52:00,10-Q
C,2025-09-11 20:10:21,8-K
C,2025-09-24 20:34:37,8-K
C,2025-10-14 14:08:51,8-K
C,2025-10-22 20:10:49,8-K
C,2025-10-22 21:14:09,8-K
C,2025-11-06 21:55:48,10-Q
C,2025-11-20 21:28:56,8-K
C,2025-12-10 21:06:34,8-K
C,2025-12-29 21:17:06,8-K
C,2026-01-12 21:18:23,8-K
C,2026-01-14 15:21:44,8-K
C,2026-02-03 21:20:10,8-K
C,2026-02-12 21:05:39,8-K
C,2026-02-12 21:50:24,8-K
C,2026-02-20 22:06:54,10-K
C,2026-04-03 20:52:20,8-K
C,2026-04-14 13:42:13,8-K
C,2026-05-07 20:50:22,10-Q
C,2026-05-21 20:15:55,8-K
CAT,2019-03-13 13:05:07,8-K
CAT,2019-04-24 11:33:05,8-K
CAT,2019-04-24 11:47:27,8-K
CAT,2019-05-02 11:30:24,8-K
CAT,2019-05-06 16:20:29,10-Q
CAT,2019-05-13 13:01:25,8-K
CAT,2019-06-13 13:01:36,8-K
CAT,2019-06-14 20:32:50,8-K
CAT,2019-07-24 11:31:33,8-K
CAT,2019-07-24 11:32:57,8-K
CAT,2019-08-01 15:04:05,10-Q
CAT,2019-08-13 13:01:23,8-K
CAT,2019-09-10 20:38:35,8-K
CAT,2019-09-13 13:01:48,8-K
CAT,2019-09-19 13:03:58,8-K
CAT,2019-10-23 10:32:00,8-K
CAT,2019-10-23 10:40:54,8-K
CAT,2019-10-31 14:52:48,10-Q
CAT,2019-11-13 14:01:20,8-K
CAT,2019-12-12 14:03:42,8-K
CAT,2020-01-27 21:41:11,8-K
CAT,2020-01-31 11:46:33,8-K
CAT,2020-01-31 11:57:48,8-K
CAT,2020-02-13 14:01:38,8-K
CAT,2020-02-19 19:12:34,10-K
CAT,2020-03-12 13:01:45,8-K
CAT,2020-03-26 12:35:10,8-K
CAT,2020-04-09 17:56:12,8-K
CAT,2020-04-14 14:26:59,8-K
CAT,2020-04-24 13:00:22,8-K
CAT,2020-04-28 10:34:00,8-K
CAT,2020-04-28 10:38:08,8-K
CAT,2020-05-06 17:09:58,10-Q
CAT,2020-05-13 13:00:46,8-K
CAT,2020-06-12 13:00:47,8-K
CAT,2020-06-15 15:10:58,8-K
CAT,2020-07-31 12:34:54,8-K
CAT,2020-07-31 12:36:21,8-K
CAT,2020-08-05 14:50:24,10-Q
CAT,2020-08-14 13:01:27,8-K
CAT,2020-08-31 20:49:34,8-K
CAT,2020-09-08 20:32:38,8-K
CAT,2020-09-15 13:01:33,8-K
CAT,2020-10-20 20:34:17,8-K
CAT,2020-10-27 10:30:38,8-K
CAT,2020-10-27 10:42:01,8-K
CAT,2020-11-04 15:29:05,10-Q
CAT,2020-11-13 14:02:59,8-K
CAT,2020-12-14 14:00:34,8-K
CAT,2021-01-29 11:30:47,8-K
CAT,2021-02-09 21:32:44,8-K
CAT,2021-02-17 15:41:38,10-K
CAT,2021-03-03 20:44:56,8-K
CAT,2021-03-12 21:00:24,8-K
CAT,2021-04-16 17:10:17,8-K
CAT,2021-04-29 10:31:00,8-K
CAT,2021-05-05 14:42:43,10-Q
CAT,2021-06-09 15:28:51,8-K
CAT,2021-06-11 21:05:09,8-K
CAT,2021-07-30 10:30:59,8-K
CAT,2021-08-04 15:06:39,10-Q
CAT,2021-09-08 21:07:51,8-K
CAT,2021-10-28 10:32:29,8-K
CAT,2021-11-03 19:55:20,10-Q
CAT,2022-01-28 11:31:05,8-K
CAT,2022-02-07 22:01:45,8-K
CAT,2022-02-08 21:47:13,8-K
CAT,2022-02-15 21:49:06,8-K
CAT,2022-02-16 15:50:47,10-K
CAT,2022-04-28 10:32:03,8-K
CAT,2022-05-04 14:47:23,10-Q
CAT,2022-06-14 18:40:29,8-K
CAT,2022-08-02 10:33:33,8-K
CAT,2022-08-03 14:25:33,10-Q
CAT,2022-09-06 21:04:23,8-K
CAT,2022-09-08 20:45:22,8-K
CAT,2022-10-13 20:16:21,8-K
CAT,2022-10-27 10:30:50,8-K
CAT,2022-11-02 14:37:08,10-Q
CAT,2023-01-31 11:32:04,8-K
CAT,2023-02-02 14:18:59,8-K
CAT,2023-02-15 15:27:56,10-K
CAT,2023-04-27 10:32:20,8-K
CAT,2023-05-03 14:19:47,10-Q
CAT,2023-06-20 10:48:59,8-K
CAT,2023-08-01 10:31:57,8-K
CAT,2023-08-02 14:16:35,10-Q
CAT,2023-08-09 20:46:53,8-K
CAT,2023-09-01 20:01:46,8-K
CAT,2023-10-16 13:03:12,8-K
CAT,2023-10-31 10:32:42,8-K
CAT,2023-11-01 14:03:02,10-Q
CAT,2023-12-14 19:14:28,8-K
CAT,2024-02-05 11:31:52,8-K
CAT,2024-02-16 15:05:13,10-K
CAT,2024-04-03 10:29:33,8-K
CAT,2024-04-25 10:31:31,8-K
CAT,2024-05-01 14:05:24,10-Q
CAT,2024-06-14 20:05:51,8-K
CAT,2024-08-06 10:32:05,8-K
CAT,2024-08-07 14:40:25,10-Q
CAT,2024-09-04 10:07:48,8-K
CAT,2024-10-11 12:34:44,8-K
CAT,2024-10-30 10:33:36,8-K
CAT,2024-11-06 15:40:15,10-Q
CAT,2025-01-30 11:32:45,8-K
CAT,2025-02-14 14:36:30,10-K
CAT,2025-04-09 20:35:34,8-K
CAT,2025-04-15 10:53:58,8-K
CAT,2025-04-30 10:31:43,8-K
CAT,2025-05-07 13:31:50,10-Q
CAT,2025-05-15 14:49:58,8-K
CAT,2025-06-12 20:19:25,8-K
CAT,2025-08-05 10:32:10,8-K
CAT,2025-08-06 13:35:30,10-Q
CAT,2025-08-28 20:37:57,8-K
CAT,2025-09-03 20:06:11,8-K
CAT,2025-10-29 10:32:45,8-K
CAT,2025-11-03 16:06:23,10-Q
CAT,2026-01-06 21:33:15,8-K
CAT,2026-01-29 11:31:34,8-K
CAT,2026-02-13 15:18:27,10-K
CAT,2026-03-26 21:09:11,8-K
CAT,2026-04-10 20:30:11,8-K
CAT,2026-04-13 20:09:57,8-K
CAT,2026-04-30 10:31:34,8-K
CAT,2026-05-06 15:08:09,10-Q
CAT,2026-06-11 20:05:30,8-K
CB,2018-03-06 21:33:56,8-K
CB,2018-04-03 21:08:33,8-K
CB,2018-04-24 20:23:57,8-K
CB,2018-05-02 20:39:23,10-Q
CB,2018-05-18 11:13:08,8-K
CB,2018-07-24 20:15:37,8-K
CB,2018-08-01 19:38:04,10-Q
CB,2018-10-09 20:28:04,8-K
CB,2018-10-10 20:06:58,8-K
CB,2018-10-23 20:23:12,8-K
CB,2018-10-30 19:43:15,10-Q
CB,2018-12-03 20:15:57,8-K
CB,2019-01-18 21:26:04,8-K
CB,2019-02-05 21:24:04,8-K
CB,2019-02-28 22:28:33,10-K
CB,2019-04-30 20:20:05,8-K
CB,2019-05-02 19:28:29,10-Q
CB,2019-05-17 11:06:01,8-K
CB,2019-06-17 20:13:03,8-K
CB,2019-07-23 20:19:07,8-K
CB,2019-07-31 19:46:22,10-Q
CB,2019-10-09 20:28:06,8-K
CB,2019-10-29 23:15:55,8-K
CB,2019-10-31 16:37:31,10-Q
CB,2019-12-05 21:40:40,8-K
CB,2019-12-09 21:24:00,8-K
CB,2020-01-14 21:36:58,8-K
CB,2020-02-04 22:06:45,8-K
CB,2020-02-27 19:44:51,10-K
CB,2020-04-21 20:15:14,8-K
CB,2020-04-29 20:54:19,10-Q
CB,2020-05-01 20:18:10,8-K
CB,2020-05-20 20:24:17,8-K
CB,2020-07-06 21:09:03,8-K
CB,2020-07-28 20:19:17,8-K
CB,2020-07-31 13:05:25,10-Q
CB,2020-08-04 20:18:27,8-K
CB,2020-09-17 18:11:32,8-K
CB,2020-10-27 20:37:59,8-K
CB,2020-10-30 17:04:59,10-Q
CB,2020-12-04 21:29:04,8-K
CB,2021-01-22 21:08:58,8-K
CB,2021-02-02 21:16:05,8-K
CB,2021-02-25 21:51:27,10-K
CB,2021-02-25 22:19:04,8-K
CB,2021-04-27 20:23:19,8-K
CB,2021-04-30 17:12:56,10-Q
CB,2021-05-20 20:10:09,8-K
CB,2021-07-27 20:43:38,8-K
CB,2021-07-29 20:57:50,10-Q
CB,2021-08-06 20:24:07,8-K
CB,2021-10-06 20:29:57,8-K
CB,2021-10-26 20:18:04,8-K
CB,2021-10-28 13:59:06,10-Q
CB,2021-11-03 20:48:23,8-K
CB,2021-11-18 13:30:38,8-K
CB,2022-01-20 21:12:17,8-K
CB,2022-02-01 21:21:01,8-K
CB,2022-02-24 22:10:38,10-K
CB,2022-04-26 20:13:10,8-K
CB,2022-04-29 17:41:49,10-Q
CB,2022-05-20 20:16:52,8-K
CB,2022-07-26 20:22:07,8-K
CB,2022-07-29 18:16:03,10-Q
CB,2022-08-09 20:07:59,8-K
CB,2022-10-25 20:57:10,8-K
CB,2022-10-28 20:08:42,10-Q
CB,2022-12-05 21:24:36,8-K
CB,2022-12-07 14:14:10,8-K
CB,2023-01-31 21:25:04,8-K
CB,2023-02-24 20:47:16,10-K
CB,2023-03-21 15:21:23,8-K
CB,2023-04-25 20:25:32,8-K
CB,2023-05-02 21:21:49,10-Q
CB,2023-05-17 20:26:28,8-K
CB,2023-07-25 20:19:05,8-K
CB,2023-07-28 18:46:32,10-Q
CB,2023-10-24 20:22:00,8-K
CB,2023-11-01 20:14:17,10-Q
CB,2023-12-04 21:49:22,8-K
CB,2024-01-31 00:03:36,8-K
CB,2024-02-23 22:08:16,10-K
CB,2024-03-07 13:25:52,8-K
CB,2024-03-15 20:10:41,8-K
CB,2024-04-23 20:26:01,8-K
CB,2024-04-26 18:53:38,10-Q
CB,2024-05-16 20:23:44,8-K
CB,2024-07-09 11:34:46,8-K
CB,2024-07-23 20:21:02,8-K
CB,2024-07-26 19:52:33,10-Q
CB,2024-07-31 12:09:34,8-K
CB,2024-08-12 20:24:39,8-K
CB,2024-10-03 20:12:17,8-K
CB,2024-10-29 20:21:56,8-K
CB,2024-10-30 17:30:51,10-Q
CB,2024-12-09 21:37:33,8-K
CB,2025-01-28 21:22:27,8-K
CB,2025-02-27 20:56:15,10-K
CB,2025-03-10 20:19:02,8-K
CB,2025-04-22 21:22:51,8-K
CB,2025-04-28 20:12:05,10-Q
CB,2025-05-16 13:04:40,8-K
CB,2025-07-22 20:33:23,8-K
CB,2025-07-28 20:20:05,10-Q
CB,2025-08-06 12:52:27,8-K
CB,2025-10-21 20:19:22,8-K
CB,2025-10-27 21:02:36,10-Q
CB,2025-11-04 15:41:06,8-K
CB,2025-12-08 21:19:31,8-K
CB,2026-02-03 21:17:17,8-K
CB,2026-02-27 20:08:48,10-K
CB,2026-03-11 20:45:30,8-K
CB,2026-04-21 20:26:30,8-K
CB,2026-04-28 19:42:33,10-Q
CB,2026-05-20 12:22:55,8-K
CB,2026-05-22 20:09:45,8-K
CB,2026-06-10 12:07:52,8-K
CDNS,2019-10-21 20:09:03,8-K
CDNS,2019-10-21 20:15:15,10-Q
CDNS,2020-02-11 21:19:39,8-K
CDNS,2020-02-12 21:09:33,8-K
CDNS,2020-02-24 22:22:00,10-K
CDNS,2020-03-03 22:12:12,8-K
CDNS,2020-03-16 20:30:43,8-K
CDNS,2020-04-20 20:09:16,8-K
CDNS,2020-04-20 20:14:54,10-Q
CDNS,2020-05-01 20:32:45,8-K
CDNS,2020-07-20 20:07:46,8-K
CDNS,2020-07-20 20:13:01,10-Q
CDNS,2020-10-19 20:06:37,8-K
CDNS,2020-10-19 20:12:02,10-Q
CDNS,2020-12-01 21:47:55,8-K
CDNS,2021-02-12 22:03:00,8-K
CDNS,2021-02-22 21:06:20,8-K
CDNS,2021-02-22 22:01:48,10-K
CDNS,2021-03-05 21:16:01,8-K
CDNS,2021-04-26 20:05:51,8-K
CDNS,2021-04-26 20:11:02,10-Q
CDNS,2021-05-07 21:20:00,8-K
CDNS,2021-07-01 21:19:24,8-K
CDNS,2021-07-26 20:09:07,8-K
CDNS,2021-07-26 20:09:57,8-K
CDNS,2021-07-26 20:13:34,10-Q
CDNS,2021-08-09 22:19:57,8-K
CDNS,2021-10-25 20:06:08,8-K
CDNS,2021-10-25 20:16:10,10-Q
CDNS,2022-01-20 22:06:24,8-K
CDNS,2022-01-31 22:15:13,8-K
CDNS,2022-02-22 21:06:00,8-K
CDNS,2022-02-22 21:16:05,10-K
CDNS,2022-04-25 20:05:56,8-K
CDNS,2022-04-25 20:15:47,10-Q
CDNS,2022-05-06 21:29:08,8-K
CDNS,2022-06-21 13:15:25,8-K
CDNS,2022-07-25 20:06:05,8-K
CDNS,2022-07-25 20:26:34,10-Q
CDNS,2022-08-15 21:16:02,8-K
CDNS,2022-09-01 13:20:23,8-K
CDNS,2022-09-08 20:30:57,8-K
CDNS,2022-10-24 20:05:48,8-K
CDNS,2022-10-24 20:17:05,10-Q
CDNS,2023-02-13 21:06:17,8-K
CDNS,2023-02-13 21:16:13,10-K
CDNS,2023-02-13 22:19:11,8-K
CDNS,2023-04-24 20:06:18,8-K
CDNS,2023-04-24 20:15:59,10-Q
CDNS,2023-05-08 21:00:22,8-K
CDNS,2023-06-13 13:15:18,8-K
CDNS,2023-07-24 20:05:55,8-K
CDNS,2023-07-24 20:15:40,10-Q
CDNS,2023-08-02 21:45:25,8-K
CDNS,2023-10-23 20:05:55,8-K
CDNS,2023-10-23 20:16:16,10-Q
CDNS,2023-11-03 21:27:27,8-K
CDNS,2024-02-02 21:15:50,8-K
CDNS,2024-02-12 21:04:39,8-K
CDNS,2024-02-13 23:14:58,10-K
CDNS,2024-03-05 14:10:08,8-K
CDNS,2024-04-22 20:02:59,8-K
CDNS,2024-04-23 21:45:28,10-Q
CDNS,2024-05-06 20:31:14,8-K
CDNS,2024-06-03 13:16:39,8-K
CDNS,2024-07-22 20:04:10,8-K
CDNS,2024-07-23 22:58:41,10-Q
CDNS,2024-08-14 23:31:42,8-K
CDNS,2024-09-05 00:56:52,8-K
CDNS,2024-09-10 21:19:01,8-K
CDNS,2024-10-28 20:03:44,8-K
CDNS,2024-10-29 21:40:20,10-Q
CDNS,2024-12-12 21:20:05,8-K
CDNS,2025-02-18 21:04:08,8-K
CDNS,2025-02-20 22:44:49,10-K
CDNS,2025-04-28 20:03:44,8-K
CDNS,2025-04-29 21:44:53,10-Q
CDNS,2025-05-12 20:10:10,8-K
CDNS,2025-05-29 20:08:09,8-K
CDNS,2025-07-03 12:25:00,8-K
CDNS,2025-07-28 20:03:12,8-K
CDNS,2025-07-28 20:14:08,8-K
CDNS,2025-07-29 21:39:42,10-Q
CDNS,2025-09-04 20:32:23,8-K
CDNS,2025-10-27 20:03:04,8-K
CDNS,2025-10-28 21:36:21,10-Q
CDNS,2025-11-17 21:06:37,8-K
CDNS,2026-02-17 21:02:58,8-K
CDNS,2026-02-18 22:45:19,10-K
CDNS,2026-02-23 14:00:34,8-K
CDNS,2026-04-27 20:03:41,8-K
CDNS,2026-05-01 20:30:51,10-Q
CDNS,2026-05-11 22:14:53,8-K
CI,2018-09-21 20:16:14,8-K
CI,2018-12-20 21:57:51,8-K
CI,2018-12-26 21:30:27,8-K
CI,2019-01-07 11:00:58,8-K
CI,2019-01-23 11:00:33,8-K
CI,2019-01-30 11:38:53,8-K
CI,2019-02-01 11:05:17,8-K
CI,2019-02-26 11:00:47,8-K
CI,2019-02-28 21:54:00,10-K
CI,2019-04-29 20:30:21,8-K
CI,2019-05-02 10:05:29,8-K
CI,2019-05-02 18:39:36,10-Q
CI,2019-05-31 10:00:33,8-K
CI,2019-08-01 10:05:28,8-K
CI,2019-08-01 17:26:58,10-Q
CI,2019-08-28 10:03:11,8-K
CI,2019-09-09 10:05:43,8-K
CI,2019-09-26 12:09:52,8-K
CI,2019-09-27 20:20:07,8-K
CI,2019-10-11 20:49:54,8-K
CI,2019-10-29 20:37:22,8-K
CI,2019-10-31 10:05:53,8-K
CI,2019-10-31 16:54:25,10-Q
CI,2019-11-20 21:58:50,8-K
CI,2019-11-21 11:30:48,8-K
CI,2019-12-11 21:15:39,8-K
CI,2019-12-27 21:15:37,8-K
CI,2019-12-30 11:30:40,8-K
CI,2020-01-13 11:15:33,8-K
CI,2020-02-06 11:15:44,8-K
CI,2020-02-19 11:05:41,8-K
CI,2020-02-27 11:01:28,8-K
CI,2020-02-27 20:25:39,10-K
CI,2020-03-05 11:07:52,8-K
CI,2020-03-16 20:17:21,8-K
CI,2020-04-03 20:15:43,8-K
CI,2020-04-24 20:17:12,8-K
CI,2020-04-30 10:15:31,8-K
CI,2020-05-07 11:19:15,10-Q
CI,2020-05-26 10:15:51,8-K
CI,2020-07-30 10:18:55,8-K
CI,2020-08-06 11:43:10,10-Q
CI,2020-08-20 10:15:22,8-K
CI,2020-09-09 10:15:23,8-K
CI,2020-10-30 20:15:29,8-K
CI,2020-11-05 11:15:35,8-K
CI,2020-11-05 17:22:15,10-Q
CI,2020-11-30 11:16:16,8-K
CI,2020-12-10 12:35:24,8-K
CI,2020-12-11 21:30:11,8-K
CI,2020-12-28 11:15:25,8-K
CI,2020-12-31 21:20:36,8-K
CI,2021-01-12 21:30:28,8-K
CI,2021-02-04 11:15:26,8-K
CI,2021-02-25 17:24:42,10-K
CI,2021-02-26 13:03:40,8-K
CI,2021-03-03 22:10:10,8-K
CI,2021-03-08 11:15:25,8-K
CI,2021-04-30 10:15:50,8-K
CI,2021-05-03 20:30:22,8-K
CI,2021-05-07 10:15:20,8-K
CI,2021-05-07 14:10:40,10-Q
CI,2021-05-28 10:15:13,8-K
CI,2021-07-30 10:05:21,8-K
CI,2021-08-05 10:15:23,8-K
CI,2021-08-05 16:19:00,10-Q
CI,2021-09-02 10:15:21,8-K
CI,2021-09-23 10:05:19,8-K
CI,2021-11-04 10:15:20,8-K
CI,2021-11-04 16:09:10,10-Q
CI,2021-11-29 11:15:27,8-K
CI,2021-12-08 21:30:29,8-K
CI,2021-12-27 11:15:30,8-K
CI,2022-01-24 11:15:31,8-K
CI,2022-02-03 11:15:46,8-K
CI,2022-02-24 11:15:22,8-K
CI,2022-02-24 17:08:50,10-K
CI,2022-04-29 20:16:01,8-K
CI,2022-05-02 20:46:14,8-K
CI,2022-05-06 10:15:21,8-K
CI,2022-05-06 14:38:37,10-Q
CI,2022-06-03 10:15:29,8-K
CI,2022-06-16 11:15:22,8-K
CI,2022-08-04 10:16:00,8-K
CI,2022-08-04 17:10:10,10-Q
CI,2022-09-13 10:15:23,8-K
CI,2022-10-28 20:05:23,8-K
CI,2022-11-03 10:15:22,8-K
CI,2022-11-03 14:36:39,10-Q
CI,2022-11-30 11:15:23,8-K
CI,2022-12-30 11:15:18,8-K
CI,2023-02-03 11:15:14,8-K
CI,2023-02-13 11:15:18,8-K
CI,2023-02-23 18:11:26,10-K
CI,2023-02-27 11:15:49,8-K
CI,2023-03-07 21:38:45,8-K
CI,2023-04-27 20:39:54,8-K
CI,2023-04-28 10:00:24,8-K
CI,2023-05-01 10:15:12,8-K
CI,2023-05-05 10:15:22,8-K
CI,2023-05-05 14:50:25,10-Q
CI,2023-06-05 10:15:16,8-K
CI,2023-08-03 10:15:27,8-K
CI,2023-08-03 14:36:35,10-Q
CI,2023-09-11 10:15:16,8-K
CI,2023-09-15 20:30:18,8-K
CI,2023-11-02 10:16:18,8-K
CI,2023-11-02 15:18:39,10-Q
CI,2023-12-04 11:15:28,8-K
CI,2023-12-11 11:00:55,8-K
CI,2023-12-29 11:15:12,8-K
CI,2024-01-17 14:21:21,8-K
CI,2024-01-19 23:40:04,8-K
CI,2024-01-31 13:12:29,8-K
CI,2024-02-02 11:15:28,8-K
CI,2024-02-07 13:27:39,8-K
CI,2024-02-13 21:06:45,8-K
CI,2024-02-15 11:16:03,8-K
CI,2024-02-29 19:48:05,10-K
CI,2024-03-07 11:55:12,8-K
CI,2024-04-26 10:15:24,8-K
CI,2024-04-26 20:30:26,8-K
CI,2024-05-02 10:15:15,8-K
CI,2024-05-02 15:10:29,10-Q
CI,2024-06-06 10:15:17,8-K
CI,2024-06-20 20:15:30,8-K
CI,2024-08-01 10:15:16,8-K
CI,2024-08-01 14:34:41,10-Q
CI,2024-09-03 10:15:13,8-K
CI,2024-10-31 10:15:24,8-K
CI,2024-10-31 17:36:40,10-Q
CI,2025-01-30 11:15:27,8-K
CI,2025-02-27 18:38:15,10-K
CI,2025-03-03 21:15:35,8-K
CI,2025-03-13 11:42:35,8-K
CI,2025-03-19 12:25:15,8-K
CI,2025-04-18 20:20:25,8-K
CI,2025-04-28 20:15:42,8-K
CI,2025-05-02 10:16:01,8-K
CI,2025-05-02 15:07:34,10-Q
CI,2025-05-20 10:01:22,8-K
CI,2025-06-02 21:03:47,8-K
CI,2025-07-31 10:15:52,8-K
CI,2025-07-31 17:36:34,10-Q
CI,2025-09-02 10:30:46,8-K
CI,2025-09-04 20:08:06,8-K
CI,2025-10-20 20:16:23,8-K
CI,2025-10-30 10:15:59,8-K
CI,2025-10-30 16:20:51,10-Q
CI,2025-11-18 21:15:46,8-K
CI,2026-02-05 11:15:54,8-K
CI,2026-02-26 17:08:31,10-K
CI,2026-02-27 11:15:56,8-K
CI,2026-03-03 12:42:12,8-K
CI,2026-04-27 20:26:35,8-K
CI,2026-04-30 10:15:32,8-K
CI,2026-04-30 15:47:07,10-Q
CI,2026-05-13 10:01:44,8-K
CL,2017-07-21 12:00:13,8-K
CL,2017-07-21 12:56:35,10-Q
CL,2017-09-28 21:25:46,8-K
CL,2017-10-27 12:00:52,8-K
CL,2017-10-27 12:58:13,10-Q
CL,2018-01-26 13:00:36,8-K
CL,2018-02-15 19:33:07,10-K
CL,2018-03-07 23:45:47,8-K
CL,2018-03-19 21:00:21,8-K
CL,2018-04-27 12:00:24,8-K
CL,2018-04-27 13:03:09,10-Q
CL,2018-05-04 20:15:28,8-K
CL,2018-05-16 20:39:40,8-K
CL,2018-06-18 20:33:36,8-K
CL,2018-07-11 20:30:32,8-K
CL,2018-07-27 12:00:37,8-K
CL,2018-07-27 13:04:45,10-Q
CL,2018-09-18 20:19:00,8-K
CL,2018-10-10 20:30:20,8-K
CL,2018-10-26 12:10:03,8-K
CL,2018-10-26 13:02:55,10-Q
CL,2019-01-25 13:00:31,8-K
CL,2019-02-11 21:32:17,8-K
CL,2019-02-21 21:13:44,10-K
CL,2019-02-21 21:30:38,8-K
CL,2019-02-26 22:22:10,8-K
CL,2019-03-20 20:05:37,8-K
CL,2019-04-26 12:00:35,8-K
CL,2019-04-26 14:00:14,10-Q
CL,2019-05-15 20:20:06,8-K
CL,2019-06-24 21:15:07,8-K
CL,2019-07-11 20:18:59,8-K
CL,2019-07-26 12:00:22,8-K
CL,2019-07-26 13:20:56,10-Q
CL,2019-09-20 20:30:49,8-K
CL,2019-11-01 12:00:36,8-K
CL,2019-11-01 13:24:29,10-Q
CL,2020-01-31 13:00:48,8-K
CL,2020-02-21 21:53:42,10-K
CL,2020-03-11 20:31:30,8-K
CL,2020-05-01 11:40:17,10-Q
CL,2020-05-01 12:01:02,8-K
CL,2020-05-14 20:11:29,8-K
CL,2020-07-31 12:40:19,10-Q
CL,2020-07-31 12:42:06,8-K
CL,2020-10-30 12:00:37,8-K
CL,2020-10-30 12:31:40,10-Q
CL,2020-10-30 20:30:48,8-K
CL,2020-11-18 13:03:35,8-K
CL,2021-01-29 13:00:27,8-K
CL,2021-02-18 21:10:54,10-K
CL,2021-03-11 21:31:46,8-K
CL,2021-04-30 12:00:38,8-K
CL,2021-04-30 12:59:19,10-Q
CL,2021-05-13 20:30:05,8-K
CL,2021-06-10 12:20:27,8-K
CL,2021-07-22 21:01:59,8-K
CL,2021-07-30 12:00:54,8-K
CL,2021-07-30 12:53:43,10-Q
CL,2021-10-29 12:00:54,8-K
CL,2021-10-29 12:52:04,10-Q
CL,2021-11-05 20:16:45,8-K
CL,2021-11-10 21:03:53,8-K
CL,2021-12-09 21:27:31,8-K
CL,2022-01-28 13:55:49,8-K
CL,2022-02-17 21:17:32,10-K
CL,2022-04-08 22:23:22,8-K
CL,2022-04-29 12:00:32,8-K
CL,2022-04-29 12:35:42,10-Q
CL,2022-05-11 20:14:48,8-K
CL,2022-06-13 20:30:21,8-K
CL,2022-07-29 12:00:45,8-K
CL,2022-07-29 12:18:40,10-Q
CL,2022-08-02 22:37:49,8-K
CL,2022-08-09 20:11:22,8-K
CL,2022-10-28 12:00:21,8-K
CL,2022-10-28 12:40:01,10-Q
CL,2023-01-12 21:30:39,8-K
CL,2023-01-27 13:00:32,8-K
CL,2023-01-30 13:00:35,8-K
CL,2023-02-16 21:17:09,10-K
CL,2023-03-01 21:22:47,8-K
CL,2023-04-28 12:00:32,8-K
CL,2023-04-28 12:34:19,10-Q
CL,2023-05-17 20:30:40,8-K
CL,2023-07-28 12:01:03,8-K
CL,2023-07-28 12:06:46,10-Q
CL,2023-08-18 20:30:28,8-K
CL,2023-09-15 20:15:13,8-K
CL,2023-10-27 12:00:16,8-K
CL,2023-10-27 12:35:07,10-Q
CL,2024-01-26 13:00:22,8-K
CL,2024-02-15 21:03:27,10-K
CL,2024-02-15 21:30:40,8-K
CL,2024-04-26 12:00:26,8-K
CL,2024-04-26 12:37:12,10-Q
CL,2024-05-15 20:12:34,8-K
CL,2024-07-26 12:00:35,8-K
CL,2024-07-26 12:31:51,10-Q
CL,2024-10-25 12:00:22,8-K
CL,2024-10-25 12:31:34,10-Q
CL,2025-01-31 13:00:40,8-K
CL,2025-02-13 21:04:47,10-K
CL,2025-04-25 11:57:06,8-K
CL,2025-04-25 12:31:34,10-Q
CL,2025-05-02 20:05:29,8-K
CL,2025-05-14 20:41:05,8-K
CL,2025-05-29 20:30:51,8-K
CL,2025-08-01 12:00:52,8-K
CL,2025-08-01 12:32:00,10-Q
CL,2025-10-31 11:57:12,8-K
CL,2025-10-31 13:34:53,10-Q
CL,2025-11-10 21:06:11,8-K
CL,2026-01-30 12:57:45,8-K
CL,2026-02-23 21:03:31,10-K
CL,2026-03-12 20:33:16,8-K
CL,2026-03-17 20:33:28,8-K
CL,2026-04-09 12:22:52,8-K
CL,2026-05-01 11:31:29,8-K
CL,2026-05-01 12:16:09,10-Q
CL,2026-05-13 20:02:15,8-K
COP,2018-07-11 14:30:37,8-K
COP,2018-07-26 11:40:35,8-K
COP,2018-07-31 14:48:32,10-Q
COP,2018-10-05 16:02:19,8-K
COP,2018-10-25 11:33:02,8-K
COP,2018-10-30 16:03:42,10-Q
COP,2018-10-31 12:01:46,8-K
COP,2018-12-10 19:12:44,8-K
COP,2019-01-31 13:01:06,8-K
COP,2019-02-19 16:23:45,10-K
COP,2019-04-30 11:22:03,8-K
COP,2019-05-02 15:14:37,10-Q
COP,2019-05-16 20:29:43,8-K
COP,2019-07-30 11:16:35,8-K
COP,2019-08-01 14:35:47,10-Q
COP,2019-10-29 11:44:00,8-K
COP,2019-10-31 15:41:40,10-Q
COP,2019-11-20 12:40:14,8-K
COP,2020-02-04 13:07:49,8-K
COP,2020-02-18 17:23:02,10-K
COP,2020-03-04 15:20:30,8-K
COP,2020-04-30 11:25:24,8-K
COP,2020-05-05 16:14:19,10-Q
COP,2020-05-14 18:34:27,8-K
COP,2020-05-20 12:00:47,8-K
COP,2020-07-30 11:37:41,8-K
COP,2020-08-04 16:09:14,10-Q
COP,2020-09-08 13:08:54,8-K
COP,2020-10-19 11:13:37,8-K
COP,2020-10-29 11:30:56,8-K
COP,2020-11-03 16:40:15,10-Q
COP,2020-11-16 16:29:46,8-K
COP,2020-12-03 22:00:59,8-K
COP,2021-01-05 02:01:21,8-K
COP,2021-01-15 21:50:06,8-K
COP,2021-02-02 12:55:33,8-K
COP,2021-02-08 21:24:04,8-K
COP,2021-02-11 14:25:09,8-K
COP,2021-02-16 17:04:27,10-K
COP,2021-02-25 13:06:39,8-K
COP,2021-05-04 11:54:24,8-K
COP,2021-05-06 17:26:43,10-Q
COP,2021-05-13 11:51:47,8-K
COP,2021-08-03 11:22:55,8-K
COP,2021-08-05 15:31:12,10-Q
COP,2021-09-20 21:09:13,8-K
COP,2021-11-02 11:56:27,8-K
COP,2021-11-04 15:54:52,10-Q
COP,2021-12-02 12:30:43,8-K
COP,2022-02-03 13:07:26,8-K
COP,2022-02-17 18:20:14,10-K
COP,2022-02-22 21:51:26,8-K
COP,2022-03-08 21:15:40,8-K
COP,2022-03-08 22:06:58,8-K
COP,2022-03-11 22:50:58,8-K
COP,2022-03-22 20:51:35,8-K
COP,2022-05-02 12:42:09,8-K
COP,2022-05-05 11:56:40,8-K
COP,2022-05-05 18:40:21,10-Q
COP,2022-05-12 20:09:21,8-K
COP,2022-08-04 11:34:57,8-K
COP,2022-08-04 17:12:59,10-Q
COP,2022-09-14 12:32:00,8-K
COP,2022-11-03 11:35:28,8-K
COP,2022-11-03 17:07:15,10-Q
COP,2022-11-03 21:00:29,8-K
COP,2023-02-02 13:23:01,8-K
COP,2023-02-16 17:42:43,10-K
COP,2023-05-04 12:29:56,8-K
COP,2023-05-04 18:11:04,10-Q
COP,2023-05-17 23:14:17,8-K
COP,2023-05-23 20:35:19,8-K
COP,2023-08-03 11:47:22,8-K
COP,2023-08-03 17:33:29,10-Q
COP,2023-08-17 20:31:20,8-K
COP,2023-11-02 12:24:39,8-K
COP,2023-11-02 17:19:49,10-Q
COP,2024-02-08 13:28:21,8-K
COP,2024-02-15 12:15:32,8-K
COP,2024-02-15 19:01:15,10-K
COP,2024-05-02 12:20:24,8-K
COP,2024-05-02 17:30:34,10-Q
COP,2024-05-16 20:07:41,8-K
COP,2024-05-29 11:16:35,8-K
COP,2024-07-02 20:12:03,8-K
COP,2024-07-12 10:30:46,8-K
COP,2024-08-01 12:18:42,8-K
COP,2024-08-01 17:47:05,10-Q
COP,2024-09-03 12:13:32,8-K
COP,2024-10-31 12:04:29,8-K
COP,2024-10-31 17:38:16,10-Q
COP,2024-11-22 21:22:21,8-K
COP,2024-11-25 14:03:52,8-K
COP,2024-12-05 21:15:59,8-K
COP,2024-12-10 21:45:40,8-K
COP,2024-12-30 21:19:57,8-K
COP,2025-01-28 14:37:07,8-K
COP,2025-02-06 13:07:47,8-K
COP,2025-02-18 19:48:53,10-K
COP,2025-05-08 12:01:15,8-K
COP,2025-05-08 17:31:57,10-Q
COP,2025-05-15 21:16:42,8-K
COP,2025-07-01 12:12:44,8-K
COP,2025-08-07 11:30:23,8-K
COP,2025-08-07 11:34:05,10-Q
COP,2025-11-06 12:11:00,8-K
COP,2025-11-06 12:34:08,10-Q
COP,2026-02-05 12:43:54,8-K
COP,2026-02-17 16:32:24,10-K
COP,2026-04-30 11:31:38,8-K
COP,2026-04-30 11:41:30,10-Q
COP,2026-05-14 20:00:29,8-K
COP,2026-06-23 20:30:56,8-K
CSCO,2020-02-12 21:08:11,8-K
CSCO,2020-02-18 22:17:43,10-Q
CSCO,2020-03-06 21:32:12,8-K
CSCO,2020-03-13 20:34:09,8-K
CSCO,2020-05-13 20:09:40,8-K
CSCO,2020-05-18 20:41:31,10-Q
CSCO,2020-06-22 20:39:11,8-K
CSCO,2020-08-12 20:10:03,8-K
CSCO,2020-08-12 20:56:54,8-K
CSCO,2020-09-03 21:05:55,10-K
CSCO,2020-09-23 20:37:01,8-K
CSCO,2020-10-09 20:31:31,8-K
CSCO,2020-11-12 21:09:04,8-K
CSCO,2020-11-13 21:16:02,8-K
CSCO,2020-11-17 21:54:48,10-Q
CSCO,2020-11-30 18:31:55,8-K
CSCO,2020-12-11 22:15:54,8-K
CSCO,2020-12-17 21:31:00,8-K
CSCO,2021-01-07 21:39:01,8-K
CSCO,2021-02-09 21:11:01,8-K
CSCO,2021-02-16 22:06:26,10-Q
CSCO,2021-02-25 21:17:52,8-K
CSCO,2021-03-08 21:46:07,8-K
CSCO,2021-05-14 20:34:11,8-K
CSCO,2021-05-19 20:14:04,8-K
CSCO,2021-05-25 20:59:37,10-Q
CSCO,2021-06-29 20:31:08,8-K
CSCO,2021-08-18 20:10:56,8-K
CSCO,2021-09-09 20:39:49,10-K
CSCO,2021-09-27 20:30:46,8-K
CSCO,2021-11-17 21:08:02,8-K
CSCO,2021-11-23 21:41:46,10-Q
CSCO,2021-12-14 21:32:33,8-K
CSCO,2021-12-17 21:34:06,8-K
CSCO,2022-01-31 21:58:05,8-K
CSCO,2022-02-11 21:44:01,8-K
CSCO,2022-02-16 21:16:10,8-K
CSCO,2022-02-22 22:12:26,10-Q
CSCO,2022-03-28 21:01:02,8-K
CSCO,2022-05-18 20:10:07,8-K
CSCO,2022-05-25 20:34:27,10-Q
CSCO,2022-06-17 20:32:05,8-K
CSCO,2022-08-17 20:12:07,8-K
CSCO,2022-08-24 20:31:10,8-K
CSCO,2022-09-08 20:47:54,10-K
CSCO,2022-09-15 20:40:55,8-K
CSCO,2022-10-04 20:38:22,8-K
CSCO,2022-11-16 21:19:56,8-K
CSCO,2022-11-16 21:24:05,8-K
CSCO,2022-11-22 21:40:00,10-Q
CSCO,2022-12-09 21:15:09,8-K
CSCO,2022-12-16 21:14:49,8-K
CSCO,2023-02-15 21:13:35,8-K
CSCO,2023-02-21 21:36:05,10-Q
CSCO,2023-02-21 21:38:46,8-K
CSCO,2023-03-10 21:18:21,8-K
CSCO,2023-05-17 20:20:05,8-K
CSCO,2023-05-24 20:38:19,10-Q
CSCO,2023-07-19 20:04:15,8-K
CSCO,2023-08-16 20:09:53,8-K
CSCO,2023-09-07 20:30:09,10-K
CSCO,2023-09-21 12:45:32,8-K
CSCO,2023-09-25 13:02:29,8-K
CSCO,2023-10-10 20:20:10,8-K
CSCO,2023-11-15 21:09:32,8-K
CSCO,2023-11-21 21:38:58,10-Q
CSCO,2023-12-08 21:31:05,8-K
CSCO,2024-02-08 21:11:01,8-K
CSCO,2024-02-14 21:11:04,8-K
CSCO,2024-02-20 21:37:31,10-Q
CSCO,2024-02-26 21:26:03,8-K
CSCO,2024-03-18 20:22:30,8-K
CSCO,2024-05-15 20:09:01,8-K
CSCO,2024-05-21 20:37:23,10-Q
CSCO,2024-06-14 20:06:44,8-K
CSCO,2024-07-19 20:04:49,8-K
CSCO,2024-08-14 20:16:02,8-K
CSCO,2024-09-05 20:41:20,10-K
CSCO,2024-10-11 20:20:29,8-K
CSCO,2024-11-13 21:14:31,8-K
CSCO,2024-11-19 21:36:14,10-Q
CSCO,2024-12-11 21:31:27,8-K
CSCO,2025-02-12 21:19:33,8-K
CSCO,2025-02-12 21:47:33,8-K
CSCO,2025-02-18 21:34:49,10-Q
CSCO,2025-02-24 21:15:21,8-K
CSCO,2025-05-13 13:00:38,8-K
CSCO,2025-05-14 20:17:33,8-K
CSCO,2025-05-14 20:43:56,8-K
CSCO,2025-05-20 20:35:37,10-Q
CSCO,2025-06-09 20:45:23,8-K
CSCO,2025-08-13 20:11:01,8-K
CSCO,2025-08-25 20:27:47,8-K
CSCO,2025-09-03 20:52:59,10-K
CSCO,2025-10-17 20:13:47,8-K
CSCO,2025-11-12 21:15:30,8-K
CSCO,2025-11-18 21:38:53,10-Q
CSCO,2025-12-17 21:42:08,8-K
CSCO,2026-02-11 21:07:20,8-K
CSCO,2026-02-17 21:27:10,10-Q
CSCO,2026-04-06 20:29:18,8-K
CSCO,2026-05-01 20:05:06,8-K
CSCO,2026-05-13 20:06:53,8-K
CSCO,2026-05-19 20:36:11,10-Q
CVS,2017-12-19 22:22:59,8-K
CVS,2018-01-04 12:14:32,8-K
CVS,2018-02-01 22:20:03,8-K
CVS,2018-02-05 22:39:47,8-K
CVS,2018-02-08 11:56:23,8-K
CVS,2018-02-09 21:05:03,8-K
CVS,2018-02-14 22:30:39,10-K
CVS,2018-02-28 21:50:04,8-K
CVS,2018-03-06 12:34:58,8-K
CVS,2018-03-08 02:24:33,8-K
CVS,2018-03-12 21:05:56,8-K
CVS,2018-03-13 21:22:56,8-K
CVS,2018-05-02 10:59:38,8-K
CVS,2018-05-02 21:09:27,10-Q
CVS,2018-06-05 21:20:35,8-K
CVS,2018-06-06 12:46:36,8-K
CVS,2018-07-25 13:03:04,8-K
CVS,2018-08-08 10:58:18,8-K
CVS,2018-08-08 11:12:37,10-Q
CVS,2018-09-27 11:00:58,8-K
CVS,2018-10-10 15:27:04,8-K
CVS,2018-10-10 20:35:00,8-K
CVS,2018-10-22 21:20:59,8-K
CVS,2018-10-26 21:27:10,8-K
CVS,2018-11-06 11:58:07,8-K
CVS,2018-11-06 21:28:30,10-Q
CVS,2018-11-20 02:53:36,8-K
CVS,2018-11-26 13:54:06,8-K
CVS,2018-11-28 21:15:59,8-K
CVS,2019-02-20 12:01:07,8-K
CVS,2019-02-28 12:02:43,10-K
CVS,2019-05-01 10:58:06,8-K
CVS,2019-05-01 20:57:10,10-Q
CVS,2019-05-17 20:31:02,8-K
CVS,2019-06-04 10:57:32,8-K
CVS,2019-08-07 10:58:17,8-K
CVS,2019-08-07 20:28:04,10-Q
CVS,2019-08-08 12:37:36,8-K
CVS,2019-08-08 12:46:39,8-K
CVS,2019-08-12 20:22:03,8-K
CVS,2019-08-14 20:27:03,8-K
CVS,2019-08-15 20:18:11,8-K
CVS,2019-08-19 12:33:10,8-K
CVS,2019-08-22 12:10:02,8-K
CVS,2019-08-29 20:30:34,8-K
CVS,2019-09-05 10:50:54,8-K
CVS,2019-11-06 11:37:58,8-K
CVS,2019-11-06 11:55:57,10-Q
CVS,2020-02-03 12:58:05,8-K
CVS,2020-02-07 22:10:26,8-K
CVS,2020-02-12 11:48:26,8-K
CVS,2020-02-12 12:55:59,8-K
CVS,2020-02-18 11:26:11,10-K
CVS,2020-03-06 21:15:29,8-K
CVS,2020-03-26 13:13:48,8-K
CVS,2020-03-31 20:45:20,8-K
CVS,2020-05-06 10:34:00,8-K
CVS,2020-05-06 10:39:08,10-Q
CVS,2020-05-19 20:12:40,8-K
CVS,2020-06-10 10:53:48,8-K
CVS,2020-07-10 20:35:40,8-K
CVS,2020-08-05 10:34:59,8-K
CVS,2020-08-05 10:37:51,10-Q
CVS,2020-08-12 12:46:54,8-K
CVS,2020-08-14 20:53:37,8-K
CVS,2020-08-21 20:48:56,8-K
CVS,2020-08-26 20:34:55,8-K
CVS,2020-09-15 10:32:46,8-K
CVS,2020-09-25 21:18:46,8-K
CVS,2020-11-06 11:37:29,8-K
CVS,2020-11-06 11:41:29,10-Q
CVS,2020-11-06 21:01:54,8-K
CVS,2020-12-07 15:35:01,8-K
CVS,2020-12-09 21:51:32,8-K
CVS,2020-12-16 21:36:32,8-K
CVS,2020-12-21 21:34:48,8-K
CVS,2021-02-16 11:36:39,8-K
CVS,2021-02-16 11:47:54,10-K
CVS,2021-05-04 10:33:37,8-K
CVS,2021-05-04 10:37:00,10-Q
CVS,2021-05-17 20:40:41,8-K
CVS,2021-05-18 12:09:52,8-K
CVS,2021-06-10 21:20:03,8-K
CVS,2021-08-04 10:34:03,8-K
CVS,2021-08-04 10:36:56,10-Q
CVS,2021-08-09 12:33:31,8-K
CVS,2021-08-11 20:24:40,8-K
CVS,2021-08-18 20:07:31,8-K
CVS,2021-08-23 20:27:33,8-K
CVS,2021-11-03 10:43:54,8-K
CVS,2021-11-03 10:46:46,10-Q
CVS,2021-11-18 14:06:48,8-K
CVS,2021-12-09 11:43:17,8-K
CVS,2021-12-13 21:50:32,8-K
CVS,2022-01-11 11:31:38,8-K
CVS,2022-02-09 11:33:11,8-K
CVS,2022-02-09 11:37:35,10-K
CVS,2022-03-10 13:13:35,8-K
CVS,2022-03-25 11:38:37,8-K
CVS,2022-03-30 12:38:58,8-K
CVS,2022-05-04 10:31:42,8-K
CVS,2022-05-04 10:35:04,10-Q
CVS,2022-05-16 20:27:17,8-K
CVS,2022-05-16 20:40:28,8-K
CVS,2022-06-09 10:32:27,8-K
CVS,2022-07-15 20:22:19,8-K
CVS,2022-08-02 20:10:45,8-K
CVS,2022-08-03 10:33:18,8-K
CVS,2022-08-03 10:35:56,10-Q
CVS,2022-09-06 10:14:56,8-K
CVS,2022-09-06 10:17:12,8-K
CVS,2022-09-13 10:30:56,8-K
CVS,2022-09-13 10:55:26,8-K
CVS,2022-10-06 21:02:03,8-K
CVS,2022-10-20 10:45:34,8-K
CVS,2022-11-02 10:33:53,8-K
CVS,2022-11-02 10:36:26,10-Q
CVS,2022-11-21 21:34:04,8-K
CVS,2023-01-09 11:27:52,8-K
CVS,2023-01-23 21:13:30,8-K
CVS,2023-02-08 11:10:01,8-K
CVS,2023-02-08 11:32:33,8-K
CVS,2023-02-08 11:37:38,10-K
CVS,2023-02-08 22:28:05,8-K
CVS,2023-02-15 21:08:21,8-K
CVS,2023-02-21 21:06:33,8-K
CVS,2023-03-30 11:46:34,8-K
CVS,2023-05-02 20:09:15,8-K
CVS,2023-05-03 10:34:36,8-K
CVS,2023-05-03 10:38:46,10-Q
CVS,2023-05-24 21:17:54,8-K
CVS,2023-05-25 10:30:19,8-K
CVS,2023-05-31 10:28:56,8-K
CVS,2023-05-31 22:45:31,8-K
CVS,2023-06-02 20:09:58,8-K
CVS,2023-07-20 20:10:50,8-K
CVS,2023-08-02 10:34:24,8-K
CVS,2023-08-02 10:36:58,10-Q
CVS,2023-08-17 18:49:59,8-K
CVS,2023-08-23 20:22:50,8-K
CVS,2023-09-11 20:15:52,8-K
CVS,2023-09-21 11:01:20,8-K
CVS,2023-10-13 21:22:41,8-K
CVS,2023-10-16 10:45:19,8-K
CVS,2023-11-01 10:35:12,8-K
CVS,2023-11-01 10:38:24,10-Q
CVS,2023-12-05 11:31:06,8-K
CVS,2024-01-05 11:41:14,8-K
CVS,2024-02-07 11:33:20,8-K
CVS,2024-02-07 11:52:35,10-K
CVS,2024-03-05 11:09:28,8-K
CVS,2024-05-01 10:32:37,8-K
CVS,2024-05-01 10:40:00,10-Q
CVS,2024-05-08 20:40:04,8-K
CVS,2024-05-09 20:19:18,8-K
CVS,2024-05-22 20:30:57,8-K
CVS,2024-08-07 10:33:48,8-K
CVS,2024-08-07 10:35:29,10-Q
CVS,2024-10-18 10:46:01,8-K
CVS,2024-11-06 11:33:20,8-K
CVS,2024-11-06 11:35:35,10-Q
CVS,2024-11-06 11:45:29,8-K
CVS,2024-11-18 11:45:53,8-K
CVS,2024-12-02 14:50:53,8-K
CVS,2024-12-04 23:53:01,8-K
CVS,2024-12-06 21:01:01,8-K
CVS,2024-12-09 12:08:28,8-K
CVS,2024-12-10 21:33:00,8-K
CVS,2024-12-17 01:17:00,8-K
CVS,2025-02-12 11:32:09,8-K
CVS,2025-02-12 11:47:38,10-K
CVS,2025-04-08 10:36:51,8-K
CVS,2025-05-01 10:32:09,8-K
CVS,2025-05-01 10:35:46,10-Q
CVS,2025-05-20 20:12:56,8-K
CVS,2025-07-31 10:31:12,8-K
CVS,2025-07-31 10:34:19,10-Q
CVS,2025-08-15 20:10:49,8-K
CVS,2025-09-22 20:19:42,8-K
CVS,2025-10-29 10:32:51,8-K
CVS,2025-10-29 10:34:58,10-Q
CVS,2025-11-20 21:18:11,8-K
CVS,2025-12-09 11:33:11,8-K
CVS,2026-02-10 11:31:12,8-K
CVS,2026-02-10 11:36:59,10-K
CVS,2026-03-19 20:08:15,8-K
CVS,2026-05-06 10:31:25,8-K
CVS,2026-05-06 10:33:38,10-Q
CVS,2026-05-18 20:13:58,8-K
CVX,2019-04-12 10:13:59,8-K
CVX,2019-04-16 10:41:11,8-K
CVX,2019-04-26 13:01:24,8-K
CVX,2019-05-02 15:33:10,10-Q
CVX,2019-05-09 20:23:01,8-K
CVX,2019-05-10 20:10:12,8-K
CVX,2019-06-03 16:57:41,8-K
CVX,2019-06-03 20:31:09,8-K
CVX,2019-08-02 13:00:57,8-K
CVX,2019-08-07 16:01:45,10-Q
CVX,2019-09-27 20:20:56,8-K
CVX,2019-11-01 13:00:58,8-K
CVX,2019-11-07 16:28:38,10-Q
CVX,2019-12-10 21:18:07,8-K
CVX,2020-01-03 21:25:10,8-K
CVX,2020-01-31 14:00:03,8-K
CVX,2020-02-03 21:07:46,8-K
CVX,2020-02-21 16:40:21,10-K
CVX,2020-03-24 15:49:38,8-K
CVX,2020-05-01 13:00:23,8-K
CVX,2020-05-01 21:25:16,8-K
CVX,2020-05-06 17:56:34,10-Q
CVX,2020-05-12 01:08:12,8-K
CVX,2020-05-29 20:08:47,8-K
CVX,2020-07-20 10:35:07,8-K
CVX,2020-07-31 12:37:55,8-K
CVX,2020-08-05 16:31:48,10-Q
CVX,2020-08-13 01:47:03,8-K
CVX,2020-09-08 21:53:18,8-K
CVX,2020-09-24 20:55:58,8-K
CVX,2020-10-01 21:44:56,8-K
CVX,2020-10-05 12:44:38,8-K
CVX,2020-10-30 10:47:22,8-K
CVX,2020-11-05 19:29:24,10-Q
CVX,2020-12-03 21:31:09,8-K
CVX,2021-01-06 22:14:55,8-K
CVX,2021-01-29 12:32:28,8-K
CVX,2021-02-01 21:15:40,8-K
CVX,2021-02-25 19:32:29,10-K
CVX,2021-04-30 10:33:57,8-K
CVX,2021-05-06 15:37:40,10-Q
CVX,2021-05-28 17:17:03,8-K
CVX,2021-07-30 10:02:00,8-K
CVX,2021-08-02 17:19:34,8-K
CVX,2021-08-05 15:59:02,10-Q
CVX,2021-10-04 14:01:56,8-K
CVX,2021-10-12 10:14:55,8-K
CVX,2021-10-29 10:02:25,8-K
CVX,2021-11-04 17:11:52,10-Q
CVX,2022-01-28 11:47:14,8-K
CVX,2022-01-31 21:24:34,8-K
CVX,2022-02-24 16:45:37,10-K
CVX,2022-02-28 19:52:26,8-K
CVX,2022-04-29 10:16:49,8-K
CVX,2022-05-04 16:16:42,10-Q
CVX,2022-05-27 20:18:27,8-K
CVX,2022-05-27 20:28:39,8-K
CVX,2022-05-31 20:23:40,8-K
CVX,2022-05-31 21:18:53,8-K
CVX,2022-06-13 12:33:49,8-K
CVX,2022-07-29 10:16:50,8-K
CVX,2022-08-01 16:14:55,8-K
CVX,2022-08-04 15:33:10,10-Q
CVX,2022-10-28 10:19:21,8-K
CVX,2022-11-03 15:42:38,10-Q
CVX,2022-12-07 22:39:16,8-K
CVX,2023-01-27 11:48:29,8-K
CVX,2023-01-27 21:15:05,8-K
CVX,2023-02-23 16:51:02,10-K
CVX,2023-04-28 10:17:21,8-K
CVX,2023-05-04 15:29:30,10-Q
CVX,2023-05-22 12:09:36,8-K
CVX,2023-06-02 20:20:11,8-K
CVX,2023-07-24 10:01:10,8-K
CVX,2023-07-26 20:15:38,8-K
CVX,2023-07-28 10:16:33,8-K
CVX,2023-08-03 14:51:13,10-Q
CVX,2023-08-07 12:40:58,8-K
CVX,2023-10-23 10:02:00,8-K
CVX,2023-10-23 20:10:45,8-K
CVX,2023-10-27 10:16:38,8-K
CVX,2023-11-02 15:16:26,10-Q
CVX,2023-12-08 13:00:20,8-K
CVX,2024-01-02 13:00:35,8-K
CVX,2024-02-02 11:17:17,8-K
CVX,2024-02-02 21:34:36,8-K
CVX,2024-02-26 21:07:14,10-K
CVX,2024-04-26 10:15:56,8-K
CVX,2024-05-02 15:14:45,10-Q
CVX,2024-05-31 20:12:17,8-K
CVX,2024-07-31 21:24:45,8-K
CVX,2024-08-02 10:16:14,8-K
CVX,2024-08-02 10:30:26,8-K
CVX,2024-08-07 15:11:12,10-Q
CVX,2024-09-30 15:56:59,8-K
CVX,2024-10-07 10:03:22,8-K
CVX,2024-11-01 10:16:39,8-K
CVX,2024-11-07 16:26:20,10-Q
CVX,2024-12-10 16:41:00,8-K
CVX,2025-01-31 11:16:49,8-K
CVX,2025-01-31 21:11:17,8-K
CVX,2025-02-21 16:20:51,10-K
CVX,2025-02-26 21:41:48,8-K
CVX,2025-03-17 12:55:10,8-K
CVX,2025-05-02 10:26:38,8-K
CVX,2025-05-08 14:49:09,10-Q
CVX,2025-05-30 20:16:40,8-K
CVX,2025-07-18 12:40:31,8-K
CVX,2025-07-29 20:10:21,8-K
CVX,2025-08-01 10:17:27,8-K
CVX,2025-08-07 14:18:13,10-Q
CVX,2025-08-13 20:16:58,8-K
CVX,2025-09-25 12:00:43,8-K
CVX,2025-10-31 10:16:33,8-K
CVX,2025-11-03 13:11:08,8-K
CVX,2025-11-06 16:29:11,10-Q
CVX,2025-12-05 21:21:15,8-K
CVX,2025-12-09 21:18:53,8-K
CVX,2026-01-27 21:45:32,8-K
CVX,2026-01-30 11:16:19,8-K
CVX,2026-01-30 21:30:32,8-K
CVX,2026-02-24 20:03:12,10-K
CVX,2026-03-25 20:36:44,8-K
CVX,2026-04-09 11:00:12,8-K
CVX,2026-05-01 10:16:43,8-K
CVX,2026-05-07 15:39:23,10-Q
CVX,2026-05-29 13:13:55,8-K
CVX,2026-05-29 14:12:25,8-K
DE,2014-12-19 15:46:48,10-K
DE,2015-01-05 14:00:30,8-K
DE,2015-01-07 13:55:07,8-K
DE,2015-02-11 14:00:20,8-K
DE,2015-02-20 14:00:24,8-K
DE,2015-02-26 15:01:51,10-Q
DE,2015-02-27 16:59:05,8-K
DE,2015-03-03 14:05:41,8-K
DE,2015-04-02 13:09:23,8-K
DE,2015-05-13 13:00:29,8-K
DE,2015-05-22 13:00:38,8-K
DE,2015-05-27 14:21:51,8-K
DE,2015-05-28 13:21:55,10-Q
DE,2015-06-03 13:00:31,8-K
DE,2015-07-02 13:00:25,8-K
DE,2015-08-12 13:00:26,8-K
DE,2015-08-21 13:00:25,8-K
DE,2015-08-27 13:31:07,10-Q
DE,2015-09-03 13:00:18,8-K
DE,2015-10-02 13:00:20,8-K
DE,2015-11-18 14:01:01,8-K
DE,2015-11-25 14:00:32,8-K
DE,2015-12-03 14:00:18,8-K
DE,2015-12-18 18:02:26,10-K
DE,2016-01-04 14:00:24,8-K
DE,2016-01-05 20:22:57,8-K
DE,2016-02-10 14:16:47,8-K
DE,2016-02-19 14:09:27,8-K
DE,2016-02-25 20:41:35,10-Q
DE,2016-02-26 17:16:37,8-K
DE,2016-03-03 14:00:15,8-K
DE,2016-04-04 13:03:48,8-K
DE,2016-05-11 13:00:27,8-K
DE,2016-05-20 10:50:26,8-K
DE,2016-05-26 18:51:02,10-Q
DE,2016-06-03 13:01:07,8-K
DE,2016-07-01 13:00:36,8-K
DE,2016-08-10 13:00:33,8-K
DE,2016-08-19 10:50:36,8-K
DE,2016-09-01 13:00:24,8-K
DE,2016-09-01 18:06:26,10-Q
DE,2016-09-02 13:00:25,8-K
DE,2016-09-12 17:19:11,8-K
DE,2016-10-03 13:00:33,8-K
DE,2016-11-16 14:00:28,8-K
DE,2016-11-23 11:51:03,8-K
DE,2016-12-05 14:00:19,8-K
DE,2016-12-19 15:46:49,10-K
DE,2016-12-20 18:09:01,8-K
DE,2017-01-03 14:00:23,8-K
DE,2017-02-08 14:00:20,8-K
DE,2017-02-17 11:56:57,8-K
DE,2017-02-24 15:44:56,10-Q
DE,2017-02-27 20:53:25,8-K
DE,2017-03-03 14:00:27,8-K
DE,2017-04-03 13:00:36,8-K
DE,2017-05-10 13:00:26,8-K
DE,2017-05-19 10:50:39,8-K
DE,2017-06-01 10:45:38,8-K
DE,2017-06-02 12:37:57,10-Q
DE,2017-06-05 13:00:24,8-K
DE,2017-06-30 13:00:21,8-K
DE,2017-08-09 13:00:26,8-K
DE,2017-08-18 10:50:36,8-K
DE,2017-08-31 19:04:10,10-Q
DE,2017-09-01 13:00:23,8-K
DE,2017-10-03 13:00:20,8-K
DE,2017-11-15 14:00:20,8-K
DE,2017-11-22 11:04:31,8-K
DE,2017-12-04 14:00:55,8-K
DE,2017-12-05 11:00:47,8-K
DE,2017-12-06 14:44:39,8-K
DE,2017-12-18 16:40:12,10-K
DE,2018-01-03 14:00:35,8-K
DE,2018-02-07 14:00:33,8-K
DE,2018-02-16 11:05:31,8-K
DE,2018-03-01 15:23:21,10-Q
DE,2018-03-05 14:00:37,8-K
DE,2018-03-06 11:04:25,8-K
DE,2018-04-03 13:00:15,8-K
DE,2018-05-09 13:00:25,8-K
DE,2018-05-18 10:05:39,8-K
DE,2018-05-31 17:41:42,10-Q
DE,2018-06-04 13:00:38,8-K
DE,2018-07-03 13:00:24,8-K
DE,2018-07-09 19:12:04,8-K
DE,2018-08-08 13:00:26,8-K
DE,2018-08-17 10:05:36,8-K
DE,2018-08-30 18:47:13,10-Q
DE,2018-08-31 13:00:33,8-K
DE,2018-10-03 13:00:40,8-K
DE,2018-11-14 14:00:27,8-K
DE,2018-11-21 11:05:40,8-K
DE,2018-12-03 14:00:26,8-K
DE,2018-12-03 15:46:56,8-K
DE,2018-12-06 11:07:29,8-K
DE,2018-12-17 17:00:46,10-K
DE,2019-01-03 14:00:25,8-K
DE,2019-02-06 14:00:23,8-K
DE,2019-02-15 11:05:26,8-K
DE,2019-02-28 17:57:59,10-Q
DE,2019-03-01 16:11:52,8-K
DE,2019-03-04 14:00:55,8-K
DE,2019-04-03 13:00:22,8-K
DE,2019-05-08 13:00:31,8-K
DE,2019-05-17 10:07:38,8-K
DE,2019-05-30 19:54:30,10-Q
DE,2019-06-03 13:00:33,8-K
DE,2019-07-03 13:00:30,8-K
DE,2019-08-07 13:00:27,8-K
DE,2019-08-16 10:11:42,8-K
DE,2019-08-29 14:00:30,8-K
DE,2019-08-29 18:32:49,10-Q
DE,2019-09-03 13:01:44,8-K
DE,2019-09-06 16:21:36,8-K
DE,2019-10-03 13:00:34,8-K
DE,2019-11-20 14:00:36,8-K
DE,2019-11-27 11:05:26,8-K
DE,2019-12-19 20:37:52,10-K
DE,2020-01-02 14:01:02,8-K
DE,2020-01-08 11:03:27,8-K
DE,2020-02-12 14:00:31,8-K
DE,2020-02-21 11:03:45,8-K
DE,2020-02-27 19:13:58,10-Q
DE,2020-02-28 22:31:02,8-K
DE,2020-03-02 14:15:42,8-K
DE,2020-03-23 10:06:22,8-K
DE,2020-03-30 15:29:19,8-K
DE,2020-04-01 19:07:05,8-K
DE,2020-05-01 10:01:19,8-K
DE,2020-05-13 13:00:35,8-K
DE,2020-05-22 10:08:24,8-K
DE,2020-05-28 18:21:34,10-Q
DE,2020-05-29 14:48:39,8-K
DE,2020-08-12 13:00:30,8-K
DE,2020-08-21 10:03:56,8-K
DE,2020-08-27 16:45:16,10-Q
DE,2020-11-18 14:01:10,8-K
DE,2020-11-25 11:03:58,8-K
DE,2020-12-03 16:59:04,8-K
DE,2020-12-17 16:19:00,10-K
DE,2021-02-10 14:00:28,8-K
DE,2021-02-19 11:05:42,8-K
DE,2021-02-24 21:36:32,8-K
DE,2021-02-25 19:07:21,10-Q
DE,2021-02-26 18:23:36,8-K
DE,2021-03-24 19:50:02,8-K
DE,2021-05-12 13:00:30,8-K
DE,2021-05-21 10:04:20,8-K
DE,2021-05-27 17:21:43,10-Q
DE,2021-08-11 13:01:03,8-K
DE,2021-08-19 13:01:06,8-K
DE,2021-08-20 10:04:39,8-K
DE,2021-08-25 16:11:15,8-K
DE,2021-08-26 17:31:28,10-Q
DE,2021-10-14 10:04:45,8-K
DE,2021-11-01 11:37:28,8-K
DE,2021-11-17 14:00:18,8-K
DE,2021-11-18 19:47:30,8-K
DE,2021-11-24 11:04:19,8-K
DE,2021-12-16 16:39:34,10-K
DE,2022-02-09 14:00:45,8-K
DE,2022-02-18 11:01:29,8-K
DE,2022-02-24 19:35:21,10-Q
DE,2022-02-25 21:00:41,8-K
DE,2022-05-11 13:00:16,8-K
DE,2022-05-17 13:00:43,8-K
DE,2022-05-20 10:02:47,8-K
DE,2022-05-25 16:26:27,8-K
DE,2022-05-26 16:59:03,10-Q
DE,2022-05-31 12:35:14,8-K
DE,2022-08-19 10:01:54,8-K
DE,2022-09-01 10:01:23,8-K
DE,2022-09-01 17:53:57,10-Q
DE,2022-11-23 11:03:27,8-K
DE,2022-12-07 18:49:28,8-K
DE,2022-12-15 16:32:02,10-K
DE,2023-02-17 11:05:15,8-K
DE,2023-02-22 17:38:49,8-K
DE,2023-02-23 20:21:25,10-Q
DE,2023-02-27 20:30:02,8-K
DE,2023-05-19 10:01:19,8-K
DE,2023-05-31 15:24:47,8-K
DE,2023-06-01 20:02:31,10-Q
DE,2023-08-01 13:40:26,8-K
DE,2023-08-18 10:01:26,8-K
DE,2023-08-30 16:25:43,8-K
DE,2023-08-31 18:27:24,10-Q
DE,2023-10-03 18:53:54,8-K
DE,2023-10-30 17:02:02,8-K
DE,2023-11-22 11:01:22,8-K
DE,2023-12-06 17:13:06,8-K
DE,2023-12-15 15:27:39,10-K
DE,2024-02-15 11:00:37,8-K
DE,2024-02-29 18:31:35,10-Q
DE,2024-03-01 16:31:18,8-K
DE,2024-05-16 10:01:05,8-K
DE,2024-05-30 19:57:36,10-Q
DE,2024-06-05 10:01:01,8-K
DE,2024-08-15 10:00:30,8-K
DE,2024-08-29 14:39:16,10-Q
DE,2024-11-01 11:00:43,8-K
DE,2024-11-21 11:00:28,8-K
DE,2024-12-03 19:24:19,8-K
DE,2024-12-12 16:37:47,10-K
DE,2025-01-16 21:10:41,8-K
DE,2025-02-13 11:00:24,8-K
DE,2025-02-27 15:18:48,10-Q
DE,2025-02-28 12:00:28,8-K
DE,2025-05-15 10:00:20,8-K
DE,2025-05-29 15:45:11,10-Q
DE,2025-07-07 15:34:42,8-K
DE,2025-08-14 10:00:49,8-K
DE,2025-08-28 15:39:17,10-Q
DE,2025-09-02 10:01:43,8-K
DE,2025-10-09 21:06:08,8-K
DE,2025-11-26 11:00:56,8-K
DE,2025-12-04 11:00:40,8-K
DE,2025-12-18 13:15:12,10-K
DE,2026-01-22 21:00:40,8-K
DE,2026-02-19 11:03:46,8-K
DE,2026-02-26 14:20:20,10-Q
DE,2026-02-27 16:03:51,8-K
DE,2026-03-16 20:43:38,8-K
DE,2026-05-01 10:00:58,8-K
DE,2026-05-21 10:00:38,8-K
DE,2026-05-28 14:21:51,10-Q
DE,2026-06-01 20:15:26,8-K
DIS,2020-02-04 21:08:24,8-K
DIS,2020-02-04 22:02:50,10-Q
DIS,2020-02-25 21:06:56,8-K
DIS,2020-03-11 21:00:47,8-K
DIS,2020-03-12 21:00:44,8-K
DIS,2020-03-17 21:00:50,8-K
DIS,2020-03-19 13:24:40,8-K
DIS,2020-03-23 12:21:11,8-K
DIS,2020-03-30 13:18:40,8-K
DIS,2020-03-30 20:21:37,8-K
DIS,2020-04-13 21:11:41,8-K
DIS,2020-04-15 21:29:14,8-K
DIS,2020-05-05 20:07:14,8-K
DIS,2020-05-05 20:20:37,10-Q
DIS,2020-05-13 12:51:42,8-K
DIS,2020-08-04 20:12:47,8-K
DIS,2020-08-04 21:03:34,10-Q
DIS,2020-11-12 21:06:57,8-K
DIS,2020-11-25 21:59:53,10-K
DIS,2020-12-07 22:09:19,8-K
DIS,2021-02-01 22:15:26,8-K
DIS,2021-02-11 21:08:22,8-K
DIS,2021-02-11 22:01:06,10-Q
DIS,2021-03-08 22:07:02,8-K
DIS,2021-03-10 22:01:00,8-K
DIS,2021-04-01 20:35:13,8-K
DIS,2021-04-06 00:35:10,8-K
DIS,2021-05-13 20:08:04,8-K
DIS,2021-05-13 21:01:15,10-Q
DIS,2021-05-27 21:03:53,8-K
DIS,2021-07-13 19:21:22,8-K
DIS,2021-08-12 20:07:21,8-K
DIS,2021-08-12 21:01:29,10-Q
DIS,2021-11-10 21:08:27,8-K
DIS,2021-11-24 21:34:25,10-K
DIS,2021-12-01 21:32:28,8-K
DIS,2021-12-21 21:32:16,8-K
DIS,2022-02-09 21:08:02,8-K
DIS,2022-02-09 22:00:57,10-Q
DIS,2022-03-09 21:24:59,8-K
DIS,2022-03-10 22:03:06,8-K
DIS,2022-05-11 20:07:22,8-K
DIS,2022-05-11 21:01:23,10-Q
DIS,2022-06-28 20:47:05,8-K
DIS,2022-08-10 20:08:30,8-K
DIS,2022-08-10 21:01:59,10-Q
DIS,2022-09-30 20:19:10,8-K
DIS,2022-11-08 21:09:27,8-K
DIS,2022-11-21 21:17:41,8-K
DIS,2022-11-29 22:03:15,10-K
DIS,2023-02-08 21:07:05,8-K
DIS,2023-02-08 22:02:03,10-Q
DIS,2023-03-07 21:38:57,8-K
DIS,2023-03-13 13:29:02,8-K
DIS,2023-04-04 20:43:38,8-K
DIS,2023-04-20 20:20:58,8-K
DIS,2023-05-10 20:08:30,8-K
DIS,2023-05-10 21:02:02,10-Q
DIS,2023-06-02 20:16:04,8-K
DIS,2023-06-12 12:50:53,8-K
DIS,2023-06-15 20:16:41,8-K
DIS,2023-07-12 21:01:13,8-K
DIS,2023-08-09 20:08:11,8-K
DIS,2023-08-09 21:01:19,10-Q
DIS,2023-09-08 21:22:32,8-K
DIS,2023-09-19 12:57:38,8-K
DIS,2023-10-18 21:00:50,8-K
DIS,2023-11-01 20:30:15,8-K
DIS,2023-11-06 14:01:07,8-K
DIS,2023-11-08 21:06:49,8-K
DIS,2023-11-21 22:04:04,10-K
DIS,2023-11-29 21:33:34,8-K
DIS,2023-11-30 21:32:24,8-K
DIS,2023-12-22 22:00:48,8-K
DIS,2024-02-07 21:06:26,8-K
DIS,2024-02-07 22:00:58,10-Q
DIS,2024-02-28 13:49:02,8-K
DIS,2024-03-04 21:54:21,8-K
DIS,2024-04-03 20:49:20,8-K
DIS,2024-04-09 20:44:39,8-K
DIS,2024-05-07 10:33:09,8-K
DIS,2024-05-07 13:01:19,10-Q
DIS,2024-07-19 20:16:37,8-K
DIS,2024-08-07 10:52:28,8-K
DIS,2024-08-07 10:54:11,10-Q
DIS,2024-10-21 12:31:43,8-K
DIS,2024-11-14 11:43:16,8-K
DIS,2024-11-14 11:46:46,10-K
DIS,2025-01-06 14:00:27,8-K
DIS,2025-02-05 11:42:01,8-K
DIS,2025-02-05 11:43:16,10-Q
DIS,2025-03-04 21:04:57,8-K
DIS,2025-03-24 20:21:07,8-K
DIS,2025-05-07 10:52:49,8-K
DIS,2025-05-07 12:04:55,10-Q
DIS,2025-06-09 20:16:48,8-K
DIS,2025-08-06 10:42:42,8-K
DIS,2025-08-06 10:44:22,10-Q
DIS,2025-10-01 20:20:41,8-K
DIS,2025-10-16 20:20:43,8-K
DIS,2025-11-07 21:15:39,8-K
DIS,2025-11-12 13:45:47,8-K
DIS,2025-11-13 11:42:45,8-K
DIS,2025-11-13 11:44:29,10-K
DIS,2025-12-09 21:18:25,8-K
DIS,2026-02-02 11:42:45,8-K
DIS,2026-02-02 11:44:13,10-Q
DIS,2026-02-03 13:31:09,8-K
DIS,2026-02-12 21:02:59,8-K
DIS,2026-02-24 21:31:47,8-K
DIS,2026-03-03 21:31:22,8-K
DIS,2026-03-20 20:16:26,8-K
DIS,2026-05-06 10:40:14,8-K
DIS,2026-05-06 10:41:43,10-Q
DUK,2019-02-28 20:36:52,10-K
DUK,2019-02-28 21:58:06,8-K
DUK,2019-03-11 15:02:04,8-K
DUK,2019-03-21 19:09:16,8-K
DUK,2019-03-29 15:43:31,8-K
DUK,2019-04-01 21:01:02,8-K
DUK,2019-05-08 20:32:51,8-K
DUK,2019-05-09 10:45:16,8-K
DUK,2019-05-09 15:20:04,10-Q
DUK,2019-05-16 19:13:14,8-K
DUK,2019-06-07 13:58:54,8-K
DUK,2019-06-26 20:37:03,8-K
DUK,2019-07-02 19:05:46,8-K
DUK,2019-08-06 10:45:51,8-K
DUK,2019-08-06 15:10:51,10-Q
DUK,2019-08-09 13:27:58,8-K
DUK,2019-09-12 14:30:43,8-K
DUK,2019-09-30 18:45:04,8-K
DUK,2019-10-30 18:04:43,8-K
DUK,2019-11-08 11:46:07,8-K
DUK,2019-11-08 16:23:12,10-Q
DUK,2019-11-08 21:25:14,8-K
DUK,2019-11-21 21:35:58,8-K
DUK,2020-01-02 12:51:24,8-K
DUK,2020-02-13 11:45:45,8-K
DUK,2020-02-20 19:37:25,10-K
DUK,2020-03-16 21:01:58,8-K
DUK,2020-03-17 21:26:25,8-K
DUK,2020-03-19 17:32:09,8-K
DUK,2020-03-25 21:57:39,8-K
DUK,2020-03-27 11:27:45,8-K
DUK,2020-05-08 21:05:19,8-K
DUK,2020-05-11 22:19:38,8-K
DUK,2020-05-12 17:05:46,10-Q
DUK,2020-05-13 12:00:39,8-K
DUK,2020-05-15 13:00:42,8-K
DUK,2020-06-02 21:02:26,8-K
DUK,2020-07-01 12:00:46,8-K
DUK,2020-07-06 10:49:13,8-K
DUK,2020-07-31 13:57:09,8-K
DUK,2020-08-10 10:45:27,8-K
DUK,2020-08-10 16:32:40,10-Q
DUK,2020-09-09 11:32:04,8-K
DUK,2020-09-11 16:07:40,8-K
DUK,2020-09-25 11:44:42,8-K
DUK,2020-11-05 11:45:34,8-K
DUK,2020-11-05 16:39:29,10-Q
DUK,2020-12-14 11:47:08,8-K
DUK,2021-01-15 12:30:17,8-K
DUK,2021-01-25 11:53:27,8-K
DUK,2021-01-28 22:19:19,8-K
DUK,2021-02-11 11:40:43,8-K
DUK,2021-02-25 19:46:09,10-K
DUK,2021-03-03 21:18:18,8-K
DUK,2021-03-30 12:59:49,8-K
DUK,2021-04-01 17:15:28,8-K
DUK,2021-04-19 11:36:09,8-K
DUK,2021-05-10 10:44:05,8-K
DUK,2021-05-10 18:08:17,10-Q
DUK,2021-05-11 20:38:20,8-K
DUK,2021-05-19 21:57:20,8-K
DUK,2021-06-10 13:55:39,8-K
DUK,2021-06-11 20:33:45,8-K
DUK,2021-07-19 21:04:31,8-K
DUK,2021-08-05 10:44:49,8-K
DUK,2021-08-05 16:36:39,10-Q
DUK,2021-08-25 11:34:07,8-K
DUK,2021-09-08 14:52:32,8-K
DUK,2021-09-27 20:23:45,8-K
DUK,2021-09-28 14:16:49,8-K
DUK,2021-10-13 19:10:12,8-K
DUK,2021-10-29 11:01:58,8-K
DUK,2021-11-03 22:03:39,8-K
DUK,2021-11-04 15:07:18,10-Q
DUK,2021-11-15 12:30:39,8-K
DUK,2022-02-09 22:59:58,8-K
DUK,2022-02-24 18:35:41,10-K
DUK,2022-02-24 21:30:42,8-K
DUK,2022-03-15 10:59:56,8-K
DUK,2022-03-18 21:32:33,8-K
DUK,2022-03-21 21:46:06,8-K
DUK,2022-05-09 10:43:31,8-K
DUK,2022-05-09 15:50:25,10-Q
DUK,2022-05-11 12:53:44,8-K
DUK,2022-05-16 20:05:58,8-K
DUK,2022-06-15 16:22:03,8-K
DUK,2022-08-01 20:22:06,8-K
DUK,2022-08-03 21:54:32,8-K
DUK,2022-08-04 15:34:23,10-Q
DUK,2022-08-11 13:49:56,8-K
DUK,2022-09-28 20:07:16,8-K
DUK,2022-10-04 12:25:31,8-K
DUK,2022-10-06 20:19:11,8-K
DUK,2022-11-03 21:55:05,8-K
DUK,2022-11-04 14:06:29,10-Q
DUK,2022-11-10 21:20:45,8-K
DUK,2022-12-05 19:57:18,8-K
DUK,2022-12-08 17:10:35,8-K
DUK,2022-12-27 11:05:33,8-K
DUK,2023-01-03 12:31:50,8-K
DUK,2023-01-19 19:44:52,8-K
DUK,2023-02-08 23:00:51,8-K
DUK,2023-02-27 11:12:41,10-K
DUK,2023-04-03 10:55:28,8-K
DUK,2023-04-04 11:25:25,8-K
DUK,2023-04-06 16:14:02,8-K
DUK,2023-04-28 20:57:51,8-K
DUK,2023-05-08 21:52:21,8-K
DUK,2023-05-09 15:02:42,10-Q
DUK,2023-05-09 20:16:32,8-K
DUK,2023-06-12 20:16:05,8-K
DUK,2023-08-07 21:56:15,8-K
DUK,2023-08-08 14:57:15,10-Q
DUK,2023-08-21 10:45:43,8-K
DUK,2023-08-22 20:40:56,8-K
DUK,2023-08-28 20:17:20,8-K
DUK,2023-09-08 15:54:24,8-K
DUK,2023-11-01 21:53:46,8-K
DUK,2023-11-02 15:09:00,10-Q
DUK,2023-12-18 11:45:18,8-K
DUK,2023-12-19 21:30:21,8-K
DUK,2024-01-05 16:41:57,8-K
DUK,2024-01-12 16:52:03,8-K
DUK,2024-01-31 15:14:34,8-K
DUK,2024-02-07 22:55:41,8-K
DUK,2024-02-23 18:27:16,10-K
DUK,2024-03-15 12:40:08,8-K
DUK,2024-04-12 15:37:10,8-K
DUK,2024-05-06 22:00:51,8-K
DUK,2024-05-07 15:40:29,10-Q
DUK,2024-05-13 20:15:20,8-K
DUK,2024-06-07 20:30:02,8-K
DUK,2024-07-08 14:00:17,8-K
DUK,2024-07-15 20:44:54,8-K
DUK,2024-08-05 21:52:29,8-K
DUK,2024-08-06 14:56:09,10-Q
DUK,2024-08-22 20:28:02,8-K
DUK,2024-11-06 22:55:23,8-K
DUK,2024-11-07 16:01:29,10-Q
DUK,2025-01-13 14:02:34,8-K
DUK,2025-02-03 22:04:14,8-K
DUK,2025-02-12 22:55:43,8-K
DUK,2025-02-27 17:18:05,10-K
DUK,2025-03-17 21:12:26,8-K
DUK,2025-05-05 12:31:14,8-K
DUK,2025-05-05 22:08:13,8-K
DUK,2025-05-06 15:09:30,10-Q
DUK,2025-07-29 11:01:25,8-K
DUK,2025-08-05 10:51:53,8-K
DUK,2025-08-05 10:58:56,8-K
DUK,2025-08-05 16:13:18,10-Q
DUK,2025-09-11 20:25:38,8-K
DUK,2025-09-12 10:32:52,8-K
DUK,2025-10-29 22:15:12,8-K
DUK,2025-11-06 22:48:52,8-K
DUK,2025-11-07 17:13:31,10-Q
DUK,2025-11-12 11:30:40,8-K
DUK,2025-11-20 21:33:11,8-K
DUK,2025-12-12 13:30:53,8-K
DUK,2026-02-09 22:51:25,8-K
DUK,2026-02-18 21:30:45,8-K
DUK,2026-02-26 18:07:42,10-K
DUK,2026-03-03 14:48:04,8-K
DUK,2026-03-06 21:23:08,8-K
DUK,2026-03-09 11:05:44,8-K
DUK,2026-03-10 10:51:51,8-K
DUK,2026-03-12 20:22:20,8-K
DUK,2026-03-16 20:18:29,8-K
DUK,2026-03-31 23:37:00,8-K
DUK,2026-05-04 23:00:49,8-K
DUK,2026-05-05 15:59:24,10-Q
DUK,2026-05-13 20:15:31,8-K
EMR,2013-10-21 11:04:15,8-K
EMR,2013-11-05 11:33:03,8-K
EMR,2013-11-12 15:49:09,8-K
EMR,2013-11-19 17:06:10,10-K
EMR,2013-11-25 11:57:42,8-K
EMR,2013-12-20 12:11:00,8-K
EMR,2014-01-22 11:52:10,8-K
EMR,2014-02-04 11:53:45,8-K
EMR,2014-02-05 17:55:54,10-Q
EMR,2014-02-05 22:31:19,8-K
EMR,2014-02-25 12:01:10,8-K
EMR,2014-03-25 10:59:54,8-K
EMR,2014-04-23 12:44:03,8-K
EMR,2014-05-02 21:07:26,8-K
EMR,2014-05-06 10:53:45,8-K
EMR,2014-05-07 21:13:24,10-Q
EMR,2014-05-21 10:27:24,8-K
EMR,2014-06-25 10:53:08,8-K
EMR,2014-07-25 10:55:56,8-K
EMR,2014-08-05 10:49:23,8-K
EMR,2014-08-06 19:56:53,10-Q
EMR,2014-08-22 10:54:08,8-K
EMR,2014-09-24 10:57:44,8-K
EMR,2014-10-22 11:02:49,8-K
EMR,2014-11-04 11:52:44,8-K
EMR,2014-11-05 21:25:35,8-K
EMR,2014-11-19 19:26:00,10-K
EMR,2014-11-25 11:52:00,8-K
EMR,2014-12-23 12:02:59,8-K
EMR,2015-01-12 19:27:08,8-K
EMR,2015-01-26 11:29:10,8-K
EMR,2015-02-03 12:01:21,8-K
EMR,2015-02-04 17:02:08,10-Q
EMR,2015-02-06 21:25:59,8-K
EMR,2015-02-24 11:55:09,8-K
EMR,2015-04-06 11:10:32,8-K
EMR,2015-04-24 11:06:58,8-K
EMR,2015-05-05 10:58:01,8-K
EMR,2015-05-06 18:51:50,10-Q
EMR,2015-05-20 10:58:16,8-K
EMR,2015-05-20 20:50:00,8-K
EMR,2015-06-22 10:58:04,8-K
EMR,2015-06-30 10:00:33,8-K
EMR,2015-07-23 10:59:54,8-K
EMR,2015-07-23 21:03:01,8-K
EMR,2015-08-04 11:00:33,8-K
EMR,2015-08-05 17:32:06,10-Q
EMR,2015-08-25 10:59:53,8-K
EMR,2015-09-22 10:02:00,8-K
EMR,2015-10-06 19:51:11,8-K
EMR,2015-10-16 10:56:11,8-K
EMR,2015-11-03 11:56:01,8-K
EMR,2015-11-18 22:24:04,10-K
EMR,2015-12-08 21:30:30,8-K
EMR,2015-12-21 11:57:19,8-K
EMR,2016-02-02 12:00:35,8-K
EMR,2016-02-03 18:56:54,10-Q
EMR,2016-02-04 19:06:28,8-K
EMR,2016-02-17 21:50:05,8-K
EMR,2016-03-16 20:33:06,8-K
EMR,2016-05-03 10:48:41,8-K
EMR,2016-05-05 14:53:05,10-Q
EMR,2016-05-18 12:46:24,8-K
EMR,2016-06-22 10:47:55,8-K
EMR,2016-08-02 10:30:35,8-K
EMR,2016-08-02 10:35:20,8-K
EMR,2016-08-02 10:41:09,8-K
EMR,2016-08-03 20:10:48,10-Q
EMR,2016-08-04 14:47:27,8-K
EMR,2016-08-18 20:37:30,8-K
EMR,2016-09-22 10:52:01,8-K
EMR,2016-10-06 20:01:28,8-K
EMR,2016-11-01 10:47:45,8-K
EMR,2016-11-16 22:15:14,10-K
EMR,2016-12-01 14:34:39,8-K
EMR,2016-12-19 14:21:01,8-K
EMR,2016-12-20 12:04:41,8-K
EMR,2017-01-19 11:48:25,8-K
EMR,2017-02-07 11:34:55,8-K
EMR,2017-02-08 20:05:31,10-Q
EMR,2017-02-10 19:05:04,8-K
EMR,2017-03-14 10:25:14,8-K
EMR,2017-04-25 10:58:03,8-K
EMR,2017-04-28 20:07:45,8-K
EMR,2017-05-02 10:36:56,8-K
EMR,2017-05-02 20:47:14,8-K
EMR,2017-05-04 16:58:43,10-Q
EMR,2017-05-19 20:30:21,8-K
EMR,2017-05-24 10:50:34,8-K
EMR,2017-06-22 10:42:35,8-K
EMR,2017-07-20 10:47:19,8-K
EMR,2017-08-01 10:52:06,8-K
EMR,2017-08-02 15:54:31,8-K
EMR,2017-08-02 17:13:08,10-Q
EMR,2017-09-13 20:43:24,8-K
EMR,2017-10-23 10:57:23,8-K
EMR,2017-11-07 11:58:43,8-K
EMR,2017-11-14 20:55:04,8-K
EMR,2017-11-16 12:04:52,8-K
EMR,2017-11-20 18:57:46,10-K
EMR,2017-12-15 21:59:50,8-K
EMR,2017-12-20 11:55:06,8-K
EMR,2018-01-16 21:09:37,8-K
EMR,2018-02-06 11:51:28,8-K
EMR,2018-02-07 18:31:14,10-Q
EMR,2018-02-09 20:37:55,8-K
EMR,2018-03-15 10:54:24,8-K
EMR,2018-04-03 21:07:44,8-K
EMR,2018-05-01 10:53:44,8-K
EMR,2018-05-02 20:47:08,10-Q
EMR,2018-05-23 10:39:21,8-K
EMR,2018-05-29 20:15:56,8-K
EMR,2018-06-11 20:53:05,8-K
EMR,2018-06-21 20:08:49,8-K
EMR,2018-08-07 10:52:12,8-K
EMR,2018-08-08 20:12:05,10-Q
EMR,2018-08-14 12:58:59,8-K
EMR,2018-08-15 16:00:58,8-K
EMR,2018-09-18 20:19:24,8-K
EMR,2018-10-02 21:01:00,8-K
EMR,2018-10-05 20:50:45,8-K
EMR,2018-11-06 11:51:05,8-K
EMR,2018-11-19 19:49:23,10-K
EMR,2018-12-17 11:50:03,8-K
EMR,2019-01-10 21:08:06,8-K
EMR,2019-01-15 21:05:34,8-K
EMR,2019-01-30 11:54:28,8-K
EMR,2019-02-05 11:53:19,8-K
EMR,2019-02-06 19:25:19,10-Q
EMR,2019-02-08 21:01:32,8-K
EMR,2019-04-29 10:57:09,8-K
EMR,2019-05-07 10:55:46,8-K
EMR,2019-05-09 20:17:10,10-Q
EMR,2019-05-17 20:08:03,8-K
EMR,2019-05-22 20:03:55,8-K
EMR,2019-06-04 21:05:55,8-K
EMR,2019-06-17 10:59:05,8-K
EMR,2019-07-29 12:28:05,8-K
EMR,2019-08-06 10:54:26,8-K
EMR,2019-08-07 15:10:44,10-Q
EMR,2019-09-11 20:03:48,8-K
EMR,2019-10-01 10:58:15,8-K
EMR,2019-10-28 10:56:47,8-K
EMR,2019-11-05 12:00:05,8-K
EMR,2019-11-08 21:06:14,8-K
EMR,2019-11-18 21:01:51,10-K
EMR,2019-12-12 11:57:03,8-K
EMR,2020-01-27 12:01:34,8-K
EMR,2020-02-04 11:55:34,8-K
EMR,2020-02-05 19:35:41,10-Q
EMR,2020-02-07 21:03:20,8-K
EMR,2020-02-28 11:55:13,8-K
EMR,2020-03-17 20:25:49,8-K
EMR,2020-04-21 10:54:41,8-K
EMR,2020-04-24 17:53:28,10-Q
EMR,2020-04-29 20:17:47,8-K
EMR,2020-05-13 10:55:45,8-K
EMR,2020-06-17 10:55:07,8-K
EMR,2020-08-04 10:54:34,8-K
EMR,2020-08-05 18:05:38,10-Q
EMR,2020-08-18 20:05:56,8-K
EMR,2020-08-26 20:33:04,8-K
EMR,2020-08-27 12:01:04,8-K
EMR,2020-09-04 20:06:06,8-K
EMR,2020-09-16 10:53:50,8-K
EMR,2020-09-21 20:20:57,8-K
EMR,2020-10-06 20:05:57,8-K
EMR,2020-11-03 11:54:37,8-K
EMR,2020-11-06 21:06:13,8-K
EMR,2020-11-16 18:16:45,10-K
EMR,2020-12-17 11:55:55,8-K
EMR,2021-02-01 11:56:02,8-K
EMR,2021-02-02 11:54:40,8-K
EMR,2021-02-03 18:49:13,10-Q
EMR,2021-02-05 21:24:57,8-K
EMR,2021-02-16 11:55:21,8-K
EMR,2021-02-19 21:02:05,8-K
EMR,2021-02-26 21:05:10,8-K
EMR,2021-03-03 11:56:02,8-K
EMR,2021-03-12 21:02:16,8-K
EMR,2021-05-04 20:06:24,8-K
EMR,2021-05-05 10:57:52,8-K
EMR,2021-05-05 18:30:32,10-Q
EMR,2021-08-04 10:56:24,8-K
EMR,2021-08-04 18:26:31,10-Q
EMR,2021-10-12 13:46:21,8-K
EMR,2021-11-03 10:51:16,8-K
EMR,2021-11-15 21:11:21,8-K
EMR,2021-11-15 22:02:43,10-K
EMR,2021-12-09 21:14:05,8-K
EMR,2021-12-21 21:06:12,8-K
EMR,2022-02-02 11:51:31,8-K
EMR,2022-02-02 17:56:15,10-Q
EMR,2022-02-04 21:06:37,8-K
EMR,2022-05-04 10:55:36,8-K
EMR,2022-05-04 20:37:45,10-Q
EMR,2022-05-16 20:06:18,8-K
EMR,2022-08-08 10:55:29,8-K
EMR,2022-08-09 10:55:00,8-K
EMR,2022-08-09 16:57:08,10-Q
EMR,2022-10-31 10:40:15,8-K
EMR,2022-11-14 21:50:53,10-K
EMR,2022-11-28 21:07:40,8-K
EMR,2022-11-29 11:55:25,8-K
EMR,2023-02-08 11:54:31,8-K
EMR,2023-02-08 21:34:12,10-Q
EMR,2023-02-10 21:07:40,8-K
EMR,2023-02-21 21:16:15,8-K
EMR,2023-04-06 10:55:28,8-K
EMR,2023-04-12 12:11:30,8-K
EMR,2023-04-12 21:27:53,8-K
EMR,2023-05-02 20:06:05,8-K
EMR,2023-05-03 10:52:59,8-K
EMR,2023-05-03 20:36:30,10-Q
EMR,2023-06-02 10:55:58,8-K
EMR,2023-08-02 10:53:58,8-K
EMR,2023-08-02 20:26:08,10-Q
EMR,2023-10-11 12:47:22,8-K
EMR,2023-11-07 11:52:33,8-K
EMR,2023-11-13 21:43:08,10-K
EMR,2023-11-30 21:35:58,8-K
EMR,2024-02-07 11:54:42,8-K
EMR,2024-02-07 21:05:23,10-Q
EMR,2024-02-09 21:06:02,8-K
EMR,2024-05-08 10:52:28,8-K
EMR,2024-05-08 20:16:33,10-Q
EMR,2024-06-06 20:19:44,8-K
EMR,2024-08-07 10:55:35,8-K
EMR,2024-08-07 10:58:45,10-Q
EMR,2024-11-05 11:54:32,8-K
EMR,2024-11-05 11:58:54,8-K
EMR,2024-11-12 12:01:57,10-K
EMR,2025-01-27 12:02:16,8-K
EMR,2025-02-05 11:53:35,8-K
EMR,2025-02-05 11:55:16,10-Q
EMR,2025-02-07 21:18:53,8-K
EMR,2025-02-14 11:50:00,8-K
EMR,2025-02-28 21:12:29,8-K
EMR,2025-03-04 21:16:56,8-K
EMR,2025-03-10 11:11:17,8-K
EMR,2025-03-12 13:00:36,8-K
EMR,2025-03-12 21:12:26,8-K
EMR,2025-05-07 10:53:35,8-K
EMR,2025-05-07 11:03:29,10-Q
EMR,2025-08-06 10:30:51,8-K
EMR,2025-08-06 10:32:59,10-Q
EMR,2025-11-05 11:55:40,8-K
EMR,2025-11-10 21:04:03,10-K
EMR,2025-11-14 21:23:01,8-K
EMR,2025-11-20 11:55:36,8-K
EMR,2026-02-03 21:05:35,8-K
EMR,2026-02-03 21:07:26,10-Q
EMR,2026-02-06 21:09:14,8-K
EMR,2026-02-13 21:12:59,8-K
EMR,2026-05-05 20:06:11,8-K
EMR,2026-05-05 20:08:11,10-Q
EOG,2020-01-21 21:17:15,8-K
EOG,2020-02-27 21:43:12,8-K
EOG,2020-02-27 21:49:50,10-K
EOG,2020-03-16 11:13:03,8-K
EOG,2020-04-06 12:28:57,8-K
EOG,2020-04-10 20:17:10,8-K
EOG,2020-04-14 21:00:43,8-K
EOG,2020-04-16 20:21:01,8-K
EOG,2020-05-05 20:31:28,8-K
EOG,2020-05-07 20:24:42,8-K
EOG,2020-05-07 20:28:35,10-Q
EOG,2020-05-28 20:21:45,8-K
EOG,2020-07-21 20:18:45,8-K
EOG,2020-08-06 20:23:39,8-K
EOG,2020-08-06 20:26:53,10-Q
EOG,2020-09-23 20:17:30,8-K
EOG,2020-10-14 20:49:25,8-K
EOG,2020-11-05 21:36:36,8-K
EOG,2020-11-05 21:45:29,10-Q
EOG,2021-01-04 21:21:00,8-K
EOG,2021-01-21 21:19:00,8-K
EOG,2021-02-25 21:33:01,8-K
EOG,2021-02-25 21:57:09,10-K
EOG,2021-04-15 20:33:11,8-K
EOG,2021-05-03 20:44:50,8-K
EOG,2021-05-06 20:25:46,8-K
EOG,2021-05-06 20:57:55,10-Q
EOG,2021-06-07 21:14:53,8-K
EOG,2021-07-19 20:18:56,8-K
EOG,2021-08-04 20:27:44,8-K
EOG,2021-08-04 20:32:42,10-Q
EOG,2021-09-24 21:08:01,8-K
EOG,2021-10-14 20:16:46,8-K
EOG,2021-11-04 20:22:26,8-K
EOG,2021-11-04 20:31:46,10-Q
EOG,2022-02-01 21:24:10,8-K
EOG,2022-02-24 21:33:49,8-K
EOG,2022-02-24 21:51:16,10-K
EOG,2022-04-19 20:28:30,8-K
EOG,2022-04-25 21:17:16,8-K
EOG,2022-05-05 20:22:22,8-K
EOG,2022-05-05 20:24:51,10-Q
EOG,2022-07-11 12:04:39,8-K
EOG,2022-08-04 20:21:49,8-K
EOG,2022-08-04 20:29:48,10-Q
EOG,2022-10-04 20:39:01,8-K
EOG,2022-10-11 12:03:59,8-K
EOG,2022-11-03 20:27:09,8-K
EOG,2022-11-03 20:39:35,10-Q
EOG,2023-01-12 21:17:57,8-K
EOG,2023-02-08 21:19:33,8-K
EOG,2023-02-23 21:19:09,8-K
EOG,2023-02-23 21:23:25,10-K
EOG,2023-04-11 20:20:58,8-K
EOG,2023-05-04 20:20:54,8-K
EOG,2023-05-04 20:24:31,10-Q
EOG,2023-05-26 20:08:41,8-K
EOG,2023-06-12 21:13:55,8-K
EOG,2023-07-11 20:16:08,8-K
EOG,2023-08-03 20:19:34,8-K
EOG,2023-08-03 20:22:09,10-Q
EOG,2023-09-14 12:38:30,8-K
EOG,2023-10-10 20:21:26,8-K
EOG,2023-11-02 20:24:05,8-K
EOG,2023-11-02 20:29:03,10-Q
EOG,2023-12-13 21:57:00,8-K
EOG,2024-01-11 21:27:42,8-K
EOG,2024-02-22 21:31:57,8-K
EOG,2024-02-22 21:43:31,10-K
EOG,2024-04-02 20:45:04,8-K
EOG,2024-04-08 20:18:07,8-K
EOG,2024-05-02 20:37:32,8-K
EOG,2024-05-02 20:40:56,10-Q
EOG,2024-05-24 20:15:45,8-K
EOG,2024-07-09 20:36:28,8-K
EOG,2024-08-01 20:19:59,8-K
EOG,2024-08-01 20:23:18,10-Q
EOG,2024-10-08 20:15:22,8-K
EOG,2024-11-07 21:22:00,8-K
EOG,2024-11-07 21:34:05,10-Q
EOG,2024-11-21 21:31:00,8-K
EOG,2025-01-13 21:24:46,8-K
EOG,2025-02-11 13:34:35,8-K
EOG,2025-02-27 21:27:14,8-K
EOG,2025-02-27 21:33:55,10-K
EOG,2025-04-10 20:17:18,8-K
EOG,2025-05-01 20:23:10,8-K
EOG,2025-05-01 20:30:20,10-Q
EOG,2025-05-16 12:15:42,8-K
EOG,2025-05-27 20:19:29,8-K
EOG,2025-05-30 12:14:51,8-K
EOG,2025-06-05 21:06:42,8-K
EOG,2025-06-20 20:07:31,8-K
EOG,2025-07-01 20:53:57,8-K
EOG,2025-07-09 20:31:56,8-K
EOG,2025-08-01 20:15:47,8-K
EOG,2025-08-07 20:24:21,8-K
EOG,2025-08-07 20:29:48,10-Q
EOG,2025-10-08 20:19:32,8-K
EOG,2025-11-06 21:26:43,8-K
EOG,2025-11-06 21:37:27,10-Q
EOG,2025-11-24 22:19:58,8-K
EOG,2025-12-08 21:48:40,8-K
EOG,2025-12-11 14:06:47,8-K
EOG,2026-01-12 21:50:27,8-K
EOG,2026-02-24 21:18:20,8-K
EOG,2026-02-24 21:26:06,10-K
EOG,2026-04-09 20:31:14,8-K
EOG,2026-05-05 20:18:04,8-K
EOG,2026-05-05 20:25:14,10-Q
EOG,2026-05-21 21:16:07,8-K
ETN,2017-02-24 17:31:46,8-K
ETN,2017-05-01 13:17:45,8-K
ETN,2017-05-02 11:00:18,8-K
ETN,2017-05-02 17:39:47,10-Q
ETN,2017-08-01 11:00:31,8-K
ETN,2017-08-01 15:56:41,10-Q
ETN,2017-09-11 20:15:57,8-K
ETN,2017-09-15 15:34:57,8-K
ETN,2017-10-13 20:53:20,8-K
ETN,2017-10-31 11:00:17,8-K
ETN,2017-10-31 18:17:05,10-Q
ETN,2018-02-01 12:00:20,8-K
ETN,2018-02-28 17:45:42,10-K
ETN,2018-03-01 21:32:11,8-K
ETN,2018-04-30 18:27:42,8-K
ETN,2018-05-01 11:00:18,8-K
ETN,2018-05-01 15:28:10,10-Q
ETN,2018-07-31 11:00:24,8-K
ETN,2018-07-31 15:28:54,10-Q
ETN,2018-08-29 20:36:00,8-K
ETN,2018-10-30 11:00:23,8-K
ETN,2018-10-30 16:33:22,10-Q
ETN,2019-01-31 12:00:23,8-K
ETN,2019-02-12 15:40:45,8-K
ETN,2019-02-27 20:05:59,10-K
ETN,2019-03-01 14:12:40,8-K
ETN,2019-04-29 16:30:39,8-K
ETN,2019-04-30 11:03:35,8-K
ETN,2019-04-30 17:03:50,10-Q
ETN,2019-07-29 13:44:59,8-K
ETN,2019-07-30 11:00:10,8-K
ETN,2019-07-30 16:17:20,10-Q
ETN,2019-10-18 17:32:03,8-K
ETN,2019-10-29 11:00:51,8-K
ETN,2019-10-29 16:29:45,10-Q
ETN,2020-01-07 16:57:16,8-K
ETN,2020-01-27 14:31:28,8-K
ETN,2020-02-04 12:01:49,8-K
ETN,2020-02-26 18:07:06,10-K
ETN,2020-02-26 20:25:03,8-K
ETN,2020-04-23 19:22:04,8-K
ETN,2020-04-30 11:00:48,8-K
ETN,2020-04-30 18:05:03,10-Q
ETN,2020-07-23 14:38:15,8-K
ETN,2020-07-29 11:00:23,8-K
ETN,2020-07-29 16:27:40,10-Q
ETN,2020-11-03 12:00:21,8-K
ETN,2020-11-03 17:32:39,10-Q
ETN,2020-12-03 12:30:17,8-K
ETN,2021-01-29 17:03:13,8-K
ETN,2021-02-01 20:41:35,8-K
ETN,2021-02-02 12:00:14,8-K
ETN,2021-02-19 12:37:17,8-K
ETN,2021-02-24 21:00:55,10-K
ETN,2021-03-01 13:43:55,8-K
ETN,2021-04-30 17:22:42,8-K
ETN,2021-05-04 11:00:19,8-K
ETN,2021-05-04 16:04:31,8-K
ETN,2021-05-04 16:17:04,10-Q
ETN,2021-08-03 11:00:24,8-K
ETN,2021-08-03 16:17:14,10-Q
ETN,2021-10-08 12:33:40,8-K
ETN,2021-11-02 11:01:27,8-K
ETN,2021-11-02 16:18:54,10-Q
ETN,2022-02-04 12:00:16,8-K
ETN,2022-02-23 21:31:49,10-K
ETN,2022-02-28 16:32:56,8-K
ETN,2022-04-04 20:34:37,8-K
ETN,2022-04-28 18:10:03,8-K
ETN,2022-05-03 11:00:16,8-K
ETN,2022-05-03 16:09:48,10-Q
ETN,2022-08-02 11:01:32,8-K
ETN,2022-08-02 18:06:44,10-Q
ETN,2022-08-02 20:35:43,8-K
ETN,2022-08-17 21:39:35,8-K
ETN,2022-08-24 20:06:30,8-K
ETN,2022-10-07 14:26:53,8-K
ETN,2022-10-25 21:03:23,8-K
ETN,2022-11-01 11:01:55,8-K
ETN,2022-11-01 18:34:31,10-Q
ETN,2023-01-11 22:00:41,8-K
ETN,2023-02-08 12:00:14,8-K
ETN,2023-02-23 21:22:19,10-K
ETN,2023-02-24 21:07:17,8-K
ETN,2023-05-01 10:01:12,8-K
ETN,2023-05-02 11:00:18,8-K
ETN,2023-05-02 16:22:59,10-Q
ETN,2023-05-18 21:19:39,8-K
ETN,2023-08-01 11:00:16,8-K
ETN,2023-08-01 16:23:11,10-Q
ETN,2023-10-31 11:01:02,8-K
ETN,2023-10-31 16:31:56,10-Q
ETN,2024-01-18 16:46:46,8-K
ETN,2024-02-01 12:01:27,8-K
ETN,2024-02-29 19:35:53,10-K
ETN,2024-03-01 17:38:49,8-K
ETN,2024-04-22 14:22:20,8-K
ETN,2024-04-26 18:38:45,8-K
ETN,2024-04-30 11:00:46,8-K
ETN,2024-04-30 16:07:49,10-Q
ETN,2024-07-29 20:32:19,8-K
ETN,2024-08-01 11:01:08,8-K
ETN,2024-08-01 17:28:25,10-Q
ETN,2024-08-12 20:24:34,8-K
ETN,2024-10-22 21:00:18,8-K
ETN,2024-10-31 11:00:19,8-K
ETN,2024-10-31 16:43:37,10-Q
ETN,2025-01-31 12:00:12,8-K
ETN,2025-02-27 19:22:18,10-K
ETN,2025-02-27 21:03:44,8-K
ETN,2025-04-24 21:00:21,8-K
ETN,2025-05-02 11:00:50,8-K
ETN,2025-05-02 16:05:42,10-Q
ETN,2025-05-09 20:05:45,8-K
ETN,2025-07-21 21:02:41,8-K
ETN,2025-07-23 21:01:13,8-K
ETN,2025-08-05 11:01:02,8-K
ETN,2025-08-05 17:37:11,10-Q
ETN,2025-09-29 20:31:18,8-K
ETN,2025-11-04 12:01:04,8-K
ETN,2025-11-04 18:08:32,10-Q
ETN,2025-11-20 12:26:16,8-K
ETN,2026-01-26 11:40:48,8-K
ETN,2026-02-03 12:00:20,8-K
ETN,2026-02-06 21:52:32,8-K
ETN,2026-02-26 20:24:16,10-K
ETN,2026-03-02 11:35:49,8-K
ETN,2026-03-02 21:31:04,8-K
ETN,2026-03-10 21:09:50,8-K
ETN,2026-04-23 20:30:48,8-K
ETN,2026-05-05 11:00:23,8-K
ETN,2026-05-05 16:23:07,10-Q
ETN,2026-06-11 10:40:28,8-K
FDX,2015-03-10 21:19:33,8-K
FDX,2015-03-18 11:35:35,8-K
FDX,2015-03-19 19:41:08,10-Q
FDX,2015-04-09 21:03:36,8-K
FDX,2015-06-01 21:20:59,8-K
FDX,2015-06-12 13:01:04,8-K
FDX,2015-06-17 11:35:36,8-K
FDX,2015-07-08 20:37:01,8-K
FDX,2015-07-14 21:22:58,10-K
FDX,2015-07-24 21:07:00,8-K
FDX,2015-09-16 11:46:05,8-K
FDX,2015-09-17 21:10:31,10-Q
FDX,2015-09-28 21:22:53,8-K
FDX,2015-10-20 19:41:11,8-K
FDX,2015-10-23 14:17:13,8-K
FDX,2015-11-02 17:18:53,8-K
FDX,2015-11-18 21:22:05,8-K
FDX,2015-12-16 21:20:30,8-K
FDX,2015-12-17 21:27:49,10-Q
FDX,2016-03-07 22:14:39,8-K
FDX,2016-03-16 20:19:35,8-K
FDX,2016-03-17 18:53:47,10-Q
FDX,2016-03-24 17:44:10,8-K
FDX,2016-04-11 12:33:06,8-K
FDX,2016-05-18 17:47:47,8-K
FDX,2016-06-10 21:00:03,8-K
FDX,2016-06-17 23:04:03,8-K
FDX,2016-06-21 20:22:03,8-K
FDX,2016-07-18 20:29:51,10-K
FDX,2016-07-20 18:04:03,8-K
FDX,2016-09-20 20:15:56,8-K
FDX,2016-09-21 20:56:07,10-Q
FDX,2016-09-26 21:10:55,8-K
FDX,2016-12-20 21:18:03,8-K
FDX,2016-12-21 21:39:39,10-Q
FDX,2016-12-22 21:22:55,8-K
FDX,2017-01-06 14:55:56,8-K
FDX,2017-02-24 21:34:55,8-K
FDX,2017-03-15 20:26:05,8-K
FDX,2017-03-21 20:54:04,8-K
FDX,2017-03-22 21:08:19,10-Q
FDX,2017-06-16 21:01:04,8-K
FDX,2017-06-20 20:15:58,8-K
FDX,2017-06-28 18:15:56,8-K
FDX,2017-07-17 12:46:15,10-K
FDX,2017-07-20 20:37:32,8-K
FDX,2017-09-19 20:15:56,8-K
FDX,2017-09-20 20:22:02,10-Q
FDX,2017-09-25 21:01:03,8-K
FDX,2017-12-19 21:16:58,8-K
FDX,2017-12-20 21:17:05,10-Q
FDX,2018-01-26 14:24:55,8-K
FDX,2018-01-31 15:58:21,8-K
FDX,2018-03-12 18:53:55,8-K
FDX,2018-03-20 20:16:03,8-K
FDX,2018-03-21 18:35:33,10-Q
FDX,2018-05-08 20:30:55,8-K
FDX,2018-05-29 20:21:02,8-K
FDX,2018-06-04 21:16:58,8-K
FDX,2018-06-19 20:16:00,8-K
FDX,2018-06-21 20:18:58,8-K
FDX,2018-07-16 20:19:05,10-K
FDX,2018-09-06 20:20:05,8-K
FDX,2018-09-17 20:15:59,8-K
FDX,2018-09-17 20:27:09,10-Q
FDX,2018-09-24 20:21:06,8-K
FDX,2018-10-11 20:16:04,8-K
FDX,2018-10-17 16:44:42,8-K
FDX,2018-12-07 14:08:58,8-K
FDX,2018-12-18 21:07:08,10-Q
FDX,2018-12-18 21:21:05,8-K
FDX,2019-01-16 15:10:11,8-K
FDX,2019-01-18 11:01:10,8-K
FDX,2019-01-18 21:38:04,8-K
FDX,2019-01-28 21:27:07,8-K
FDX,2019-02-14 21:27:32,8-K
FDX,2019-02-20 21:57:03,8-K
FDX,2019-03-11 21:01:04,8-K
FDX,2019-03-19 20:20:41,10-Q
FDX,2019-03-19 21:17:33,8-K
FDX,2019-03-27 20:25:02,8-K
FDX,2019-06-06 20:20:56,8-K
FDX,2019-06-25 20:11:57,8-K
FDX,2019-07-16 20:18:24,10-K
FDX,2019-07-24 20:08:18,8-K
FDX,2019-08-05 21:18:50,8-K
FDX,2019-09-17 20:17:01,10-Q
FDX,2019-09-17 20:24:20,8-K
FDX,2019-09-23 20:21:20,8-K
FDX,2019-12-17 21:17:32,10-Q
FDX,2019-12-17 21:24:15,8-K
FDX,2020-01-27 21:24:25,8-K
FDX,2020-03-09 20:29:20,8-K
FDX,2020-03-17 20:17:33,10-Q
FDX,2020-03-17 20:23:14,8-K
FDX,2020-03-17 20:32:20,8-K
FDX,2020-04-03 13:19:58,8-K
FDX,2020-04-07 20:14:47,8-K
FDX,2020-05-29 20:23:50,8-K
FDX,2020-06-19 21:18:21,8-K
FDX,2020-06-30 20:16:31,8-K
FDX,2020-07-20 20:16:44,10-K
FDX,2020-08-04 23:20:59,8-K
FDX,2020-08-13 21:10:00,8-K
FDX,2020-09-15 20:17:33,10-Q
FDX,2020-09-15 20:20:20,8-K
FDX,2020-09-22 21:18:04,8-K
FDX,2020-12-17 21:15:57,10-Q
FDX,2020-12-17 21:20:29,8-K
FDX,2021-01-19 14:09:32,8-K
FDX,2021-03-18 20:19:57,10-Q
FDX,2021-03-18 20:21:17,8-K
FDX,2021-04-19 10:03:55,8-K
FDX,2021-04-29 20:17:37,8-K
FDX,2021-05-04 20:02:37,8-K
FDX,2021-06-24 20:16:02,8-K
FDX,2021-07-19 20:18:04,10-K
FDX,2021-07-21 20:16:59,8-K
FDX,2021-09-21 20:10:52,10-Q
FDX,2021-09-21 20:25:55,8-K
FDX,2021-09-28 21:16:33,8-K
FDX,2021-12-13 22:16:00,8-K
FDX,2021-12-16 21:05:40,8-K
FDX,2021-12-16 21:11:21,10-Q
FDX,2021-12-16 21:30:05,8-K
FDX,2022-03-10 21:54:39,8-K
FDX,2022-03-17 20:12:10,10-Q
FDX,2022-03-17 20:16:15,8-K
FDX,2022-03-28 20:24:46,8-K
FDX,2022-06-01 10:07:08,8-K
FDX,2022-06-14 20:02:07,8-K
FDX,2022-06-23 20:11:15,8-K
FDX,2022-06-29 11:58:35,8-K
FDX,2022-07-18 20:16:49,10-K
FDX,2022-09-15 20:46:05,8-K
FDX,2022-09-21 20:24:04,8-K
FDX,2022-09-22 18:28:37,8-K
FDX,2022-09-22 20:11:18,10-Q
FDX,2022-11-01 21:05:39,8-K
FDX,2022-12-20 21:11:52,10-Q
FDX,2022-12-20 21:16:11,8-K
FDX,2023-03-06 21:47:08,8-K
FDX,2023-03-16 20:11:50,8-K
FDX,2023-03-16 20:16:40,10-Q
FDX,2023-06-20 20:15:24,8-K
FDX,2023-06-20 20:25:13,8-K
FDX,2023-07-17 20:16:59,10-K
FDX,2023-07-17 20:24:03,8-K
FDX,2023-07-31 20:33:09,8-K
FDX,2023-09-20 20:10:10,8-K
FDX,2023-09-20 20:15:30,10-Q
FDX,2023-09-22 21:17:34,8-K
FDX,2023-10-05 20:06:05,8-K
FDX,2023-10-18 20:17:06,8-K
FDX,2023-12-19 21:10:08,8-K
FDX,2023-12-19 21:15:29,10-Q
FDX,2023-12-22 21:23:06,8-K
FDX,2024-03-11 20:15:48,8-K
FDX,2024-03-21 20:15:39,10-Q
FDX,2024-03-21 20:20:14,8-K
FDX,2024-04-01 11:22:07,8-K
FDX,2024-06-12 10:45:34,8-K
FDX,2024-06-25 20:15:10,8-K
FDX,2024-07-15 20:16:29,10-K
FDX,2024-09-03 20:15:17,8-K
FDX,2024-09-19 20:15:08,8-K
FDX,2024-09-19 20:20:17,10-Q
FDX,2024-09-24 20:45:03,8-K
FDX,2024-12-19 21:10:08,8-K
FDX,2024-12-19 21:15:26,10-Q
FDX,2025-01-07 21:56:01,8-K
FDX,2025-01-23 13:11:20,8-K
FDX,2025-01-30 21:16:03,8-K
FDX,2025-02-07 13:08:26,8-K
FDX,2025-02-26 22:10:26,8-K
FDX,2025-03-20 20:10:11,8-K
FDX,2025-03-20 20:15:29,10-Q
FDX,2025-05-12 20:15:35,8-K
FDX,2025-06-23 14:45:38,8-K
FDX,2025-06-24 20:12:32,8-K
FDX,2025-07-17 21:00:40,8-K
FDX,2025-07-21 20:13:19,10-K
FDX,2025-07-24 20:28:16,8-K
FDX,2025-07-30 20:13:29,8-K
FDX,2025-09-18 20:13:03,8-K
FDX,2025-09-18 20:17:53,10-Q
FDX,2025-10-02 20:15:37,8-K
FDX,2025-11-06 21:19:15,8-K
FDX,2025-12-18 21:10:55,8-K
FDX,2025-12-18 21:17:27,10-Q
FDX,2026-01-16 12:57:08,8-K
FDX,2026-01-29 21:15:36,8-K
FDX,2026-02-05 22:19:17,8-K
FDX,2026-02-09 21:38:52,8-K
FDX,2026-03-12 21:12:23,8-K
FDX,2026-03-19 20:10:36,8-K
FDX,2026-03-19 20:15:45,10-Q
FDX,2026-04-13 20:06:35,8-K
FDX,2026-05-13 20:06:11,8-K
FDX,2026-05-18 20:15:24,8-K
FDX,2026-05-22 20:33:07,8-K
FDX,2026-06-01 10:42:52,8-K
FDX,2026-06-08 20:34:35,8-K
FDX,2026-06-23 20:07:29,8-K
GD,2019-07-24 14:03:35,8-K
GD,2019-07-24 15:07:09,10-Q
GD,2019-08-07 20:50:04,8-K
GD,2019-10-23 12:25:06,8-K
GD,2019-10-23 15:21:41,10-Q
GD,2020-01-29 13:26:04,8-K
GD,2020-02-06 15:00:11,8-K
GD,2020-02-10 21:10:04,10-K
GD,2020-03-23 13:15:40,8-K
GD,2020-03-25 21:26:44,8-K
GD,2020-04-29 12:20:48,8-K
GD,2020-04-29 15:51:18,10-Q
GD,2020-05-11 20:12:04,8-K
GD,2020-07-29 12:17:10,8-K
GD,2020-07-29 15:36:45,10-Q
GD,2020-10-28 12:04:12,8-K
GD,2020-10-28 15:39:34,10-Q
GD,2021-01-27 12:51:14,8-K
GD,2021-02-03 21:16:52,8-K
GD,2021-02-09 16:51:35,10-K
GD,2021-04-28 12:02:03,8-K
GD,2021-04-28 14:55:02,10-Q
GD,2021-05-07 20:19:49,8-K
GD,2021-05-10 20:10:59,8-K
GD,2021-06-04 20:29:15,8-K
GD,2021-07-28 11:52:11,8-K
GD,2021-07-28 15:30:51,10-Q
GD,2021-10-27 11:57:13,8-K
GD,2021-10-27 15:03:54,10-Q
GD,2022-01-26 12:54:34,8-K
GD,2022-02-09 14:55:44,10-K
GD,2022-04-27 11:52:04,8-K
GD,2022-04-27 14:33:36,10-Q
GD,2022-05-06 20:06:00,8-K
GD,2022-07-27 11:42:48,8-K
GD,2022-07-27 15:17:15,10-Q
GD,2022-10-26 11:58:57,8-K
GD,2022-10-26 14:56:18,10-Q
GD,2022-12-09 14:13:23,8-K
GD,2023-01-25 13:06:33,8-K
GD,2023-02-06 22:08:40,8-K
GD,2023-02-07 14:28:44,10-K
GD,2023-04-26 11:59:45,8-K
GD,2023-04-26 14:49:49,10-Q
GD,2023-05-05 20:09:02,8-K
GD,2023-06-08 20:24:53,8-K
GD,2023-07-26 12:00:16,8-K
GD,2023-07-26 14:43:45,10-Q
GD,2023-10-05 20:18:52,8-K
GD,2023-10-25 12:00:06,8-K
GD,2023-10-25 15:01:00,10-Q
GD,2024-01-05 18:38:59,8-K
GD,2024-01-24 12:59:31,8-K
GD,2024-02-08 14:37:45,10-K
GD,2024-03-07 21:42:01,8-K
GD,2024-04-24 12:05:42,8-K
GD,2024-04-24 16:05:24,10-Q
GD,2024-05-03 13:04:32,8-K
GD,2024-07-24 12:11:21,8-K
GD,2024-07-24 15:08:26,10-Q
GD,2024-08-08 20:40:22,8-K
GD,2024-10-23 12:01:55,8-K
GD,2024-10-23 14:33:07,10-Q
GD,2024-12-16 21:18:37,8-K
GD,2025-01-29 12:56:26,8-K
GD,2025-02-07 20:26:28,10-K
GD,2025-04-23 11:50:09,8-K
GD,2025-04-23 15:17:58,10-Q
GD,2025-05-07 20:17:38,8-K
GD,2025-05-09 20:13:29,8-K
GD,2025-06-04 20:51:48,8-K
GD,2025-06-09 20:15:42,8-K
GD,2025-07-23 11:53:04,8-K
GD,2025-07-23 14:59:21,10-Q
GD,2025-10-24 11:50:04,8-K
GD,2025-10-24 14:35:49,10-Q
GD,2025-12-05 21:30:33,8-K
GD,2025-12-05 21:31:38,8-K
GD,2026-01-28 12:59:57,8-K
GD,2026-01-30 18:14:49,10-K
GD,2026-04-29 11:58:25,8-K
GD,2026-04-29 15:24:08,10-Q
GD,2026-05-11 20:56:27,8-K
GE,2018-12-10 13:40:59,8-K
GE,2019-01-14 21:34:04,8-K
GE,2019-01-31 12:42:10,8-K
GE,2019-02-04 22:18:43,8-K
GE,2019-02-08 21:52:59,8-K
GE,2019-02-21 21:42:14,8-K
GE,2019-02-25 22:10:45,8-K
GE,2019-02-25 22:14:10,8-K
GE,2019-02-26 21:36:51,10-K
GE,2019-02-26 22:20:54,8-K
GE,2019-03-14 11:36:27,8-K
GE,2019-04-01 12:00:27,8-K
GE,2019-04-12 21:21:27,8-K
GE,2019-04-30 10:08:24,10-Q
GE,2019-04-30 10:39:39,8-K
GE,2019-05-13 20:55:21,8-K
GE,2019-07-31 10:12:38,10-Q
GE,2019-07-31 10:55:48,8-K
GE,2019-07-31 15:28:54,8-K
GE,2019-09-12 13:26:47,8-K
GE,2019-09-20 18:46:56,8-K
GE,2019-09-26 20:26:46,8-K
GE,2019-10-30 10:06:29,8-K
GE,2019-10-30 10:23:20,10-Q
GE,2019-11-26 21:15:36,8-K
GE,2019-12-09 21:20:57,8-K
GE,2020-01-29 11:48:19,8-K
GE,2020-02-20 21:32:07,8-K
GE,2020-02-24 21:34:07,10-K
GE,2020-04-06 20:19:17,8-K
GE,2020-04-09 13:00:03,8-K
GE,2020-04-13 12:51:27,8-K
GE,2020-04-13 13:26:20,8-K
GE,2020-04-20 20:30:33,8-K
GE,2020-04-22 21:25:26,8-K
GE,2020-04-29 10:27:17,8-K
GE,2020-04-29 10:38:37,10-Q
GE,2020-05-06 12:46:51,8-K
GE,2020-05-07 10:35:47,8-K
GE,2020-05-11 12:36:56,8-K
GE,2020-05-18 21:11:24,8-K
GE,2020-06-09 00:31:52,8-K
GE,2020-06-16 00:31:15,8-K
GE,2020-06-17 20:22:01,8-K
GE,2020-06-22 10:38:04,8-K
GE,2020-07-29 10:23:42,8-K
GE,2020-07-29 10:27:24,10-Q
GE,2020-08-20 20:30:54,8-K
GE,2020-10-06 18:00:41,8-K
GE,2020-10-28 10:22:52,8-K
GE,2020-10-28 10:24:54,10-Q
GE,2020-12-09 22:09:51,8-K
GE,2020-12-11 11:07:16,8-K
GE,2020-12-18 13:08:26,8-K
GE,2021-01-26 11:23:47,8-K
GE,2021-02-12 15:24:28,10-K
GE,2021-03-10 11:49:06,8-K
GE,2021-03-12 22:17:51,8-K
GE,2021-03-31 20:32:36,8-K
GE,2021-04-27 10:22:53,8-K
GE,2021-04-27 10:26:32,10-Q
GE,2021-05-07 20:06:20,8-K
GE,2021-05-24 13:25:35,8-K
GE,2021-05-27 21:03:13,8-K
GE,2021-06-08 17:05:47,8-K
GE,2021-06-21 12:01:03,8-K
GE,2021-06-24 12:47:38,8-K
GE,2021-07-27 10:27:38,8-K
GE,2021-07-27 10:29:30,10-Q
GE,2021-07-30 20:19:49,8-K
GE,2021-09-23 12:17:12,8-K
GE,2021-10-26 10:21:35,8-K
GE,2021-10-26 10:23:28,10-Q
GE,2021-11-05 10:38:22,8-K
GE,2021-11-09 11:44:56,8-K
GE,2021-11-10 12:06:37,8-K
GE,2021-11-29 21:29:43,8-K
GE,2021-12-22 11:35:02,8-K
GE,2022-01-25 11:23:32,8-K
GE,2022-02-10 11:18:54,8-K
GE,2022-02-11 13:33:15,10-K
GE,2022-02-18 15:12:20,8-K
GE,2022-03-08 21:36:22,8-K
GE,2022-03-17 20:36:58,8-K
GE,2022-04-26 10:22:52,8-K
GE,2022-04-26 10:26:07,10-Q
GE,2022-04-29 12:06:12,8-K
GE,2022-05-06 20:07:01,8-K
GE,2022-06-27 12:55:05,8-K
GE,2022-07-26 10:25:09,8-K
GE,2022-07-26 10:29:59,10-Q
GE,2022-10-25 10:25:17,8-K
GE,2022-10-25 10:28:48,10-Q
GE,2022-11-08 13:39:19,8-K
GE,2022-11-23 21:54:04,8-K
GE,2022-11-30 21:40:08,8-K
GE,2022-12-14 21:55:36,8-K
GE,2023-01-04 11:29:07,8-K
GE,2023-01-10 11:45:30,8-K
GE,2023-01-24 11:24:26,8-K
GE,2023-02-10 13:32:52,10-K
GE,2023-02-13 13:02:38,8-K
GE,2023-02-15 14:03:34,8-K
GE,2023-03-14 12:03:37,8-K
GE,2023-04-25 10:21:53,8-K
GE,2023-04-25 10:31:39,10-Q
GE,2023-04-25 10:41:40,8-K
GE,2023-05-08 20:18:11,8-K
GE,2023-05-17 20:32:29,8-K
GE,2023-05-18 12:35:53,8-K
GE,2023-07-25 10:22:25,8-K
GE,2023-07-25 10:31:17,10-Q
GE,2023-07-25 10:33:44,8-K
GE,2023-10-24 10:03:33,10-Q
GE,2023-10-24 10:06:30,8-K
GE,2023-11-14 11:34:53,8-K
GE,2024-01-23 11:23:08,8-K
GE,2024-02-02 11:31:30,10-K
GE,2024-02-29 21:54:09,8-K
GE,2024-02-29 21:54:55,8-K
GE,2024-03-07 11:20:28,8-K
GE,2024-04-02 10:42:06,8-K
GE,2024-04-08 20:18:27,8-K
GE,2024-04-11 11:45:29,8-K
GE,2024-04-23 10:22:29,8-K
GE,2024-04-23 10:24:34,10-Q
GE,2024-05-10 10:15:41,8-K
GE,2024-06-21 13:01:58,8-K
GE,2024-07-01 20:30:36,8-K
GE,2024-07-23 10:22:14,8-K
GE,2024-07-23 10:28:10,10-Q
GE,2024-10-22 10:34:48,8-K
GE,2024-10-22 10:37:12,10-Q
GE,2025-01-23 11:22:29,8-K
GE,2025-02-03 11:31:16,10-K
GE,2025-04-22 10:22:57,8-K
GE,2025-04-22 10:26:15,10-Q
GE,2025-05-09 20:20:45,8-K
GE,2025-07-17 10:41:11,8-K
GE,2025-07-21 16:01:31,10-Q
GE,2025-07-24 20:11:07,8-K
GE,2025-07-29 21:03:32,8-K
GE,2025-10-01 10:33:18,8-K
GE,2025-10-21 10:23:23,8-K
GE,2025-10-21 10:27:09,10-Q
GE,2026-01-15 13:37:54,8-K
GE,2026-01-22 11:38:59,8-K
GE,2026-01-29 11:32:04,10-K
GE,2026-04-21 10:29:00,8-K
GE,2026-04-21 10:36:02,10-Q
GE,2026-05-07 20:15:33,8-K
GE,2026-06-11 10:33:47,8-K
GILD,2018-02-05 21:05:35,8-K
GILD,2018-02-06 21:05:54,8-K
GILD,2018-02-26 22:57:33,10-K
GILD,2018-05-01 20:03:55,8-K
GILD,2018-05-08 22:54:26,10-Q
GILD,2018-05-11 20:23:29,8-K
GILD,2018-07-25 20:04:43,8-K
GILD,2018-07-26 21:06:32,8-K
GILD,2018-08-06 20:16:07,10-Q
GILD,2018-08-07 19:51:08,8-K
GILD,2018-09-18 20:16:50,8-K
GILD,2018-10-25 20:08:54,8-K
GILD,2018-11-06 21:14:13,10-Q
GILD,2018-12-10 21:01:30,8-K
GILD,2019-02-04 21:04:53,8-K
GILD,2019-02-26 01:02:58,10-K
GILD,2019-03-01 15:15:37,8-K
GILD,2019-05-01 19:13:44,8-K
GILD,2019-05-02 20:05:15,8-K
GILD,2019-05-07 23:16:59,10-Q
GILD,2019-05-09 20:27:25,8-K
GILD,2019-05-29 12:41:17,8-K
GILD,2019-07-17 12:34:48,8-K
GILD,2019-07-17 12:35:47,8-K
GILD,2019-07-18 15:46:07,8-K
GILD,2019-07-30 20:07:37,8-K
GILD,2019-08-06 20:26:19,10-Q
GILD,2019-08-27 20:27:52,8-K
GILD,2019-10-15 13:04:15,8-K
GILD,2019-10-24 22:45:43,8-K
GILD,2019-11-05 22:16:04,10-Q
GILD,2020-01-31 21:01:27,8-K
GILD,2020-02-04 21:06:18,8-K
GILD,2020-02-24 22:38:25,10-K
GILD,2020-03-02 12:07:37,8-K
GILD,2020-04-30 20:08:01,8-K
GILD,2020-05-05 23:03:19,10-Q
GILD,2020-05-08 16:54:57,8-K
GILD,2020-06-16 20:26:48,8-K
GILD,2020-07-30 22:57:31,8-K
GILD,2020-08-06 20:06:17,10-Q
GILD,2020-09-14 12:01:51,8-K
GILD,2020-09-29 20:21:49,8-K
GILD,2020-09-30 12:19:30,8-K
GILD,2020-10-22 16:34:35,8-K
GILD,2020-10-23 21:12:50,8-K
GILD,2020-10-28 20:09:46,8-K
GILD,2020-11-04 00:12:14,10-Q
GILD,2020-12-08 21:14:09,8-K
GILD,2021-01-11 11:04:39,8-K
GILD,2021-02-04 21:05:01,8-K
GILD,2021-02-25 21:15:23,10-K
GILD,2021-04-29 20:06:01,8-K
GILD,2021-05-06 20:11:56,10-Q
GILD,2021-05-14 19:04:02,8-K
GILD,2021-07-29 20:05:14,8-K
GILD,2021-08-05 20:09:19,10-Q
GILD,2021-10-28 20:09:48,8-K
GILD,2021-11-03 20:30:01,10-Q
GILD,2022-01-06 21:30:41,8-K
GILD,2022-02-01 21:03:17,8-K
GILD,2022-02-01 21:07:30,8-K
GILD,2022-02-23 21:55:27,10-K
GILD,2022-03-07 13:30:37,8-K
GILD,2022-04-28 20:07:20,8-K
GILD,2022-05-04 20:26:13,10-Q
GILD,2022-05-05 20:01:50,8-K
GILD,2022-05-31 20:01:13,8-K
GILD,2022-07-28 20:01:27,8-K
GILD,2022-08-02 20:05:51,8-K
GILD,2022-08-08 20:43:34,10-Q
GILD,2022-09-12 12:00:18,8-K
GILD,2022-10-27 20:04:56,8-K
GILD,2022-11-02 21:02:58,10-Q
GILD,2023-02-02 21:03:50,8-K
GILD,2023-02-06 21:06:20,8-K
GILD,2023-02-22 21:18:52,10-K
GILD,2023-04-27 20:05:24,8-K
GILD,2023-05-03 20:06:40,10-Q
GILD,2023-05-05 15:15:24,8-K
GILD,2023-08-03 20:07:28,8-K
GILD,2023-08-04 20:06:43,10-Q
GILD,2023-08-16 21:19:22,8-K
GILD,2023-09-14 13:00:15,8-K
GILD,2023-11-07 21:03:24,8-K
GILD,2023-11-07 22:18:43,10-Q
GILD,2024-02-02 21:20:27,8-K
GILD,2024-02-06 21:04:07,8-K
GILD,2024-02-12 13:37:51,8-K
GILD,2024-02-23 21:44:27,10-K
GILD,2024-03-14 20:05:32,8-K
GILD,2024-03-22 13:21:18,8-K
GILD,2024-04-25 20:04:55,8-K
GILD,2024-05-08 20:58:20,10-Q
GILD,2024-05-09 20:11:00,8-K
GILD,2024-07-17 13:01:01,8-K
GILD,2024-08-08 20:06:06,8-K
GILD,2024-08-08 21:17:59,10-Q
GILD,2024-11-06 21:09:21,8-K
GILD,2024-11-12 13:36:10,10-Q
GILD,2024-11-20 21:15:36,8-K
GILD,2025-02-11 21:04:28,8-K
GILD,2025-02-28 21:21:03,10-K
GILD,2025-03-12 21:05:35,8-K
GILD,2025-04-24 20:03:59,8-K
GILD,2025-05-07 20:32:49,10-Q
GILD,2025-05-08 21:26:08,8-K
GILD,2025-08-04 20:07:16,8-K
GILD,2025-08-07 20:26:51,8-K
GILD,2025-08-07 21:14:25,10-Q
GILD,2025-08-14 20:08:22,8-K
GILD,2025-10-06 12:17:11,8-K
GILD,2025-10-30 20:04:07,8-K
GILD,2025-11-07 21:08:32,10-Q
GILD,2025-11-19 13:30:34,8-K
GILD,2026-02-10 21:02:13,8-K
GILD,2026-02-23 11:46:27,8-K
GILD,2026-02-24 21:18:35,10-K
GILD,2026-04-28 12:56:25,8-K
GILD,2026-05-04 20:05:56,8-K
GILD,2026-05-07 20:03:01,8-K
GILD,2026-05-07 21:12:20,10-Q
GILD,2026-05-20 20:15:36,8-K
GS,2025-07-01 20:58:12,8-K
GS,2025-07-16 11:35:41,8-K
GS,2025-08-01 20:40:51,10-Q
GS,2025-10-14 11:37:10,8-K
GS,2025-10-21 20:29:43,8-K
GS,2025-10-31 20:17:56,10-Q
GS,2026-01-08 21:15:56,8-K
GS,2026-01-15 12:42:42,8-K
GS,2026-01-21 21:28:06,8-K
GS,2026-01-23 20:00:24,8-K
GS,2026-02-02 21:23:46,8-K
GS,2026-02-13 21:30:27,8-K
GS,2026-02-25 22:22:27,10-K
GS,2026-03-05 21:30:05,8-K
GS,2026-03-13 15:00:25,8-K
GS,2026-04-13 11:40:26,8-K
GS,2026-04-20 20:22:51,8-K
GS,2026-05-01 15:00:17,8-K
GS,2026-05-01 20:14:24,10-Q
GS,2026-05-12 20:18:15,8-K
GS,2026-06-03 20:43:35,8-K
GS,2026-06-24 16:28:37,8-K
HD,2018-02-20 11:11:33,8-K
HD,2018-02-28 21:26:20,8-K
HD,2018-03-22 20:56:00,10-K
HD,2018-05-15 10:07:43,8-K
HD,2018-05-21 22:12:31,10-Q
HD,2018-05-23 20:18:27,8-K
HD,2018-08-14 10:07:05,8-K
HD,2018-08-20 22:39:10,10-Q
HD,2018-10-09 20:19:36,8-K
HD,2018-11-13 11:18:41,8-K
HD,2018-11-19 22:59:21,10-Q
HD,2018-11-29 23:37:24,8-K
HD,2018-12-06 21:23:52,8-K
HD,2019-02-26 11:14:10,8-K
HD,2019-03-04 21:25:23,8-K
HD,2019-03-28 20:42:29,10-K
HD,2019-04-30 20:11:37,8-K
HD,2019-05-21 10:08:19,8-K
HD,2019-05-28 22:14:51,10-Q
HD,2019-05-30 20:28:51,8-K
HD,2019-06-04 20:23:09,8-K
HD,2019-06-17 20:43:03,8-K
HD,2019-08-20 10:10:55,8-K
HD,2019-08-26 22:07:04,10-Q
HD,2019-11-19 11:19:57,8-K
HD,2019-11-25 22:56:16,10-Q
HD,2020-01-08 21:34:02,8-K
HD,2020-01-13 21:31:01,8-K
HD,2020-02-25 11:05:40,8-K
HD,2020-03-02 22:06:35,8-K
HD,2020-03-25 20:41:53,10-K
HD,2020-03-30 20:12:04,8-K
HD,2020-05-19 10:15:47,8-K
HD,2020-05-26 20:49:02,8-K
HD,2020-05-26 23:59:23,10-Q
HD,2020-08-18 10:23:49,8-K
HD,2020-08-24 22:14:05,10-Q
HD,2020-10-02 12:38:03,8-K
HD,2020-11-16 13:06:15,8-K
HD,2020-11-17 11:07:01,8-K
HD,2020-11-18 21:13:03,8-K
HD,2020-11-23 23:13:22,10-Q
HD,2020-12-28 21:19:05,8-K
HD,2021-01-07 21:15:57,8-K
HD,2021-02-01 21:50:15,8-K
HD,2021-02-23 11:14:41,8-K
HD,2021-03-01 22:01:44,8-K
HD,2021-03-24 20:46:14,10-K
HD,2021-05-18 10:12:36,8-K
HD,2021-05-24 21:55:43,10-Q
HD,2021-05-26 20:57:06,8-K
HD,2021-06-02 11:32:37,8-K
HD,2021-08-17 10:58:06,8-K
HD,2021-08-23 21:47:11,10-Q
HD,2021-09-09 20:13:02,8-K
HD,2021-09-21 20:02:01,8-K
HD,2021-10-13 20:10:03,8-K
HD,2021-10-22 12:02:32,8-K
HD,2021-11-16 11:09:36,8-K
HD,2021-11-22 22:44:32,10-Q
HD,2022-01-27 22:01:59,8-K
HD,2022-02-22 11:14:11,8-K
HD,2022-02-24 21:06:24,8-K
HD,2022-03-23 20:25:53,10-K
HD,2022-03-28 20:20:18,8-K
HD,2022-04-19 21:18:13,8-K
HD,2022-05-17 10:15:30,8-K
HD,2022-05-23 21:52:20,10-Q
HD,2022-05-24 20:22:13,8-K
HD,2022-08-16 10:11:20,8-K
HD,2022-08-18 20:10:30,8-K
HD,2022-08-22 21:50:39,10-Q
HD,2022-09-13 20:24:02,8-K
HD,2022-09-19 20:19:57,8-K
HD,2022-11-15 11:10:47,8-K
HD,2022-11-21 22:47:45,10-Q
HD,2023-02-21 11:03:36,8-K
HD,2023-02-28 21:34:15,8-K
HD,2023-03-15 20:22:15,10-K
HD,2023-04-19 20:36:33,8-K
HD,2023-05-16 10:06:07,8-K
HD,2023-05-22 21:42:46,10-Q
HD,2023-05-23 20:55:58,8-K
HD,2023-06-20 12:38:45,8-K
HD,2023-06-20 20:58:24,8-K
HD,2023-08-15 10:18:54,8-K
HD,2023-08-21 21:46:19,10-Q
HD,2023-10-30 20:19:38,8-K
HD,2023-11-14 11:11:56,8-K
HD,2023-11-20 22:41:31,10-Q
HD,2023-11-28 22:29:31,8-K
HD,2023-12-04 22:31:54,8-K
HD,2024-01-10 21:29:45,8-K
HD,2024-02-20 11:15:16,8-K
HD,2024-03-13 20:31:59,10-K
HD,2024-03-28 12:30:39,8-K
HD,2024-05-09 20:45:12,8-K
HD,2024-05-14 10:23:30,8-K
HD,2024-05-20 22:05:58,10-Q
HD,2024-05-22 20:15:41,8-K
HD,2024-05-30 13:17:51,8-K
HD,2024-06-18 21:25:18,8-K
HD,2024-06-18 21:28:09,8-K
HD,2024-06-25 20:26:11,8-K
HD,2024-06-27 20:07:56,8-K
HD,2024-08-13 10:07:00,8-K
HD,2024-08-19 21:50:05,10-Q
HD,2024-11-12 11:10:23,8-K
HD,2024-11-18 23:28:53,10-Q
HD,2024-12-19 21:49:40,8-K
HD,2025-02-25 11:49:51,8-K
HD,2025-03-20 22:36:42,10-K
HD,2025-05-06 20:23:26,8-K
HD,2025-05-20 10:13:09,8-K
HD,2025-05-27 21:48:16,10-Q
HD,2025-05-28 21:01:05,8-K
HD,2025-08-19 10:06:02,8-K
HD,2025-08-25 21:53:51,10-Q
HD,2025-09-10 20:01:40,8-K
HD,2025-09-15 20:24:49,8-K
HD,2025-11-18 11:05:10,8-K
HD,2025-11-18 18:09:53,8-K
HD,2025-11-24 21:32:24,8-K
HD,2025-11-24 22:52:00,10-Q
HD,2026-02-24 11:07:18,8-K
HD,2026-03-18 20:23:56,10-K
HD,2026-05-19 10:06:14,8-K
HD,2026-05-26 13:19:39,8-K
HD,2026-05-26 21:48:01,10-Q
HON,2020-03-10 13:04:20,8-K
HON,2020-03-31 20:45:24,8-K
HON,2020-04-10 21:08:52,8-K
HON,2020-04-29 20:56:45,8-K
HON,2020-05-01 10:36:25,8-K
HON,2020-05-01 13:34:13,10-Q
HON,2020-05-14 12:28:19,8-K
HON,2020-05-18 20:54:56,8-K
HON,2020-06-11 20:05:37,8-K
HON,2020-07-24 10:36:09,8-K
HON,2020-07-24 13:24:22,10-Q
HON,2020-08-19 21:08:33,8-K
HON,2020-10-23 21:22:59,8-K
HON,2020-10-30 10:37:23,8-K
HON,2020-10-30 13:00:10,10-Q
HON,2021-01-29 12:02:33,8-K
HON,2021-02-12 19:31:39,10-K
HON,2021-02-16 13:56:37,8-K
HON,2021-04-02 12:57:30,8-K
HON,2021-04-23 10:59:53,8-K
HON,2021-04-23 13:10:16,10-Q
HON,2021-04-30 13:02:46,8-K
HON,2021-05-25 15:01:29,8-K
HON,2021-07-14 20:24:07,8-K
HON,2021-07-23 10:40:05,8-K
HON,2021-07-23 13:09:25,10-Q
HON,2021-08-02 12:09:07,8-K
HON,2021-08-04 21:24:07,8-K
HON,2021-08-17 00:00:49,8-K
HON,2021-10-22 10:53:57,8-K
HON,2021-10-22 12:31:29,10-Q
HON,2021-11-23 21:13:47,8-K
HON,2022-01-05 22:00:23,8-K
HON,2022-01-18 22:23:07,8-K
HON,2022-02-03 11:34:37,8-K
HON,2022-02-11 17:37:32,10-K
HON,2022-03-28 22:53:11,8-K
HON,2022-04-28 21:22:29,8-K
HON,2022-04-29 10:33:47,8-K
HON,2022-04-29 13:03:57,10-Q
HON,2022-07-28 10:32:48,8-K
HON,2022-07-28 10:45:16,8-K
HON,2022-07-28 13:16:12,10-Q
HON,2022-09-01 19:09:58,8-K
HON,2022-09-21 20:16:03,8-K
HON,2022-09-30 20:40:21,8-K
HON,2022-10-26 20:07:59,8-K
HON,2022-10-27 10:33:38,8-K
HON,2022-10-27 13:09:11,10-Q
HON,2022-11-02 21:13:10,8-K
HON,2022-11-18 19:37:07,8-K
HON,2022-11-21 22:14:07,8-K
HON,2022-12-14 21:07:58,8-K
HON,2023-02-02 11:33:38,8-K
HON,2023-02-10 19:09:31,10-K
HON,2023-03-14 11:11:33,8-K
HON,2023-03-21 20:13:58,8-K
HON,2023-04-24 20:25:37,8-K
HON,2023-04-27 10:03:11,8-K
HON,2023-04-27 13:09:13,10-Q
HON,2023-05-17 20:55:05,8-K
HON,2023-05-23 20:32:39,8-K
HON,2023-06-15 21:00:22,8-K
HON,2023-07-27 10:35:07,8-K
HON,2023-07-27 13:02:54,10-Q
HON,2023-10-10 10:07:08,8-K
HON,2023-10-26 10:01:38,8-K
HON,2023-10-26 13:15:45,10-Q
HON,2023-11-28 12:03:41,8-K
HON,2023-12-11 12:00:05,8-K
HON,2024-02-01 11:00:51,8-K
HON,2024-02-01 11:08:55,8-K
HON,2024-02-16 18:40:36,10-K
HON,2024-03-01 21:16:08,8-K
HON,2024-03-19 20:17:40,8-K
HON,2024-04-25 10:03:59,8-K
HON,2024-04-25 13:42:46,10-Q
HON,2024-04-25 19:11:59,8-K
HON,2024-05-16 20:46:51,8-K
HON,2024-06-03 11:07:13,8-K
HON,2024-06-11 20:19:36,8-K
HON,2024-07-02 20:20:03,8-K
HON,2024-07-10 11:01:48,8-K
HON,2024-07-25 10:03:44,8-K
HON,2024-07-25 13:38:50,10-Q
HON,2024-08-02 00:51:33,8-K
HON,2024-08-12 21:16:55,8-K
HON,2024-09-05 10:09:49,8-K
HON,2024-10-08 10:05:42,8-K
HON,2024-10-24 10:02:57,8-K
HON,2024-10-24 13:37:57,10-Q
HON,2024-12-02 21:14:50,8-K
HON,2025-02-06 11:04:00,8-K
HON,2025-02-14 19:50:25,10-K
HON,2025-02-18 21:18:21,8-K
HON,2025-03-17 20:22:58,8-K
HON,2025-04-01 12:36:16,8-K
HON,2025-04-08 21:06:34,8-K
HON,2025-04-29 10:05:55,8-K
HON,2025-04-29 13:46:21,10-Q
HON,2025-05-07 23:49:05,8-K
HON,2025-05-23 11:55:42,8-K
HON,2025-05-28 11:04:24,8-K
HON,2025-06-24 20:43:29,8-K
HON,2025-07-24 10:10:26,8-K
HON,2025-07-24 13:38:39,10-Q
HON,2025-07-30 12:01:39,8-K
HON,2025-08-21 20:32:28,8-K
HON,2025-08-22 20:58:24,8-K
HON,2025-10-01 11:04:17,8-K
HON,2025-10-01 20:22:57,8-K
HON,2025-10-16 11:03:27,8-K
HON,2025-10-22 20:16:51,8-K
HON,2025-10-23 10:05:17,8-K
HON,2025-10-23 13:35:09,10-Q
HON,2025-10-30 11:03:17,8-K
HON,2025-11-03 21:27:57,8-K
HON,2025-12-10 12:03:44,8-K
HON,2025-12-22 11:05:39,8-K
HON,2026-01-29 11:04:46,8-K
HON,2026-02-17 11:07:11,10-K
HON,2026-02-17 11:12:46,8-K
HON,2026-03-03 12:09:07,8-K
HON,2026-03-06 13:59:59,8-K
HON,2026-03-16 20:15:22,8-K
HON,2026-03-21 00:04:06,8-K
HON,2026-04-23 10:03:02,8-K
HON,2026-04-23 13:54:52,10-Q
HON,2026-04-23 13:59:08,8-K
HON,2026-05-27 20:36:23,8-K
HON,2026-06-02 00:12:40,8-K
HON,2026-06-05 20:31:39,8-K
HON,2026-06-15 11:04:28,8-K
IBM,2019-11-22 21:22:33,8-K
IBM,2020-01-21 21:10:21,8-K
IBM,2020-01-22 22:21:09,8-K
IBM,2020-01-29 13:07:01,8-K
IBM,2020-01-31 13:05:49,8-K
IBM,2020-02-03 21:43:34,8-K
IBM,2020-02-10 21:20:39,8-K
IBM,2020-02-25 21:54:20,10-K
IBM,2020-04-07 21:01:45,8-K
IBM,2020-04-20 20:15:44,8-K
IBM,2020-04-21 20:33:16,8-K
IBM,2020-04-28 20:24:43,10-Q
IBM,2020-04-29 20:15:36,8-K
IBM,2020-05-01 20:15:42,8-K
IBM,2020-05-06 20:22:20,8-K
IBM,2020-07-02 20:17:50,8-K
IBM,2020-07-20 20:13:56,8-K
IBM,2020-07-21 20:09:34,8-K
IBM,2020-07-28 20:29:01,10-Q
IBM,2020-10-08 11:55:35,8-K
IBM,2020-10-19 20:20:19,8-K
IBM,2020-10-20 21:01:12,8-K
IBM,2020-10-27 20:20:30,10-Q
IBM,2020-12-16 21:19:39,8-K
IBM,2020-12-18 21:13:17,8-K
IBM,2020-12-31 21:19:21,8-K
IBM,2021-01-21 21:21:47,8-K
IBM,2021-01-22 21:18:01,8-K
IBM,2021-01-29 21:40:13,8-K
IBM,2021-02-23 22:08:23,10-K
IBM,2021-02-24 14:17:37,8-K
IBM,2021-03-19 20:16:02,8-K
IBM,2021-04-19 20:21:54,8-K
IBM,2021-04-20 20:13:50,8-K
IBM,2021-04-27 20:19:53,10-Q
IBM,2021-04-30 20:15:21,8-K
IBM,2021-06-25 20:21:50,8-K
IBM,2021-06-25 21:10:39,8-K
IBM,2021-07-02 20:30:00,8-K
IBM,2021-07-19 20:14:23,8-K
IBM,2021-07-20 20:12:46,8-K
IBM,2021-07-27 20:41:04,10-Q
IBM,2021-09-28 21:12:30,8-K
IBM,2021-09-30 12:35:54,8-K
IBM,2021-10-01 20:55:55,8-K
IBM,2021-10-04 14:23:10,8-K
IBM,2021-10-12 12:37:04,8-K
IBM,2021-10-15 20:15:27,8-K
IBM,2021-10-20 20:12:03,8-K
IBM,2021-10-21 20:11:08,8-K
IBM,2021-10-22 20:20:57,8-K
IBM,2021-11-04 20:50:11,8-K
IBM,2021-11-05 11:23:16,10-Q
IBM,2021-11-29 21:21:05,8-K
IBM,2021-12-27 21:50:21,8-K
IBM,2022-01-24 21:12:51,8-K
IBM,2022-01-25 21:12:40,8-K
IBM,2022-02-04 21:39:38,8-K
IBM,2022-02-08 21:21:36,8-K
IBM,2022-02-22 21:07:29,10-K
IBM,2022-03-31 20:21:12,8-K
IBM,2022-04-19 20:13:16,8-K
IBM,2022-04-20 20:11:39,8-K
IBM,2022-04-26 20:19:53,10-Q
IBM,2022-04-29 20:16:02,8-K
IBM,2022-07-01 21:10:53,8-K
IBM,2022-07-18 20:15:37,8-K
IBM,2022-07-19 20:16:40,8-K
IBM,2022-07-25 20:43:18,10-Q
IBM,2022-07-26 20:15:49,8-K
IBM,2022-09-13 20:15:58,8-K
IBM,2022-09-28 13:10:09,8-K
IBM,2022-10-19 20:15:16,8-K
IBM,2022-10-20 20:13:13,8-K
IBM,2022-10-25 20:16:44,10-Q
IBM,2023-01-05 13:32:19,8-K
IBM,2023-01-25 21:14:56,8-K
IBM,2023-01-26 21:12:56,8-K
IBM,2023-02-03 21:15:19,8-K
IBM,2023-02-03 21:18:10,8-K
IBM,2023-02-28 21:26:11,10-K
IBM,2023-04-19 20:15:23,8-K
IBM,2023-04-20 20:10:35,8-K
IBM,2023-04-25 20:18:35,10-Q
IBM,2023-04-28 20:15:45,8-K
IBM,2023-06-16 20:05:26,8-K
IBM,2023-07-19 20:15:37,8-K
IBM,2023-07-20 20:15:57,8-K
IBM,2023-07-25 10:33:21,10-Q
IBM,2023-07-31 20:30:32,8-K
IBM,2023-10-25 20:17:03,8-K
IBM,2023-10-26 20:11:12,8-K
IBM,2023-10-31 10:38:48,10-Q
IBM,2023-12-12 21:05:37,8-K
IBM,2024-01-24 21:13:55,8-K
IBM,2024-01-25 21:17:18,8-K
IBM,2024-02-01 21:21:05,8-K
IBM,2024-02-02 21:15:38,8-K
IBM,2024-02-26 11:08:02,8-K
IBM,2024-02-26 11:41:57,10-K
IBM,2024-03-18 20:20:31,8-K
IBM,2024-04-24 20:16:07,8-K
IBM,2024-04-25 20:15:54,8-K
IBM,2024-04-30 15:00:50,10-Q
IBM,2024-05-03 20:53:29,8-K
IBM,2024-06-21 20:02:56,8-K
IBM,2024-07-24 20:14:27,8-K
IBM,2024-07-25 20:10:21,8-K
IBM,2024-07-30 10:38:17,10-Q
IBM,2024-09-11 20:30:29,8-K
IBM,2024-10-23 20:12:01,8-K
IBM,2024-10-24 20:12:46,8-K
IBM,2024-10-30 20:09:22,10-Q
IBM,2024-12-09 21:27:24,8-K
IBM,2025-01-29 21:16:40,8-K
IBM,2025-01-30 21:14:18,8-K
IBM,2025-02-04 22:24:05,8-K
IBM,2025-02-07 21:17:05,8-K
IBM,2025-02-25 21:12:45,10-K
IBM,2025-03-12 20:48:40,8-K
IBM,2025-04-23 20:12:28,8-K
IBM,2025-04-24 20:12:43,8-K
IBM,2025-04-24 20:16:05,10-Q
IBM,2025-04-29 15:22:17,8-K
IBM,2025-05-02 20:15:19,8-K
IBM,2025-06-20 21:00:06,8-K
IBM,2025-07-23 20:16:51,8-K
IBM,2025-07-24 20:11:58,8-K
IBM,2025-07-24 20:16:47,10-Q
IBM,2025-10-22 20:13:59,8-K
IBM,2025-10-23 20:16:36,8-K
IBM,2025-10-23 20:21:14,10-Q
IBM,2026-01-28 21:10:27,8-K
IBM,2026-01-30 21:32:05,8-K
IBM,2026-02-02 22:25:19,8-K
IBM,2026-02-24 21:07:07,10-K
IBM,2026-03-03 21:19:31,8-K
IBM,2026-04-22 20:10:35,8-K
IBM,2026-04-23 10:22:26,10-Q
IBM,2026-05-01 20:18:17,8-K
IBM,2026-05-28 10:49:17,8-K
IBM,2026-06-23 20:18:27,8-K
INTC,2019-03-15 16:16:03,8-K
INTC,2019-03-25 16:48:02,8-K
INTC,2019-04-03 06:12:02,8-K
INTC,2019-04-10 16:44:55,8-K
INTC,2019-04-25 16:05:00,8-K
INTC,2019-04-25 18:42:52,10-Q
INTC,2019-05-09 06:15:10,8-K
INTC,2019-05-22 09:01:32,8-K
INTC,2019-07-25 16:10:16,8-K
INTC,2019-07-25 18:44:28,10-Q
INTC,2019-09-13 16:01:10,8-K
INTC,2019-09-25 16:05:39,8-K
INTC,2019-10-24 16:08:49,8-K
INTC,2019-10-24 18:35:18,10-Q
INTC,2019-11-14 16:48:39,8-K
INTC,2019-11-20 16:36:03,8-K
INTC,2019-11-21 16:48:10,8-K
INTC,2019-11-25 16:31:14,8-K
INTC,2020-01-21 16:02:09,8-K
INTC,2020-01-22 17:01:42,8-K
INTC,2020-01-23 16:07:34,8-K
INTC,2020-01-23 18:39:55,10-K
INTC,2020-02-13 17:06:42,8-K
INTC,2020-03-24 08:00:45,8-K
INTC,2020-03-25 16:44:41,8-K
INTC,2020-04-23 16:07:24,8-K
INTC,2020-04-23 18:41:50,10-Q
INTC,2020-05-20 16:01:11,8-K
INTC,2020-06-17 16:01:03,8-K
INTC,2020-07-23 16:07:41,8-K
INTC,2020-07-23 19:30:14,10-Q
INTC,2020-07-27 17:12:02,8-K
INTC,2020-08-14 16:03:14,8-K
INTC,2020-08-19 17:11:55,8-K
INTC,2020-10-20 09:14:32,8-K
INTC,2020-10-22 16:07:11,8-K
INTC,2020-10-22 18:42:17,10-Q
INTC,2021-01-14 17:10:00,8-K
INTC,2021-01-21 16:04:38,8-K
INTC,2021-01-21 19:06:04,10-K
INTC,2021-01-22 16:54:03,8-K
INTC,2021-02-18 16:48:01,8-K
INTC,2021-03-16 16:05:46,8-K
INTC,2021-03-23 17:20:56,8-K
INTC,2021-04-22 16:05:36,8-K
INTC,2021-04-22 18:19:50,10-Q
INTC,2021-05-19 16:02:08,8-K
INTC,2021-06-22 16:38:12,8-K
INTC,2021-07-13 17:02:03,8-K
INTC,2021-07-19 16:15:47,8-K
INTC,2021-07-22 16:05:35,8-K
INTC,2021-07-22 18:25:47,10-Q
INTC,2021-07-26 17:10:08,8-K
INTC,2021-08-12 16:59:17,8-K
INTC,2021-10-06 17:16:41,8-K
INTC,2021-10-21 16:09:46,8-K
INTC,2021-10-21 20:36:01,10-Q
INTC,2021-12-07 17:10:02,8-K
INTC,2021-12-29 21:40:55,8-K
INTC,2022-01-10 16:22:03,8-K
INTC,2022-01-26 16:08:32,8-K
INTC,2022-01-26 18:34:53,10-K
INTC,2022-02-09 16:10:57,8-K
INTC,2022-02-15 10:24:04,8-K
INTC,2022-02-18 06:08:36,8-K
INTC,2022-04-28 16:09:32,8-K
INTC,2022-04-28 18:41:34,10-Q
INTC,2022-05-16 16:17:39,8-K
INTC,2022-06-22 16:00:57,8-K
INTC,2022-07-28 16:06:34,8-K
INTC,2022-07-28 18:52:49,10-Q
INTC,2022-08-05 16:54:34,8-K
INTC,2022-08-11 16:11:07,8-K
INTC,2022-08-23 08:20:03,8-K
INTC,2022-10-27 16:02:53,8-K
INTC,2022-10-27 18:30:22,10-Q
INTC,2022-11-22 06:06:02,8-K
INTC,2022-11-22 16:16:06,8-K
INTC,2023-01-26 16:06:30,8-K
INTC,2023-01-26 18:31:20,10-K
INTC,2023-02-10 16:16:41,8-K
INTC,2023-04-27 16:09:04,8-K
INTC,2023-04-27 18:25:04,10-Q
INTC,2023-05-16 18:37:03,8-K
INTC,2023-07-27 16:07:40,8-K
INTC,2023-07-27 18:13:00,10-Q
INTC,2023-08-16 06:01:11,8-K
INTC,2023-10-05 17:14:01,8-K
INTC,2023-10-26 16:09:55,8-K
INTC,2023-10-26 18:34:47,10-Q
INTC,2023-10-30 16:57:55,8-K
INTC,2023-12-05 16:16:35,8-K
INTC,2024-01-03 17:09:55,8-K
INTC,2024-01-25 16:07:43,8-K
INTC,2024-01-25 18:38:16,10-K
INTC,2024-02-16 17:07:50,8-K
INTC,2024-02-21 16:06:20,8-K
INTC,2024-03-13 16:36:02,8-K
INTC,2024-04-02 16:01:22,8-K
INTC,2024-04-25 16:09:45,8-K
INTC,2024-04-25 18:20:43,10-Q
INTC,2024-05-08 07:49:38,8-K
INTC,2024-05-09 17:13:47,8-K
INTC,2024-06-04 16:07:51,8-K
INTC,2024-06-14 17:17:08,8-K
INTC,2024-08-01 16:08:44,8-K
INTC,2024-08-01 18:26:52,10-Q
INTC,2024-08-22 16:24:22,8-K
INTC,2024-10-31 16:07:17,8-K
INTC,2024-10-31 18:13:27,10-Q
INTC,2024-11-27 17:00:19,8-K
INTC,2024-12-02 19:28:44,8-K
INTC,2024-12-05 08:30:58,8-K
INTC,2025-01-30 16:13:45,8-K
INTC,2025-01-31 17:13:51,10-K
INTC,2025-02-28 17:22:51,8-K
INTC,2025-03-14 17:00:12,8-K
INTC,2025-03-27 20:10:42,8-K
INTC,2025-04-14 08:36:38,8-K
INTC,2025-04-17 16:18:36,8-K
INTC,2025-04-24 16:05:05,8-K
INTC,2025-04-24 18:39:04,10-Q
INTC,2025-04-30 08:34:24,8-K
INTC,2025-05-09 16:04:30,8-K
INTC,2025-07-24 16:04:12,8-K
INTC,2025-07-24 16:08:10,10-Q
INTC,2025-08-14 16:14:18,8-K
INTC,2025-08-21 16:15:58,8-K
INTC,2025-08-25 06:06:44,8-K
INTC,2025-08-29 16:22:15,8-K
INTC,2025-09-05 16:26:47,8-K
INTC,2025-09-08 17:01:00,8-K
INTC,2025-09-15 06:02:04,8-K
INTC,2025-09-18 16:06:16,8-K
INTC,2025-09-29 16:09:16,8-K
INTC,2025-10-23 16:10:22,8-K
INTC,2025-11-06 09:06:25,10-Q
INTC,2025-11-12 16:08:30,8-K
INTC,2025-12-29 06:17:04,8-K
INTC,2026-01-22 16:10:56,8-K
INTC,2026-01-22 18:43:06,10-K
INTC,2026-01-23 17:13:24,8-K
INTC,2026-03-03 16:06:00,8-K
INTC,2026-04-03 12:50:37,8-K
INTC,2026-04-08 16:05:34,8-K
INTC,2026-04-23 16:07:02,8-K
INTC,2026-04-23 18:49:27,10-Q
INTC,2026-04-24 16:15:20,8-K
INTC,2026-04-30 17:16:06,8-K
INTC,2026-05-15 16:13:15,8-K
INTU,2020-05-21 20:03:38,8-K
INTU,2020-05-21 20:22:09,10-Q
INTU,2020-06-29 22:32:35,8-K
INTU,2020-08-25 20:02:52,8-K
INTU,2020-08-31 20:31:44,10-K
INTU,2020-10-20 20:05:24,8-K
INTU,2020-11-19 21:01:23,8-K
INTU,2020-11-19 21:07:05,10-Q
INTU,2020-12-03 14:04:54,8-K
INTU,2020-12-07 21:04:27,8-K
INTU,2021-01-22 19:29:20,8-K
INTU,2021-02-09 13:09:10,8-K
INTU,2021-02-23 21:03:04,8-K
INTU,2021-02-23 21:09:29,10-Q
INTU,2021-05-11 20:03:29,8-K
INTU,2021-05-25 20:01:39,8-K
INTU,2021-05-25 20:06:47,10-Q
INTU,2021-06-14 20:01:40,8-K
INTU,2021-08-24 20:02:31,8-K
INTU,2021-09-08 20:09:57,10-K
INTU,2021-09-13 21:31:10,8-K
INTU,2021-11-01 13:29:09,8-K
INTU,2021-11-10 21:02:39,8-K
INTU,2021-11-18 21:05:52,8-K
INTU,2021-11-18 21:36:00,10-Q
INTU,2021-12-01 21:04:53,8-K
INTU,2022-01-24 21:09:09,8-K
INTU,2022-02-14 21:08:52,8-K
INTU,2022-02-24 21:01:37,8-K
INTU,2022-03-02 20:03:42,10-Q
INTU,2022-05-04 16:20:50,8-K
INTU,2022-05-24 20:01:32,8-K
INTU,2022-05-24 20:04:31,10-Q
INTU,2022-08-23 20:06:13,8-K
INTU,2022-09-02 21:09:05,10-K
INTU,2022-11-01 20:09:35,8-K
INTU,2022-11-29 21:01:28,8-K
INTU,2022-11-29 21:02:57,10-Q
INTU,2023-01-23 20:04:06,8-K
INTU,2023-02-23 21:04:53,8-K
INTU,2023-02-23 21:19:24,10-Q
INTU,2023-05-04 20:08:44,8-K
INTU,2023-05-23 20:01:21,8-K
INTU,2023-05-23 20:03:14,10-Q
INTU,2023-08-02 20:38:21,8-K
INTU,2023-08-14 13:27:05,8-K
INTU,2023-08-24 20:02:31,8-K
INTU,2023-09-01 20:08:03,10-K
INTU,2023-09-15 20:22:39,8-K
INTU,2023-11-28 21:05:22,8-K
INTU,2023-11-28 21:17:02,10-Q
INTU,2024-01-22 18:21:08,8-K
INTU,2024-02-22 21:03:01,8-K
INTU,2024-02-22 21:09:42,10-Q
INTU,2024-05-02 17:10:32,8-K
INTU,2024-05-23 20:01:45,8-K
INTU,2024-05-23 20:14:03,10-Q
INTU,2024-07-10 12:35:39,8-K
INTU,2024-07-25 15:08:46,8-K
INTU,2024-08-22 20:01:49,8-K
INTU,2024-09-04 22:26:27,10-K
INTU,2024-11-04 21:16:22,8-K
INTU,2024-11-21 21:07:42,8-K
INTU,2024-11-21 21:17:51,10-Q
INTU,2025-01-27 21:22:30,8-K
INTU,2025-01-31 21:01:14,8-K
INTU,2025-02-25 21:01:56,8-K
INTU,2025-02-25 21:11:24,10-Q
INTU,2025-05-22 20:02:36,8-K
INTU,2025-05-22 20:17:32,10-Q
INTU,2025-06-16 20:06:18,8-K
INTU,2025-08-21 20:02:20,8-K
INTU,2025-09-03 20:16:09,10-K
INTU,2025-11-20 21:01:56,8-K
INTU,2025-11-20 21:16:24,10-Q
INTU,2025-11-20 21:19:52,8-K
INTU,2026-01-09 22:37:20,8-K
INTU,2026-01-26 23:31:42,8-K
INTU,2026-01-30 21:10:02,8-K
INTU,2026-02-26 21:02:55,8-K
INTU,2026-02-26 21:10:27,10-Q
INTU,2026-03-16 20:23:20,8-K
INTU,2026-04-28 20:08:13,8-K
INTU,2026-05-20 20:05:49,8-K
INTU,2026-05-20 20:08:16,10-Q
INTU,2026-06-11 21:07:01,8-K
ISRG,2018-10-31 16:33:23,8-K
ISRG,2019-01-09 09:07:59,8-K
ISRG,2019-01-24 16:09:11,8-K
ISRG,2019-02-01 09:06:30,8-K
ISRG,2019-02-04 17:27:54,10-K
ISRG,2019-04-18 16:12:36,8-K
ISRG,2019-04-19 16:57:32,10-Q
ISRG,2019-04-26 16:44:13,8-K
ISRG,2019-07-11 16:41:57,8-K
ISRG,2019-07-18 16:08:18,8-K
ISRG,2019-07-19 17:35:46,10-Q
ISRG,2019-07-29 16:21:22,8-K
ISRG,2019-10-17 16:14:46,8-K
ISRG,2019-10-18 17:18:46,10-Q
ISRG,2020-01-09 16:14:09,8-K
ISRG,2020-01-23 16:07:28,8-K
ISRG,2020-02-03 16:46:31,8-K
ISRG,2020-02-07 17:18:28,10-K
ISRG,2020-03-16 16:04:00,8-K
ISRG,2020-04-08 09:17:36,8-K
ISRG,2020-04-16 16:07:49,8-K
ISRG,2020-04-17 17:22:31,10-Q
ISRG,2020-04-28 16:29:49,8-K
ISRG,2020-07-21 16:08:32,8-K
ISRG,2020-07-23 16:23:34,10-Q
ISRG,2020-10-15 16:00:54,8-K
ISRG,2020-10-19 17:22:39,10-Q
ISRG,2021-01-13 09:00:24,8-K
ISRG,2021-01-21 16:01:25,8-K
ISRG,2021-02-01 17:00:21,8-K
ISRG,2021-02-09 21:47:57,10-K
ISRG,2021-04-20 16:01:23,8-K
ISRG,2021-04-21 16:25:33,10-Q
ISRG,2021-04-26 16:01:32,8-K
ISRG,2021-07-20 16:01:31,8-K
ISRG,2021-07-21 17:14:15,10-Q
ISRG,2021-08-05 09:05:44,8-K
ISRG,2021-09-23 17:01:38,8-K
ISRG,2021-10-19 14:51:21,8-K
ISRG,2021-10-20 17:01:06,10-Q
ISRG,2022-01-12 09:00:48,8-K
ISRG,2022-01-20 16:05:28,8-K
ISRG,2022-02-03 16:59:03,10-K
ISRG,2022-04-21 16:08:22,8-K
ISRG,2022-04-22 17:26:40,10-Q
ISRG,2022-05-02 18:45:56,8-K
ISRG,2022-07-21 16:05:45,8-K
ISRG,2022-07-22 17:24:57,10-Q
ISRG,2022-08-02 09:00:45,8-K
ISRG,2022-10-18 16:06:07,8-K
ISRG,2022-10-21 17:03:02,10-Q
ISRG,2022-10-25 09:00:47,8-K
ISRG,2023-01-11 09:01:25,8-K
ISRG,2023-01-24 16:01:07,8-K
ISRG,2023-02-10 17:11:19,10-K
ISRG,2023-04-18 16:01:27,8-K
ISRG,2023-04-20 16:45:19,10-Q
ISRG,2023-05-01 19:26:23,8-K
ISRG,2023-05-16 08:03:37,8-K
ISRG,2023-07-20 16:00:38,8-K
ISRG,2023-07-21 19:22:59,10-Q
ISRG,2023-10-19 16:04:36,8-K
ISRG,2023-10-20 17:04:46,10-Q
ISRG,2023-10-31 16:33:05,8-K
ISRG,2024-01-09 16:03:40,8-K
ISRG,2024-01-23 16:02:26,8-K
ISRG,2024-01-31 17:16:45,10-K
ISRG,2024-03-14 16:32:49,8-K
ISRG,2024-04-18 16:04:37,8-K
ISRG,2024-04-19 09:00:40,10-Q
ISRG,2024-04-30 16:41:37,8-K
ISRG,2024-07-18 16:03:15,8-K
ISRG,2024-07-19 17:03:43,10-Q
ISRG,2024-07-25 09:00:42,8-K
ISRG,2024-10-17 16:02:35,8-K
ISRG,2024-10-18 16:45:39,10-Q
ISRG,2025-01-06 16:05:46,8-K
ISRG,2025-01-15 09:00:19,8-K
ISRG,2025-01-23 16:03:01,8-K
ISRG,2025-01-31 17:20:49,10-K
ISRG,2025-04-22 16:03:30,8-K
ISRG,2025-04-23 17:13:16,10-Q
ISRG,2025-05-05 09:00:20,8-K
ISRG,2025-05-15 09:05:20,8-K
ISRG,2025-07-22 16:03:52,8-K
ISRG,2025-07-23 16:53:33,10-Q
ISRG,2025-10-21 16:03:44,8-K
ISRG,2025-10-22 17:18:20,10-Q
ISRG,2025-12-18 17:02:23,8-K
ISRG,2026-01-14 08:58:49,8-K
ISRG,2026-01-22 16:05:12,8-K
ISRG,2026-02-03 16:59:59,10-K
ISRG,2026-03-02 17:13:42,8-K
ISRG,2026-04-21 16:09:36,8-K
ISRG,2026-04-22 17:03:01,10-Q
ISRG,2026-05-04 16:05:32,8-K
ISRG,2026-05-28 16:35:49,8-K
ITW,2015-01-27 14:16:06,8-K
ITW,2015-02-13 18:36:31,10-K
ITW,2015-02-17 21:52:41,8-K
ITW,2015-04-21 13:17:49,8-K
ITW,2015-05-07 19:55:16,10-Q
ITW,2015-05-08 21:29:15,8-K
ITW,2015-05-13 19:23:18,8-K
ITW,2015-05-22 20:30:54,8-K
ITW,2015-07-22 13:29:14,8-K
ITW,2015-08-07 14:08:50,10-Q
ITW,2015-08-07 20:05:52,8-K
ITW,2015-10-21 13:12:04,8-K
ITW,2015-10-29 22:28:58,10-Q
ITW,2015-12-17 22:08:30,8-K
ITW,2016-01-25 14:27:13,8-K
ITW,2016-01-27 14:06:58,8-K
ITW,2016-02-09 20:12:23,8-K
ITW,2016-02-11 23:14:40,10-K
ITW,2016-04-20 13:04:23,8-K
ITW,2016-05-05 22:12:14,10-Q
ITW,2016-05-12 19:47:05,8-K
ITW,2016-06-03 20:30:55,8-K
ITW,2016-07-01 20:15:43,8-K
ITW,2016-07-20 13:15:39,8-K
ITW,2016-08-04 20:20:53,10-Q
ITW,2016-08-04 20:29:14,8-K
ITW,2016-10-20 13:18:53,8-K
ITW,2016-10-27 21:44:19,10-Q
ITW,2016-11-04 16:32:20,8-K
ITW,2016-11-10 20:03:26,8-K
ITW,2017-01-25 13:58:40,8-K
ITW,2017-02-08 23:19:23,8-K
ITW,2017-02-10 18:52:48,10-K
ITW,2017-04-24 13:07:24,8-K
ITW,2017-05-05 20:03:30,10-Q
ITW,2017-05-11 16:42:02,8-K
ITW,2017-07-24 13:22:44,8-K
ITW,2017-08-03 21:51:46,10-Q
ITW,2017-10-23 13:40:31,8-K
ITW,2017-10-27 14:26:05,10-Q
ITW,2018-01-24 14:28:48,8-K
ITW,2018-02-15 16:12:45,10-K
ITW,2018-04-26 13:10:11,8-K
ITW,2018-05-04 19:50:09,10-Q
ITW,2018-05-10 14:59:51,8-K
ITW,2018-07-23 13:13:05,8-K
ITW,2018-08-02 22:38:55,10-Q
ITW,2018-10-24 13:11:56,8-K
ITW,2018-11-01 14:36:07,10-Q
ITW,2018-12-21 17:16:45,8-K
ITW,2019-02-01 14:18:55,8-K
ITW,2019-02-14 15:26:43,8-K
ITW,2019-02-15 20:56:45,10-K
ITW,2019-04-25 13:24:56,8-K
ITW,2019-05-02 23:43:01,10-Q
ITW,2019-05-09 20:55:36,8-K
ITW,2019-06-04 10:05:33,8-K
ITW,2019-06-05 17:54:55,8-K
ITW,2019-06-14 11:31:04,8-K
ITW,2019-07-26 13:30:24,8-K
ITW,2019-07-26 23:04:05,8-K
ITW,2019-08-01 21:50:38,10-Q
ITW,2019-10-03 20:18:17,8-K
ITW,2019-10-25 13:29:43,8-K
ITW,2019-10-28 15:35:07,10-Q
ITW,2020-01-31 14:29:44,8-K
ITW,2020-02-05 21:16:50,8-K
ITW,2020-02-14 20:16:14,10-K
ITW,2020-05-05 13:21:49,8-K
ITW,2020-05-07 21:40:00,10-Q
ITW,2020-05-13 20:21:40,8-K
ITW,2020-07-31 13:34:23,8-K
ITW,2020-08-06 21:25:17,10-Q
ITW,2020-10-23 13:33:17,8-K
ITW,2020-10-29 22:30:18,10-Q
ITW,2021-01-19 13:43:37,8-K
ITW,2021-02-05 14:14:30,8-K
ITW,2021-02-12 19:36:16,10-K
ITW,2021-02-17 21:39:04,8-K
ITW,2021-02-26 21:02:42,8-K
ITW,2021-04-30 13:23:23,8-K
ITW,2021-05-06 20:43:12,10-Q
ITW,2021-05-13 20:04:48,8-K
ITW,2021-07-30 13:45:59,8-K
ITW,2021-08-05 20:12:40,10-Q
ITW,2021-10-28 13:33:02,8-K
ITW,2021-10-28 21:43:03,10-Q
ITW,2021-12-15 21:40:41,8-K
ITW,2022-02-03 14:29:09,8-K
ITW,2022-02-11 19:42:05,10-K
ITW,2022-05-03 13:16:03,8-K
ITW,2022-05-05 22:55:15,10-Q
ITW,2022-05-12 22:01:10,8-K
ITW,2022-08-02 13:23:19,8-K
ITW,2022-08-04 23:13:35,10-Q
ITW,2022-09-12 20:23:10,8-K
ITW,2022-10-25 13:23:34,8-K
ITW,2022-10-26 19:12:46,8-K
ITW,2022-10-27 21:28:34,10-Q
ITW,2023-02-02 14:20:11,8-K
ITW,2023-02-10 20:31:41,10-K
ITW,2023-02-16 16:29:17,8-K
ITW,2023-05-02 13:20:34,8-K
ITW,2023-05-04 20:50:59,10-Q
ITW,2023-05-10 20:32:09,8-K
ITW,2023-08-01 13:21:04,8-K
ITW,2023-08-03 22:58:59,10-Q
ITW,2023-09-07 13:17:32,8-K
ITW,2023-10-24 13:24:08,8-K
ITW,2023-10-24 20:32:45,10-Q
ITW,2023-12-11 21:29:22,8-K
ITW,2024-02-01 14:19:09,8-K
ITW,2024-02-09 19:56:05,10-K
ITW,2024-04-30 13:15:34,8-K
ITW,2024-05-02 20:28:18,10-Q
ITW,2024-05-09 20:09:33,8-K
ITW,2024-05-17 20:15:12,8-K
ITW,2024-07-30 13:18:44,8-K
ITW,2024-08-01 22:26:02,10-Q
ITW,2024-08-06 20:20:40,8-K
ITW,2024-10-30 13:27:25,8-K
ITW,2024-10-30 19:57:41,10-Q
ITW,2025-02-05 14:31:18,8-K
ITW,2025-02-14 19:59:04,10-K
ITW,2025-02-27 22:15:13,8-K
ITW,2025-04-30 13:29:31,8-K
ITW,2025-05-01 20:14:42,10-Q
ITW,2025-05-07 18:30:25,8-K
ITW,2025-07-30 13:33:27,8-K
ITW,2025-07-31 22:29:09,10-Q
ITW,2025-10-24 13:43:49,8-K
ITW,2025-10-24 20:15:55,10-Q
ITW,2026-02-03 14:48:08,8-K
ITW,2026-02-13 18:32:44,10-K
ITW,2026-02-20 23:21:59,8-K
ITW,2026-04-30 13:14:47,8-K
ITW,2026-05-07 20:05:23,10-Q
ITW,2026-05-12 20:09:13,8-K
ITW,2026-05-22 20:03:12,8-K
JNJ,2018-02-21 16:49:20,10-K
JNJ,2018-03-20 17:27:16,8-K
JNJ,2018-04-17 08:02:41,8-K
JNJ,2018-04-30 17:21:00,8-K
JNJ,2018-05-01 16:35:56,10-Q
JNJ,2018-05-14 16:48:08,8-K
JNJ,2018-06-22 17:00:40,8-K
JNJ,2018-07-17 07:15:17,8-K
JNJ,2018-08-01 20:08:32,10-Q
JNJ,2018-10-02 16:55:42,8-K
JNJ,2018-10-16 08:00:30,8-K
JNJ,2018-10-23 16:48:47,8-K
JNJ,2018-10-31 16:12:26,10-Q
JNJ,2018-12-17 17:17:56,8-K
JNJ,2019-01-17 08:40:11,8-K
JNJ,2019-01-22 08:00:43,8-K
JNJ,2019-02-20 16:40:34,10-K
JNJ,2019-03-21 17:16:53,8-K
JNJ,2019-04-01 17:19:38,8-K
JNJ,2019-04-01 17:21:54,8-K
JNJ,2019-04-16 07:52:00,8-K
JNJ,2019-04-26 16:51:06,8-K
JNJ,2019-05-01 16:33:42,10-Q
JNJ,2019-07-16 08:00:32,8-K
JNJ,2019-07-29 16:15:43,10-Q
JNJ,2019-08-26 17:10:22,8-K
JNJ,2019-10-07 16:54:07,8-K
JNJ,2019-10-15 08:01:15,8-K
JNJ,2019-10-23 17:25:51,8-K
JNJ,2019-10-28 16:56:09,10-Q
JNJ,2019-12-05 16:57:53,8-K
JNJ,2019-12-30 17:13:33,8-K
JNJ,2020-01-22 07:30:25,8-K
JNJ,2020-02-12 18:04:25,8-K
JNJ,2020-02-18 16:34:21,10-K
JNJ,2020-04-14 08:00:51,8-K
JNJ,2020-04-29 16:43:26,8-K
JNJ,2020-04-29 16:46:01,10-Q
JNJ,2020-06-10 16:49:38,8-K
JNJ,2020-07-16 07:31:10,8-K
JNJ,2020-07-24 16:04:36,10-Q
JNJ,2020-08-12 16:23:47,8-K
JNJ,2020-08-25 16:31:00,8-K
JNJ,2020-10-01 16:22:33,8-K
JNJ,2020-10-13 07:12:34,8-K
JNJ,2020-10-23 16:06:01,10-Q
JNJ,2020-11-03 16:45:29,8-K
JNJ,2020-12-03 16:47:17,8-K
JNJ,2021-01-26 08:06:06,8-K
JNJ,2021-02-22 16:36:14,10-K
JNJ,2021-04-20 08:02:01,8-K
JNJ,2021-04-26 16:35:23,8-K
JNJ,2021-04-30 16:04:02,10-Q
JNJ,2021-06-01 17:16:39,8-K
JNJ,2021-07-21 08:00:52,8-K
JNJ,2021-07-29 16:07:51,10-Q
JNJ,2021-08-20 16:31:14,8-K
JNJ,2021-10-12 16:50:04,8-K
JNJ,2021-10-19 08:01:28,8-K
JNJ,2021-10-29 16:05:20,10-Q
JNJ,2021-11-15 16:57:48,8-K
JNJ,2022-01-06 16:51:56,8-K
JNJ,2022-01-25 08:00:34,8-K
JNJ,2022-02-02 16:35:08,8-K
JNJ,2022-02-15 18:07:09,8-K
JNJ,2022-02-17 16:06:50,10-K
JNJ,2022-04-19 07:56:38,8-K
JNJ,2022-04-29 16:03:29,8-K
JNJ,2022-04-29 16:08:24,10-Q
JNJ,2022-07-19 07:59:43,8-K
JNJ,2022-07-29 16:14:39,10-Q
JNJ,2022-09-14 07:10:20,8-K
JNJ,2022-10-18 07:54:56,8-K
JNJ,2022-10-27 16:02:59,10-Q
JNJ,2022-11-01 07:30:37,8-K
JNJ,2022-11-30 17:38:34,8-K
JNJ,2022-12-22 16:31:43,8-K
JNJ,2023-01-24 07:44:10,8-K
JNJ,2023-02-14 16:35:04,8-K
JNJ,2023-02-16 16:01:53,10-K
JNJ,2023-03-31 19:29:04,8-K
JNJ,2023-04-04 16:12:15,8-K
JNJ,2023-04-18 07:29:50,8-K
JNJ,2023-04-28 16:07:02,10-Q
JNJ,2023-04-28 18:14:54,8-K
JNJ,2023-05-08 16:23:05,8-K
JNJ,2023-07-20 07:15:55,8-K
JNJ,2023-07-24 06:20:54,8-K
JNJ,2023-07-28 16:08:43,8-K
JNJ,2023-07-31 16:06:04,10-Q
JNJ,2023-08-25 17:02:47,8-K
JNJ,2023-08-30 07:46:49,8-K
JNJ,2023-10-17 07:33:25,8-K
JNJ,2023-10-23 16:48:39,8-K
JNJ,2023-10-27 16:11:34,10-Q
JNJ,2023-11-27 16:56:47,8-K
JNJ,2023-11-30 16:30:38,8-K
JNJ,2023-12-05 07:52:19,8-K
JNJ,2023-12-05 16:42:08,8-K
JNJ,2024-01-23 07:45:37,8-K
JNJ,2024-02-16 16:12:22,10-K
JNJ,2024-04-16 07:06:41,8-K
JNJ,2024-04-29 16:32:50,8-K
JNJ,2024-05-01 07:00:25,8-K
JNJ,2024-05-01 07:09:36,10-Q
JNJ,2024-05-17 11:21:36,8-K
JNJ,2024-05-20 16:01:37,8-K
JNJ,2024-07-17 08:14:26,8-K
JNJ,2024-07-25 16:02:29,10-Q
JNJ,2024-08-26 16:26:20,8-K
JNJ,2024-09-10 16:26:10,8-K
JNJ,2024-09-20 16:19:26,8-K
JNJ,2024-10-15 07:37:20,8-K
JNJ,2024-10-23 16:02:27,10-Q
JNJ,2025-01-22 06:35:57,8-K
JNJ,2025-02-13 16:07:39,10-K
JNJ,2025-02-20 17:26:35,8-K
JNJ,2025-02-26 16:23:21,8-K
JNJ,2025-04-03 16:43:02,8-K
JNJ,2025-04-15 08:14:19,8-K
JNJ,2025-04-23 16:04:45,10-Q
JNJ,2025-04-30 16:30:48,8-K
JNJ,2025-06-10 17:06:51,8-K
JNJ,2025-07-16 08:06:45,8-K
JNJ,2025-07-24 16:04:24,10-Q
JNJ,2025-09-08 19:55:25,8-K
JNJ,2025-10-14 07:22:58,8-K
JNJ,2025-10-22 16:04:17,10-Q
JNJ,2026-01-21 07:46:18,8-K
JNJ,2026-02-11 16:06:11,10-K
JNJ,2026-04-14 07:35:25,8-K
JNJ,2026-04-22 16:02:41,10-Q
JNJ,2026-04-27 17:33:52,8-K
JPM,2025-07-01 20:30:37,8-K
JPM,2025-07-01 20:31:18,8-K
JPM,2025-07-15 10:30:58,8-K
JPM,2025-07-15 14:36:04,8-K
JPM,2025-07-23 20:15:17,8-K
JPM,2025-08-05 20:18:22,10-Q
JPM,2025-09-12 20:32:01,8-K
JPM,2025-10-14 10:30:57,8-K
JPM,2025-10-14 13:49:09,8-K
JPM,2025-10-22 20:17:53,8-K
JPM,2025-11-04 21:18:08,10-Q
JPM,2025-12-08 11:30:37,8-K
JPM,2026-01-13 11:41:09,8-K
JPM,2026-01-13 15:09:19,8-K
JPM,2026-01-22 21:15:33,8-K
JPM,2026-01-22 21:30:18,8-K
JPM,2026-02-05 21:17:31,8-K
JPM,2026-02-13 21:20:00,10-K
JPM,2026-02-23 21:39:11,8-K
JPM,2026-04-14 10:32:42,8-K
JPM,2026-04-14 14:05:26,8-K
JPM,2026-04-23 20:15:28,8-K
JPM,2026-04-24 20:16:13,8-K
JPM,2026-05-01 20:18:43,10-Q
JPM,2026-05-07 20:16:48,8-K
JPM,2026-05-21 20:15:13,8-K
JPM,2026-05-27 20:39:34,8-K
JPM,2026-06-02 20:15:25,8-K
JPM,2026-06-24 16:06:40,8-K
JPM,2026-06-24 16:07:40,8-K
KLAC,2016-10-06 06:38:26,8-K
KLAC,2016-10-07 16:12:16,8-K
KLAC,2016-10-20 16:22:57,8-K
KLAC,2016-10-20 17:06:56,10-Q
KLAC,2016-10-20 17:07:38,8-K
KLAC,2016-11-03 17:00:13,8-K
KLAC,2016-12-05 16:26:21,8-K
KLAC,2017-01-26 16:38:30,8-K
KLAC,2017-01-26 18:01:59,10-Q
KLAC,2017-02-02 18:37:48,8-K
KLAC,2017-04-27 16:32:10,8-K
KLAC,2017-04-27 18:16:52,10-Q
KLAC,2017-05-04 16:38:56,8-K
KLAC,2017-07-27 16:31:47,8-K
KLAC,2017-08-03 16:39:47,8-K
KLAC,2017-08-04 17:12:04,10-K
KLAC,2017-08-15 17:18:18,8-K
KLAC,2017-10-26 16:33:17,8-K
KLAC,2017-10-26 17:51:05,10-Q
KLAC,2017-11-02 18:15:35,8-K
KLAC,2017-11-30 16:05:31,8-K
KLAC,2018-01-25 16:33:43,8-K
KLAC,2018-01-25 18:10:51,10-Q
KLAC,2018-02-01 16:25:51,8-K
KLAC,2018-02-14 16:02:33,8-K
KLAC,2018-03-19 16:07:35,8-K
KLAC,2018-04-26 16:32:51,8-K
KLAC,2018-04-26 17:41:09,10-Q
KLAC,2018-05-03 16:44:01,8-K
KLAC,2018-05-11 16:22:09,8-K
KLAC,2018-06-04 16:19:40,8-K
KLAC,2018-06-19 16:25:52,8-K
KLAC,2018-07-12 07:47:54,8-K
KLAC,2018-07-30 16:30:15,8-K
KLAC,2018-08-02 16:24:21,8-K
KLAC,2018-08-06 16:48:30,10-K
KLAC,2018-08-13 16:18:24,8-K
KLAC,2018-10-29 16:34:13,8-K
KLAC,2018-10-31 16:34:02,10-Q
KLAC,2018-11-08 16:21:43,8-K
KLAC,2019-01-29 16:27:28,8-K
KLAC,2019-01-29 16:51:12,10-Q
KLAC,2019-02-01 16:09:08,8-K
KLAC,2019-02-20 17:11:03,8-K
KLAC,2019-03-15 16:16:03,8-K
KLAC,2019-03-20 16:20:32,8-K
KLAC,2019-05-03 16:38:14,8-K
KLAC,2019-05-06 16:24:32,8-K
KLAC,2019-05-08 08:48:30,10-Q
KLAC,2019-06-10 16:13:47,8-K
KLAC,2019-07-16 16:46:35,8-K
KLAC,2019-08-01 16:36:39,8-K
KLAC,2019-08-05 16:22:53,8-K
KLAC,2019-08-16 16:58:19,10-K
KLAC,2019-08-21 16:19:03,8-K
KLAC,2019-10-30 16:16:41,8-K
KLAC,2019-10-31 16:24:48,10-Q
KLAC,2019-11-08 16:09:51,8-K
KLAC,2020-02-04 16:11:47,8-K
KLAC,2020-02-05 16:28:28,10-Q
KLAC,2020-02-13 16:26:58,8-K
KLAC,2020-02-24 16:05:41,8-K
KLAC,2020-03-03 16:33:40,8-K
KLAC,2020-05-05 16:22:44,8-K
KLAC,2020-05-06 16:26:18,10-Q
KLAC,2020-05-07 16:57:40,8-K
KLAC,2020-08-03 16:16:28,8-K
KLAC,2020-08-06 16:15:29,8-K
KLAC,2020-08-07 18:36:10,10-K
KLAC,2020-10-28 16:39:33,8-K
KLAC,2020-10-30 16:36:28,10-Q
KLAC,2020-11-05 18:19:13,8-K
KLAC,2021-02-03 16:42:09,8-K
KLAC,2021-02-04 16:39:37,10-Q
KLAC,2021-02-09 16:33:56,8-K
KLAC,2021-04-29 16:40:28,8-K
KLAC,2021-04-30 16:25:01,10-Q
KLAC,2021-05-07 16:55:48,8-K
KLAC,2021-07-29 16:38:22,8-K
KLAC,2021-08-06 16:22:13,8-K
KLAC,2021-08-06 16:53:10,10-K
KLAC,2021-10-27 16:39:28,8-K
KLAC,2021-10-28 16:45:50,10-Q
KLAC,2021-11-05 16:09:52,8-K
KLAC,2022-01-27 16:25:26,8-K
KLAC,2022-01-28 16:24:00,10-Q
KLAC,2022-02-02 17:02:43,8-K
KLAC,2022-04-28 16:26:13,8-K
KLAC,2022-04-29 16:31:51,10-Q
KLAC,2022-05-05 16:16:34,8-K
KLAC,2022-06-08 16:13:43,8-K
KLAC,2022-06-16 16:06:44,8-K
KLAC,2022-06-22 06:26:59,8-K
KLAC,2022-06-24 16:20:04,8-K
KLAC,2022-07-06 17:28:01,8-K
KLAC,2022-07-28 16:12:29,8-K
KLAC,2022-08-05 16:06:17,8-K
KLAC,2022-08-05 16:13:39,10-K
KLAC,2022-10-26 16:47:37,8-K
KLAC,2022-10-28 16:25:39,10-Q
KLAC,2022-11-04 16:06:40,8-K
KLAC,2023-01-26 16:24:01,8-K
KLAC,2023-01-27 16:25:28,10-Q
KLAC,2023-02-03 17:47:34,8-K
KLAC,2023-04-26 16:41:14,8-K
KLAC,2023-04-28 16:28:31,10-Q
KLAC,2023-05-05 16:06:01,8-K
KLAC,2023-07-24 16:11:52,8-K
KLAC,2023-07-27 16:08:06,8-K
KLAC,2023-08-03 16:30:44,8-K
KLAC,2023-08-04 16:09:10,10-K
KLAC,2023-09-06 16:05:57,8-K
KLAC,2023-10-25 16:06:06,8-K
KLAC,2023-10-27 16:04:58,10-Q
KLAC,2023-11-03 16:06:04,8-K
KLAC,2024-01-25 16:07:26,8-K
KLAC,2024-01-26 16:10:28,10-Q
KLAC,2024-02-01 16:11:04,8-K
KLAC,2024-02-08 07:41:29,8-K
KLAC,2024-03-18 17:02:00,8-K
KLAC,2024-04-25 16:14:27,8-K
KLAC,2024-04-26 16:05:41,10-Q
KLAC,2024-05-02 17:06:01,8-K
KLAC,2024-07-24 16:13:24,8-K
KLAC,2024-07-25 09:02:00,8-K
KLAC,2024-08-01 16:31:02,8-K
KLAC,2024-08-05 16:07:58,10-K
KLAC,2024-09-03 16:30:57,8-K
KLAC,2024-09-20 16:05:54,8-K
KLAC,2024-10-30 16:07:04,8-K
KLAC,2024-10-31 16:04:59,10-Q
KLAC,2024-11-08 16:15:57,8-K
KLAC,2024-11-15 16:15:33,8-K
KLAC,2024-12-03 07:00:31,8-K
KLAC,2025-01-30 16:06:32,8-K
KLAC,2025-01-31 16:05:22,10-Q
KLAC,2025-02-13 16:53:35,8-K
KLAC,2025-04-30 16:08:36,8-K
KLAC,2025-05-01 06:30:19,8-K
KLAC,2025-05-01 16:03:49,10-Q
KLAC,2025-05-08 16:24:42,8-K
KLAC,2025-07-08 16:05:05,8-K
KLAC,2025-07-31 16:08:12,8-K
KLAC,2025-08-07 17:26:53,8-K
KLAC,2025-08-08 16:10:51,10-K
KLAC,2025-10-29 16:11:19,8-K
KLAC,2025-10-31 16:07:19,10-Q
KLAC,2025-11-07 16:30:38,8-K
KLAC,2026-01-29 16:06:24,8-K
KLAC,2026-01-30 16:07:31,10-Q
KLAC,2026-02-05 17:12:09,8-K
KLAC,2026-03-12 06:30:06,8-K
KLAC,2026-04-29 16:06:15,8-K
KLAC,2026-04-29 18:14:12,10-Q
KLAC,2026-05-07 16:27:37,8-K
KLAC,2026-06-12 16:05:07,8-K
KO,2018-04-03 21:56:25,8-K
KO,2018-04-24 11:00:21,8-K
KO,2018-04-26 11:00:17,8-K
KO,2018-05-01 19:30:40,10-Q
KO,2018-07-25 11:04:47,8-K
KO,2018-07-26 18:40:09,10-Q
KO,2018-08-31 12:15:20,8-K
KO,2018-10-18 20:15:34,8-K
KO,2018-10-30 11:04:38,8-K
KO,2018-10-30 17:25:29,10-Q
KO,2018-12-06 16:24:11,8-K
KO,2019-01-08 11:37:36,8-K
KO,2019-02-14 12:03:02,8-K
KO,2019-02-21 16:29:10,8-K
KO,2019-02-21 21:55:42,10-K
KO,2019-02-28 21:34:48,8-K
KO,2019-03-08 22:17:09,8-K
KO,2019-04-01 11:25:07,8-K
KO,2019-04-10 14:50:35,8-K
KO,2019-04-23 11:03:00,8-K
KO,2019-04-24 20:35:13,8-K
KO,2019-04-25 19:09:38,10-Q
KO,2019-06-28 19:21:15,8-K
KO,2019-07-23 10:58:22,8-K
KO,2019-07-25 20:09:30,10-Q
KO,2019-09-06 23:34:09,8-K
KO,2019-09-20 16:18:57,8-K
KO,2019-10-18 10:59:20,8-K
KO,2019-10-24 19:19:15,10-Q
KO,2020-01-14 21:26:42,8-K
KO,2020-01-30 11:59:32,8-K
KO,2020-02-24 21:08:17,10-K
KO,2020-03-20 12:48:21,8-K
KO,2020-03-25 20:43:05,8-K
KO,2020-04-21 10:25:20,8-K
KO,2020-04-22 18:04:51,8-K
KO,2020-04-24 17:58:01,10-Q
KO,2020-05-02 00:21:14,8-K
KO,2020-07-21 10:59:21,8-K
KO,2020-07-22 19:41:56,10-Q
KO,2020-08-24 13:44:11,8-K
KO,2020-08-28 16:50:09,8-K
KO,2020-09-14 10:09:11,8-K
KO,2020-09-18 20:54:28,8-K
KO,2020-09-21 20:12:49,8-K
KO,2020-10-05 20:22:46,8-K
KO,2020-10-20 20:05:47,8-K
KO,2020-10-22 10:59:55,8-K
KO,2020-10-22 18:04:36,10-Q
KO,2020-12-10 21:05:17,8-K
KO,2021-02-10 11:58:03,8-K
KO,2021-02-22 21:05:38,8-K
KO,2021-02-25 18:47:17,10-K
KO,2021-03-01 11:05:47,8-K
KO,2021-03-05 21:08:36,8-K
KO,2021-03-08 21:05:22,8-K
KO,2021-03-09 21:14:34,8-K
KO,2021-04-08 20:05:29,8-K
KO,2021-04-19 11:00:01,8-K
KO,2021-04-19 11:04:50,8-K
KO,2021-04-21 18:00:35,8-K
KO,2021-04-22 20:16:42,8-K
KO,2021-04-27 15:37:51,10-Q
KO,2021-04-28 10:07:03,8-K
KO,2021-04-30 20:07:46,8-K
KO,2021-05-05 20:05:45,8-K
KO,2021-05-06 20:06:11,8-K
KO,2021-05-12 21:08:08,8-K
KO,2021-05-17 20:05:31,8-K
KO,2021-05-20 20:05:37,8-K
KO,2021-06-04 20:06:14,8-K
KO,2021-07-21 11:00:37,8-K
KO,2021-07-26 20:38:06,10-Q
KO,2021-08-24 15:05:50,8-K
KO,2021-10-27 10:58:06,8-K
KO,2021-10-28 18:29:54,10-Q
KO,2021-12-20 19:39:56,8-K
KO,2022-02-10 11:57:42,8-K
KO,2022-02-16 19:50:06,8-K
KO,2022-02-22 20:45:48,10-K
KO,2022-03-04 21:18:34,8-K
KO,2022-03-08 20:48:43,8-K
KO,2022-04-25 10:57:33,8-K
KO,2022-04-27 19:00:25,8-K
KO,2022-04-28 14:24:51,10-Q
KO,2022-07-21 12:45:30,8-K
KO,2022-07-26 11:01:38,8-K
KO,2022-07-27 15:45:45,10-Q
KO,2022-08-23 12:35:44,8-K
KO,2022-10-25 10:56:55,8-K
KO,2022-10-26 16:06:35,10-Q
KO,2022-12-12 21:05:32,8-K
KO,2023-02-14 11:58:07,8-K
KO,2023-02-21 21:03:20,10-K
KO,2023-04-24 10:59:24,8-K
KO,2023-04-26 19:21:27,10-Q
KO,2023-04-26 20:14:45,8-K
KO,2023-07-19 21:09:43,8-K
KO,2023-07-26 10:57:08,8-K
KO,2023-07-27 15:49:13,10-Q
KO,2023-10-20 20:05:33,8-K
KO,2023-10-24 10:57:49,8-K
KO,2023-10-24 18:46:01,10-Q
KO,2024-02-13 11:57:58,8-K
KO,2024-02-20 18:21:24,10-K
KO,2024-04-30 10:58:54,8-K
KO,2024-05-02 17:52:06,10-Q
KO,2024-05-02 18:35:41,8-K
KO,2024-05-08 21:07:24,8-K
KO,2024-05-13 20:13:48,8-K
KO,2024-05-14 20:08:20,8-K
KO,2024-07-23 10:58:02,8-K
KO,2024-07-23 20:15:42,8-K
KO,2024-07-29 19:54:36,10-Q
KO,2024-08-09 20:24:49,8-K
KO,2024-08-14 20:14:08,8-K
KO,2024-08-15 20:10:47,8-K
KO,2024-08-21 21:21:35,8-K
KO,2024-10-17 18:14:59,8-K
KO,2024-10-23 11:00:47,8-K
KO,2024-10-24 15:55:23,10-Q
KO,2024-12-11 21:20:13,8-K
KO,2024-12-16 19:33:35,8-K
KO,2025-02-11 11:59:06,8-K
KO,2025-02-20 20:17:12,10-K
KO,2025-03-27 20:09:06,8-K
KO,2025-04-29 10:58:41,8-K
KO,2025-05-01 19:38:52,10-Q
KO,2025-05-02 17:09:51,8-K
KO,2025-06-26 15:33:16,8-K
KO,2025-07-22 11:00:23,8-K
KO,2025-07-24 18:07:20,10-Q
KO,2025-10-16 20:35:16,8-K
KO,2025-10-21 10:59:07,8-K
KO,2025-10-23 18:39:30,10-Q
KO,2025-12-10 22:19:43,8-K
KO,2026-01-14 11:58:41,8-K
KO,2026-02-10 11:59:38,8-K
KO,2026-02-20 14:46:32,10-K
KO,2026-02-20 15:10:16,8-K
KO,2026-04-28 11:00:30,8-K
KO,2026-04-30 19:17:45,10-Q
KO,2026-05-01 18:01:51,8-K
LIN,2017-10-30 20:19:54,10-Q
LIN,2018-03-23 17:12:08,10-K
LIN,2018-10-31 14:10:18,8-K
LIN,2018-11-01 16:08:07,8-K
LIN,2018-11-09 21:40:13,10-Q
LIN,2018-12-06 12:16:58,8-K
LIN,2019-01-24 22:50:17,8-K
LIN,2019-03-04 11:10:50,8-K
LIN,2019-03-07 21:34:02,8-K
LIN,2019-03-18 16:53:02,10-K
LIN,2019-04-03 21:17:11,8-K
LIN,2019-05-10 17:38:14,10-Q
LIN,2019-05-10 19:55:03,8-K
LIN,2019-07-30 20:34:46,8-K
LIN,2019-08-05 19:28:16,8-K
LIN,2019-08-09 17:24:49,10-Q
LIN,2019-09-06 13:11:46,8-K
LIN,2019-09-13 20:50:52,8-K
LIN,2019-11-12 18:35:58,10-Q
LIN,2019-11-12 21:01:39,8-K
LIN,2019-11-14 20:57:56,8-K
LIN,2020-02-13 11:09:13,8-K
LIN,2020-03-02 20:19:05,10-K
LIN,2020-03-19 20:08:45,8-K
LIN,2020-05-07 10:28:56,8-K
LIN,2020-05-07 18:23:30,10-Q
LIN,2020-05-26 19:50:43,8-K
LIN,2020-07-30 13:03:00,8-K
LIN,2020-07-31 13:30:53,10-Q
LIN,2020-07-31 17:15:12,8-K
LIN,2020-08-10 19:42:03,8-K
LIN,2020-10-26 19:32:31,8-K
LIN,2020-11-05 12:22:54,8-K
LIN,2020-11-05 19:18:10,10-Q
LIN,2021-01-19 16:29:20,8-K
LIN,2021-02-05 11:41:17,8-K
LIN,2021-03-01 18:29:25,10-K
LIN,2021-05-06 10:59:06,8-K
LIN,2021-05-06 17:15:34,10-Q
LIN,2021-07-28 21:17:39,8-K
LIN,2021-07-30 11:30:25,8-K
LIN,2021-07-30 17:35:49,10-Q
LIN,2021-09-30 23:27:06,8-K
LIN,2021-10-25 17:05:30,8-K
LIN,2021-10-28 10:48:28,8-K
LIN,2021-10-29 15:18:57,10-Q
LIN,2021-11-18 20:13:34,8-K
LIN,2022-02-10 13:07:00,8-K
LIN,2022-02-28 19:42:30,10-K
LIN,2022-03-31 21:22:21,8-K
LIN,2022-04-28 11:18:25,8-K
LIN,2022-05-02 20:09:26,10-Q
LIN,2022-07-28 10:34:18,8-K
LIN,2022-07-28 18:19:33,10-Q
LIN,2022-07-29 17:47:43,8-K
LIN,2022-10-24 18:47:01,8-K
LIN,2022-10-27 10:57:55,8-K
LIN,2022-10-27 17:21:07,10-Q
LIN,2022-12-05 15:45:33,8-K
LIN,2022-12-08 21:40:08,8-K
LIN,2023-01-23 16:00:33,8-K
LIN,2023-01-24 16:00:36,8-K
LIN,2023-02-07 13:27:16,8-K
LIN,2023-02-28 18:10:13,10-K
LIN,2023-04-27 10:44:06,8-K
LIN,2023-04-27 17:09:46,10-Q
LIN,2023-04-28 14:38:32,8-K
LIN,2023-06-12 20:31:02,8-K
LIN,2023-07-27 10:18:41,8-K
LIN,2023-07-27 17:32:42,10-Q
LIN,2023-07-28 19:02:48,8-K
LIN,2023-10-26 10:31:40,8-K
LIN,2023-10-26 17:21:28,10-Q
LIN,2023-12-06 21:13:30,8-K
LIN,2024-02-06 11:11:34,8-K
LIN,2024-02-14 21:08:17,8-K
LIN,2024-02-28 14:22:45,8-K
LIN,2024-02-28 14:56:28,10-K
LIN,2024-04-30 17:18:48,8-K
LIN,2024-05-02 10:37:32,8-K
LIN,2024-05-02 14:16:10,10-Q
LIN,2024-06-04 20:29:55,8-K
LIN,2024-08-02 10:07:54,8-K
LIN,2024-08-02 14:40:43,10-Q
LIN,2024-08-02 21:09:24,8-K
LIN,2024-10-31 10:06:02,8-K
LIN,2024-10-31 14:18:07,10-Q
LIN,2024-11-04 19:02:09,8-K
LIN,2024-12-02 21:30:10,8-K
LIN,2024-12-04 21:09:56,8-K
LIN,2025-02-06 11:44:18,8-K
LIN,2025-02-18 21:05:20,8-K
LIN,2025-02-26 15:17:43,10-K
LIN,2025-05-01 11:11:34,8-K
LIN,2025-05-01 14:21:30,10-Q
LIN,2025-06-05 21:20:46,8-K
LIN,2025-08-01 10:04:08,8-K
LIN,2025-08-01 14:26:45,10-Q
LIN,2025-08-01 17:36:47,8-K
LIN,2025-08-07 19:19:27,8-K
LIN,2025-09-29 11:41:29,8-K
LIN,2025-10-31 10:45:37,8-K
LIN,2025-10-31 14:41:58,10-Q
LIN,2025-11-20 21:01:26,8-K
LIN,2025-12-03 21:03:03,8-K
LIN,2026-02-05 12:47:20,8-K
LIN,2026-02-25 15:13:21,10-K
LIN,2026-05-01 10:47:13,8-K
LIN,2026-05-01 14:38:23,10-Q
LIN,2026-05-13 20:01:09,8-K
LLY,2021-09-10 20:54:59,8-K
LLY,2021-10-26 11:06:35,8-K
LLY,2021-10-27 13:06:59,10-Q
LLY,2021-12-15 12:05:57,8-K
LLY,2021-12-16 21:04:34,8-K
LLY,2022-01-31 13:27:07,8-K
LLY,2022-02-03 12:08:37,8-K
LLY,2022-02-23 16:00:57,10-K
LLY,2022-04-14 20:57:23,8-K
LLY,2022-04-28 11:05:27,8-K
LLY,2022-04-29 15:57:54,10-Q
LLY,2022-05-04 19:04:13,8-K
LLY,2022-05-06 20:23:10,8-K
LLY,2022-08-04 11:05:33,8-K
LLY,2022-08-04 15:31:24,10-Q
LLY,2022-10-12 20:08:43,8-K
LLY,2022-11-01 11:03:47,8-K
LLY,2022-11-01 15:16:21,10-Q
LLY,2022-12-13 12:03:51,8-K
LLY,2023-02-02 12:13:44,8-K
LLY,2023-02-22 15:26:53,10-K
LLY,2023-02-24 22:00:06,8-K
LLY,2023-03-17 20:05:58,8-K
LLY,2023-04-27 11:02:50,8-K
LLY,2023-04-27 15:56:56,10-Q
LLY,2023-05-04 20:33:56,8-K
LLY,2023-08-08 11:01:37,8-K
LLY,2023-08-08 17:23:19,10-Q
LLY,2023-11-02 11:02:01,8-K
LLY,2023-11-02 15:21:53,10-Q
LLY,2024-02-06 12:04:24,8-K
LLY,2024-02-09 16:56:35,8-K
LLY,2024-02-21 16:44:37,10-K
LLY,2024-04-30 11:04:14,8-K
LLY,2024-04-30 16:04:51,10-Q
LLY,2024-05-09 20:34:08,8-K
LLY,2024-06-05 11:48:12,8-K
LLY,2024-07-10 12:40:20,8-K
LLY,2024-08-08 11:04:30,8-K
LLY,2024-08-08 15:28:54,10-Q
LLY,2024-08-14 16:27:03,8-K
LLY,2024-08-16 20:16:48,8-K
LLY,2024-09-09 11:03:46,8-K
LLY,2024-10-30 11:05:55,8-K
LLY,2024-10-30 15:54:10,10-Q
LLY,2024-11-19 21:49:17,8-K
LLY,2025-01-14 14:05:19,8-K
LLY,2025-02-06 12:05:12,8-K
LLY,2025-02-12 20:28:48,8-K
LLY,2025-02-19 15:10:59,10-K
LLY,2025-05-01 11:03:11,8-K
LLY,2025-05-01 15:30:18,10-Q
LLY,2025-05-08 20:34:55,8-K
LLY,2025-08-07 11:05:40,8-K
LLY,2025-08-07 13:59:55,10-Q
LLY,2025-08-20 20:16:08,8-K
LLY,2025-10-30 11:03:41,8-K
LLY,2025-10-30 15:15:28,10-Q
LLY,2025-11-21 21:19:05,8-K
LLY,2026-02-04 12:05:22,8-K
LLY,2026-02-12 18:58:32,10-K
LLY,2026-04-30 11:03:30,8-K
LLY,2026-04-30 15:25:48,10-Q
LLY,2026-05-07 20:41:48,8-K
LLY,2026-05-20 20:30:32,8-K
LMT,2016-02-24 22:21:12,10-K
LMT,2016-04-26 11:35:12,8-K
LMT,2016-04-27 19:24:10,10-Q
LMT,2016-04-28 21:16:36,8-K
LMT,2016-06-23 20:49:04,8-K
LMT,2016-07-11 20:15:02,8-K
LMT,2016-07-19 11:32:50,8-K
LMT,2016-07-20 21:01:59,10-Q
LMT,2016-07-25 20:02:55,8-K
LMT,2016-07-29 11:32:33,8-K
LMT,2016-08-12 11:09:32,8-K
LMT,2016-08-16 17:18:55,8-K
LMT,2016-08-22 20:38:32,8-K
LMT,2016-08-22 20:43:02,8-K
LMT,2016-09-22 20:19:32,8-K
LMT,2016-10-07 20:31:02,8-K
LMT,2016-10-25 11:32:11,8-K
LMT,2016-10-27 20:30:11,10-Q
LMT,2017-01-24 12:30:06,8-K
LMT,2017-02-09 21:32:41,10-K
LMT,2017-04-25 11:31:34,8-K
LMT,2017-04-26 19:14:00,10-Q
LMT,2017-04-27 20:30:55,8-K
LMT,2017-07-18 11:35:14,8-K
LMT,2017-07-20 20:33:01,10-Q
LMT,2017-08-07 22:48:05,8-K
LMT,2017-08-21 11:45:05,8-K
LMT,2017-09-05 11:50:57,8-K
LMT,2017-09-06 20:34:05,8-K
LMT,2017-09-07 20:47:05,8-K
LMT,2017-10-10 11:41:29,8-K
LMT,2017-10-24 11:32:51,8-K
LMT,2017-10-26 20:21:39,10-Q
LMT,2017-11-21 21:21:13,8-K
LMT,2017-12-11 13:03:24,8-K
LMT,2018-01-29 12:31:31,8-K
LMT,2018-02-06 21:22:43,10-K
LMT,2018-04-24 11:32:42,8-K
LMT,2018-04-25 19:10:20,10-Q
LMT,2018-04-26 14:46:44,8-K
LMT,2018-06-27 00:04:50,8-K
LMT,2018-07-24 11:31:27,8-K
LMT,2018-07-24 20:19:20,10-Q
LMT,2018-08-22 15:14:41,8-K
LMT,2018-08-24 20:16:18,8-K
LMT,2018-10-23 11:31:46,8-K
LMT,2018-10-25 21:21:51,10-Q
LMT,2018-10-29 20:51:28,8-K
LMT,2018-12-10 21:32:40,8-K
LMT,2019-01-29 12:31:47,8-K
LMT,2019-02-08 16:38:57,10-K
LMT,2019-04-23 11:31:44,8-K
LMT,2019-04-24 20:05:32,10-Q
LMT,2019-04-25 20:13:13,8-K
LMT,2019-05-24 12:02:40,8-K
LMT,2019-07-01 18:03:19,8-K
LMT,2019-07-23 11:33:07,8-K
LMT,2019-07-23 20:07:43,10-Q
LMT,2019-08-26 20:33:58,8-K
LMT,2019-10-22 11:34:01,8-K
LMT,2019-10-24 22:46:44,10-Q
LMT,2019-10-25 18:58:53,8-K
LMT,2020-01-24 22:27:45,8-K
LMT,2020-01-28 12:33:42,8-K
LMT,2020-02-07 16:44:16,10-K
LMT,2020-03-16 11:49:06,8-K
LMT,2020-04-09 12:11:28,8-K
LMT,2020-04-21 11:33:25,8-K
LMT,2020-04-22 20:09:41,10-Q
LMT,2020-04-23 20:37:09,8-K
LMT,2020-05-19 12:01:33,8-K
LMT,2020-07-21 11:41:52,8-K
LMT,2020-07-21 16:10:18,10-Q
LMT,2020-10-20 11:33:11,8-K
LMT,2020-10-22 20:31:44,10-Q
LMT,2020-11-16 21:45:54,8-K
LMT,2020-12-21 12:47:18,8-K
LMT,2021-01-04 20:04:06,8-K
LMT,2021-01-26 12:35:02,8-K
LMT,2021-01-28 22:08:55,10-K
LMT,2021-01-29 16:10:42,8-K
LMT,2021-02-26 21:12:03,8-K
LMT,2021-04-20 11:32:14,8-K
LMT,2021-04-21 20:38:21,10-Q
LMT,2021-04-22 21:20:03,8-K
LMT,2021-06-01 13:36:52,8-K
LMT,2021-07-26 11:33:11,8-K
LMT,2021-07-26 20:15:03,10-Q
LMT,2021-08-03 20:19:59,8-K
LMT,2021-08-03 21:26:44,8-K
LMT,2021-08-24 20:16:34,8-K
LMT,2021-10-07 20:25:31,8-K
LMT,2021-10-21 20:39:49,8-K
LMT,2021-10-26 11:31:32,8-K
LMT,2021-10-26 20:33:36,10-Q
LMT,2022-01-25 12:32:04,8-K
LMT,2022-01-25 12:58:39,10-K
LMT,2022-02-01 14:18:32,8-K
LMT,2022-02-14 11:38:48,8-K
LMT,2022-04-19 11:31:26,8-K
LMT,2022-04-20 20:31:57,10-Q
LMT,2022-04-21 12:39:06,8-K
LMT,2022-04-21 21:19:40,8-K
LMT,2022-05-05 18:25:19,8-K
LMT,2022-06-06 20:22:55,8-K
LMT,2022-06-27 20:20:44,8-K
LMT,2022-07-12 13:04:33,8-K
LMT,2022-07-19 11:31:35,8-K
LMT,2022-07-19 20:25:15,10-Q
LMT,2022-08-24 21:13:37,8-K
LMT,2022-10-18 11:31:27,8-K
LMT,2022-10-18 20:19:45,10-Q
LMT,2022-10-24 17:10:42,8-K
LMT,2022-12-22 21:16:33,8-K
LMT,2023-01-24 12:31:28,8-K
LMT,2023-01-26 21:29:45,10-K
LMT,2023-02-23 22:29:03,8-K
LMT,2023-04-18 11:42:10,8-K
LMT,2023-04-18 20:19:29,10-Q
LMT,2023-04-27 20:41:16,8-K
LMT,2023-05-25 20:10:17,8-K
LMT,2023-07-18 11:38:58,8-K
LMT,2023-07-18 22:43:40,10-Q
LMT,2023-08-24 20:19:00,8-K
LMT,2023-09-06 11:31:06,8-K
LMT,2023-10-17 11:31:13,8-K
LMT,2023-10-17 20:11:06,10-Q
LMT,2024-01-23 12:34:45,8-K
LMT,2024-01-23 21:17:08,10-K
LMT,2024-01-29 21:32:55,8-K
LMT,2024-04-23 11:31:37,8-K
LMT,2024-04-23 20:15:51,10-Q
LMT,2024-05-03 11:01:02,8-K
LMT,2024-05-22 20:15:56,8-K
LMT,2024-05-24 12:35:43,8-K
LMT,2024-07-19 19:40:35,8-K
LMT,2024-07-23 11:31:54,8-K
LMT,2024-07-23 20:14:20,10-Q
LMT,2024-08-27 01:50:03,8-K
LMT,2024-10-22 11:31:37,8-K
LMT,2024-10-22 20:28:35,10-Q
LMT,2024-11-13 22:03:51,8-K
LMT,2024-12-11 21:31:07,8-K
LMT,2024-12-11 21:44:25,8-K
LMT,2025-01-28 12:32:23,8-K
LMT,2025-01-28 21:12:50,10-K
LMT,2025-04-17 14:25:35,8-K
LMT,2025-04-22 11:31:37,8-K
LMT,2025-04-22 21:03:01,10-Q
LMT,2025-05-09 20:59:21,8-K
LMT,2025-07-22 11:32:49,8-K
LMT,2025-07-22 20:21:03,10-Q
LMT,2025-07-28 20:21:54,8-K
LMT,2025-08-29 20:40:08,8-K
LMT,2025-10-21 11:34:11,8-K
LMT,2025-10-21 20:14:32,10-Q
LMT,2025-12-09 21:58:47,8-K
LMT,2025-12-18 21:39:14,8-K
LMT,2026-01-29 12:25:24,8-K
LMT,2026-01-29 22:18:08,10-K
LMT,2026-04-23 10:36:10,8-K
LMT,2026-04-23 20:09:05,10-Q
LMT,2026-05-12 22:19:30,8-K
LOW,2016-04-14 13:27:35,8-K
LOW,2016-04-20 20:46:31,8-K
LOW,2016-05-16 20:56:20,8-K
LOW,2016-05-18 13:09:07,8-K
LOW,2016-05-24 16:04:03,8-K
LOW,2016-05-31 12:59:24,8-K
LOW,2016-05-31 21:16:23,10-Q
LOW,2016-08-17 12:02:35,8-K
LOW,2016-09-02 21:28:54,10-Q
LOW,2016-11-02 20:02:09,8-K
LOW,2016-11-16 13:21:28,8-K
LOW,2016-11-28 21:41:57,8-K
LOW,2016-11-29 21:08:11,10-Q
LOW,2017-01-17 21:34:39,8-K
LOW,2017-03-01 12:59:21,8-K
LOW,2017-04-04 13:27:27,10-K
LOW,2017-04-19 13:04:15,8-K
LOW,2017-04-24 20:41:24,8-K
LOW,2017-05-03 21:17:34,8-K
LOW,2017-05-24 12:22:01,8-K
LOW,2017-06-06 20:42:04,10-Q
LOW,2017-08-23 12:24:12,8-K
LOW,2017-09-05 21:00:34,10-Q
LOW,2017-11-21 13:23:53,8-K
LOW,2017-11-21 21:32:52,8-K
LOW,2017-12-05 21:10:08,10-Q
LOW,2018-01-22 13:12:02,8-K
LOW,2018-02-28 13:35:10,8-K
LOW,2018-03-26 20:14:27,8-K
LOW,2018-04-02 20:36:28,10-K
LOW,2018-05-22 12:38:02,8-K
LOW,2018-05-23 13:43:04,8-K
LOW,2018-06-04 12:36:35,8-K
LOW,2018-06-05 20:46:44,10-Q
LOW,2018-06-06 20:21:59,8-K
LOW,2018-06-19 20:56:17,8-K
LOW,2018-07-09 21:08:07,8-K
LOW,2018-07-20 21:56:37,8-K
LOW,2018-08-22 12:56:07,8-K
LOW,2018-09-04 20:34:23,10-Q
LOW,2018-09-12 20:42:02,8-K
LOW,2018-09-27 21:32:46,8-K
LOW,2018-10-04 20:08:34,8-K
LOW,2018-11-05 14:01:06,8-K
LOW,2018-11-14 21:03:28,8-K
LOW,2018-11-20 13:17:51,8-K
LOW,2018-11-20 13:46:38,8-K
LOW,2018-12-06 14:03:40,10-Q
LOW,2018-12-12 16:35:25,8-K
LOW,2019-01-28 21:27:46,8-K
LOW,2019-02-27 13:16:31,8-K
LOW,2019-04-01 23:26:18,10-K
LOW,2019-04-05 20:11:33,8-K
LOW,2019-05-22 12:21:56,8-K
LOW,2019-06-03 12:05:24,10-Q
LOW,2019-06-03 21:04:21,8-K
LOW,2019-08-21 11:42:21,8-K
LOW,2019-09-03 21:06:52,10-Q
LOW,2019-09-12 21:01:20,8-K
LOW,2019-10-24 13:00:50,8-K
LOW,2019-11-14 02:48:38,8-K
LOW,2019-11-20 12:36:48,8-K
LOW,2019-12-03 23:44:52,10-Q
LOW,2020-01-09 13:45:21,8-K
LOW,2020-02-26 12:20:03,8-K
LOW,2020-03-23 21:05:45,10-K
LOW,2020-03-24 11:54:41,8-K
LOW,2020-03-27 01:36:08,8-K
LOW,2020-04-10 11:16:54,8-K
LOW,2020-05-04 12:46:44,8-K
LOW,2020-05-20 10:52:56,8-K
LOW,2020-05-28 20:54:03,10-Q
LOW,2020-06-02 20:42:49,8-K
LOW,2020-08-19 12:50:38,8-K
LOW,2020-08-26 21:07:36,10-Q
LOW,2020-09-29 20:59:00,8-K
LOW,2020-10-02 12:36:55,8-K
LOW,2020-10-07 12:34:01,8-K
LOW,2020-10-22 20:06:32,8-K
LOW,2020-11-18 13:45:37,8-K
LOW,2020-11-25 21:34:04,10-Q
LOW,2020-12-09 13:31:21,8-K
LOW,2021-02-24 13:47:17,8-K
LOW,2021-03-22 21:06:03,10-K
LOW,2021-03-31 21:08:08,8-K
LOW,2021-04-27 12:45:40,8-K
LOW,2021-05-19 12:46:13,8-K
LOW,2021-05-27 20:51:54,10-Q
LOW,2021-06-01 12:28:06,8-K
LOW,2021-06-01 20:32:15,8-K
LOW,2021-08-02 20:45:52,8-K
LOW,2021-08-18 12:45:41,8-K
LOW,2021-08-26 21:27:47,10-Q
LOW,2021-09-20 20:38:08,8-K
LOW,2021-11-17 13:45:53,8-K
LOW,2021-11-24 21:38:03,10-Q
LOW,2021-12-15 12:52:05,8-K
LOW,2022-02-23 13:45:49,8-K
LOW,2022-03-21 20:47:51,10-K
LOW,2022-03-23 20:15:57,8-K
LOW,2022-03-24 20:17:59,8-K
LOW,2022-04-08 20:34:58,8-K
LOW,2022-05-18 12:45:34,8-K
LOW,2022-05-26 20:20:54,10-Q
LOW,2022-06-02 20:15:53,8-K
LOW,2022-08-08 20:37:05,8-K
LOW,2022-08-17 12:45:42,8-K
LOW,2022-08-25 21:03:34,10-Q
LOW,2022-09-08 20:34:56,8-K
LOW,2022-11-03 20:19:18,8-K
LOW,2022-11-16 13:46:23,8-K
LOW,2022-11-16 21:16:54,8-K
LOW,2022-11-23 21:16:18,10-Q
LOW,2022-12-07 11:02:17,8-K
LOW,2023-01-23 21:10:59,8-K
LOW,2023-03-01 13:45:25,8-K
LOW,2023-03-27 20:46:36,10-K
LOW,2023-03-30 20:49:56,8-K
LOW,2023-05-23 12:45:30,8-K
LOW,2023-06-01 20:16:15,10-Q
LOW,2023-06-01 20:17:00,8-K
LOW,2023-08-22 12:45:28,8-K
LOW,2023-08-30 20:16:05,10-Q
LOW,2023-09-07 20:15:05,8-K
LOW,2023-10-25 20:32:14,8-K
LOW,2023-11-21 13:45:17,8-K
LOW,2023-11-29 21:16:49,10-Q
LOW,2024-02-27 13:45:23,8-K
LOW,2024-03-25 20:18:34,10-K
LOW,2024-05-21 12:45:37,8-K
LOW,2024-05-30 20:25:58,10-Q
LOW,2024-06-05 20:25:34,8-K
LOW,2024-08-20 12:45:21,8-K
LOW,2024-08-29 20:32:21,10-Q
LOW,2024-11-19 13:45:50,8-K
LOW,2024-11-27 21:14:48,10-Q
LOW,2024-12-11 11:01:35,8-K
LOW,2025-02-26 13:45:36,8-K
LOW,2025-03-24 20:33:13,10-K
LOW,2025-05-21 12:47:56,8-K
LOW,2025-05-29 20:32:21,10-Q
LOW,2025-06-05 12:31:54,8-K
LOW,2025-08-20 10:03:17,8-K
LOW,2025-08-20 10:18:36,8-K
LOW,2025-08-28 20:35:06,10-Q
LOW,2025-09-19 13:10:28,8-K
LOW,2025-09-30 20:01:28,8-K
LOW,2025-10-09 11:32:07,8-K
LOW,2025-11-19 13:45:10,8-K
LOW,2025-11-26 21:34:01,10-Q
LOW,2026-02-25 13:44:53,8-K
LOW,2026-03-23 20:52:11,10-K
LOW,2026-05-20 12:45:10,8-K
LOW,2026-05-28 20:49:18,10-Q
LOW,2026-06-02 20:48:35,8-K
MAR,2018-01-18 22:29:03,8-K
MAR,2018-02-14 22:32:46,8-K
MAR,2018-02-15 20:50:50,10-K
MAR,2018-02-27 13:15:26,8-K
MAR,2018-04-06 20:25:55,8-K
MAR,2018-05-08 21:26:54,8-K
MAR,2018-05-10 13:50:00,10-Q
MAR,2018-05-10 19:25:36,8-K
MAR,2018-05-17 16:31:19,8-K
MAR,2018-05-24 19:38:03,8-K
MAR,2018-07-25 12:01:06,8-K
MAR,2018-08-06 21:11:05,8-K
MAR,2018-08-07 15:54:54,10-Q
MAR,2018-11-05 22:23:03,8-K
MAR,2018-11-06 16:43:01,10-Q
MAR,2018-11-09 15:21:26,8-K
MAR,2018-11-16 21:22:36,8-K
MAR,2018-11-30 11:03:17,8-K
MAR,2019-01-04 12:33:48,8-K
MAR,2019-02-28 21:55:09,8-K
MAR,2019-03-01 17:09:20,10-K
MAR,2019-03-08 21:12:33,8-K
MAR,2019-03-18 11:11:25,8-K
MAR,2019-03-21 01:13:32,8-K
MAR,2019-05-03 11:09:02,8-K
MAR,2019-05-10 10:03:18,10-Q
MAR,2019-05-10 10:04:26,8-K
MAR,2019-05-15 19:56:56,8-K
MAR,2019-07-01 20:03:04,8-K
MAR,2019-07-09 12:37:02,8-K
MAR,2019-08-05 21:15:40,8-K
MAR,2019-08-06 17:22:17,10-Q
MAR,2019-08-14 17:02:51,8-K
MAR,2019-10-03 20:36:25,8-K
MAR,2019-10-31 20:46:44,8-K
MAR,2019-11-04 22:25:52,8-K
MAR,2019-11-05 19:32:59,10-Q
MAR,2020-01-10 21:30:41,8-K
MAR,2020-02-26 22:14:49,8-K
MAR,2020-02-27 16:40:50,10-K
MAR,2020-03-18 21:18:16,8-K
MAR,2020-04-02 23:38:14,8-K
MAR,2020-04-14 12:46:16,8-K
MAR,2020-04-16 21:25:24,8-K
MAR,2020-05-05 11:30:52,8-K
MAR,2020-05-11 12:22:58,8-K
MAR,2020-05-11 16:50:56,10-Q
MAR,2020-05-11 21:17:25,8-K
MAR,2020-05-12 21:28:27,8-K
MAR,2020-06-01 21:20:16,8-K
MAR,2020-06-15 13:07:13,8-K
MAR,2020-07-17 19:15:38,8-K
MAR,2020-08-10 12:07:45,8-K
MAR,2020-08-10 14:45:20,10-Q
MAR,2020-08-14 20:08:38,8-K
MAR,2020-08-31 13:52:17,8-K
MAR,2020-11-06 13:12:02,8-K
MAR,2020-11-06 19:14:09,10-Q
MAR,2021-01-28 11:09:02,8-K
MAR,2021-02-02 12:50:54,8-K
MAR,2021-02-16 21:07:08,8-K
MAR,2021-02-18 13:10:17,8-K
MAR,2021-02-18 17:34:16,10-K
MAR,2021-02-25 21:08:34,8-K
MAR,2021-03-05 21:11:06,8-K
MAR,2021-03-15 20:32:02,8-K
MAR,2021-05-10 12:17:34,8-K
MAR,2021-05-10 17:18:44,10-Q
MAR,2021-05-12 15:55:30,8-K
MAR,2021-08-03 12:12:33,8-K
MAR,2021-08-03 16:49:32,10-Q
MAR,2021-09-08 12:51:32,8-K
MAR,2021-09-22 12:17:55,8-K
MAR,2021-09-22 20:31:02,8-K
MAR,2021-11-03 11:47:19,8-K
MAR,2021-11-03 13:42:16,10-Q
MAR,2022-02-14 13:52:55,8-K
MAR,2022-02-15 12:37:55,8-K
MAR,2022-02-15 17:23:48,10-K
MAR,2022-05-04 11:42:50,8-K
MAR,2022-05-04 15:12:49,10-Q
MAR,2022-05-11 20:31:25,8-K
MAR,2022-08-02 11:38:25,8-K
MAR,2022-08-02 14:47:09,10-Q
MAR,2022-09-08 20:13:00,8-K
MAR,2022-11-03 10:52:23,8-K
MAR,2022-11-03 14:41:00,10-Q
MAR,2022-12-15 22:15:21,8-K
MAR,2022-12-21 21:29:37,8-K
MAR,2023-02-10 21:10:55,8-K
MAR,2023-02-14 12:28:14,8-K
MAR,2023-02-14 20:00:35,10-K
MAR,2023-03-15 12:10:02,8-K
MAR,2023-03-27 20:41:31,8-K
MAR,2023-05-02 11:19:54,8-K
MAR,2023-05-02 16:31:05,10-Q
MAR,2023-05-16 12:30:53,8-K
MAR,2023-08-01 11:23:32,8-K
MAR,2023-08-01 14:54:16,10-Q
MAR,2023-08-04 20:05:29,8-K
MAR,2023-09-15 20:12:04,8-K
MAR,2023-09-27 10:29:21,8-K
MAR,2023-11-02 10:59:31,8-K
MAR,2023-11-02 14:16:21,10-Q
MAR,2024-02-13 12:24:15,8-K
MAR,2024-02-13 17:30:40,10-K
MAR,2024-02-22 21:09:06,8-K
MAR,2024-05-01 11:10:28,8-K
MAR,2024-05-01 15:18:09,10-Q
MAR,2024-05-15 14:35:55,8-K
MAR,2024-07-31 11:13:21,8-K
MAR,2024-07-31 15:22:00,10-Q
MAR,2024-08-12 20:23:28,8-K
MAR,2024-08-20 15:19:43,8-K
MAR,2024-11-04 12:21:36,8-K
MAR,2024-11-04 16:49:57,10-Q
MAR,2025-01-21 13:11:54,8-K
MAR,2025-02-11 12:30:21,8-K
MAR,2025-02-11 17:50:25,10-K
MAR,2025-02-26 21:06:08,8-K
MAR,2025-05-06 11:01:06,8-K
MAR,2025-05-06 16:10:55,10-Q
MAR,2025-05-13 20:24:14,8-K
MAR,2025-07-14 20:19:24,8-K
MAR,2025-08-05 11:00:29,8-K
MAR,2025-08-05 14:51:47,10-Q
MAR,2025-08-20 20:10:27,8-K
MAR,2025-11-04 12:00:12,8-K
MAR,2025-11-04 18:16:55,10-Q
MAR,2026-01-09 13:54:33,8-K
MAR,2026-02-06 20:39:43,8-K
MAR,2026-02-10 12:00:21,8-K
MAR,2026-02-10 18:35:55,10-K
MAR,2026-02-20 21:10:25,8-K
MAR,2026-05-06 11:00:24,8-K
MAR,2026-05-06 12:52:17,10-Q
MAR,2026-05-13 14:00:06,8-K
MCD,2016-11-03 23:05:57,10-Q
MCD,2016-12-09 17:00:30,8-K
MCD,2016-12-28 20:09:51,8-K
MCD,2017-01-23 13:01:17,8-K
MCD,2017-01-26 22:00:06,8-K
MCD,2017-02-14 22:31:28,8-K
MCD,2017-03-01 17:11:09,8-K
MCD,2017-03-01 17:16:56,10-K
MCD,2017-03-09 21:25:23,8-K
MCD,2017-04-25 12:02:47,8-K
MCD,2017-05-08 20:10:35,10-Q
MCD,2017-05-30 21:22:43,8-K
MCD,2017-07-25 12:06:20,8-K
MCD,2017-07-27 20:33:53,8-K
MCD,2017-08-08 15:23:46,10-Q
MCD,2017-09-21 20:35:09,8-K
MCD,2017-10-24 12:00:57,8-K
MCD,2017-11-02 16:45:45,10-Q
MCD,2018-01-30 12:59:55,8-K
MCD,2018-02-23 16:09:12,8-K
MCD,2018-02-23 17:45:01,10-K
MCD,2018-03-16 17:37:39,8-K
MCD,2018-04-30 12:00:24,8-K
MCD,2018-05-08 15:54:40,10-Q
MCD,2018-05-23 19:55:44,8-K
MCD,2018-05-30 15:25:16,8-K
MCD,2018-07-19 20:35:24,8-K
MCD,2018-07-26 11:59:41,8-K
MCD,2018-08-02 20:16:54,10-Q
MCD,2018-08-15 22:13:25,8-K
MCD,2018-09-21 12:31:27,8-K
MCD,2018-09-24 17:01:18,8-K
MCD,2018-10-23 12:00:22,8-K
MCD,2018-11-01 16:52:42,10-Q
MCD,2018-11-30 18:16:58,8-K
MCD,2019-01-14 21:42:28,8-K
MCD,2019-01-30 12:59:49,8-K
MCD,2019-02-22 14:48:25,10-K
MCD,2019-02-25 15:01:51,8-K
MCD,2019-02-27 20:12:22,8-K
MCD,2019-03-22 20:38:40,8-K
MCD,2019-04-30 12:00:34,8-K
MCD,2019-05-08 20:37:59,10-Q
MCD,2019-05-30 15:09:57,8-K
MCD,2019-07-22 18:04:02,8-K
MCD,2019-07-26 12:00:29,8-K
MCD,2019-08-06 19:35:56,10-Q
MCD,2019-08-12 20:47:48,8-K
MCD,2019-09-19 22:37:58,8-K
MCD,2019-10-22 12:01:06,8-K
MCD,2019-11-04 15:00:52,8-K
MCD,2019-11-04 17:05:50,10-Q
MCD,2019-11-25 21:32:16,8-K
MCD,2019-12-10 21:48:08,8-K
MCD,2020-01-29 11:59:35,8-K
MCD,2020-02-21 17:49:58,8-K
MCD,2020-02-26 16:58:02,10-K
MCD,2020-03-05 21:20:46,8-K
MCD,2020-03-17 00:54:18,8-K
MCD,2020-03-25 13:05:42,8-K
MCD,2020-03-26 16:42:19,8-K
MCD,2020-03-27 21:10:29,8-K
MCD,2020-04-08 12:59:47,8-K
MCD,2020-04-30 10:59:46,8-K
MCD,2020-05-07 17:33:15,10-Q
MCD,2020-05-22 19:02:03,8-K
MCD,2020-06-16 11:59:56,8-K
MCD,2020-07-28 10:59:13,8-K
MCD,2020-08-10 13:03:03,8-K
MCD,2020-08-10 17:50:45,10-Q
MCD,2020-10-08 11:59:18,8-K
MCD,2020-10-15 12:46:52,8-K
MCD,2020-11-09 11:59:00,8-K
MCD,2020-11-09 14:01:08,8-K
MCD,2020-11-09 18:03:55,10-Q
MCD,2021-01-28 12:02:47,8-K
MCD,2021-02-18 13:30:39,8-K
MCD,2021-02-23 18:50:20,10-K
MCD,2021-04-29 11:02:15,8-K
MCD,2021-05-05 19:55:09,10-Q
MCD,2021-05-26 19:31:23,8-K
MCD,2021-07-28 11:02:22,8-K
MCD,2021-08-04 18:55:26,10-Q
MCD,2021-09-24 20:32:26,8-K
MCD,2021-10-27 11:02:11,8-K
MCD,2021-11-02 21:15:02,10-Q
MCD,2021-12-16 13:15:14,8-K
MCD,2022-01-27 12:01:30,8-K
MCD,2022-02-18 21:17:47,8-K
MCD,2022-02-24 21:19:08,10-K
MCD,2022-04-28 11:01:17,8-K
MCD,2022-05-02 17:05:28,10-Q
MCD,2022-05-16 10:15:33,8-K
MCD,2022-06-02 21:17:43,8-K
MCD,2022-06-27 21:04:05,8-K
MCD,2022-07-26 11:02:20,8-K
MCD,2022-08-04 19:43:48,10-Q
MCD,2022-08-22 20:16:35,8-K
MCD,2022-09-09 21:07:04,8-K
MCD,2022-10-03 20:16:25,8-K
MCD,2022-10-27 11:02:28,8-K
MCD,2022-11-07 22:16:42,10-Q
MCD,2023-01-06 19:39:33,8-K
MCD,2023-01-19 21:54:15,8-K
MCD,2023-01-31 12:02:44,8-K
MCD,2023-02-15 21:51:32,8-K
MCD,2023-02-24 17:34:36,10-K
MCD,2023-03-29 20:33:41,8-K
MCD,2023-04-25 11:01:38,8-K
MCD,2023-05-04 20:21:29,10-Q
MCD,2023-06-01 20:17:06,8-K
MCD,2023-07-27 11:02:08,8-K
MCD,2023-08-02 16:00:41,10-Q
MCD,2023-08-15 20:33:19,8-K
MCD,2023-08-24 21:09:16,8-K
MCD,2023-10-30 11:01:27,8-K
MCD,2023-11-02 19:24:50,10-Q
MCD,2023-12-06 14:17:17,8-K
MCD,2024-02-05 12:01:15,8-K
MCD,2024-02-16 20:09:08,8-K
MCD,2024-02-22 17:31:15,10-K
MCD,2024-03-13 18:24:36,8-K
MCD,2024-03-19 20:37:56,8-K
MCD,2024-04-30 11:01:41,8-K
MCD,2024-05-08 15:24:42,10-Q
MCD,2024-05-20 18:12:10,8-K
MCD,2024-05-24 18:11:02,8-K
MCD,2024-07-26 21:10:00,8-K
MCD,2024-07-29 11:01:46,8-K
MCD,2024-08-08 15:27:26,10-Q
MCD,2024-10-29 11:04:29,8-K
MCD,2024-11-07 17:44:41,10-Q
MCD,2025-01-17 21:44:06,8-K
MCD,2025-02-10 12:02:05,8-K
MCD,2025-02-14 21:32:53,8-K
MCD,2025-02-25 18:19:01,10-K
MCD,2025-03-04 19:57:47,8-K
MCD,2025-03-11 20:16:41,8-K
MCD,2025-05-01 11:02:38,8-K
MCD,2025-05-12 17:15:39,10-Q
MCD,2025-05-23 17:50:07,8-K
MCD,2025-08-06 11:02:02,8-K
MCD,2025-08-06 16:17:04,10-Q
MCD,2025-08-27 20:56:59,8-K
MCD,2025-11-05 12:01:49,8-K
MCD,2025-11-05 20:06:57,10-Q
MCD,2026-02-10 15:01:46,8-K
MCD,2026-02-11 21:02:36,8-K
MCD,2026-02-24 16:12:45,10-K
MCD,2026-05-07 11:01:19,8-K
MCD,2026-05-07 18:31:30,10-Q
MCD,2026-05-22 14:34:58,8-K
MCO,2018-07-27 11:30:44,8-K
MCO,2018-07-31 11:55:01,8-K
MCO,2018-08-01 23:29:51,10-Q
MCO,2018-10-26 11:30:57,8-K
MCO,2018-10-31 20:40:01,10-Q
MCO,2018-11-08 21:38:04,8-K
MCO,2018-11-20 21:33:09,8-K
MCO,2018-12-03 15:30:04,8-K
MCO,2018-12-07 21:17:10,8-K
MCO,2018-12-21 21:11:59,8-K
MCO,2019-02-13 22:12:02,8-K
MCO,2019-02-15 12:30:35,8-K
MCO,2019-02-23 00:46:27,10-K
MCO,2019-04-17 20:55:56,8-K
MCO,2019-04-24 11:30:49,8-K
MCO,2019-05-01 23:19:43,10-Q
MCO,2019-07-31 11:30:12,8-K
MCO,2019-08-02 01:29:34,10-Q
MCO,2019-09-24 11:18:49,8-K
MCO,2019-10-25 20:21:24,8-K
MCO,2019-10-30 11:30:52,8-K
MCO,2019-10-31 22:37:12,10-Q
MCO,2019-11-15 22:04:13,8-K
MCO,2019-11-25 21:16:51,8-K
MCO,2020-02-12 12:30:39,8-K
MCO,2020-02-21 23:43:29,10-K
MCO,2020-03-11 11:01:09,8-K
MCO,2020-03-25 15:12:21,8-K
MCO,2020-04-27 18:06:51,8-K
MCO,2020-04-30 11:30:50,8-K
MCO,2020-05-01 21:18:21,10-Q
MCO,2020-05-18 19:40:50,8-K
MCO,2020-05-20 20:18:51,8-K
MCO,2020-07-30 11:32:47,8-K
MCO,2020-07-31 21:07:03,10-Q
MCO,2020-08-06 20:16:31,8-K
MCO,2020-08-18 20:39:05,8-K
MCO,2020-10-22 11:14:03,8-K
MCO,2020-10-29 11:00:53,8-K
MCO,2020-10-30 21:28:06,10-Q
MCO,2020-12-18 13:33:34,8-K
MCO,2020-12-18 14:28:03,8-K
MCO,2021-02-12 12:30:27,8-K
MCO,2021-02-19 23:39:42,10-K
MCO,2021-04-26 20:01:04,8-K
MCO,2021-04-28 11:30:32,8-K
MCO,2021-04-29 20:57:28,10-Q
MCO,2021-06-17 11:20:04,8-K
MCO,2021-07-28 11:15:47,8-K
MCO,2021-07-29 21:37:02,10-Q
MCO,2021-08-05 12:20:05,8-K
MCO,2021-08-05 22:52:11,8-K
MCO,2021-08-11 21:06:44,8-K
MCO,2021-08-19 20:39:06,8-K
MCO,2021-09-15 12:50:59,8-K
MCO,2021-10-28 11:17:25,8-K
MCO,2021-10-29 20:39:32,10-Q
MCO,2021-11-16 21:47:07,8-K
MCO,2021-11-29 23:52:13,8-K
MCO,2021-12-20 21:07:00,8-K
MCO,2022-02-10 12:15:32,8-K
MCO,2022-02-19 00:42:35,10-K
MCO,2022-02-26 00:02:43,8-K
MCO,2022-05-02 11:15:33,8-K
MCO,2022-05-02 13:06:07,8-K
MCO,2022-05-02 20:22:27,10-Q
MCO,2022-07-26 11:16:34,8-K
MCO,2022-07-27 20:30:13,10-Q
MCO,2022-08-02 13:15:13,8-K
MCO,2022-08-08 20:32:35,8-K
MCO,2022-10-18 20:01:06,8-K
MCO,2022-10-25 11:03:11,8-K
MCO,2022-10-26 20:03:32,10-Q
MCO,2022-11-30 14:11:34,8-K
MCO,2022-12-14 21:40:06,8-K
MCO,2022-12-21 21:01:59,8-K
MCO,2023-01-31 11:56:49,8-K
MCO,2023-02-15 21:51:09,10-K
MCO,2023-04-21 20:36:05,8-K
MCO,2023-04-25 10:58:45,8-K
MCO,2023-04-26 20:15:36,10-Q
MCO,2023-07-25 10:58:11,8-K
MCO,2023-07-26 20:15:20,10-Q
MCO,2023-07-28 20:00:55,8-K
MCO,2023-08-03 21:20:03,8-K
MCO,2023-08-04 20:10:32,8-K
MCO,2023-10-25 10:51:20,8-K
MCO,2023-10-26 21:14:04,10-Q
MCO,2024-02-13 12:00:40,8-K
MCO,2024-02-14 21:34:00,10-K
MCO,2024-02-23 21:05:01,8-K
MCO,2024-04-19 20:23:05,8-K
MCO,2024-05-02 11:00:11,8-K
MCO,2024-05-02 20:20:56,10-Q
MCO,2024-05-06 20:19:06,8-K
MCO,2024-07-23 10:58:05,8-K
MCO,2024-07-24 20:26:11,10-Q
MCO,2024-07-31 01:26:04,8-K
MCO,2024-08-05 20:24:33,8-K
MCO,2024-10-22 10:58:04,8-K
MCO,2024-10-23 20:28:26,10-Q
MCO,2025-02-12 21:19:31,8-K
MCO,2025-02-13 11:57:38,8-K
MCO,2025-02-14 21:20:12,10-K
MCO,2025-03-11 20:03:43,8-K
MCO,2025-04-15 20:10:31,8-K
MCO,2025-04-22 10:57:52,8-K
MCO,2025-04-23 20:23:59,10-Q
MCO,2025-07-16 20:36:47,8-K
MCO,2025-07-21 11:00:16,8-K
MCO,2025-07-23 10:59:13,8-K
MCO,2025-07-24 20:20:53,10-Q
MCO,2025-08-21 20:30:53,8-K
MCO,2025-10-17 20:03:20,8-K
MCO,2025-10-22 10:56:01,8-K
MCO,2025-10-23 20:35:50,10-Q
MCO,2025-12-19 12:11:24,8-K
MCO,2026-01-12 21:58:37,8-K
MCO,2026-02-18 11:58:24,8-K
MCO,2026-02-18 21:41:04,10-K
MCO,2026-04-15 12:14:27,8-K
MCO,2026-04-16 20:36:10,8-K
MCO,2026-04-22 10:59:06,8-K
MCO,2026-04-23 20:17:18,10-Q
MDT,2016-03-09 22:27:19,10-Q
MDT,2016-03-31 20:36:40,8-K
MDT,2016-04-14 21:06:14,8-K
MDT,2016-05-04 12:39:02,8-K
MDT,2016-05-31 10:47:21,8-K
MDT,2016-05-31 20:21:13,8-K
MDT,2016-06-28 10:46:34,10-K
MDT,2016-07-01 21:00:33,8-K
MDT,2016-08-25 10:49:31,8-K
MDT,2016-09-07 10:45:19,10-Q
MDT,2016-11-22 11:47:57,8-K
MDT,2016-12-02 17:38:04,8-K
MDT,2016-12-05 22:17:06,10-Q
MDT,2016-12-14 22:19:04,8-K
MDT,2017-02-21 11:47:24,8-K
MDT,2017-03-03 22:14:33,10-Q
MDT,2017-03-22 21:16:57,8-K
MDT,2017-03-28 20:43:59,8-K
MDT,2017-03-28 20:44:59,8-K
MDT,2017-05-25 10:50:21,8-K
MDT,2017-06-27 20:19:46,10-K
MDT,2017-07-18 00:28:43,8-K
MDT,2017-08-22 10:51:11,8-K
MDT,2017-09-01 10:46:57,10-Q
MDT,2017-11-08 21:47:28,8-K
MDT,2017-11-21 11:49:14,8-K
MDT,2017-12-04 21:30:39,10-Q
MDT,2017-12-11 22:32:15,8-K
MDT,2017-12-19 21:32:41,8-K
MDT,2018-01-08 21:37:15,8-K
MDT,2018-02-20 11:48:16,8-K
MDT,2018-03-02 22:29:00,10-Q
MDT,2018-03-23 21:28:11,8-K
MDT,2018-05-15 20:34:29,8-K
MDT,2018-05-24 10:49:13,8-K
MDT,2018-06-22 11:04:30,10-K
MDT,2018-08-21 10:48:33,8-K
MDT,2018-08-31 10:38:44,10-Q
MDT,2018-11-20 11:48:05,8-K
MDT,2018-11-29 22:10:22,10-Q
MDT,2018-12-11 21:32:28,8-K
MDT,2018-12-13 21:32:38,8-K
MDT,2019-02-19 11:48:18,8-K
MDT,2019-02-20 11:06:02,8-K
MDT,2019-03-01 12:06:38,10-Q
MDT,2019-03-06 23:24:02,8-K
MDT,2019-03-07 12:05:04,8-K
MDT,2019-03-14 10:51:48,8-K
MDT,2019-05-23 10:49:11,8-K
MDT,2019-06-07 21:16:15,8-K
MDT,2019-06-21 10:53:12,10-K
MDT,2019-06-24 10:06:57,8-K
MDT,2019-06-25 21:06:57,8-K
MDT,2019-07-02 12:54:04,8-K
MDT,2019-07-10 21:23:02,8-K
MDT,2019-08-20 10:48:38,8-K
MDT,2019-08-28 10:50:04,8-K
MDT,2019-08-30 10:46:32,10-Q
MDT,2019-09-24 10:46:32,8-K
MDT,2019-11-19 11:48:08,8-K
MDT,2019-12-03 21:11:13,10-Q
MDT,2019-12-10 21:12:22,8-K
MDT,2020-02-18 11:47:42,8-K
MDT,2020-02-28 11:49:49,10-Q
MDT,2020-04-22 00:12:53,8-K
MDT,2020-04-27 10:45:50,8-K
MDT,2020-05-13 20:34:06,8-K
MDT,2020-05-21 10:48:43,8-K
MDT,2020-06-19 20:28:08,10-K
MDT,2020-08-24 11:03:23,8-K
MDT,2020-08-25 10:48:35,8-K
MDT,2020-09-01 21:13:40,8-K
MDT,2020-09-03 20:14:45,10-Q
MDT,2020-09-29 20:10:35,8-K
MDT,2020-10-06 21:02:28,8-K
MDT,2020-11-24 11:50:43,8-K
MDT,2020-12-03 21:15:10,10-Q
MDT,2020-12-14 21:31:13,8-K
MDT,2021-02-17 11:48:27,8-K
MDT,2021-02-23 11:49:39,8-K
MDT,2021-03-05 21:56:33,10-Q
MDT,2021-03-31 20:30:39,8-K
MDT,2021-05-27 10:46:58,8-K
MDT,2021-06-25 20:51:46,10-K
MDT,2021-06-30 10:55:28,8-K
MDT,2021-08-24 10:50:52,8-K
MDT,2021-09-02 20:08:18,10-Q
MDT,2021-09-10 10:55:36,8-K
MDT,2021-10-15 20:30:53,8-K
MDT,2021-11-23 11:49:17,8-K
MDT,2021-12-02 21:07:14,10-Q
MDT,2021-12-14 21:30:39,8-K
MDT,2021-12-15 11:47:44,8-K
MDT,2021-12-16 21:18:42,8-K
MDT,2022-02-22 11:47:53,8-K
MDT,2022-03-03 21:27:13,10-Q
MDT,2022-05-02 11:11:38,8-K
MDT,2022-05-26 10:49:26,8-K
MDT,2022-06-23 20:13:25,10-K
MDT,2022-06-27 20:11:04,8-K
MDT,2022-08-23 10:47:24,8-K
MDT,2022-09-01 20:12:56,10-Q
MDT,2022-09-21 13:16:06,8-K
MDT,2022-11-22 11:47:58,8-K
MDT,2022-12-01 21:17:57,10-Q
MDT,2022-12-12 22:56:11,8-K
MDT,2023-02-21 11:48:10,8-K
MDT,2023-03-01 21:13:18,10-Q
MDT,2023-03-07 22:02:25,8-K
MDT,2023-03-09 17:20:45,8-K
MDT,2023-03-30 20:34:00,8-K
MDT,2023-05-25 10:48:28,8-K
MDT,2023-06-22 20:32:12,10-K
MDT,2023-06-26 11:23:59,8-K
MDT,2023-08-22 10:47:24,8-K
MDT,2023-08-31 20:16:07,10-Q
MDT,2023-10-23 20:18:47,8-K
MDT,2023-11-21 11:53:06,8-K
MDT,2023-11-30 21:16:21,10-Q
MDT,2023-12-06 21:05:25,8-K
MDT,2024-02-20 11:47:01,8-K
MDT,2024-02-27 21:16:45,10-Q
MDT,2024-05-23 10:47:45,8-K
MDT,2024-06-03 10:51:34,8-K
MDT,2024-06-04 20:37:54,8-K
MDT,2024-06-20 20:16:51,10-K
MDT,2024-06-26 13:01:25,8-K
MDT,2024-08-20 10:46:44,8-K
MDT,2024-08-27 20:18:26,10-Q
MDT,2024-10-21 20:21:45,8-K
MDT,2024-11-19 11:46:38,8-K
MDT,2024-11-26 21:16:06,10-Q
MDT,2025-01-21 11:51:55,8-K
MDT,2025-02-18 11:46:40,8-K
MDT,2025-02-25 21:17:28,10-Q
MDT,2025-03-17 20:30:48,8-K
MDT,2025-05-21 10:47:23,8-K
MDT,2025-06-20 10:46:20,10-K
MDT,2025-06-23 20:17:20,8-K
MDT,2025-08-19 10:49:43,8-K
MDT,2025-08-26 21:26:56,10-Q
MDT,2025-09-16 20:41:16,8-K
MDT,2025-09-29 12:45:28,8-K
MDT,2025-10-21 20:16:47,8-K
MDT,2025-11-03 22:21:46,8-K
MDT,2025-11-18 11:47:14,8-K
MDT,2025-11-25 21:18:41,10-Q
MDT,2026-02-17 11:48:07,8-K
MDT,2026-02-24 21:18:20,10-Q
MDT,2026-03-24 20:42:04,8-K
MDT,2026-04-24 21:45:33,8-K
MDT,2026-05-18 20:30:33,8-K
MDT,2026-06-03 10:47:08,8-K
MDT,2026-06-18 20:27:27,10-K
MSFT,2024-07-30 20:06:22,10-K
MSFT,2024-10-30 20:07:17,10-Q
MSFT,2025-01-29 21:11:54,10-Q
MSFT,2025-04-30 20:08:52,10-Q
MSFT,2025-07-30 20:11:40,10-K
MSFT,2025-10-29 20:10:48,10-Q
MSFT,2026-01-28 21:07:34,10-Q
MSFT,2026-04-29 20:06:24,10-Q
UNH,2024-08-09 20:10:48,10-Q
UNH,2024-11-04 21:22:23,10-Q
UNH,2025-02-27 22:16:21,10-K
UNH,2025-05-06 22:44:00,10-Q
UNH,2025-08-11 20:20:29,10-Q
UNH,2025-10-28 20:09:07,10-Q
UNH,2026-03-02 11:06:21,10-K
UNH,2026-05-05 20:38:11,10-Q
XOM,2024-08-05 17:15:44,10-Q
XOM,2024-11-04 17:56:10,10-Q
XOM,2025-02-19 21:39:37,10-K
XOM,2025-05-05 16:41:41,10-Q
XOM,2025-08-04 16:47:59,10-Q
XOM,2025-11-03 17:45:47,10-Q
XOM,2026-02-18 21:06:52,10-K
XOM,2026-05-04 16:40:35,10-Q
