name,kind,family,ic_t,bh_significant,reject_reasons
f_level_raw,scenario,orthogonal,0.69,False,IC t-stat below +3.0; fails Benjamini-Hochberg q=0.10 (multiple testing); does not survive 25bps cost; old-cohort-only / fails old-new cohort split; fails pre/post-2020 (subperiod) stability; single-sector-dominated (>60% one sector)
f_level_sn,scenario,orthogonal,0.76,False,IC t-stat below +3.0; fails Benjamini-Hochberg q=0.10 (multiple testing); does not survive 25bps cost; old-cohort-only / fails old-new cohort split; fails pre/post-2020 (subperiod) stability; single-sector-dominated (>60% one sector)
f_chg1_raw,scenario,orthogonal,1.11,False,IC t-stat below +3.0; fails Benjamini-Hochberg q=0.10 (multiple testing); does not survive 25bps cost; spread hit-rate below 0.58 and net spread not strongly compensating; old-cohort-only / fails old-new cohort split; single-sector-dominated (>60% one sector)
f_chg1_sn,scenario,orthogonal,1.3,False,IC t-stat below +3.0; fails Benjamini-Hochberg q=0.10 (multiple testing); does not survive 25bps cost; spread hit-rate below 0.58 and net spread not strongly compensating; old-cohort-only / fails old-new cohort split
f_accel_raw,scenario,orthogonal,1.04,False,IC t-stat below +3.0; fails Benjamini-Hochberg q=0.10 (multiple testing); does not survive 25bps cost; spread hit-rate below 0.58 and net spread not strongly compensating; old-cohort-only / fails old-new cohort split; single-sector-dominated (>60% one sector)
f_accel_sn,scenario,orthogonal,1.62,False,IC t-stat below +3.0; fails Benjamini-Hochberg q=0.10 (multiple testing); does not survive 25bps cost; old-cohort-only / fails old-new cohort split
f_lag1_raw,scenario,orthogonal,0.01,False,IC t-stat below +3.0; fails Benjamini-Hochberg q=0.10 (multiple testing); does not survive 25bps cost; spread hit-rate below 0.58 and net spread not strongly compensating; old-cohort-only / fails old-new cohort split; fails pre/post-2020 (subperiod) stability; single-sector-dominated (>60% one sector)
f_lag1_sn,scenario,orthogonal,-0.18,False,non-positive mean IC; IC t-stat below +3.0; fails Benjamini-Hochberg q=0.10 (multiple testing); does not survive 25bps cost; spread hit-rate below 0.58 and net spread not strongly compensating; fails pre/post-2020 (subperiod) stability; single-sector-dominated (>60% one sector)
f_rmean_5_raw,scenario,orthogonal,-0.85,False,non-positive mean IC; IC t-stat below +3.0; fails Benjamini-Hochberg q=0.10 (multiple testing); does not survive 25bps cost; spread hit-rate below 0.58 and net spread not strongly compensating; old-cohort-only / fails old-new cohort split; fails pre/post-2020 (subperiod) stability; single-sector-dominated (>60% one sector)
f_rmean_5_sn,scenario,orthogonal,-0.47,False,non-positive mean IC; IC t-stat below +3.0; fails Benjamini-Hochberg q=0.10 (multiple testing); does not survive 25bps cost; spread hit-rate below 0.58 and net spread not strongly compensating; old-cohort-only / fails old-new cohort split; fails pre/post-2020 (subperiod) stability; single-sector-dominated (>60% one sector)
f_rstd_5_raw,scenario,orthogonal,-0.11,False,non-positive mean IC; IC t-stat below +3.0; fails Benjamini-Hochberg q=0.10 (multiple testing); spread hit-rate below 0.58 and net spread not strongly compensating; old-cohort-only / fails old-new cohort split; fails pre/post-2020 (subperiod) stability; single-sector-dominated (>60% one sector)
f_rstd_5_sn,scenario,orthogonal,0.17,False,IC t-stat below +3.0; fails Benjamini-Hochberg q=0.10 (multiple testing); spread hit-rate below 0.58 and net spread not strongly compensating; old-cohort-only / fails old-new cohort split; fails pre/post-2020 (subperiod) stability
f_rchg_5_raw,scenario,orthogonal,1.31,False,IC t-stat below +3.0; fails Benjamini-Hochberg q=0.10 (multiple testing); old-cohort-only / fails old-new cohort split; single-sector-dominated (>60% one sector)
f_rchg_5_sn,scenario,orthogonal,1.17,False,IC t-stat below +3.0; fails Benjamini-Hochberg q=0.10 (multiple testing); does not survive 25bps cost; old-cohort-only / fails old-new cohort split; single-sector-dominated (>60% one sector)
f_rmean_21_raw,scenario,orthogonal,-2.0,False,non-positive mean IC; IC t-stat below +3.0; fails Benjamini-Hochberg q=0.10 (multiple testing); does not survive 25bps cost; spread hit-rate below 0.58 and net spread not strongly compensating; old-cohort-only / fails old-new cohort split; fails pre/post-2020 (subperiod) stability; single-sector-dominated (>60% one sector)
f_rmean_21_sn,scenario,orthogonal,-0.97,False,non-positive mean IC; IC t-stat below +3.0; fails Benjamini-Hochberg q=0.10 (multiple testing); does not survive 25bps cost; spread hit-rate below 0.58 and net spread not strongly compensating; old-cohort-only / fails old-new cohort split; fails pre/post-2020 (subperiod) stability; single-sector-dominated (>60% one sector)
f_rstd_21_raw,scenario,orthogonal,-0.67,False,non-positive mean IC; IC t-stat below +3.0; fails Benjamini-Hochberg q=0.10 (multiple testing); does not survive 25bps cost; spread hit-rate below 0.58 and net spread not strongly compensating; old-cohort-only / fails old-new cohort split; fails pre/post-2020 (subperiod) stability; single-sector-dominated (>60% one sector)
f_rstd_21_sn,scenario,orthogonal,-0.0,False,non-positive mean IC; IC t-stat below +3.0; fails Benjamini-Hochberg q=0.10 (multiple testing); does not survive 25bps cost; spread hit-rate below 0.58 and net spread not strongly compensating; old-cohort-only / fails old-new cohort split; fails pre/post-2020 (subperiod) stability
f_rchg_21_raw,scenario,orthogonal,2.96,False,IC t-stat below +3.0; fails Benjamini-Hochberg q=0.10 (multiple testing); single-sector-dominated (>60% one sector)
f_rchg_21_sn,scenario,orthogonal,2.02,False,IC t-stat below +3.0; fails Benjamini-Hochberg q=0.10 (multiple testing); does not survive 25bps cost; single-sector-dominated (>60% one sector)
f_rmean_63_raw,scenario,orthogonal,-1.11,False,non-positive mean IC; IC t-stat below +3.0; fails Benjamini-Hochberg q=0.10 (multiple testing); does not survive 25bps cost; spread hit-rate below 0.58 and net spread not strongly compensating; old-cohort-only / fails old-new cohort split; fails pre/post-2020 (subperiod) stability; single-sector-dominated (>60% one sector)
f_rmean_63_sn,scenario,orthogonal,-0.94,False,non-positive mean IC; IC t-stat below +3.0; fails Benjamini-Hochberg q=0.10 (multiple testing); does not survive 25bps cost; spread hit-rate below 0.58 and net spread not strongly compensating; old-cohort-only / fails old-new cohort split; fails pre/post-2020 (subperiod) stability; single-sector-dominated (>60% one sector)
f_rstd_63_raw,scenario,orthogonal,0.17,False,IC t-stat below +3.0; fails Benjamini-Hochberg q=0.10 (multiple testing); spread hit-rate below 0.58 and net spread not strongly compensating; old-cohort-only / fails old-new cohort split; single-sector-dominated (>60% one sector)
f_rstd_63_sn,scenario,orthogonal,0.76,False,IC t-stat below +3.0; fails Benjamini-Hochberg q=0.10 (multiple testing); spread hit-rate below 0.58 and net spread not strongly compensating; old-cohort-only / fails old-new cohort split; fails pre/post-2020 (subperiod) stability
f_rchg_63_raw,scenario,orthogonal,1.48,False,IC t-stat below +3.0; fails Benjamini-Hochberg q=0.10 (multiple testing); does not survive 25bps cost; old-cohort-only / fails old-new cohort split; single-sector-dominated (>60% one sector)
f_rchg_63_sn,scenario,orthogonal,1.2,False,IC t-stat below +3.0; fails Benjamini-Hochberg q=0.10 (multiple testing); does not survive 25bps cost; old-cohort-only / fails old-new cohort split; single-sector-dominated (>60% one sector)
f_z_raw,scenario,orthogonal,0.69,False,IC t-stat below +3.0; fails Benjamini-Hochberg q=0.10 (multiple testing); does not survive 25bps cost; old-cohort-only / fails old-new cohort split; fails pre/post-2020 (subperiod) stability; single-sector-dominated (>60% one sector)
f_z_sn,scenario,orthogonal,0.76,False,IC t-stat below +3.0; fails Benjamini-Hochberg q=0.10 (multiple testing); does not survive 25bps cost; old-cohort-only / fails old-new cohort split; fails pre/post-2020 (subperiod) stability; single-sector-dominated (>60% one sector)
f_sector_z_raw,scenario,orthogonal,0.62,False,IC t-stat below +3.0; fails Benjamini-Hochberg q=0.10 (multiple testing); does not survive 25bps cost; old-cohort-only / fails old-new cohort split; fails pre/post-2020 (subperiod) stability
f_sector_z_sn,scenario,orthogonal,0.62,False,IC t-stat below +3.0; fails Benjamini-Hochberg q=0.10 (multiple testing); does not survive 25bps cost; old-cohort-only / fails old-new cohort split; fails pre/post-2020 (subperiod) stability
f_rank_raw,scenario,orthogonal,0.69,False,IC t-stat below +3.0; fails Benjamini-Hochberg q=0.10 (multiple testing); does not survive 25bps cost; old-cohort-only / fails old-new cohort split; fails pre/post-2020 (subperiod) stability; single-sector-dominated (>60% one sector)
f_rank_sn,scenario,orthogonal,0.49,False,IC t-stat below +3.0; fails Benjamini-Hochberg q=0.10 (multiple testing); does not survive 25bps cost; spread hit-rate below 0.58 and net spread not strongly compensating; old-cohort-only / fails old-new cohort split; fails pre/post-2020 (subperiod) stability; single-sector-dominated (>60% one sector)
f_winz_raw,scenario,orthogonal,0.69,False,IC t-stat below +3.0; fails Benjamini-Hochberg q=0.10 (multiple testing); does not survive 25bps cost; old-cohort-only / fails old-new cohort split; fails pre/post-2020 (subperiod) stability; single-sector-dominated (>60% one sector)
f_winz_sn,scenario,orthogonal,0.73,False,IC t-stat below +3.0; fails Benjamini-Hochberg q=0.10 (multiple testing); does not survive 25bps cost; old-cohort-only / fails old-new cohort split; fails pre/post-2020 (subperiod) stability; single-sector-dominated (>60% one sector)
f_x_surprise_raw,scenario,orthogonal,-0.47,False,non-positive mean IC; IC t-stat below +3.0; fails Benjamini-Hochberg q=0.10 (multiple testing); does not survive 25bps cost; spread hit-rate below 0.58 and net spread not strongly compensating; old-cohort-only / fails old-new cohort split; fails pre/post-2020 (subperiod) stability; single-sector-dominated (>60% one sector)
f_x_surprise_sn,scenario,orthogonal,0.04,False,IC t-stat below +3.0; fails Benjamini-Hochberg q=0.10 (multiple testing); does not survive 25bps cost; spread hit-rate below 0.58 and net spread not strongly compensating; old-cohort-only / fails old-new cohort split; fails pre/post-2020 (subperiod) stability
f_x_quality_raw,scenario,orthogonal,-0.41,False,non-positive mean IC; IC t-stat below +3.0; fails Benjamini-Hochberg q=0.10 (multiple testing); spread hit-rate below 0.58 and net spread not strongly compensating; old-cohort-only / fails old-new cohort split; fails pre/post-2020 (subperiod) stability; single-sector-dominated (>60% one sector)
f_x_quality_sn,scenario,orthogonal,-0.29,False,non-positive mean IC; IC t-stat below +3.0; fails Benjamini-Hochberg q=0.10 (multiple testing); does not survive 25bps cost; spread hit-rate below 0.58 and net spread not strongly compensating; fails pre/post-2020 (subperiod) stability; single-sector-dominated (>60% one sector)
f_x_value_raw,scenario,orthogonal,1.17,False,IC t-stat below +3.0; fails Benjamini-Hochberg q=0.10 (multiple testing); does not survive 25bps cost; spread hit-rate below 0.58 and net spread not strongly compensating; single-sector-dominated (>60% one sector)
f_x_value_sn,scenario,orthogonal,0.71,False,IC t-stat below +3.0; fails Benjamini-Hochberg q=0.10 (multiple testing); does not survive 25bps cost; spread hit-rate below 0.58 and net spread not strongly compensating; fails pre/post-2020 (subperiod) stability
f_x_mom_raw,scenario,orthogonal,-0.91,False,non-positive mean IC; IC t-stat below +3.0; fails Benjamini-Hochberg q=0.10 (multiple testing); does not survive 25bps cost; old-cohort-only / fails old-new cohort split; fails pre/post-2020 (subperiod) stability; single-sector-dominated (>60% one sector)
f_x_mom_sn,scenario,orthogonal,-0.52,False,non-positive mean IC; IC t-stat below +3.0; fails Benjamini-Hochberg q=0.10 (multiple testing); does not survive 25bps cost; spread hit-rate below 0.58 and net spread not strongly compensating; old-cohort-only / fails old-new cohort split; fails pre/post-2020 (subperiod) stability; single-sector-dominated (>60% one sector)
orthogonal_blend__ic_weighted,model,model,-0.87,False,non-positive mean IC; IC t-stat below +3.0; fails Benjamini-Hochberg q=0.10 (multiple testing); does not survive 25bps cost; spread hit-rate below 0.58 and net spread not strongly compensating; old-cohort-only / fails old-new cohort split; fails pre/post-2020 (subperiod) stability; single-sector-dominated (>60% one sector)
orthogonal_blend__equal,model,model,-0.04,False,non-positive mean IC; IC t-stat below +3.0; fails Benjamini-Hochberg q=0.10 (multiple testing); does not survive 25bps cost; spread hit-rate below 0.58 and net spread not strongly compensating; old-cohort-only / fails old-new cohort split; fails pre/post-2020 (subperiod) stability; single-sector-dominated (>60% one sector)
f_level_raw,scenario,orthogonal,0.48,False,IC t-stat below +3.0; fails Benjamini-Hochberg q=0.10 (multiple testing); does not survive 25bps cost; single-sector-dominated (>60% one sector)
f_level_sn,scenario,orthogonal,0.98,False,IC t-stat below +3.0; fails Benjamini-Hochberg q=0.10 (multiple testing); does not survive 25bps cost; spread hit-rate below 0.58 and net spread not strongly compensating
f_chg1_raw,scenario,orthogonal,1.44,False,IC t-stat below +3.0; fails Benjamini-Hochberg q=0.10 (multiple testing); does not survive 25bps cost; spread hit-rate below 0.58 and net spread not strongly compensating; fails pre/post-2020 (subperiod) stability; single-sector-dominated (>60% one sector)
f_chg1_sn,scenario,orthogonal,2.38,False,IC t-stat below +3.0; fails Benjamini-Hochberg q=0.10 (multiple testing); spread hit-rate below 0.58 and net spread not strongly compensating
f_accel_raw,scenario,orthogonal,3.04,False,fails Benjamini-Hochberg q=0.10 (multiple testing); spread hit-rate below 0.58 and net spread not strongly compensating; single-sector-dominated (>60% one sector)
f_lag1_raw,scenario,orthogonal,-0.81,False,non-positive mean IC; IC t-stat below +3.0; fails Benjamini-Hochberg q=0.10 (multiple testing); does not survive 25bps cost; spread hit-rate below 0.58 and net spread not strongly compensating; old-cohort-only / fails old-new cohort split; fails pre/post-2020 (subperiod) stability; single-sector-dominated (>60% one sector)
f_lag1_sn,scenario,orthogonal,-0.84,False,non-positive mean IC; IC t-stat below +3.0; fails Benjamini-Hochberg q=0.10 (multiple testing); does not survive 25bps cost; spread hit-rate below 0.58 and net spread not strongly compensating; old-cohort-only / fails old-new cohort split; fails pre/post-2020 (subperiod) stability; single-sector-dominated (>60% one sector)
f_rmean_5_raw,scenario,orthogonal,-0.59,False,non-positive mean IC; IC t-stat below +3.0; fails Benjamini-Hochberg q=0.10 (multiple testing); does not survive 25bps cost; spread hit-rate below 0.58 and net spread not strongly compensating; old-cohort-only / fails old-new cohort split; fails pre/post-2020 (subperiod) stability; single-sector-dominated (>60% one sector)
f_rmean_5_sn,scenario,orthogonal,0.03,False,IC t-stat below +3.0; fails Benjamini-Hochberg q=0.10 (multiple testing); does not survive 25bps cost; spread hit-rate below 0.58 and net spread not strongly compensating; old-cohort-only / fails old-new cohort split; fails pre/post-2020 (subperiod) stability
f_rstd_5_raw,scenario,orthogonal,-0.65,False,non-positive mean IC; IC t-stat below +3.0; fails Benjamini-Hochberg q=0.10 (multiple testing); does not survive 25bps cost; spread hit-rate below 0.58 and net spread not strongly compensating; old-cohort-only / fails old-new cohort split; fails pre/post-2020 (subperiod) stability; single-sector-dominated (>60% one sector)
f_rstd_5_sn,scenario,orthogonal,0.45,False,IC t-stat below +3.0; fails Benjamini-Hochberg q=0.10 (multiple testing); spread hit-rate below 0.58 and net spread not strongly compensating; old-cohort-only / fails old-new cohort split
f_rchg_5_raw,scenario,orthogonal,0.9,False,IC t-stat below +3.0; fails Benjamini-Hochberg q=0.10 (multiple testing); does not survive 25bps cost; spread hit-rate below 0.58 and net spread not strongly compensating; old-cohort-only / fails old-new cohort split; single-sector-dominated (>60% one sector)
f_rchg_5_sn,scenario,orthogonal,0.85,False,IC t-stat below +3.0; fails Benjamini-Hochberg q=0.10 (multiple testing); does not survive 25bps cost; spread hit-rate below 0.58 and net spread not strongly compensating; single-sector-dominated (>60% one sector)
f_rmean_21_raw,scenario,orthogonal,-0.53,False,non-positive mean IC; IC t-stat below +3.0; fails Benjamini-Hochberg q=0.10 (multiple testing); does not survive 25bps cost; spread hit-rate below 0.58 and net spread not strongly compensating; old-cohort-only / fails old-new cohort split; fails pre/post-2020 (subperiod) stability; single-sector-dominated (>60% one sector)
f_rmean_21_sn,scenario,orthogonal,-0.21,False,non-positive mean IC; IC t-stat below +3.0; fails Benjamini-Hochberg q=0.10 (multiple testing); does not survive 25bps cost; spread hit-rate below 0.58 and net spread not strongly compensating; old-cohort-only / fails old-new cohort split; fails pre/post-2020 (subperiod) stability
f_rstd_21_raw,scenario,orthogonal,-0.98,False,non-positive mean IC; IC t-stat below +3.0; fails Benjamini-Hochberg q=0.10 (multiple testing); does not survive 25bps cost; spread hit-rate below 0.58 and net spread not strongly compensating; old-cohort-only / fails old-new cohort split; fails pre/post-2020 (subperiod) stability; single-sector-dominated (>60% one sector)
f_rstd_21_sn,scenario,orthogonal,-0.58,False,non-positive mean IC; IC t-stat below +3.0; fails Benjamini-Hochberg q=0.10 (multiple testing); does not survive 25bps cost; spread hit-rate below 0.58 and net spread not strongly compensating; old-cohort-only / fails old-new cohort split; fails pre/post-2020 (subperiod) stability
f_rchg_21_raw,scenario,orthogonal,1.49,False,IC t-stat below +3.0; fails Benjamini-Hochberg q=0.10 (multiple testing); old-cohort-only / fails old-new cohort split; single-sector-dominated (>60% one sector)
f_rchg_21_sn,scenario,orthogonal,1.19,False,IC t-stat below +3.0; fails Benjamini-Hochberg q=0.10 (multiple testing); spread hit-rate below 0.58 and net spread not strongly compensating; old-cohort-only / fails old-new cohort split; single-sector-dominated (>60% one sector)
f_rmean_63_raw,scenario,orthogonal,-0.42,False,non-positive mean IC; IC t-stat below +3.0; fails Benjamini-Hochberg q=0.10 (multiple testing); does not survive 25bps cost; spread hit-rate below 0.58 and net spread not strongly compensating; old-cohort-only / fails old-new cohort split; fails pre/post-2020 (subperiod) stability; single-sector-dominated (>60% one sector)
f_rmean_63_sn,scenario,orthogonal,-0.04,False,non-positive mean IC; IC t-stat below +3.0; fails Benjamini-Hochberg q=0.10 (multiple testing); does not survive 25bps cost; spread hit-rate below 0.58 and net spread not strongly compensating; old-cohort-only / fails old-new cohort split; fails pre/post-2020 (subperiod) stability
f_rstd_63_raw,scenario,orthogonal,0.11,False,IC t-stat below +3.0; fails Benjamini-Hochberg q=0.10 (multiple testing); spread hit-rate below 0.58 and net spread not strongly compensating; old-cohort-only / fails old-new cohort split; single-sector-dominated (>60% one sector)
f_rstd_63_sn,scenario,orthogonal,0.49,False,IC t-stat below +3.0; fails Benjamini-Hochberg q=0.10 (multiple testing); does not survive 25bps cost; spread hit-rate below 0.58 and net spread not strongly compensating; old-cohort-only / fails old-new cohort split
f_rchg_63_raw,scenario,orthogonal,1.36,False,IC t-stat below +3.0; fails Benjamini-Hochberg q=0.10 (multiple testing); does not survive 25bps cost; spread hit-rate below 0.58 and net spread not strongly compensating; single-sector-dominated (>60% one sector)
f_rchg_63_sn,scenario,orthogonal,0.8,False,IC t-stat below +3.0; fails Benjamini-Hochberg q=0.10 (multiple testing); does not survive 25bps cost; spread hit-rate below 0.58 and net spread not strongly compensating; single-sector-dominated (>60% one sector)
f_z_raw,scenario,orthogonal,0.48,False,IC t-stat below +3.0; fails Benjamini-Hochberg q=0.10 (multiple testing); does not survive 25bps cost; single-sector-dominated (>60% one sector)
f_z_sn,scenario,orthogonal,0.98,False,IC t-stat below +3.0; fails Benjamini-Hochberg q=0.10 (multiple testing); does not survive 25bps cost; spread hit-rate below 0.58 and net spread not strongly compensating
f_sector_z_raw,scenario,orthogonal,0.91,False,IC t-stat below +3.0; fails Benjamini-Hochberg q=0.10 (multiple testing); does not survive 25bps cost
f_sector_z_sn,scenario,orthogonal,0.91,False,IC t-stat below +3.0; fails Benjamini-Hochberg q=0.10 (multiple testing); does not survive 25bps cost
f_rank_raw,scenario,orthogonal,0.48,False,IC t-stat below +3.0; fails Benjamini-Hochberg q=0.10 (multiple testing); does not survive 25bps cost; single-sector-dominated (>60% one sector)
f_rank_sn,scenario,orthogonal,0.68,False,IC t-stat below +3.0; fails Benjamini-Hochberg q=0.10 (multiple testing); does not survive 25bps cost; single-sector-dominated (>60% one sector)
f_winz_raw,scenario,orthogonal,0.48,False,IC t-stat below +3.0; fails Benjamini-Hochberg q=0.10 (multiple testing); does not survive 25bps cost; single-sector-dominated (>60% one sector)
f_winz_sn,scenario,orthogonal,0.85,False,IC t-stat below +3.0; fails Benjamini-Hochberg q=0.10 (multiple testing); does not survive 25bps cost; single-sector-dominated (>60% one sector)
f_x_surprise_raw,scenario,orthogonal,-1.73,False,non-positive mean IC; IC t-stat below +3.0; fails Benjamini-Hochberg q=0.10 (multiple testing); does not survive 25bps cost; old-cohort-only / fails old-new cohort split; fails pre/post-2020 (subperiod) stability; single-sector-dominated (>60% one sector)
f_x_surprise_sn,scenario,orthogonal,-1.32,False,non-positive mean IC; IC t-stat below +3.0; fails Benjamini-Hochberg q=0.10 (multiple testing); does not survive 25bps cost; old-cohort-only / fails old-new cohort split; fails pre/post-2020 (subperiod) stability
f_x_quality_raw,scenario,orthogonal,-1.64,False,non-positive mean IC; IC t-stat below +3.0; fails Benjamini-Hochberg q=0.10 (multiple testing); does not survive 25bps cost; spread hit-rate below 0.58 and net spread not strongly compensating; old-cohort-only / fails old-new cohort split; fails pre/post-2020 (subperiod) stability; single-sector-dominated (>60% one sector)
f_x_quality_sn,scenario,orthogonal,-0.96,False,non-positive mean IC; IC t-stat below +3.0; fails Benjamini-Hochberg q=0.10 (multiple testing); does not survive 25bps cost; spread hit-rate below 0.58 and net spread not strongly compensating; old-cohort-only / fails old-new cohort split; fails pre/post-2020 (subperiod) stability
f_x_value_raw,scenario,orthogonal,0.01,False,IC t-stat below +3.0; fails Benjamini-Hochberg q=0.10 (multiple testing); does not survive 25bps cost; spread hit-rate below 0.58 and net spread not strongly compensating; old-cohort-only / fails old-new cohort split; fails pre/post-2020 (subperiod) stability; single-sector-dominated (>60% one sector)
f_x_value_sn,scenario,orthogonal,-0.44,False,non-positive mean IC; IC t-stat below +3.0; fails Benjamini-Hochberg q=0.10 (multiple testing); does not survive 25bps cost; spread hit-rate below 0.58 and net spread not strongly compensating; fails pre/post-2020 (subperiod) stability
f_x_mom_raw,scenario,orthogonal,-1.67,False,non-positive mean IC; IC t-stat below +3.0; fails Benjamini-Hochberg q=0.10 (multiple testing); does not survive 25bps cost; spread hit-rate below 0.58 and net spread not strongly compensating; old-cohort-only / fails old-new cohort split; fails pre/post-2020 (subperiod) stability; single-sector-dominated (>60% one sector)
f_x_mom_sn,scenario,orthogonal,-0.98,False,non-positive mean IC; IC t-stat below +3.0; fails Benjamini-Hochberg q=0.10 (multiple testing); does not survive 25bps cost; spread hit-rate below 0.58 and net spread not strongly compensating; old-cohort-only / fails old-new cohort split; fails pre/post-2020 (subperiod) stability; single-sector-dominated (>60% one sector)
orthogonal_blend__ic_weighted,model,model,-1.08,False,non-positive mean IC; IC t-stat below +3.0; fails Benjamini-Hochberg q=0.10 (multiple testing); does not survive 25bps cost; spread hit-rate below 0.58 and net spread not strongly compensating; old-cohort-only / fails old-new cohort split; fails pre/post-2020 (subperiod) stability; single-sector-dominated (>60% one sector)
orthogonal_blend__equal,model,model,0.01,False,IC t-stat below +3.0; fails Benjamini-Hochberg q=0.10 (multiple testing); does not survive 25bps cost; spread hit-rate below 0.58 and net spread not strongly compensating; old-cohort-only / fails old-new cohort split; fails pre/post-2020 (subperiod) stability; single-sector-dominated (>60% one sector)
f_level_raw,scenario,orthogonal,0.45,False,IC t-stat below +3.0; fails Benjamini-Hochberg q=0.10 (multiple testing); does not survive 25bps cost; spread hit-rate below 0.58 and net spread not strongly compensating; old-cohort-only / fails old-new cohort split; fails pre/post-2020 (subperiod) stability; single-sector-dominated (>60% one sector)
f_level_sn,scenario,orthogonal,0.8,False,IC t-stat below +3.0; fails Benjamini-Hochberg q=0.10 (multiple testing); does not survive 25bps cost; spread hit-rate below 0.58 and net spread not strongly compensating; single-sector-dominated (>60% one sector)
f_chg1_raw,scenario,orthogonal,0.42,False,IC t-stat below +3.0; fails Benjamini-Hochberg q=0.10 (multiple testing); does not survive 25bps cost; spread hit-rate below 0.58 and net spread not strongly compensating; single-sector-dominated (>60% one sector)
f_chg1_sn,scenario,orthogonal,-0.56,False,non-positive mean IC; IC t-stat below +3.0; fails Benjamini-Hochberg q=0.10 (multiple testing); does not survive 25bps cost; spread hit-rate below 0.58 and net spread not strongly compensating; old-cohort-only / fails old-new cohort split; fails pre/post-2020 (subperiod) stability; single-sector-dominated (>60% one sector)
f_accel_raw,scenario,orthogonal,1.51,False,IC t-stat below +3.0; fails Benjamini-Hochberg q=0.10 (multiple testing); does not survive 25bps cost; spread hit-rate below 0.58 and net spread not strongly compensating; single-sector-dominated (>60% one sector)
f_accel_sn,scenario,orthogonal,0.89,False,IC t-stat below +3.0; fails Benjamini-Hochberg q=0.10 (multiple testing); does not survive 25bps cost; spread hit-rate below 0.58 and net spread not strongly compensating; single-sector-dominated (>60% one sector)
f_lag1_raw,scenario,orthogonal,-0.9,False,non-positive mean IC; IC t-stat below +3.0; fails Benjamini-Hochberg q=0.10 (multiple testing); does not survive 25bps cost; spread hit-rate below 0.58 and net spread not strongly compensating; old-cohort-only / fails old-new cohort split; fails pre/post-2020 (subperiod) stability; single-sector-dominated (>60% one sector)
f_lag1_sn,scenario,orthogonal,0.25,False,IC t-stat below +3.0; fails Benjamini-Hochberg q=0.10 (multiple testing); does not survive 25bps cost; spread hit-rate below 0.58 and net spread not strongly compensating; old-cohort-only / fails old-new cohort split; fails pre/post-2020 (subperiod) stability
f_rmean_5_raw,scenario,orthogonal,-0.22,False,non-positive mean IC; IC t-stat below +3.0; fails Benjamini-Hochberg q=0.10 (multiple testing); does not survive 25bps cost; spread hit-rate below 0.58 and net spread not strongly compensating; old-cohort-only / fails old-new cohort split; fails pre/post-2020 (subperiod) stability; single-sector-dominated (>60% one sector)
f_rmean_5_sn,scenario,orthogonal,0.41,False,IC t-stat below +3.0; fails Benjamini-Hochberg q=0.10 (multiple testing); does not survive 25bps cost; spread hit-rate below 0.58 and net spread not strongly compensating; old-cohort-only / fails old-new cohort split; fails pre/post-2020 (subperiod) stability
f_rstd_5_raw,scenario,orthogonal,-0.1,False,non-positive mean IC; IC t-stat below +3.0; fails Benjamini-Hochberg q=0.10 (multiple testing); does not survive 25bps cost; spread hit-rate below 0.58 and net spread not strongly compensating; old-cohort-only / fails old-new cohort split; fails pre/post-2020 (subperiod) stability; single-sector-dominated (>60% one sector)
f_rstd_5_sn,scenario,orthogonal,1.03,False,IC t-stat below +3.0; fails Benjamini-Hochberg q=0.10 (multiple testing); spread hit-rate below 0.58 and net spread not strongly compensating; old-cohort-only / fails old-new cohort split; fails pre/post-2020 (subperiod) stability
f_rchg_5_raw,scenario,orthogonal,-0.45,False,non-positive mean IC; IC t-stat below +3.0; fails Benjamini-Hochberg q=0.10 (multiple testing); does not survive 25bps cost; spread hit-rate below 0.58 and net spread not strongly compensating; old-cohort-only / fails old-new cohort split; fails pre/post-2020 (subperiod) stability; single-sector-dominated (>60% one sector)
f_rchg_5_sn,scenario,orthogonal,-0.89,False,non-positive mean IC; IC t-stat below +3.0; fails Benjamini-Hochberg q=0.10 (multiple testing); does not survive 25bps cost; spread hit-rate below 0.58 and net spread not strongly compensating; old-cohort-only / fails old-new cohort split; fails pre/post-2020 (subperiod) stability; single-sector-dominated (>60% one sector)
f_rmean_21_raw,scenario,orthogonal,0.06,False,IC t-stat below +3.0; fails Benjamini-Hochberg q=0.10 (multiple testing); does not survive 25bps cost; old-cohort-only / fails old-new cohort split; fails pre/post-2020 (subperiod) stability; single-sector-dominated (>60% one sector)
f_rmean_21_sn,scenario,orthogonal,0.01,False,IC t-stat below +3.0; fails Benjamini-Hochberg q=0.10 (multiple testing); does not survive 25bps cost; spread hit-rate below 0.58 and net spread not strongly compensating; old-cohort-only / fails old-new cohort split; fails pre/post-2020 (subperiod) stability
f_rstd_21_raw,scenario,orthogonal,-0.33,False,non-positive mean IC; IC t-stat below +3.0; fails Benjamini-Hochberg q=0.10 (multiple testing); does not survive 25bps cost; spread hit-rate below 0.58 and net spread not strongly compensating; old-cohort-only / fails old-new cohort split; fails pre/post-2020 (subperiod) stability; single-sector-dominated (>60% one sector)
f_rstd_21_sn,scenario,orthogonal,-0.07,False,non-positive mean IC; IC t-stat below +3.0; fails Benjamini-Hochberg q=0.10 (multiple testing); does not survive 25bps cost; spread hit-rate below 0.58 and net spread not strongly compensating; old-cohort-only / fails old-new cohort split; fails pre/post-2020 (subperiod) stability
f_rchg_21_raw,scenario,orthogonal,0.13,False,IC t-stat below +3.0; fails Benjamini-Hochberg q=0.10 (multiple testing); does not survive 25bps cost; spread hit-rate below 0.58 and net spread not strongly compensating; old-cohort-only / fails old-new cohort split; fails pre/post-2020 (subperiod) stability; single-sector-dominated (>60% one sector)
f_rchg_21_sn,scenario,orthogonal,0.09,False,IC t-stat below +3.0; fails Benjamini-Hochberg q=0.10 (multiple testing); does not survive 25bps cost; spread hit-rate below 0.58 and net spread not strongly compensating; old-cohort-only / fails old-new cohort split; fails pre/post-2020 (subperiod) stability; single-sector-dominated (>60% one sector)
f_rmean_63_raw,scenario,orthogonal,-0.68,False,non-positive mean IC; IC t-stat below +3.0; fails Benjamini-Hochberg q=0.10 (multiple testing); does not survive 25bps cost; spread hit-rate below 0.58 and net spread not strongly compensating; old-cohort-only / fails old-new cohort split; fails pre/post-2020 (subperiod) stability; single-sector-dominated (>60% one sector)
f_rmean_63_sn,scenario,orthogonal,-0.66,False,non-positive mean IC; IC t-stat below +3.0; fails Benjamini-Hochberg q=0.10 (multiple testing); does not survive 25bps cost; spread hit-rate below 0.58 and net spread not strongly compensating; old-cohort-only / fails old-new cohort split; fails pre/post-2020 (subperiod) stability
f_rstd_63_raw,scenario,orthogonal,-0.79,False,non-positive mean IC; IC t-stat below +3.0; fails Benjamini-Hochberg q=0.10 (multiple testing); does not survive 25bps cost; spread hit-rate below 0.58 and net spread not strongly compensating; old-cohort-only / fails old-new cohort split; fails pre/post-2020 (subperiod) stability; single-sector-dominated (>60% one sector)
f_rstd_63_sn,scenario,orthogonal,-0.32,False,non-positive mean IC; IC t-stat below +3.0; fails Benjamini-Hochberg q=0.10 (multiple testing); does not survive 25bps cost; spread hit-rate below 0.58 and net spread not strongly compensating; old-cohort-only / fails old-new cohort split; fails pre/post-2020 (subperiod) stability
f_rchg_63_raw,scenario,orthogonal,0.45,False,IC t-stat below +3.0; fails Benjamini-Hochberg q=0.10 (multiple testing); does not survive 25bps cost; spread hit-rate below 0.58 and net spread not strongly compensating; old-cohort-only / fails old-new cohort split; fails pre/post-2020 (subperiod) stability; single-sector-dominated (>60% one sector)
f_rchg_63_sn,scenario,orthogonal,0.27,False,IC t-stat below +3.0; fails Benjamini-Hochberg q=0.10 (multiple testing); does not survive 25bps cost; spread hit-rate below 0.58 and net spread not strongly compensating; old-cohort-only / fails old-new cohort split; fails pre/post-2020 (subperiod) stability; single-sector-dominated (>60% one sector)
f_z_raw,scenario,orthogonal,0.45,False,IC t-stat below +3.0; fails Benjamini-Hochberg q=0.10 (multiple testing); does not survive 25bps cost; spread hit-rate below 0.58 and net spread not strongly compensating; old-cohort-only / fails old-new cohort split; fails pre/post-2020 (subperiod) stability; single-sector-dominated (>60% one sector)
f_z_sn,scenario,orthogonal,0.8,False,IC t-stat below +3.0; fails Benjamini-Hochberg q=0.10 (multiple testing); does not survive 25bps cost; spread hit-rate below 0.58 and net spread not strongly compensating; single-sector-dominated (>60% one sector)
f_sector_z_raw,scenario,orthogonal,0.43,False,IC t-stat below +3.0; fails Benjamini-Hochberg q=0.10 (multiple testing); does not survive 25bps cost; spread hit-rate below 0.58 and net spread not strongly compensating; old-cohort-only / fails old-new cohort split; fails pre/post-2020 (subperiod) stability
f_sector_z_sn,scenario,orthogonal,0.44,False,IC t-stat below +3.0; fails Benjamini-Hochberg q=0.10 (multiple testing); does not survive 25bps cost; spread hit-rate below 0.58 and net spread not strongly compensating; old-cohort-only / fails old-new cohort split; fails pre/post-2020 (subperiod) stability
f_rank_raw,scenario,orthogonal,0.45,False,IC t-stat below +3.0; fails Benjamini-Hochberg q=0.10 (multiple testing); does not survive 25bps cost; spread hit-rate below 0.58 and net spread not strongly compensating; old-cohort-only / fails old-new cohort split; fails pre/post-2020 (subperiod) stability; single-sector-dominated (>60% one sector)
f_rank_sn,scenario,orthogonal,0.85,False,IC t-stat below +3.0; fails Benjamini-Hochberg q=0.10 (multiple testing); does not survive 25bps cost; spread hit-rate below 0.58 and net spread not strongly compensating; single-sector-dominated (>60% one sector)
f_winz_raw,scenario,orthogonal,0.45,False,IC t-stat below +3.0; fails Benjamini-Hochberg q=0.10 (multiple testing); does not survive 25bps cost; spread hit-rate below 0.58 and net spread not strongly compensating; old-cohort-only / fails old-new cohort split; fails pre/post-2020 (subperiod) stability; single-sector-dominated (>60% one sector)
f_winz_sn,scenario,orthogonal,0.86,False,IC t-stat below +3.0; fails Benjamini-Hochberg q=0.10 (multiple testing); does not survive 25bps cost; spread hit-rate below 0.58 and net spread not strongly compensating; single-sector-dominated (>60% one sector)
f_x_surprise_raw,scenario,orthogonal,0.16,False,IC t-stat below +3.0; fails Benjamini-Hochberg q=0.10 (multiple testing); does not survive 25bps cost; spread hit-rate below 0.58 and net spread not strongly compensating; old-cohort-only / fails old-new cohort split; fails pre/post-2020 (subperiod) stability; single-sector-dominated (>60% one sector)
f_x_surprise_sn,scenario,orthogonal,0.26,False,IC t-stat below +3.0; fails Benjamini-Hochberg q=0.10 (multiple testing); does not survive 25bps cost; spread hit-rate below 0.58 and net spread not strongly compensating; old-cohort-only / fails old-new cohort split; fails pre/post-2020 (subperiod) stability
f_x_quality_raw,scenario,orthogonal,-1.85,False,non-positive mean IC; IC t-stat below +3.0; fails Benjamini-Hochberg q=0.10 (multiple testing); does not survive 25bps cost; spread hit-rate below 0.58 and net spread not strongly compensating; old-cohort-only / fails old-new cohort split; fails pre/post-2020 (subperiod) stability; single-sector-dominated (>60% one sector)
f_x_quality_sn,scenario,orthogonal,-1.25,False,non-positive mean IC; IC t-stat below +3.0; fails Benjamini-Hochberg q=0.10 (multiple testing); does not survive 25bps cost; spread hit-rate below 0.58 and net spread not strongly compensating; old-cohort-only / fails old-new cohort split; fails pre/post-2020 (subperiod) stability
f_x_value_raw,scenario,orthogonal,-0.07,False,non-positive mean IC; IC t-stat below +3.0; fails Benjamini-Hochberg q=0.10 (multiple testing); does not survive 25bps cost; spread hit-rate below 0.58 and net spread not strongly compensating; old-cohort-only / fails old-new cohort split; fails pre/post-2020 (subperiod) stability; single-sector-dominated (>60% one sector)
f_x_value_sn,scenario,orthogonal,-0.81,False,non-positive mean IC; IC t-stat below +3.0; fails Benjamini-Hochberg q=0.10 (multiple testing); does not survive 25bps cost; spread hit-rate below 0.58 and net spread not strongly compensating; old-cohort-only / fails old-new cohort split; fails pre/post-2020 (subperiod) stability; single-sector-dominated (>60% one sector)
f_x_mom_raw,scenario,orthogonal,-0.76,False,non-positive mean IC; IC t-stat below +3.0; fails Benjamini-Hochberg q=0.10 (multiple testing); does not survive 25bps cost; spread hit-rate below 0.58 and net spread not strongly compensating; old-cohort-only / fails old-new cohort split; fails pre/post-2020 (subperiod) stability; single-sector-dominated (>60% one sector)
f_x_mom_sn,scenario,orthogonal,-0.19,False,non-positive mean IC; IC t-stat below +3.0; fails Benjamini-Hochberg q=0.10 (multiple testing); does not survive 25bps cost; spread hit-rate below 0.58 and net spread not strongly compensating; old-cohort-only / fails old-new cohort split; fails pre/post-2020 (subperiod) stability; single-sector-dominated (>60% one sector)
orthogonal_blend__ic_weighted,model,model,-0.03,False,non-positive mean IC; IC t-stat below +3.0; fails Benjamini-Hochberg q=0.10 (multiple testing); does not survive 25bps cost; spread hit-rate below 0.58 and net spread not strongly compensating; old-cohort-only / fails old-new cohort split; fails pre/post-2020 (subperiod) stability; single-sector-dominated (>60% one sector)
orthogonal_blend__equal,model,model,0.06,False,IC t-stat below +3.0; fails Benjamini-Hochberg q=0.10 (multiple testing); does not survive 25bps cost; spread hit-rate below 0.58 and net spread not strongly compensating; old-cohort-only / fails old-new cohort split; fails pre/post-2020 (subperiod) stability; single-sector-dominated (>60% one sector)
f_level_raw,scenario,orthogonal,0.7,False,IC t-stat below +3.0; fails Benjamini-Hochberg q=0.10 (multiple testing); does not survive 25bps cost; spread hit-rate below 0.58 and net spread not strongly compensating
f_level_sn,scenario,orthogonal,1.08,False,IC t-stat below +3.0; fails Benjamini-Hochberg q=0.10 (multiple testing); does not survive 25bps cost; spread hit-rate below 0.58 and net spread not strongly compensating; single-sector-dominated (>60% one sector)
f_chg1_raw,scenario,orthogonal,0.17,False,IC t-stat below +3.0; fails Benjamini-Hochberg q=0.10 (multiple testing); does not survive 25bps cost; spread hit-rate below 0.58 and net spread not strongly compensating; old-cohort-only / fails old-new cohort split; fails pre/post-2020 (subperiod) stability; single-sector-dominated (>60% one sector)
f_chg1_sn,scenario,orthogonal,0.31,False,IC t-stat below +3.0; fails Benjamini-Hochberg q=0.10 (multiple testing); does not survive 25bps cost; spread hit-rate below 0.58 and net spread not strongly compensating; old-cohort-only / fails old-new cohort split; fails pre/post-2020 (subperiod) stability
f_accel_raw,scenario,orthogonal,0.57,False,IC t-stat below +3.0; fails Benjamini-Hochberg q=0.10 (multiple testing); spread hit-rate below 0.58 and net spread not strongly compensating; old-cohort-only / fails old-new cohort split; fails pre/post-2020 (subperiod) stability; single-sector-dominated (>60% one sector)
f_accel_sn,scenario,orthogonal,0.66,False,IC t-stat below +3.0; fails Benjamini-Hochberg q=0.10 (multiple testing); spread hit-rate below 0.58 and net spread not strongly compensating; old-cohort-only / fails old-new cohort split; fails pre/post-2020 (subperiod) stability
f_lag1_raw,scenario,orthogonal,0.77,False,IC t-stat below +3.0; fails Benjamini-Hochberg q=0.10 (multiple testing); does not survive 25bps cost; spread hit-rate below 0.58 and net spread not strongly compensating
f_lag1_sn,scenario,orthogonal,0.8,False,IC t-stat below +3.0; fails Benjamini-Hochberg q=0.10 (multiple testing); does not survive 25bps cost; spread hit-rate below 0.58 and net spread not strongly compensating; single-sector-dominated (>60% one sector)
f_rmean_5_raw,scenario,orthogonal,0.45,False,IC t-stat below +3.0; fails Benjamini-Hochberg q=0.10 (multiple testing); does not survive 25bps cost; spread hit-rate below 0.58 and net spread not strongly compensating
f_rmean_5_sn,scenario,orthogonal,0.74,False,IC t-stat below +3.0; fails Benjamini-Hochberg q=0.10 (multiple testing); does not survive 25bps cost; spread hit-rate below 0.58 and net spread not strongly compensating; single-sector-dominated (>60% one sector)
f_rstd_5_raw,scenario,orthogonal,0.96,False,IC t-stat below +3.0; fails Benjamini-Hochberg q=0.10 (multiple testing); does not survive 25bps cost; spread hit-rate below 0.58 and net spread not strongly compensating; fails pre/post-2020 (subperiod) stability; single-sector-dominated (>60% one sector)
f_rstd_5_sn,scenario,orthogonal,1.65,False,IC t-stat below +3.0; fails Benjamini-Hochberg q=0.10 (multiple testing); does not survive 25bps cost; spread hit-rate below 0.58 and net spread not strongly compensating
f_rchg_5_raw,scenario,orthogonal,-0.38,False,non-positive mean IC; IC t-stat below +3.0; fails Benjamini-Hochberg q=0.10 (multiple testing); does not survive 25bps cost; spread hit-rate below 0.58 and net spread not strongly compensating; old-cohort-only / fails old-new cohort split; fails pre/post-2020 (subperiod) stability; single-sector-dominated (>60% one sector)
f_rchg_5_sn,scenario,orthogonal,-0.19,False,non-positive mean IC; IC t-stat below +3.0; fails Benjamini-Hochberg q=0.10 (multiple testing); does not survive 25bps cost; spread hit-rate below 0.58 and net spread not strongly compensating; old-cohort-only / fails old-new cohort split; fails pre/post-2020 (subperiod) stability
f_rmean_21_raw,scenario,orthogonal,1.33,False,IC t-stat below +3.0; fails Benjamini-Hochberg q=0.10 (multiple testing); does not survive 25bps cost; spread hit-rate below 0.58 and net spread not strongly compensating
f_rmean_21_sn,scenario,orthogonal,1.6,False,IC t-stat below +3.0; fails Benjamini-Hochberg q=0.10 (multiple testing); does not survive 25bps cost; spread hit-rate below 0.58 and net spread not strongly compensating
f_rstd_21_raw,scenario,orthogonal,1.11,False,IC t-stat below +3.0; fails Benjamini-Hochberg q=0.10 (multiple testing); does not survive 25bps cost; spread hit-rate below 0.58 and net spread not strongly compensating; fails pre/post-2020 (subperiod) stability; single-sector-dominated (>60% one sector)
f_rstd_21_sn,scenario,orthogonal,2.07,False,IC t-stat below +3.0; fails Benjamini-Hochberg q=0.10 (multiple testing); does not survive 25bps cost
f_rchg_21_raw,scenario,orthogonal,-1.25,False,non-positive mean IC; IC t-stat below +3.0; fails Benjamini-Hochberg q=0.10 (multiple testing); does not survive 25bps cost; spread hit-rate below 0.58 and net spread not strongly compensating; old-cohort-only / fails old-new cohort split; fails pre/post-2020 (subperiod) stability
f_rchg_21_sn,scenario,orthogonal,-0.95,False,non-positive mean IC; IC t-stat below +3.0; fails Benjamini-Hochberg q=0.10 (multiple testing); does not survive 25bps cost; spread hit-rate below 0.58 and net spread not strongly compensating; old-cohort-only / fails old-new cohort split; fails pre/post-2020 (subperiod) stability; single-sector-dominated (>60% one sector)
f_rmean_63_raw,scenario,orthogonal,1.11,False,IC t-stat below +3.0; fails Benjamini-Hochberg q=0.10 (multiple testing); does not survive 25bps cost; spread hit-rate below 0.58 and net spread not strongly compensating
f_rmean_63_sn,scenario,orthogonal,1.36,False,IC t-stat below +3.0; fails Benjamini-Hochberg q=0.10 (multiple testing); does not survive 25bps cost; spread hit-rate below 0.58 and net spread not strongly compensating; fails pre/post-2020 (subperiod) stability
f_rstd_63_raw,scenario,orthogonal,1.05,False,IC t-stat below +3.0; fails Benjamini-Hochberg q=0.10 (multiple testing); does not survive 25bps cost; spread hit-rate below 0.58 and net spread not strongly compensating; old-cohort-only / fails old-new cohort split; fails pre/post-2020 (subperiod) stability; single-sector-dominated (>60% one sector)
f_rstd_63_sn,scenario,orthogonal,1.42,False,IC t-stat below +3.0; fails Benjamini-Hochberg q=0.10 (multiple testing); does not survive 25bps cost; spread hit-rate below 0.58 and net spread not strongly compensating; old-cohort-only / fails old-new cohort split; fails pre/post-2020 (subperiod) stability
f_rchg_63_raw,scenario,orthogonal,-1.12,False,non-positive mean IC; IC t-stat below +3.0; fails Benjamini-Hochberg q=0.10 (multiple testing); does not survive 25bps cost; spread hit-rate below 0.58 and net spread not strongly compensating; old-cohort-only / fails old-new cohort split; fails pre/post-2020 (subperiod) stability
f_rchg_63_sn,scenario,orthogonal,-0.99,False,non-positive mean IC; IC t-stat below +3.0; fails Benjamini-Hochberg q=0.10 (multiple testing); does not survive 25bps cost; spread hit-rate below 0.58 and net spread not strongly compensating; old-cohort-only / fails old-new cohort split; fails pre/post-2020 (subperiod) stability; single-sector-dominated (>60% one sector)
f_z_raw,scenario,orthogonal,0.7,False,IC t-stat below +3.0; fails Benjamini-Hochberg q=0.10 (multiple testing); does not survive 25bps cost; spread hit-rate below 0.58 and net spread not strongly compensating
f_z_sn,scenario,orthogonal,1.08,False,IC t-stat below +3.0; fails Benjamini-Hochberg q=0.10 (multiple testing); does not survive 25bps cost; spread hit-rate below 0.58 and net spread not strongly compensating; single-sector-dominated (>60% one sector)
f_sector_z_raw,scenario,orthogonal,0.83,False,IC t-stat below +3.0; fails Benjamini-Hochberg q=0.10 (multiple testing); does not survive 25bps cost; spread hit-rate below 0.58 and net spread not strongly compensating
f_sector_z_sn,scenario,orthogonal,0.83,False,IC t-stat below +3.0; fails Benjamini-Hochberg q=0.10 (multiple testing); does not survive 25bps cost; spread hit-rate below 0.58 and net spread not strongly compensating
f_rank_raw,scenario,orthogonal,0.7,False,IC t-stat below +3.0; fails Benjamini-Hochberg q=0.10 (multiple testing); does not survive 25bps cost; spread hit-rate below 0.58 and net spread not strongly compensating
f_rank_sn,scenario,orthogonal,0.95,False,IC t-stat below +3.0; fails Benjamini-Hochberg q=0.10 (multiple testing); does not survive 25bps cost; spread hit-rate below 0.58 and net spread not strongly compensating; single-sector-dominated (>60% one sector)
f_winz_raw,scenario,orthogonal,0.7,False,IC t-stat below +3.0; fails Benjamini-Hochberg q=0.10 (multiple testing); does not survive 25bps cost; spread hit-rate below 0.58 and net spread not strongly compensating
f_winz_sn,scenario,orthogonal,1.04,False,IC t-stat below +3.0; fails Benjamini-Hochberg q=0.10 (multiple testing); does not survive 25bps cost; spread hit-rate below 0.58 and net spread not strongly compensating; single-sector-dominated (>60% one sector)
f_x_surprise_raw,scenario,orthogonal,-1.32,False,non-positive mean IC; IC t-stat below +3.0; fails Benjamini-Hochberg q=0.10 (multiple testing); does not survive 25bps cost; spread hit-rate below 0.58 and net spread not strongly compensating; old-cohort-only / fails old-new cohort split; fails pre/post-2020 (subperiod) stability; single-sector-dominated (>60% one sector)
f_x_surprise_sn,scenario,orthogonal,-1.14,False,non-positive mean IC; IC t-stat below +3.0; fails Benjamini-Hochberg q=0.10 (multiple testing); does not survive 25bps cost; spread hit-rate below 0.58 and net spread not strongly compensating; old-cohort-only / fails old-new cohort split; fails pre/post-2020 (subperiod) stability; single-sector-dominated (>60% one sector)
f_x_quality_raw,scenario,orthogonal,-1.12,False,non-positive mean IC; IC t-stat below +3.0; fails Benjamini-Hochberg q=0.10 (multiple testing); does not survive 25bps cost; spread hit-rate below 0.58 and net spread not strongly compensating; old-cohort-only / fails old-new cohort split; fails pre/post-2020 (subperiod) stability
f_x_quality_sn,scenario,orthogonal,-1.1,False,non-positive mean IC; IC t-stat below +3.0; fails Benjamini-Hochberg q=0.10 (multiple testing); does not survive 25bps cost; spread hit-rate below 0.58 and net spread not strongly compensating; old-cohort-only / fails old-new cohort split; fails pre/post-2020 (subperiod) stability
f_x_value_raw,scenario,orthogonal,-1.77,False,non-positive mean IC; IC t-stat below +3.0; fails Benjamini-Hochberg q=0.10 (multiple testing); does not survive 25bps cost; spread hit-rate below 0.58 and net spread not strongly compensating; old-cohort-only / fails old-new cohort split; fails pre/post-2020 (subperiod) stability; single-sector-dominated (>60% one sector)
f_x_value_sn,scenario,orthogonal,-1.66,False,non-positive mean IC; IC t-stat below +3.0; fails Benjamini-Hochberg q=0.10 (multiple testing); does not survive 25bps cost; spread hit-rate below 0.58 and net spread not strongly compensating; old-cohort-only / fails old-new cohort split; fails pre/post-2020 (subperiod) stability; single-sector-dominated (>60% one sector)
f_x_mom_raw,scenario,orthogonal,0.36,False,IC t-stat below +3.0; fails Benjamini-Hochberg q=0.10 (multiple testing); does not survive 25bps cost; spread hit-rate below 0.58 and net spread not strongly compensating; fails pre/post-2020 (subperiod) stability; single-sector-dominated (>60% one sector)
f_x_mom_sn,scenario,orthogonal,0.12,False,IC t-stat below +3.0; fails Benjamini-Hochberg q=0.10 (multiple testing); does not survive 25bps cost; spread hit-rate below 0.58 and net spread not strongly compensating; fails pre/post-2020 (subperiod) stability; single-sector-dominated (>60% one sector)
orthogonal_blend__ic_weighted,model,model,-0.27,False,non-positive mean IC; IC t-stat below +3.0; fails Benjamini-Hochberg q=0.10 (multiple testing); does not survive 25bps cost; spread hit-rate below 0.58 and net spread not strongly compensating; old-cohort-only / fails old-new cohort split; fails pre/post-2020 (subperiod) stability; single-sector-dominated (>60% one sector)
orthogonal_blend__equal,model,model,0.18,False,IC t-stat below +3.0; fails Benjamini-Hochberg q=0.10 (multiple testing); does not survive 25bps cost; spread hit-rate below 0.58 and net spread not strongly compensating; old-cohort-only / fails old-new cohort split; fails pre/post-2020 (subperiod) stability; single-sector-dominated (>60% one sector)
f_level_raw,scenario,orthogonal,-0.81,False,non-positive mean IC; IC t-stat below +3.0; fails Benjamini-Hochberg q=0.10 (multiple testing); does not survive 25bps cost; spread hit-rate below 0.58 and net spread not strongly compensating; old-cohort-only / fails old-new cohort split; fails pre/post-2020 (subperiod) stability; single-sector-dominated (>60% one sector)
f_level_sn,scenario,orthogonal,-1.2,False,non-positive mean IC; IC t-stat below +3.0; fails Benjamini-Hochberg q=0.10 (multiple testing); does not survive 25bps cost; spread hit-rate below 0.58 and net spread not strongly compensating; old-cohort-only / fails old-new cohort split; fails pre/post-2020 (subperiod) stability; single-sector-dominated (>60% one sector)
f_chg1_raw,scenario,orthogonal,-2.15,False,non-positive mean IC; IC t-stat below +3.0; fails Benjamini-Hochberg q=0.10 (multiple testing); does not survive 25bps cost; old-cohort-only / fails old-new cohort split; fails pre/post-2020 (subperiod) stability; single-sector-dominated (>60% one sector)
f_chg1_sn,scenario,orthogonal,-2.44,False,non-positive mean IC; IC t-stat below +3.0; fails Benjamini-Hochberg q=0.10 (multiple testing); does not survive 25bps cost; old-cohort-only / fails old-new cohort split; fails pre/post-2020 (subperiod) stability
f_accel_raw,scenario,orthogonal,-1.72,False,non-positive mean IC; IC t-stat below +3.0; fails Benjamini-Hochberg q=0.10 (multiple testing); does not survive 25bps cost; old-cohort-only / fails old-new cohort split; fails pre/post-2020 (subperiod) stability; single-sector-dominated (>60% one sector)
f_accel_sn,scenario,orthogonal,-2.02,False,non-positive mean IC; IC t-stat below +3.0; fails Benjamini-Hochberg q=0.10 (multiple testing); does not survive 25bps cost; old-cohort-only / fails old-new cohort split; fails pre/post-2020 (subperiod) stability; single-sector-dominated (>60% one sector)
f_lag1_raw,scenario,orthogonal,1.08,False,IC t-stat below +3.0; fails Benjamini-Hochberg q=0.10 (multiple testing); does not survive 25bps cost; spread hit-rate below 0.58 and net spread not strongly compensating; single-sector-dominated (>60% one sector)
f_lag1_sn,scenario,orthogonal,0.9,False,IC t-stat below +3.0; fails Benjamini-Hochberg q=0.10 (multiple testing); does not survive 25bps cost; spread hit-rate below 0.58 and net spread not strongly compensating; single-sector-dominated (>60% one sector)
f_rmean_5_raw,scenario,orthogonal,0.91,False,IC t-stat below +3.0; fails Benjamini-Hochberg q=0.10 (multiple testing); does not survive 25bps cost; spread hit-rate below 0.58 and net spread not strongly compensating; old-cohort-only / fails old-new cohort split; single-sector-dominated (>60% one sector)
f_rmean_5_sn,scenario,orthogonal,0.48,False,IC t-stat below +3.0; fails Benjamini-Hochberg q=0.10 (multiple testing); does not survive 25bps cost; spread hit-rate below 0.58 and net spread not strongly compensating; old-cohort-only / fails old-new cohort split; single-sector-dominated (>60% one sector)
f_rstd_5_raw,scenario,orthogonal,0.72,False,IC t-stat below +3.0; fails Benjamini-Hochberg q=0.10 (multiple testing); does not survive 25bps cost; spread hit-rate below 0.58 and net spread not strongly compensating; fails pre/post-2020 (subperiod) stability; single-sector-dominated (>60% one sector)
f_rstd_5_sn,scenario,orthogonal,1.27,False,IC t-stat below +3.0; fails Benjamini-Hochberg q=0.10 (multiple testing); does not survive 25bps cost; spread hit-rate below 0.58 and net spread not strongly compensating; fails pre/post-2020 (subperiod) stability; single-sector-dominated (>60% one sector)
f_rchg_5_raw,scenario,orthogonal,-1.63,False,non-positive mean IC; IC t-stat below +3.0; fails Benjamini-Hochberg q=0.10 (multiple testing); does not survive 25bps cost; spread hit-rate below 0.58 and net spread not strongly compensating; old-cohort-only / fails old-new cohort split; fails pre/post-2020 (subperiod) stability; single-sector-dominated (>60% one sector)
f_rchg_5_sn,scenario,orthogonal,-1.92,False,non-positive mean IC; IC t-stat below +3.0; fails Benjamini-Hochberg q=0.10 (multiple testing); does not survive 25bps cost; spread hit-rate below 0.58 and net spread not strongly compensating; old-cohort-only / fails old-new cohort split; fails pre/post-2020 (subperiod) stability
f_rmean_21_raw,scenario,orthogonal,0.65,False,IC t-stat below +3.0; fails Benjamini-Hochberg q=0.10 (multiple testing); does not survive 25bps cost; spread hit-rate below 0.58 and net spread not strongly compensating; fails pre/post-2020 (subperiod) stability; single-sector-dominated (>60% one sector)
f_rmean_21_sn,scenario,orthogonal,0.55,False,IC t-stat below +3.0; fails Benjamini-Hochberg q=0.10 (multiple testing); does not survive 25bps cost; spread hit-rate below 0.58 and net spread not strongly compensating; old-cohort-only / fails old-new cohort split; fails pre/post-2020 (subperiod) stability; single-sector-dominated (>60% one sector)
f_rstd_21_raw,scenario,orthogonal,-0.41,False,non-positive mean IC; IC t-stat below +3.0; fails Benjamini-Hochberg q=0.10 (multiple testing); does not survive 25bps cost; spread hit-rate below 0.58 and net spread not strongly compensating; old-cohort-only / fails old-new cohort split; fails pre/post-2020 (subperiod) stability; single-sector-dominated (>60% one sector)
f_rstd_21_sn,scenario,orthogonal,-0.06,False,non-positive mean IC; IC t-stat below +3.0; fails Benjamini-Hochberg q=0.10 (multiple testing); does not survive 25bps cost; spread hit-rate below 0.58 and net spread not strongly compensating; old-cohort-only / fails old-new cohort split; fails pre/post-2020 (subperiod) stability
f_rchg_21_raw,scenario,orthogonal,-1.61,False,non-positive mean IC; IC t-stat below +3.0; fails Benjamini-Hochberg q=0.10 (multiple testing); does not survive 25bps cost; spread hit-rate below 0.58 and net spread not strongly compensating; old-cohort-only / fails old-new cohort split; fails pre/post-2020 (subperiod) stability; single-sector-dominated (>60% one sector)
f_rchg_21_sn,scenario,orthogonal,-1.87,False,non-positive mean IC; IC t-stat below +3.0; fails Benjamini-Hochberg q=0.10 (multiple testing); does not survive 25bps cost; spread hit-rate below 0.58 and net spread not strongly compensating; old-cohort-only / fails old-new cohort split; fails pre/post-2020 (subperiod) stability; single-sector-dominated (>60% one sector)
f_rmean_63_raw,scenario,orthogonal,0.49,False,IC t-stat below +3.0; fails Benjamini-Hochberg q=0.10 (multiple testing); does not survive 25bps cost; spread hit-rate below 0.58 and net spread not strongly compensating; fails pre/post-2020 (subperiod) stability; single-sector-dominated (>60% one sector)
f_rmean_63_sn,scenario,orthogonal,0.54,False,IC t-stat below +3.0; fails Benjamini-Hochberg q=0.10 (multiple testing); does not survive 25bps cost; spread hit-rate below 0.58 and net spread not strongly compensating; old-cohort-only / fails old-new cohort split; fails pre/post-2020 (subperiod) stability; single-sector-dominated (>60% one sector)
f_rstd_63_raw,scenario,orthogonal,0.11,False,IC t-stat below +3.0; fails Benjamini-Hochberg q=0.10 (multiple testing); spread hit-rate below 0.58 and net spread not strongly compensating; old-cohort-only / fails old-new cohort split; single-sector-dominated (>60% one sector)
f_rstd_63_sn,scenario,orthogonal,0.52,False,IC t-stat below +3.0; fails Benjamini-Hochberg q=0.10 (multiple testing); old-cohort-only / fails old-new cohort split
f_rchg_63_raw,scenario,orthogonal,-1.61,False,non-positive mean IC; IC t-stat below +3.0; fails Benjamini-Hochberg q=0.10 (multiple testing); does not survive 25bps cost; spread hit-rate below 0.58 and net spread not strongly compensating; old-cohort-only / fails old-new cohort split; fails pre/post-2020 (subperiod) stability; single-sector-dominated (>60% one sector)
f_rchg_63_sn,scenario,orthogonal,-2.06,False,non-positive mean IC; IC t-stat below +3.0; fails Benjamini-Hochberg q=0.10 (multiple testing); does not survive 25bps cost; spread hit-rate below 0.58 and net spread not strongly compensating; old-cohort-only / fails old-new cohort split; fails pre/post-2020 (subperiod) stability
f_z_raw,scenario,orthogonal,-0.81,False,non-positive mean IC; IC t-stat below +3.0; fails Benjamini-Hochberg q=0.10 (multiple testing); does not survive 25bps cost; spread hit-rate below 0.58 and net spread not strongly compensating; old-cohort-only / fails old-new cohort split; fails pre/post-2020 (subperiod) stability; single-sector-dominated (>60% one sector)
f_z_sn,scenario,orthogonal,-1.2,False,non-positive mean IC; IC t-stat below +3.0; fails Benjamini-Hochberg q=0.10 (multiple testing); does not survive 25bps cost; spread hit-rate below 0.58 and net spread not strongly compensating; old-cohort-only / fails old-new cohort split; fails pre/post-2020 (subperiod) stability; single-sector-dominated (>60% one sector)
f_sector_z_raw,scenario,orthogonal,-1.33,False,non-positive mean IC; IC t-stat below +3.0; fails Benjamini-Hochberg q=0.10 (multiple testing); does not survive 25bps cost; spread hit-rate below 0.58 and net spread not strongly compensating; old-cohort-only / fails old-new cohort split; fails pre/post-2020 (subperiod) stability
f_sector_z_sn,scenario,orthogonal,-1.33,False,non-positive mean IC; IC t-stat below +3.0; fails Benjamini-Hochberg q=0.10 (multiple testing); does not survive 25bps cost; spread hit-rate below 0.58 and net spread not strongly compensating; old-cohort-only / fails old-new cohort split; fails pre/post-2020 (subperiod) stability
f_rank_raw,scenario,orthogonal,-0.81,False,non-positive mean IC; IC t-stat below +3.0; fails Benjamini-Hochberg q=0.10 (multiple testing); does not survive 25bps cost; spread hit-rate below 0.58 and net spread not strongly compensating; old-cohort-only / fails old-new cohort split; fails pre/post-2020 (subperiod) stability; single-sector-dominated (>60% one sector)
f_rank_sn,scenario,orthogonal,-1.17,False,non-positive mean IC; IC t-stat below +3.0; fails Benjamini-Hochberg q=0.10 (multiple testing); does not survive 25bps cost; spread hit-rate below 0.58 and net spread not strongly compensating; old-cohort-only / fails old-new cohort split; fails pre/post-2020 (subperiod) stability; single-sector-dominated (>60% one sector)
f_winz_raw,scenario,orthogonal,-0.81,False,non-positive mean IC; IC t-stat below +3.0; fails Benjamini-Hochberg q=0.10 (multiple testing); does not survive 25bps cost; spread hit-rate below 0.58 and net spread not strongly compensating; old-cohort-only / fails old-new cohort split; fails pre/post-2020 (subperiod) stability; single-sector-dominated (>60% one sector)
f_winz_sn,scenario,orthogonal,-1.18,False,non-positive mean IC; IC t-stat below +3.0; fails Benjamini-Hochberg q=0.10 (multiple testing); does not survive 25bps cost; spread hit-rate below 0.58 and net spread not strongly compensating; old-cohort-only / fails old-new cohort split; fails pre/post-2020 (subperiod) stability; single-sector-dominated (>60% one sector)
f_x_surprise_raw,scenario,orthogonal,-0.42,False,non-positive mean IC; IC t-stat below +3.0; fails Benjamini-Hochberg q=0.10 (multiple testing); does not survive 25bps cost; spread hit-rate below 0.58 and net spread not strongly compensating; old-cohort-only / fails old-new cohort split; fails pre/post-2020 (subperiod) stability; single-sector-dominated (>60% one sector)
f_x_surprise_sn,scenario,orthogonal,-0.09,False,non-positive mean IC; IC t-stat below +3.0; fails Benjamini-Hochberg q=0.10 (multiple testing); does not survive 25bps cost; spread hit-rate below 0.58 and net spread not strongly compensating; old-cohort-only / fails old-new cohort split; fails pre/post-2020 (subperiod) stability; single-sector-dominated (>60% one sector)
f_x_quality_raw,scenario,orthogonal,-1.01,False,non-positive mean IC; IC t-stat below +3.0; fails Benjamini-Hochberg q=0.10 (multiple testing); does not survive 25bps cost; spread hit-rate below 0.58 and net spread not strongly compensating; old-cohort-only / fails old-new cohort split; fails pre/post-2020 (subperiod) stability
f_x_quality_sn,scenario,orthogonal,-0.43,False,non-positive mean IC; IC t-stat below +3.0; fails Benjamini-Hochberg q=0.10 (multiple testing); does not survive 25bps cost; spread hit-rate below 0.58 and net spread not strongly compensating; old-cohort-only / fails old-new cohort split; fails pre/post-2020 (subperiod) stability; single-sector-dominated (>60% one sector)
f_x_value_raw,scenario,orthogonal,1.51,False,IC t-stat below +3.0; fails Benjamini-Hochberg q=0.10 (multiple testing); does not survive 25bps cost; spread hit-rate below 0.58 and net spread not strongly compensating; single-sector-dominated (>60% one sector)
f_x_value_sn,scenario,orthogonal,0.99,False,IC t-stat below +3.0; fails Benjamini-Hochberg q=0.10 (multiple testing); does not survive 25bps cost; spread hit-rate below 0.58 and net spread not strongly compensating; single-sector-dominated (>60% one sector)
f_x_mom_raw,scenario,orthogonal,0.11,False,IC t-stat below +3.0; fails Benjamini-Hochberg q=0.10 (multiple testing); does not survive 25bps cost; spread hit-rate below 0.58 and net spread not strongly compensating; old-cohort-only / fails old-new cohort split; fails pre/post-2020 (subperiod) stability; single-sector-dominated (>60% one sector)
f_x_mom_sn,scenario,orthogonal,0.7,False,IC t-stat below +3.0; fails Benjamini-Hochberg q=0.10 (multiple testing); does not survive 25bps cost; spread hit-rate below 0.58 and net spread not strongly compensating; single-sector-dominated (>60% one sector)
orthogonal_blend__ic_weighted,model,model,0.42,False,IC t-stat below +3.0; fails Benjamini-Hochberg q=0.10 (multiple testing); does not survive 25bps cost; spread hit-rate below 0.58 and net spread not strongly compensating; old-cohort-only / fails old-new cohort split; single-sector-dominated (>60% one sector)
orthogonal_blend__equal,model,model,-0.25,False,non-positive mean IC; IC t-stat below +3.0; fails Benjamini-Hochberg q=0.10 (multiple testing); does not survive 25bps cost; spread hit-rate below 0.58 and net spread not strongly compensating; old-cohort-only / fails old-new cohort split; fails pre/post-2020 (subperiod) stability; single-sector-dominated (>60% one sector)
f_level_raw,scenario,orthogonal,0.74,False,IC t-stat below +3.0; fails Benjamini-Hochberg q=0.10 (multiple testing); does not survive 25bps cost; spread hit-rate below 0.58 and net spread not strongly compensating
f_level_sn,scenario,orthogonal,1.24,False,IC t-stat below +3.0; fails Benjamini-Hochberg q=0.10 (multiple testing); does not survive 25bps cost
f_chg1_raw,scenario,orthogonal,1.43,False,IC t-stat below +3.0; fails Benjamini-Hochberg q=0.10 (multiple testing); spread hit-rate below 0.58 and net spread not strongly compensating; fails pre/post-2020 (subperiod) stability; single-sector-dominated (>60% one sector)
f_chg1_sn,scenario,orthogonal,1.64,False,IC t-stat below +3.0; fails Benjamini-Hochberg q=0.10 (multiple testing); single-sector-dominated (>60% one sector)
f_accel_raw,scenario,orthogonal,0.48,False,IC t-stat below +3.0; fails Benjamini-Hochberg q=0.10 (multiple testing); does not survive 25bps cost; spread hit-rate below 0.58 and net spread not strongly compensating; fails pre/post-2020 (subperiod) stability; single-sector-dominated (>60% one sector)
f_accel_sn,scenario,orthogonal,0.65,False,IC t-stat below +3.0; fails Benjamini-Hochberg q=0.10 (multiple testing); does not survive 25bps cost; spread hit-rate below 0.58 and net spread not strongly compensating; fails pre/post-2020 (subperiod) stability; single-sector-dominated (>60% one sector)
f_lag1_raw,scenario,orthogonal,0.36,False,IC t-stat below +3.0; fails Benjamini-Hochberg q=0.10 (multiple testing); does not survive 25bps cost; spread hit-rate below 0.58 and net spread not strongly compensating; fails pre/post-2020 (subperiod) stability; single-sector-dominated (>60% one sector)
f_lag1_sn,scenario,orthogonal,0.82,False,IC t-stat below +3.0; fails Benjamini-Hochberg q=0.10 (multiple testing); does not survive 25bps cost
f_rmean_5_raw,scenario,orthogonal,0.41,False,IC t-stat below +3.0; fails Benjamini-Hochberg q=0.10 (multiple testing); does not survive 25bps cost; spread hit-rate below 0.58 and net spread not strongly compensating; old-cohort-only / fails old-new cohort split; fails pre/post-2020 (subperiod) stability; single-sector-dominated (>60% one sector)
f_rmean_5_sn,scenario,orthogonal,0.87,False,IC t-stat below +3.0; fails Benjamini-Hochberg q=0.10 (multiple testing); does not survive 25bps cost; spread hit-rate below 0.58 and net spread not strongly compensating
f_rstd_5_raw,scenario,orthogonal,1.19,False,IC t-stat below +3.0; fails Benjamini-Hochberg q=0.10 (multiple testing); does not survive 25bps cost; spread hit-rate below 0.58 and net spread not strongly compensating; single-sector-dominated (>60% one sector)
f_rstd_5_sn,scenario,orthogonal,1.85,False,IC t-stat below +3.0; fails Benjamini-Hochberg q=0.10 (multiple testing)
f_rchg_5_raw,scenario,orthogonal,1.22,False,IC t-stat below +3.0; fails Benjamini-Hochberg q=0.10 (multiple testing); does not survive 25bps cost; spread hit-rate below 0.58 and net spread not strongly compensating; fails pre/post-2020 (subperiod) stability
f_rchg_5_sn,scenario,orthogonal,1.49,False,IC t-stat below +3.0; fails Benjamini-Hochberg q=0.10 (multiple testing); does not survive 25bps cost; spread hit-rate below 0.58 and net spread not strongly compensating; single-sector-dominated (>60% one sector)
f_rmean_21_raw,scenario,orthogonal,1.17,False,IC t-stat below +3.0; fails Benjamini-Hochberg q=0.10 (multiple testing); does not survive 25bps cost; spread hit-rate below 0.58 and net spread not strongly compensating; fails pre/post-2020 (subperiod) stability; single-sector-dominated (>60% one sector)
f_rmean_21_sn,scenario,orthogonal,1.47,False,IC t-stat below +3.0; fails Benjamini-Hochberg q=0.10 (multiple testing); does not survive 25bps cost; spread hit-rate below 0.58 and net spread not strongly compensating; fails pre/post-2020 (subperiod) stability
f_rstd_21_raw,scenario,orthogonal,-0.34,False,non-positive mean IC; IC t-stat below +3.0; fails Benjamini-Hochberg q=0.10 (multiple testing); does not survive 25bps cost; spread hit-rate below 0.58 and net spread not strongly compensating; old-cohort-only / fails old-new cohort split; fails pre/post-2020 (subperiod) stability; single-sector-dominated (>60% one sector)
f_rstd_21_sn,scenario,orthogonal,0.45,False,IC t-stat below +3.0; fails Benjamini-Hochberg q=0.10 (multiple testing); does not survive 25bps cost; spread hit-rate below 0.58 and net spread not strongly compensating; old-cohort-only / fails old-new cohort split; fails pre/post-2020 (subperiod) stability
f_rchg_21_raw,scenario,orthogonal,1.22,False,IC t-stat below +3.0; fails Benjamini-Hochberg q=0.10 (multiple testing); does not survive 25bps cost; spread hit-rate below 0.58 and net spread not strongly compensating; fails pre/post-2020 (subperiod) stability; single-sector-dominated (>60% one sector)
f_rchg_21_sn,scenario,orthogonal,1.48,False,IC t-stat below +3.0; fails Benjamini-Hochberg q=0.10 (multiple testing); does not survive 25bps cost; spread hit-rate below 0.58 and net spread not strongly compensating; fails pre/post-2020 (subperiod) stability; single-sector-dominated (>60% one sector)
f_rmean_63_raw,scenario,orthogonal,0.89,False,IC t-stat below +3.0; fails Benjamini-Hochberg q=0.10 (multiple testing); does not survive 25bps cost; spread hit-rate below 0.58 and net spread not strongly compensating; old-cohort-only / fails old-new cohort split; fails pre/post-2020 (subperiod) stability; single-sector-dominated (>60% one sector)
f_rmean_63_sn,scenario,orthogonal,0.98,False,IC t-stat below +3.0; fails Benjamini-Hochberg q=0.10 (multiple testing); does not survive 25bps cost; spread hit-rate below 0.58 and net spread not strongly compensating; fails pre/post-2020 (subperiod) stability
f_rstd_63_raw,scenario,orthogonal,-0.03,False,non-positive mean IC; IC t-stat below +3.0; fails Benjamini-Hochberg q=0.10 (multiple testing); does not survive 25bps cost; spread hit-rate below 0.58 and net spread not strongly compensating; old-cohort-only / fails old-new cohort split; fails pre/post-2020 (subperiod) stability; single-sector-dominated (>60% one sector)
f_rstd_63_sn,scenario,orthogonal,0.55,False,IC t-stat below +3.0; fails Benjamini-Hochberg q=0.10 (multiple testing); does not survive 25bps cost; spread hit-rate below 0.58 and net spread not strongly compensating; old-cohort-only / fails old-new cohort split; fails pre/post-2020 (subperiod) stability
f_rchg_63_raw,scenario,orthogonal,0.93,False,IC t-stat below +3.0; fails Benjamini-Hochberg q=0.10 (multiple testing); does not survive 25bps cost; spread hit-rate below 0.58 and net spread not strongly compensating; old-cohort-only / fails old-new cohort split; fails pre/post-2020 (subperiod) stability; single-sector-dominated (>60% one sector)
f_rchg_63_sn,scenario,orthogonal,1.25,False,IC t-stat below +3.0; fails Benjamini-Hochberg q=0.10 (multiple testing); does not survive 25bps cost; spread hit-rate below 0.58 and net spread not strongly compensating; old-cohort-only / fails old-new cohort split; fails pre/post-2020 (subperiod) stability; single-sector-dominated (>60% one sector)
f_z_raw,scenario,orthogonal,0.74,False,IC t-stat below +3.0; fails Benjamini-Hochberg q=0.10 (multiple testing); does not survive 25bps cost; spread hit-rate below 0.58 and net spread not strongly compensating
f_z_sn,scenario,orthogonal,1.24,False,IC t-stat below +3.0; fails Benjamini-Hochberg q=0.10 (multiple testing); does not survive 25bps cost
f_sector_z_raw,scenario,orthogonal,0.65,False,IC t-stat below +3.0; fails Benjamini-Hochberg q=0.10 (multiple testing); does not survive 25bps cost; spread hit-rate below 0.58 and net spread not strongly compensating
f_sector_z_sn,scenario,orthogonal,0.65,False,IC t-stat below +3.0; fails Benjamini-Hochberg q=0.10 (multiple testing); does not survive 25bps cost; spread hit-rate below 0.58 and net spread not strongly compensating
f_rank_raw,scenario,orthogonal,0.74,False,IC t-stat below +3.0; fails Benjamini-Hochberg q=0.10 (multiple testing); does not survive 25bps cost; spread hit-rate below 0.58 and net spread not strongly compensating
f_rank_sn,scenario,orthogonal,0.84,False,IC t-stat below +3.0; fails Benjamini-Hochberg q=0.10 (multiple testing); does not survive 25bps cost; spread hit-rate below 0.58 and net spread not strongly compensating; single-sector-dominated (>60% one sector)
f_winz_raw,scenario,orthogonal,0.73,False,IC t-stat below +3.0; fails Benjamini-Hochberg q=0.10 (multiple testing); does not survive 25bps cost; spread hit-rate below 0.58 and net spread not strongly compensating
f_winz_sn,scenario,orthogonal,1.11,False,IC t-stat below +3.0; fails Benjamini-Hochberg q=0.10 (multiple testing); does not survive 25bps cost; spread hit-rate below 0.58 and net spread not strongly compensating; single-sector-dominated (>60% one sector)
f_x_surprise_raw,scenario,orthogonal,-1.69,False,non-positive mean IC; IC t-stat below +3.0; fails Benjamini-Hochberg q=0.10 (multiple testing); does not survive 25bps cost; old-cohort-only / fails old-new cohort split; fails pre/post-2020 (subperiod) stability; single-sector-dominated (>60% one sector)
f_x_surprise_sn,scenario,orthogonal,-1.03,False,non-positive mean IC; IC t-stat below +3.0; fails Benjamini-Hochberg q=0.10 (multiple testing); does not survive 25bps cost; old-cohort-only / fails old-new cohort split; fails pre/post-2020 (subperiod) stability
f_x_quality_raw,scenario,orthogonal,-2.42,False,non-positive mean IC; IC t-stat below +3.0; fails Benjamini-Hochberg q=0.10 (multiple testing); does not survive 25bps cost; spread hit-rate below 0.58 and net spread not strongly compensating; old-cohort-only / fails old-new cohort split; fails pre/post-2020 (subperiod) stability; single-sector-dominated (>60% one sector)
f_x_quality_sn,scenario,orthogonal,-1.62,False,non-positive mean IC; IC t-stat below +3.0; fails Benjamini-Hochberg q=0.10 (multiple testing); does not survive 25bps cost; spread hit-rate below 0.58 and net spread not strongly compensating; old-cohort-only / fails old-new cohort split; fails pre/post-2020 (subperiod) stability
f_x_value_raw,scenario,orthogonal,0.58,False,IC t-stat below +3.0; fails Benjamini-Hochberg q=0.10 (multiple testing); does not survive 25bps cost; spread hit-rate below 0.58 and net spread not strongly compensating; fails pre/post-2020 (subperiod) stability; single-sector-dominated (>60% one sector)
f_x_value_sn,scenario,orthogonal,-0.4,False,non-positive mean IC; IC t-stat below +3.0; fails Benjamini-Hochberg q=0.10 (multiple testing); does not survive 25bps cost; spread hit-rate below 0.58 and net spread not strongly compensating; old-cohort-only / fails old-new cohort split; fails pre/post-2020 (subperiod) stability; single-sector-dominated (>60% one sector)
f_x_mom_raw,scenario,orthogonal,-0.37,False,non-positive mean IC; IC t-stat below +3.0; fails Benjamini-Hochberg q=0.10 (multiple testing); does not survive 25bps cost; spread hit-rate below 0.58 and net spread not strongly compensating; old-cohort-only / fails old-new cohort split; fails pre/post-2020 (subperiod) stability; single-sector-dominated (>60% one sector)
f_x_mom_sn,scenario,orthogonal,-0.22,False,non-positive mean IC; IC t-stat below +3.0; fails Benjamini-Hochberg q=0.10 (multiple testing); does not survive 25bps cost; spread hit-rate below 0.58 and net spread not strongly compensating; old-cohort-only / fails old-new cohort split; fails pre/post-2020 (subperiod) stability; single-sector-dominated (>60% one sector)
orthogonal_blend__ic_weighted,model,model,-0.94,False,non-positive mean IC; IC t-stat below +3.0; fails Benjamini-Hochberg q=0.10 (multiple testing); does not survive 25bps cost; old-cohort-only / fails old-new cohort split; fails pre/post-2020 (subperiod) stability; single-sector-dominated (>60% one sector)
orthogonal_blend__equal,model,model,0.41,False,IC t-stat below +3.0; fails Benjamini-Hochberg q=0.10 (multiple testing); does not survive 25bps cost; spread hit-rate below 0.58 and net spread not strongly compensating; old-cohort-only / fails old-new cohort split; single-sector-dominated (>60% one sector)
f_level_raw,scenario,orthogonal,-1.53,False,non-positive mean IC; IC t-stat below +3.0; fails Benjamini-Hochberg q=0.10 (multiple testing); does not survive 25bps cost; spread hit-rate below 0.58 and net spread not strongly compensating; old-cohort-only / fails old-new cohort split; fails pre/post-2020 (subperiod) stability; single-sector-dominated (>60% one sector)
f_level_sn,scenario,orthogonal,-0.51,False,non-positive mean IC; IC t-stat below +3.0; fails Benjamini-Hochberg q=0.10 (multiple testing); does not survive 25bps cost; spread hit-rate below 0.58 and net spread not strongly compensating; old-cohort-only / fails old-new cohort split; fails pre/post-2020 (subperiod) stability
f_chg1_raw,scenario,orthogonal,-0.77,False,non-positive mean IC; IC t-stat below +3.0; fails Benjamini-Hochberg q=0.10 (multiple testing); does not survive 25bps cost; spread hit-rate below 0.58 and net spread not strongly compensating; old-cohort-only / fails old-new cohort split; fails pre/post-2020 (subperiod) stability; single-sector-dominated (>60% one sector)
f_chg1_sn,scenario,orthogonal,-0.7,False,non-positive mean IC; IC t-stat below +3.0; fails Benjamini-Hochberg q=0.10 (multiple testing); does not survive 25bps cost; spread hit-rate below 0.58 and net spread not strongly compensating; old-cohort-only / fails old-new cohort split; fails pre/post-2020 (subperiod) stability
f_accel_raw,scenario,orthogonal,-0.82,False,non-positive mean IC; IC t-stat below +3.0; fails Benjamini-Hochberg q=0.10 (multiple testing); does not survive 25bps cost; spread hit-rate below 0.58 and net spread not strongly compensating; old-cohort-only / fails old-new cohort split; fails pre/post-2020 (subperiod) stability; single-sector-dominated (>60% one sector)
f_accel_sn,scenario,orthogonal,-0.95,False,non-positive mean IC; IC t-stat below +3.0; fails Benjamini-Hochberg q=0.10 (multiple testing); does not survive 25bps cost; spread hit-rate below 0.58 and net spread not strongly compensating; old-cohort-only / fails old-new cohort split; fails pre/post-2020 (subperiod) stability
f_lag1_raw,scenario,orthogonal,-1.23,False,non-positive mean IC; IC t-stat below +3.0; fails Benjamini-Hochberg q=0.10 (multiple testing); does not survive 25bps cost; spread hit-rate below 0.58 and net spread not strongly compensating; old-cohort-only / fails old-new cohort split; fails pre/post-2020 (subperiod) stability; single-sector-dominated (>60% one sector)
f_lag1_sn,scenario,orthogonal,-0.45,False,non-positive mean IC; IC t-stat below +3.0; fails Benjamini-Hochberg q=0.10 (multiple testing); does not survive 25bps cost; spread hit-rate below 0.58 and net spread not strongly compensating; old-cohort-only / fails old-new cohort split; fails pre/post-2020 (subperiod) stability
f_rmean_5_raw,scenario,orthogonal,-1.67,False,non-positive mean IC; IC t-stat below +3.0; fails Benjamini-Hochberg q=0.10 (multiple testing); does not survive 25bps cost; spread hit-rate below 0.58 and net spread not strongly compensating; old-cohort-only / fails old-new cohort split; fails pre/post-2020 (subperiod) stability; single-sector-dominated (>60% one sector)
f_rmean_5_sn,scenario,orthogonal,-0.53,False,non-positive mean IC; IC t-stat below +3.0; fails Benjamini-Hochberg q=0.10 (multiple testing); does not survive 25bps cost; spread hit-rate below 0.58 and net spread not strongly compensating; old-cohort-only / fails old-new cohort split; fails pre/post-2020 (subperiod) stability
f_rstd_5_raw,scenario,orthogonal,-0.06,False,non-positive mean IC; IC t-stat below +3.0; fails Benjamini-Hochberg q=0.10 (multiple testing); does not survive 25bps cost; spread hit-rate below 0.58 and net spread not strongly compensating; old-cohort-only / fails old-new cohort split; fails pre/post-2020 (subperiod) stability; single-sector-dominated (>60% one sector)
f_rstd_5_sn,scenario,orthogonal,0.15,False,IC t-stat below +3.0; fails Benjamini-Hochberg q=0.10 (multiple testing); does not survive 25bps cost; spread hit-rate below 0.58 and net spread not strongly compensating; old-cohort-only / fails old-new cohort split; fails pre/post-2020 (subperiod) stability
f_rchg_5_raw,scenario,orthogonal,-0.57,False,non-positive mean IC; IC t-stat below +3.0; fails Benjamini-Hochberg q=0.10 (multiple testing); does not survive 25bps cost; spread hit-rate below 0.58 and net spread not strongly compensating; old-cohort-only / fails old-new cohort split; fails pre/post-2020 (subperiod) stability; single-sector-dominated (>60% one sector)
f_rchg_5_sn,scenario,orthogonal,-0.31,False,non-positive mean IC; IC t-stat below +3.0; fails Benjamini-Hochberg q=0.10 (multiple testing); does not survive 25bps cost; spread hit-rate below 0.58 and net spread not strongly compensating; old-cohort-only / fails old-new cohort split; fails pre/post-2020 (subperiod) stability
f_rmean_21_raw,scenario,orthogonal,-0.15,False,non-positive mean IC; IC t-stat below +3.0; fails Benjamini-Hochberg q=0.10 (multiple testing); does not survive 25bps cost; spread hit-rate below 0.58 and net spread not strongly compensating; old-cohort-only / fails old-new cohort split; fails pre/post-2020 (subperiod) stability; single-sector-dominated (>60% one sector)
f_rmean_21_sn,scenario,orthogonal,0.35,False,IC t-stat below +3.0; fails Benjamini-Hochberg q=0.10 (multiple testing); does not survive 25bps cost; spread hit-rate below 0.58 and net spread not strongly compensating; old-cohort-only / fails old-new cohort split; fails pre/post-2020 (subperiod) stability; single-sector-dominated (>60% one sector)
f_rstd_21_raw,scenario,orthogonal,-0.01,False,non-positive mean IC; IC t-stat below +3.0; fails Benjamini-Hochberg q=0.10 (multiple testing); does not survive 25bps cost; spread hit-rate below 0.58 and net spread not strongly compensating; old-cohort-only / fails old-new cohort split; fails pre/post-2020 (subperiod) stability; single-sector-dominated (>60% one sector)
f_rstd_21_sn,scenario,orthogonal,0.51,False,IC t-stat below +3.0; fails Benjamini-Hochberg q=0.10 (multiple testing); does not survive 25bps cost; spread hit-rate below 0.58 and net spread not strongly compensating; old-cohort-only / fails old-new cohort split; fails pre/post-2020 (subperiod) stability
f_rchg_21_raw,scenario,orthogonal,-1.37,False,non-positive mean IC; IC t-stat below +3.0; fails Benjamini-Hochberg q=0.10 (multiple testing); does not survive 25bps cost; spread hit-rate below 0.58 and net spread not strongly compensating; old-cohort-only / fails old-new cohort split; fails pre/post-2020 (subperiod) stability; single-sector-dominated (>60% one sector)
f_rchg_21_sn,scenario,orthogonal,-0.79,False,non-positive mean IC; IC t-stat below +3.0; fails Benjamini-Hochberg q=0.10 (multiple testing); does not survive 25bps cost; spread hit-rate below 0.58 and net spread not strongly compensating; old-cohort-only / fails old-new cohort split; fails pre/post-2020 (subperiod) stability
f_rmean_63_raw,scenario,orthogonal,-0.21,False,non-positive mean IC; IC t-stat below +3.0; fails Benjamini-Hochberg q=0.10 (multiple testing); does not survive 25bps cost; spread hit-rate below 0.58 and net spread not strongly compensating; old-cohort-only / fails old-new cohort split; fails pre/post-2020 (subperiod) stability; single-sector-dominated (>60% one sector)
f_rmean_63_sn,scenario,orthogonal,0.41,False,IC t-stat below +3.0; fails Benjamini-Hochberg q=0.10 (multiple testing); does not survive 25bps cost; spread hit-rate below 0.58 and net spread not strongly compensating; old-cohort-only / fails old-new cohort split; fails pre/post-2020 (subperiod) stability
f_rstd_63_raw,scenario,orthogonal,0.68,False,IC t-stat below +3.0; fails Benjamini-Hochberg q=0.10 (multiple testing); spread hit-rate below 0.58 and net spread not strongly compensating; old-cohort-only / fails old-new cohort split; fails pre/post-2020 (subperiod) stability; single-sector-dominated (>60% one sector)
f_rstd_63_sn,scenario,orthogonal,1.46,False,IC t-stat below +3.0; fails Benjamini-Hochberg q=0.10 (multiple testing); spread hit-rate below 0.58 and net spread not strongly compensating
f_rchg_63_raw,scenario,orthogonal,-1.68,False,non-positive mean IC; IC t-stat below +3.0; fails Benjamini-Hochberg q=0.10 (multiple testing); does not survive 25bps cost; old-cohort-only / fails old-new cohort split; fails pre/post-2020 (subperiod) stability; single-sector-dominated (>60% one sector)
f_rchg_63_sn,scenario,orthogonal,-1.69,False,non-positive mean IC; IC t-stat below +3.0; fails Benjamini-Hochberg q=0.10 (multiple testing); does not survive 25bps cost; spread hit-rate below 0.58 and net spread not strongly compensating; old-cohort-only / fails old-new cohort split; fails pre/post-2020 (subperiod) stability
f_z_raw,scenario,orthogonal,-1.53,False,non-positive mean IC; IC t-stat below +3.0; fails Benjamini-Hochberg q=0.10 (multiple testing); does not survive 25bps cost; spread hit-rate below 0.58 and net spread not strongly compensating; old-cohort-only / fails old-new cohort split; fails pre/post-2020 (subperiod) stability; single-sector-dominated (>60% one sector)
f_z_sn,scenario,orthogonal,-0.51,False,non-positive mean IC; IC t-stat below +3.0; fails Benjamini-Hochberg q=0.10 (multiple testing); does not survive 25bps cost; spread hit-rate below 0.58 and net spread not strongly compensating; old-cohort-only / fails old-new cohort split; fails pre/post-2020 (subperiod) stability
f_sector_z_raw,scenario,orthogonal,-0.52,False,non-positive mean IC; IC t-stat below +3.0; fails Benjamini-Hochberg q=0.10 (multiple testing); does not survive 25bps cost; spread hit-rate below 0.58 and net spread not strongly compensating; old-cohort-only / fails old-new cohort split; fails pre/post-2020 (subperiod) stability
f_sector_z_sn,scenario,orthogonal,-0.52,False,non-positive mean IC; IC t-stat below +3.0; fails Benjamini-Hochberg q=0.10 (multiple testing); does not survive 25bps cost; spread hit-rate below 0.58 and net spread not strongly compensating; old-cohort-only / fails old-new cohort split; fails pre/post-2020 (subperiod) stability
f_rank_raw,scenario,orthogonal,-1.53,False,non-positive mean IC; IC t-stat below +3.0; fails Benjamini-Hochberg q=0.10 (multiple testing); does not survive 25bps cost; spread hit-rate below 0.58 and net spread not strongly compensating; old-cohort-only / fails old-new cohort split; fails pre/post-2020 (subperiod) stability; single-sector-dominated (>60% one sector)
f_rank_sn,scenario,orthogonal,-0.85,False,non-positive mean IC; IC t-stat below +3.0; fails Benjamini-Hochberg q=0.10 (multiple testing); does not survive 25bps cost; spread hit-rate below 0.58 and net spread not strongly compensating; old-cohort-only / fails old-new cohort split; fails pre/post-2020 (subperiod) stability; single-sector-dominated (>60% one sector)
f_winz_raw,scenario,orthogonal,-1.53,False,non-positive mean IC; IC t-stat below +3.0; fails Benjamini-Hochberg q=0.10 (multiple testing); does not survive 25bps cost; spread hit-rate below 0.58 and net spread not strongly compensating; old-cohort-only / fails old-new cohort split; fails pre/post-2020 (subperiod) stability; single-sector-dominated (>60% one sector)
f_winz_sn,scenario,orthogonal,-0.77,False,non-positive mean IC; IC t-stat below +3.0; fails Benjamini-Hochberg q=0.10 (multiple testing); does not survive 25bps cost; spread hit-rate below 0.58 and net spread not strongly compensating; old-cohort-only / fails old-new cohort split; fails pre/post-2020 (subperiod) stability; single-sector-dominated (>60% one sector)
f_x_surprise_raw,scenario,orthogonal,-1.65,False,non-positive mean IC; IC t-stat below +3.0; fails Benjamini-Hochberg q=0.10 (multiple testing); does not survive 25bps cost; spread hit-rate below 0.58 and net spread not strongly compensating; old-cohort-only / fails old-new cohort split; fails pre/post-2020 (subperiod) stability; single-sector-dominated (>60% one sector)
f_x_surprise_sn,scenario,orthogonal,-1.41,False,non-positive mean IC; IC t-stat below +3.0; fails Benjamini-Hochberg q=0.10 (multiple testing); does not survive 25bps cost; spread hit-rate below 0.58 and net spread not strongly compensating; old-cohort-only / fails old-new cohort split; fails pre/post-2020 (subperiod) stability; single-sector-dominated (>60% one sector)
f_x_quality_raw,scenario,orthogonal,-2.05,False,non-positive mean IC; IC t-stat below +3.0; fails Benjamini-Hochberg q=0.10 (multiple testing); does not survive 25bps cost; spread hit-rate below 0.58 and net spread not strongly compensating; old-cohort-only / fails old-new cohort split; fails pre/post-2020 (subperiod) stability; single-sector-dominated (>60% one sector)
f_x_quality_sn,scenario,orthogonal,-0.09,False,non-positive mean IC; IC t-stat below +3.0; fails Benjamini-Hochberg q=0.10 (multiple testing); does not survive 25bps cost; spread hit-rate below 0.58 and net spread not strongly compensating; old-cohort-only / fails old-new cohort split; fails pre/post-2020 (subperiod) stability
f_x_value_raw,scenario,orthogonal,-0.58,False,non-positive mean IC; IC t-stat below +3.0; fails Benjamini-Hochberg q=0.10 (multiple testing); does not survive 25bps cost; spread hit-rate below 0.58 and net spread not strongly compensating; old-cohort-only / fails old-new cohort split; fails pre/post-2020 (subperiod) stability
f_x_value_sn,scenario,orthogonal,-0.81,False,non-positive mean IC; IC t-stat below +3.0; fails Benjamini-Hochberg q=0.10 (multiple testing); does not survive 25bps cost; spread hit-rate below 0.58 and net spread not strongly compensating; old-cohort-only / fails old-new cohort split; fails pre/post-2020 (subperiod) stability
f_x_mom_raw,scenario,orthogonal,-1.3,False,non-positive mean IC; IC t-stat below +3.0; fails Benjamini-Hochberg q=0.10 (multiple testing); does not survive 25bps cost; spread hit-rate below 0.58 and net spread not strongly compensating; old-cohort-only / fails old-new cohort split; fails pre/post-2020 (subperiod) stability; single-sector-dominated (>60% one sector)
f_x_mom_sn,scenario,orthogonal,-0.8,False,non-positive mean IC; IC t-stat below +3.0; fails Benjamini-Hochberg q=0.10 (multiple testing); does not survive 25bps cost; spread hit-rate below 0.58 and net spread not strongly compensating; old-cohort-only / fails old-new cohort split; fails pre/post-2020 (subperiod) stability; single-sector-dominated (>60% one sector)
orthogonal_blend__ic_weighted,model,model,-0.2,False,non-positive mean IC; IC t-stat below +3.0; fails Benjamini-Hochberg q=0.10 (multiple testing); does not survive 25bps cost; spread hit-rate below 0.58 and net spread not strongly compensating; old-cohort-only / fails old-new cohort split; fails pre/post-2020 (subperiod) stability; single-sector-dominated (>60% one sector)
orthogonal_blend__equal,model,model,-0.12,False,non-positive mean IC; IC t-stat below +3.0; fails Benjamini-Hochberg q=0.10 (multiple testing); does not survive 25bps cost; spread hit-rate below 0.58 and net spread not strongly compensating; old-cohort-only / fails old-new cohort split; fails pre/post-2020 (subperiod) stability; single-sector-dominated (>60% one sector)
f_level_raw,scenario,orthogonal,0.22,False,IC t-stat below +3.0; fails Benjamini-Hochberg q=0.10 (multiple testing); does not survive 25bps cost; spread hit-rate below 0.58 and net spread not strongly compensating; fails pre/post-2020 (subperiod) stability
f_level_sn,scenario,orthogonal,0.47,False,IC t-stat below +3.0; fails Benjamini-Hochberg q=0.10 (multiple testing); does not survive 25bps cost; spread hit-rate below 0.58 and net spread not strongly compensating; fails pre/post-2020 (subperiod) stability; single-sector-dominated (>60% one sector)
f_chg1_raw,scenario,orthogonal,-1.12,False,non-positive mean IC; IC t-stat below +3.0; fails Benjamini-Hochberg q=0.10 (multiple testing); does not survive 25bps cost; spread hit-rate below 0.58 and net spread not strongly compensating; old-cohort-only / fails old-new cohort split; fails pre/post-2020 (subperiod) stability; single-sector-dominated (>60% one sector)
f_chg1_sn,scenario,orthogonal,-0.45,False,non-positive mean IC; IC t-stat below +3.0; fails Benjamini-Hochberg q=0.10 (multiple testing); does not survive 25bps cost; spread hit-rate below 0.58 and net spread not strongly compensating; old-cohort-only / fails old-new cohort split; fails pre/post-2020 (subperiod) stability
f_accel_raw,scenario,orthogonal,-2.38,False,non-positive mean IC; IC t-stat below +3.0; fails Benjamini-Hochberg q=0.10 (multiple testing); does not survive 25bps cost; spread hit-rate below 0.58 and net spread not strongly compensating; old-cohort-only / fails old-new cohort split; fails pre/post-2020 (subperiod) stability; single-sector-dominated (>60% one sector)
f_accel_sn,scenario,orthogonal,-1.38,False,non-positive mean IC; IC t-stat below +3.0; fails Benjamini-Hochberg q=0.10 (multiple testing); does not survive 25bps cost; spread hit-rate below 0.58 and net spread not strongly compensating; old-cohort-only / fails old-new cohort split; fails pre/post-2020 (subperiod) stability
f_lag1_raw,scenario,orthogonal,0.73,False,IC t-stat below +3.0; fails Benjamini-Hochberg q=0.10 (multiple testing); does not survive 25bps cost; spread hit-rate below 0.58 and net spread not strongly compensating; old-cohort-only / fails old-new cohort split; fails pre/post-2020 (subperiod) stability
f_lag1_sn,scenario,orthogonal,0.52,False,IC t-stat below +3.0; fails Benjamini-Hochberg q=0.10 (multiple testing); does not survive 25bps cost; spread hit-rate below 0.58 and net spread not strongly compensating; old-cohort-only / fails old-new cohort split; fails pre/post-2020 (subperiod) stability; single-sector-dominated (>60% one sector)
f_rmean_5_raw,scenario,orthogonal,0.55,False,IC t-stat below +3.0; fails Benjamini-Hochberg q=0.10 (multiple testing); does not survive 25bps cost; spread hit-rate below 0.58 and net spread not strongly compensating; old-cohort-only / fails old-new cohort split; fails pre/post-2020 (subperiod) stability
f_rmean_5_sn,scenario,orthogonal,0.38,False,IC t-stat below +3.0; fails Benjamini-Hochberg q=0.10 (multiple testing); does not survive 25bps cost; spread hit-rate below 0.58 and net spread not strongly compensating; old-cohort-only / fails old-new cohort split; fails pre/post-2020 (subperiod) stability; single-sector-dominated (>60% one sector)
f_rstd_5_raw,scenario,orthogonal,1.91,False,IC t-stat below +3.0; fails Benjamini-Hochberg q=0.10 (multiple testing); single-sector-dominated (>60% one sector)
f_rstd_5_sn,scenario,orthogonal,1.97,False,IC t-stat below +3.0; fails Benjamini-Hochberg q=0.10 (multiple testing)
f_rchg_5_raw,scenario,orthogonal,0.37,False,IC t-stat below +3.0; fails Benjamini-Hochberg q=0.10 (multiple testing); does not survive 25bps cost; spread hit-rate below 0.58 and net spread not strongly compensating; fails pre/post-2020 (subperiod) stability; single-sector-dominated (>60% one sector)
f_rchg_5_sn,scenario,orthogonal,0.88,False,IC t-stat below +3.0; fails Benjamini-Hochberg q=0.10 (multiple testing); does not survive 25bps cost; spread hit-rate below 0.58 and net spread not strongly compensating; fails pre/post-2020 (subperiod) stability; single-sector-dominated (>60% one sector)
f_rmean_21_raw,scenario,orthogonal,0.75,False,IC t-stat below +3.0; fails Benjamini-Hochberg q=0.10 (multiple testing); does not survive 25bps cost; spread hit-rate below 0.58 and net spread not strongly compensating; fails pre/post-2020 (subperiod) stability
f_rmean_21_sn,scenario,orthogonal,0.77,False,IC t-stat below +3.0; fails Benjamini-Hochberg q=0.10 (multiple testing); does not survive 25bps cost; spread hit-rate below 0.58 and net spread not strongly compensating; fails pre/post-2020 (subperiod) stability; single-sector-dominated (>60% one sector)
f_rstd_21_raw,scenario,orthogonal,0.86,False,IC t-stat below +3.0; fails Benjamini-Hochberg q=0.10 (multiple testing); fails pre/post-2020 (subperiod) stability; single-sector-dominated (>60% one sector)
f_rstd_21_sn,scenario,orthogonal,0.87,False,IC t-stat below +3.0; fails Benjamini-Hochberg q=0.10 (multiple testing); does not survive 25bps cost; spread hit-rate below 0.58 and net spread not strongly compensating; fails pre/post-2020 (subperiod) stability
f_rchg_21_raw,scenario,orthogonal,0.67,False,IC t-stat below +3.0; fails Benjamini-Hochberg q=0.10 (multiple testing); does not survive 25bps cost; spread hit-rate below 0.58 and net spread not strongly compensating; old-cohort-only / fails old-new cohort split; fails pre/post-2020 (subperiod) stability
f_rchg_21_sn,scenario,orthogonal,0.67,False,IC t-stat below +3.0; fails Benjamini-Hochberg q=0.10 (multiple testing); does not survive 25bps cost; spread hit-rate below 0.58 and net spread not strongly compensating; fails pre/post-2020 (subperiod) stability
f_rmean_63_raw,scenario,orthogonal,0.53,False,IC t-stat below +3.0; fails Benjamini-Hochberg q=0.10 (multiple testing); does not survive 25bps cost; spread hit-rate below 0.58 and net spread not strongly compensating; fails pre/post-2020 (subperiod) stability
f_rmean_63_sn,scenario,orthogonal,0.67,False,IC t-stat below +3.0; fails Benjamini-Hochberg q=0.10 (multiple testing); does not survive 25bps cost; spread hit-rate below 0.58 and net spread not strongly compensating; fails pre/post-2020 (subperiod) stability; single-sector-dominated (>60% one sector)
f_rstd_63_raw,scenario,orthogonal,1.02,False,IC t-stat below +3.0; fails Benjamini-Hochberg q=0.10 (multiple testing); does not survive 25bps cost; spread hit-rate below 0.58 and net spread not strongly compensating; fails pre/post-2020 (subperiod) stability; single-sector-dominated (>60% one sector)
f_rstd_63_sn,scenario,orthogonal,1.08,False,IC t-stat below +3.0; fails Benjamini-Hochberg q=0.10 (multiple testing); does not survive 25bps cost; spread hit-rate below 0.58 and net spread not strongly compensating; fails pre/post-2020 (subperiod) stability
f_rchg_63_raw,scenario,orthogonal,0.16,False,IC t-stat below +3.0; fails Benjamini-Hochberg q=0.10 (multiple testing); does not survive 25bps cost; spread hit-rate below 0.58 and net spread not strongly compensating; old-cohort-only / fails old-new cohort split; fails pre/post-2020 (subperiod) stability
f_rchg_63_sn,scenario,orthogonal,0.09,False,IC t-stat below +3.0; fails Benjamini-Hochberg q=0.10 (multiple testing); does not survive 25bps cost; spread hit-rate below 0.58 and net spread not strongly compensating; fails pre/post-2020 (subperiod) stability
f_z_raw,scenario,orthogonal,0.22,False,IC t-stat below +3.0; fails Benjamini-Hochberg q=0.10 (multiple testing); does not survive 25bps cost; spread hit-rate below 0.58 and net spread not strongly compensating; fails pre/post-2020 (subperiod) stability
f_z_sn,scenario,orthogonal,0.47,False,IC t-stat below +3.0; fails Benjamini-Hochberg q=0.10 (multiple testing); does not survive 25bps cost; spread hit-rate below 0.58 and net spread not strongly compensating; fails pre/post-2020 (subperiod) stability; single-sector-dominated (>60% one sector)
f_sector_z_raw,scenario,orthogonal,0.12,False,IC t-stat below +3.0; fails Benjamini-Hochberg q=0.10 (multiple testing); does not survive 25bps cost; spread hit-rate below 0.58 and net spread not strongly compensating; fails pre/post-2020 (subperiod) stability
f_sector_z_sn,scenario,orthogonal,0.12,False,IC t-stat below +3.0; fails Benjamini-Hochberg q=0.10 (multiple testing); does not survive 25bps cost; spread hit-rate below 0.58 and net spread not strongly compensating; fails pre/post-2020 (subperiod) stability
f_rank_raw,scenario,orthogonal,0.22,False,IC t-stat below +3.0; fails Benjamini-Hochberg q=0.10 (multiple testing); does not survive 25bps cost; spread hit-rate below 0.58 and net spread not strongly compensating; fails pre/post-2020 (subperiod) stability
f_rank_sn,scenario,orthogonal,0.02,False,IC t-stat below +3.0; fails Benjamini-Hochberg q=0.10 (multiple testing); does not survive 25bps cost; spread hit-rate below 0.58 and net spread not strongly compensating; fails pre/post-2020 (subperiod) stability; single-sector-dominated (>60% one sector)
f_winz_raw,scenario,orthogonal,0.22,False,IC t-stat below +3.0; fails Benjamini-Hochberg q=0.10 (multiple testing); does not survive 25bps cost; spread hit-rate below 0.58 and net spread not strongly compensating; fails pre/post-2020 (subperiod) stability
f_winz_sn,scenario,orthogonal,0.43,False,IC t-stat below +3.0; fails Benjamini-Hochberg q=0.10 (multiple testing); does not survive 25bps cost; spread hit-rate below 0.58 and net spread not strongly compensating; fails pre/post-2020 (subperiod) stability; single-sector-dominated (>60% one sector)
f_x_surprise_raw,scenario,orthogonal,1.06,False,IC t-stat below +3.0; fails Benjamini-Hochberg q=0.10 (multiple testing); spread hit-rate below 0.58 and net spread not strongly compensating; fails pre/post-2020 (subperiod) stability; single-sector-dominated (>60% one sector)
f_x_surprise_sn,scenario,orthogonal,0.84,False,IC t-stat below +3.0; fails Benjamini-Hochberg q=0.10 (multiple testing); does not survive 25bps cost; spread hit-rate below 0.58 and net spread not strongly compensating; fails pre/post-2020 (subperiod) stability; single-sector-dominated (>60% one sector)
f_x_quality_raw,scenario,orthogonal,-0.46,False,non-positive mean IC; IC t-stat below +3.0; fails Benjamini-Hochberg q=0.10 (multiple testing); does not survive 25bps cost; spread hit-rate below 0.58 and net spread not strongly compensating; old-cohort-only / fails old-new cohort split; fails pre/post-2020 (subperiod) stability
f_x_quality_sn,scenario,orthogonal,-1.08,False,non-positive mean IC; IC t-stat below +3.0; fails Benjamini-Hochberg q=0.10 (multiple testing); does not survive 25bps cost; spread hit-rate below 0.58 and net spread not strongly compensating; old-cohort-only / fails old-new cohort split; fails pre/post-2020 (subperiod) stability
f_x_value_raw,scenario,orthogonal,1.63,False,IC t-stat below +3.0; fails Benjamini-Hochberg q=0.10 (multiple testing); does not survive 25bps cost; spread hit-rate below 0.58 and net spread not strongly compensating; single-sector-dominated (>60% one sector)
f_x_value_sn,scenario,orthogonal,1.72,False,IC t-stat below +3.0; fails Benjamini-Hochberg q=0.10 (multiple testing); does not survive 25bps cost; spread hit-rate below 0.58 and net spread not strongly compensating
f_x_mom_raw,scenario,orthogonal,1.67,False,IC t-stat below +3.0; fails Benjamini-Hochberg q=0.10 (multiple testing); does not survive 25bps cost; spread hit-rate below 0.58 and net spread not strongly compensating; fails pre/post-2020 (subperiod) stability; single-sector-dominated (>60% one sector)
f_x_mom_sn,scenario,orthogonal,2.24,False,IC t-stat below +3.0; fails Benjamini-Hochberg q=0.10 (multiple testing); does not survive 25bps cost; spread hit-rate below 0.58 and net spread not strongly compensating; single-sector-dominated (>60% one sector)
orthogonal_blend__ic_weighted,model,model,1.12,False,IC t-stat below +3.0; fails Benjamini-Hochberg q=0.10 (multiple testing); does not survive 25bps cost; spread hit-rate below 0.58 and net spread not strongly compensating; old-cohort-only / fails old-new cohort split; single-sector-dominated (>60% one sector)
orthogonal_blend__equal,model,model,0.07,False,IC t-stat below +3.0; fails Benjamini-Hochberg q=0.10 (multiple testing); does not survive 25bps cost; old-cohort-only / fails old-new cohort split; fails pre/post-2020 (subperiod) stability; single-sector-dominated (>60% one sector)
f_level_raw,scenario,orthogonal,1.52,False,IC t-stat below +3.0; fails Benjamini-Hochberg q=0.10 (multiple testing); does not survive 25bps cost
f_level_sn,scenario,orthogonal,1.5,False,IC t-stat below +3.0; fails Benjamini-Hochberg q=0.10 (multiple testing); does not survive 25bps cost; spread hit-rate below 0.58 and net spread not strongly compensating
f_chg1_raw,scenario,orthogonal,2.08,False,IC t-stat below +3.0; fails Benjamini-Hochberg q=0.10 (multiple testing); spread hit-rate below 0.58 and net spread not strongly compensating; single-sector-dominated (>60% one sector)
f_chg1_sn,scenario,orthogonal,2.11,False,IC t-stat below +3.0; fails Benjamini-Hochberg q=0.10 (multiple testing); spread hit-rate below 0.58 and net spread not strongly compensating; single-sector-dominated (>60% one sector)
f_accel_raw,scenario,orthogonal,2.17,False,IC t-stat below +3.0; fails Benjamini-Hochberg q=0.10 (multiple testing); single-sector-dominated (>60% one sector)
f_accel_sn,scenario,orthogonal,2.02,False,IC t-stat below +3.0; fails Benjamini-Hochberg q=0.10 (multiple testing); spread hit-rate below 0.58 and net spread not strongly compensating; single-sector-dominated (>60% one sector)
f_lag1_raw,scenario,orthogonal,-0.02,False,non-positive mean IC; IC t-stat below +3.0; fails Benjamini-Hochberg q=0.10 (multiple testing); does not survive 25bps cost; spread hit-rate below 0.58 and net spread not strongly compensating; old-cohort-only / fails old-new cohort split; fails pre/post-2020 (subperiod) stability
f_lag1_sn,scenario,orthogonal,-0.52,False,non-positive mean IC; IC t-stat below +3.0; fails Benjamini-Hochberg q=0.10 (multiple testing); does not survive 25bps cost; spread hit-rate below 0.58 and net spread not strongly compensating; old-cohort-only / fails old-new cohort split; fails pre/post-2020 (subperiod) stability; single-sector-dominated (>60% one sector)
f_rmean_5_raw,scenario,orthogonal,0.88,False,IC t-stat below +3.0; fails Benjamini-Hochberg q=0.10 (multiple testing); does not survive 25bps cost; spread hit-rate below 0.58 and net spread not strongly compensating
f_rmean_5_sn,scenario,orthogonal,0.5,False,IC t-stat below +3.0; fails Benjamini-Hochberg q=0.10 (multiple testing); does not survive 25bps cost; spread hit-rate below 0.58 and net spread not strongly compensating; old-cohort-only / fails old-new cohort split
f_rstd_5_raw,scenario,orthogonal,-0.18,False,non-positive mean IC; IC t-stat below +3.0; fails Benjamini-Hochberg q=0.10 (multiple testing); does not survive 25bps cost; old-cohort-only / fails old-new cohort split; fails pre/post-2020 (subperiod) stability; single-sector-dominated (>60% one sector)
f_rstd_5_sn,scenario,orthogonal,0.4,False,IC t-stat below +3.0; fails Benjamini-Hochberg q=0.10 (multiple testing); does not survive 25bps cost; spread hit-rate below 0.58 and net spread not strongly compensating; fails pre/post-2020 (subperiod) stability
f_rchg_5_raw,scenario,orthogonal,1.21,False,IC t-stat below +3.0; fails Benjamini-Hochberg q=0.10 (multiple testing); spread hit-rate below 0.58 and net spread not strongly compensating; single-sector-dominated (>60% one sector)
f_rchg_5_sn,scenario,orthogonal,1.13,False,IC t-stat below +3.0; fails Benjamini-Hochberg q=0.10 (multiple testing); single-sector-dominated (>60% one sector)
f_rmean_21_raw,scenario,orthogonal,0.91,False,IC t-stat below +3.0; fails Benjamini-Hochberg q=0.10 (multiple testing); does not survive 25bps cost; spread hit-rate below 0.58 and net spread not strongly compensating
f_rmean_21_sn,scenario,orthogonal,0.34,False,IC t-stat below +3.0; fails Benjamini-Hochberg q=0.10 (multiple testing); does not survive 25bps cost; spread hit-rate below 0.58 and net spread not strongly compensating; old-cohort-only / fails old-new cohort split; fails pre/post-2020 (subperiod) stability
f_rstd_21_raw,scenario,orthogonal,0.08,False,IC t-stat below +3.0; fails Benjamini-Hochberg q=0.10 (multiple testing); does not survive 25bps cost; spread hit-rate below 0.58 and net spread not strongly compensating; old-cohort-only / fails old-new cohort split; fails pre/post-2020 (subperiod) stability; single-sector-dominated (>60% one sector)
f_rstd_21_sn,scenario,orthogonal,0.45,False,IC t-stat below +3.0; fails Benjamini-Hochberg q=0.10 (multiple testing); does not survive 25bps cost; spread hit-rate below 0.58 and net spread not strongly compensating; old-cohort-only / fails old-new cohort split; fails pre/post-2020 (subperiod) stability
f_rchg_21_raw,scenario,orthogonal,1.62,False,IC t-stat below +3.0; fails Benjamini-Hochberg q=0.10 (multiple testing); spread hit-rate below 0.58 and net spread not strongly compensating; single-sector-dominated (>60% one sector)
f_rchg_21_sn,scenario,orthogonal,1.67,False,IC t-stat below +3.0; fails Benjamini-Hochberg q=0.10 (multiple testing); single-sector-dominated (>60% one sector)
f_rmean_63_raw,scenario,orthogonal,0.65,False,IC t-stat below +3.0; fails Benjamini-Hochberg q=0.10 (multiple testing); does not survive 25bps cost; spread hit-rate below 0.58 and net spread not strongly compensating; old-cohort-only / fails old-new cohort split; fails pre/post-2020 (subperiod) stability
f_rmean_63_sn,scenario,orthogonal,0.35,False,IC t-stat below +3.0; fails Benjamini-Hochberg q=0.10 (multiple testing); does not survive 25bps cost; spread hit-rate below 0.58 and net spread not strongly compensating; old-cohort-only / fails old-new cohort split; fails pre/post-2020 (subperiod) stability
f_rstd_63_raw,scenario,orthogonal,-0.02,False,non-positive mean IC; IC t-stat below +3.0; fails Benjamini-Hochberg q=0.10 (multiple testing); does not survive 25bps cost; spread hit-rate below 0.58 and net spread not strongly compensating; old-cohort-only / fails old-new cohort split; fails pre/post-2020 (subperiod) stability; single-sector-dominated (>60% one sector)
f_rstd_63_sn,scenario,orthogonal,0.38,False,IC t-stat below +3.0; fails Benjamini-Hochberg q=0.10 (multiple testing); does not survive 25bps cost; spread hit-rate below 0.58 and net spread not strongly compensating; old-cohort-only / fails old-new cohort split; fails pre/post-2020 (subperiod) stability
f_rchg_63_raw,scenario,orthogonal,1.6,False,IC t-stat below +3.0; fails Benjamini-Hochberg q=0.10 (multiple testing); single-sector-dominated (>60% one sector)
f_rchg_63_sn,scenario,orthogonal,1.61,False,IC t-stat below +3.0; fails Benjamini-Hochberg q=0.10 (multiple testing); spread hit-rate below 0.58 and net spread not strongly compensating; single-sector-dominated (>60% one sector)
f_z_raw,scenario,orthogonal,1.52,False,IC t-stat below +3.0; fails Benjamini-Hochberg q=0.10 (multiple testing); does not survive 25bps cost
f_z_sn,scenario,orthogonal,1.5,False,IC t-stat below +3.0; fails Benjamini-Hochberg q=0.10 (multiple testing); does not survive 25bps cost; spread hit-rate below 0.58 and net spread not strongly compensating
f_sector_z_raw,scenario,orthogonal,1.38,False,IC t-stat below +3.0; fails Benjamini-Hochberg q=0.10 (multiple testing); does not survive 25bps cost; spread hit-rate below 0.58 and net spread not strongly compensating
f_sector_z_sn,scenario,orthogonal,1.38,False,IC t-stat below +3.0; fails Benjamini-Hochberg q=0.10 (multiple testing); does not survive 25bps cost; spread hit-rate below 0.58 and net spread not strongly compensating
f_rank_raw,scenario,orthogonal,1.52,False,IC t-stat below +3.0; fails Benjamini-Hochberg q=0.10 (multiple testing); does not survive 25bps cost
f_rank_sn,scenario,orthogonal,1.44,False,IC t-stat below +3.0; fails Benjamini-Hochberg q=0.10 (multiple testing); does not survive 25bps cost; single-sector-dominated (>60% one sector)
f_winz_raw,scenario,orthogonal,1.52,False,IC t-stat below +3.0; fails Benjamini-Hochberg q=0.10 (multiple testing); does not survive 25bps cost
f_winz_sn,scenario,orthogonal,1.51,False,IC t-stat below +3.0; fails Benjamini-Hochberg q=0.10 (multiple testing); does not survive 25bps cost; spread hit-rate below 0.58 and net spread not strongly compensating; single-sector-dominated (>60% one sector)
f_x_surprise_raw,scenario,orthogonal,-0.87,False,non-positive mean IC; IC t-stat below +3.0; fails Benjamini-Hochberg q=0.10 (multiple testing); does not survive 25bps cost; spread hit-rate below 0.58 and net spread not strongly compensating; old-cohort-only / fails old-new cohort split; fails pre/post-2020 (subperiod) stability; single-sector-dominated (>60% one sector)
f_x_surprise_sn,scenario,orthogonal,-0.82,False,non-positive mean IC; IC t-stat below +3.0; fails Benjamini-Hochberg q=0.10 (multiple testing); does not survive 25bps cost; spread hit-rate below 0.58 and net spread not strongly compensating; old-cohort-only / fails old-new cohort split; fails pre/post-2020 (subperiod) stability
f_x_quality_raw,scenario,orthogonal,0.26,False,IC t-stat below +3.0; fails Benjamini-Hochberg q=0.10 (multiple testing); does not survive 25bps cost; spread hit-rate below 0.58 and net spread not strongly compensating; old-cohort-only / fails old-new cohort split
f_x_quality_sn,scenario,orthogonal,-0.2,False,non-positive mean IC; IC t-stat below +3.0; fails Benjamini-Hochberg q=0.10 (multiple testing); does not survive 25bps cost; spread hit-rate below 0.58 and net spread not strongly compensating; old-cohort-only / fails old-new cohort split; fails pre/post-2020 (subperiod) stability
f_x_value_raw,scenario,orthogonal,-1.16,False,non-positive mean IC; IC t-stat below +3.0; fails Benjamini-Hochberg q=0.10 (multiple testing); does not survive 25bps cost; spread hit-rate below 0.58 and net spread not strongly compensating; old-cohort-only / fails old-new cohort split; fails pre/post-2020 (subperiod) stability; single-sector-dominated (>60% one sector)
f_x_value_sn,scenario,orthogonal,-0.84,False,non-positive mean IC; IC t-stat below +3.0; fails Benjamini-Hochberg q=0.10 (multiple testing); does not survive 25bps cost; spread hit-rate below 0.58 and net spread not strongly compensating; old-cohort-only / fails old-new cohort split; fails pre/post-2020 (subperiod) stability
f_x_mom_raw,scenario,orthogonal,0.59,False,IC t-stat below +3.0; fails Benjamini-Hochberg q=0.10 (multiple testing); does not survive 25bps cost; spread hit-rate below 0.58 and net spread not strongly compensating; old-cohort-only / fails old-new cohort split; single-sector-dominated (>60% one sector)
f_x_mom_sn,scenario,orthogonal,-0.36,False,non-positive mean IC; IC t-stat below +3.0; fails Benjamini-Hochberg q=0.10 (multiple testing); does not survive 25bps cost; spread hit-rate below 0.58 and net spread not strongly compensating; old-cohort-only / fails old-new cohort split; fails pre/post-2020 (subperiod) stability; single-sector-dominated (>60% one sector)
orthogonal_blend__ic_weighted,model,model,0.25,False,IC t-stat below +3.0; fails Benjamini-Hochberg q=0.10 (multiple testing); does not survive 25bps cost; spread hit-rate below 0.58 and net spread not strongly compensating; old-cohort-only / fails old-new cohort split; single-sector-dominated (>60% one sector)
orthogonal_blend__equal,model,model,0.39,False,IC t-stat below +3.0; fails Benjamini-Hochberg q=0.10 (multiple testing); does not survive 25bps cost; spread hit-rate below 0.58 and net spread not strongly compensating; old-cohort-only / fails old-new cohort split; fails pre/post-2020 (subperiod) stability; single-sector-dominated (>60% one sector)
f_level_raw,scenario,orthogonal,1.96,False,IC t-stat below +3.0; fails Benjamini-Hochberg q=0.10 (multiple testing); does not survive 25bps cost; single-sector-dominated (>60% one sector)
f_level_sn,scenario,orthogonal,2.71,False,IC t-stat below +3.0; fails Benjamini-Hochberg q=0.10 (multiple testing); does not survive 25bps cost
f_chg1_raw,scenario,orthogonal,1.99,False,IC t-stat below +3.0; fails Benjamini-Hochberg q=0.10 (multiple testing); does not survive 25bps cost; single-sector-dominated (>60% one sector)
f_chg1_sn,scenario,orthogonal,2.19,False,IC t-stat below +3.0; fails Benjamini-Hochberg q=0.10 (multiple testing); does not survive 25bps cost
f_accel_raw,scenario,orthogonal,0.51,False,IC t-stat below +3.0; fails Benjamini-Hochberg q=0.10 (multiple testing); does not survive 25bps cost; spread hit-rate below 0.58 and net spread not strongly compensating; fails pre/post-2020 (subperiod) stability; single-sector-dominated (>60% one sector)
f_accel_sn,scenario,orthogonal,1.7,False,IC t-stat below +3.0; fails Benjamini-Hochberg q=0.10 (multiple testing); does not survive 25bps cost; spread hit-rate below 0.58 and net spread not strongly compensating
f_lag1_raw,scenario,orthogonal,0.84,False,IC t-stat below +3.0; fails Benjamini-Hochberg q=0.10 (multiple testing); does not survive 25bps cost; spread hit-rate below 0.58 and net spread not strongly compensating; old-cohort-only / fails old-new cohort split; single-sector-dominated (>60% one sector)
f_lag1_sn,scenario,orthogonal,0.76,False,IC t-stat below +3.0; fails Benjamini-Hochberg q=0.10 (multiple testing); does not survive 25bps cost; spread hit-rate below 0.58 and net spread not strongly compensating; old-cohort-only / fails old-new cohort split
f_rmean_5_raw,scenario,orthogonal,0.49,False,IC t-stat below +3.0; fails Benjamini-Hochberg q=0.10 (multiple testing); does not survive 25bps cost; spread hit-rate below 0.58 and net spread not strongly compensating; old-cohort-only / fails old-new cohort split; fails pre/post-2020 (subperiod) stability; single-sector-dominated (>60% one sector)
f_rmean_5_sn,scenario,orthogonal,1.26,False,IC t-stat below +3.0; fails Benjamini-Hochberg q=0.10 (multiple testing); does not survive 25bps cost; spread hit-rate below 0.58 and net spread not strongly compensating; old-cohort-only / fails old-new cohort split
f_rstd_5_raw,scenario,orthogonal,0.79,False,IC t-stat below +3.0; fails Benjamini-Hochberg q=0.10 (multiple testing); does not survive 25bps cost; spread hit-rate below 0.58 and net spread not strongly compensating; old-cohort-only / fails old-new cohort split; single-sector-dominated (>60% one sector)
f_rstd_5_sn,scenario,orthogonal,1.24,False,IC t-stat below +3.0; fails Benjamini-Hochberg q=0.10 (multiple testing); does not survive 25bps cost; spread hit-rate below 0.58 and net spread not strongly compensating; old-cohort-only / fails old-new cohort split
f_rchg_5_raw,scenario,orthogonal,0.02,False,IC t-stat below +3.0; fails Benjamini-Hochberg q=0.10 (multiple testing); does not survive 25bps cost; spread hit-rate below 0.58 and net spread not strongly compensating; old-cohort-only / fails old-new cohort split; fails pre/post-2020 (subperiod) stability; single-sector-dominated (>60% one sector)
f_rchg_5_sn,scenario,orthogonal,0.05,False,IC t-stat below +3.0; fails Benjamini-Hochberg q=0.10 (multiple testing); does not survive 25bps cost; spread hit-rate below 0.58 and net spread not strongly compensating; old-cohort-only / fails old-new cohort split; fails pre/post-2020 (subperiod) stability
f_rmean_21_raw,scenario,orthogonal,1.11,False,IC t-stat below +3.0; fails Benjamini-Hochberg q=0.10 (multiple testing); does not survive 25bps cost; spread hit-rate below 0.58 and net spread not strongly compensating; old-cohort-only / fails old-new cohort split; single-sector-dominated (>60% one sector)
f_rmean_21_sn,scenario,orthogonal,0.29,False,IC t-stat below +3.0; fails Benjamini-Hochberg q=0.10 (multiple testing); does not survive 25bps cost; spread hit-rate below 0.58 and net spread not strongly compensating; old-cohort-only / fails old-new cohort split
f_rstd_21_raw,scenario,orthogonal,0.07,False,IC t-stat below +3.0; fails Benjamini-Hochberg q=0.10 (multiple testing); does not survive 25bps cost; spread hit-rate below 0.58 and net spread not strongly compensating; old-cohort-only / fails old-new cohort split; fails pre/post-2020 (subperiod) stability; single-sector-dominated (>60% one sector)
f_rstd_21_sn,scenario,orthogonal,0.23,False,IC t-stat below +3.0; fails Benjamini-Hochberg q=0.10 (multiple testing); does not survive 25bps cost; spread hit-rate below 0.58 and net spread not strongly compensating; old-cohort-only / fails old-new cohort split; fails pre/post-2020 (subperiod) stability
f_rchg_21_raw,scenario,orthogonal,-0.33,False,non-positive mean IC; IC t-stat below +3.0; fails Benjamini-Hochberg q=0.10 (multiple testing); does not survive 25bps cost; spread hit-rate below 0.58 and net spread not strongly compensating; old-cohort-only / fails old-new cohort split; fails pre/post-2020 (subperiod) stability; single-sector-dominated (>60% one sector)
f_rchg_21_sn,scenario,orthogonal,0.91,False,IC t-stat below +3.0; fails Benjamini-Hochberg q=0.10 (multiple testing); does not survive 25bps cost; spread hit-rate below 0.58 and net spread not strongly compensating; old-cohort-only / fails old-new cohort split; single-sector-dominated (>60% one sector)
f_rmean_63_raw,scenario,orthogonal,1.5,False,IC t-stat below +3.0; fails Benjamini-Hochberg q=0.10 (multiple testing); does not survive 25bps cost; spread hit-rate below 0.58 and net spread not strongly compensating; single-sector-dominated (>60% one sector)
f_rmean_63_sn,scenario,orthogonal,0.91,False,IC t-stat below +3.0; fails Benjamini-Hochberg q=0.10 (multiple testing); does not survive 25bps cost; spread hit-rate below 0.58 and net spread not strongly compensating; old-cohort-only / fails old-new cohort split
f_rstd_63_raw,scenario,orthogonal,-0.18,False,non-positive mean IC; IC t-stat below +3.0; fails Benjamini-Hochberg q=0.10 (multiple testing); does not survive 25bps cost; spread hit-rate below 0.58 and net spread not strongly compensating; old-cohort-only / fails old-new cohort split; fails pre/post-2020 (subperiod) stability; single-sector-dominated (>60% one sector)
f_rstd_63_sn,scenario,orthogonal,0.61,False,IC t-stat below +3.0; fails Benjamini-Hochberg q=0.10 (multiple testing); does not survive 25bps cost; spread hit-rate below 0.58 and net spread not strongly compensating; old-cohort-only / fails old-new cohort split
f_rchg_63_raw,scenario,orthogonal,-0.12,False,non-positive mean IC; IC t-stat below +3.0; fails Benjamini-Hochberg q=0.10 (multiple testing); does not survive 25bps cost; spread hit-rate below 0.58 and net spread not strongly compensating; fails pre/post-2020 (subperiod) stability; single-sector-dominated (>60% one sector)
f_rchg_63_sn,scenario,orthogonal,0.68,False,IC t-stat below +3.0; fails Benjamini-Hochberg q=0.10 (multiple testing); does not survive 25bps cost; spread hit-rate below 0.58 and net spread not strongly compensating; single-sector-dominated (>60% one sector)
f_z_raw,scenario,orthogonal,1.96,False,IC t-stat below +3.0; fails Benjamini-Hochberg q=0.10 (multiple testing); does not survive 25bps cost; single-sector-dominated (>60% one sector)
f_z_sn,scenario,orthogonal,2.71,False,IC t-stat below +3.0; fails Benjamini-Hochberg q=0.10 (multiple testing); does not survive 25bps cost
f_sector_z_raw,scenario,orthogonal,2.04,False,IC t-stat below +3.0; fails Benjamini-Hochberg q=0.10 (multiple testing); does not survive 25bps cost; fails pre/post-2020 (subperiod) stability
f_sector_z_sn,scenario,orthogonal,2.04,False,IC t-stat below +3.0; fails Benjamini-Hochberg q=0.10 (multiple testing); does not survive 25bps cost; fails pre/post-2020 (subperiod) stability
f_rank_raw,scenario,orthogonal,1.96,False,IC t-stat below +3.0; fails Benjamini-Hochberg q=0.10 (multiple testing); does not survive 25bps cost; single-sector-dominated (>60% one sector)
f_rank_sn,scenario,orthogonal,1.83,False,IC t-stat below +3.0; fails Benjamini-Hochberg q=0.10 (multiple testing); does not survive 25bps cost; single-sector-dominated (>60% one sector)
f_winz_raw,scenario,orthogonal,1.96,False,IC t-stat below +3.0; fails Benjamini-Hochberg q=0.10 (multiple testing); does not survive 25bps cost; single-sector-dominated (>60% one sector)
f_winz_sn,scenario,orthogonal,2.56,False,IC t-stat below +3.0; fails Benjamini-Hochberg q=0.10 (multiple testing); does not survive 25bps cost; single-sector-dominated (>60% one sector)
f_x_surprise_raw,scenario,orthogonal,-0.1,False,non-positive mean IC; IC t-stat below +3.0; fails Benjamini-Hochberg q=0.10 (multiple testing); does not survive 25bps cost; spread hit-rate below 0.58 and net spread not strongly compensating; old-cohort-only / fails old-new cohort split; fails pre/post-2020 (subperiod) stability; single-sector-dominated (>60% one sector)
f_x_surprise_sn,scenario,orthogonal,0.73,False,IC t-stat below +3.0; fails Benjamini-Hochberg q=0.10 (multiple testing); does not survive 25bps cost; spread hit-rate below 0.58 and net spread not strongly compensating; old-cohort-only / fails old-new cohort split; single-sector-dominated (>60% one sector)
f_x_quality_raw,scenario,orthogonal,-1.64,False,non-positive mean IC; IC t-stat below +3.0; fails Benjamini-Hochberg q=0.10 (multiple testing); does not survive 25bps cost; spread hit-rate below 0.58 and net spread not strongly compensating; old-cohort-only / fails old-new cohort split; fails pre/post-2020 (subperiod) stability; single-sector-dominated (>60% one sector)
f_x_quality_sn,scenario,orthogonal,-1.69,False,non-positive mean IC; IC t-stat below +3.0; fails Benjamini-Hochberg q=0.10 (multiple testing); does not survive 25bps cost; spread hit-rate below 0.58 and net spread not strongly compensating; old-cohort-only / fails old-new cohort split; fails pre/post-2020 (subperiod) stability; single-sector-dominated (>60% one sector)
f_x_value_raw,scenario,orthogonal,-0.24,False,non-positive mean IC; IC t-stat below +3.0; fails Benjamini-Hochberg q=0.10 (multiple testing); does not survive 25bps cost; spread hit-rate below 0.58 and net spread not strongly compensating; old-cohort-only / fails old-new cohort split; fails pre/post-2020 (subperiod) stability; single-sector-dominated (>60% one sector)
f_x_value_sn,scenario,orthogonal,-0.78,False,non-positive mean IC; IC t-stat below +3.0; fails Benjamini-Hochberg q=0.10 (multiple testing); does not survive 25bps cost; spread hit-rate below 0.58 and net spread not strongly compensating; old-cohort-only / fails old-new cohort split; fails pre/post-2020 (subperiod) stability
f_x_mom_raw,scenario,orthogonal,0.57,False,IC t-stat below +3.0; fails Benjamini-Hochberg q=0.10 (multiple testing); does not survive 25bps cost; spread hit-rate below 0.58 and net spread not strongly compensating; fails pre/post-2020 (subperiod) stability; single-sector-dominated (>60% one sector)
f_x_mom_sn,scenario,orthogonal,0.68,False,IC t-stat below +3.0; fails Benjamini-Hochberg q=0.10 (multiple testing); does not survive 25bps cost; spread hit-rate below 0.58 and net spread not strongly compensating; fails pre/post-2020 (subperiod) stability; single-sector-dominated (>60% one sector)
orthogonal_blend__ic_weighted,model,model,0.16,False,IC t-stat below +3.0; fails Benjamini-Hochberg q=0.10 (multiple testing); does not survive 25bps cost; spread hit-rate below 0.58 and net spread not strongly compensating; old-cohort-only / fails old-new cohort split; fails pre/post-2020 (subperiod) stability; single-sector-dominated (>60% one sector)
orthogonal_blend__equal,model,model,0.57,False,IC t-stat below +3.0; fails Benjamini-Hochberg q=0.10 (multiple testing); does not survive 25bps cost; spread hit-rate below 0.58 and net spread not strongly compensating; old-cohort-only / fails old-new cohort split; single-sector-dominated (>60% one sector)
f_level_raw,scenario,orthogonal,0.2,False,IC t-stat below +3.0; fails Benjamini-Hochberg q=0.10 (multiple testing); does not survive 25bps cost; spread hit-rate below 0.58 and net spread not strongly compensating; old-cohort-only / fails old-new cohort split; fails pre/post-2020 (subperiod) stability; single-sector-dominated (>60% one sector)
f_level_sn,scenario,orthogonal,-0.05,False,non-positive mean IC; IC t-stat below +3.0; fails Benjamini-Hochberg q=0.10 (multiple testing); does not survive 25bps cost; spread hit-rate below 0.58 and net spread not strongly compensating; old-cohort-only / fails old-new cohort split; fails pre/post-2020 (subperiod) stability; single-sector-dominated (>60% one sector)
f_chg1_raw,scenario,orthogonal,0.32,False,IC t-stat below +3.0; fails Benjamini-Hochberg q=0.10 (multiple testing); does not survive 25bps cost; spread hit-rate below 0.58 and net spread not strongly compensating; old-cohort-only / fails old-new cohort split; fails pre/post-2020 (subperiod) stability; single-sector-dominated (>60% one sector)
f_chg1_sn,scenario,orthogonal,1.07,False,IC t-stat below +3.0; fails Benjamini-Hochberg q=0.10 (multiple testing); does not survive 25bps cost; spread hit-rate below 0.58 and net spread not strongly compensating; old-cohort-only / fails old-new cohort split; fails pre/post-2020 (subperiod) stability; single-sector-dominated (>60% one sector)
f_accel_raw,scenario,orthogonal,-0.47,False,non-positive mean IC; IC t-stat below +3.0; fails Benjamini-Hochberg q=0.10 (multiple testing); does not survive 25bps cost; spread hit-rate below 0.58 and net spread not strongly compensating; old-cohort-only / fails old-new cohort split; fails pre/post-2020 (subperiod) stability; single-sector-dominated (>60% one sector)
f_accel_sn,scenario,orthogonal,-0.27,False,non-positive mean IC; IC t-stat below +3.0; fails Benjamini-Hochberg q=0.10 (multiple testing); does not survive 25bps cost; spread hit-rate below 0.58 and net spread not strongly compensating; old-cohort-only / fails old-new cohort split; fails pre/post-2020 (subperiod) stability; single-sector-dominated (>60% one sector)
f_lag1_raw,scenario,orthogonal,-0.43,False,non-positive mean IC; IC t-stat below +3.0; fails Benjamini-Hochberg q=0.10 (multiple testing); does not survive 25bps cost; fails pre/post-2020 (subperiod) stability; single-sector-dominated (>60% one sector)
f_lag1_sn,scenario,orthogonal,-0.69,False,non-positive mean IC; IC t-stat below +3.0; fails Benjamini-Hochberg q=0.10 (multiple testing); does not survive 25bps cost; old-cohort-only / fails old-new cohort split; fails pre/post-2020 (subperiod) stability; single-sector-dominated (>60% one sector)
f_rmean_5_raw,scenario,orthogonal,-1.32,False,non-positive mean IC; IC t-stat below +3.0; fails Benjamini-Hochberg q=0.10 (multiple testing); does not survive 25bps cost; spread hit-rate below 0.58 and net spread not strongly compensating; old-cohort-only / fails old-new cohort split; fails pre/post-2020 (subperiod) stability; single-sector-dominated (>60% one sector)
f_rmean_5_sn,scenario,orthogonal,-0.91,False,non-positive mean IC; IC t-stat below +3.0; fails Benjamini-Hochberg q=0.10 (multiple testing); does not survive 25bps cost; spread hit-rate below 0.58 and net spread not strongly compensating; old-cohort-only / fails old-new cohort split; fails pre/post-2020 (subperiod) stability; single-sector-dominated (>60% one sector)
f_rstd_5_raw,scenario,orthogonal,0.98,False,IC t-stat below +3.0; fails Benjamini-Hochberg q=0.10 (multiple testing); does not survive 25bps cost; spread hit-rate below 0.58 and net spread not strongly compensating; old-cohort-only / fails old-new cohort split; single-sector-dominated (>60% one sector)
f_rstd_5_sn,scenario,orthogonal,0.86,False,IC t-stat below +3.0; fails Benjamini-Hochberg q=0.10 (multiple testing); does not survive 25bps cost; spread hit-rate below 0.58 and net spread not strongly compensating; old-cohort-only / fails old-new cohort split; single-sector-dominated (>60% one sector)
f_rchg_5_raw,scenario,orthogonal,0.55,False,IC t-stat below +3.0; fails Benjamini-Hochberg q=0.10 (multiple testing); does not survive 25bps cost; spread hit-rate below 0.58 and net spread not strongly compensating; single-sector-dominated (>60% one sector)
f_rchg_5_sn,scenario,orthogonal,0.78,False,IC t-stat below +3.0; fails Benjamini-Hochberg q=0.10 (multiple testing); does not survive 25bps cost; spread hit-rate below 0.58 and net spread not strongly compensating; old-cohort-only / fails old-new cohort split; single-sector-dominated (>60% one sector)
f_rmean_21_raw,scenario,orthogonal,-0.72,False,non-positive mean IC; IC t-stat below +3.0; fails Benjamini-Hochberg q=0.10 (multiple testing); does not survive 25bps cost; spread hit-rate below 0.58 and net spread not strongly compensating; old-cohort-only / fails old-new cohort split; fails pre/post-2020 (subperiod) stability; single-sector-dominated (>60% one sector)
f_rmean_21_sn,scenario,orthogonal,-0.35,False,non-positive mean IC; IC t-stat below +3.0; fails Benjamini-Hochberg q=0.10 (multiple testing); does not survive 25bps cost; spread hit-rate below 0.58 and net spread not strongly compensating; fails pre/post-2020 (subperiod) stability; single-sector-dominated (>60% one sector)
f_rstd_21_raw,scenario,orthogonal,0.51,False,IC t-stat below +3.0; fails Benjamini-Hochberg q=0.10 (multiple testing); does not survive 25bps cost; spread hit-rate below 0.58 and net spread not strongly compensating; old-cohort-only / fails old-new cohort split; single-sector-dominated (>60% one sector)
f_rstd_21_sn,scenario,orthogonal,0.22,False,IC t-stat below +3.0; fails Benjamini-Hochberg q=0.10 (multiple testing); does not survive 25bps cost; old-cohort-only / fails old-new cohort split; fails pre/post-2020 (subperiod) stability; single-sector-dominated (>60% one sector)
f_rchg_21_raw,scenario,orthogonal,-0.01,False,non-positive mean IC; IC t-stat below +3.0; fails Benjamini-Hochberg q=0.10 (multiple testing); does not survive 25bps cost; spread hit-rate below 0.58 and net spread not strongly compensating; old-cohort-only / fails old-new cohort split; fails pre/post-2020 (subperiod) stability; single-sector-dominated (>60% one sector)
f_rchg_21_sn,scenario,orthogonal,0.47,False,IC t-stat below +3.0; fails Benjamini-Hochberg q=0.10 (multiple testing); does not survive 25bps cost; spread hit-rate below 0.58 and net spread not strongly compensating; old-cohort-only / fails old-new cohort split; fails pre/post-2020 (subperiod) stability; single-sector-dominated (>60% one sector)
f_rmean_63_raw,scenario,orthogonal,-0.53,False,non-positive mean IC; IC t-stat below +3.0; fails Benjamini-Hochberg q=0.10 (multiple testing); does not survive 25bps cost; spread hit-rate below 0.58 and net spread not strongly compensating; old-cohort-only / fails old-new cohort split; fails pre/post-2020 (subperiod) stability; single-sector-dominated (>60% one sector)
f_rmean_63_sn,scenario,orthogonal,-0.02,False,non-positive mean IC; IC t-stat below +3.0; fails Benjamini-Hochberg q=0.10 (multiple testing); does not survive 25bps cost; spread hit-rate below 0.58 and net spread not strongly compensating; old-cohort-only / fails old-new cohort split; fails pre/post-2020 (subperiod) stability; single-sector-dominated (>60% one sector)
f_rstd_63_raw,scenario,orthogonal,0.19,False,IC t-stat below +3.0; fails Benjamini-Hochberg q=0.10 (multiple testing); does not survive 25bps cost; spread hit-rate below 0.58 and net spread not strongly compensating; old-cohort-only / fails old-new cohort split; fails pre/post-2020 (subperiod) stability; single-sector-dominated (>60% one sector)
f_rstd_63_sn,scenario,orthogonal,0.33,False,IC t-stat below +3.0; fails Benjamini-Hochberg q=0.10 (multiple testing); does not survive 25bps cost; spread hit-rate below 0.58 and net spread not strongly compensating; old-cohort-only / fails old-new cohort split; fails pre/post-2020 (subperiod) stability; single-sector-dominated (>60% one sector)
f_rchg_63_raw,scenario,orthogonal,-0.24,False,non-positive mean IC; IC t-stat below +3.0; fails Benjamini-Hochberg q=0.10 (multiple testing); does not survive 25bps cost; spread hit-rate below 0.58 and net spread not strongly compensating; old-cohort-only / fails old-new cohort split; fails pre/post-2020 (subperiod) stability; single-sector-dominated (>60% one sector)
f_rchg_63_sn,scenario,orthogonal,-0.0,False,non-positive mean IC; IC t-stat below +3.0; fails Benjamini-Hochberg q=0.10 (multiple testing); does not survive 25bps cost; spread hit-rate below 0.58 and net spread not strongly compensating; old-cohort-only / fails old-new cohort split; fails pre/post-2020 (subperiod) stability; single-sector-dominated (>60% one sector)
f_z_raw,scenario,orthogonal,0.2,False,IC t-stat below +3.0; fails Benjamini-Hochberg q=0.10 (multiple testing); does not survive 25bps cost; spread hit-rate below 0.58 and net spread not strongly compensating; old-cohort-only / fails old-new cohort split; fails pre/post-2020 (subperiod) stability; single-sector-dominated (>60% one sector)
f_z_sn,scenario,orthogonal,-0.05,False,non-positive mean IC; IC t-stat below +3.0; fails Benjamini-Hochberg q=0.10 (multiple testing); does not survive 25bps cost; spread hit-rate below 0.58 and net spread not strongly compensating; old-cohort-only / fails old-new cohort split; fails pre/post-2020 (subperiod) stability; single-sector-dominated (>60% one sector)
f_sector_z_raw,scenario,orthogonal,0.83,False,IC t-stat below +3.0; fails Benjamini-Hochberg q=0.10 (multiple testing); does not survive 25bps cost; spread hit-rate below 0.58 and net spread not strongly compensating; single-sector-dominated (>60% one sector)
f_sector_z_sn,scenario,orthogonal,0.83,False,IC t-stat below +3.0; fails Benjamini-Hochberg q=0.10 (multiple testing); does not survive 25bps cost; spread hit-rate below 0.58 and net spread not strongly compensating; old-cohort-only / fails old-new cohort split; single-sector-dominated (>60% one sector)
f_rank_raw,scenario,orthogonal,0.2,False,IC t-stat below +3.0; fails Benjamini-Hochberg q=0.10 (multiple testing); does not survive 25bps cost; spread hit-rate below 0.58 and net spread not strongly compensating; old-cohort-only / fails old-new cohort split; fails pre/post-2020 (subperiod) stability; single-sector-dominated (>60% one sector)
f_rank_sn,scenario,orthogonal,0.6,False,IC t-stat below +3.0; fails Benjamini-Hochberg q=0.10 (multiple testing); does not survive 25bps cost; single-sector-dominated (>60% one sector)
f_winz_raw,scenario,orthogonal,0.2,False,IC t-stat below +3.0; fails Benjamini-Hochberg q=0.10 (multiple testing); does not survive 25bps cost; spread hit-rate below 0.58 and net spread not strongly compensating; old-cohort-only / fails old-new cohort split; fails pre/post-2020 (subperiod) stability; single-sector-dominated (>60% one sector)
f_winz_sn,scenario,orthogonal,-0.03,False,non-positive mean IC; IC t-stat below +3.0; fails Benjamini-Hochberg q=0.10 (multiple testing); does not survive 25bps cost; spread hit-rate below 0.58 and net spread not strongly compensating; old-cohort-only / fails old-new cohort split; fails pre/post-2020 (subperiod) stability; single-sector-dominated (>60% one sector)
f_x_surprise_raw,scenario,orthogonal,-0.04,False,non-positive mean IC; IC t-stat below +3.0; fails Benjamini-Hochberg q=0.10 (multiple testing); does not survive 25bps cost; spread hit-rate below 0.58 and net spread not strongly compensating; old-cohort-only / fails old-new cohort split; fails pre/post-2020 (subperiod) stability; single-sector-dominated (>60% one sector)
f_x_surprise_sn,scenario,orthogonal,-0.43,False,non-positive mean IC; IC t-stat below +3.0; fails Benjamini-Hochberg q=0.10 (multiple testing); does not survive 25bps cost; spread hit-rate below 0.58 and net spread not strongly compensating; old-cohort-only / fails old-new cohort split; fails pre/post-2020 (subperiod) stability
f_x_quality_raw,scenario,orthogonal,0.34,False,IC t-stat below +3.0; fails Benjamini-Hochberg q=0.10 (multiple testing); does not survive 25bps cost; spread hit-rate below 0.58 and net spread not strongly compensating; fails pre/post-2020 (subperiod) stability; single-sector-dominated (>60% one sector)
f_x_quality_sn,scenario,orthogonal,0.87,False,IC t-stat below +3.0; fails Benjamini-Hochberg q=0.10 (multiple testing); does not survive 25bps cost; spread hit-rate below 0.58 and net spread not strongly compensating; old-cohort-only / fails old-new cohort split
f_x_value_raw,scenario,orthogonal,-0.7,False,non-positive mean IC; IC t-stat below +3.0; fails Benjamini-Hochberg q=0.10 (multiple testing); does not survive 25bps cost; spread hit-rate below 0.58 and net spread not strongly compensating; old-cohort-only / fails old-new cohort split; fails pre/post-2020 (subperiod) stability; single-sector-dominated (>60% one sector)
f_x_value_sn,scenario,orthogonal,-1.34,False,non-positive mean IC; IC t-stat below +3.0; fails Benjamini-Hochberg q=0.10 (multiple testing); does not survive 25bps cost; spread hit-rate below 0.58 and net spread not strongly compensating; old-cohort-only / fails old-new cohort split; fails pre/post-2020 (subperiod) stability; single-sector-dominated (>60% one sector)
f_x_mom_raw,scenario,orthogonal,-1.12,False,non-positive mean IC; IC t-stat below +3.0; fails Benjamini-Hochberg q=0.10 (multiple testing); does not survive 25bps cost; spread hit-rate below 0.58 and net spread not strongly compensating; old-cohort-only / fails old-new cohort split; fails pre/post-2020 (subperiod) stability; single-sector-dominated (>60% one sector)
f_x_mom_sn,scenario,orthogonal,-1.02,False,non-positive mean IC; IC t-stat below +3.0; fails Benjamini-Hochberg q=0.10 (multiple testing); does not survive 25bps cost; spread hit-rate below 0.58 and net spread not strongly compensating; old-cohort-only / fails old-new cohort split; fails pre/post-2020 (subperiod) stability; single-sector-dominated (>60% one sector)
orthogonal_blend__ic_weighted,model,model,-0.09,False,non-positive mean IC; IC t-stat below +3.0; fails Benjamini-Hochberg q=0.10 (multiple testing); does not survive 25bps cost; spread hit-rate below 0.58 and net spread not strongly compensating; old-cohort-only / fails old-new cohort split; fails pre/post-2020 (subperiod) stability; single-sector-dominated (>60% one sector)
orthogonal_blend__equal,model,model,0.34,False,IC t-stat below +3.0; fails Benjamini-Hochberg q=0.10 (multiple testing); does not survive 25bps cost; spread hit-rate below 0.58 and net spread not strongly compensating; old-cohort-only / fails old-new cohort split; fails pre/post-2020 (subperiod) stability; single-sector-dominated (>60% one sector)
ix_earnings_surprise_x_eps_growth_yoy,scenario,interaction,-0.66,False,non-positive mean IC; IC t-stat below +3.0; fails Benjamini-Hochberg q=0.10 (multiple testing); does not survive 25bps cost; old-cohort-only / fails old-new cohort split; fails pre/post-2020 (subperiod) stability; single-sector-dominated (>60% one sector)
ix_earnings_surprise_x_rev_growth_yoy,scenario,interaction,-0.29,False,non-positive mean IC; IC t-stat below +3.0; fails Benjamini-Hochberg q=0.10 (multiple testing); does not survive 25bps cost; spread hit-rate below 0.58 and net spread not strongly compensating; old-cohort-only / fails old-new cohort split; fails pre/post-2020 (subperiod) stability; single-sector-dominated (>60% one sector)
ix_earnings_surprise_x_gross_profitability,scenario,interaction,-1.13,False,non-positive mean IC; IC t-stat below +3.0; fails Benjamini-Hochberg q=0.10 (multiple testing); does not survive 25bps cost; spread hit-rate below 0.58 and net spread not strongly compensating; old-cohort-only / fails old-new cohort split; fails pre/post-2020 (subperiod) stability; single-sector-dominated (>60% one sector)
ix_earnings_surprise_x_operating_accruals,scenario,interaction,-1.08,False,non-positive mean IC; IC t-stat below +3.0; fails Benjamini-Hochberg q=0.10 (multiple testing); does not survive 25bps cost; spread hit-rate below 0.58 and net spread not strongly compensating; old-cohort-only / fails old-new cohort split; fails pre/post-2020 (subperiod) stability; single-sector-dominated (>60% one sector)
ix_earnings_surprise_x_asset_growth,scenario,interaction,-0.96,False,non-positive mean IC; IC t-stat below +3.0; fails Benjamini-Hochberg q=0.10 (multiple testing); does not survive 25bps cost; old-cohort-only / fails old-new cohort split; fails pre/post-2020 (subperiod) stability; single-sector-dominated (>60% one sector)
ix_earnings_surprise_x_net_share_issuance,scenario,interaction,-1.11,False,non-positive mean IC; IC t-stat below +3.0; fails Benjamini-Hochberg q=0.10 (multiple testing); does not survive 25bps cost; spread hit-rate below 0.58 and net spread not strongly compensating; old-cohort-only / fails old-new cohort split; fails pre/post-2020 (subperiod) stability; single-sector-dominated (>60% one sector)
ix_earnings_surprise_x_leverage_change,scenario,interaction,0.48,False,IC t-stat below +3.0; fails Benjamini-Hochberg q=0.10 (multiple testing); does not survive 25bps cost; spread hit-rate below 0.58 and net spread not strongly compensating; old-cohort-only / fails old-new cohort split; fails pre/post-2020 (subperiod) stability; single-sector-dominated (>60% one sector)
ix_earnings_surprise_x_fcf_to_assets,scenario,interaction,-0.11,False,non-positive mean IC; IC t-stat below +3.0; fails Benjamini-Hochberg q=0.10 (multiple testing); does not survive 25bps cost; spread hit-rate below 0.58 and net spread not strongly compensating; old-cohort-only / fails old-new cohort split; fails pre/post-2020 (subperiod) stability; single-sector-dominated (>60% one sector)
ix_earnings_surprise_x_dividend_growth,scenario,interaction,-0.06,False,non-positive mean IC; IC t-stat below +3.0; fails Benjamini-Hochberg q=0.10 (multiple testing); does not survive 25bps cost; spread hit-rate below 0.58 and net spread not strongly compensating; old-cohort-only / fails old-new cohort split; fails pre/post-2020 (subperiod) stability; single-sector-dominated (>60% one sector)
ix_earnings_surprise_x_news_sentiment,scenario,interaction,-0.44,False,non-positive mean IC; IC t-stat below +3.0; fails Benjamini-Hochberg q=0.10 (multiple testing); does not survive 25bps cost; spread hit-rate below 0.58 and net spread not strongly compensating; old-cohort-only / fails old-new cohort split; fails pre/post-2020 (subperiod) stability; single-sector-dominated (>60% one sector)
ix_eps_growth_yoy_x_rev_growth_yoy,scenario,interaction,-2.15,False,non-positive mean IC; IC t-stat below +3.0; fails Benjamini-Hochberg q=0.10 (multiple testing); does not survive 25bps cost; spread hit-rate below 0.58 and net spread not strongly compensating; old-cohort-only / fails old-new cohort split; fails pre/post-2020 (subperiod) stability; single-sector-dominated (>60% one sector)
ix_eps_growth_yoy_x_gross_profitability,scenario,interaction,0.06,False,IC t-stat below +3.0; fails Benjamini-Hochberg q=0.10 (multiple testing); does not survive 25bps cost; spread hit-rate below 0.58 and net spread not strongly compensating; fails pre/post-2020 (subperiod) stability; single-sector-dominated (>60% one sector)
ix_eps_growth_yoy_x_operating_accruals,scenario,interaction,-0.3,False,non-positive mean IC; IC t-stat below +3.0; fails Benjamini-Hochberg q=0.10 (multiple testing); does not survive 25bps cost; spread hit-rate below 0.58 and net spread not strongly compensating; old-cohort-only / fails old-new cohort split; fails pre/post-2020 (subperiod) stability; single-sector-dominated (>60% one sector)
ix_eps_growth_yoy_x_asset_growth,scenario,interaction,-0.48,False,non-positive mean IC; IC t-stat below +3.0; fails Benjamini-Hochberg q=0.10 (multiple testing); does not survive 25bps cost; spread hit-rate below 0.58 and net spread not strongly compensating; old-cohort-only / fails old-new cohort split; fails pre/post-2020 (subperiod) stability; single-sector-dominated (>60% one sector)
ix_eps_growth_yoy_x_net_share_issuance,scenario,interaction,-1.49,False,non-positive mean IC; IC t-stat below +3.0; fails Benjamini-Hochberg q=0.10 (multiple testing); does not survive 25bps cost; spread hit-rate below 0.58 and net spread not strongly compensating; old-cohort-only / fails old-new cohort split; fails pre/post-2020 (subperiod) stability; single-sector-dominated (>60% one sector)
ix_eps_growth_yoy_x_leverage_change,scenario,interaction,-0.76,False,non-positive mean IC; IC t-stat below +3.0; fails Benjamini-Hochberg q=0.10 (multiple testing); does not survive 25bps cost; spread hit-rate below 0.58 and net spread not strongly compensating; old-cohort-only / fails old-new cohort split; fails pre/post-2020 (subperiod) stability; single-sector-dominated (>60% one sector)
ix_eps_growth_yoy_x_fcf_to_assets,scenario,interaction,-0.05,False,non-positive mean IC; IC t-stat below +3.0; fails Benjamini-Hochberg q=0.10 (multiple testing); does not survive 25bps cost; spread hit-rate below 0.58 and net spread not strongly compensating; old-cohort-only / fails old-new cohort split; fails pre/post-2020 (subperiod) stability; single-sector-dominated (>60% one sector)
ix_eps_growth_yoy_x_dividend_growth,scenario,interaction,-1.22,False,non-positive mean IC; IC t-stat below +3.0; fails Benjamini-Hochberg q=0.10 (multiple testing); does not survive 25bps cost; old-cohort-only / fails old-new cohort split; fails pre/post-2020 (subperiod) stability; single-sector-dominated (>60% one sector)
ix_eps_growth_yoy_x_news_sentiment,scenario,interaction,-0.68,False,non-positive mean IC; IC t-stat below +3.0; fails Benjamini-Hochberg q=0.10 (multiple testing); does not survive 25bps cost; spread hit-rate below 0.58 and net spread not strongly compensating; old-cohort-only / fails old-new cohort split; fails pre/post-2020 (subperiod) stability; single-sector-dominated (>60% one sector)
ix_rev_growth_yoy_x_gross_profitability,scenario,interaction,1.05,False,IC t-stat below +3.0; fails Benjamini-Hochberg q=0.10 (multiple testing); does not survive 25bps cost; spread hit-rate below 0.58 and net spread not strongly compensating; single-sector-dominated (>60% one sector)
ix_rev_growth_yoy_x_operating_accruals,scenario,interaction,1.38,False,IC t-stat below +3.0; fails Benjamini-Hochberg q=0.10 (multiple testing); does not survive 25bps cost; fails pre/post-2020 (subperiod) stability; single-sector-dominated (>60% one sector)
ix_rev_growth_yoy_x_asset_growth,scenario,interaction,0.37,False,IC t-stat below +3.0; fails Benjamini-Hochberg q=0.10 (multiple testing); does not survive 25bps cost; spread hit-rate below 0.58 and net spread not strongly compensating; old-cohort-only / fails old-new cohort split; fails pre/post-2020 (subperiod) stability; single-sector-dominated (>60% one sector)
ix_rev_growth_yoy_x_net_share_issuance,scenario,interaction,0.03,False,IC t-stat below +3.0; fails Benjamini-Hochberg q=0.10 (multiple testing); does not survive 25bps cost; spread hit-rate below 0.58 and net spread not strongly compensating; old-cohort-only / fails old-new cohort split; fails pre/post-2020 (subperiod) stability; single-sector-dominated (>60% one sector)
ix_rev_growth_yoy_x_leverage_change,scenario,interaction,-0.96,False,non-positive mean IC; IC t-stat below +3.0; fails Benjamini-Hochberg q=0.10 (multiple testing); does not survive 25bps cost; old-cohort-only / fails old-new cohort split; fails pre/post-2020 (subperiod) stability; single-sector-dominated (>60% one sector)
ix_rev_growth_yoy_x_fcf_to_assets,scenario,interaction,-1.52,False,non-positive mean IC; IC t-stat below +3.0; fails Benjamini-Hochberg q=0.10 (multiple testing); does not survive 25bps cost; spread hit-rate below 0.58 and net spread not strongly compensating; old-cohort-only / fails old-new cohort split; fails pre/post-2020 (subperiod) stability; single-sector-dominated (>60% one sector)
ix_rev_growth_yoy_x_dividend_growth,scenario,interaction,0.17,False,IC t-stat below +3.0; fails Benjamini-Hochberg q=0.10 (multiple testing); does not survive 25bps cost; spread hit-rate below 0.58 and net spread not strongly compensating; old-cohort-only / fails old-new cohort split; fails pre/post-2020 (subperiod) stability; single-sector-dominated (>60% one sector)
ix_rev_growth_yoy_x_news_sentiment,scenario,interaction,1.7,False,IC t-stat below +3.0; fails Benjamini-Hochberg q=0.10 (multiple testing); does not survive 25bps cost; spread hit-rate below 0.58 and net spread not strongly compensating; single-sector-dominated (>60% one sector)
ix_gross_profitability_x_operating_accruals,scenario,interaction,0.5,False,IC t-stat below +3.0; fails Benjamini-Hochberg q=0.10 (multiple testing); does not survive 25bps cost; spread hit-rate below 0.58 and net spread not strongly compensating; old-cohort-only / fails old-new cohort split; single-sector-dominated (>60% one sector)
ix_gross_profitability_x_asset_growth,scenario,interaction,0.03,False,IC t-stat below +3.0; fails Benjamini-Hochberg q=0.10 (multiple testing); does not survive 25bps cost; spread hit-rate below 0.58 and net spread not strongly compensating; old-cohort-only / fails old-new cohort split; fails pre/post-2020 (subperiod) stability; single-sector-dominated (>60% one sector)
ix_gross_profitability_x_net_share_issuance,scenario,interaction,1.16,False,IC t-stat below +3.0; fails Benjamini-Hochberg q=0.10 (multiple testing); does not survive 25bps cost; spread hit-rate below 0.58 and net spread not strongly compensating; single-sector-dominated (>60% one sector)
ix_gross_profitability_x_leverage_change,scenario,interaction,-1.13,False,non-positive mean IC; IC t-stat below +3.0; fails Benjamini-Hochberg q=0.10 (multiple testing); does not survive 25bps cost; spread hit-rate below 0.58 and net spread not strongly compensating; old-cohort-only / fails old-new cohort split; fails pre/post-2020 (subperiod) stability
ix_gross_profitability_x_fcf_to_assets,scenario,interaction,-0.59,False,non-positive mean IC; IC t-stat below +3.0; fails Benjamini-Hochberg q=0.10 (multiple testing); does not survive 25bps cost; spread hit-rate below 0.58 and net spread not strongly compensating; old-cohort-only / fails old-new cohort split; fails pre/post-2020 (subperiod) stability
ix_gross_profitability_x_dividend_growth,scenario,interaction,-2.33,False,non-positive mean IC; IC t-stat below +3.0; fails Benjamini-Hochberg q=0.10 (multiple testing); does not survive 25bps cost; old-cohort-only / fails old-new cohort split; fails pre/post-2020 (subperiod) stability; single-sector-dominated (>60% one sector)
ix_gross_profitability_x_news_sentiment,scenario,interaction,1.04,False,IC t-stat below +3.0; fails Benjamini-Hochberg q=0.10 (multiple testing); does not survive 25bps cost; spread hit-rate below 0.58 and net spread not strongly compensating; single-sector-dominated (>60% one sector)
ix_operating_accruals_x_asset_growth,scenario,interaction,0.44,False,IC t-stat below +3.0; fails Benjamini-Hochberg q=0.10 (multiple testing); does not survive 25bps cost; old-cohort-only / fails old-new cohort split; fails pre/post-2020 (subperiod) stability; single-sector-dominated (>60% one sector)
ix_operating_accruals_x_net_share_issuance,scenario,interaction,-0.35,False,non-positive mean IC; IC t-stat below +3.0; fails Benjamini-Hochberg q=0.10 (multiple testing); does not survive 25bps cost; spread hit-rate below 0.58 and net spread not strongly compensating; old-cohort-only / fails old-new cohort split; fails pre/post-2020 (subperiod) stability; single-sector-dominated (>60% one sector)
ix_operating_accruals_x_leverage_change,scenario,interaction,1.73,False,IC t-stat below +3.0; fails Benjamini-Hochberg q=0.10 (multiple testing); spread hit-rate below 0.58 and net spread not strongly compensating; single-sector-dominated (>60% one sector)
ix_operating_accruals_x_fcf_to_assets,scenario,interaction,-0.17,False,non-positive mean IC; IC t-stat below +3.0; fails Benjamini-Hochberg q=0.10 (multiple testing); does not survive 25bps cost; spread hit-rate below 0.58 and net spread not strongly compensating; old-cohort-only / fails old-new cohort split; fails pre/post-2020 (subperiod) stability; single-sector-dominated (>60% one sector)
ix_operating_accruals_x_dividend_growth,scenario,interaction,1.75,False,IC t-stat below +3.0; fails Benjamini-Hochberg q=0.10 (multiple testing); single-sector-dominated (>60% one sector)
ix_operating_accruals_x_news_sentiment,scenario,interaction,-0.67,False,non-positive mean IC; IC t-stat below +3.0; fails Benjamini-Hochberg q=0.10 (multiple testing); does not survive 25bps cost; spread hit-rate below 0.58 and net spread not strongly compensating; old-cohort-only / fails old-new cohort split; fails pre/post-2020 (subperiod) stability; single-sector-dominated (>60% one sector)
ix_asset_growth_x_net_share_issuance,scenario,interaction,0.33,False,IC t-stat below +3.0; fails Benjamini-Hochberg q=0.10 (multiple testing); does not survive 25bps cost; spread hit-rate below 0.58 and net spread not strongly compensating; single-sector-dominated (>60% one sector)
ix_asset_growth_x_leverage_change,scenario,interaction,-2.13,False,non-positive mean IC; IC t-stat below +3.0; fails Benjamini-Hochberg q=0.10 (multiple testing); does not survive 25bps cost; old-cohort-only / fails old-new cohort split; fails pre/post-2020 (subperiod) stability
ix_asset_growth_x_fcf_to_assets,scenario,interaction,-1.07,False,non-positive mean IC; IC t-stat below +3.0; fails Benjamini-Hochberg q=0.10 (multiple testing); does not survive 25bps cost; spread hit-rate below 0.58 and net spread not strongly compensating; old-cohort-only / fails old-new cohort split; fails pre/post-2020 (subperiod) stability; single-sector-dominated (>60% one sector)
ix_asset_growth_x_dividend_growth,scenario,interaction,-0.74,False,non-positive mean IC; IC t-stat below +3.0; fails Benjamini-Hochberg q=0.10 (multiple testing); does not survive 25bps cost; spread hit-rate below 0.58 and net spread not strongly compensating; old-cohort-only / fails old-new cohort split; fails pre/post-2020 (subperiod) stability; single-sector-dominated (>60% one sector)
ix_asset_growth_x_news_sentiment,scenario,interaction,0.76,False,IC t-stat below +3.0; fails Benjamini-Hochberg q=0.10 (multiple testing); does not survive 25bps cost; spread hit-rate below 0.58 and net spread not strongly compensating; old-cohort-only / fails old-new cohort split; fails pre/post-2020 (subperiod) stability; single-sector-dominated (>60% one sector)
ix_net_share_issuance_x_leverage_change,scenario,interaction,-1.29,False,non-positive mean IC; IC t-stat below +3.0; fails Benjamini-Hochberg q=0.10 (multiple testing); does not survive 25bps cost; spread hit-rate below 0.58 and net spread not strongly compensating; old-cohort-only / fails old-new cohort split; fails pre/post-2020 (subperiod) stability
ix_net_share_issuance_x_fcf_to_assets,scenario,interaction,-0.76,False,non-positive mean IC; IC t-stat below +3.0; fails Benjamini-Hochberg q=0.10 (multiple testing); does not survive 25bps cost; spread hit-rate below 0.58 and net spread not strongly compensating; old-cohort-only / fails old-new cohort split; fails pre/post-2020 (subperiod) stability; single-sector-dominated (>60% one sector)
ix_net_share_issuance_x_dividend_growth,scenario,interaction,0.83,False,IC t-stat below +3.0; fails Benjamini-Hochberg q=0.10 (multiple testing); does not survive 25bps cost; spread hit-rate below 0.58 and net spread not strongly compensating; fails pre/post-2020 (subperiod) stability; single-sector-dominated (>60% one sector)
ix_net_share_issuance_x_news_sentiment,scenario,interaction,-0.64,False,non-positive mean IC; IC t-stat below +3.0; fails Benjamini-Hochberg q=0.10 (multiple testing); does not survive 25bps cost; spread hit-rate below 0.58 and net spread not strongly compensating; old-cohort-only / fails old-new cohort split; fails pre/post-2020 (subperiod) stability; single-sector-dominated (>60% one sector)
ix_leverage_change_x_fcf_to_assets,scenario,interaction,-1.46,False,non-positive mean IC; IC t-stat below +3.0; fails Benjamini-Hochberg q=0.10 (multiple testing); does not survive 25bps cost; spread hit-rate below 0.58 and net spread not strongly compensating; old-cohort-only / fails old-new cohort split; fails pre/post-2020 (subperiod) stability
ix_leverage_change_x_dividend_growth,scenario,interaction,0.45,False,IC t-stat below +3.0; fails Benjamini-Hochberg q=0.10 (multiple testing); does not survive 25bps cost; spread hit-rate below 0.58 and net spread not strongly compensating; old-cohort-only / fails old-new cohort split; fails pre/post-2020 (subperiod) stability; single-sector-dominated (>60% one sector)
ix_leverage_change_x_news_sentiment,scenario,interaction,1.02,False,IC t-stat below +3.0; fails Benjamini-Hochberg q=0.10 (multiple testing); spread hit-rate below 0.58 and net spread not strongly compensating; old-cohort-only / fails old-new cohort split
ix_fcf_to_assets_x_dividend_growth,scenario,interaction,-1.57,False,non-positive mean IC; IC t-stat below +3.0; fails Benjamini-Hochberg q=0.10 (multiple testing); does not survive 25bps cost; spread hit-rate below 0.58 and net spread not strongly compensating; old-cohort-only / fails old-new cohort split; fails pre/post-2020 (subperiod) stability; single-sector-dominated (>60% one sector)
ix_fcf_to_assets_x_news_sentiment,scenario,interaction,0.3,False,IC t-stat below +3.0; fails Benjamini-Hochberg q=0.10 (multiple testing); does not survive 25bps cost; spread hit-rate below 0.58 and net spread not strongly compensating; old-cohort-only / fails old-new cohort split; fails pre/post-2020 (subperiod) stability; single-sector-dominated (>60% one sector)
ix_dividend_growth_x_news_sentiment,scenario,interaction,-0.86,False,non-positive mean IC; IC t-stat below +3.0; fails Benjamini-Hochberg q=0.10 (multiple testing); does not survive 25bps cost; spread hit-rate below 0.58 and net spread not strongly compensating; old-cohort-only / fails old-new cohort split; fails pre/post-2020 (subperiod) stability; single-sector-dominated (>60% one sector)
ix_earnings_surprise_x_surprise,scenario,interaction,-0.47,False,non-positive mean IC; IC t-stat below +3.0; fails Benjamini-Hochberg q=0.10 (multiple testing); does not survive 25bps cost; spread hit-rate below 0.58 and net spread not strongly compensating; old-cohort-only / fails old-new cohort split; fails pre/post-2020 (subperiod) stability; single-sector-dominated (>60% one sector)
ix_earnings_surprise_x_momentum,scenario,interaction,-0.91,False,non-positive mean IC; IC t-stat below +3.0; fails Benjamini-Hochberg q=0.10 (multiple testing); does not survive 25bps cost; old-cohort-only / fails old-new cohort split; fails pre/post-2020 (subperiod) stability; single-sector-dominated (>60% one sector)
ix_earnings_surprise_x_quality,scenario,interaction,-0.41,False,non-positive mean IC; IC t-stat below +3.0; fails Benjamini-Hochberg q=0.10 (multiple testing); spread hit-rate below 0.58 and net spread not strongly compensating; old-cohort-only / fails old-new cohort split; fails pre/post-2020 (subperiod) stability; single-sector-dominated (>60% one sector)
ix_earnings_surprise_x_value,scenario,interaction,1.17,False,IC t-stat below +3.0; fails Benjamini-Hochberg q=0.10 (multiple testing); does not survive 25bps cost; spread hit-rate below 0.58 and net spread not strongly compensating; single-sector-dominated (>60% one sector)
ix_eps_growth_yoy_x_surprise,scenario,interaction,-1.73,False,non-positive mean IC; IC t-stat below +3.0; fails Benjamini-Hochberg q=0.10 (multiple testing); does not survive 25bps cost; old-cohort-only / fails old-new cohort split; fails pre/post-2020 (subperiod) stability; single-sector-dominated (>60% one sector)
ix_eps_growth_yoy_x_momentum,scenario,interaction,-1.67,False,non-positive mean IC; IC t-stat below +3.0; fails Benjamini-Hochberg q=0.10 (multiple testing); does not survive 25bps cost; spread hit-rate below 0.58 and net spread not strongly compensating; old-cohort-only / fails old-new cohort split; fails pre/post-2020 (subperiod) stability; single-sector-dominated (>60% one sector)
ix_eps_growth_yoy_x_quality,scenario,interaction,-1.64,False,non-positive mean IC; IC t-stat below +3.0; fails Benjamini-Hochberg q=0.10 (multiple testing); does not survive 25bps cost; spread hit-rate below 0.58 and net spread not strongly compensating; old-cohort-only / fails old-new cohort split; fails pre/post-2020 (subperiod) stability; single-sector-dominated (>60% one sector)
ix_eps_growth_yoy_x_value,scenario,interaction,0.01,False,IC t-stat below +3.0; fails Benjamini-Hochberg q=0.10 (multiple testing); does not survive 25bps cost; spread hit-rate below 0.58 and net spread not strongly compensating; old-cohort-only / fails old-new cohort split; fails pre/post-2020 (subperiod) stability; single-sector-dominated (>60% one sector)
ix_rev_growth_yoy_x_surprise,scenario,interaction,0.16,False,IC t-stat below +3.0; fails Benjamini-Hochberg q=0.10 (multiple testing); does not survive 25bps cost; spread hit-rate below 0.58 and net spread not strongly compensating; old-cohort-only / fails old-new cohort split; fails pre/post-2020 (subperiod) stability; single-sector-dominated (>60% one sector)
ix_rev_growth_yoy_x_momentum,scenario,interaction,-0.76,False,non-positive mean IC; IC t-stat below +3.0; fails Benjamini-Hochberg q=0.10 (multiple testing); does not survive 25bps cost; spread hit-rate below 0.58 and net spread not strongly compensating; old-cohort-only / fails old-new cohort split; fails pre/post-2020 (subperiod) stability; single-sector-dominated (>60% one sector)
ix_rev_growth_yoy_x_quality,scenario,interaction,-1.85,False,non-positive mean IC; IC t-stat below +3.0; fails Benjamini-Hochberg q=0.10 (multiple testing); does not survive 25bps cost; spread hit-rate below 0.58 and net spread not strongly compensating; old-cohort-only / fails old-new cohort split; fails pre/post-2020 (subperiod) stability; single-sector-dominated (>60% one sector)
ix_rev_growth_yoy_x_value,scenario,interaction,-0.07,False,non-positive mean IC; IC t-stat below +3.0; fails Benjamini-Hochberg q=0.10 (multiple testing); does not survive 25bps cost; spread hit-rate below 0.58 and net spread not strongly compensating; old-cohort-only / fails old-new cohort split; fails pre/post-2020 (subperiod) stability; single-sector-dominated (>60% one sector)
ix_gross_profitability_x_surprise,scenario,interaction,-1.32,False,non-positive mean IC; IC t-stat below +3.0; fails Benjamini-Hochberg q=0.10 (multiple testing); does not survive 25bps cost; spread hit-rate below 0.58 and net spread not strongly compensating; old-cohort-only / fails old-new cohort split; fails pre/post-2020 (subperiod) stability; single-sector-dominated (>60% one sector)
ix_gross_profitability_x_momentum,scenario,interaction,0.36,False,IC t-stat below +3.0; fails Benjamini-Hochberg q=0.10 (multiple testing); does not survive 25bps cost; spread hit-rate below 0.58 and net spread not strongly compensating; fails pre/post-2020 (subperiod) stability; single-sector-dominated (>60% one sector)
ix_gross_profitability_x_quality,scenario,interaction,-1.12,False,non-positive mean IC; IC t-stat below +3.0; fails Benjamini-Hochberg q=0.10 (multiple testing); does not survive 25bps cost; spread hit-rate below 0.58 and net spread not strongly compensating; old-cohort-only / fails old-new cohort split; fails pre/post-2020 (subperiod) stability
ix_gross_profitability_x_value,scenario,interaction,-1.77,False,non-positive mean IC; IC t-stat below +3.0; fails Benjamini-Hochberg q=0.10 (multiple testing); does not survive 25bps cost; spread hit-rate below 0.58 and net spread not strongly compensating; old-cohort-only / fails old-new cohort split; fails pre/post-2020 (subperiod) stability; single-sector-dominated (>60% one sector)
ix_operating_accruals_x_surprise,scenario,interaction,-0.42,False,non-positive mean IC; IC t-stat below +3.0; fails Benjamini-Hochberg q=0.10 (multiple testing); does not survive 25bps cost; spread hit-rate below 0.58 and net spread not strongly compensating; old-cohort-only / fails old-new cohort split; fails pre/post-2020 (subperiod) stability; single-sector-dominated (>60% one sector)
ix_operating_accruals_x_momentum,scenario,interaction,0.11,False,IC t-stat below +3.0; fails Benjamini-Hochberg q=0.10 (multiple testing); does not survive 25bps cost; spread hit-rate below 0.58 and net spread not strongly compensating; old-cohort-only / fails old-new cohort split; fails pre/post-2020 (subperiod) stability; single-sector-dominated (>60% one sector)
ix_operating_accruals_x_quality,scenario,interaction,-1.01,False,non-positive mean IC; IC t-stat below +3.0; fails Benjamini-Hochberg q=0.10 (multiple testing); does not survive 25bps cost; spread hit-rate below 0.58 and net spread not strongly compensating; old-cohort-only / fails old-new cohort split; fails pre/post-2020 (subperiod) stability
ix_operating_accruals_x_value,scenario,interaction,1.51,False,IC t-stat below +3.0; fails Benjamini-Hochberg q=0.10 (multiple testing); does not survive 25bps cost; spread hit-rate below 0.58 and net spread not strongly compensating; single-sector-dominated (>60% one sector)
ix_asset_growth_x_surprise,scenario,interaction,-1.69,False,non-positive mean IC; IC t-stat below +3.0; fails Benjamini-Hochberg q=0.10 (multiple testing); does not survive 25bps cost; old-cohort-only / fails old-new cohort split; fails pre/post-2020 (subperiod) stability; single-sector-dominated (>60% one sector)
ix_asset_growth_x_momentum,scenario,interaction,-0.37,False,non-positive mean IC; IC t-stat below +3.0; fails Benjamini-Hochberg q=0.10 (multiple testing); does not survive 25bps cost; spread hit-rate below 0.58 and net spread not strongly compensating; old-cohort-only / fails old-new cohort split; fails pre/post-2020 (subperiod) stability; single-sector-dominated (>60% one sector)
ix_asset_growth_x_quality,scenario,interaction,-2.42,False,non-positive mean IC; IC t-stat below +3.0; fails Benjamini-Hochberg q=0.10 (multiple testing); does not survive 25bps cost; spread hit-rate below 0.58 and net spread not strongly compensating; old-cohort-only / fails old-new cohort split; fails pre/post-2020 (subperiod) stability; single-sector-dominated (>60% one sector)
ix_asset_growth_x_value,scenario,interaction,0.58,False,IC t-stat below +3.0; fails Benjamini-Hochberg q=0.10 (multiple testing); does not survive 25bps cost; spread hit-rate below 0.58 and net spread not strongly compensating; fails pre/post-2020 (subperiod) stability; single-sector-dominated (>60% one sector)
ix_net_share_issuance_x_surprise,scenario,interaction,-1.65,False,non-positive mean IC; IC t-stat below +3.0; fails Benjamini-Hochberg q=0.10 (multiple testing); does not survive 25bps cost; spread hit-rate below 0.58 and net spread not strongly compensating; old-cohort-only / fails old-new cohort split; fails pre/post-2020 (subperiod) stability; single-sector-dominated (>60% one sector)
ix_net_share_issuance_x_momentum,scenario,interaction,-1.3,False,non-positive mean IC; IC t-stat below +3.0; fails Benjamini-Hochberg q=0.10 (multiple testing); does not survive 25bps cost; spread hit-rate below 0.58 and net spread not strongly compensating; old-cohort-only / fails old-new cohort split; fails pre/post-2020 (subperiod) stability; single-sector-dominated (>60% one sector)
ix_net_share_issuance_x_quality,scenario,interaction,-2.05,False,non-positive mean IC; IC t-stat below +3.0; fails Benjamini-Hochberg q=0.10 (multiple testing); does not survive 25bps cost; spread hit-rate below 0.58 and net spread not strongly compensating; old-cohort-only / fails old-new cohort split; fails pre/post-2020 (subperiod) stability; single-sector-dominated (>60% one sector)
ix_net_share_issuance_x_value,scenario,interaction,-0.58,False,non-positive mean IC; IC t-stat below +3.0; fails Benjamini-Hochberg q=0.10 (multiple testing); does not survive 25bps cost; spread hit-rate below 0.58 and net spread not strongly compensating; old-cohort-only / fails old-new cohort split; fails pre/post-2020 (subperiod) stability
ix_leverage_change_x_surprise,scenario,interaction,1.06,False,IC t-stat below +3.0; fails Benjamini-Hochberg q=0.10 (multiple testing); spread hit-rate below 0.58 and net spread not strongly compensating; fails pre/post-2020 (subperiod) stability; single-sector-dominated (>60% one sector)
ix_leverage_change_x_momentum,scenario,interaction,1.67,False,IC t-stat below +3.0; fails Benjamini-Hochberg q=0.10 (multiple testing); does not survive 25bps cost; spread hit-rate below 0.58 and net spread not strongly compensating; fails pre/post-2020 (subperiod) stability; single-sector-dominated (>60% one sector)
ix_leverage_change_x_quality,scenario,interaction,-0.46,False,non-positive mean IC; IC t-stat below +3.0; fails Benjamini-Hochberg q=0.10 (multiple testing); does not survive 25bps cost; spread hit-rate below 0.58 and net spread not strongly compensating; old-cohort-only / fails old-new cohort split; fails pre/post-2020 (subperiod) stability
ix_leverage_change_x_value,scenario,interaction,1.63,False,IC t-stat below +3.0; fails Benjamini-Hochberg q=0.10 (multiple testing); does not survive 25bps cost; spread hit-rate below 0.58 and net spread not strongly compensating; single-sector-dominated (>60% one sector)
ix_fcf_to_assets_x_surprise,scenario,interaction,-0.87,False,non-positive mean IC; IC t-stat below +3.0; fails Benjamini-Hochberg q=0.10 (multiple testing); does not survive 25bps cost; spread hit-rate below 0.58 and net spread not strongly compensating; old-cohort-only / fails old-new cohort split; fails pre/post-2020 (subperiod) stability; single-sector-dominated (>60% one sector)
ix_fcf_to_assets_x_momentum,scenario,interaction,0.59,False,IC t-stat below +3.0; fails Benjamini-Hochberg q=0.10 (multiple testing); does not survive 25bps cost; spread hit-rate below 0.58 and net spread not strongly compensating; old-cohort-only / fails old-new cohort split; single-sector-dominated (>60% one sector)
ix_fcf_to_assets_x_quality,scenario,interaction,0.26,False,IC t-stat below +3.0; fails Benjamini-Hochberg q=0.10 (multiple testing); does not survive 25bps cost; spread hit-rate below 0.58 and net spread not strongly compensating; old-cohort-only / fails old-new cohort split
ix_fcf_to_assets_x_value,scenario,interaction,-1.16,False,non-positive mean IC; IC t-stat below +3.0; fails Benjamini-Hochberg q=0.10 (multiple testing); does not survive 25bps cost; spread hit-rate below 0.58 and net spread not strongly compensating; old-cohort-only / fails old-new cohort split; fails pre/post-2020 (subperiod) stability; single-sector-dominated (>60% one sector)
ix_dividend_growth_x_surprise,scenario,interaction,-0.1,False,non-positive mean IC; IC t-stat below +3.0; fails Benjamini-Hochberg q=0.10 (multiple testing); does not survive 25bps cost; spread hit-rate below 0.58 and net spread not strongly compensating; old-cohort-only / fails old-new cohort split; fails pre/post-2020 (subperiod) stability; single-sector-dominated (>60% one sector)
ix_dividend_growth_x_momentum,scenario,interaction,0.57,False,IC t-stat below +3.0; fails Benjamini-Hochberg q=0.10 (multiple testing); does not survive 25bps cost; spread hit-rate below 0.58 and net spread not strongly compensating; fails pre/post-2020 (subperiod) stability; single-sector-dominated (>60% one sector)
ix_dividend_growth_x_quality,scenario,interaction,-1.64,False,non-positive mean IC; IC t-stat below +3.0; fails Benjamini-Hochberg q=0.10 (multiple testing); does not survive 25bps cost; spread hit-rate below 0.58 and net spread not strongly compensating; old-cohort-only / fails old-new cohort split; fails pre/post-2020 (subperiod) stability; single-sector-dominated (>60% one sector)
ix_dividend_growth_x_value,scenario,interaction,-0.24,False,non-positive mean IC; IC t-stat below +3.0; fails Benjamini-Hochberg q=0.10 (multiple testing); does not survive 25bps cost; spread hit-rate below 0.58 and net spread not strongly compensating; old-cohort-only / fails old-new cohort split; fails pre/post-2020 (subperiod) stability; single-sector-dominated (>60% one sector)
ix_news_sentiment_x_surprise,scenario,interaction,-0.04,False,non-positive mean IC; IC t-stat below +3.0; fails Benjamini-Hochberg q=0.10 (multiple testing); does not survive 25bps cost; spread hit-rate below 0.58 and net spread not strongly compensating; old-cohort-only / fails old-new cohort split; fails pre/post-2020 (subperiod) stability; single-sector-dominated (>60% one sector)
ix_news_sentiment_x_momentum,scenario,interaction,-1.12,False,non-positive mean IC; IC t-stat below +3.0; fails Benjamini-Hochberg q=0.10 (multiple testing); does not survive 25bps cost; spread hit-rate below 0.58 and net spread not strongly compensating; old-cohort-only / fails old-new cohort split; fails pre/post-2020 (subperiod) stability; single-sector-dominated (>60% one sector)
ix_news_sentiment_x_quality,scenario,interaction,0.34,False,IC t-stat below +3.0; fails Benjamini-Hochberg q=0.10 (multiple testing); does not survive 25bps cost; spread hit-rate below 0.58 and net spread not strongly compensating; fails pre/post-2020 (subperiod) stability; single-sector-dominated (>60% one sector)
ix_news_sentiment_x_value,scenario,interaction,-0.7,False,non-positive mean IC; IC t-stat below +3.0; fails Benjamini-Hochberg q=0.10 (multiple testing); does not survive 25bps cost; spread hit-rate below 0.58 and net spread not strongly compensating; old-cohort-only / fails old-new cohort split; fails pre/post-2020 (subperiod) stability; single-sector-dominated (>60% one sector)
