ticker,as_of_date,generated_at,target_date,model_version,feature_set_version,horizon_days,score,predicted_excess_return_5d,prob_outperform_spy,lo_return_5d,hi_return_5d,interval_width,risk_band,recommendation,rank_in_universe,source
SYN_A,2023-09-29,2026-06-16T18:44:53,2023-10-06,phase2-ridge-20260616-7bda0e,phase2a-19f-7d7ba3b1,5,0.003076044146778569,0.003076044146778569,0.6218905472636815,,,,,Strong Buy,3,SYNTHETIC (Phase 2B/2C planted-signal SYN_* sample; no --db-url given — NOT real market data)
SYN_A,2023-10-02,2026-06-16T18:44:53,2023-10-09,phase2-ridge-20260616-7bda0e,phase2a-19f-7d7ba3b1,5,0.001968495531387127,0.001968495531387127,0.572139303482587,,,,,Buy,3,SYNTHETIC (Phase 2B/2C planted-signal SYN_* sample; no --db-url given — NOT real market data)
SYN_A,2023-10-03,2026-06-16T18:44:53,2023-10-10,phase2-ridge-20260616-7bda0e,phase2a-19f-7d7ba3b1,5,0.0029932824164128373,0.0029932824164128373,0.6169154228855721,,,,,Buy,4,SYNTHETIC (Phase 2B/2C planted-signal SYN_* sample; no --db-url given — NOT real market data)
SYN_A,2023-10-04,2026-06-16T18:44:53,2023-10-11,phase2-ridge-20260616-7bda0e,phase2a-19f-7d7ba3b1,5,0.0026649659288750277,0.0026649659288750277,0.5920398009950248,,,,,Buy,3,SYNTHETIC (Phase 2B/2C planted-signal SYN_* sample; no --db-url given — NOT real market data)
SYN_A,2023-10-05,2026-06-16T18:44:53,2023-10-12,phase2-ridge-20260616-7bda0e,phase2a-19f-7d7ba3b1,5,0.002697881037756226,0.002697881037756226,0.5970149253731343,,,,,Buy,4,SYNTHETIC (Phase 2B/2C planted-signal SYN_* sample; no --db-url given — NOT real market data)
SYN_A,2023-10-06,2026-06-16T18:44:53,2023-10-13,phase2-ridge-20260616-7bda0e,phase2a-19f-7d7ba3b1,5,-0.0016750282405276823,-0.0016750282405276823,0.5174129353233831,,,,,Hold,4,SYNTHETIC (Phase 2B/2C planted-signal SYN_* sample; no --db-url given — NOT real market data)
SYN_A,2023-10-09,2026-06-16T18:44:53,2023-10-16,phase2-ridge-20260616-7bda0e,phase2a-19f-7d7ba3b1,5,-0.001425402525563918,-0.001425402525563918,0.527363184079602,,,,,Hold,4,SYNTHETIC (Phase 2B/2C planted-signal SYN_* sample; no --db-url given — NOT real market data)
SYN_A,2023-10-10,2026-06-16T18:44:53,2023-10-17,phase2-ridge-20260616-7bda0e,phase2a-19f-7d7ba3b1,5,-0.0009829875994651696,-0.0009829875994651696,0.5323383084577115,,,,,Hold,4,SYNTHETIC (Phase 2B/2C planted-signal SYN_* sample; no --db-url given — NOT real market data)
SYN_A,2023-10-11,2026-06-16T18:44:53,2023-10-18,phase2-ridge-20260616-7bda0e,phase2a-19f-7d7ba3b1,5,-0.002910443090912312,-0.002910443090912312,0.472636815920398,,,,,Hold,5,SYNTHETIC (Phase 2B/2C planted-signal SYN_* sample; no --db-url given — NOT real market data)
SYN_A,2023-10-12,2026-06-16T18:44:53,2023-10-19,phase2-ridge-20260616-7bda0e,phase2a-19f-7d7ba3b1,5,-0.003706197319286459,-0.003706197319286459,0.4427860696517413,,,,,Sell,5,SYNTHETIC (Phase 2B/2C planted-signal SYN_* sample; no --db-url given — NOT real market data)
SYN_A,2023-10-13,2026-06-16T18:44:53,2023-10-20,phase2-ridge-20260616-7bda0e,phase2a-19f-7d7ba3b1,5,-0.003788210759140366,-0.003788210759140366,0.43781094527363185,,,,,Sell,4,SYNTHETIC (Phase 2B/2C planted-signal SYN_* sample; no --db-url given — NOT real market data)
SYN_A,2023-10-16,2026-06-16T18:44:53,2023-10-23,phase2-ridge-20260616-7bda0e,phase2a-19f-7d7ba3b1,5,-0.002823025997036364,-0.002823025997036364,0.47761194029850745,,,,,Hold,4,SYNTHETIC (Phase 2B/2C planted-signal SYN_* sample; no --db-url given — NOT real market data)
SYN_A,2023-10-17,2026-06-16T18:44:53,2023-10-24,phase2-ridge-20260616-7bda0e,phase2a-19f-7d7ba3b1,5,-0.0008258607825674035,-0.0008258607825674035,0.5373134328358209,,,,,Hold,4,SYNTHETIC (Phase 2B/2C planted-signal SYN_* sample; no --db-url given — NOT real market data)
SYN_A,2023-10-18,2026-06-16T18:44:53,2023-10-25,phase2-ridge-20260616-7bda0e,phase2a-19f-7d7ba3b1,5,-0.00026601940602723716,-0.00026601940602723716,0.5422885572139303,,,,,Hold,4,SYNTHETIC (Phase 2B/2C planted-signal SYN_* sample; no --db-url given — NOT real market data)
SYN_A,2023-10-19,2026-06-16T18:44:53,2023-10-26,phase2-ridge-20260616-7bda0e,phase2a-19f-7d7ba3b1,5,0.0019062270140805969,0.0019062270140805969,0.5671641791044776,,,,,Buy,3,SYNTHETIC (Phase 2B/2C planted-signal SYN_* sample; no --db-url given — NOT real market data)
SYN_A,2023-10-20,2026-06-16T18:44:53,2023-10-27,phase2-ridge-20260616-7bda0e,phase2a-19f-7d7ba3b1,5,0.0031516713026380353,0.0031516713026380353,0.6268656716417911,,,,,Strong Buy,4,SYNTHETIC (Phase 2B/2C planted-signal SYN_* sample; no --db-url given — NOT real market data)
SYN_A,2023-10-23,2026-06-16T18:44:53,2023-10-30,phase2-ridge-20260616-7bda0e,phase2a-19f-7d7ba3b1,5,0.005115686872274351,0.005115686872274351,0.6567164179104478,,,,,Strong Buy,4,SYNTHETIC (Phase 2B/2C planted-signal SYN_* sample; no --db-url given — NOT real market data)
SYN_A,2023-10-24,2026-06-16T18:44:53,2023-10-31,phase2-ridge-20260616-7bda0e,phase2a-19f-7d7ba3b1,5,0.007546737156989853,0.007546737156989853,0.7064676616915423,,,,,Strong Buy,3,SYNTHETIC (Phase 2B/2C planted-signal SYN_* sample; no --db-url given — NOT real market data)
SYN_A,2023-10-25,2026-06-16T18:44:53,2023-11-01,phase2-ridge-20260616-7bda0e,phase2a-19f-7d7ba3b1,5,0.008648388546153298,0.008648388546153298,0.7164179104477612,,,,,Strong Buy,3,SYNTHETIC (Phase 2B/2C planted-signal SYN_* sample; no --db-url given — NOT real market data)
SYN_A,2023-10-26,2026-06-16T18:44:53,2023-11-02,phase2-ridge-20260616-7bda0e,phase2a-19f-7d7ba3b1,5,0.014075496419306579,0.014075496419306579,0.7213930348258707,,,,,Strong Buy,3,SYNTHETIC (Phase 2B/2C planted-signal SYN_* sample; no --db-url given — NOT real market data)
SYN_A,2023-10-27,2026-06-16T18:44:53,2023-11-03,phase2-ridge-20260616-7bda0e,phase2a-19f-7d7ba3b1,5,0.01539716083852815,0.01539716083852815,0.7263681592039801,,,,,Strong Buy,3,SYNTHETIC (Phase 2B/2C planted-signal SYN_* sample; no --db-url given — NOT real market data)
SYN_A,2023-10-30,2026-06-16T18:44:53,2023-11-06,phase2-ridge-20260616-7bda0e,phase2a-19f-7d7ba3b1,5,0.017008874652639113,0.017008874652639113,0.7313432835820896,,,,,Strong Buy,3,SYNTHETIC (Phase 2B/2C planted-signal SYN_* sample; no --db-url given — NOT real market data)
SYN_A,2023-10-31,2026-06-16T18:44:53,2023-11-07,phase2-ridge-20260616-7bda0e,phase2a-19f-7d7ba3b1,5,0.018712353076443325,0.018712353076443325,0.7412935323383084,,,,,Strong Buy,3,SYNTHETIC (Phase 2B/2C planted-signal SYN_* sample; no --db-url given — NOT real market data)
SYN_A,2023-11-01,2026-06-16T18:44:53,2023-11-08,phase2-ridge-20260616-7bda0e,phase2a-19f-7d7ba3b1,5,0.019064403273188764,0.019064403273188764,0.746268656716418,,,,,Strong Buy,3,SYNTHETIC (Phase 2B/2C planted-signal SYN_* sample; no --db-url given — NOT real market data)
SYN_A,2023-11-02,2026-06-16T18:44:53,2023-11-09,phase2-ridge-20260616-7bda0e,phase2a-19f-7d7ba3b1,5,0.017398128813519206,0.017398128813519206,0.736318407960199,,,,,Strong Buy,3,SYNTHETIC (Phase 2B/2C planted-signal SYN_* sample; no --db-url given — NOT real market data)
SYN_B,2023-09-29,2026-06-16T18:44:53,2023-10-06,phase2-ridge-20260616-7bda0e,phase2a-19f-7d7ba3b1,5,0.002432190882449346,0.002432190882449346,0.582089552238806,,,,,Buy,4,SYNTHETIC (Phase 2B/2C planted-signal SYN_* sample; no --db-url given — NOT real market data)
SYN_B,2023-10-02,2026-06-16T18:44:53,2023-10-09,phase2-ridge-20260616-7bda0e,phase2a-19f-7d7ba3b1,5,0.001619828907575993,0.001619828907575993,0.5572139303482587,,,,,Buy,4,SYNTHETIC (Phase 2B/2C planted-signal SYN_* sample; no --db-url given — NOT real market data)
SYN_B,2023-10-03,2026-06-16T18:44:53,2023-10-10,phase2-ridge-20260616-7bda0e,phase2a-19f-7d7ba3b1,5,0.00414750101153281,0.00414750101153281,0.6368159203980099,,,,,Strong Buy,3,SYNTHETIC (Phase 2B/2C planted-signal SYN_* sample; no --db-url given — NOT real market data)
SYN_B,2023-10-04,2026-06-16T18:44:53,2023-10-11,phase2-ridge-20260616-7bda0e,phase2a-19f-7d7ba3b1,5,0.002389603385993538,0.002389603385993538,0.5771144278606966,,,,,Buy,4,SYNTHETIC (Phase 2B/2C planted-signal SYN_* sample; no --db-url given — NOT real market data)
SYN_B,2023-10-05,2026-06-16T18:44:53,2023-10-12,phase2-ridge-20260616-7bda0e,phase2a-19f-7d7ba3b1,5,0.004362275145067191,0.004362275145067191,0.6417910447761194,,,,,Strong Buy,3,SYNTHETIC (Phase 2B/2C planted-signal SYN_* sample; no --db-url given — NOT real market data)
SYN_B,2023-10-06,2026-06-16T18:44:53,2023-10-13,phase2-ridge-20260616-7bda0e,phase2a-19f-7d7ba3b1,5,0.00544792638128713,0.00544792638128713,0.6616915422885572,,,,,Strong Buy,3,SYNTHETIC (Phase 2B/2C planted-signal SYN_* sample; no --db-url given — NOT real market data)
SYN_B,2023-10-09,2026-06-16T18:44:53,2023-10-16,phase2-ridge-20260616-7bda0e,phase2a-19f-7d7ba3b1,5,0.006203482668855852,0.006203482668855852,0.6766169154228856,,,,,Strong Buy,3,SYNTHETIC (Phase 2B/2C planted-signal SYN_* sample; no --db-url given — NOT real market data)
SYN_B,2023-10-10,2026-06-16T18:44:53,2023-10-17,phase2-ridge-20260616-7bda0e,phase2a-19f-7d7ba3b1,5,0.006505336769585886,0.006505336769585886,0.6865671641791045,,,,,Strong Buy,3,SYNTHETIC (Phase 2B/2C planted-signal SYN_* sample; no --db-url given — NOT real market data)
SYN_B,2023-10-11,2026-06-16T18:44:53,2023-10-18,phase2-ridge-20260616-7bda0e,phase2a-19f-7d7ba3b1,5,0.008094066203629464,0.008094066203629464,0.7114427860696517,,,,,Strong Buy,3,SYNTHETIC (Phase 2B/2C planted-signal SYN_* sample; no --db-url given — NOT real market data)
SYN_B,2023-10-12,2026-06-16T18:44:53,2023-10-19,phase2-ridge-20260616-7bda0e,phase2a-19f-7d7ba3b1,5,0.007531326744122207,0.007531326744122207,0.7014925373134329,,,,,Strong Buy,3,SYNTHETIC (Phase 2B/2C planted-signal SYN_* sample; no --db-url given — NOT real market data)
SYN_B,2023-10-13,2026-06-16T18:44:53,2023-10-20,phase2-ridge-20260616-7bda0e,phase2a-19f-7d7ba3b1,5,0.0070417003180219435,0.0070417003180219435,0.6965174129353234,,,,,Strong Buy,3,SYNTHETIC (Phase 2B/2C planted-signal SYN_* sample; no --db-url given — NOT real market data)
SYN_B,2023-10-16,2026-06-16T18:44:53,2023-10-23,phase2-ridge-20260616-7bda0e,phase2a-19f-7d7ba3b1,5,0.004699853149356672,0.004699853149356672,0.6467661691542289,,,,,Strong Buy,3,SYNTHETIC (Phase 2B/2C planted-signal SYN_* sample; no --db-url given — NOT real market data)
SYN_B,2023-10-17,2026-06-16T18:44:53,2023-10-24,phase2-ridge-20260616-7bda0e,phase2a-19f-7d7ba3b1,5,0.0025283580677385063,0.0025283580677385063,0.5870646766169154,,,,,Buy,3,SYNTHETIC (Phase 2B/2C planted-signal SYN_* sample; no --db-url given — NOT real market data)
SYN_B,2023-10-18,2026-06-16T18:44:53,2023-10-25,phase2-ridge-20260616-7bda0e,phase2a-19f-7d7ba3b1,5,0.0016355416875691439,0.0016355416875691439,0.5621890547263682,,,,,Buy,3,SYNTHETIC (Phase 2B/2C planted-signal SYN_* sample; no --db-url given — NOT real market data)
SYN_B,2023-10-19,2026-06-16T18:44:53,2023-10-26,phase2-ridge-20260616-7bda0e,phase2a-19f-7d7ba3b1,5,6.372484776216453e-05,6.372484776216453e-05,0.5472636815920398,,,,,Hold,4,SYNTHETIC (Phase 2B/2C planted-signal SYN_* sample; no --db-url given — NOT real market data)
SYN_B,2023-10-20,2026-06-16T18:44:53,2023-10-27,phase2-ridge-20260616-7bda0e,phase2a-19f-7d7ba3b1,5,0.0068377532565644964,0.0068377532565644964,0.6915422885572139,,,,,Strong Buy,3,SYNTHETIC (Phase 2B/2C planted-signal SYN_* sample; no --db-url given — NOT real market data)
SYN_B,2023-10-23,2026-06-16T18:44:53,2023-10-30,phase2-ridge-20260616-7bda0e,phase2a-19f-7d7ba3b1,5,0.006095296008302022,0.006095296008302022,0.6716417910447762,,,,,Strong Buy,3,SYNTHETIC (Phase 2B/2C planted-signal SYN_* sample; no --db-url given — NOT real market data)
SYN_B,2023-10-24,2026-06-16T18:44:53,2023-10-31,phase2-ridge-20260616-7bda0e,phase2a-19f-7d7ba3b1,5,0.006334737006071287,0.006334737006071287,0.681592039800995,,,,,Strong Buy,4,SYNTHETIC (Phase 2B/2C planted-signal SYN_* sample; no --db-url given — NOT real market data)
SYN_B,2023-10-25,2026-06-16T18:44:53,2023-11-01,phase2-ridge-20260616-7bda0e,phase2a-19f-7d7ba3b1,5,0.002901217861480238,0.002901217861480238,0.6119402985074627,,,,,Buy,4,SYNTHETIC (Phase 2B/2C planted-signal SYN_* sample; no --db-url given — NOT real market data)
SYN_B,2023-10-26,2026-06-16T18:44:53,2023-11-02,phase2-ridge-20260616-7bda0e,phase2a-19f-7d7ba3b1,5,0.0041463556652434255,0.0041463556652434255,0.6318407960199005,,,,,Strong Buy,4,SYNTHETIC (Phase 2B/2C planted-signal SYN_* sample; no --db-url given — NOT real market data)
SYN_B,2023-10-27,2026-06-16T18:44:53,2023-11-03,phase2-ridge-20260616-7bda0e,phase2a-19f-7d7ba3b1,5,0.005448692769241598,0.005448692769241598,0.6666666666666666,,,,,Strong Buy,4,SYNTHETIC (Phase 2B/2C planted-signal SYN_* sample; no --db-url given — NOT real market data)
SYN_B,2023-10-30,2026-06-16T18:44:53,2023-11-06,phase2-ridge-20260616-7bda0e,phase2a-19f-7d7ba3b1,5,0.004755482520941808,0.004755482520941808,0.6517412935323383,,,,,Strong Buy,4,SYNTHETIC (Phase 2B/2C planted-signal SYN_* sample; no --db-url given — NOT real market data)
SYN_B,2023-10-31,2026-06-16T18:44:53,2023-11-07,phase2-ridge-20260616-7bda0e,phase2a-19f-7d7ba3b1,5,0.0027695091983067233,0.0027695091983067233,0.6069651741293532,,,,,Buy,4,SYNTHETIC (Phase 2B/2C planted-signal SYN_* sample; no --db-url given — NOT real market data)
SYN_B,2023-11-01,2026-06-16T18:44:53,2023-11-08,phase2-ridge-20260616-7bda0e,phase2a-19f-7d7ba3b1,5,0.0011400195310092634,0.0011400195310092634,0.5522388059701493,,,,,Buy,4,SYNTHETIC (Phase 2B/2C planted-signal SYN_* sample; no --db-url given — NOT real market data)
SYN_B,2023-11-02,2026-06-16T18:44:53,2023-11-09,phase2-ridge-20260616-7bda0e,phase2a-19f-7d7ba3b1,5,0.002746588110576023,0.002746588110576023,0.6019900497512438,,,,,Buy,4,SYNTHETIC (Phase 2B/2C planted-signal SYN_* sample; no --db-url given — NOT real market data)
SYN_C,2023-09-29,2026-06-16T18:44:53,2023-10-06,phase2-ridge-20260616-7bda0e,phase2a-19f-7d7ba3b1,5,0.043350857519542874,0.043350857519542874,0.945273631840796,,,,,Strong Buy,1,SYNTHETIC (Phase 2B/2C planted-signal SYN_* sample; no --db-url given — NOT real market data)
SYN_C,2023-10-02,2026-06-16T18:44:53,2023-10-09,phase2-ridge-20260616-7bda0e,phase2a-19f-7d7ba3b1,5,0.04392025989641857,0.04392025989641857,0.9502487562189055,,,,,Strong Buy,1,SYNTHETIC (Phase 2B/2C planted-signal SYN_* sample; no --db-url given — NOT real market data)
SYN_C,2023-10-03,2026-06-16T18:44:53,2023-10-10,phase2-ridge-20260616-7bda0e,phase2a-19f-7d7ba3b1,5,0.04259933775055299,0.04259933775055299,0.9203980099502488,,,,,Strong Buy,1,SYNTHETIC (Phase 2B/2C planted-signal SYN_* sample; no --db-url given — NOT real market data)
SYN_C,2023-10-04,2026-06-16T18:44:53,2023-10-11,phase2-ridge-20260616-7bda0e,phase2a-19f-7d7ba3b1,5,0.03935401709583236,0.03935401709583236,0.8855721393034826,,,,,Strong Buy,1,SYNTHETIC (Phase 2B/2C planted-signal SYN_* sample; no --db-url given — NOT real market data)
SYN_C,2023-10-05,2026-06-16T18:44:53,2023-10-12,phase2-ridge-20260616-7bda0e,phase2a-19f-7d7ba3b1,5,0.03917410034887571,0.03917410034887571,0.8805970149253731,,,,,Strong Buy,1,SYNTHETIC (Phase 2B/2C planted-signal SYN_* sample; no --db-url given — NOT real market data)
SYN_C,2023-10-06,2026-06-16T18:44:53,2023-10-13,phase2-ridge-20260616-7bda0e,phase2a-19f-7d7ba3b1,5,0.03802903056200182,0.03802903056200182,0.8557213930348259,,,,,Strong Buy,2,SYNTHETIC (Phase 2B/2C planted-signal SYN_* sample; no --db-url given — NOT real market data)
SYN_C,2023-10-09,2026-06-16T18:44:53,2023-10-16,phase2-ridge-20260616-7bda0e,phase2a-19f-7d7ba3b1,5,0.038544148208505866,0.038544148208505866,0.8656716417910447,,,,,Strong Buy,2,SYNTHETIC (Phase 2B/2C planted-signal SYN_* sample; no --db-url given — NOT real market data)
SYN_C,2023-10-10,2026-06-16T18:44:53,2023-10-17,phase2-ridge-20260616-7bda0e,phase2a-19f-7d7ba3b1,5,0.04024653459739393,0.04024653459739393,0.900497512437811,,,,,Strong Buy,1,SYNTHETIC (Phase 2B/2C planted-signal SYN_* sample; no --db-url given — NOT real market data)
SYN_C,2023-10-11,2026-06-16T18:44:53,2023-10-18,phase2-ridge-20260616-7bda0e,phase2a-19f-7d7ba3b1,5,0.039625930499482195,0.039625930499482195,0.8905472636815921,,,,,Strong Buy,1,SYNTHETIC (Phase 2B/2C planted-signal SYN_* sample; no --db-url given — NOT real market data)
SYN_C,2023-10-12,2026-06-16T18:44:53,2023-10-19,phase2-ridge-20260616-7bda0e,phase2a-19f-7d7ba3b1,5,0.041132983099680304,0.041132983099680304,0.9104477611940298,,,,,Strong Buy,1,SYNTHETIC (Phase 2B/2C planted-signal SYN_* sample; no --db-url given — NOT real market data)
SYN_C,2023-10-13,2026-06-16T18:44:53,2023-10-20,phase2-ridge-20260616-7bda0e,phase2a-19f-7d7ba3b1,5,0.04332820596365115,0.04332820596365115,0.9402985074626866,,,,,Strong Buy,1,SYNTHETIC (Phase 2B/2C planted-signal SYN_* sample; no --db-url given — NOT real market data)
SYN_C,2023-10-16,2026-06-16T18:44:53,2023-10-23,phase2-ridge-20260616-7bda0e,phase2a-19f-7d7ba3b1,5,0.04168768045282502,0.04168768045282502,0.9154228855721394,,,,,Strong Buy,1,SYNTHETIC (Phase 2B/2C planted-signal SYN_* sample; no --db-url given — NOT real market data)
SYN_C,2023-10-17,2026-06-16T18:44:53,2023-10-24,phase2-ridge-20260616-7bda0e,phase2a-19f-7d7ba3b1,5,0.042780324248880466,0.042780324248880466,0.9353233830845771,,,,,Strong Buy,1,SYNTHETIC (Phase 2B/2C planted-signal SYN_* sample; no --db-url given — NOT real market data)
SYN_C,2023-10-18,2026-06-16T18:44:53,2023-10-25,phase2-ridge-20260616-7bda0e,phase2a-19f-7d7ba3b1,5,0.042747969808065646,0.042747969808065646,0.9303482587064676,,,,,Strong Buy,1,SYNTHETIC (Phase 2B/2C planted-signal SYN_* sample; no --db-url given — NOT real market data)
SYN_C,2023-10-19,2026-06-16T18:44:53,2023-10-26,phase2-ridge-20260616-7bda0e,phase2a-19f-7d7ba3b1,5,0.040434495463139236,0.040434495463139236,0.9054726368159204,,,,,Strong Buy,1,SYNTHETIC (Phase 2B/2C planted-signal SYN_* sample; no --db-url given — NOT real market data)
SYN_C,2023-10-20,2026-06-16T18:44:53,2023-10-27,phase2-ridge-20260616-7bda0e,phase2a-19f-7d7ba3b1,5,0.042599355291643576,0.042599355291643576,0.9253731343283582,,,,,Strong Buy,1,SYNTHETIC (Phase 2B/2C planted-signal SYN_* sample; no --db-url given — NOT real market data)
SYN_C,2023-10-23,2026-06-16T18:44:53,2023-10-30,phase2-ridge-20260616-7bda0e,phase2a-19f-7d7ba3b1,5,0.04440769767564078,0.04440769767564078,0.9552238805970149,,,,,Strong Buy,1,SYNTHETIC (Phase 2B/2C planted-signal SYN_* sample; no --db-url given — NOT real market data)
SYN_C,2023-10-24,2026-06-16T18:44:53,2023-10-31,phase2-ridge-20260616-7bda0e,phase2a-19f-7d7ba3b1,5,0.04700838297704598,0.04700838297704598,0.9651741293532339,,,,,Strong Buy,1,SYNTHETIC (Phase 2B/2C planted-signal SYN_* sample; no --db-url given — NOT real market data)
SYN_C,2023-10-25,2026-06-16T18:44:53,2023-11-01,phase2-ridge-20260616-7bda0e,phase2a-19f-7d7ba3b1,5,0.049331722647122385,0.049331722647122385,0.9950248756218906,,,,,Strong Buy,1,SYNTHETIC (Phase 2B/2C planted-signal SYN_* sample; no --db-url given — NOT real market data)
SYN_C,2023-10-26,2026-06-16T18:44:53,2023-11-02,phase2-ridge-20260616-7bda0e,phase2a-19f-7d7ba3b1,5,0.04644802899245144,0.04644802899245144,0.9601990049751243,,,,,Strong Buy,1,SYNTHETIC (Phase 2B/2C planted-signal SYN_* sample; no --db-url given — NOT real market data)
SYN_C,2023-10-27,2026-06-16T18:44:53,2023-11-03,phase2-ridge-20260616-7bda0e,phase2a-19f-7d7ba3b1,5,0.04826252958589833,0.04826252958589833,0.9751243781094527,,,,,Strong Buy,1,SYNTHETIC (Phase 2B/2C planted-signal SYN_* sample; no --db-url given — NOT real market data)
SYN_C,2023-10-30,2026-06-16T18:44:53,2023-11-06,phase2-ridge-20260616-7bda0e,phase2a-19f-7d7ba3b1,5,0.04840352139061746,0.04840352139061746,0.9800995024875622,,,,,Strong Buy,1,SYNTHETIC (Phase 2B/2C planted-signal SYN_* sample; no --db-url given — NOT real market data)
SYN_C,2023-10-31,2026-06-16T18:44:53,2023-11-07,phase2-ridge-20260616-7bda0e,phase2a-19f-7d7ba3b1,5,0.04872099013042533,0.04872099013042533,0.9900497512437811,,,,,Strong Buy,1,SYNTHETIC (Phase 2B/2C planted-signal SYN_* sample; no --db-url given — NOT real market data)
SYN_C,2023-11-01,2026-06-16T18:44:53,2023-11-08,phase2-ridge-20260616-7bda0e,phase2a-19f-7d7ba3b1,5,0.04840436297718725,0.04840436297718725,0.9850746268656716,,,,,Strong Buy,1,SYNTHETIC (Phase 2B/2C planted-signal SYN_* sample; no --db-url given — NOT real market data)
SYN_C,2023-11-02,2026-06-16T18:44:53,2023-11-09,phase2-ridge-20260616-7bda0e,phase2a-19f-7d7ba3b1,5,0.04776329893493648,0.04776329893493648,0.9701492537313433,,,,,Strong Buy,1,SYNTHETIC (Phase 2B/2C planted-signal SYN_* sample; no --db-url given — NOT real market data)
SYN_D,2023-09-29,2026-06-16T18:44:53,2023-10-06,phase2-ridge-20260616-7bda0e,phase2a-19f-7d7ba3b1,5,-0.005506762637869657,-0.005506762637869657,0.373134328358209,,,,,Strong Sell,6,SYNTHETIC (Phase 2B/2C planted-signal SYN_* sample; no --db-url given — NOT real market data)
SYN_D,2023-10-02,2026-06-16T18:44:53,2023-10-09,phase2-ridge-20260616-7bda0e,phase2a-19f-7d7ba3b1,5,-0.0070360868300625564,-0.0070360868300625564,0.3283582089552239,,,,,Strong Sell,6,SYNTHETIC (Phase 2B/2C planted-signal SYN_* sample; no --db-url given — NOT real market data)
SYN_D,2023-10-03,2026-06-16T18:44:53,2023-10-10,phase2-ridge-20260616-7bda0e,phase2a-19f-7d7ba3b1,5,-0.00829882028420063,-0.00829882028420063,0.25870646766169153,,,,,Strong Sell,7,SYNTHETIC (Phase 2B/2C planted-signal SYN_* sample; no --db-url given — NOT real market data)
SYN_D,2023-10-04,2026-06-16T18:44:53,2023-10-11,phase2-ridge-20260616-7bda0e,phase2a-19f-7d7ba3b1,5,-0.006584863474317511,-0.006584863474317511,0.35323383084577115,,,,,Strong Sell,7,SYNTHETIC (Phase 2B/2C planted-signal SYN_* sample; no --db-url given — NOT real market data)
SYN_D,2023-10-05,2026-06-16T18:44:53,2023-10-12,phase2-ridge-20260616-7bda0e,phase2a-19f-7d7ba3b1,5,-0.007267895379054846,-0.007267895379054846,0.30845771144278605,,,,,Strong Sell,7,SYNTHETIC (Phase 2B/2C planted-signal SYN_* sample; no --db-url given — NOT real market data)
SYN_D,2023-10-06,2026-06-16T18:44:53,2023-10-13,phase2-ridge-20260616-7bda0e,phase2a-19f-7d7ba3b1,5,-0.008218012991602418,-0.008218012991602418,0.263681592039801,,,,,Strong Sell,7,SYNTHETIC (Phase 2B/2C planted-signal SYN_* sample; no --db-url given — NOT real market data)
SYN_D,2023-10-09,2026-06-16T18:44:53,2023-10-16,phase2-ridge-20260616-7bda0e,phase2a-19f-7d7ba3b1,5,-0.008832846106908113,-0.008832846106908113,0.21890547263681592,,,,,Strong Sell,7,SYNTHETIC (Phase 2B/2C planted-signal SYN_* sample; no --db-url given — NOT real market data)
SYN_D,2023-10-10,2026-06-16T18:44:53,2023-10-17,phase2-ridge-20260616-7bda0e,phase2a-19f-7d7ba3b1,5,-0.009322409408210896,-0.009322409408210896,0.19900497512437812,,,,,Strong Sell,7,SYNTHETIC (Phase 2B/2C planted-signal SYN_* sample; no --db-url given — NOT real market data)
SYN_D,2023-10-11,2026-06-16T18:44:53,2023-10-18,phase2-ridge-20260616-7bda0e,phase2a-19f-7d7ba3b1,5,-0.011764326574307711,-0.011764326574307711,0.11442786069651742,,,,,Strong Sell,8,SYNTHETIC (Phase 2B/2C planted-signal SYN_* sample; no --db-url given — NOT real market data)
SYN_D,2023-10-12,2026-06-16T18:44:53,2023-10-19,phase2-ridge-20260616-7bda0e,phase2a-19f-7d7ba3b1,5,-0.013438682689803617,-0.013438682689803617,0.07462686567164178,,,,,Strong Sell,8,SYNTHETIC (Phase 2B/2C planted-signal SYN_* sample; no --db-url given — NOT real market data)
SYN_D,2023-10-13,2026-06-16T18:44:53,2023-10-20,phase2-ridge-20260616-7bda0e,phase2a-19f-7d7ba3b1,5,-0.008963695092983292,-0.008963695092983292,0.21393034825870647,,,,,Strong Sell,7,SYNTHETIC (Phase 2B/2C planted-signal SYN_* sample; no --db-url given — NOT real market data)
SYN_D,2023-10-16,2026-06-16T18:44:53,2023-10-23,phase2-ridge-20260616-7bda0e,phase2a-19f-7d7ba3b1,5,-0.009974184048326458,-0.009974184048326458,0.1691542288557214,,,,,Strong Sell,8,SYNTHETIC (Phase 2B/2C planted-signal SYN_* sample; no --db-url given — NOT real market data)
SYN_D,2023-10-17,2026-06-16T18:44:53,2023-10-24,phase2-ridge-20260616-7bda0e,phase2a-19f-7d7ba3b1,5,-0.006425242875487174,-0.006425242875487174,0.3582089552238806,,,,,Strong Sell,6,SYNTHETIC (Phase 2B/2C planted-signal SYN_* sample; no --db-url given — NOT real market data)
SYN_D,2023-10-18,2026-06-16T18:44:53,2023-10-25,phase2-ridge-20260616-7bda0e,phase2a-19f-7d7ba3b1,5,-0.007557622897447326,-0.007557622897447326,0.2835820895522388,,,,,Strong Sell,6,SYNTHETIC (Phase 2B/2C planted-signal SYN_* sample; no --db-url given — NOT real market data)
SYN_D,2023-10-19,2026-06-16T18:44:53,2023-10-26,phase2-ridge-20260616-7bda0e,phase2a-19f-7d7ba3b1,5,-0.008656012134767417,-0.008656012134767417,0.22388059701492538,,,,,Strong Sell,8,SYNTHETIC (Phase 2B/2C planted-signal SYN_* sample; no --db-url given — NOT real market data)
SYN_D,2023-10-20,2026-06-16T18:44:53,2023-10-27,phase2-ridge-20260616-7bda0e,phase2a-19f-7d7ba3b1,5,-0.0100243879758556,-0.0100243879758556,0.16417910447761194,,,,,Strong Sell,8,SYNTHETIC (Phase 2B/2C planted-signal SYN_* sample; no --db-url given — NOT real market data)
SYN_D,2023-10-23,2026-06-16T18:44:53,2023-10-30,phase2-ridge-20260616-7bda0e,phase2a-19f-7d7ba3b1,5,-0.010366877830712464,-0.010366877830712464,0.14925373134328357,,,,,Strong Sell,7,SYNTHETIC (Phase 2B/2C planted-signal SYN_* sample; no --db-url given — NOT real market data)
SYN_D,2023-10-24,2026-06-16T18:44:53,2023-10-31,phase2-ridge-20260616-7bda0e,phase2a-19f-7d7ba3b1,5,-0.00862170309876837,-0.00862170309876837,0.22885572139303484,,,,,Strong Sell,6,SYNTHETIC (Phase 2B/2C planted-signal SYN_* sample; no --db-url given — NOT real market data)
SYN_D,2023-10-25,2026-06-16T18:44:53,2023-11-01,phase2-ridge-20260616-7bda0e,phase2a-19f-7d7ba3b1,5,-0.012917904590968126,-0.012917904590968126,0.0845771144278607,,,,,Strong Sell,7,SYNTHETIC (Phase 2B/2C planted-signal SYN_* sample; no --db-url given — NOT real market data)
SYN_D,2023-10-26,2026-06-16T18:44:53,2023-11-02,phase2-ridge-20260616-7bda0e,phase2a-19f-7d7ba3b1,5,-0.014394317842977972,-0.014394317842977972,0.03482587064676617,,,,,Strong Sell,8,SYNTHETIC (Phase 2B/2C planted-signal SYN_* sample; no --db-url given — NOT real market data)
SYN_D,2023-10-27,2026-06-16T18:44:53,2023-11-03,phase2-ridge-20260616-7bda0e,phase2a-19f-7d7ba3b1,5,-0.017320396740899732,-0.017320396740899732,0.01990049751243781,,,,,Strong Sell,8,SYNTHETIC (Phase 2B/2C planted-signal SYN_* sample; no --db-url given — NOT real market data)
SYN_D,2023-10-30,2026-06-16T18:44:53,2023-11-06,phase2-ridge-20260616-7bda0e,phase2a-19f-7d7ba3b1,5,-0.017275981299669514,-0.017275981299669514,0.024875621890547265,,,,,Strong Sell,8,SYNTHETIC (Phase 2B/2C planted-signal SYN_* sample; no --db-url given — NOT real market data)
SYN_D,2023-10-31,2026-06-16T18:44:53,2023-11-07,phase2-ridge-20260616-7bda0e,phase2a-19f-7d7ba3b1,5,-0.01747153099021864,-0.01747153099021864,0.014925373134328358,,,,,Strong Sell,8,SYNTHETIC (Phase 2B/2C planted-signal SYN_* sample; no --db-url given — NOT real market data)
SYN_D,2023-11-01,2026-06-16T18:44:53,2023-11-08,phase2-ridge-20260616-7bda0e,phase2a-19f-7d7ba3b1,5,-0.01776166942575731,-0.01776166942575731,0.004975124378109453,,,,,Strong Sell,8,SYNTHETIC (Phase 2B/2C planted-signal SYN_* sample; no --db-url given — NOT real market data)
SYN_D,2023-11-02,2026-06-16T18:44:53,2023-11-09,phase2-ridge-20260616-7bda0e,phase2a-19f-7d7ba3b1,5,-0.017753152118005648,-0.017753152118005648,0.009950248756218905,,,,,Strong Sell,8,SYNTHETIC (Phase 2B/2C planted-signal SYN_* sample; no --db-url given — NOT real market data)
SYN_E,2023-09-29,2026-06-16T18:44:53,2023-10-06,phase2-ridge-20260616-7bda0e,phase2a-19f-7d7ba3b1,5,-0.00415351763353359,-0.00415351763353359,0.4228855721393035,,,,,Sell,5,SYNTHETIC (Phase 2B/2C planted-signal SYN_* sample; no --db-url given — NOT real market data)
SYN_E,2023-10-02,2026-06-16T18:44:53,2023-10-09,phase2-ridge-20260616-7bda0e,phase2a-19f-7d7ba3b1,5,-0.0027166109605512674,-0.0027166109605512674,0.48756218905472637,,,,,Hold,5,SYNTHETIC (Phase 2B/2C planted-signal SYN_* sample; no --db-url given — NOT real market data)
SYN_E,2023-10-03,2026-06-16T18:44:53,2023-10-10,phase2-ridge-20260616-7bda0e,phase2a-19f-7d7ba3b1,5,-0.0025734612007218263,-0.0025734612007218263,0.5024875621890548,,,,,Hold,5,SYNTHETIC (Phase 2B/2C planted-signal SYN_* sample; no --db-url given — NOT real market data)
SYN_E,2023-10-04,2026-06-16T18:44:53,2023-10-11,phase2-ridge-20260616-7bda0e,phase2a-19f-7d7ba3b1,5,-0.006393629776979008,-0.006393629776979008,0.36318407960199006,,,,,Strong Sell,6,SYNTHETIC (Phase 2B/2C planted-signal SYN_* sample; no --db-url given — NOT real market data)
SYN_E,2023-10-05,2026-06-16T18:44:53,2023-10-12,phase2-ridge-20260616-7bda0e,phase2a-19f-7d7ba3b1,5,-0.0069317600963231035,-0.0069317600963231035,0.3383084577114428,,,,,Strong Sell,6,SYNTHETIC (Phase 2B/2C planted-signal SYN_* sample; no --db-url given — NOT real market data)
SYN_E,2023-10-06,2026-06-16T18:44:53,2023-10-13,phase2-ridge-20260616-7bda0e,phase2a-19f-7d7ba3b1,5,-0.0035906334784884036,-0.0035906334784884036,0.44776119402985076,,,,,Sell,5,SYNTHETIC (Phase 2B/2C planted-signal SYN_* sample; no --db-url given — NOT real market data)
SYN_E,2023-10-09,2026-06-16T18:44:53,2023-10-16,phase2-ridge-20260616-7bda0e,phase2a-19f-7d7ba3b1,5,-0.004856220565303995,-0.004856220565303995,0.4079601990049751,,,,,Sell,6,SYNTHETIC (Phase 2B/2C planted-signal SYN_* sample; no --db-url given — NOT real market data)
SYN_E,2023-10-10,2026-06-16T18:44:53,2023-10-17,phase2-ridge-20260616-7bda0e,phase2a-19f-7d7ba3b1,5,-0.007434558628985794,-0.007434558628985794,0.2885572139303483,,,,,Strong Sell,6,SYNTHETIC (Phase 2B/2C planted-signal SYN_* sample; no --db-url given — NOT real market data)
SYN_E,2023-10-11,2026-06-16T18:44:53,2023-10-18,phase2-ridge-20260616-7bda0e,phase2a-19f-7d7ba3b1,5,-0.008317401791274173,-0.008317401791274173,0.24875621890547264,,,,,Strong Sell,6,SYNTHETIC (Phase 2B/2C planted-signal SYN_* sample; no --db-url given — NOT real market data)
SYN_E,2023-10-12,2026-06-16T18:44:53,2023-10-19,phase2-ridge-20260616-7bda0e,phase2a-19f-7d7ba3b1,5,-0.008150007076197844,-0.008150007076197844,0.26865671641791045,,,,,Strong Sell,7,SYNTHETIC (Phase 2B/2C planted-signal SYN_* sample; no --db-url given — NOT real market data)
SYN_E,2023-10-13,2026-06-16T18:44:53,2023-10-20,phase2-ridge-20260616-7bda0e,phase2a-19f-7d7ba3b1,5,-0.010598030610912905,-0.010598030610912905,0.13432835820895522,,,,,Strong Sell,8,SYNTHETIC (Phase 2B/2C planted-signal SYN_* sample; no --db-url given — NOT real market data)
SYN_E,2023-10-16,2026-06-16T18:44:53,2023-10-23,phase2-ridge-20260616-7bda0e,phase2a-19f-7d7ba3b1,5,-0.009117313721923474,-0.009117313721923474,0.20398009950248755,,,,,Strong Sell,7,SYNTHETIC (Phase 2B/2C planted-signal SYN_* sample; no --db-url given — NOT real market data)
SYN_E,2023-10-17,2026-06-16T18:44:53,2023-10-24,phase2-ridge-20260616-7bda0e,phase2a-19f-7d7ba3b1,5,-0.009345442048238378,-0.009345442048238378,0.19402985074626866,,,,,Strong Sell,7,SYNTHETIC (Phase 2B/2C planted-signal SYN_* sample; no --db-url given — NOT real market data)
SYN_E,2023-10-18,2026-06-16T18:44:53,2023-10-25,phase2-ridge-20260616-7bda0e,phase2a-19f-7d7ba3b1,5,-0.008616087045224964,-0.008616087045224964,0.23383084577114427,,,,,Strong Sell,7,SYNTHETIC (Phase 2B/2C planted-signal SYN_* sample; no --db-url given — NOT real market data)
SYN_E,2023-10-19,2026-06-16T18:44:53,2023-10-26,phase2-ridge-20260616-7bda0e,phase2a-19f-7d7ba3b1,5,-0.004985770803585314,-0.004985770803585314,0.39303482587064675,,,,,Sell,6,SYNTHETIC (Phase 2B/2C planted-signal SYN_* sample; no --db-url given — NOT real market data)
SYN_E,2023-10-20,2026-06-16T18:44:53,2023-10-27,phase2-ridge-20260616-7bda0e,phase2a-19f-7d7ba3b1,5,-0.008302103172851027,-0.008302103172851027,0.2537313432835821,,,,,Strong Sell,7,SYNTHETIC (Phase 2B/2C planted-signal SYN_* sample; no --db-url given — NOT real market data)
SYN_E,2023-10-23,2026-06-16T18:44:53,2023-10-30,phase2-ridge-20260616-7bda0e,phase2a-19f-7d7ba3b1,5,-0.011940062173853724,-0.011940062173853724,0.10945273631840796,,,,,Strong Sell,8,SYNTHETIC (Phase 2B/2C planted-signal SYN_* sample; no --db-url given — NOT real market data)
SYN_E,2023-10-24,2026-06-16T18:44:53,2023-10-31,phase2-ridge-20260616-7bda0e,phase2a-19f-7d7ba3b1,5,-0.01364562037293458,-0.01364562037293458,0.05970149253731343,,,,,Strong Sell,8,SYNTHETIC (Phase 2B/2C planted-signal SYN_* sample; no --db-url given — NOT real market data)
SYN_E,2023-10-25,2026-06-16T18:44:53,2023-11-01,phase2-ridge-20260616-7bda0e,phase2a-19f-7d7ba3b1,5,-0.013945957808884316,-0.013945957808884316,0.04477611940298507,,,,,Strong Sell,8,SYNTHETIC (Phase 2B/2C planted-signal SYN_* sample; no --db-url given — NOT real market data)
SYN_E,2023-10-26,2026-06-16T18:44:53,2023-11-02,phase2-ridge-20260616-7bda0e,phase2a-19f-7d7ba3b1,5,-0.013976782511342191,-0.013976782511342191,0.03980099502487562,,,,,Strong Sell,7,SYNTHETIC (Phase 2B/2C planted-signal SYN_* sample; no --db-url given — NOT real market data)
SYN_E,2023-10-27,2026-06-16T18:44:53,2023-11-03,phase2-ridge-20260616-7bda0e,phase2a-19f-7d7ba3b1,5,-0.013558600732874088,-0.013558600732874088,0.06467661691542288,,,,,Strong Sell,7,SYNTHETIC (Phase 2B/2C planted-signal SYN_* sample; no --db-url given — NOT real market data)
SYN_E,2023-10-30,2026-06-16T18:44:53,2023-11-06,phase2-ridge-20260616-7bda0e,phase2a-19f-7d7ba3b1,5,-0.011999907562118061,-0.011999907562118061,0.1044776119402985,,,,,Strong Sell,7,SYNTHETIC (Phase 2B/2C planted-signal SYN_* sample; no --db-url given — NOT real market data)
SYN_E,2023-10-31,2026-06-16T18:44:53,2023-11-07,phase2-ridge-20260616-7bda0e,phase2a-19f-7d7ba3b1,5,-0.012621760939950186,-0.012621760939950186,0.08955223880597014,,,,,Strong Sell,7,SYNTHETIC (Phase 2B/2C planted-signal SYN_* sample; no --db-url given — NOT real market data)
SYN_E,2023-11-01,2026-06-16T18:44:53,2023-11-08,phase2-ridge-20260616-7bda0e,phase2a-19f-7d7ba3b1,5,-0.010089088176500022,-0.010089088176500022,0.15920398009950248,,,,,Strong Sell,7,SYNTHETIC (Phase 2B/2C planted-signal SYN_* sample; no --db-url given — NOT real market data)
SYN_E,2023-11-02,2026-06-16T18:44:53,2023-11-09,phase2-ridge-20260616-7bda0e,phase2a-19f-7d7ba3b1,5,-0.0069557627370826864,-0.0069557627370826864,0.3333333333333333,,,,,Strong Sell,5,SYNTHETIC (Phase 2B/2C planted-signal SYN_* sample; no --db-url given — NOT real market data)
SYN_F,2023-09-29,2026-06-16T18:44:53,2023-10-06,phase2-ridge-20260616-7bda0e,phase2a-19f-7d7ba3b1,5,0.03506074304730608,0.03506074304730608,0.8109452736318408,,,,,Strong Buy,2,SYNTHETIC (Phase 2B/2C planted-signal SYN_* sample; no --db-url given — NOT real market data)
SYN_F,2023-10-02,2026-06-16T18:44:53,2023-10-09,phase2-ridge-20260616-7bda0e,phase2a-19f-7d7ba3b1,5,0.032724135485501175,0.032724135485501175,0.8059701492537313,,,,,Strong Buy,2,SYNTHETIC (Phase 2B/2C planted-signal SYN_* sample; no --db-url given — NOT real market data)
SYN_F,2023-10-03,2026-06-16T18:44:53,2023-10-10,phase2-ridge-20260616-7bda0e,phase2a-19f-7d7ba3b1,5,0.03195393981796232,0.03195393981796232,0.8009950248756219,,,,,Strong Buy,2,SYNTHETIC (Phase 2B/2C planted-signal SYN_* sample; no --db-url given — NOT real market data)
SYN_F,2023-10-04,2026-06-16T18:44:53,2023-10-11,phase2-ridge-20260616-7bda0e,phase2a-19f-7d7ba3b1,5,0.03589574911541112,0.03589574911541112,0.8308457711442786,,,,,Strong Buy,2,SYNTHETIC (Phase 2B/2C planted-signal SYN_* sample; no --db-url given — NOT real market data)
SYN_F,2023-10-05,2026-06-16T18:44:53,2023-10-12,phase2-ridge-20260616-7bda0e,phase2a-19f-7d7ba3b1,5,0.037339104046784616,0.037339104046784616,0.845771144278607,,,,,Strong Buy,2,SYNTHETIC (Phase 2B/2C planted-signal SYN_* sample; no --db-url given — NOT real market data)
SYN_F,2023-10-06,2026-06-16T18:44:53,2023-10-13,phase2-ridge-20260616-7bda0e,phase2a-19f-7d7ba3b1,5,0.03986558111104684,0.03986558111104684,0.8955223880597015,,,,,Strong Buy,1,SYNTHETIC (Phase 2B/2C planted-signal SYN_* sample; no --db-url given — NOT real market data)
SYN_F,2023-10-09,2026-06-16T18:44:53,2023-10-16,phase2-ridge-20260616-7bda0e,phase2a-19f-7d7ba3b1,5,0.039008813629175965,0.039008813629175965,0.8756218905472637,,,,,Strong Buy,1,SYNTHETIC (Phase 2B/2C planted-signal SYN_* sample; no --db-url given — NOT real market data)
SYN_F,2023-10-10,2026-06-16T18:44:53,2023-10-17,phase2-ridge-20260616-7bda0e,phase2a-19f-7d7ba3b1,5,0.03752564272164092,0.03752564272164092,0.8507462686567164,,,,,Strong Buy,2,SYNTHETIC (Phase 2B/2C planted-signal SYN_* sample; no --db-url given — NOT real market data)
SYN_F,2023-10-11,2026-06-16T18:44:53,2023-10-18,phase2-ridge-20260616-7bda0e,phase2a-19f-7d7ba3b1,5,0.038720516167320425,0.038720516167320425,0.8706467661691543,,,,,Strong Buy,2,SYNTHETIC (Phase 2B/2C planted-signal SYN_* sample; no --db-url given — NOT real market data)
SYN_F,2023-10-12,2026-06-16T18:44:53,2023-10-19,phase2-ridge-20260616-7bda0e,phase2a-19f-7d7ba3b1,5,0.03803298743068992,0.03803298743068992,0.8606965174129353,,,,,Strong Buy,2,SYNTHETIC (Phase 2B/2C planted-signal SYN_* sample; no --db-url given — NOT real market data)
SYN_F,2023-10-13,2026-06-16T18:44:53,2023-10-20,phase2-ridge-20260616-7bda0e,phase2a-19f-7d7ba3b1,5,0.0358773276140834,0.0358773276140834,0.8258706467661692,,,,,Strong Buy,2,SYNTHETIC (Phase 2B/2C planted-signal SYN_* sample; no --db-url given — NOT real market data)
SYN_F,2023-10-16,2026-06-16T18:44:53,2023-10-23,phase2-ridge-20260616-7bda0e,phase2a-19f-7d7ba3b1,5,0.0366653509566735,0.0366653509566735,0.8407960199004975,,,,,Strong Buy,2,SYNTHETIC (Phase 2B/2C planted-signal SYN_* sample; no --db-url given — NOT real market data)
SYN_F,2023-10-17,2026-06-16T18:44:53,2023-10-24,phase2-ridge-20260616-7bda0e,phase2a-19f-7d7ba3b1,5,0.03613869386114314,0.03613869386114314,0.835820895522388,,,,,Strong Buy,2,SYNTHETIC (Phase 2B/2C planted-signal SYN_* sample; no --db-url given — NOT real market data)
SYN_F,2023-10-18,2026-06-16T18:44:53,2023-10-25,phase2-ridge-20260616-7bda0e,phase2a-19f-7d7ba3b1,5,0.03539669636970851,0.03539669636970851,0.8159203980099502,,,,,Strong Buy,2,SYNTHETIC (Phase 2B/2C planted-signal SYN_* sample; no --db-url given — NOT real market data)
SYN_F,2023-10-19,2026-06-16T18:44:53,2023-10-26,phase2-ridge-20260616-7bda0e,phase2a-19f-7d7ba3b1,5,0.03561190934042845,0.03561190934042845,0.8208955223880597,,,,,Strong Buy,2,SYNTHETIC (Phase 2B/2C planted-signal SYN_* sample; no --db-url given — NOT real market data)
SYN_F,2023-10-20,2026-06-16T18:44:53,2023-10-27,phase2-ridge-20260616-7bda0e,phase2a-19f-7d7ba3b1,5,0.03095471831805471,0.03095471831805471,0.7960199004975125,,,,,Strong Buy,2,SYNTHETIC (Phase 2B/2C planted-signal SYN_* sample; no --db-url given — NOT real market data)
SYN_F,2023-10-23,2026-06-16T18:44:53,2023-10-30,phase2-ridge-20260616-7bda0e,phase2a-19f-7d7ba3b1,5,0.028397348099448026,0.028397348099448026,0.7860696517412935,,,,,Strong Buy,2,SYNTHETIC (Phase 2B/2C planted-signal SYN_* sample; no --db-url given — NOT real market data)
SYN_F,2023-10-24,2026-06-16T18:44:53,2023-10-31,phase2-ridge-20260616-7bda0e,phase2a-19f-7d7ba3b1,5,0.0273688923620563,0.0273688923620563,0.7810945273631841,,,,,Strong Buy,2,SYNTHETIC (Phase 2B/2C planted-signal SYN_* sample; no --db-url given — NOT real market data)
SYN_F,2023-10-25,2026-06-16T18:44:53,2023-11-01,phase2-ridge-20260616-7bda0e,phase2a-19f-7d7ba3b1,5,0.02971976414007949,0.02971976414007949,0.7910447761194029,,,,,Strong Buy,2,SYNTHETIC (Phase 2B/2C planted-signal SYN_* sample; no --db-url given — NOT real market data)
SYN_F,2023-10-26,2026-06-16T18:44:53,2023-11-02,phase2-ridge-20260616-7bda0e,phase2a-19f-7d7ba3b1,5,0.026653935265299876,0.026653935265299876,0.7761194029850746,,,,,Strong Buy,2,SYNTHETIC (Phase 2B/2C planted-signal SYN_* sample; no --db-url given — NOT real market data)
SYN_F,2023-10-27,2026-06-16T18:44:53,2023-11-03,phase2-ridge-20260616-7bda0e,phase2a-19f-7d7ba3b1,5,0.026247402866313316,0.026247402866313316,0.7711442786069652,,,,,Strong Buy,2,SYNTHETIC (Phase 2B/2C planted-signal SYN_* sample; no --db-url given — NOT real market data)
SYN_F,2023-10-30,2026-06-16T18:44:53,2023-11-06,phase2-ridge-20260616-7bda0e,phase2a-19f-7d7ba3b1,5,0.02547031741097643,0.02547031741097643,0.7661691542288557,,,,,Strong Buy,2,SYNTHETIC (Phase 2B/2C planted-signal SYN_* sample; no --db-url given — NOT real market data)
SYN_F,2023-10-31,2026-06-16T18:44:53,2023-11-07,phase2-ridge-20260616-7bda0e,phase2a-19f-7d7ba3b1,5,0.024613336477579222,0.024613336477579222,0.7562189054726368,,,,,Strong Buy,2,SYNTHETIC (Phase 2B/2C planted-signal SYN_* sample; no --db-url given — NOT real market data)
SYN_F,2023-11-01,2026-06-16T18:44:53,2023-11-08,phase2-ridge-20260616-7bda0e,phase2a-19f-7d7ba3b1,5,0.0237421926335783,0.0237421926335783,0.7512437810945274,,,,,Strong Buy,2,SYNTHETIC (Phase 2B/2C planted-signal SYN_* sample; no --db-url given — NOT real market data)
SYN_F,2023-11-02,2026-06-16T18:44:53,2023-11-09,phase2-ridge-20260616-7bda0e,phase2a-19f-7d7ba3b1,5,0.02494835674165106,0.02494835674165106,0.7611940298507462,,,,,Strong Buy,2,SYNTHETIC (Phase 2B/2C planted-signal SYN_* sample; no --db-url given — NOT real market data)
SYN_G,2023-09-29,2026-06-16T18:44:53,2023-10-06,phase2-ridge-20260616-7bda0e,phase2a-19f-7d7ba3b1,5,-0.013044282225165307,-0.013044282225165307,0.07960199004975124,,,,,Strong Sell,8,SYNTHETIC (Phase 2B/2C planted-signal SYN_* sample; no --db-url given — NOT real market data)
SYN_G,2023-10-02,2026-06-16T18:44:53,2023-10-09,phase2-ridge-20260616-7bda0e,phase2a-19f-7d7ba3b1,5,-0.010960743378073689,-0.010960743378073689,0.12437810945273632,,,,,Strong Sell,8,SYNTHETIC (Phase 2B/2C planted-signal SYN_* sample; no --db-url given — NOT real market data)
SYN_G,2023-10-03,2026-06-16T18:44:53,2023-10-10,phase2-ridge-20260616-7bda0e,phase2a-19f-7d7ba3b1,5,-0.012509146997361071,-0.012509146997361071,0.09950248756218906,,,,,Strong Sell,8,SYNTHETIC (Phase 2B/2C planted-signal SYN_* sample; no --db-url given — NOT real market data)
SYN_G,2023-10-04,2026-06-16T18:44:53,2023-10-11,phase2-ridge-20260616-7bda0e,phase2a-19f-7d7ba3b1,5,-0.013699918486843862,-0.013699918486843862,0.05472636815920398,,,,,Strong Sell,8,SYNTHETIC (Phase 2B/2C planted-signal SYN_* sample; no --db-url given — NOT real market data)
SYN_G,2023-10-05,2026-06-16T18:44:53,2023-10-12,phase2-ridge-20260616-7bda0e,phase2a-19f-7d7ba3b1,5,-0.015723962167214764,-0.015723962167214764,0.029850746268656716,,,,,Strong Sell,8,SYNTHETIC (Phase 2B/2C planted-signal SYN_* sample; no --db-url given — NOT real market data)
SYN_G,2023-10-06,2026-06-16T18:44:53,2023-10-13,phase2-ridge-20260616-7bda0e,phase2a-19f-7d7ba3b1,5,-0.013780246926561726,-0.013780246926561726,0.04975124378109453,,,,,Strong Sell,8,SYNTHETIC (Phase 2B/2C planted-signal SYN_* sample; no --db-url given — NOT real market data)
SYN_G,2023-10-09,2026-06-16T18:44:53,2023-10-16,phase2-ridge-20260616-7bda0e,phase2a-19f-7d7ba3b1,5,-0.013450711808965302,-0.013450711808965302,0.06965174129353234,,,,,Strong Sell,8,SYNTHETIC (Phase 2B/2C planted-signal SYN_* sample; no --db-url given — NOT real market data)
SYN_G,2023-10-10,2026-06-16T18:44:53,2023-10-17,phase2-ridge-20260616-7bda0e,phase2a-19f-7d7ba3b1,5,-0.012523167611588091,-0.012523167611588091,0.0945273631840796,,,,,Strong Sell,8,SYNTHETIC (Phase 2B/2C planted-signal SYN_* sample; no --db-url given — NOT real market data)
SYN_G,2023-10-11,2026-06-16T18:44:53,2023-10-18,phase2-ridge-20260616-7bda0e,phase2a-19f-7d7ba3b1,5,-0.009756591403897143,-0.009756591403897143,0.18407960199004975,,,,,Strong Sell,7,SYNTHETIC (Phase 2B/2C planted-signal SYN_* sample; no --db-url given — NOT real market data)
SYN_G,2023-10-12,2026-06-16T18:44:53,2023-10-19,phase2-ridge-20260616-7bda0e,phase2a-19f-7d7ba3b1,5,-0.007975073974586699,-0.007975073974586699,0.2736318407960199,,,,,Strong Sell,6,SYNTHETIC (Phase 2B/2C planted-signal SYN_* sample; no --db-url given — NOT real market data)
SYN_G,2023-10-13,2026-06-16T18:44:53,2023-10-20,phase2-ridge-20260616-7bda0e,phase2a-19f-7d7ba3b1,5,-0.0067690287311538,-0.0067690287311538,0.3482587064676617,,,,,Strong Sell,6,SYNTHETIC (Phase 2B/2C planted-signal SYN_* sample; no --db-url given — NOT real market data)
SYN_G,2023-10-16,2026-06-16T18:44:53,2023-10-23,phase2-ridge-20260616-7bda0e,phase2a-19f-7d7ba3b1,5,-0.007064830047811765,-0.007064830047811765,0.32338308457711445,,,,,Strong Sell,6,SYNTHETIC (Phase 2B/2C planted-signal SYN_* sample; no --db-url given — NOT real market data)
SYN_G,2023-10-17,2026-06-16T18:44:53,2023-10-24,phase2-ridge-20260616-7bda0e,phase2a-19f-7d7ba3b1,5,-0.010513383915221594,-0.010513383915221594,0.13930348258706468,,,,,Strong Sell,8,SYNTHETIC (Phase 2B/2C planted-signal SYN_* sample; no --db-url given — NOT real market data)
SYN_G,2023-10-18,2026-06-16T18:44:53,2023-10-25,phase2-ridge-20260616-7bda0e,phase2a-19f-7d7ba3b1,5,-0.009905797463515179,-0.009905797463515179,0.17412935323383086,,,,,Strong Sell,8,SYNTHETIC (Phase 2B/2C planted-signal SYN_* sample; no --db-url given — NOT real market data)
SYN_G,2023-10-19,2026-06-16T18:44:53,2023-10-26,phase2-ridge-20260616-7bda0e,phase2a-19f-7d7ba3b1,5,-0.008556191216546626,-0.008556191216546626,0.24378109452736318,,,,,Strong Sell,7,SYNTHETIC (Phase 2B/2C planted-signal SYN_* sample; no --db-url given — NOT real market data)
SYN_G,2023-10-20,2026-06-16T18:44:53,2023-10-27,phase2-ridge-20260616-7bda0e,phase2a-19f-7d7ba3b1,5,-0.007125039707441091,-0.007125039707441091,0.31840796019900497,,,,,Strong Sell,5,SYNTHETIC (Phase 2B/2C planted-signal SYN_* sample; no --db-url given — NOT real market data)
SYN_G,2023-10-23,2026-06-16T18:44:53,2023-10-30,phase2-ridge-20260616-7bda0e,phase2a-19f-7d7ba3b1,5,-0.001661205042316336,-0.001661205042316336,0.5223880597014925,,,,,Hold,5,SYNTHETIC (Phase 2B/2C planted-signal SYN_* sample; no --db-url given — NOT real market data)
SYN_G,2023-10-24,2026-06-16T18:44:53,2023-10-31,phase2-ridge-20260616-7bda0e,phase2a-19f-7d7ba3b1,5,-0.004577257666045393,-0.004577257666045393,0.4129353233830846,,,,,Sell,5,SYNTHETIC (Phase 2B/2C planted-signal SYN_* sample; no --db-url given — NOT real market data)
SYN_G,2023-10-25,2026-06-16T18:44:53,2023-11-01,phase2-ridge-20260616-7bda0e,phase2a-19f-7d7ba3b1,5,-0.004974906254438146,-0.004974906254438146,0.39800995024875624,,,,,Sell,5,SYNTHETIC (Phase 2B/2C planted-signal SYN_* sample; no --db-url given — NOT real market data)
SYN_G,2023-10-26,2026-06-16T18:44:53,2023-11-02,phase2-ridge-20260616-7bda0e,phase2a-19f-7d7ba3b1,5,-0.005082216217332322,-0.005082216217332322,0.3880597014925373,,,,,Sell,5,SYNTHETIC (Phase 2B/2C planted-signal SYN_* sample; no --db-url given — NOT real market data)
SYN_G,2023-10-27,2026-06-16T18:44:53,2023-11-03,phase2-ridge-20260616-7bda0e,phase2a-19f-7d7ba3b1,5,-0.004107887090103768,-0.004107887090103768,0.42786069651741293,,,,,Sell,5,SYNTHETIC (Phase 2B/2C planted-signal SYN_* sample; no --db-url given — NOT real market data)
SYN_G,2023-10-30,2026-06-16T18:44:53,2023-11-06,phase2-ridge-20260616-7bda0e,phase2a-19f-7d7ba3b1,5,-0.003911905499189099,-0.003911905499189099,0.43283582089552236,,,,,Sell,5,SYNTHETIC (Phase 2B/2C planted-signal SYN_* sample; no --db-url given — NOT real market data)
SYN_G,2023-10-31,2026-06-16T18:44:53,2023-11-07,phase2-ridge-20260616-7bda0e,phase2a-19f-7d7ba3b1,5,-0.003104039935464222,-0.003104039935464222,0.4626865671641791,,,,,Hold,5,SYNTHETIC (Phase 2B/2C planted-signal SYN_* sample; no --db-url given — NOT real market data)
SYN_G,2023-11-01,2026-06-16T18:44:53,2023-11-08,phase2-ridge-20260616-7bda0e,phase2a-19f-7d7ba3b1,5,-0.006271496243640246,-0.006271496243640246,0.3681592039800995,,,,,Strong Sell,5,SYNTHETIC (Phase 2B/2C planted-signal SYN_* sample; no --db-url given — NOT real market data)
SYN_G,2023-11-02,2026-06-16T18:44:53,2023-11-09,phase2-ridge-20260616-7bda0e,phase2a-19f-7d7ba3b1,5,-0.00730380642098703,-0.00730380642098703,0.29850746268656714,,,,,Strong Sell,6,SYNTHETIC (Phase 2B/2C planted-signal SYN_* sample; no --db-url given — NOT real market data)
SYN_H,2023-09-29,2026-06-16T18:44:53,2023-10-06,phase2-ridge-20260616-7bda0e,phase2a-19f-7d7ba3b1,5,-0.010275924908384935,-0.010275924908384935,0.15422885572139303,,,,,Strong Sell,7,SYNTHETIC (Phase 2B/2C planted-signal SYN_* sample; no --db-url given — NOT real market data)
SYN_H,2023-10-02,2026-06-16T18:44:53,2023-10-09,phase2-ridge-20260616-7bda0e,phase2a-19f-7d7ba3b1,5,-0.008579930461071944,-0.008579930461071944,0.23880597014925373,,,,,Strong Sell,7,SYNTHETIC (Phase 2B/2C planted-signal SYN_* sample; no --db-url given — NOT real market data)
SYN_H,2023-10-03,2026-06-16T18:44:53,2023-10-10,phase2-ridge-20260616-7bda0e,phase2a-19f-7d7ba3b1,5,-0.007373284323054068,-0.007373284323054068,0.2935323383084577,,,,,Strong Sell,6,SYNTHETIC (Phase 2B/2C planted-signal SYN_* sample; no --db-url given — NOT real market data)
SYN_H,2023-10-04,2026-06-16T18:44:53,2023-10-11,phase2-ridge-20260616-7bda0e,phase2a-19f-7d7ba3b1,5,-0.002686575596848261,-0.002686575596848261,0.4975124378109453,,,,,Hold,5,SYNTHETIC (Phase 2B/2C planted-signal SYN_* sample; no --db-url given — NOT real market data)
SYN_H,2023-10-05,2026-06-16T18:44:53,2023-10-12,phase2-ridge-20260616-7bda0e,phase2a-19f-7d7ba3b1,5,-0.002710394744767637,-0.002710394744767637,0.4925373134328358,,,,,Hold,5,SYNTHETIC (Phase 2B/2C planted-signal SYN_* sample; no --db-url given — NOT real market data)
SYN_H,2023-10-06,2026-06-16T18:44:53,2023-10-13,phase2-ridge-20260616-7bda0e,phase2a-19f-7d7ba3b1,5,-0.005139268226032177,-0.005139268226032177,0.38308457711442784,,,,,Sell,6,SYNTHETIC (Phase 2B/2C planted-signal SYN_* sample; no --db-url given — NOT real market data)
SYN_H,2023-10-09,2026-06-16T18:44:53,2023-10-16,phase2-ridge-20260616-7bda0e,phase2a-19f-7d7ba3b1,5,-0.0042519153086729876,-0.0042519153086729876,0.417910447761194,,,,,Sell,5,SYNTHETIC (Phase 2B/2C planted-signal SYN_* sample; no --db-url given — NOT real market data)
SYN_H,2023-10-10,2026-06-16T18:44:53,2023-10-17,phase2-ridge-20260616-7bda0e,phase2a-19f-7d7ba3b1,5,-0.003075042649247379,-0.003075042649247379,0.46766169154228854,,,,,Hold,5,SYNTHETIC (Phase 2B/2C planted-signal SYN_* sample; no --db-url given — NOT real market data)
SYN_H,2023-10-11,2026-06-16T18:44:53,2023-10-18,phase2-ridge-20260616-7bda0e,phase2a-19f-7d7ba3b1,5,-0.0027524018189173756,-0.0027524018189173756,0.48258706467661694,,,,,Hold,4,SYNTHETIC (Phase 2B/2C planted-signal SYN_* sample; no --db-url given — NOT real market data)
SYN_H,2023-10-12,2026-06-16T18:44:53,2023-10-19,phase2-ridge-20260616-7bda0e,phase2a-19f-7d7ba3b1,5,-0.0024879880234944625,-0.0024879880234944625,0.5124378109452736,,,,,Hold,4,SYNTHETIC (Phase 2B/2C planted-signal SYN_* sample; no --db-url given — NOT real market data)
SYN_H,2023-10-13,2026-06-16T18:44:53,2023-10-20,phase2-ridge-20260616-7bda0e,phase2a-19f-7d7ba3b1,5,-0.005188920510442774,-0.005188920510442774,0.3781094527363184,,,,,Strong Sell,5,SYNTHETIC (Phase 2B/2C planted-signal SYN_* sample; no --db-url given — NOT real market data)
SYN_H,2023-10-16,2026-06-16T18:44:53,2023-10-23,phase2-ridge-20260616-7bda0e,phase2a-19f-7d7ba3b1,5,-0.0031341825526337254,-0.0031341825526337254,0.4577114427860697,,,,,Hold,5,SYNTHETIC (Phase 2B/2C planted-signal SYN_* sample; no --db-url given — NOT real market data)
SYN_H,2023-10-17,2026-06-16T18:44:53,2023-10-24,phase2-ridge-20260616-7bda0e,phase2a-19f-7d7ba3b1,5,-0.003398098365124217,-0.003398098365124217,0.4527363184079602,,,,,Hold,5,SYNTHETIC (Phase 2B/2C planted-signal SYN_* sample; no --db-url given — NOT real market data)
SYN_H,2023-10-18,2026-06-16T18:44:53,2023-10-25,phase2-ridge-20260616-7bda0e,phase2a-19f-7d7ba3b1,5,-0.0024953328620052296,-0.0024953328620052296,0.5074626865671642,,,,,Hold,5,SYNTHETIC (Phase 2B/2C planted-signal SYN_* sample; no --db-url given — NOT real market data)
SYN_H,2023-10-19,2026-06-16T18:44:53,2023-10-26,phase2-ridge-20260616-7bda0e,phase2a-19f-7d7ba3b1,5,-0.004879034319387667,-0.004879034319387667,0.40298507462686567,,,,,Sell,5,SYNTHETIC (Phase 2B/2C planted-signal SYN_* sample; no --db-url given — NOT real market data)
SYN_H,2023-10-20,2026-06-16T18:44:53,2023-10-27,phase2-ridge-20260616-7bda0e,phase2a-19f-7d7ba3b1,5,-0.007152619121629774,-0.007152619121629774,0.31343283582089554,,,,,Strong Sell,6,SYNTHETIC (Phase 2B/2C planted-signal SYN_* sample; no --db-url given — NOT real market data)
SYN_H,2023-10-23,2026-06-16T18:44:53,2023-10-30,phase2-ridge-20260616-7bda0e,phase2a-19f-7d7ba3b1,5,-0.009108535417659276,-0.009108535417659276,0.208955223880597,,,,,Strong Sell,6,SYNTHETIC (Phase 2B/2C planted-signal SYN_* sample; no --db-url given — NOT real market data)
SYN_H,2023-10-24,2026-06-16T18:44:53,2023-10-31,phase2-ridge-20260616-7bda0e,phase2a-19f-7d7ba3b1,5,-0.010474820173291665,-0.010474820173291665,0.14427860696517414,,,,,Strong Sell,7,SYNTHETIC (Phase 2B/2C planted-signal SYN_* sample; no --db-url given — NOT real market data)
SYN_H,2023-10-25,2026-06-16T18:44:53,2023-11-01,phase2-ridge-20260616-7bda0e,phase2a-19f-7d7ba3b1,5,-0.00782297634942149,-0.00782297634942149,0.27860696517412936,,,,,Strong Sell,6,SYNTHETIC (Phase 2B/2C planted-signal SYN_* sample; no --db-url given — NOT real market data)
SYN_H,2023-10-26,2026-06-16T18:44:53,2023-11-02,phase2-ridge-20260616-7bda0e,phase2a-19f-7d7ba3b1,5,-0.006931151579525465,-0.006931151579525465,0.34328358208955223,,,,,Strong Sell,6,SYNTHETIC (Phase 2B/2C planted-signal SYN_* sample; no --db-url given — NOT real market data)
SYN_H,2023-10-27,2026-06-16T18:44:53,2023-11-03,phase2-ridge-20260616-7bda0e,phase2a-19f-7d7ba3b1,5,-0.009429553304980437,-0.009429553304980437,0.1890547263681592,,,,,Strong Sell,6,SYNTHETIC (Phase 2B/2C planted-signal SYN_* sample; no --db-url given — NOT real market data)
SYN_H,2023-10-30,2026-06-16T18:44:53,2023-11-06,phase2-ridge-20260616-7bda0e,phase2a-19f-7d7ba3b1,5,-0.011511053423074773,-0.011511053423074773,0.11940298507462686,,,,,Strong Sell,6,SYNTHETIC (Phase 2B/2C planted-signal SYN_* sample; no --db-url given — NOT real market data)
SYN_H,2023-10-31,2026-06-16T18:44:53,2023-11-07,phase2-ridge-20260616-7bda0e,phase2a-19f-7d7ba3b1,5,-0.010679508825998194,-0.010679508825998194,0.12935323383084577,,,,,Strong Sell,6,SYNTHETIC (Phase 2B/2C planted-signal SYN_* sample; no --db-url given — NOT real market data)
SYN_H,2023-11-01,2026-06-16T18:44:53,2023-11-08,phase2-ridge-20260616-7bda0e,phase2a-19f-7d7ba3b1,5,-0.007289376377942604,-0.007289376377942604,0.3034825870646766,,,,,Strong Sell,6,SYNTHETIC (Phase 2B/2C planted-signal SYN_* sample; no --db-url given — NOT real market data)
SYN_H,2023-11-02,2026-06-16T18:44:53,2023-11-09,phase2-ridge-20260616-7bda0e,phase2a-19f-7d7ba3b1,5,-0.009904303133484053,-0.009904303133484053,0.1791044776119403,,,,,Strong Sell,7,SYNTHETIC (Phase 2B/2C planted-signal SYN_* sample; no --db-url given — NOT real market data)
SYN_A,2023-11-03,2026-06-16T18:44:53,2023-11-10,phase2-ridge-20260616-7bda0e,phase2a-19f-7d7ba3b1,5,0.009493654616032108,0.009493654616032108,0.3877551020408163,-0.06496472697071176,0.05065523976525549,0.11561996673596725,medium,Hold,3,SYNTHETIC (Phase 2B/2C planted-signal SYN_* sample; no --db-url given — NOT real market data)
SYN_A,2023-11-06,2026-06-16T18:44:53,2023-11-13,phase2-ridge-20260616-7bda0e,phase2a-19f-7d7ba3b1,5,0.008246106258420084,0.008246106258420084,0.3877551020408163,-0.06621227532832379,0.049407691407643464,0.11561996673596725,medium,Hold,3,SYNTHETIC (Phase 2B/2C planted-signal SYN_* sample; no --db-url given — NOT real market data)
SYN_A,2023-11-07,2026-06-16T18:44:53,2023-11-14,phase2-ridge-20260616-7bda0e,phase2a-19f-7d7ba3b1,5,0.008770823557724707,0.008770823557724707,0.3877551020408163,-0.06568755802901916,0.049932408706948095,0.11561996673596725,medium,Hold,3,SYNTHETIC (Phase 2B/2C planted-signal SYN_* sample; no --db-url given — NOT real market data)
SYN_A,2023-11-08,2026-06-16T18:44:53,2023-11-15,phase2-ridge-20260616-7bda0e,phase2a-19f-7d7ba3b1,5,0.007838039496149179,0.007838039496149179,0.3877551020408163,-0.06662034209059468,0.048999624645372566,0.11561996673596725,high,Hold,3,SYNTHETIC (Phase 2B/2C planted-signal SYN_* sample; no --db-url given — NOT real market data)
SYN_A,2023-11-09,2026-06-16T18:44:53,2023-11-16,phase2-ridge-20260616-7bda0e,phase2a-19f-7d7ba3b1,5,0.009021705414951191,0.009021705414951191,0.3877551020408163,-0.06543667617179268,0.050183290564174574,0.11561996673596725,medium,Hold,3,SYNTHETIC (Phase 2B/2C planted-signal SYN_* sample; no --db-url given — NOT real market data)
SYN_A,2023-11-10,2026-06-16T18:44:53,2023-11-17,phase2-ridge-20260616-7bda0e,phase2a-19f-7d7ba3b1,5,0.008573083110947453,0.008573083110947453,0.3877551020408163,-0.06588529847579641,0.04973466826017084,0.11561996673596725,medium,Hold,3,SYNTHETIC (Phase 2B/2C planted-signal SYN_* sample; no --db-url given — NOT real market data)
SYN_A,2023-11-13,2026-06-16T18:44:53,2023-11-20,phase2-ridge-20260616-7bda0e,phase2a-19f-7d7ba3b1,5,0.00790680402619299,0.00790680402619299,0.3877551020408163,-0.06655157756055087,0.04906838917541637,0.11561996673596725,high,Hold,3,SYNTHETIC (Phase 2B/2C planted-signal SYN_* sample; no --db-url given — NOT real market data)
SYN_A,2023-11-14,2026-06-16T18:44:53,2023-11-21,phase2-ridge-20260616-7bda0e,phase2a-19f-7d7ba3b1,5,0.007295226489378416,0.007295226489378416,0.3877551020408163,-0.06716315509736545,0.0484568116386018,0.11561996673596725,high,Hold,3,SYNTHETIC (Phase 2B/2C planted-signal SYN_* sample; no --db-url given — NOT real market data)
SYN_A,2023-11-15,2026-06-16T18:44:53,2023-11-22,phase2-ridge-20260616-7bda0e,phase2a-19f-7d7ba3b1,5,0.006750363156605175,0.006750363156605175,0.3877551020408163,-0.0677080184301387,0.04791194830582856,0.11561996673596725,high,Hold,3,SYNTHETIC (Phase 2B/2C planted-signal SYN_* sample; no --db-url given — NOT real market data)
SYN_A,2023-11-16,2026-06-16T18:44:53,2023-11-23,phase2-ridge-20260616-7bda0e,phase2a-19f-7d7ba3b1,5,0.0059140581664202715,0.0059140581664202715,0.3877551020408163,-0.0685443234203236,0.04707564331564366,0.11561996673596725,high,Hold,3,SYNTHETIC (Phase 2B/2C planted-signal SYN_* sample; no --db-url given — NOT real market data)
SYN_A,2023-11-17,2026-06-16T18:44:53,2023-11-24,phase2-ridge-20260616-7bda0e,phase2a-19f-7d7ba3b1,5,0.006270440172395047,0.006270440172395047,0.3877551020408163,-0.06818794141434882,0.04743202532161843,0.11561996673596725,high,Hold,3,SYNTHETIC (Phase 2B/2C planted-signal SYN_* sample; no --db-url given — NOT real market data)
SYN_A,2023-11-20,2026-06-16T18:44:53,2023-11-27,phase2-ridge-20260616-7bda0e,phase2a-19f-7d7ba3b1,5,0.005912290637436044,0.005912290637436044,0.3877551020408163,-0.06854609094930782,0.047073875786659426,0.11561996673596725,high,Hold,3,SYNTHETIC (Phase 2B/2C planted-signal SYN_* sample; no --db-url given — NOT real market data)
SYN_A,2023-11-21,2026-06-16T18:44:53,2023-11-28,phase2-ridge-20260616-7bda0e,phase2a-19f-7d7ba3b1,5,0.006330442453386029,0.006330442453386029,0.3877551020408163,-0.06812793913335784,0.04749202760260941,0.11561996673596725,high,Hold,3,SYNTHETIC (Phase 2B/2C planted-signal SYN_* sample; no --db-url given — NOT real market data)
SYN_A,2023-11-22,2026-06-16T18:44:53,2023-11-29,phase2-ridge-20260616-7bda0e,phase2a-19f-7d7ba3b1,5,0.006862287358758795,0.006862287358758795,0.3877551020408163,-0.06759609422798507,0.04802387250798218,0.11561996673596725,high,Hold,3,SYNTHETIC (Phase 2B/2C planted-signal SYN_* sample; no --db-url given — NOT real market data)
SYN_A,2023-11-23,2026-06-16T18:44:53,2023-11-30,phase2-ridge-20260616-7bda0e,phase2a-19f-7d7ba3b1,5,0.006685931271877778,0.006685931271877778,0.3877551020408163,-0.06777245031486609,0.04784751642110116,0.11561996673596725,high,Hold,3,SYNTHETIC (Phase 2B/2C planted-signal SYN_* sample; no --db-url given — NOT real market data)
SYN_A,2023-11-24,2026-06-16T18:44:53,2023-12-01,phase2-ridge-20260616-7bda0e,phase2a-19f-7d7ba3b1,5,0.0069954744953201545,0.0069954744953201545,0.3877551020408163,-0.06746290709142372,0.04815705964454354,0.11561996673596725,high,Hold,3,SYNTHETIC (Phase 2B/2C planted-signal SYN_* sample; no --db-url given — NOT real market data)
SYN_A,2023-11-27,2026-06-16T18:44:53,2023-12-04,phase2-ridge-20260616-7bda0e,phase2a-19f-7d7ba3b1,5,0.007387438753488223,0.007387438753488223,0.3877551020408163,-0.06707094283325564,0.04854902390271161,0.11561996673596725,high,Hold,3,SYNTHETIC (Phase 2B/2C planted-signal SYN_* sample; no --db-url given — NOT real market data)
SYN_A,2023-11-28,2026-06-16T18:44:53,2023-12-05,phase2-ridge-20260616-7bda0e,phase2a-19f-7d7ba3b1,5,0.008552264449139832,0.008552264449139832,0.3877551020408163,-0.06590611713760404,0.04971384959836322,0.11561996673596725,medium,Hold,3,SYNTHETIC (Phase 2B/2C planted-signal SYN_* sample; no --db-url given — NOT real market data)
SYN_A,2023-11-29,2026-06-16T18:44:53,2023-12-06,phase2-ridge-20260616-7bda0e,phase2a-19f-7d7ba3b1,5,0.007717418039829463,0.007717418039829463,0.3877551020408163,-0.0667409635469144,0.04887900318905285,0.11561996673596725,high,Hold,3,SYNTHETIC (Phase 2B/2C planted-signal SYN_* sample; no --db-url given — NOT real market data)
SYN_A,2023-11-30,2026-06-16T18:44:53,2023-12-07,phase2-ridge-20260616-7bda0e,phase2a-19f-7d7ba3b1,5,0.007606299095926052,0.007606299095926052,0.3877551020408163,-0.06685208249081781,0.04876788424514944,0.11561996673596725,high,Hold,3,SYNTHETIC (Phase 2B/2C planted-signal SYN_* sample; no --db-url given — NOT real market data)
SYN_A,2023-12-01,2026-06-16T18:44:53,2023-12-08,phase2-ridge-20260616-7bda0e,phase2a-19f-7d7ba3b1,5,0.00662984091314161,0.00662984091314161,0.3877551020408163,-0.06782854067360225,0.04779142606236499,0.11561996673596725,high,Hold,3,SYNTHETIC (Phase 2B/2C planted-signal SYN_* sample; no --db-url given — NOT real market data)
SYN_A,2023-12-04,2026-06-16T18:44:53,2023-12-11,phase2-ridge-20260616-7bda0e,phase2a-19f-7d7ba3b1,5,0.008091208250649507,0.008091208250649507,0.3877551020408163,-0.06636717333609436,0.04925279339987289,0.11561996673596725,medium,Hold,3,SYNTHETIC (Phase 2B/2C planted-signal SYN_* sample; no --db-url given — NOT real market data)
SYN_A,2023-12-05,2026-06-16T18:44:53,2023-12-12,phase2-ridge-20260616-7bda0e,phase2a-19f-7d7ba3b1,5,0.00779083968793999,0.00779083968793999,0.3877551020408163,-0.06666754189880388,0.048952424837163375,0.11561996673596725,high,Hold,3,SYNTHETIC (Phase 2B/2C planted-signal SYN_* sample; no --db-url given — NOT real market data)
SYN_A,2023-12-06,2026-06-16T18:44:53,2023-12-13,phase2-ridge-20260616-7bda0e,phase2a-19f-7d7ba3b1,5,0.006117897773388531,0.006117897773388531,0.3877551020408163,-0.06834048381335533,0.047279482922611915,0.11561996673596725,high,Hold,3,SYNTHETIC (Phase 2B/2C planted-signal SYN_* sample; no --db-url given — NOT real market data)
SYN_A,2023-12-07,2026-06-16T18:44:53,2023-12-14,phase2-ridge-20260616-7bda0e,phase2a-19f-7d7ba3b1,5,0.004664308953394331,0.004664308953394331,0.3877551020408163,-0.06979407263334954,0.04582589410261771,0.11561996673596725,high,Hold,4,SYNTHETIC (Phase 2B/2C planted-signal SYN_* sample; no --db-url given — NOT real market data)
SYN_B,2023-11-03,2026-06-16T18:44:53,2023-11-10,phase2-ridge-20260616-7bda0e,phase2a-19f-7d7ba3b1,5,-0.0006587509121980892,-0.0006587509121980892,0.34308254464170723,-0.07511713249894196,0.0405028342370253,0.11561996673596725,high,Sell,4,SYNTHETIC (Phase 2B/2C planted-signal SYN_* sample; no --db-url given — NOT real market data)
SYN_B,2023-11-06,2026-06-16T18:44:53,2023-11-13,phase2-ridge-20260616-7bda0e,phase2a-19f-7d7ba3b1,5,-0.00018427760803825782,-0.00018427760803825782,0.3877551020408163,-0.07464265919478212,0.04097730754118513,0.11561996673596725,high,Hold,4,SYNTHETIC (Phase 2B/2C planted-signal SYN_* sample; no --db-url given — NOT real market data)
SYN_B,2023-11-07,2026-06-16T18:44:53,2023-11-14,phase2-ridge-20260616-7bda0e,phase2a-19f-7d7ba3b1,5,-1.6196243314370827e-05,-1.6196243314370827e-05,0.3877551020408163,-0.07447457783005823,0.04114538890590901,0.11561996673596725,high,Hold,4,SYNTHETIC (Phase 2B/2C planted-signal SYN_* sample; no --db-url given — NOT real market data)
SYN_B,2023-11-08,2026-06-16T18:44:53,2023-11-15,phase2-ridge-20260616-7bda0e,phase2a-19f-7d7ba3b1,5,0.0010645441779725006,0.0010645441779725006,0.3877551020408163,-0.07339383740877137,0.04222612932719588,0.11561996673596725,high,Hold,4,SYNTHETIC (Phase 2B/2C planted-signal SYN_* sample; no --db-url given — NOT real market data)
SYN_B,2023-11-09,2026-06-16T18:44:53,2023-11-16,phase2-ridge-20260616-7bda0e,phase2a-19f-7d7ba3b1,5,0.0026299328500774067,0.0026299328500774067,0.3877551020408163,-0.07182844873666645,0.04379151799930079,0.11561996673596725,high,Hold,4,SYNTHETIC (Phase 2B/2C planted-signal SYN_* sample; no --db-url given — NOT real market data)
SYN_B,2023-11-10,2026-06-16T18:44:53,2023-11-17,phase2-ridge-20260616-7bda0e,phase2a-19f-7d7ba3b1,5,0.001986607420237452,0.001986607420237452,0.3877551020408163,-0.07247177416650641,0.043148192569460835,0.11561996673596725,high,Hold,4,SYNTHETIC (Phase 2B/2C planted-signal SYN_* sample; no --db-url given — NOT real market data)
SYN_B,2023-11-13,2026-06-16T18:44:53,2023-11-20,phase2-ridge-20260616-7bda0e,phase2a-19f-7d7ba3b1,5,-3.845719512441531e-07,-3.845719512441531e-07,0.3877551020408163,-0.07445876615869511,0.04116120057727214,0.11561996673596725,high,Hold,4,SYNTHETIC (Phase 2B/2C planted-signal SYN_* sample; no --db-url given — NOT real market data)
SYN_B,2023-11-14,2026-06-16T18:44:53,2023-11-21,phase2-ridge-20260616-7bda0e,phase2a-19f-7d7ba3b1,5,0.0012953611869601389,0.0012953611869601389,0.3877551020408163,-0.07316302039978373,0.04245694633618352,0.11561996673596725,high,Hold,4,SYNTHETIC (Phase 2B/2C planted-signal SYN_* sample; no --db-url given — NOT real market data)
SYN_B,2023-11-15,2026-06-16T18:44:53,2023-11-22,phase2-ridge-20260616-7bda0e,phase2a-19f-7d7ba3b1,5,0.005432409847874065,0.005432409847874065,0.3877551020408163,-0.0690259717388698,0.046593994997097446,0.11561996673596725,high,Hold,4,SYNTHETIC (Phase 2B/2C planted-signal SYN_* sample; no --db-url given — NOT real market data)
SYN_B,2023-11-16,2026-06-16T18:44:53,2023-11-23,phase2-ridge-20260616-7bda0e,phase2a-19f-7d7ba3b1,5,0.0030094495241531766,0.0030094495241531766,0.3877551020408163,-0.07144893206259069,0.04417103467337656,0.11561996673596725,high,Hold,4,SYNTHETIC (Phase 2B/2C planted-signal SYN_* sample; no --db-url given — NOT real market data)
SYN_B,2023-11-17,2026-06-16T18:44:53,2023-11-24,phase2-ridge-20260616-7bda0e,phase2a-19f-7d7ba3b1,5,0.005890812631971517,0.005890812631971517,0.3877551020408163,-0.06856756895477235,0.0470523977811949,0.11561996673596725,high,Hold,4,SYNTHETIC (Phase 2B/2C planted-signal SYN_* sample; no --db-url given — NOT real market data)
SYN_B,2023-11-20,2026-06-16T18:44:53,2023-11-27,phase2-ridge-20260616-7bda0e,phase2a-19f-7d7ba3b1,5,0.002801124898590631,0.002801124898590631,0.3877551020408163,-0.07165725668815323,0.04396271004781402,0.11561996673596725,high,Hold,4,SYNTHETIC (Phase 2B/2C planted-signal SYN_* sample; no --db-url given — NOT real market data)
SYN_B,2023-11-21,2026-06-16T18:44:53,2023-11-28,phase2-ridge-20260616-7bda0e,phase2a-19f-7d7ba3b1,5,0.0021398465235785346,0.0021398465235785346,0.3877551020408163,-0.07231853506316534,0.04330143167280192,0.11561996673596725,high,Hold,4,SYNTHETIC (Phase 2B/2C planted-signal SYN_* sample; no --db-url given — NOT real market data)
SYN_B,2023-11-22,2026-06-16T18:44:53,2023-11-29,phase2-ridge-20260616-7bda0e,phase2a-19f-7d7ba3b1,5,0.0003089062897845929,0.0003089062897845929,0.3877551020408163,-0.07414947529695927,0.041470491439007974,0.11561996673596725,high,Hold,4,SYNTHETIC (Phase 2B/2C planted-signal SYN_* sample; no --db-url given — NOT real market data)
SYN_B,2023-11-23,2026-06-16T18:44:53,2023-11-30,phase2-ridge-20260616-7bda0e,phase2a-19f-7d7ba3b1,5,-0.0012300627186763967,-0.0012300627186763967,0.32407407407407407,-0.07568844430542027,0.039931522430546984,0.11561996673596725,high,Sell,4,SYNTHETIC (Phase 2B/2C planted-signal SYN_* sample; no --db-url given — NOT real market data)
SYN_B,2023-11-24,2026-06-16T18:44:53,2023-12-01,phase2-ridge-20260616-7bda0e,phase2a-19f-7d7ba3b1,5,0.0018502270738058523,0.0018502270738058523,0.3877551020408163,-0.07260815451293802,0.04301181222302924,0.11561996673596725,high,Hold,4,SYNTHETIC (Phase 2B/2C planted-signal SYN_* sample; no --db-url given — NOT real market data)
SYN_B,2023-11-27,2026-06-16T18:44:53,2023-12-04,phase2-ridge-20260616-7bda0e,phase2a-19f-7d7ba3b1,5,0.0011535904367341275,0.0011535904367341275,0.3877551020408163,-0.07330479115000973,0.042315175585957515,0.11561996673596725,high,Hold,4,SYNTHETIC (Phase 2B/2C planted-signal SYN_* sample; no --db-url given — NOT real market data)
SYN_B,2023-11-28,2026-06-16T18:44:53,2023-12-05,phase2-ridge-20260616-7bda0e,phase2a-19f-7d7ba3b1,5,0.001530444367359541,0.001530444367359541,0.3877551020408163,-0.07292793721938433,0.04269202951658292,0.11561996673596725,high,Hold,4,SYNTHETIC (Phase 2B/2C planted-signal SYN_* sample; no --db-url given — NOT real market data)
SYN_B,2023-11-29,2026-06-16T18:44:53,2023-12-06,phase2-ridge-20260616-7bda0e,phase2a-19f-7d7ba3b1,5,0.0036814632960411684,0.0036814632960411684,0.3877551020408163,-0.07077691829070269,0.04484304844526455,0.11561996673596725,high,Hold,4,SYNTHETIC (Phase 2B/2C planted-signal SYN_* sample; no --db-url given — NOT real market data)
SYN_B,2023-11-30,2026-06-16T18:44:53,2023-12-07,phase2-ridge-20260616-7bda0e,phase2a-19f-7d7ba3b1,5,0.0011877719020042202,0.0011877719020042202,0.3877551020408163,-0.07327060968473964,0.0423493570512276,0.11561996673596725,high,Hold,4,SYNTHETIC (Phase 2B/2C planted-signal SYN_* sample; no --db-url given — NOT real market data)
SYN_B,2023-12-01,2026-06-16T18:44:53,2023-12-08,phase2-ridge-20260616-7bda0e,phase2a-19f-7d7ba3b1,5,0.002231441066238708,0.002231441066238708,0.3877551020408163,-0.07222694052050516,0.043393026215462094,0.11561996673596725,high,Hold,4,SYNTHETIC (Phase 2B/2C planted-signal SYN_* sample; no --db-url given — NOT real market data)
SYN_B,2023-12-04,2026-06-16T18:44:53,2023-12-11,phase2-ridge-20260616-7bda0e,phase2a-19f-7d7ba3b1,5,0.0023759344171119683,0.0023759344171119683,0.3877551020408163,-0.0720824471696319,0.04353751956633535,0.11561996673596725,high,Hold,4,SYNTHETIC (Phase 2B/2C planted-signal SYN_* sample; no --db-url given — NOT real market data)
SYN_B,2023-12-05,2026-06-16T18:44:53,2023-12-12,phase2-ridge-20260616-7bda0e,phase2a-19f-7d7ba3b1,5,0.005324772359671401,0.005324772359671401,0.3877551020408163,-0.06913360922707247,0.046486357508894786,0.11561996673596725,high,Hold,4,SYNTHETIC (Phase 2B/2C planted-signal SYN_* sample; no --db-url given — NOT real market data)
SYN_B,2023-12-06,2026-06-16T18:44:53,2023-12-13,phase2-ridge-20260616-7bda0e,phase2a-19f-7d7ba3b1,5,0.005649321151433186,0.005649321151433186,0.3877551020408163,-0.06880906043531068,0.04681090630065657,0.11561996673596725,high,Hold,4,SYNTHETIC (Phase 2B/2C planted-signal SYN_* sample; no --db-url given — NOT real market data)
SYN_B,2023-12-07,2026-06-16T18:44:53,2023-12-14,phase2-ridge-20260616-7bda0e,phase2a-19f-7d7ba3b1,5,0.008100455376001977,0.008100455376001977,0.3877551020408163,-0.0663579262107419,0.04926204052522536,0.11561996673596725,medium,Hold,3,SYNTHETIC (Phase 2B/2C planted-signal SYN_* sample; no --db-url given — NOT real market data)
SYN_C,2023-11-03,2026-06-16T18:44:53,2023-11-10,phase2-ridge-20260616-7bda0e,phase2a-19f-7d7ba3b1,5,0.04713331754063807,0.04713331754063807,0.631578947368421,-0.027325064046105796,0.08829490268986145,0.11561996673596725,low,Strong Buy,1,SYNTHETIC (Phase 2B/2C planted-signal SYN_* sample; no --db-url given — NOT real market data)
SYN_C,2023-11-06,2026-06-16T18:44:53,2023-11-13,phase2-ridge-20260616-7bda0e,phase2a-19f-7d7ba3b1,5,0.046932780042434945,0.046932780042434945,0.631578947368421,-0.02752560154430892,0.08809436519165834,0.11561996673596725,low,Strong Buy,1,SYNTHETIC (Phase 2B/2C planted-signal SYN_* sample; no --db-url given — NOT real market data)
SYN_C,2023-11-07,2026-06-16T18:44:53,2023-11-14,phase2-ridge-20260616-7bda0e,phase2a-19f-7d7ba3b1,5,0.04443641233969349,0.04443641233969349,0.631578947368421,-0.030021969247050376,0.08559799748891687,0.11561996673596725,low,Strong Buy,1,SYNTHETIC (Phase 2B/2C planted-signal SYN_* sample; no --db-url given — NOT real market data)
SYN_C,2023-11-08,2026-06-16T18:44:53,2023-11-15,phase2-ridge-20260616-7bda0e,phase2a-19f-7d7ba3b1,5,0.042203822488365544,0.042203822488365544,0.631578947368421,-0.03225455909837832,0.08336540763758893,0.11561996673596725,low,Strong Buy,1,SYNTHETIC (Phase 2B/2C planted-signal SYN_* sample; no --db-url given — NOT real market data)
SYN_C,2023-11-09,2026-06-16T18:44:53,2023-11-16,phase2-ridge-20260616-7bda0e,phase2a-19f-7d7ba3b1,5,0.03854160046873269,0.03854160046873269,0.5,-0.03591678111801118,0.07970318561795607,0.11561996673596725,low,Hold,1,SYNTHETIC (Phase 2B/2C planted-signal SYN_* sample; no --db-url given — NOT real market data)
SYN_C,2023-11-10,2026-06-16T18:44:53,2023-11-17,phase2-ridge-20260616-7bda0e,phase2a-19f-7d7ba3b1,5,0.04134004571612178,0.04134004571612178,0.631578947368421,-0.03311833587062209,0.08250163086534516,0.11561996673596725,low,Strong Buy,1,SYNTHETIC (Phase 2B/2C planted-signal SYN_* sample; no --db-url given — NOT real market data)
SYN_C,2023-11-13,2026-06-16T18:44:53,2023-11-20,phase2-ridge-20260616-7bda0e,phase2a-19f-7d7ba3b1,5,0.03900929070221051,0.03900929070221051,0.5,-0.03544909088453336,0.0801708758514339,0.11561996673596725,low,Hold,1,SYNTHETIC (Phase 2B/2C planted-signal SYN_* sample; no --db-url given — NOT real market data)
SYN_C,2023-11-14,2026-06-16T18:44:53,2023-11-21,phase2-ridge-20260616-7bda0e,phase2a-19f-7d7ba3b1,5,0.04189767859923645,0.04189767859923645,0.631578947368421,-0.03256070298750741,0.08305926374845984,0.11561996673596725,low,Strong Buy,1,SYNTHETIC (Phase 2B/2C planted-signal SYN_* sample; no --db-url given — NOT real market data)
SYN_C,2023-11-15,2026-06-16T18:44:53,2023-11-22,phase2-ridge-20260616-7bda0e,phase2a-19f-7d7ba3b1,5,0.03714959545410845,0.03714959545410845,0.5,-0.03730878613263541,0.07831118060333184,0.11561996673596725,low,Hold,1,SYNTHETIC (Phase 2B/2C planted-signal SYN_* sample; no --db-url given — NOT real market data)
SYN_C,2023-11-16,2026-06-16T18:44:53,2023-11-23,phase2-ridge-20260616-7bda0e,phase2a-19f-7d7ba3b1,5,0.03705364036689988,0.03705364036689988,0.5,-0.03740474121984399,0.07821522551612325,0.11561996673596725,low,Hold,1,SYNTHETIC (Phase 2B/2C planted-signal SYN_* sample; no --db-url given — NOT real market data)
SYN_C,2023-11-17,2026-06-16T18:44:53,2023-11-24,phase2-ridge-20260616-7bda0e,phase2a-19f-7d7ba3b1,5,0.03349077724712331,0.03349077724712331,0.5,-0.04096760433962056,0.07465236239634669,0.11561996673596725,low,Hold,1,SYNTHETIC (Phase 2B/2C planted-signal SYN_* sample; no --db-url given — NOT real market data)
SYN_C,2023-11-20,2026-06-16T18:44:53,2023-11-27,phase2-ridge-20260616-7bda0e,phase2a-19f-7d7ba3b1,5,0.031992441480927857,0.031992441480927857,0.5,-0.04246594010581601,0.07315402663015125,0.11561996673596725,low,Hold,1,SYNTHETIC (Phase 2B/2C planted-signal SYN_* sample; no --db-url given — NOT real market data)
SYN_C,2023-11-21,2026-06-16T18:44:53,2023-11-28,phase2-ridge-20260616-7bda0e,phase2a-19f-7d7ba3b1,5,0.034345466254250036,0.034345466254250036,0.5,-0.04011291533249383,0.07550705140347341,0.11561996673596725,low,Hold,1,SYNTHETIC (Phase 2B/2C planted-signal SYN_* sample; no --db-url given — NOT real market data)
SYN_C,2023-11-22,2026-06-16T18:44:53,2023-11-29,phase2-ridge-20260616-7bda0e,phase2a-19f-7d7ba3b1,5,0.03484965761587445,0.03484965761587445,0.5,-0.03960872397086942,0.07601124276509783,0.11561996673596725,low,Hold,1,SYNTHETIC (Phase 2B/2C planted-signal SYN_* sample; no --db-url given — NOT real market data)
SYN_C,2023-11-23,2026-06-16T18:44:53,2023-11-30,phase2-ridge-20260616-7bda0e,phase2a-19f-7d7ba3b1,5,0.037489945955949434,0.037489945955949434,0.5,-0.03696843563079443,0.07865153110517281,0.11561996673596725,low,Hold,1,SYNTHETIC (Phase 2B/2C planted-signal SYN_* sample; no --db-url given — NOT real market data)
SYN_C,2023-11-24,2026-06-16T18:44:53,2023-12-01,phase2-ridge-20260616-7bda0e,phase2a-19f-7d7ba3b1,5,0.03449007708280634,0.03449007708280634,0.5,-0.03996830450393753,0.07565166223202972,0.11561996673596725,low,Hold,1,SYNTHETIC (Phase 2B/2C planted-signal SYN_* sample; no --db-url given — NOT real market data)
SYN_C,2023-11-27,2026-06-16T18:44:53,2023-12-04,phase2-ridge-20260616-7bda0e,phase2a-19f-7d7ba3b1,5,0.03405819315367155,0.03405819315367155,0.5,-0.04040018843307232,0.07521977830289493,0.11561996673596725,low,Hold,1,SYNTHETIC (Phase 2B/2C planted-signal SYN_* sample; no --db-url given — NOT real market data)
SYN_C,2023-11-28,2026-06-16T18:44:53,2023-12-05,phase2-ridge-20260616-7bda0e,phase2a-19f-7d7ba3b1,5,0.03389292679386992,0.03389292679386992,0.5,-0.04056545479287395,0.0750545119430933,0.11561996673596725,low,Hold,1,SYNTHETIC (Phase 2B/2C planted-signal SYN_* sample; no --db-url given — NOT real market data)
SYN_C,2023-11-29,2026-06-16T18:44:53,2023-12-06,phase2-ridge-20260616-7bda0e,phase2a-19f-7d7ba3b1,5,0.03483141470513517,0.03483141470513517,0.5,-0.039626966881608695,0.07599299985435856,0.11561996673596725,low,Hold,1,SYNTHETIC (Phase 2B/2C planted-signal SYN_* sample; no --db-url given — NOT real market data)
SYN_C,2023-11-30,2026-06-16T18:44:53,2023-12-07,phase2-ridge-20260616-7bda0e,phase2a-19f-7d7ba3b1,5,0.03470601805323112,0.03470601805323112,0.5,-0.03975236353351275,0.0758676032024545,0.11561996673596725,low,Hold,1,SYNTHETIC (Phase 2B/2C planted-signal SYN_* sample; no --db-url given — NOT real market data)
SYN_C,2023-12-01,2026-06-16T18:44:53,2023-12-08,phase2-ridge-20260616-7bda0e,phase2a-19f-7d7ba3b1,5,0.03499022880507514,0.03499022880507514,0.5,-0.03946815278166873,0.07615181395429851,0.11561996673596725,low,Hold,1,SYNTHETIC (Phase 2B/2C planted-signal SYN_* sample; no --db-url given — NOT real market data)
SYN_C,2023-12-04,2026-06-16T18:44:53,2023-12-11,phase2-ridge-20260616-7bda0e,phase2a-19f-7d7ba3b1,5,0.036157912376982966,0.036157912376982966,0.5,-0.0383004692097609,0.07731949752620634,0.11561996673596725,low,Hold,1,SYNTHETIC (Phase 2B/2C planted-signal SYN_* sample; no --db-url given — NOT real market data)
SYN_C,2023-12-05,2026-06-16T18:44:53,2023-12-12,phase2-ridge-20260616-7bda0e,phase2a-19f-7d7ba3b1,5,0.03297928992124619,0.03297928992124619,0.5,-0.041479091665497674,0.07414087507046957,0.11561996673596725,low,Hold,1,SYNTHETIC (Phase 2B/2C planted-signal SYN_* sample; no --db-url given — NOT real market data)
SYN_C,2023-12-06,2026-06-16T18:44:53,2023-12-13,phase2-ridge-20260616-7bda0e,phase2a-19f-7d7ba3b1,5,0.03296665053772614,0.03296665053772614,0.5,-0.041491731049017724,0.07412823568694953,0.11561996673596725,low,Hold,1,SYNTHETIC (Phase 2B/2C planted-signal SYN_* sample; no --db-url given — NOT real market data)
SYN_C,2023-12-07,2026-06-16T18:44:53,2023-12-14,phase2-ridge-20260616-7bda0e,phase2a-19f-7d7ba3b1,5,0.030967221382354707,0.030967221382354707,0.5,-0.04349116020438916,0.07212880653157809,0.11561996673596725,low,Hold,1,SYNTHETIC (Phase 2B/2C planted-signal SYN_* sample; no --db-url given — NOT real market data)
SYN_D,2023-11-03,2026-06-16T18:44:53,2023-11-10,phase2-ridge-20260616-7bda0e,phase2a-19f-7d7ba3b1,5,-0.01094849400256268,-0.01094849400256268,0.32407407407407407,-0.08540687558930654,0.030213091146660702,0.11561996673596725,medium,Strong Sell,6,SYNTHETIC (Phase 2B/2C planted-signal SYN_* sample; no --db-url given — NOT real market data)
SYN_D,2023-11-06,2026-06-16T18:44:53,2023-11-13,phase2-ridge-20260616-7bda0e,phase2a-19f-7d7ba3b1,5,-0.011911061504106842,-0.011911061504106842,0.32407407407407407,-0.0863694430908507,0.029250523645116544,0.11561996673596725,medium,Strong Sell,7,SYNTHETIC (Phase 2B/2C planted-signal SYN_* sample; no --db-url given — NOT real market data)
SYN_D,2023-11-07,2026-06-16T18:44:53,2023-11-14,phase2-ridge-20260616-7bda0e,phase2a-19f-7d7ba3b1,5,-0.012878477463795326,-0.012878477463795326,0.32407407407407407,-0.08733685905053919,0.028283107685428056,0.11561996673596725,medium,Strong Sell,7,SYNTHETIC (Phase 2B/2C planted-signal SYN_* sample; no --db-url given — NOT real market data)
SYN_D,2023-11-08,2026-06-16T18:44:53,2023-11-15,phase2-ridge-20260616-7bda0e,phase2a-19f-7d7ba3b1,5,-0.010726488328980977,-0.010726488328980977,0.32407407407407407,-0.08518486991572484,0.030435096820242407,0.11561996673596725,medium,Strong Sell,7,SYNTHETIC (Phase 2B/2C planted-signal SYN_* sample; no --db-url given — NOT real market data)
SYN_D,2023-11-09,2026-06-16T18:44:53,2023-11-16,phase2-ridge-20260616-7bda0e,phase2a-19f-7d7ba3b1,5,-0.011035272618867189,-0.011035272618867189,0.32407407407407407,-0.08549365420561106,0.030126312530356195,0.11561996673596725,medium,Strong Sell,7,SYNTHETIC (Phase 2B/2C planted-signal SYN_* sample; no --db-url given — NOT real market data)
SYN_D,2023-11-10,2026-06-16T18:44:53,2023-11-17,phase2-ridge-20260616-7bda0e,phase2a-19f-7d7ba3b1,5,-0.011874006173676658,-0.011874006173676658,0.32407407407407407,-0.08633238776042053,0.02928757897554673,0.11561996673596725,medium,Strong Sell,7,SYNTHETIC (Phase 2B/2C planted-signal SYN_* sample; no --db-url given — NOT real market data)
SYN_D,2023-11-13,2026-06-16T18:44:53,2023-11-20,phase2-ridge-20260616-7bda0e,phase2a-19f-7d7ba3b1,5,-0.009867286779060175,-0.009867286779060175,0.32407407407407407,-0.08432566836580405,0.03129429837016321,0.11561996673596725,medium,Strong Sell,7,SYNTHETIC (Phase 2B/2C planted-signal SYN_* sample; no --db-url given — NOT real market data)
SYN_D,2023-11-14,2026-06-16T18:44:53,2023-11-21,phase2-ridge-20260616-7bda0e,phase2a-19f-7d7ba3b1,5,-0.011351831814222538,-0.011351831814222538,0.32407407407407407,-0.08581021340096641,0.029809753335000848,0.11561996673596725,medium,Strong Sell,7,SYNTHETIC (Phase 2B/2C planted-signal SYN_* sample; no --db-url given — NOT real market data)
SYN_D,2023-11-15,2026-06-16T18:44:53,2023-11-22,phase2-ridge-20260616-7bda0e,phase2a-19f-7d7ba3b1,5,-0.011797072320659895,-0.011797072320659895,0.32407407407407407,-0.08625545390740376,0.02936451282856349,0.11561996673596725,medium,Strong Sell,7,SYNTHETIC (Phase 2B/2C planted-signal SYN_* sample; no --db-url given — NOT real market data)
SYN_D,2023-11-16,2026-06-16T18:44:53,2023-11-23,phase2-ridge-20260616-7bda0e,phase2a-19f-7d7ba3b1,5,-0.010319551956134666,-0.010319551956134666,0.32407407407407407,-0.08477793354287853,0.030842033193088716,0.11561996673596725,medium,Strong Sell,7,SYNTHETIC (Phase 2B/2C planted-signal SYN_* sample; no --db-url given — NOT real market data)
SYN_D,2023-11-17,2026-06-16T18:44:53,2023-11-24,phase2-ridge-20260616-7bda0e,phase2a-19f-7d7ba3b1,5,-0.007380667672654306,-0.007380667672654306,0.32407407407407407,-0.08183904925939817,0.033780917476569076,0.11561996673596725,high,Sell,7,SYNTHETIC (Phase 2B/2C planted-signal SYN_* sample; no --db-url given — NOT real market data)
SYN_D,2023-11-20,2026-06-16T18:44:53,2023-11-27,phase2-ridge-20260616-7bda0e,phase2a-19f-7d7ba3b1,5,-0.004446514303449294,-0.004446514303449294,0.32407407407407407,-0.07890489589019316,0.03671507084577409,0.11561996673596725,high,Sell,6,SYNTHETIC (Phase 2B/2C planted-signal SYN_* sample; no --db-url given — NOT real market data)
SYN_D,2023-11-21,2026-06-16T18:44:53,2023-11-28,phase2-ridge-20260616-7bda0e,phase2a-19f-7d7ba3b1,5,-0.0030234828548389766,-0.0030234828548389766,0.32407407407407407,-0.07748186444158284,0.038138102294384406,0.11561996673596725,high,Sell,5,SYNTHETIC (Phase 2B/2C planted-signal SYN_* sample; no --db-url given — NOT real market data)
SYN_D,2023-11-22,2026-06-16T18:44:53,2023-11-29,phase2-ridge-20260616-7bda0e,phase2a-19f-7d7ba3b1,5,-0.003622122521711399,-0.003622122521711399,0.32407407407407407,-0.07808050410845527,0.03753946262751198,0.11561996673596725,high,Sell,5,SYNTHETIC (Phase 2B/2C planted-signal SYN_* sample; no --db-url given — NOT real market data)
SYN_D,2023-11-23,2026-06-16T18:44:53,2023-11-30,phase2-ridge-20260616-7bda0e,phase2a-19f-7d7ba3b1,5,-0.0038846193884467563,-0.0038846193884467563,0.32407407407407407,-0.07834300097519062,0.03727696576077663,0.11561996673596725,high,Sell,5,SYNTHETIC (Phase 2B/2C planted-signal SYN_* sample; no --db-url given — NOT real market data)
SYN_D,2023-11-24,2026-06-16T18:44:53,2023-12-01,phase2-ridge-20260616-7bda0e,phase2a-19f-7d7ba3b1,5,-0.004984169436556125,-0.004984169436556125,0.32407407407407407,-0.07944255102329999,0.03617741571266726,0.11561996673596725,high,Sell,6,SYNTHETIC (Phase 2B/2C planted-signal SYN_* sample; no --db-url given — NOT real market data)
SYN_D,2023-11-27,2026-06-16T18:44:53,2023-12-04,phase2-ridge-20260616-7bda0e,phase2a-19f-7d7ba3b1,5,-0.00615941029156406,-0.00615941029156406,0.32407407407407407,-0.08061779187830792,0.03500217485765932,0.11561996673596725,high,Sell,7,SYNTHETIC (Phase 2B/2C planted-signal SYN_* sample; no --db-url given — NOT real market data)
SYN_D,2023-11-28,2026-06-16T18:44:53,2023-12-05,phase2-ridge-20260616-7bda0e,phase2a-19f-7d7ba3b1,5,-0.0049131815938940875,-0.0049131815938940875,0.32407407407407407,-0.07937156318063796,0.036248403555329295,0.11561996673596725,high,Sell,6,SYNTHETIC (Phase 2B/2C planted-signal SYN_* sample; no --db-url given — NOT real market data)
SYN_D,2023-11-29,2026-06-16T18:44:53,2023-12-06,phase2-ridge-20260616-7bda0e,phase2a-19f-7d7ba3b1,5,-0.006003693453243277,-0.006003693453243277,0.32407407407407407,-0.08046207503998715,0.035157891695980104,0.11561996673596725,high,Sell,6,SYNTHETIC (Phase 2B/2C planted-signal SYN_* sample; no --db-url given — NOT real market data)
SYN_D,2023-11-30,2026-06-16T18:44:53,2023-12-07,phase2-ridge-20260616-7bda0e,phase2a-19f-7d7ba3b1,5,-0.0024957570258666174,-0.0024957570258666174,0.32407407407407407,-0.07695413861261048,0.03866582812335677,0.11561996673596725,high,Sell,5,SYNTHETIC (Phase 2B/2C planted-signal SYN_* sample; no --db-url given — NOT real market data)
SYN_D,2023-12-01,2026-06-16T18:44:53,2023-12-08,phase2-ridge-20260616-7bda0e,phase2a-19f-7d7ba3b1,5,-0.004368326283589911,-0.004368326283589911,0.32407407407407407,-0.07882670787033377,0.03679325886563348,0.11561996673596725,high,Sell,5,SYNTHETIC (Phase 2B/2C planted-signal SYN_* sample; no --db-url given — NOT real market data)
SYN_D,2023-12-04,2026-06-16T18:44:53,2023-12-11,phase2-ridge-20260616-7bda0e,phase2a-19f-7d7ba3b1,5,-0.004502917249421576,-0.004502917249421576,0.32407407407407407,-0.07896129883616544,0.03665866789980181,0.11561996673596725,high,Sell,5,SYNTHETIC (Phase 2B/2C planted-signal SYN_* sample; no --db-url given — NOT real market data)
SYN_D,2023-12-05,2026-06-16T18:44:53,2023-12-12,phase2-ridge-20260616-7bda0e,phase2a-19f-7d7ba3b1,5,-0.006946814980240279,-0.006946814980240279,0.32407407407407407,-0.08140519656698414,0.034214770168983104,0.11561996673596725,high,Sell,7,SYNTHETIC (Phase 2B/2C planted-signal SYN_* sample; no --db-url given — NOT real market data)
SYN_D,2023-12-06,2026-06-16T18:44:53,2023-12-13,phase2-ridge-20260616-7bda0e,phase2a-19f-7d7ba3b1,5,-0.0068053428809143855,-0.0068053428809143855,0.32407407407407407,-0.08126372446765825,0.034356242268308995,0.11561996673596725,high,Sell,7,SYNTHETIC (Phase 2B/2C planted-signal SYN_* sample; no --db-url given — NOT real market data)
SYN_D,2023-12-07,2026-06-16T18:44:53,2023-12-14,phase2-ridge-20260616-7bda0e,phase2a-19f-7d7ba3b1,5,-0.004458786007063864,-0.004458786007063864,0.32407407407407407,-0.07891716759380774,0.03670279914215952,0.11561996673596725,high,Sell,6,SYNTHETIC (Phase 2B/2C planted-signal SYN_* sample; no --db-url given — NOT real market data)
SYN_E,2023-11-03,2026-06-16T18:44:53,2023-11-10,phase2-ridge-20260616-7bda0e,phase2a-19f-7d7ba3b1,5,-0.011802472542816736,-0.011802472542816736,0.32407407407407407,-0.0862608541295606,0.029359112606406647,0.11561996673596725,medium,Strong Sell,7,SYNTHETIC (Phase 2B/2C planted-signal SYN_* sample; no --db-url given — NOT real market data)
SYN_E,2023-11-06,2026-06-16T18:44:53,2023-11-13,phase2-ridge-20260616-7bda0e,phase2a-19f-7d7ba3b1,5,-0.010276740151378425,-0.010276740151378425,0.32407407407407407,-0.0847351217381223,0.03088484499784496,0.11561996673596725,medium,Strong Sell,6,SYNTHETIC (Phase 2B/2C planted-signal SYN_* sample; no --db-url given — NOT real market data)
SYN_E,2023-11-07,2026-06-16T18:44:53,2023-11-14,phase2-ridge-20260616-7bda0e,phase2a-19f-7d7ba3b1,5,-0.007398334017972519,-0.007398334017972519,0.32407407407407407,-0.08185671560471638,0.033763251131250865,0.11561996673596725,high,Sell,5,SYNTHETIC (Phase 2B/2C planted-signal SYN_* sample; no --db-url given — NOT real market data)
SYN_E,2023-11-08,2026-06-16T18:44:53,2023-11-15,phase2-ridge-20260616-7bda0e,phase2a-19f-7d7ba3b1,5,-0.00850871310124895,-0.00850871310124895,0.32407407407407407,-0.08296709468799282,0.032652872047974436,0.11561996673596725,medium,Strong Sell,6,SYNTHETIC (Phase 2B/2C planted-signal SYN_* sample; no --db-url given — NOT real market data)
SYN_E,2023-11-09,2026-06-16T18:44:53,2023-11-16,phase2-ridge-20260616-7bda0e,phase2a-19f-7d7ba3b1,5,-0.005050029434282349,-0.005050029434282349,0.32407407407407407,-0.07950841102102621,0.036111555714941034,0.11561996673596725,high,Sell,5,SYNTHETIC (Phase 2B/2C planted-signal SYN_* sample; no --db-url given — NOT real market data)
SYN_E,2023-11-10,2026-06-16T18:44:53,2023-11-17,phase2-ridge-20260616-7bda0e,phase2a-19f-7d7ba3b1,5,-0.008883550950356334,-0.008883550950356334,0.32407407407407407,-0.0833419325371002,0.03227803419886705,0.11561996673596725,medium,Strong Sell,6,SYNTHETIC (Phase 2B/2C planted-signal SYN_* sample; no --db-url given — NOT real market data)
SYN_E,2023-11-13,2026-06-16T18:44:53,2023-11-20,phase2-ridge-20260616-7bda0e,phase2a-19f-7d7ba3b1,5,-0.007988917150506522,-0.007988917150506522,0.32407407407407407,-0.08244729873725039,0.03317266799871686,0.11561996673596725,medium,Strong Sell,6,SYNTHETIC (Phase 2B/2C planted-signal SYN_* sample; no --db-url given — NOT real market data)
SYN_E,2023-11-14,2026-06-16T18:44:53,2023-11-21,phase2-ridge-20260616-7bda0e,phase2a-19f-7d7ba3b1,5,-0.010074571566735385,-0.010074571566735385,0.32407407407407407,-0.08453295315347925,0.031087013582488,0.11561996673596725,medium,Strong Sell,6,SYNTHETIC (Phase 2B/2C planted-signal SYN_* sample; no --db-url given — NOT real market data)
SYN_E,2023-11-15,2026-06-16T18:44:53,2023-11-22,phase2-ridge-20260616-7bda0e,phase2a-19f-7d7ba3b1,5,-0.007861829336322108,-0.007861829336322108,0.32407407407407407,-0.08232021092306598,0.033299755812901274,0.11561996673596725,high,Sell,6,SYNTHETIC (Phase 2B/2C planted-signal SYN_* sample; no --db-url given — NOT real market data)
SYN_E,2023-11-16,2026-06-16T18:44:53,2023-11-23,phase2-ridge-20260616-7bda0e,phase2a-19f-7d7ba3b1,5,-0.007276861008832054,-0.007276861008832054,0.32407407407407407,-0.08173524259557592,0.03388472414039133,0.11561996673596725,high,Sell,6,SYNTHETIC (Phase 2B/2C planted-signal SYN_* sample; no --db-url given — NOT real market data)
SYN_E,2023-11-17,2026-06-16T18:44:53,2023-11-24,phase2-ridge-20260616-7bda0e,phase2a-19f-7d7ba3b1,5,-0.00570719973280394,-0.00570719973280394,0.32407407407407407,-0.0801655813195478,0.035454385416419446,0.11561996673596725,high,Sell,6,SYNTHETIC (Phase 2B/2C planted-signal SYN_* sample; no --db-url given — NOT real market data)
SYN_E,2023-11-20,2026-06-16T18:44:53,2023-11-27,phase2-ridge-20260616-7bda0e,phase2a-19f-7d7ba3b1,5,-0.00531087624531525,-0.00531087624531525,0.32407407407407407,-0.07976925783205911,0.03585070890390814,0.11561996673596725,high,Sell,7,SYNTHETIC (Phase 2B/2C planted-signal SYN_* sample; no --db-url given — NOT real market data)
SYN_E,2023-11-21,2026-06-16T18:44:53,2023-11-28,phase2-ridge-20260616-7bda0e,phase2a-19f-7d7ba3b1,5,-0.0045128645085386,-0.0045128645085386,0.32407407407407407,-0.07897124609528247,0.036648720640684786,0.11561996673596725,high,Sell,6,SYNTHETIC (Phase 2B/2C planted-signal SYN_* sample; no --db-url given — NOT real market data)
SYN_E,2023-11-22,2026-06-16T18:44:53,2023-11-29,phase2-ridge-20260616-7bda0e,phase2a-19f-7d7ba3b1,5,-0.004239173326896242,-0.004239173326896242,0.32407407407407407,-0.07869755491364011,0.03692241182232714,0.11561996673596725,high,Sell,6,SYNTHETIC (Phase 2B/2C planted-signal SYN_* sample; no --db-url given — NOT real market data)
SYN_E,2023-11-23,2026-06-16T18:44:53,2023-11-30,phase2-ridge-20260616-7bda0e,phase2a-19f-7d7ba3b1,5,-0.006128294109820458,-0.006128294109820458,0.32407407407407407,-0.08058667569656433,0.035033291039402926,0.11561996673596725,high,Sell,7,SYNTHETIC (Phase 2B/2C planted-signal SYN_* sample; no --db-url given — NOT real market data)
SYN_E,2023-11-24,2026-06-16T18:44:53,2023-12-01,phase2-ridge-20260616-7bda0e,phase2a-19f-7d7ba3b1,5,-0.005209569414894975,-0.005209569414894975,0.32407407407407407,-0.07966795100163884,0.03595201573432841,0.11561996673596725,high,Sell,7,SYNTHETIC (Phase 2B/2C planted-signal SYN_* sample; no --db-url given — NOT real market data)
SYN_E,2023-11-27,2026-06-16T18:44:53,2023-12-04,phase2-ridge-20260616-7bda0e,phase2a-19f-7d7ba3b1,5,-0.005842143476176289,-0.005842143476176289,0.32407407407407407,-0.08030052506292015,0.0353194416730471,0.11561996673596725,high,Sell,6,SYNTHETIC (Phase 2B/2C planted-signal SYN_* sample; no --db-url given — NOT real market data)
SYN_E,2023-11-28,2026-06-16T18:44:53,2023-12-05,phase2-ridge-20260616-7bda0e,phase2a-19f-7d7ba3b1,5,-0.004657687950061896,-0.004657687950061896,0.32407407407407407,-0.07911606953680576,0.036503897199161486,0.11561996673596725,high,Sell,5,SYNTHETIC (Phase 2B/2C planted-signal SYN_* sample; no --db-url given — NOT real market data)
SYN_E,2023-11-29,2026-06-16T18:44:53,2023-12-06,phase2-ridge-20260616-7bda0e,phase2a-19f-7d7ba3b1,5,-0.0037028434783560682,-0.0037028434783560682,0.32407407407407407,-0.07816122506509994,0.03745874167086732,0.11561996673596725,high,Sell,5,SYNTHETIC (Phase 2B/2C planted-signal SYN_* sample; no --db-url given — NOT real market data)
SYN_E,2023-11-30,2026-06-16T18:44:53,2023-12-07,phase2-ridge-20260616-7bda0e,phase2a-19f-7d7ba3b1,5,-0.00314809827095124,-0.00314809827095124,0.32407407407407407,-0.0776064798576951,0.03801348687827214,0.11561996673596725,high,Sell,6,SYNTHETIC (Phase 2B/2C planted-signal SYN_* sample; no --db-url given — NOT real market data)
SYN_E,2023-12-01,2026-06-16T18:44:53,2023-12-08,phase2-ridge-20260616-7bda0e,phase2a-19f-7d7ba3b1,5,-0.006621846307613723,-0.006621846307613723,0.32407407407407407,-0.08108022789435759,0.03453973884160966,0.11561996673596725,high,Sell,7,SYNTHETIC (Phase 2B/2C planted-signal SYN_* sample; no --db-url given — NOT real market data)
SYN_E,2023-12-04,2026-06-16T18:44:53,2023-12-11,phase2-ridge-20260616-7bda0e,phase2a-19f-7d7ba3b1,5,-0.005383455822134132,-0.005383455822134132,0.32407407407407407,-0.079841837408878,0.03577812932708925,0.11561996673596725,high,Sell,6,SYNTHETIC (Phase 2B/2C planted-signal SYN_* sample; no --db-url given — NOT real market data)
SYN_E,2023-12-05,2026-06-16T18:44:53,2023-12-12,phase2-ridge-20260616-7bda0e,phase2a-19f-7d7ba3b1,5,-0.004663957445539249,-0.004663957445539249,0.32407407407407407,-0.07912233903228312,0.036497627703684137,0.11561996673596725,high,Sell,5,SYNTHETIC (Phase 2B/2C planted-signal SYN_* sample; no --db-url given — NOT real market data)
SYN_E,2023-12-06,2026-06-16T18:44:53,2023-12-13,phase2-ridge-20260616-7bda0e,phase2a-19f-7d7ba3b1,5,-0.00624865277271499,-0.00624865277271499,0.32407407407407407,-0.08070703435945886,0.034912932376508395,0.11561996673596725,high,Sell,6,SYNTHETIC (Phase 2B/2C planted-signal SYN_* sample; no --db-url given — NOT real market data)
SYN_E,2023-12-07,2026-06-16T18:44:53,2023-12-14,phase2-ridge-20260616-7bda0e,phase2a-19f-7d7ba3b1,5,-0.008348775143268851,-0.008348775143268851,0.32407407407407407,-0.08280715673001271,0.03281281000595453,0.11561996673596725,medium,Strong Sell,7,SYNTHETIC (Phase 2B/2C planted-signal SYN_* sample; no --db-url given — NOT real market data)
SYN_F,2023-11-03,2026-06-16T18:44:53,2023-11-10,phase2-ridge-20260616-7bda0e,phase2a-19f-7d7ba3b1,5,0.0200801898166324,0.0200801898166324,0.3877551020408163,-0.05437819177011147,0.06124177496585578,0.11561996673596725,low,Hold,2,SYNTHETIC (Phase 2B/2C planted-signal SYN_* sample; no --db-url given — NOT real market data)
SYN_F,2023-11-06,2026-06-16T18:44:53,2023-11-13,phase2-ridge-20260616-7bda0e,phase2a-19f-7d7ba3b1,5,0.02114543569213144,0.02114543569213144,0.3877551020408163,-0.053312945894612426,0.062307020841354824,0.11561996673596725,low,Hold,2,SYNTHETIC (Phase 2B/2C planted-signal SYN_* sample; no --db-url given — NOT real market data)
SYN_F,2023-11-07,2026-06-16T18:44:53,2023-11-14,phase2-ridge-20260616-7bda0e,phase2a-19f-7d7ba3b1,5,0.022157083860440845,0.022157083860440845,0.3877551020408163,-0.05230129772630302,0.06331866900966424,0.11561996673596725,low,Hold,2,SYNTHETIC (Phase 2B/2C planted-signal SYN_* sample; no --db-url given — NOT real market data)
SYN_F,2023-11-08,2026-06-16T18:44:53,2023-11-15,phase2-ridge-20260616-7bda0e,phase2a-19f-7d7ba3b1,5,0.023251508243385538,0.023251508243385538,0.3877551020408163,-0.05120687334335833,0.06441309339260892,0.11561996673596725,low,Hold,2,SYNTHETIC (Phase 2B/2C planted-signal SYN_* sample; no --db-url given — NOT real market data)
SYN_F,2023-11-09,2026-06-16T18:44:53,2023-11-16,phase2-ridge-20260616-7bda0e,phase2a-19f-7d7ba3b1,5,0.02209816734235441,0.02209816734235441,0.3877551020408163,-0.052360214244389455,0.0632597524915778,0.11561996673596725,low,Hold,2,SYNTHETIC (Phase 2B/2C planted-signal SYN_* sample; no --db-url given — NOT real market data)
SYN_F,2023-11-10,2026-06-16T18:44:53,2023-11-17,phase2-ridge-20260616-7bda0e,phase2a-19f-7d7ba3b1,5,0.023406751111782392,0.023406751111782392,0.3877551020408163,-0.051051630474961474,0.06456833626100578,0.11561996673596725,low,Hold,2,SYNTHETIC (Phase 2B/2C planted-signal SYN_* sample; no --db-url given — NOT real market data)
SYN_F,2023-11-13,2026-06-16T18:44:53,2023-11-20,phase2-ridge-20260616-7bda0e,phase2a-19f-7d7ba3b1,5,0.023832880426198577,0.023832880426198577,0.3877551020408163,-0.05062550116054529,0.06499446557542196,0.11561996673596725,low,Hold,2,SYNTHETIC (Phase 2B/2C planted-signal SYN_* sample; no --db-url given — NOT real market data)
SYN_F,2023-11-14,2026-06-16T18:44:53,2023-11-21,phase2-ridge-20260616-7bda0e,phase2a-19f-7d7ba3b1,5,0.024099690387640954,0.024099690387640954,0.3877551020408163,-0.05035869119910291,0.06526127553686434,0.11561996673596725,low,Hold,2,SYNTHETIC (Phase 2B/2C planted-signal SYN_* sample; no --db-url given — NOT real market data)
SYN_F,2023-11-15,2026-06-16T18:44:53,2023-11-22,phase2-ridge-20260616-7bda0e,phase2a-19f-7d7ba3b1,5,0.0233342914711845,0.0233342914711845,0.3877551020408163,-0.051124090115559365,0.06449587662040789,0.11561996673596725,low,Hold,2,SYNTHETIC (Phase 2B/2C planted-signal SYN_* sample; no --db-url given — NOT real market data)
SYN_F,2023-11-16,2026-06-16T18:44:53,2023-11-23,phase2-ridge-20260616-7bda0e,phase2a-19f-7d7ba3b1,5,0.023792234543080507,0.023792234543080507,0.3877551020408163,-0.05066614704366336,0.06495381969230389,0.11561996673596725,low,Hold,2,SYNTHETIC (Phase 2B/2C planted-signal SYN_* sample; no --db-url given — NOT real market data)
SYN_F,2023-11-17,2026-06-16T18:44:53,2023-11-24,phase2-ridge-20260616-7bda0e,phase2a-19f-7d7ba3b1,5,0.022058945405300692,0.022058945405300692,0.3877551020408163,-0.052399436181443174,0.06322053055452408,0.11561996673596725,low,Hold,2,SYNTHETIC (Phase 2B/2C planted-signal SYN_* sample; no --db-url given — NOT real market data)
SYN_F,2023-11-20,2026-06-16T18:44:53,2023-11-27,phase2-ridge-20260616-7bda0e,phase2a-19f-7d7ba3b1,5,0.024089519907113374,0.024089519907113374,0.3877551020408163,-0.05036886167963049,0.06525110505633676,0.11561996673596725,low,Hold,2,SYNTHETIC (Phase 2B/2C planted-signal SYN_* sample; no --db-url given — NOT real market data)
SYN_F,2023-11-21,2026-06-16T18:44:53,2023-11-28,phase2-ridge-20260616-7bda0e,phase2a-19f-7d7ba3b1,5,0.024890237332559843,0.024890237332559843,0.3877551020408163,-0.04956814425418402,0.06605182248178323,0.11561996673596725,low,Hold,2,SYNTHETIC (Phase 2B/2C planted-signal SYN_* sample; no --db-url given — NOT real market data)
SYN_F,2023-11-22,2026-06-16T18:44:53,2023-11-29,phase2-ridge-20260616-7bda0e,phase2a-19f-7d7ba3b1,5,0.023257340407557912,0.023257340407557912,0.3877551020408163,-0.051201041179185953,0.0644189255567813,0.11561996673596725,low,Hold,2,SYNTHETIC (Phase 2B/2C planted-signal SYN_* sample; no --db-url given — NOT real market data)
SYN_F,2023-11-23,2026-06-16T18:44:53,2023-11-30,phase2-ridge-20260616-7bda0e,phase2a-19f-7d7ba3b1,5,0.023271986537953038,0.023271986537953038,0.3877551020408163,-0.05118639504879083,0.06443357168717642,0.11561996673596725,low,Hold,2,SYNTHETIC (Phase 2B/2C planted-signal SYN_* sample; no --db-url given — NOT real market data)
SYN_F,2023-11-24,2026-06-16T18:44:53,2023-12-01,phase2-ridge-20260616-7bda0e,phase2a-19f-7d7ba3b1,5,0.022403799837217492,0.022403799837217492,0.3877551020408163,-0.052054581749526374,0.06356538498644088,0.11561996673596725,low,Hold,2,SYNTHETIC (Phase 2B/2C planted-signal SYN_* sample; no --db-url given — NOT real market data)
SYN_F,2023-11-27,2026-06-16T18:44:53,2023-12-04,phase2-ridge-20260616-7bda0e,phase2a-19f-7d7ba3b1,5,0.023656361000244437,0.023656361000244437,0.3877551020408163,-0.05080202058649943,0.06481794614946781,0.11561996673596725,low,Hold,2,SYNTHETIC (Phase 2B/2C planted-signal SYN_* sample; no --db-url given — NOT real market data)
SYN_F,2023-11-28,2026-06-16T18:44:53,2023-12-05,phase2-ridge-20260616-7bda0e,phase2a-19f-7d7ba3b1,5,0.021627418718526976,0.021627418718526976,0.3877551020408163,-0.05283096286821689,0.06278900386775035,0.11561996673596725,low,Hold,2,SYNTHETIC (Phase 2B/2C planted-signal SYN_* sample; no --db-url given — NOT real market data)
SYN_F,2023-11-29,2026-06-16T18:44:53,2023-12-06,phase2-ridge-20260616-7bda0e,phase2a-19f-7d7ba3b1,5,0.022272229639582433,0.022272229639582433,0.3877551020408163,-0.05218615194716143,0.06343381478880582,0.11561996673596725,low,Hold,2,SYNTHETIC (Phase 2B/2C planted-signal SYN_* sample; no --db-url given — NOT real market data)
SYN_F,2023-11-30,2026-06-16T18:44:53,2023-12-07,phase2-ridge-20260616-7bda0e,phase2a-19f-7d7ba3b1,5,0.022194082417709086,0.022194082417709086,0.3877551020408163,-0.05226429916903478,0.06335566756693248,0.11561996673596725,low,Hold,2,SYNTHETIC (Phase 2B/2C planted-signal SYN_* sample; no --db-url given — NOT real market data)
SYN_F,2023-12-01,2026-06-16T18:44:53,2023-12-08,phase2-ridge-20260616-7bda0e,phase2a-19f-7d7ba3b1,5,0.02220398890195118,0.02220398890195118,0.3877551020408163,-0.052254392684792685,0.06336557405117457,0.11561996673596725,low,Hold,2,SYNTHETIC (Phase 2B/2C planted-signal SYN_* sample; no --db-url given — NOT real market data)
SYN_F,2023-12-04,2026-06-16T18:44:53,2023-12-11,phase2-ridge-20260616-7bda0e,phase2a-19f-7d7ba3b1,5,0.023302285338872006,0.023302285338872006,0.3877551020408163,-0.05115609624787186,0.06446387048809539,0.11561996673596725,low,Hold,2,SYNTHETIC (Phase 2B/2C planted-signal SYN_* sample; no --db-url given — NOT real market data)
SYN_F,2023-12-05,2026-06-16T18:44:53,2023-12-12,phase2-ridge-20260616-7bda0e,phase2a-19f-7d7ba3b1,5,0.02184203384704108,0.02184203384704108,0.3877551020408163,-0.052616347739702786,0.06300361899626447,0.11561996673596725,low,Hold,2,SYNTHETIC (Phase 2B/2C planted-signal SYN_* sample; no --db-url given — NOT real market data)
SYN_F,2023-12-06,2026-06-16T18:44:53,2023-12-13,phase2-ridge-20260616-7bda0e,phase2a-19f-7d7ba3b1,5,0.019409604580475852,0.019409604580475852,0.3877551020408163,-0.055048777006268014,0.060571189729699236,0.11561996673596725,low,Hold,2,SYNTHETIC (Phase 2B/2C planted-signal SYN_* sample; no --db-url given — NOT real market data)
SYN_F,2023-12-07,2026-06-16T18:44:53,2023-12-14,phase2-ridge-20260616-7bda0e,phase2a-19f-7d7ba3b1,5,0.020732240218850555,0.020732240218850555,0.3877551020408163,-0.05372614136789331,0.06189382536807394,0.11561996673596725,low,Hold,2,SYNTHETIC (Phase 2B/2C planted-signal SYN_* sample; no --db-url given — NOT real market data)
SYN_G,2023-11-03,2026-06-16T18:44:53,2023-11-10,phase2-ridge-20260616-7bda0e,phase2a-19f-7d7ba3b1,5,-0.006671555389145812,-0.006671555389145812,0.32407407407407407,-0.08112993697588967,0.034490029760077576,0.11561996673596725,high,Sell,5,SYNTHETIC (Phase 2B/2C planted-signal SYN_* sample; no --db-url given — NOT real market data)
SYN_G,2023-11-06,2026-06-16T18:44:53,2023-11-13,phase2-ridge-20260616-7bda0e,phase2a-19f-7d7ba3b1,5,-0.005883481192682531,-0.005883481192682531,0.32407407407407407,-0.0803418627794264,0.03527810395654085,0.11561996673596725,high,Sell,5,SYNTHETIC (Phase 2B/2C planted-signal SYN_* sample; no --db-url given — NOT real market data)
SYN_G,2023-11-07,2026-06-16T18:44:53,2023-11-14,phase2-ridge-20260616-7bda0e,phase2a-19f-7d7ba3b1,5,-0.009184707365463698,-0.009184707365463698,0.32407407407407407,-0.08364308895220757,0.03197687778375968,0.11561996673596725,medium,Strong Sell,6,SYNTHETIC (Phase 2B/2C planted-signal SYN_* sample; no --db-url given — NOT real market data)
SYN_G,2023-11-08,2026-06-16T18:44:53,2023-11-15,phase2-ridge-20260616-7bda0e,phase2a-19f-7d7ba3b1,5,-0.006347892559381431,-0.006347892559381431,0.32407407407407407,-0.08080627414612529,0.03481369258984195,0.11561996673596725,high,Sell,5,SYNTHETIC (Phase 2B/2C planted-signal SYN_* sample; no --db-url given — NOT real market data)
SYN_G,2023-11-09,2026-06-16T18:44:53,2023-11-16,phase2-ridge-20260616-7bda0e,phase2a-19f-7d7ba3b1,5,-0.00819299662251496,-0.00819299662251496,0.32407407407407407,-0.08265137820925883,0.03296858852670842,0.11561996673596725,medium,Strong Sell,6,SYNTHETIC (Phase 2B/2C planted-signal SYN_* sample; no --db-url given — NOT real market data)
SYN_G,2023-11-10,2026-06-16T18:44:53,2023-11-17,phase2-ridge-20260616-7bda0e,phase2a-19f-7d7ba3b1,5,-0.006946138424712072,-0.006946138424712072,0.32407407407407407,-0.08140452001145594,0.03421544672451131,0.11561996673596725,high,Sell,5,SYNTHETIC (Phase 2B/2C planted-signal SYN_* sample; no --db-url given — NOT real market data)
SYN_G,2023-11-13,2026-06-16T18:44:53,2023-11-20,phase2-ridge-20260616-7bda0e,phase2a-19f-7d7ba3b1,5,-0.004666044563604085,-0.004666044563604085,0.32407407407407407,-0.07912442615034795,0.036495540585619296,0.11561996673596725,high,Sell,5,SYNTHETIC (Phase 2B/2C planted-signal SYN_* sample; no --db-url given — NOT real market data)
SYN_G,2023-11-14,2026-06-16T18:44:53,2023-11-21,phase2-ridge-20260616-7bda0e,phase2a-19f-7d7ba3b1,5,-0.0065910644305602634,-0.0065910644305602634,0.32407407407407407,-0.08104944601730413,0.03457052071866312,0.11561996673596725,high,Sell,5,SYNTHETIC (Phase 2B/2C planted-signal SYN_* sample; no --db-url given — NOT real market data)
SYN_G,2023-11-15,2026-06-16T18:44:53,2023-11-22,phase2-ridge-20260616-7bda0e,phase2a-19f-7d7ba3b1,5,-0.006515777551269626,-0.006515777551269626,0.32407407407407407,-0.0809741591380135,0.03464580759795376,0.11561996673596725,high,Sell,5,SYNTHETIC (Phase 2B/2C planted-signal SYN_* sample; no --db-url given — NOT real market data)
SYN_G,2023-11-16,2026-06-16T18:44:53,2023-11-23,phase2-ridge-20260616-7bda0e,phase2a-19f-7d7ba3b1,5,-0.004202492984651357,-0.004202492984651357,0.32407407407407407,-0.07866087457139523,0.03695909216457203,0.11561996673596725,high,Sell,5,SYNTHETIC (Phase 2B/2C planted-signal SYN_* sample; no --db-url given — NOT real market data)
SYN_G,2023-11-17,2026-06-16T18:44:53,2023-11-24,phase2-ridge-20260616-7bda0e,phase2a-19f-7d7ba3b1,5,-0.0027176033004125836,-0.0027176033004125836,0.32407407407407407,-0.07717598488715645,0.0384439818488108,0.11561996673596725,high,Sell,5,SYNTHETIC (Phase 2B/2C planted-signal SYN_* sample; no --db-url given — NOT real market data)
SYN_G,2023-11-20,2026-06-16T18:44:53,2023-11-27,phase2-ridge-20260616-7bda0e,phase2a-19f-7d7ba3b1,5,-0.0035712199083241863,-0.0035712199083241863,0.32407407407407407,-0.07802960149506805,0.0375903652408992,0.11561996673596725,high,Sell,5,SYNTHETIC (Phase 2B/2C planted-signal SYN_* sample; no --db-url given — NOT real market data)
SYN_G,2023-11-21,2026-06-16T18:44:53,2023-11-28,phase2-ridge-20260616-7bda0e,phase2a-19f-7d7ba3b1,5,-0.008685014682511923,-0.008685014682511923,0.32407407407407407,-0.08314339626925579,0.03247657046671146,0.11561996673596725,medium,Strong Sell,7,SYNTHETIC (Phase 2B/2C planted-signal SYN_* sample; no --db-url given — NOT real market data)
SYN_G,2023-11-22,2026-06-16T18:44:53,2023-11-29,phase2-ridge-20260616-7bda0e,phase2a-19f-7d7ba3b1,5,-0.007010870464590032,-0.007010870464590032,0.32407407407407407,-0.0814692520513339,0.03415071468463335,0.11561996673596725,high,Sell,7,SYNTHETIC (Phase 2B/2C planted-signal SYN_* sample; no --db-url given — NOT real market data)
SYN_G,2023-11-23,2026-06-16T18:44:53,2023-11-30,phase2-ridge-20260616-7bda0e,phase2a-19f-7d7ba3b1,5,-0.0060797017336412795,-0.0060797017336412795,0.32407407407407407,-0.08053808332038515,0.035081883415582105,0.11561996673596725,high,Sell,6,SYNTHETIC (Phase 2B/2C planted-signal SYN_* sample; no --db-url given — NOT real market data)
SYN_G,2023-11-24,2026-06-16T18:44:53,2023-12-01,phase2-ridge-20260616-7bda0e,phase2a-19f-7d7ba3b1,5,-0.0036942840610466356,-0.0036942840610466356,0.32407407407407407,-0.0781526656477905,0.03746730108817675,0.11561996673596725,high,Sell,5,SYNTHETIC (Phase 2B/2C planted-signal SYN_* sample; no --db-url given — NOT real market data)
SYN_G,2023-11-27,2026-06-16T18:44:53,2023-12-04,phase2-ridge-20260616-7bda0e,phase2a-19f-7d7ba3b1,5,-0.004518987509611555,-0.004518987509611555,0.32407407407407407,-0.07897736909635542,0.03664259763961183,0.11561996673596725,high,Sell,5,SYNTHETIC (Phase 2B/2C planted-signal SYN_* sample; no --db-url given — NOT real market data)
SYN_G,2023-11-28,2026-06-16T18:44:53,2023-12-05,phase2-ridge-20260616-7bda0e,phase2a-19f-7d7ba3b1,5,-0.006713350966141387,-0.006713350966141387,0.32407407407407407,-0.08117173255288525,0.034448234183081995,0.11561996673596725,high,Sell,7,SYNTHETIC (Phase 2B/2C planted-signal SYN_* sample; no --db-url given — NOT real market data)
SYN_G,2023-11-29,2026-06-16T18:44:53,2023-12-06,phase2-ridge-20260616-7bda0e,phase2a-19f-7d7ba3b1,5,-0.007246833945949079,-0.007246833945949079,0.32407407407407407,-0.08170521553269294,0.03391475120327431,0.11561996673596725,high,Sell,7,SYNTHETIC (Phase 2B/2C planted-signal SYN_* sample; no --db-url given — NOT real market data)
SYN_G,2023-11-30,2026-06-16T18:44:53,2023-12-07,phase2-ridge-20260616-7bda0e,phase2a-19f-7d7ba3b1,5,-0.007491333302536773,-0.007491333302536773,0.32407407407407407,-0.08194971488928064,0.03367025184668661,0.11561996673596725,high,Sell,7,SYNTHETIC (Phase 2B/2C planted-signal SYN_* sample; no --db-url given — NOT real market data)
SYN_G,2023-12-01,2026-06-16T18:44:53,2023-12-08,phase2-ridge-20260616-7bda0e,phase2a-19f-7d7ba3b1,5,-0.004576208098486533,-0.004576208098486533,0.32407407407407407,-0.0790345896852304,0.03658537705073685,0.11561996673596725,high,Sell,6,SYNTHETIC (Phase 2B/2C planted-signal SYN_* sample; no --db-url given — NOT real market data)
SYN_G,2023-12-04,2026-06-16T18:44:53,2023-12-11,phase2-ridge-20260616-7bda0e,phase2a-19f-7d7ba3b1,5,-0.00802580134923784,-0.00802580134923784,0.32407407407407407,-0.08248418293598171,0.033135783799985545,0.11561996673596725,medium,Strong Sell,7,SYNTHETIC (Phase 2B/2C planted-signal SYN_* sample; no --db-url given — NOT real market data)
SYN_G,2023-12-05,2026-06-16T18:44:53,2023-12-12,phase2-ridge-20260616-7bda0e,phase2a-19f-7d7ba3b1,5,-0.005059712663481297,-0.005059712663481297,0.32407407407407407,-0.07951809425022516,0.036101872485742086,0.11561996673596725,high,Sell,6,SYNTHETIC (Phase 2B/2C planted-signal SYN_* sample; no --db-url given — NOT real market data)
SYN_G,2023-12-06,2026-06-16T18:44:53,2023-12-13,phase2-ridge-20260616-7bda0e,phase2a-19f-7d7ba3b1,5,-0.0013476253041270793,-0.0013476253041270793,0.32407407407407407,-0.07580600689087094,0.03981395984509631,0.11561996673596725,high,Sell,5,SYNTHETIC (Phase 2B/2C planted-signal SYN_* sample; no --db-url given — NOT real market data)
SYN_G,2023-12-07,2026-06-16T18:44:53,2023-12-14,phase2-ridge-20260616-7bda0e,phase2a-19f-7d7ba3b1,5,0.002790463016010738,0.002790463016010738,0.3877551020408163,-0.07166791857073312,0.043952048165234125,0.11561996673596725,high,Hold,5,SYNTHETIC (Phase 2B/2C planted-signal SYN_* sample; no --db-url given — NOT real market data)
SYN_H,2023-11-03,2026-06-16T18:44:53,2023-11-10,phase2-ridge-20260616-7bda0e,phase2a-19f-7d7ba3b1,5,-0.013857148270685645,-0.013857148270685645,0.32407407407407407,-0.0883155298574295,0.027304436878537737,0.11561996673596725,medium,Strong Sell,8,SYNTHETIC (Phase 2B/2C planted-signal SYN_* sample; no --db-url given — NOT real market data)
SYN_H,2023-11-06,2026-06-16T18:44:53,2023-11-13,phase2-ridge-20260616-7bda0e,phase2a-19f-7d7ba3b1,5,-0.015300020680886805,-0.015300020680886805,0.32407407407407407,-0.08975840226763067,0.02586156446833658,0.11561996673596725,medium,Strong Sell,8,SYNTHETIC (Phase 2B/2C planted-signal SYN_* sample; no --db-url given — NOT real market data)
SYN_H,2023-11-07,2026-06-16T18:44:53,2023-11-14,phase2-ridge-20260616-7bda0e,phase2a-19f-7d7ba3b1,5,-0.013117863811419552,-0.013117863811419552,0.32407407407407407,-0.08757624539816342,0.028043721337803834,0.11561996673596725,medium,Strong Sell,8,SYNTHETIC (Phase 2B/2C planted-signal SYN_* sample; no --db-url given — NOT real market data)
SYN_H,2023-11-08,2026-06-16T18:44:53,2023-11-15,phase2-ridge-20260616-7bda0e,phase2a-19f-7d7ba3b1,5,-0.016006079560367828,-0.016006079560367828,0.32407407407407407,-0.0904644611471117,0.025155505588855556,0.11561996673596725,medium,Strong Sell,8,SYNTHETIC (Phase 2B/2C planted-signal SYN_* sample; no --db-url given — NOT real market data)
SYN_H,2023-11-09,2026-06-16T18:44:53,2023-11-16,phase2-ridge-20260616-7bda0e,phase2a-19f-7d7ba3b1,5,-0.015244366544557608,-0.015244366544557608,0.32407407407407407,-0.08970274813130147,0.025917218604665775,0.11561996673596725,medium,Strong Sell,8,SYNTHETIC (Phase 2B/2C planted-signal SYN_* sample; no --db-url given — NOT real market data)
SYN_H,2023-11-10,2026-06-16T18:44:53,2023-11-17,phase2-ridge-20260616-7bda0e,phase2a-19f-7d7ba3b1,5,-0.0148340509544504,-0.0148340509544504,0.32407407407407407,-0.08929243254119426,0.026327534194772982,0.11561996673596725,medium,Strong Sell,8,SYNTHETIC (Phase 2B/2C planted-signal SYN_* sample; no --db-url given — NOT real market data)
SYN_H,2023-11-13,2026-06-16T18:44:53,2023-11-20,phase2-ridge-20260616-7bda0e,phase2a-19f-7d7ba3b1,5,-0.015457601233586428,-0.015457601233586428,0.32407407407407407,-0.0899159828203303,0.025703983915636955,0.11561996673596725,medium,Strong Sell,8,SYNTHETIC (Phase 2B/2C planted-signal SYN_* sample; no --db-url given — NOT real market data)
SYN_H,2023-11-14,2026-06-16T18:44:53,2023-11-21,phase2-ridge-20260616-7bda0e,phase2a-19f-7d7ba3b1,5,-0.013801747995804173,-0.013801747995804173,0.32407407407407407,-0.08826012958254804,0.027359837153419213,0.11561996673596725,medium,Strong Sell,8,SYNTHETIC (Phase 2B/2C planted-signal SYN_* sample; no --db-url given — NOT real market data)
SYN_H,2023-11-15,2026-06-16T18:44:53,2023-11-22,phase2-ridge-20260616-7bda0e,phase2a-19f-7d7ba3b1,5,-0.013723239865626973,-0.013723239865626973,0.32407407407407407,-0.08818162145237084,0.027438345283596413,0.11561996673596725,medium,Strong Sell,8,SYNTHETIC (Phase 2B/2C planted-signal SYN_* sample; no --db-url given — NOT real market data)
SYN_H,2023-11-16,2026-06-16T18:44:53,2023-11-23,phase2-ridge-20260616-7bda0e,phase2a-19f-7d7ba3b1,5,-0.015201735795042174,-0.015201735795042174,0.32407407407407407,-0.08966011738178604,0.025959849354181212,0.11561996673596725,medium,Strong Sell,8,SYNTHETIC (Phase 2B/2C planted-signal SYN_* sample; no --db-url given — NOT real market data)
SYN_H,2023-11-17,2026-06-16T18:44:53,2023-11-24,phase2-ridge-20260616-7bda0e,phase2a-19f-7d7ba3b1,5,-0.01913676389502611,-0.01913676389502611,0.32407407407407407,-0.09359514548176998,0.022024821254197274,0.11561996673596725,low,Strong Sell,8,SYNTHETIC (Phase 2B/2C planted-signal SYN_* sample; no --db-url given — NOT real market data)
SYN_H,2023-11-20,2026-06-16T18:44:53,2023-11-27,phase2-ridge-20260616-7bda0e,phase2a-19f-7d7ba3b1,5,-0.018698025611085585,-0.018698025611085585,0.32407407407407407,-0.09315640719782944,0.0224635595381378,0.11561996673596725,low,Strong Sell,8,SYNTHETIC (Phase 2B/2C planted-signal SYN_* sample; no --db-url given — NOT real market data)
SYN_H,2023-11-21,2026-06-16T18:44:53,2023-11-28,phase2-ridge-20260616-7bda0e,phase2a-19f-7d7ba3b1,5,-0.018715889661991336,-0.018715889661991336,0.32407407407407407,-0.0931742712487352,0.022445695487232048,0.11561996673596725,low,Strong Sell,8,SYNTHETIC (Phase 2B/2C planted-signal SYN_* sample; no --db-url given — NOT real market data)
SYN_H,2023-11-22,2026-06-16T18:44:53,2023-11-29,phase2-ridge-20260616-7bda0e,phase2a-19f-7d7ba3b1,5,-0.01763728450288446,-0.01763728450288446,0.32407407407407407,-0.09209566608962833,0.023524300646338925,0.11561996673596725,low,Strong Sell,8,SYNTHETIC (Phase 2B/2C planted-signal SYN_* sample; no --db-url given — NOT real market data)
SYN_H,2023-11-23,2026-06-16T18:44:53,2023-11-30,phase2-ridge-20260616-7bda0e,phase2a-19f-7d7ba3b1,5,-0.017356444959301734,-0.017356444959301734,0.32407407407407407,-0.0918148265460456,0.02380514018992165,0.11561996673596725,low,Strong Sell,8,SYNTHETIC (Phase 2B/2C planted-signal SYN_* sample; no --db-url given — NOT real market data)
SYN_H,2023-11-24,2026-06-16T18:44:53,2023-12-01,phase2-ridge-20260616-7bda0e,phase2a-19f-7d7ba3b1,5,-0.01908281472075849,-0.01908281472075849,0.32407407407407407,-0.09354119630750235,0.022078770428464893,0.11561996673596725,low,Strong Sell,8,SYNTHETIC (Phase 2B/2C planted-signal SYN_* sample; no --db-url given — NOT real market data)
SYN_H,2023-11-27,2026-06-16T18:44:53,2023-12-04,phase2-ridge-20260616-7bda0e,phase2a-19f-7d7ba3b1,5,-0.01696630121089287,-0.01696630121089287,0.32407407407407407,-0.09142468279763674,0.024195283938330515,0.11561996673596725,low,Strong Sell,8,SYNTHETIC (Phase 2B/2C planted-signal SYN_* sample; no --db-url given — NOT real market data)
SYN_H,2023-11-28,2026-06-16T18:44:53,2023-12-05,phase2-ridge-20260616-7bda0e,phase2a-19f-7d7ba3b1,5,-0.01655009296290532,-0.01655009296290532,0.32407407407407407,-0.0910084745496492,0.024611492186318064,0.11561996673596725,medium,Strong Sell,8,SYNTHETIC (Phase 2B/2C planted-signal SYN_* sample; no --db-url given — NOT real market data)
SYN_H,2023-11-29,2026-06-16T18:44:53,2023-12-06,phase2-ridge-20260616-7bda0e,phase2a-19f-7d7ba3b1,5,-0.01878041394714622,-0.01878041394714622,0.32407407407407407,-0.09323879553389008,0.022381171202077166,0.11561996673596725,low,Strong Sell,8,SYNTHETIC (Phase 2B/2C planted-signal SYN_* sample; no --db-url given — NOT real market data)
SYN_H,2023-11-30,2026-06-16T18:44:53,2023-12-07,phase2-ridge-20260616-7bda0e,phase2a-19f-7d7ba3b1,5,-0.019790242013622228,-0.019790242013622228,0.32407407407407407,-0.0942486236003661,0.021371343135601156,0.11561996673596725,low,Strong Sell,8,SYNTHETIC (Phase 2B/2C planted-signal SYN_* sample; no --db-url given — NOT real market data)
SYN_H,2023-12-01,2026-06-16T18:44:53,2023-12-08,phase2-ridge-20260616-7bda0e,phase2a-19f-7d7ba3b1,5,-0.017720378140822883,-0.017720378140822883,0.32407407407407407,-0.09217875972756676,0.0234412070084005,0.11561996673596725,low,Strong Sell,8,SYNTHETIC (Phase 2B/2C planted-signal SYN_* sample; no --db-url given — NOT real market data)
SYN_H,2023-12-04,2026-06-16T18:44:53,2023-12-11,phase2-ridge-20260616-7bda0e,phase2a-19f-7d7ba3b1,5,-0.019246425106929275,-0.019246425106929275,0.32407407407407407,-0.09370480669367315,0.02191516004229411,0.11561996673596725,low,Strong Sell,8,SYNTHETIC (Phase 2B/2C planted-signal SYN_* sample; no --db-url given — NOT real market data)
SYN_H,2023-12-05,2026-06-16T18:44:53,2023-12-12,phase2-ridge-20260616-7bda0e,phase2a-19f-7d7ba3b1,5,-0.018497709870744228,-0.018497709870744228,0.32407407407407407,-0.0929560914574881,0.022663875278479156,0.11561996673596725,low,Strong Sell,8,SYNTHETIC (Phase 2B/2C planted-signal SYN_* sample; no --db-url given — NOT real market data)
SYN_H,2023-12-06,2026-06-16T18:44:53,2023-12-13,phase2-ridge-20260616-7bda0e,phase2a-19f-7d7ba3b1,5,-0.01697311222937361,-0.01697311222937361,0.32407407407407407,-0.09143149381611748,0.024188472919849775,0.11561996673596725,low,Strong Sell,8,SYNTHETIC (Phase 2B/2C planted-signal SYN_* sample; no --db-url given — NOT real market data)
SYN_H,2023-12-07,2026-06-16T18:44:53,2023-12-14,phase2-ridge-20260616-7bda0e,phase2a-19f-7d7ba3b1,5,-0.021678386940386006,-0.021678386940386006,0.32407407407407407,-0.09613676852712988,0.019483198208837378,0.11561996673596725,low,Strong Sell,8,SYNTHETIC (Phase 2B/2C planted-signal SYN_* sample; no --db-url given — NOT real market data)
SYN_A,2023-12-08,2026-06-16T18:44:53,2023-12-15,phase2-ridge-20260616-7bda0e,phase2a-19f-7d7ba3b1,5,-0.001885286310155408,-0.001885286310155408,0.3015075376884422,-0.07061556334797858,0.031261056343313706,0.1018766196912923,high,Sell,3,SYNTHETIC (Phase 2B/2C planted-signal SYN_* sample; no --db-url given — NOT real market data)
SYN_A,2023-12-11,2026-06-16T18:44:53,2023-12-18,phase2-ridge-20260616-7bda0e,phase2a-19f-7d7ba3b1,5,-0.003384787229309647,-0.003384787229309647,0.3015075376884422,-0.07211506426713282,0.029761555424159467,0.1018766196912923,high,Sell,4,SYNTHETIC (Phase 2B/2C planted-signal SYN_* sample; no --db-url given — NOT real market data)
SYN_A,2023-12-12,2026-06-16T18:44:53,2023-12-19,phase2-ridge-20260616-7bda0e,phase2a-19f-7d7ba3b1,5,-0.0042306288821411875,-0.0042306288821411875,0.3015075376884422,-0.07296090591996438,0.028915713771327928,0.1018766196912923,high,Sell,5,SYNTHETIC (Phase 2B/2C planted-signal SYN_* sample; no --db-url given — NOT real market data)
SYN_A,2023-12-13,2026-06-16T18:44:53,2023-12-20,phase2-ridge-20260616-7bda0e,phase2a-19f-7d7ba3b1,5,-0.004042130944882583,-0.004042130944882583,0.3015075376884422,-0.07277240798270576,0.02910421170858653,0.1018766196912923,high,Sell,4,SYNTHETIC (Phase 2B/2C planted-signal SYN_* sample; no --db-url given — NOT real market data)
SYN_A,2023-12-14,2026-06-16T18:44:53,2023-12-21,phase2-ridge-20260616-7bda0e,phase2a-19f-7d7ba3b1,5,-0.0035591963292706773,-0.0035591963292706773,0.3015075376884422,-0.07228947336709386,0.029587146324198437,0.1018766196912923,high,Sell,3,SYNTHETIC (Phase 2B/2C planted-signal SYN_* sample; no --db-url given — NOT real market data)
SYN_A,2023-12-15,2026-06-16T18:44:53,2023-12-22,phase2-ridge-20260616-7bda0e,phase2a-19f-7d7ba3b1,5,-0.003957458954773761,-0.003957458954773761,0.3015075376884422,-0.07268773599259694,0.029188883698695354,0.1018766196912923,high,Sell,3,SYNTHETIC (Phase 2B/2C planted-signal SYN_* sample; no --db-url given — NOT real market data)
SYN_A,2023-12-18,2026-06-16T18:44:53,2023-12-25,phase2-ridge-20260616-7bda0e,phase2a-19f-7d7ba3b1,5,-0.003816053122774418,-0.003816053122774418,0.3015075376884422,-0.0725463301605976,0.029330289530694695,0.1018766196912923,high,Sell,4,SYNTHETIC (Phase 2B/2C planted-signal SYN_* sample; no --db-url given — NOT real market data)
SYN_A,2023-12-19,2026-06-16T18:44:53,2023-12-26,phase2-ridge-20260616-7bda0e,phase2a-19f-7d7ba3b1,5,-0.0037954804577282116,-0.0037954804577282116,0.3015075376884422,-0.07252575749555139,0.0293508621957409,0.1018766196912923,high,Sell,4,SYNTHETIC (Phase 2B/2C planted-signal SYN_* sample; no --db-url given — NOT real market data)
SYN_A,2023-12-20,2026-06-16T18:44:53,2023-12-27,phase2-ridge-20260616-7bda0e,phase2a-19f-7d7ba3b1,5,-0.004508376510173544,-0.004508376510173544,0.3015075376884422,-0.07323865354799672,0.02863796614329557,0.1018766196912923,high,Sell,4,SYNTHETIC (Phase 2B/2C planted-signal SYN_* sample; no --db-url given — NOT real market data)
SYN_A,2023-12-21,2026-06-16T18:44:53,2023-12-28,phase2-ridge-20260616-7bda0e,phase2a-19f-7d7ba3b1,5,-0.0036818272005345,-0.0036818272005345,0.3015075376884422,-0.07241210423835769,0.029464515452934614,0.1018766196912923,high,Sell,4,SYNTHETIC (Phase 2B/2C planted-signal SYN_* sample; no --db-url given — NOT real market data)
SYN_A,2023-12-22,2026-06-16T18:44:53,2023-12-29,phase2-ridge-20260616-7bda0e,phase2a-19f-7d7ba3b1,5,-0.0028870389491063167,-0.0028870389491063167,0.3015075376884422,-0.0716173159869295,0.0302593037043628,0.1018766196912923,high,Sell,4,SYNTHETIC (Phase 2B/2C planted-signal SYN_* sample; no --db-url given — NOT real market data)
SYN_A,2023-12-25,2026-06-16T18:44:53,2024-01-01,phase2-ridge-20260616-7bda0e,phase2a-19f-7d7ba3b1,5,-0.0036024238063289468,-0.0036024238063289468,0.3015075376884422,-0.07233270084415212,0.029543918847140166,0.1018766196912923,high,Sell,4,SYNTHETIC (Phase 2B/2C planted-signal SYN_* sample; no --db-url given — NOT real market data)
SYN_A,2023-12-26,2026-06-16T18:44:53,2024-01-02,phase2-ridge-20260616-7bda0e,phase2a-19f-7d7ba3b1,5,-0.003285028321500227,-0.003285028321500227,0.3015075376884422,-0.0720153053593234,0.029861314331968886,0.1018766196912923,high,Sell,4,SYNTHETIC (Phase 2B/2C planted-signal SYN_* sample; no --db-url given — NOT real market data)
SYN_A,2023-12-27,2026-06-16T18:44:53,2024-01-03,phase2-ridge-20260616-7bda0e,phase2a-19f-7d7ba3b1,5,-0.0033937462379503083,-0.0033937462379503083,0.3015075376884422,-0.0721240232757735,0.029752596415518806,0.1018766196912923,high,Sell,4,SYNTHETIC (Phase 2B/2C planted-signal SYN_* sample; no --db-url given — NOT real market data)
SYN_A,2023-12-28,2026-06-16T18:44:53,2024-01-04,phase2-ridge-20260616-7bda0e,phase2a-19f-7d7ba3b1,5,-0.0030692236716492443,-0.0030692236716492443,0.3015075376884422,-0.07179950070947243,0.03007711898181987,0.1018766196912923,high,Sell,3,SYNTHETIC (Phase 2B/2C planted-signal SYN_* sample; no --db-url given — NOT real market data)
SYN_A,2023-12-29,2026-06-16T18:44:53,2024-01-05,phase2-ridge-20260616-7bda0e,phase2a-19f-7d7ba3b1,5,-0.0032375145197641618,-0.0032375145197641618,0.3015075376884422,-0.07196779155758734,0.029908828133704952,0.1018766196912923,high,Sell,4,SYNTHETIC (Phase 2B/2C planted-signal SYN_* sample; no --db-url given — NOT real market data)
SYN_A,2024-01-01,2026-06-16T18:44:53,2024-01-08,phase2-ridge-20260616-7bda0e,phase2a-19f-7d7ba3b1,5,-0.0030407165482233102,-0.0030407165482233102,0.3015075376884422,-0.0717709935860465,0.030105626105245805,0.1018766196912923,high,Sell,4,SYNTHETIC (Phase 2B/2C planted-signal SYN_* sample; no --db-url given — NOT real market data)
SYN_A,2024-01-02,2026-06-16T18:44:53,2024-01-09,phase2-ridge-20260616-7bda0e,phase2a-19f-7d7ba3b1,5,-0.0031279048293222584,-0.0031279048293222584,0.3015075376884422,-0.07185818186714545,0.030018437824146857,0.1018766196912923,high,Sell,4,SYNTHETIC (Phase 2B/2C planted-signal SYN_* sample; no --db-url given — NOT real market data)
SYN_A,2024-01-03,2026-06-16T18:44:53,2024-01-10,phase2-ridge-20260616-7bda0e,phase2a-19f-7d7ba3b1,5,-0.0025577971923012397,-0.0025577971923012397,0.3015075376884422,-0.07128807423012443,0.030588545461167876,0.1018766196912923,high,Sell,3,SYNTHETIC (Phase 2B/2C planted-signal SYN_* sample; no --db-url given — NOT real market data)
SYN_A,2024-01-04,2026-06-16T18:44:53,2024-01-11,phase2-ridge-20260616-7bda0e,phase2a-19f-7d7ba3b1,5,-0.0020463963325525678,-0.0020463963325525678,0.3015075376884422,-0.07077667337037574,0.031099946320916547,0.1018766196912923,high,Sell,3,SYNTHETIC (Phase 2B/2C planted-signal SYN_* sample; no --db-url given — NOT real market data)
SYN_A,2024-01-05,2026-06-16T18:44:53,2024-01-12,phase2-ridge-20260616-7bda0e,phase2a-19f-7d7ba3b1,5,-0.0009379663534297283,-0.0009379663534297283,0.3015075376884422,-0.06966824339125291,0.032208376300039386,0.1018766196912923,high,Sell,3,SYNTHETIC (Phase 2B/2C planted-signal SYN_* sample; no --db-url given — NOT real market data)
SYN_A,2024-01-08,2026-06-16T18:44:53,2024-01-15,phase2-ridge-20260616-7bda0e,phase2a-19f-7d7ba3b1,5,-0.0009249546550677184,-0.0009249546550677184,0.3015075376884422,-0.0696552316928909,0.03222138799840139,0.1018766196912923,high,Sell,3,SYNTHETIC (Phase 2B/2C planted-signal SYN_* sample; no --db-url given — NOT real market data)
SYN_A,2024-01-09,2026-06-16T18:44:53,2024-01-16,phase2-ridge-20260616-7bda0e,phase2a-19f-7d7ba3b1,5,-0.000605982687768208,-0.000605982687768208,0.34782608695652173,-0.06933625972559139,0.032540359965700906,0.1018766196912923,high,Sell,3,SYNTHETIC (Phase 2B/2C planted-signal SYN_* sample; no --db-url given — NOT real market data)
SYN_A,2024-01-10,2026-06-16T18:44:53,2024-01-17,phase2-ridge-20260616-7bda0e,phase2a-19f-7d7ba3b1,5,-0.00028601146917431926,-0.00028601146917431926,0.34782608695652173,-0.0690162885069975,0.032860331184294794,0.1018766196912923,high,Sell,3,SYNTHETIC (Phase 2B/2C planted-signal SYN_* sample; no --db-url given — NOT real market data)
SYN_A,2024-01-11,2026-06-16T18:44:53,2024-01-18,phase2-ridge-20260616-7bda0e,phase2a-19f-7d7ba3b1,5,-0.0005890104189736792,-0.0005890104189736792,0.34782608695652173,-0.06931928745679686,0.03255733223449544,0.1018766196912923,high,Sell,3,SYNTHETIC (Phase 2B/2C planted-signal SYN_* sample; no --db-url given — NOT real market data)
SYN_B,2023-12-08,2026-06-16T18:44:53,2023-12-15,phase2-ridge-20260616-7bda0e,phase2a-19f-7d7ba3b1,5,-0.002465891420304906,-0.002465891420304906,0.3015075376884422,-0.07119616845812808,0.030680451233164208,0.1018766196912923,high,Sell,4,SYNTHETIC (Phase 2B/2C planted-signal SYN_* sample; no --db-url given — NOT real market data)
SYN_B,2023-12-11,2026-06-16T18:44:53,2023-12-18,phase2-ridge-20260616-7bda0e,phase2a-19f-7d7ba3b1,5,-0.0006344867389675574,-0.0006344867389675574,0.34782608695652173,-0.06936476377679074,0.03251185591450156,0.1018766196912923,high,Sell,3,SYNTHETIC (Phase 2B/2C planted-signal SYN_* sample; no --db-url given — NOT real market data)
SYN_B,2023-12-12,2026-06-16T18:44:53,2023-12-19,phase2-ridge-20260616-7bda0e,phase2a-19f-7d7ba3b1,5,-0.003281148480479435,-0.003281148480479435,0.3015075376884422,-0.07201142551830261,0.02986519417298968,0.1018766196912923,high,Sell,3,SYNTHETIC (Phase 2B/2C planted-signal SYN_* sample; no --db-url given — NOT real market data)
SYN_B,2023-12-13,2026-06-16T18:44:53,2023-12-20,phase2-ridge-20260616-7bda0e,phase2a-19f-7d7ba3b1,5,-0.0024854467486612073,-0.0024854467486612073,0.3015075376884422,-0.07121572378648439,0.030660895904807906,0.1018766196912923,high,Sell,3,SYNTHETIC (Phase 2B/2C planted-signal SYN_* sample; no --db-url given — NOT real market data)
SYN_B,2023-12-14,2026-06-16T18:44:53,2023-12-21,phase2-ridge-20260616-7bda0e,phase2a-19f-7d7ba3b1,5,-0.005543918386406812,-0.005543918386406812,0.3015075376884422,-0.07427419542423,0.027602424267062303,0.1018766196912923,high,Sell,5,SYNTHETIC (Phase 2B/2C planted-signal SYN_* sample; no --db-url given — NOT real market data)
SYN_B,2023-12-15,2026-06-16T18:44:53,2023-12-22,phase2-ridge-20260616-7bda0e,phase2a-19f-7d7ba3b1,5,-0.004440929401501537,-0.004440929401501537,0.3015075376884422,-0.07317120643932472,0.028705413251967578,0.1018766196912923,high,Sell,4,SYNTHETIC (Phase 2B/2C planted-signal SYN_* sample; no --db-url given — NOT real market data)
SYN_B,2023-12-18,2026-06-16T18:44:53,2023-12-25,phase2-ridge-20260616-7bda0e,phase2a-19f-7d7ba3b1,5,-0.003084201540000196,-0.003084201540000196,0.3015075376884422,-0.07181447857782337,0.03006214111346892,0.1018766196912923,high,Sell,3,SYNTHETIC (Phase 2B/2C planted-signal SYN_* sample; no --db-url given — NOT real market data)
SYN_B,2023-12-19,2026-06-16T18:44:53,2023-12-26,phase2-ridge-20260616-7bda0e,phase2a-19f-7d7ba3b1,5,-0.002728854385376083,-0.002728854385376083,0.3015075376884422,-0.07145913142319926,0.030417488268093033,0.1018766196912923,high,Sell,3,SYNTHETIC (Phase 2B/2C planted-signal SYN_* sample; no --db-url given — NOT real market data)
SYN_B,2023-12-20,2026-06-16T18:44:53,2023-12-27,phase2-ridge-20260616-7bda0e,phase2a-19f-7d7ba3b1,5,-0.001477980481581847,-0.001477980481581847,0.3015075376884422,-0.07020825751940503,0.03166836217188727,0.1018766196912923,high,Sell,3,SYNTHETIC (Phase 2B/2C planted-signal SYN_* sample; no --db-url given — NOT real market data)
SYN_B,2023-12-21,2026-06-16T18:44:53,2023-12-28,phase2-ridge-20260616-7bda0e,phase2a-19f-7d7ba3b1,5,-0.0003272758610066277,-0.0003272758610066277,0.34782608695652173,-0.06905755289882981,0.032819066792462485,0.1018766196912923,high,Sell,3,SYNTHETIC (Phase 2B/2C planted-signal SYN_* sample; no --db-url given — NOT real market data)
SYN_B,2023-12-22,2026-06-16T18:44:53,2023-12-29,phase2-ridge-20260616-7bda0e,phase2a-19f-7d7ba3b1,5,-0.00017613804021682276,-0.00017613804021682276,0.34782608695652173,-0.06890641507804,0.03297020461325229,0.1018766196912923,high,Sell,3,SYNTHETIC (Phase 2B/2C planted-signal SYN_* sample; no --db-url given — NOT real market data)
SYN_B,2023-12-25,2026-06-16T18:44:53,2024-01-01,phase2-ridge-20260616-7bda0e,phase2a-19f-7d7ba3b1,5,-0.00010413194845459777,-0.00010413194845459777,0.34782608695652173,-0.06883440898627778,0.033042210705014514,0.1018766196912923,high,Sell,3,SYNTHETIC (Phase 2B/2C planted-signal SYN_* sample; no --db-url given — NOT real market data)
SYN_B,2023-12-26,2026-06-16T18:44:53,2024-01-02,phase2-ridge-20260616-7bda0e,phase2a-19f-7d7ba3b1,5,-0.0018521461606598648,-0.0018521461606598648,0.3015075376884422,-0.07058242319848304,0.03129419649280925,0.1018766196912923,high,Sell,3,SYNTHETIC (Phase 2B/2C planted-signal SYN_* sample; no --db-url given — NOT real market data)
SYN_B,2023-12-27,2026-06-16T18:44:53,2024-01-03,phase2-ridge-20260616-7bda0e,phase2a-19f-7d7ba3b1,5,-0.0028674292748102547,-0.0028674292748102547,0.3015075376884422,-0.07159770631263343,0.03027891337865886,0.1018766196912923,high,Sell,3,SYNTHETIC (Phase 2B/2C planted-signal SYN_* sample; no --db-url given — NOT real market data)
SYN_B,2023-12-28,2026-06-16T18:44:53,2024-01-04,phase2-ridge-20260616-7bda0e,phase2a-19f-7d7ba3b1,5,-0.00310964322429072,-0.00310964322429072,0.3015075376884422,-0.0718399202621139,0.030036699429178394,0.1018766196912923,high,Sell,4,SYNTHETIC (Phase 2B/2C planted-signal SYN_* sample; no --db-url given — NOT real market data)
SYN_B,2023-12-29,2026-06-16T18:44:53,2024-01-05,phase2-ridge-20260616-7bda0e,phase2a-19f-7d7ba3b1,5,-0.0020989757777198585,-0.0020989757777198585,0.3015075376884422,-0.07082925281554305,0.031047366875749258,0.1018766196912923,high,Sell,3,SYNTHETIC (Phase 2B/2C planted-signal SYN_* sample; no --db-url given — NOT real market data)
SYN_B,2024-01-01,2026-06-16T18:44:53,2024-01-08,phase2-ridge-20260616-7bda0e,phase2a-19f-7d7ba3b1,5,-0.002439151976347676,-0.002439151976347676,0.3015075376884422,-0.07116942901417085,0.030707190677121438,0.1018766196912923,high,Sell,3,SYNTHETIC (Phase 2B/2C planted-signal SYN_* sample; no --db-url given — NOT real market data)
SYN_B,2024-01-02,2026-06-16T18:44:53,2024-01-09,phase2-ridge-20260616-7bda0e,phase2a-19f-7d7ba3b1,5,-0.0025417591267426253,-0.0025417591267426253,0.3015075376884422,-0.0712720361645658,0.03060458352672649,0.1018766196912923,high,Sell,3,SYNTHETIC (Phase 2B/2C planted-signal SYN_* sample; no --db-url given — NOT real market data)
SYN_B,2024-01-03,2026-06-16T18:44:53,2024-01-10,phase2-ridge-20260616-7bda0e,phase2a-19f-7d7ba3b1,5,-0.0029745488863012577,-0.0029745488863012577,0.3015075376884422,-0.07170482592412444,0.030171793767167856,0.1018766196912923,high,Sell,4,SYNTHETIC (Phase 2B/2C planted-signal SYN_* sample; no --db-url given — NOT real market data)
SYN_B,2024-01-04,2026-06-16T18:44:53,2024-01-11,phase2-ridge-20260616-7bda0e,phase2a-19f-7d7ba3b1,5,-0.002799110178607056,-0.002799110178607056,0.3015075376884422,-0.07152938721643023,0.030347232474862058,0.1018766196912923,high,Sell,4,SYNTHETIC (Phase 2B/2C planted-signal SYN_* sample; no --db-url given — NOT real market data)
SYN_B,2024-01-05,2026-06-16T18:44:53,2024-01-12,phase2-ridge-20260616-7bda0e,phase2a-19f-7d7ba3b1,5,-0.0018151473974421025,-0.0018151473974421025,0.3015075376884422,-0.07054542443526528,0.03133119525602701,0.1018766196912923,high,Sell,4,SYNTHETIC (Phase 2B/2C planted-signal SYN_* sample; no --db-url given — NOT real market data)
SYN_B,2024-01-08,2026-06-16T18:44:53,2024-01-15,phase2-ridge-20260616-7bda0e,phase2a-19f-7d7ba3b1,5,-0.0019369353106466311,-0.0019369353106466311,0.3015075376884422,-0.07066721234846982,0.031209407342822484,0.1018766196912923,high,Sell,4,SYNTHETIC (Phase 2B/2C planted-signal SYN_* sample; no --db-url given — NOT real market data)
SYN_B,2024-01-09,2026-06-16T18:44:53,2024-01-16,phase2-ridge-20260616-7bda0e,phase2a-19f-7d7ba3b1,5,-0.0021547790064403143,-0.0021547790064403143,0.3015075376884422,-0.0708850560442635,0.0309915636470288,0.1018766196912923,high,Sell,4,SYNTHETIC (Phase 2B/2C planted-signal SYN_* sample; no --db-url given — NOT real market data)
SYN_B,2024-01-10,2026-06-16T18:44:53,2024-01-17,phase2-ridge-20260616-7bda0e,phase2a-19f-7d7ba3b1,5,-0.0003793939446442038,-0.0003793939446442038,0.34782608695652173,-0.06910967098246738,0.03276694870882491,0.1018766196912923,high,Sell,4,SYNTHETIC (Phase 2B/2C planted-signal SYN_* sample; no --db-url given — NOT real market data)
SYN_B,2024-01-11,2026-06-16T18:44:53,2024-01-18,phase2-ridge-20260616-7bda0e,phase2a-19f-7d7ba3b1,5,-0.002038991385918197,-0.002038991385918197,0.3015075376884422,-0.07076926842374137,0.031107351267550917,0.1018766196912923,high,Sell,4,SYNTHETIC (Phase 2B/2C planted-signal SYN_* sample; no --db-url given — NOT real market data)
SYN_C,2023-12-08,2026-06-16T18:44:53,2023-12-15,phase2-ridge-20260616-7bda0e,phase2a-19f-7d7ba3b1,5,0.024467883835605116,0.024467883835605116,0.40625,-0.044262393202218066,0.05761422648907423,0.1018766196912923,low,Hold,1,SYNTHETIC (Phase 2B/2C planted-signal SYN_* sample; no --db-url given — NOT real market data)
SYN_C,2023-12-11,2026-06-16T18:44:53,2023-12-18,phase2-ridge-20260616-7bda0e,phase2a-19f-7d7ba3b1,5,0.024074431160294105,0.024074431160294105,0.40625,-0.04465584587752908,0.05722077381376322,0.1018766196912923,low,Hold,1,SYNTHETIC (Phase 2B/2C planted-signal SYN_* sample; no --db-url given — NOT real market data)
SYN_C,2023-12-12,2026-06-16T18:44:53,2023-12-19,phase2-ridge-20260616-7bda0e,phase2a-19f-7d7ba3b1,5,0.022445018822373958,0.022445018822373958,0.40625,-0.046285258215449224,0.05559136147584307,0.1018766196912923,low,Hold,1,SYNTHETIC (Phase 2B/2C planted-signal SYN_* sample; no --db-url given — NOT real market data)
SYN_C,2023-12-13,2026-06-16T18:44:53,2023-12-20,phase2-ridge-20260616-7bda0e,phase2a-19f-7d7ba3b1,5,0.022905323702885904,0.022905323702885904,0.40625,-0.045824953334937274,0.056051666356355015,0.1018766196912923,low,Hold,1,SYNTHETIC (Phase 2B/2C planted-signal SYN_* sample; no --db-url given — NOT real market data)
SYN_C,2023-12-14,2026-06-16T18:44:53,2023-12-21,phase2-ridge-20260616-7bda0e,phase2a-19f-7d7ba3b1,5,0.02446700517913495,0.02446700517913495,0.40625,-0.04426327185868823,0.057613347832604064,0.1018766196912923,low,Hold,1,SYNTHETIC (Phase 2B/2C planted-signal SYN_* sample; no --db-url given — NOT real market data)
SYN_C,2023-12-15,2026-06-16T18:44:53,2023-12-22,phase2-ridge-20260616-7bda0e,phase2a-19f-7d7ba3b1,5,0.024752038429414196,0.024752038429414196,0.40625,-0.043978238608408986,0.05789838108288331,0.1018766196912923,low,Hold,1,SYNTHETIC (Phase 2B/2C planted-signal SYN_* sample; no --db-url given — NOT real market data)
SYN_C,2023-12-18,2026-06-16T18:44:53,2023-12-25,phase2-ridge-20260616-7bda0e,phase2a-19f-7d7ba3b1,5,0.02657165727020609,0.02657165727020609,0.40625,-0.04215861976761709,0.0597179999236752,0.1018766196912923,low,Hold,1,SYNTHETIC (Phase 2B/2C planted-signal SYN_* sample; no --db-url given — NOT real market data)
SYN_C,2023-12-19,2026-06-16T18:44:53,2023-12-26,phase2-ridge-20260616-7bda0e,phase2a-19f-7d7ba3b1,5,0.026321378795818785,0.026321378795818785,0.40625,-0.042408898242004396,0.0594677214492879,0.1018766196912923,low,Hold,1,SYNTHETIC (Phase 2B/2C planted-signal SYN_* sample; no --db-url given — NOT real market data)
SYN_C,2023-12-20,2026-06-16T18:44:53,2023-12-27,phase2-ridge-20260616-7bda0e,phase2a-19f-7d7ba3b1,5,0.025169530489889774,0.025169530489889774,0.40625,-0.043560746547933404,0.058315873143358885,0.1018766196912923,low,Hold,1,SYNTHETIC (Phase 2B/2C planted-signal SYN_* sample; no --db-url given — NOT real market data)
SYN_C,2023-12-21,2026-06-16T18:44:53,2023-12-28,phase2-ridge-20260616-7bda0e,phase2a-19f-7d7ba3b1,5,0.024639197757669217,0.024639197757669217,0.40625,-0.04409107928015396,0.05778554041113833,0.1018766196912923,low,Hold,1,SYNTHETIC (Phase 2B/2C planted-signal SYN_* sample; no --db-url given — NOT real market data)
SYN_C,2023-12-22,2026-06-16T18:44:53,2023-12-29,phase2-ridge-20260616-7bda0e,phase2a-19f-7d7ba3b1,5,0.023093356159446583,0.023093356159446583,0.40625,-0.0456369208783766,0.0562396988129157,0.1018766196912923,low,Hold,1,SYNTHETIC (Phase 2B/2C planted-signal SYN_* sample; no --db-url given — NOT real market data)
SYN_C,2023-12-25,2026-06-16T18:44:53,2024-01-01,phase2-ridge-20260616-7bda0e,phase2a-19f-7d7ba3b1,5,0.023219717272687585,0.023219717272687585,0.40625,-0.0455105597651356,0.0563660599261567,0.1018766196912923,low,Hold,1,SYNTHETIC (Phase 2B/2C planted-signal SYN_* sample; no --db-url given — NOT real market data)
SYN_C,2023-12-26,2026-06-16T18:44:53,2024-01-02,phase2-ridge-20260616-7bda0e,phase2a-19f-7d7ba3b1,5,0.02247136344712976,0.02247136344712976,0.40625,-0.04625891359069342,0.05561770610059888,0.1018766196912923,low,Hold,1,SYNTHETIC (Phase 2B/2C planted-signal SYN_* sample; no --db-url given — NOT real market data)
SYN_C,2023-12-27,2026-06-16T18:44:53,2024-01-03,phase2-ridge-20260616-7bda0e,phase2a-19f-7d7ba3b1,5,0.022325651044284706,0.022325651044284706,0.40625,-0.04640462599353848,0.055471993697753824,0.1018766196912923,low,Hold,1,SYNTHETIC (Phase 2B/2C planted-signal SYN_* sample; no --db-url given — NOT real market data)
SYN_C,2023-12-28,2026-06-16T18:44:53,2024-01-04,phase2-ridge-20260616-7bda0e,phase2a-19f-7d7ba3b1,5,0.02444801370676554,0.02444801370676554,0.40625,-0.04428226333105764,0.057594356360234654,0.1018766196912923,low,Hold,1,SYNTHETIC (Phase 2B/2C planted-signal SYN_* sample; no --db-url given — NOT real market data)
SYN_C,2023-12-29,2026-06-16T18:44:53,2024-01-05,phase2-ridge-20260616-7bda0e,phase2a-19f-7d7ba3b1,5,0.026091443078000685,0.026091443078000685,0.40625,-0.0426388339598225,0.0592377857314698,0.1018766196912923,low,Hold,1,SYNTHETIC (Phase 2B/2C planted-signal SYN_* sample; no --db-url given — NOT real market data)
SYN_C,2024-01-01,2026-06-16T18:44:53,2024-01-08,phase2-ridge-20260616-7bda0e,phase2a-19f-7d7ba3b1,5,0.024016978421639343,0.024016978421639343,0.40625,-0.04471329861618384,0.05716332107510846,0.1018766196912923,low,Hold,1,SYNTHETIC (Phase 2B/2C planted-signal SYN_* sample; no --db-url given — NOT real market data)
SYN_C,2024-01-02,2026-06-16T18:44:53,2024-01-09,phase2-ridge-20260616-7bda0e,phase2a-19f-7d7ba3b1,5,0.024416964272988093,0.024416964272988093,0.40625,-0.04431331276483509,0.05756330692645721,0.1018766196912923,low,Hold,1,SYNTHETIC (Phase 2B/2C planted-signal SYN_* sample; no --db-url given — NOT real market data)
SYN_C,2024-01-03,2026-06-16T18:44:53,2024-01-10,phase2-ridge-20260616-7bda0e,phase2a-19f-7d7ba3b1,5,0.025852759197680097,0.025852759197680097,0.40625,-0.042877517840143084,0.05899910185114921,0.1018766196912923,low,Hold,1,SYNTHETIC (Phase 2B/2C planted-signal SYN_* sample; no --db-url given — NOT real market data)
SYN_C,2024-01-04,2026-06-16T18:44:53,2024-01-11,phase2-ridge-20260616-7bda0e,phase2a-19f-7d7ba3b1,5,0.026140776505694616,0.026140776505694616,0.40625,-0.042589500532128566,0.05928711915916373,0.1018766196912923,low,Hold,1,SYNTHETIC (Phase 2B/2C planted-signal SYN_* sample; no --db-url given — NOT real market data)
SYN_C,2024-01-05,2026-06-16T18:44:53,2024-01-12,phase2-ridge-20260616-7bda0e,phase2a-19f-7d7ba3b1,5,0.027051670408406694,0.027051670408406694,0.40625,-0.041678606629416484,0.060198013061875805,0.1018766196912923,low,Hold,1,SYNTHETIC (Phase 2B/2C planted-signal SYN_* sample; no --db-url given — NOT real market data)
SYN_C,2024-01-08,2026-06-16T18:44:53,2024-01-15,phase2-ridge-20260616-7bda0e,phase2a-19f-7d7ba3b1,5,0.02722487348465122,0.02722487348465122,0.40625,-0.04150540355317196,0.06037121613812033,0.1018766196912923,low,Hold,1,SYNTHETIC (Phase 2B/2C planted-signal SYN_* sample; no --db-url given — NOT real market data)
SYN_C,2024-01-09,2026-06-16T18:44:53,2024-01-16,phase2-ridge-20260616-7bda0e,phase2a-19f-7d7ba3b1,5,0.028039203427161197,0.028039203427161197,0.4673529333289125,-0.04069107361066199,0.061185546080630315,0.1018766196912923,low,Hold,1,SYNTHETIC (Phase 2B/2C planted-signal SYN_* sample; no --db-url given — NOT real market data)
SYN_C,2024-01-10,2026-06-16T18:44:53,2024-01-17,phase2-ridge-20260616-7bda0e,phase2a-19f-7d7ba3b1,5,0.02831338861685375,0.02831338861685375,0.4923465821551295,-0.04041688842096943,0.061459731270322865,0.1018766196912923,low,Hold,1,SYNTHETIC (Phase 2B/2C planted-signal SYN_* sample; no --db-url given — NOT real market data)
SYN_C,2024-01-11,2026-06-16T18:44:53,2024-01-18,phase2-ridge-20260616-7bda0e,phase2a-19f-7d7ba3b1,5,0.028894928884778764,0.028894928884778764,0.5,-0.03983534815304442,0.06204127153824788,0.1018766196912923,low,Hold,1,SYNTHETIC (Phase 2B/2C planted-signal SYN_* sample; no --db-url given — NOT real market data)
SYN_D,2023-12-08,2026-06-16T18:44:53,2023-12-15,phase2-ridge-20260616-7bda0e,phase2a-19f-7d7ba3b1,5,-0.006650059419911766,-0.006650059419911766,0.3015075376884422,-0.07538033645773495,0.02649628323355735,0.1018766196912923,high,Sell,6,SYNTHETIC (Phase 2B/2C planted-signal SYN_* sample; no --db-url given — NOT real market data)
SYN_D,2023-12-11,2026-06-16T18:44:53,2023-12-18,phase2-ridge-20260616-7bda0e,phase2a-19f-7d7ba3b1,5,-0.006385364591744402,-0.006385364591744402,0.3015075376884422,-0.07511564162956759,0.026760978061724713,0.1018766196912923,high,Sell,6,SYNTHETIC (Phase 2B/2C planted-signal SYN_* sample; no --db-url given — NOT real market data)
SYN_D,2023-12-12,2026-06-16T18:44:53,2023-12-19,phase2-ridge-20260616-7bda0e,phase2a-19f-7d7ba3b1,5,-0.00405751492707869,-0.00405751492707869,0.3015075376884422,-0.07278779196490187,0.029088827726390425,0.1018766196912923,high,Sell,4,SYNTHETIC (Phase 2B/2C planted-signal SYN_* sample; no --db-url given — NOT real market data)
SYN_D,2023-12-13,2026-06-16T18:44:53,2023-12-20,phase2-ridge-20260616-7bda0e,phase2a-19f-7d7ba3b1,5,-0.004476067620259848,-0.004476067620259848,0.3015075376884422,-0.07320634465808303,0.028670275033209267,0.1018766196912923,high,Sell,5,SYNTHETIC (Phase 2B/2C planted-signal SYN_* sample; no --db-url given — NOT real market data)
SYN_D,2023-12-14,2026-06-16T18:44:53,2023-12-21,phase2-ridge-20260616-7bda0e,phase2a-19f-7d7ba3b1,5,-0.0053651450345473,-0.0053651450345473,0.3015075376884422,-0.07409542207237048,0.027781197618921814,0.1018766196912923,high,Sell,4,SYNTHETIC (Phase 2B/2C planted-signal SYN_* sample; no --db-url given — NOT real market data)
SYN_D,2023-12-15,2026-06-16T18:44:53,2023-12-22,phase2-ridge-20260616-7bda0e,phase2a-19f-7d7ba3b1,5,-0.004744122935185675,-0.004744122935185675,0.3015075376884422,-0.07347439997300886,0.02840221971828344,0.1018766196912923,high,Sell,5,SYNTHETIC (Phase 2B/2C planted-signal SYN_* sample; no --db-url given — NOT real market data)
SYN_D,2023-12-18,2026-06-16T18:44:53,2023-12-25,phase2-ridge-20260616-7bda0e,phase2a-19f-7d7ba3b1,5,-0.006685223569609964,-0.006685223569609964,0.3015075376884422,-0.07541550060743314,0.02646111908385915,0.1018766196912923,high,Sell,5,SYNTHETIC (Phase 2B/2C planted-signal SYN_* sample; no --db-url given — NOT real market data)
SYN_D,2023-12-19,2026-06-16T18:44:53,2023-12-26,phase2-ridge-20260616-7bda0e,phase2a-19f-7d7ba3b1,5,-0.007531023171367526,-0.007531023171367526,0.3015075376884422,-0.07626130020919071,0.02561531948210159,0.1018766196912923,medium,Strong Sell,6,SYNTHETIC (Phase 2B/2C planted-signal SYN_* sample; no --db-url given — NOT real market data)
SYN_D,2023-12-20,2026-06-16T18:44:53,2023-12-27,phase2-ridge-20260616-7bda0e,phase2a-19f-7d7ba3b1,5,-0.006306822773032239,-0.006306822773032239,0.3015075376884422,-0.07503709981085542,0.026839519880436875,0.1018766196912923,high,Sell,5,SYNTHETIC (Phase 2B/2C planted-signal SYN_* sample; no --db-url given — NOT real market data)
SYN_D,2023-12-21,2026-06-16T18:44:53,2023-12-28,phase2-ridge-20260616-7bda0e,phase2a-19f-7d7ba3b1,5,-0.007546450183129031,-0.007546450183129031,0.3015075376884422,-0.07627672722095222,0.025599892470340085,0.1018766196912923,medium,Strong Sell,5,SYNTHETIC (Phase 2B/2C planted-signal SYN_* sample; no --db-url given — NOT real market data)
SYN_D,2023-12-22,2026-06-16T18:44:53,2023-12-29,phase2-ridge-20260616-7bda0e,phase2a-19f-7d7ba3b1,5,-0.007180118555316815,-0.007180118555316815,0.3015075376884422,-0.07591039559314,0.0259662240981523,0.1018766196912923,medium,Strong Sell,5,SYNTHETIC (Phase 2B/2C planted-signal SYN_* sample; no --db-url given — NOT real market data)
SYN_D,2023-12-25,2026-06-16T18:44:53,2024-01-01,phase2-ridge-20260616-7bda0e,phase2a-19f-7d7ba3b1,5,-0.006390742481145694,-0.006390742481145694,0.3015075376884422,-0.07512101951896888,0.02675560017232342,0.1018766196912923,high,Sell,5,SYNTHETIC (Phase 2B/2C planted-signal SYN_* sample; no --db-url given — NOT real market data)
SYN_D,2023-12-26,2026-06-16T18:44:53,2024-01-02,phase2-ridge-20260616-7bda0e,phase2a-19f-7d7ba3b1,5,-0.006868926196468621,-0.006868926196468621,0.3015075376884422,-0.0755992032342918,0.026277416457000494,0.1018766196912923,high,Sell,5,SYNTHETIC (Phase 2B/2C planted-signal SYN_* sample; no --db-url given — NOT real market data)
SYN_D,2023-12-27,2026-06-16T18:44:53,2024-01-03,phase2-ridge-20260616-7bda0e,phase2a-19f-7d7ba3b1,5,-0.006578463780209287,-0.006578463780209287,0.3015075376884422,-0.07530874081803247,0.02656787887325983,0.1018766196912923,high,Sell,5,SYNTHETIC (Phase 2B/2C planted-signal SYN_* sample; no --db-url given — NOT real market data)
SYN_D,2023-12-28,2026-06-16T18:44:53,2024-01-04,phase2-ridge-20260616-7bda0e,phase2a-19f-7d7ba3b1,5,-0.0066748314869537395,-0.0066748314869537395,0.3015075376884422,-0.07540510852477691,0.026471511166515374,0.1018766196912923,high,Sell,5,SYNTHETIC (Phase 2B/2C planted-signal SYN_* sample; no --db-url given — NOT real market data)
SYN_D,2023-12-29,2026-06-16T18:44:53,2024-01-05,phase2-ridge-20260616-7bda0e,phase2a-19f-7d7ba3b1,5,-0.00481908727156329,-0.00481908727156329,0.3015075376884422,-0.07354936430938647,0.028327255381905826,0.1018766196912923,high,Sell,5,SYNTHETIC (Phase 2B/2C planted-signal SYN_* sample; no --db-url given — NOT real market data)
SYN_D,2024-01-01,2026-06-16T18:44:53,2024-01-08,phase2-ridge-20260616-7bda0e,phase2a-19f-7d7ba3b1,5,-0.004328128264632698,-0.004328128264632698,0.3015075376884422,-0.07305840530245589,0.028818214388836416,0.1018766196912923,high,Sell,5,SYNTHETIC (Phase 2B/2C planted-signal SYN_* sample; no --db-url given — NOT real market data)
SYN_D,2024-01-02,2026-06-16T18:44:53,2024-01-09,phase2-ridge-20260616-7bda0e,phase2a-19f-7d7ba3b1,5,-0.005573949798105395,-0.005573949798105395,0.3015075376884422,-0.07430422683592858,0.02757239285536372,0.1018766196912923,high,Sell,5,SYNTHETIC (Phase 2B/2C planted-signal SYN_* sample; no --db-url given — NOT real market data)
SYN_D,2024-01-03,2026-06-16T18:44:53,2024-01-10,phase2-ridge-20260616-7bda0e,phase2a-19f-7d7ba3b1,5,-0.004297920947874071,-0.004297920947874071,0.3015075376884422,-0.07302819798569725,0.028848421705595043,0.1018766196912923,high,Sell,5,SYNTHETIC (Phase 2B/2C planted-signal SYN_* sample; no --db-url given — NOT real market data)
SYN_D,2024-01-04,2026-06-16T18:44:53,2024-01-11,phase2-ridge-20260616-7bda0e,phase2a-19f-7d7ba3b1,5,-0.0034960435961671494,-0.0034960435961671494,0.3015075376884422,-0.07222632063399033,0.029650299057301967,0.1018766196912923,high,Sell,5,SYNTHETIC (Phase 2B/2C planted-signal SYN_* sample; no --db-url given — NOT real market data)
SYN_D,2024-01-05,2026-06-16T18:44:53,2024-01-12,phase2-ridge-20260616-7bda0e,phase2a-19f-7d7ba3b1,5,-0.006492267023335975,-0.006492267023335975,0.3015075376884422,-0.07522254406115916,0.02665407563013314,0.1018766196912923,high,Sell,5,SYNTHETIC (Phase 2B/2C planted-signal SYN_* sample; no --db-url given — NOT real market data)
SYN_D,2024-01-08,2026-06-16T18:44:53,2024-01-15,phase2-ridge-20260616-7bda0e,phase2a-19f-7d7ba3b1,5,-0.004843057750745327,-0.004843057750745327,0.3015075376884422,-0.0735733347885685,0.02830328490272379,0.1018766196912923,high,Sell,5,SYNTHETIC (Phase 2B/2C planted-signal SYN_* sample; no --db-url given — NOT real market data)
SYN_D,2024-01-09,2026-06-16T18:44:53,2024-01-16,phase2-ridge-20260616-7bda0e,phase2a-19f-7d7ba3b1,5,-0.007050104967755389,-0.007050104967755389,0.3015075376884422,-0.07578038200557857,0.026096237685713727,0.1018766196912923,medium,Strong Sell,5,SYNTHETIC (Phase 2B/2C planted-signal SYN_* sample; no --db-url given — NOT real market data)
SYN_D,2024-01-10,2026-06-16T18:44:53,2024-01-17,phase2-ridge-20260616-7bda0e,phase2a-19f-7d7ba3b1,5,-0.005220425088121299,-0.005220425088121299,0.3015075376884422,-0.07395070212594448,0.027925917565347815,0.1018766196912923,high,Sell,5,SYNTHETIC (Phase 2B/2C planted-signal SYN_* sample; no --db-url given — NOT real market data)
SYN_D,2024-01-11,2026-06-16T18:44:53,2024-01-18,phase2-ridge-20260616-7bda0e,phase2a-19f-7d7ba3b1,5,-0.0077591571317352885,-0.0077591571317352885,0.3015075376884422,-0.07648943416955847,0.025387185521733826,0.1018766196912923,medium,Strong Sell,5,SYNTHETIC (Phase 2B/2C planted-signal SYN_* sample; no --db-url given — NOT real market data)
SYN_E,2023-12-08,2026-06-16T18:44:53,2023-12-15,phase2-ridge-20260616-7bda0e,phase2a-19f-7d7ba3b1,5,-0.012245426299671163,-0.012245426299671163,0.3015075376884422,-0.08097570333749435,0.02090091635379795,0.1018766196912923,medium,Strong Sell,7,SYNTHETIC (Phase 2B/2C planted-signal SYN_* sample; no --db-url given — NOT real market data)
SYN_E,2023-12-11,2026-06-16T18:44:53,2023-12-18,phase2-ridge-20260616-7bda0e,phase2a-19f-7d7ba3b1,5,-0.01085485954368744,-0.01085485954368744,0.3015075376884422,-0.07958513658151062,0.022291483109781674,0.1018766196912923,medium,Strong Sell,7,SYNTHETIC (Phase 2B/2C planted-signal SYN_* sample; no --db-url given — NOT real market data)
SYN_E,2023-12-12,2026-06-16T18:44:53,2023-12-19,phase2-ridge-20260616-7bda0e,phase2a-19f-7d7ba3b1,5,-0.00883439166397486,-0.00883439166397486,0.3015075376884422,-0.07756466870179804,0.024311950989494256,0.1018766196912923,medium,Strong Sell,7,SYNTHETIC (Phase 2B/2C planted-signal SYN_* sample; no --db-url given — NOT real market data)
SYN_E,2023-12-13,2026-06-16T18:44:53,2023-12-20,phase2-ridge-20260616-7bda0e,phase2a-19f-7d7ba3b1,5,-0.010304159675258003,-0.010304159675258003,0.3015075376884422,-0.07903443671308119,0.022842182978211112,0.1018766196912923,medium,Strong Sell,7,SYNTHETIC (Phase 2B/2C planted-signal SYN_* sample; no --db-url given — NOT real market data)
SYN_E,2023-12-14,2026-06-16T18:44:53,2023-12-21,phase2-ridge-20260616-7bda0e,phase2a-19f-7d7ba3b1,5,-0.009376354670021717,-0.009376354670021717,0.3015075376884422,-0.0781066317078449,0.0237699879834474,0.1018766196912923,medium,Strong Sell,7,SYNTHETIC (Phase 2B/2C planted-signal SYN_* sample; no --db-url given — NOT real market data)
SYN_E,2023-12-15,2026-06-16T18:44:53,2023-12-22,phase2-ridge-20260616-7bda0e,phase2a-19f-7d7ba3b1,5,-0.00865560883304247,-0.00865560883304247,0.3015075376884422,-0.07738588587086564,0.024490733820426644,0.1018766196912923,medium,Strong Sell,7,SYNTHETIC (Phase 2B/2C planted-signal SYN_* sample; no --db-url given — NOT real market data)
SYN_E,2023-12-18,2026-06-16T18:44:53,2023-12-25,phase2-ridge-20260616-7bda0e,phase2a-19f-7d7ba3b1,5,-0.00898019179738592,-0.00898019179738592,0.3015075376884422,-0.0777104688352091,0.024166150856083195,0.1018766196912923,medium,Strong Sell,6,SYNTHETIC (Phase 2B/2C planted-signal SYN_* sample; no --db-url given — NOT real market data)
SYN_E,2023-12-19,2026-06-16T18:44:53,2023-12-26,phase2-ridge-20260616-7bda0e,phase2a-19f-7d7ba3b1,5,-0.00729669815877767,-0.00729669815877767,0.3015075376884422,-0.07602697519660086,0.025849644494691446,0.1018766196912923,medium,Strong Sell,5,SYNTHETIC (Phase 2B/2C planted-signal SYN_* sample; no --db-url given — NOT real market data)
SYN_E,2023-12-20,2026-06-16T18:44:53,2023-12-27,phase2-ridge-20260616-7bda0e,phase2a-19f-7d7ba3b1,5,-0.007847257707361483,-0.007847257707361483,0.3015075376884422,-0.07657753474518467,0.02529908494610763,0.1018766196912923,medium,Strong Sell,6,SYNTHETIC (Phase 2B/2C planted-signal SYN_* sample; no --db-url given — NOT real market data)
SYN_E,2023-12-21,2026-06-16T18:44:53,2023-12-28,phase2-ridge-20260616-7bda0e,phase2a-19f-7d7ba3b1,5,-0.00917972804638755,-0.00917972804638755,0.3015075376884422,-0.07791000508421073,0.023966614607081563,0.1018766196912923,medium,Strong Sell,7,SYNTHETIC (Phase 2B/2C planted-signal SYN_* sample; no --db-url given — NOT real market data)
SYN_E,2023-12-22,2026-06-16T18:44:53,2023-12-29,phase2-ridge-20260616-7bda0e,phase2a-19f-7d7ba3b1,5,-0.007556471058662055,-0.007556471058662055,0.3015075376884422,-0.07628674809648524,0.025589871594807058,0.1018766196912923,medium,Strong Sell,6,SYNTHETIC (Phase 2B/2C planted-signal SYN_* sample; no --db-url given — NOT real market data)
SYN_E,2023-12-25,2026-06-16T18:44:53,2024-01-01,phase2-ridge-20260616-7bda0e,phase2a-19f-7d7ba3b1,5,-0.008468801947084484,-0.008468801947084484,0.3015075376884422,-0.07719907898490766,0.02467754070638463,0.1018766196912923,medium,Strong Sell,7,SYNTHETIC (Phase 2B/2C planted-signal SYN_* sample; no --db-url given — NOT real market data)
SYN_E,2023-12-26,2026-06-16T18:44:53,2024-01-02,phase2-ridge-20260616-7bda0e,phase2a-19f-7d7ba3b1,5,-0.008523097351799139,-0.008523097351799139,0.3015075376884422,-0.07725337438962232,0.024623245301669976,0.1018766196912923,medium,Strong Sell,7,SYNTHETIC (Phase 2B/2C planted-signal SYN_* sample; no --db-url given — NOT real market data)
SYN_E,2023-12-27,2026-06-16T18:44:53,2024-01-03,phase2-ridge-20260616-7bda0e,phase2a-19f-7d7ba3b1,5,-0.008469894372408129,-0.008469894372408129,0.3015075376884422,-0.0772001714102313,0.024676448281060984,0.1018766196912923,medium,Strong Sell,6,SYNTHETIC (Phase 2B/2C planted-signal SYN_* sample; no --db-url given — NOT real market data)
SYN_E,2023-12-28,2026-06-16T18:44:53,2024-01-04,phase2-ridge-20260616-7bda0e,phase2a-19f-7d7ba3b1,5,-0.010933097922797659,-0.010933097922797659,0.3015075376884422,-0.07966337496062084,0.022213244730671454,0.1018766196912923,medium,Strong Sell,7,SYNTHETIC (Phase 2B/2C planted-signal SYN_* sample; no --db-url given — NOT real market data)
SYN_E,2023-12-29,2026-06-16T18:44:53,2024-01-05,phase2-ridge-20260616-7bda0e,phase2a-19f-7d7ba3b1,5,-0.01168804257940208,-0.01168804257940208,0.3015075376884422,-0.08041831961722526,0.021458300074067037,0.1018766196912923,medium,Strong Sell,7,SYNTHETIC (Phase 2B/2C planted-signal SYN_* sample; no --db-url given — NOT real market data)
SYN_E,2024-01-01,2026-06-16T18:44:53,2024-01-08,phase2-ridge-20260616-7bda0e,phase2a-19f-7d7ba3b1,5,-0.010572854891920521,-0.010572854891920521,0.3015075376884422,-0.0793031319297437,0.02257348776154859,0.1018766196912923,medium,Strong Sell,7,SYNTHETIC (Phase 2B/2C planted-signal SYN_* sample; no --db-url given — NOT real market data)
SYN_E,2024-01-02,2026-06-16T18:44:53,2024-01-09,phase2-ridge-20260616-7bda0e,phase2a-19f-7d7ba3b1,5,-0.011932512821236675,-0.011932512821236675,0.3015075376884422,-0.08066278985905986,0.02121382983223244,0.1018766196912923,medium,Strong Sell,7,SYNTHETIC (Phase 2B/2C planted-signal SYN_* sample; no --db-url given — NOT real market data)
SYN_E,2024-01-03,2026-06-16T18:44:53,2024-01-10,phase2-ridge-20260616-7bda0e,phase2a-19f-7d7ba3b1,5,-0.01074762377520097,-0.01074762377520097,0.3015075376884422,-0.07947790081302415,0.022398718878268144,0.1018766196912923,medium,Strong Sell,6,SYNTHETIC (Phase 2B/2C planted-signal SYN_* sample; no --db-url given — NOT real market data)
SYN_E,2024-01-04,2026-06-16T18:44:53,2024-01-11,phase2-ridge-20260616-7bda0e,phase2a-19f-7d7ba3b1,5,-0.010279295103107867,-0.010279295103107867,0.3015075376884422,-0.07900957214093104,0.022867047550361248,0.1018766196912923,medium,Strong Sell,6,SYNTHETIC (Phase 2B/2C planted-signal SYN_* sample; no --db-url given — NOT real market data)
SYN_E,2024-01-05,2026-06-16T18:44:53,2024-01-12,phase2-ridge-20260616-7bda0e,phase2a-19f-7d7ba3b1,5,-0.012084303680931711,-0.012084303680931711,0.3015075376884422,-0.08081458071875489,0.021062038972537403,0.1018766196912923,medium,Strong Sell,7,SYNTHETIC (Phase 2B/2C planted-signal SYN_* sample; no --db-url given — NOT real market data)
SYN_E,2024-01-08,2026-06-16T18:44:53,2024-01-15,phase2-ridge-20260616-7bda0e,phase2a-19f-7d7ba3b1,5,-0.011311890298437747,-0.011311890298437747,0.3015075376884422,-0.08004216733626093,0.02183445235503137,0.1018766196912923,medium,Strong Sell,6,SYNTHETIC (Phase 2B/2C planted-signal SYN_* sample; no --db-url given — NOT real market data)
SYN_E,2024-01-09,2026-06-16T18:44:53,2024-01-16,phase2-ridge-20260616-7bda0e,phase2a-19f-7d7ba3b1,5,-0.010064899795001504,-0.010064899795001504,0.3015075376884422,-0.07879517683282469,0.02308144285846761,0.1018766196912923,medium,Strong Sell,6,SYNTHETIC (Phase 2B/2C planted-signal SYN_* sample; no --db-url given — NOT real market data)
SYN_E,2024-01-10,2026-06-16T18:44:53,2024-01-17,phase2-ridge-20260616-7bda0e,phase2a-19f-7d7ba3b1,5,-0.012508029861382807,-0.012508029861382807,0.3015075376884422,-0.08123830689920598,0.020638312792086305,0.1018766196912923,medium,Strong Sell,6,SYNTHETIC (Phase 2B/2C planted-signal SYN_* sample; no --db-url given — NOT real market data)
SYN_E,2024-01-11,2026-06-16T18:44:53,2024-01-18,phase2-ridge-20260616-7bda0e,phase2a-19f-7d7ba3b1,5,-0.011074418425720559,-0.011074418425720559,0.3015075376884422,-0.07980469546354374,0.022071924227748556,0.1018766196912923,medium,Strong Sell,6,SYNTHETIC (Phase 2B/2C planted-signal SYN_* sample; no --db-url given — NOT real market data)
SYN_F,2023-12-08,2026-06-16T18:44:53,2023-12-15,phase2-ridge-20260616-7bda0e,phase2a-19f-7d7ba3b1,5,0.015545212907528635,0.015545212907528635,0.34782608695652173,-0.05318506413029454,0.048691555560997746,0.1018766196912923,low,Hold,2,SYNTHETIC (Phase 2B/2C planted-signal SYN_* sample; no --db-url given — NOT real market data)
SYN_F,2023-12-11,2026-06-16T18:44:53,2023-12-18,phase2-ridge-20260616-7bda0e,phase2a-19f-7d7ba3b1,5,0.01365107132284284,0.01365107132284284,0.34782608695652173,-0.055079205714980345,0.04679741397631196,0.1018766196912923,medium,Hold,2,SYNTHETIC (Phase 2B/2C planted-signal SYN_* sample; no --db-url given — NOT real market data)
SYN_F,2023-12-12,2026-06-16T18:44:53,2023-12-19,phase2-ridge-20260616-7bda0e,phase2a-19f-7d7ba3b1,5,0.015366807503335161,0.015366807503335161,0.34782608695652173,-0.05336346953448802,0.048513150156804276,0.1018766196912923,low,Hold,2,SYNTHETIC (Phase 2B/2C planted-signal SYN_* sample; no --db-url given — NOT real market data)
SYN_F,2023-12-13,2026-06-16T18:44:53,2023-12-20,phase2-ridge-20260616-7bda0e,phase2a-19f-7d7ba3b1,5,0.01652204506899429,0.01652204506899429,0.34782608695652173,-0.05220823196882889,0.0496683877224634,0.1018766196912923,low,Hold,2,SYNTHETIC (Phase 2B/2C planted-signal SYN_* sample; no --db-url given — NOT real market data)
SYN_F,2023-12-14,2026-06-16T18:44:53,2023-12-21,phase2-ridge-20260616-7bda0e,phase2a-19f-7d7ba3b1,5,0.017046111363960375,0.017046111363960375,0.34782608695652173,-0.0516841656738628,0.050192454017429486,0.1018766196912923,low,Hold,2,SYNTHETIC (Phase 2B/2C planted-signal SYN_* sample; no --db-url given — NOT real market data)
SYN_F,2023-12-15,2026-06-16T18:44:53,2023-12-22,phase2-ridge-20260616-7bda0e,phase2a-19f-7d7ba3b1,5,0.014594723893275003,0.014594723893275003,0.34782608695652173,-0.05413555314454818,0.04774106654674412,0.1018766196912923,medium,Hold,2,SYNTHETIC (Phase 2B/2C planted-signal SYN_* sample; no --db-url given — NOT real market data)
SYN_F,2023-12-18,2026-06-16T18:44:53,2023-12-25,phase2-ridge-20260616-7bda0e,phase2a-19f-7d7ba3b1,5,0.01579924307403443,0.01579924307403443,0.34782608695652173,-0.05293103396378875,0.04894558572750354,0.1018766196912923,low,Hold,2,SYNTHETIC (Phase 2B/2C planted-signal SYN_* sample; no --db-url given — NOT real market data)
SYN_F,2023-12-19,2026-06-16T18:44:53,2023-12-26,phase2-ridge-20260616-7bda0e,phase2a-19f-7d7ba3b1,5,0.014125778678715818,0.014125778678715818,0.34782608695652173,-0.05460449835910736,0.04727212133218493,0.1018766196912923,medium,Hold,2,SYNTHETIC (Phase 2B/2C planted-signal SYN_* sample; no --db-url given — NOT real market data)
SYN_F,2023-12-20,2026-06-16T18:44:53,2023-12-27,phase2-ridge-20260616-7bda0e,phase2a-19f-7d7ba3b1,5,0.015518999288984522,0.015518999288984522,0.34782608695652173,-0.05321127774883866,0.04866534194245364,0.1018766196912923,low,Hold,2,SYNTHETIC (Phase 2B/2C planted-signal SYN_* sample; no --db-url given — NOT real market data)
SYN_F,2023-12-21,2026-06-16T18:44:53,2023-12-28,phase2-ridge-20260616-7bda0e,phase2a-19f-7d7ba3b1,5,0.014319747928175919,0.014319747928175919,0.34782608695652173,-0.05441052910964726,0.04746609058164503,0.1018766196912923,medium,Hold,2,SYNTHETIC (Phase 2B/2C planted-signal SYN_* sample; no --db-url given — NOT real market data)
SYN_F,2023-12-22,2026-06-16T18:44:53,2023-12-29,phase2-ridge-20260616-7bda0e,phase2a-19f-7d7ba3b1,5,0.014673905862224161,0.014673905862224161,0.34782608695652173,-0.05405637117559902,0.047820248515693276,0.1018766196912923,medium,Hold,2,SYNTHETIC (Phase 2B/2C planted-signal SYN_* sample; no --db-url given — NOT real market data)
SYN_F,2023-12-25,2026-06-16T18:44:53,2024-01-01,phase2-ridge-20260616-7bda0e,phase2a-19f-7d7ba3b1,5,0.01457549672166767,0.01457549672166767,0.34782608695652173,-0.05415478031615551,0.047721839375136785,0.1018766196912923,medium,Hold,2,SYNTHETIC (Phase 2B/2C planted-signal SYN_* sample; no --db-url given — NOT real market data)
SYN_F,2023-12-26,2026-06-16T18:44:53,2024-01-02,phase2-ridge-20260616-7bda0e,phase2a-19f-7d7ba3b1,5,0.013674188669329058,0.013674188669329058,0.34782608695652173,-0.05505608836849413,0.046820531322798176,0.1018766196912923,medium,Hold,2,SYNTHETIC (Phase 2B/2C planted-signal SYN_* sample; no --db-url given — NOT real market data)
SYN_F,2023-12-27,2026-06-16T18:44:53,2024-01-03,phase2-ridge-20260616-7bda0e,phase2a-19f-7d7ba3b1,5,0.015554863770958535,0.015554863770958535,0.34782608695652173,-0.053175413266864646,0.04870120642442765,0.1018766196912923,low,Hold,2,SYNTHETIC (Phase 2B/2C planted-signal SYN_* sample; no --db-url given — NOT real market data)
SYN_F,2023-12-28,2026-06-16T18:44:53,2024-01-04,phase2-ridge-20260616-7bda0e,phase2a-19f-7d7ba3b1,5,0.014695683304140894,0.014695683304140894,0.34782608695652173,-0.05403459373368229,0.04784202595761001,0.1018766196912923,medium,Hold,2,SYNTHETIC (Phase 2B/2C planted-signal SYN_* sample; no --db-url given — NOT real market data)
SYN_F,2023-12-29,2026-06-16T18:44:53,2024-01-05,phase2-ridge-20260616-7bda0e,phase2a-19f-7d7ba3b1,5,0.01340370972403067,0.01340370972403067,0.34782608695652173,-0.05532656731379251,0.04655005237749978,0.1018766196912923,medium,Hold,2,SYNTHETIC (Phase 2B/2C planted-signal SYN_* sample; no --db-url given — NOT real market data)
SYN_F,2024-01-01,2026-06-16T18:44:53,2024-01-08,phase2-ridge-20260616-7bda0e,phase2a-19f-7d7ba3b1,5,0.015543069882273126,0.015543069882273126,0.34782608695652173,-0.05318720715555006,0.048689412535742244,0.1018766196912923,low,Hold,2,SYNTHETIC (Phase 2B/2C planted-signal SYN_* sample; no --db-url given — NOT real market data)
SYN_F,2024-01-02,2026-06-16T18:44:53,2024-01-09,phase2-ridge-20260616-7bda0e,phase2a-19f-7d7ba3b1,5,0.01464136909348419,0.01464136909348419,0.34782608695652173,-0.05408890794433899,0.0477877117469533,0.1018766196912923,medium,Hold,2,SYNTHETIC (Phase 2B/2C planted-signal SYN_* sample; no --db-url given — NOT real market data)
SYN_F,2024-01-03,2026-06-16T18:44:53,2024-01-10,phase2-ridge-20260616-7bda0e,phase2a-19f-7d7ba3b1,5,0.013249650430134437,0.013249650430134437,0.34782608695652173,-0.055480626607688745,0.04639599308360355,0.1018766196912923,medium,Hold,2,SYNTHETIC (Phase 2B/2C planted-signal SYN_* sample; no --db-url given — NOT real market data)
SYN_F,2024-01-04,2026-06-16T18:44:53,2024-01-11,phase2-ridge-20260616-7bda0e,phase2a-19f-7d7ba3b1,5,0.010549927062590534,0.010549927062590534,0.34782608695652173,-0.05818034997523265,0.04369626971605965,0.1018766196912923,medium,Hold,2,SYNTHETIC (Phase 2B/2C planted-signal SYN_* sample; no --db-url given — NOT real market data)
SYN_F,2024-01-05,2026-06-16T18:44:53,2024-01-12,phase2-ridge-20260616-7bda0e,phase2a-19f-7d7ba3b1,5,0.010961081146752929,0.010961081146752929,0.34782608695652173,-0.057769195891070255,0.04410742380022204,0.1018766196912923,medium,Hold,2,SYNTHETIC (Phase 2B/2C planted-signal SYN_* sample; no --db-url given — NOT real market data)
SYN_F,2024-01-08,2026-06-16T18:44:53,2024-01-15,phase2-ridge-20260616-7bda0e,phase2a-19f-7d7ba3b1,5,0.009807309806847367,0.009807309806847367,0.34782608695652173,-0.058922967230975815,0.04295365246031648,0.1018766196912923,medium,Hold,2,SYNTHETIC (Phase 2B/2C planted-signal SYN_* sample; no --db-url given — NOT real market data)
SYN_F,2024-01-09,2026-06-16T18:44:53,2024-01-16,phase2-ridge-20260616-7bda0e,phase2a-19f-7d7ba3b1,5,0.008060658235878562,0.008060658235878562,0.34782608695652173,-0.060669618801944616,0.04120700088934767,0.1018766196912923,medium,Hold,2,SYNTHETIC (Phase 2B/2C planted-signal SYN_* sample; no --db-url given — NOT real market data)
SYN_F,2024-01-10,2026-06-16T18:44:53,2024-01-17,phase2-ridge-20260616-7bda0e,phase2a-19f-7d7ba3b1,5,0.010019017046510757,0.010019017046510757,0.34782608695652173,-0.05871125999131242,0.04316535969997987,0.1018766196912923,medium,Hold,2,SYNTHETIC (Phase 2B/2C planted-signal SYN_* sample; no --db-url given — NOT real market data)
SYN_F,2024-01-11,2026-06-16T18:44:53,2024-01-18,phase2-ridge-20260616-7bda0e,phase2a-19f-7d7ba3b1,5,0.010042336441701211,0.010042336441701211,0.34782608695652173,-0.05868794059612197,0.043188679095170324,0.1018766196912923,medium,Hold,2,SYNTHETIC (Phase 2B/2C planted-signal SYN_* sample; no --db-url given — NOT real market data)
SYN_G,2023-12-08,2026-06-16T18:44:53,2023-12-15,phase2-ridge-20260616-7bda0e,phase2a-19f-7d7ba3b1,5,-0.006620645451013485,-0.006620645451013485,0.3015075376884422,-0.07535092248883667,0.02652569720245563,0.1018766196912923,high,Sell,5,SYNTHETIC (Phase 2B/2C planted-signal SYN_* sample; no --db-url given — NOT real market data)
SYN_G,2023-12-11,2026-06-16T18:44:53,2023-12-18,phase2-ridge-20260616-7bda0e,phase2a-19f-7d7ba3b1,5,-0.005566898588783949,-0.005566898588783949,0.3015075376884422,-0.07429717562660713,0.027579444064685165,0.1018766196912923,high,Sell,5,SYNTHETIC (Phase 2B/2C planted-signal SYN_* sample; no --db-url given — NOT real market data)
SYN_G,2023-12-12,2026-06-16T18:44:53,2023-12-19,phase2-ridge-20260616-7bda0e,phase2a-19f-7d7ba3b1,5,-0.00544684547988416,-0.00544684547988416,0.3015075376884422,-0.07417712251770735,0.027699497173584955,0.1018766196912923,high,Sell,6,SYNTHETIC (Phase 2B/2C planted-signal SYN_* sample; no --db-url given — NOT real market data)
SYN_G,2023-12-13,2026-06-16T18:44:53,2023-12-20,phase2-ridge-20260616-7bda0e,phase2a-19f-7d7ba3b1,5,-0.007275783532647939,-0.007275783532647939,0.3015075376884422,-0.07600606057047112,0.025870559120821174,0.1018766196912923,medium,Strong Sell,6,SYNTHETIC (Phase 2B/2C planted-signal SYN_* sample; no --db-url given — NOT real market data)
SYN_G,2023-12-14,2026-06-16T18:44:53,2023-12-21,phase2-ridge-20260616-7bda0e,phase2a-19f-7d7ba3b1,5,-0.008184912193032221,-0.008184912193032221,0.3015075376884422,-0.0769151892308554,0.024961430460436893,0.1018766196912923,medium,Strong Sell,6,SYNTHETIC (Phase 2B/2C planted-signal SYN_* sample; no --db-url given — NOT real market data)
SYN_G,2023-12-15,2026-06-16T18:44:53,2023-12-22,phase2-ridge-20260616-7bda0e,phase2a-19f-7d7ba3b1,5,-0.007692114987014864,-0.007692114987014864,0.3015075376884422,-0.07642239202483804,0.02545422766645425,0.1018766196912923,medium,Strong Sell,6,SYNTHETIC (Phase 2B/2C planted-signal SYN_* sample; no --db-url given — NOT real market data)
SYN_G,2023-12-18,2026-06-16T18:44:53,2023-12-25,phase2-ridge-20260616-7bda0e,phase2a-19f-7d7ba3b1,5,-0.009247599947548805,-0.009247599947548805,0.3015075376884422,-0.07797787698537198,0.02389874270592031,0.1018766196912923,medium,Strong Sell,7,SYNTHETIC (Phase 2B/2C planted-signal SYN_* sample; no --db-url given — NOT real market data)
SYN_G,2023-12-19,2026-06-16T18:44:53,2023-12-26,phase2-ridge-20260616-7bda0e,phase2a-19f-7d7ba3b1,5,-0.009405401786220938,-0.009405401786220938,0.3015075376884422,-0.07813567882404412,0.023740940867248178,0.1018766196912923,medium,Strong Sell,7,SYNTHETIC (Phase 2B/2C planted-signal SYN_* sample; no --db-url given — NOT real market data)
SYN_G,2023-12-20,2026-06-16T18:44:53,2023-12-27,phase2-ridge-20260616-7bda0e,phase2a-19f-7d7ba3b1,5,-0.010628507796788809,-0.010628507796788809,0.3015075376884422,-0.07935878483461199,0.022517834856680304,0.1018766196912923,medium,Strong Sell,7,SYNTHETIC (Phase 2B/2C planted-signal SYN_* sample; no --db-url given — NOT real market data)
SYN_G,2023-12-21,2026-06-16T18:44:53,2023-12-28,phase2-ridge-20260616-7bda0e,phase2a-19f-7d7ba3b1,5,-0.007855004227304053,-0.007855004227304053,0.3015075376884422,-0.07658528126512723,0.02529133842616506,0.1018766196912923,medium,Strong Sell,6,SYNTHETIC (Phase 2B/2C planted-signal SYN_* sample; no --db-url given — NOT real market data)
SYN_G,2023-12-22,2026-06-16T18:44:53,2023-12-29,phase2-ridge-20260616-7bda0e,phase2a-19f-7d7ba3b1,5,-0.009647498583640144,-0.009647498583640144,0.3015075376884422,-0.07837777562146332,0.02349884406982897,0.1018766196912923,medium,Strong Sell,7,SYNTHETIC (Phase 2B/2C planted-signal SYN_* sample; no --db-url given — NOT real market data)
SYN_G,2023-12-25,2026-06-16T18:44:53,2024-01-01,phase2-ridge-20260616-7bda0e,phase2a-19f-7d7ba3b1,5,-0.008034619839150032,-0.008034619839150032,0.3015075376884422,-0.07676489687697322,0.02511172281431908,0.1018766196912923,medium,Strong Sell,6,SYNTHETIC (Phase 2B/2C planted-signal SYN_* sample; no --db-url given — NOT real market data)
SYN_G,2023-12-26,2026-06-16T18:44:53,2024-01-02,phase2-ridge-20260616-7bda0e,phase2a-19f-7d7ba3b1,5,-0.007566787885216913,-0.007566787885216913,0.3015075376884422,-0.0762970649230401,0.025579554768252202,0.1018766196912923,medium,Strong Sell,6,SYNTHETIC (Phase 2B/2C planted-signal SYN_* sample; no --db-url given — NOT real market data)
SYN_G,2023-12-27,2026-06-16T18:44:53,2024-01-03,phase2-ridge-20260616-7bda0e,phase2a-19f-7d7ba3b1,5,-0.008471966580213366,-0.008471966580213366,0.3015075376884422,-0.07720224361803654,0.024674376073255747,0.1018766196912923,medium,Strong Sell,7,SYNTHETIC (Phase 2B/2C planted-signal SYN_* sample; no --db-url given — NOT real market data)
SYN_G,2023-12-28,2026-06-16T18:44:53,2024-01-04,phase2-ridge-20260616-7bda0e,phase2a-19f-7d7ba3b1,5,-0.007611951001190168,-0.007611951001190168,0.3015075376884422,-0.07634222803901335,0.025534391652278946,0.1018766196912923,medium,Strong Sell,6,SYNTHETIC (Phase 2B/2C planted-signal SYN_* sample; no --db-url given — NOT real market data)
SYN_G,2023-12-29,2026-06-16T18:44:53,2024-01-05,phase2-ridge-20260616-7bda0e,phase2a-19f-7d7ba3b1,5,-0.010717777087809693,-0.010717777087809693,0.3015075376884422,-0.07944805412563287,0.02242856556565942,0.1018766196912923,medium,Strong Sell,6,SYNTHETIC (Phase 2B/2C planted-signal SYN_* sample; no --db-url given — NOT real market data)
SYN_G,2024-01-01,2026-06-16T18:44:53,2024-01-08,phase2-ridge-20260616-7bda0e,phase2a-19f-7d7ba3b1,5,-0.009988043667977465,-0.009988043667977465,0.3015075376884422,-0.07871832070580065,0.023158298985491647,0.1018766196912923,medium,Strong Sell,6,SYNTHETIC (Phase 2B/2C planted-signal SYN_* sample; no --db-url given — NOT real market data)
SYN_G,2024-01-02,2026-06-16T18:44:53,2024-01-09,phase2-ridge-20260616-7bda0e,phase2a-19f-7d7ba3b1,5,-0.008467954688336636,-0.008467954688336636,0.3015075376884422,-0.07719823172615982,0.024678387965132477,0.1018766196912923,medium,Strong Sell,6,SYNTHETIC (Phase 2B/2C planted-signal SYN_* sample; no --db-url given — NOT real market data)
SYN_G,2024-01-03,2026-06-16T18:44:53,2024-01-10,phase2-ridge-20260616-7bda0e,phase2a-19f-7d7ba3b1,5,-0.011623499221928166,-0.011623499221928166,0.3015075376884422,-0.08035377625975135,0.02152284343154095,0.1018766196912923,medium,Strong Sell,7,SYNTHETIC (Phase 2B/2C planted-signal SYN_* sample; no --db-url given — NOT real market data)
SYN_G,2024-01-04,2026-06-16T18:44:53,2024-01-11,phase2-ridge-20260616-7bda0e,phase2a-19f-7d7ba3b1,5,-0.010749992254257965,-0.010749992254257965,0.3015075376884422,-0.07948026929208114,0.02239635039921115,0.1018766196912923,medium,Strong Sell,7,SYNTHETIC (Phase 2B/2C planted-signal SYN_* sample; no --db-url given — NOT real market data)
SYN_G,2024-01-05,2026-06-16T18:44:53,2024-01-12,phase2-ridge-20260616-7bda0e,phase2a-19f-7d7ba3b1,5,-0.010308948153789702,-0.010308948153789702,0.3015075376884422,-0.07903922519161288,0.022837394499679413,0.1018766196912923,medium,Strong Sell,6,SYNTHETIC (Phase 2B/2C planted-signal SYN_* sample; no --db-url given — NOT real market data)
SYN_G,2024-01-08,2026-06-16T18:44:53,2024-01-15,phase2-ridge-20260616-7bda0e,phase2a-19f-7d7ba3b1,5,-0.013220385571454303,-0.013220385571454303,0.3015075376884422,-0.08195066260927748,0.019925957082014813,0.1018766196912923,medium,Strong Sell,7,SYNTHETIC (Phase 2B/2C planted-signal SYN_* sample; no --db-url given — NOT real market data)
SYN_G,2024-01-09,2026-06-16T18:44:53,2024-01-16,phase2-ridge-20260616-7bda0e,phase2a-19f-7d7ba3b1,5,-0.012156334952990046,-0.012156334952990046,0.3015075376884422,-0.08088661199081323,0.02099000770047907,0.1018766196912923,medium,Strong Sell,7,SYNTHETIC (Phase 2B/2C planted-signal SYN_* sample; no --db-url given — NOT real market data)
SYN_G,2024-01-10,2026-06-16T18:44:53,2024-01-17,phase2-ridge-20260616-7bda0e,phase2a-19f-7d7ba3b1,5,-0.014260356435235785,-0.014260356435235785,0.3015075376884422,-0.08299063347305896,0.018885986218233328,0.1018766196912923,medium,Strong Sell,7,SYNTHETIC (Phase 2B/2C planted-signal SYN_* sample; no --db-url given — NOT real market data)
SYN_G,2024-01-11,2026-06-16T18:44:53,2024-01-18,phase2-ridge-20260616-7bda0e,phase2a-19f-7d7ba3b1,5,-0.014696634272466206,-0.014696634272466206,0.3015075376884422,-0.08342691131028938,0.01844970838100291,0.1018766196912923,medium,Strong Sell,8,SYNTHETIC (Phase 2B/2C planted-signal SYN_* sample; no --db-url given — NOT real market data)
SYN_H,2023-12-08,2026-06-16T18:44:53,2023-12-15,phase2-ridge-20260616-7bda0e,phase2a-19f-7d7ba3b1,5,-0.019263098599823867,-0.019263098599823867,0.25,-0.08799337563764704,0.013883244053645247,0.1018766196912923,low,Strong Sell,8,SYNTHETIC (Phase 2B/2C planted-signal SYN_* sample; no --db-url given — NOT real market data)
SYN_H,2023-12-11,2026-06-16T18:44:53,2023-12-18,phase2-ridge-20260616-7bda0e,phase2a-19f-7d7ba3b1,5,-0.020016416548390793,-0.020016416548390793,0.2200533402438258,-0.08874669358621398,0.013129926105078321,0.1018766196912923,low,Strong Sell,8,SYNTHETIC (Phase 2B/2C planted-signal SYN_* sample; no --db-url given — NOT real market data)
SYN_H,2023-12-12,2026-06-16T18:44:53,2023-12-19,phase2-ridge-20260616-7bda0e,phase2a-19f-7d7ba3b1,5,-0.021078607649897586,-0.021078607649897586,0.07941383126723525,-0.08980888468772077,0.012067735003571528,0.1018766196912923,low,Strong Sell,8,SYNTHETIC (Phase 2B/2C planted-signal SYN_* sample; no --db-url given — NOT real market data)
SYN_H,2023-12-13,2026-06-16T18:44:53,2023-12-20,phase2-ridge-20260616-7bda0e,phase2a-19f-7d7ba3b1,5,-0.019961091007917455,-0.019961091007917455,0.22737872343993515,-0.08869136804574064,0.01318525164555166,0.1018766196912923,low,Strong Sell,8,SYNTHETIC (Phase 2B/2C planted-signal SYN_* sample; no --db-url given — NOT real market data)
SYN_H,2023-12-14,2026-06-16T18:44:53,2023-12-21,phase2-ridge-20260616-7bda0e,phase2a-19f-7d7ba3b1,5,-0.01860090068756342,-0.01860090068756342,0.25,-0.0873311777253866,0.014545441965905695,0.1018766196912923,low,Strong Sell,8,SYNTHETIC (Phase 2B/2C planted-signal SYN_* sample; no --db-url given — NOT real market data)
SYN_H,2023-12-15,2026-06-16T18:44:53,2023-12-22,phase2-ridge-20260616-7bda0e,phase2a-19f-7d7ba3b1,5,-0.01897383796891772,-0.01897383796891772,0.25,-0.0877041150067409,0.014172504684551394,0.1018766196912923,low,Strong Sell,8,SYNTHETIC (Phase 2B/2C planted-signal SYN_* sample; no --db-url given — NOT real market data)
SYN_H,2023-12-18,2026-06-16T18:44:53,2023-12-25,phase2-ridge-20260616-7bda0e,phase2a-19f-7d7ba3b1,5,-0.01967494112466803,-0.01967494112466803,0.25,-0.08840521816249121,0.013471401528801084,0.1018766196912923,low,Strong Sell,8,SYNTHETIC (Phase 2B/2C planted-signal SYN_* sample; no --db-url given — NOT real market data)
SYN_H,2023-12-19,2026-06-16T18:44:53,2023-12-26,phase2-ridge-20260616-7bda0e,phase2a-19f-7d7ba3b1,5,-0.018807010272810974,-0.018807010272810974,0.25,-0.08753728731063415,0.01433933238065814,0.1018766196912923,low,Strong Sell,8,SYNTHETIC (Phase 2B/2C planted-signal SYN_* sample; no --db-url given — NOT real market data)
SYN_H,2023-12-20,2026-06-16T18:44:53,2023-12-27,phase2-ridge-20260616-7bda0e,phase2a-19f-7d7ba3b1,5,-0.01903689526768318,-0.01903689526768318,0.25,-0.08776717230550636,0.014109447385785935,0.1018766196912923,low,Strong Sell,8,SYNTHETIC (Phase 2B/2C planted-signal SYN_* sample; no --db-url given — NOT real market data)
SYN_H,2023-12-21,2026-06-16T18:44:53,2023-12-28,phase2-ridge-20260616-7bda0e,phase2a-19f-7d7ba3b1,5,-0.019485970925230196,-0.019485970925230196,0.25,-0.08821624796305338,0.013660371728238918,0.1018766196912923,low,Strong Sell,8,SYNTHETIC (Phase 2B/2C planted-signal SYN_* sample; no --db-url given — NOT real market data)
SYN_H,2023-12-22,2026-06-16T18:44:53,2023-12-29,phase2-ridge-20260616-7bda0e,phase2a-19f-7d7ba3b1,5,-0.019437307592475413,-0.019437307592475413,0.25,-0.0881675846302986,0.013709035060993701,0.1018766196912923,low,Strong Sell,8,SYNTHETIC (Phase 2B/2C planted-signal SYN_* sample; no --db-url given — NOT real market data)
SYN_H,2023-12-25,2026-06-16T18:44:53,2024-01-01,phase2-ridge-20260616-7bda0e,phase2a-19f-7d7ba3b1,5,-0.02031180472993833,-0.02031180472993833,0.18094244131857432,-0.08904208176776152,0.012834537923530783,0.1018766196912923,low,Strong Sell,8,SYNTHETIC (Phase 2B/2C planted-signal SYN_* sample; no --db-url given — NOT real market data)
SYN_H,2023-12-26,2026-06-16T18:44:53,2024-01-02,phase2-ridge-20260616-7bda0e,phase2a-19f-7d7ba3b1,5,-0.017166876958560874,-0.017166876958560874,0.3015075376884422,-0.08589715399638406,0.01597946569490824,0.1018766196912923,low,Strong Sell,8,SYNTHETIC (Phase 2B/2C planted-signal SYN_* sample; no --db-url given — NOT real market data)
SYN_H,2023-12-27,2026-06-16T18:44:53,2024-01-03,phase2-ridge-20260616-7bda0e,phase2a-19f-7d7ba3b1,5,-0.017216325327398686,-0.017216325327398686,0.3015075376884422,-0.08594660236522186,0.01593001732607043,0.1018766196912923,low,Strong Sell,8,SYNTHETIC (Phase 2B/2C planted-signal SYN_* sample; no --db-url given — NOT real market data)
SYN_H,2023-12-28,2026-06-16T18:44:53,2024-01-04,phase2-ridge-20260616-7bda0e,phase2a-19f-7d7ba3b1,5,-0.01686226046177174,-0.01686226046177174,0.3015075376884422,-0.08559253749959492,0.016284082191697375,0.1018766196912923,low,Strong Sell,8,SYNTHETIC (Phase 2B/2C planted-signal SYN_* sample; no --db-url given — NOT real market data)
SYN_H,2023-12-29,2026-06-16T18:44:53,2024-01-05,phase2-ridge-20260616-7bda0e,phase2a-19f-7d7ba3b1,5,-0.016051066323519082,-0.016051066323519082,0.3015075376884422,-0.08478134336134227,0.017095276329950032,0.1018766196912923,low,Strong Sell,8,SYNTHETIC (Phase 2B/2C planted-signal SYN_* sample; no --db-url given — NOT real market data)
SYN_H,2024-01-01,2026-06-16T18:44:53,2024-01-08,phase2-ridge-20260616-7bda0e,phase2a-19f-7d7ba3b1,5,-0.01830846371255764,-0.01830846371255764,0.26324329891323006,-0.08703874075038082,0.014837878940911476,0.1018766196912923,low,Strong Sell,8,SYNTHETIC (Phase 2B/2C planted-signal SYN_* sample; no --db-url given — NOT real market data)
SYN_H,2024-01-02,2026-06-16T18:44:53,2024-01-09,phase2-ridge-20260616-7bda0e,phase2a-19f-7d7ba3b1,5,-0.016531562860475506,-0.016531562860475506,0.3015075376884422,-0.08526183989829869,0.016614779792993608,0.1018766196912923,low,Strong Sell,8,SYNTHETIC (Phase 2B/2C planted-signal SYN_* sample; no --db-url given — NOT real market data)
SYN_H,2024-01-03,2026-06-16T18:44:53,2024-01-10,phase2-ridge-20260616-7bda0e,phase2a-19f-7d7ba3b1,5,-0.01601833036195566,-0.01601833036195566,0.3015075376884422,-0.08474860739977884,0.017128012291513454,0.1018766196912923,low,Strong Sell,8,SYNTHETIC (Phase 2B/2C planted-signal SYN_* sample; no --db-url given — NOT real market data)
SYN_H,2024-01-04,2026-06-16T18:44:53,2024-01-11,phase2-ridge-20260616-7bda0e,phase2a-19f-7d7ba3b1,5,-0.016437176861339352,-0.016437176861339352,0.3015075376884422,-0.08516745389916253,0.016709165792129763,0.1018766196912923,low,Strong Sell,8,SYNTHETIC (Phase 2B/2C planted-signal SYN_* sample; no --db-url given — NOT real market data)
SYN_H,2024-01-05,2026-06-16T18:44:53,2024-01-12,phase2-ridge-20260616-7bda0e,phase2a-19f-7d7ba3b1,5,-0.015491429703977218,-0.015491429703977218,0.3015075376884422,-0.0842217067418004,0.017654912949491897,0.1018766196912923,low,Strong Sell,8,SYNTHETIC (Phase 2B/2C planted-signal SYN_* sample; no --db-url given — NOT real market data)
SYN_H,2024-01-08,2026-06-16T18:44:53,2024-01-15,phase2-ridge-20260616-7bda0e,phase2a-19f-7d7ba3b1,5,-0.013912270462893677,-0.013912270462893677,0.3015075376884422,-0.08264254750071685,0.019234072190575435,0.1018766196912923,medium,Strong Sell,8,SYNTHETIC (Phase 2B/2C planted-signal SYN_* sample; no --db-url given — NOT real market data)
SYN_H,2024-01-09,2026-06-16T18:44:53,2024-01-16,phase2-ridge-20260616-7bda0e,phase2a-19f-7d7ba3b1,5,-0.013185071010831127,-0.013185071010831127,0.3015075376884422,-0.0819153480486543,0.019961271642637987,0.1018766196912923,medium,Strong Sell,8,SYNTHETIC (Phase 2B/2C planted-signal SYN_* sample; no --db-url given — NOT real market data)
SYN_H,2024-01-10,2026-06-16T18:44:53,2024-01-17,phase2-ridge-20260616-7bda0e,phase2a-19f-7d7ba3b1,5,-0.014795499622552917,-0.014795499622552917,0.3015075376884422,-0.0835257766603761,0.0183508430309162,0.1018766196912923,medium,Strong Sell,8,SYNTHETIC (Phase 2B/2C planted-signal SYN_* sample; no --db-url given — NOT real market data)
SYN_H,2024-01-11,2026-06-16T18:44:53,2024-01-18,phase2-ridge-20260616-7bda0e,phase2a-19f-7d7ba3b1,5,-0.011896364449412862,-0.011896364449412862,0.3015075376884422,-0.08062664148723604,0.021249978204056254,0.1018766196912923,medium,Strong Sell,7,SYNTHETIC (Phase 2B/2C planted-signal SYN_* sample; no --db-url given — NOT real market data)
SYN_A,2024-01-12,2026-06-16T18:44:53,2024-01-19,phase2-ridge-20260616-7bda0e,phase2a-19f-7d7ba3b1,5,-0.00312117248493833,-0.00312117248493833,0.3093220338983051,-0.06693522913589137,0.03152384988181883,0.0984590790177102,high,Sell,3,SYNTHETIC (Phase 2B/2C planted-signal SYN_* sample; no --db-url given — NOT real market data)
SYN_A,2024-01-15,2026-06-16T18:44:53,2024-01-22,phase2-ridge-20260616-7bda0e,phase2a-19f-7d7ba3b1,5,-0.0030712820806692905,-0.0030712820806692905,0.3093220338983051,-0.06688533873162232,0.03157374028608787,0.0984590790177102,high,Sell,3,SYNTHETIC (Phase 2B/2C planted-signal SYN_* sample; no --db-url given — NOT real market data)
SYN_A,2024-01-16,2026-06-16T18:44:53,2024-01-23,phase2-ridge-20260616-7bda0e,phase2a-19f-7d7ba3b1,5,-0.005375427551871386,-0.005375427551871386,0.3093220338983051,-0.06918948420282442,0.02926959481488578,0.0984590790177102,high,Sell,3,SYNTHETIC (Phase 2B/2C planted-signal SYN_* sample; no --db-url given — NOT real market data)
SYN_A,2024-01-17,2026-06-16T18:44:53,2024-01-24,phase2-ridge-20260616-7bda0e,phase2a-19f-7d7ba3b1,5,-0.007237174727649264,-0.007237174727649264,0.3093220338983051,-0.0710512313786023,0.0274078476391079,0.0984590790177102,medium,Strong Sell,3,SYNTHETIC (Phase 2B/2C planted-signal SYN_* sample; no --db-url given — NOT real market data)
SYN_A,2024-01-18,2026-06-16T18:44:53,2024-01-25,phase2-ridge-20260616-7bda0e,phase2a-19f-7d7ba3b1,5,-0.0069403564513748316,-0.0069403564513748316,0.3093220338983051,-0.07075441310232787,0.027704665915382332,0.0984590790177102,medium,Strong Sell,4,SYNTHETIC (Phase 2B/2C planted-signal SYN_* sample; no --db-url given — NOT real market data)
SYN_A,2024-01-19,2026-06-16T18:44:53,2024-01-26,phase2-ridge-20260616-7bda0e,phase2a-19f-7d7ba3b1,5,-0.006907027588551152,-0.006907027588551152,0.3093220338983051,-0.07072108423950418,0.027737994778206012,0.0984590790177102,medium,Strong Sell,3,SYNTHETIC (Phase 2B/2C planted-signal SYN_* sample; no --db-url given — NOT real market data)
SYN_A,2024-01-22,2026-06-16T18:44:53,2024-01-29,phase2-ridge-20260616-7bda0e,phase2a-19f-7d7ba3b1,5,-0.006998238376618133,-0.006998238376618133,0.3093220338983051,-0.07081229502757116,0.02764678399013903,0.0984590790177102,medium,Strong Sell,4,SYNTHETIC (Phase 2B/2C planted-signal SYN_* sample; no --db-url given — NOT real market data)
SYN_A,2024-01-23,2026-06-16T18:44:53,2024-01-30,phase2-ridge-20260616-7bda0e,phase2a-19f-7d7ba3b1,5,-0.006284688892768103,-0.006284688892768103,0.3093220338983051,-0.07009874554372114,0.02836033347398906,0.0984590790177102,high,Sell,3,SYNTHETIC (Phase 2B/2C planted-signal SYN_* sample; no --db-url given — NOT real market data)
SYN_A,2024-01-24,2026-06-16T18:44:53,2024-01-31,phase2-ridge-20260616-7bda0e,phase2a-19f-7d7ba3b1,5,-0.006979811174063227,-0.006979811174063227,0.3093220338983051,-0.07079386782501626,0.027665211192693936,0.0984590790177102,medium,Strong Sell,4,SYNTHETIC (Phase 2B/2C planted-signal SYN_* sample; no --db-url given — NOT real market data)
SYN_A,2024-01-25,2026-06-16T18:44:53,2024-02-01,phase2-ridge-20260616-7bda0e,phase2a-19f-7d7ba3b1,5,-0.006658636849727944,-0.006658636849727944,0.3093220338983051,-0.07047269350068099,0.02798638551702922,0.0984590790177102,high,Sell,4,SYNTHETIC (Phase 2B/2C planted-signal SYN_* sample; no --db-url given — NOT real market data)
SYN_A,2024-01-26,2026-06-16T18:44:53,2024-02-02,phase2-ridge-20260616-7bda0e,phase2a-19f-7d7ba3b1,5,-0.006146708094578548,-0.006146708094578548,0.3093220338983051,-0.06996076474553159,0.028498314272178617,0.0984590790177102,high,Sell,4,SYNTHETIC (Phase 2B/2C planted-signal SYN_* sample; no --db-url given — NOT real market data)
SYN_A,2024-01-29,2026-06-16T18:44:53,2024-02-05,phase2-ridge-20260616-7bda0e,phase2a-19f-7d7ba3b1,5,-0.006464564753399661,-0.006464564753399661,0.3093220338983051,-0.0702786214043527,0.028180457613357503,0.0984590790177102,high,Sell,4,SYNTHETIC (Phase 2B/2C planted-signal SYN_* sample; no --db-url given — NOT real market data)
SYN_A,2024-01-30,2026-06-16T18:44:53,2024-02-06,phase2-ridge-20260616-7bda0e,phase2a-19f-7d7ba3b1,5,-0.006670469725331169,-0.006670469725331169,0.3093220338983051,-0.0704845263762842,0.027974552641425995,0.0984590790177102,high,Sell,4,SYNTHETIC (Phase 2B/2C planted-signal SYN_* sample; no --db-url given — NOT real market data)
SYN_A,2024-01-31,2026-06-16T18:44:53,2024-02-07,phase2-ridge-20260616-7bda0e,phase2a-19f-7d7ba3b1,5,-0.005433000152074096,-0.005433000152074096,0.3093220338983051,-0.06924705680302713,0.029212022214683067,0.0984590790177102,high,Sell,3,SYNTHETIC (Phase 2B/2C planted-signal SYN_* sample; no --db-url given — NOT real market data)
SYN_A,2024-02-01,2026-06-16T18:44:53,2024-02-08,phase2-ridge-20260616-7bda0e,phase2a-19f-7d7ba3b1,5,-0.0055800110335960185,-0.0055800110335960185,0.3093220338983051,-0.06939406768454906,0.029065011333161146,0.0984590790177102,high,Sell,3,SYNTHETIC (Phase 2B/2C planted-signal SYN_* sample; no --db-url given — NOT real market data)
SYN_A,2024-02-02,2026-06-16T18:44:53,2024-02-09,phase2-ridge-20260616-7bda0e,phase2a-19f-7d7ba3b1,5,-0.005815657810592696,-0.005815657810592696,0.3093220338983051,-0.06962971446154573,0.02882936455616447,0.0984590790177102,high,Sell,3,SYNTHETIC (Phase 2B/2C planted-signal SYN_* sample; no --db-url given — NOT real market data)
SYN_A,2024-02-05,2026-06-16T18:44:53,2024-02-12,phase2-ridge-20260616-7bda0e,phase2a-19f-7d7ba3b1,5,-0.0051292728403040805,-0.0051292728403040805,0.3093220338983051,-0.06894332949125712,0.029515749526453083,0.0984590790177102,high,Sell,3,SYNTHETIC (Phase 2B/2C planted-signal SYN_* sample; no --db-url given — NOT real market data)
SYN_A,2024-02-06,2026-06-16T18:44:53,2024-02-13,phase2-ridge-20260616-7bda0e,phase2a-19f-7d7ba3b1,5,-0.006091738000267525,-0.006091738000267525,0.3093220338983051,-0.06990579465122056,0.02855328436648964,0.0984590790177102,high,Sell,4,SYNTHETIC (Phase 2B/2C planted-signal SYN_* sample; no --db-url given — NOT real market data)
SYN_A,2024-02-07,2026-06-16T18:44:53,2024-02-14,phase2-ridge-20260616-7bda0e,phase2a-19f-7d7ba3b1,5,-0.006743676335616585,-0.006743676335616585,0.3093220338983051,-0.07055773298656962,0.027901346031140577,0.0984590790177102,high,Sell,3,SYNTHETIC (Phase 2B/2C planted-signal SYN_* sample; no --db-url given — NOT real market data)
SYN_A,2024-02-08,2026-06-16T18:44:53,2024-02-15,phase2-ridge-20260616-7bda0e,phase2a-19f-7d7ba3b1,5,-0.006532186028755464,-0.006532186028755464,0.3093220338983051,-0.0703462426797085,0.028112836338001698,0.0984590790177102,high,Sell,3,SYNTHETIC (Phase 2B/2C planted-signal SYN_* sample; no --db-url given — NOT real market data)
SYN_A,2024-02-09,2026-06-16T18:44:53,2024-02-16,phase2-ridge-20260616-7bda0e,phase2a-19f-7d7ba3b1,5,-0.006797461978168776,-0.006797461978168776,0.3093220338983051,-0.07061151862912181,0.027847560388588388,0.0984590790177102,high,Sell,3,SYNTHETIC (Phase 2B/2C planted-signal SYN_* sample; no --db-url given — NOT real market data)
SYN_A,2024-02-12,2026-06-16T18:44:53,2024-02-19,phase2-ridge-20260616-7bda0e,phase2a-19f-7d7ba3b1,5,-0.0068291582568109225,-0.0068291582568109225,0.3093220338983051,-0.07064321490776396,0.027815864109946242,0.0984590790177102,medium,Strong Sell,3,SYNTHETIC (Phase 2B/2C planted-signal SYN_* sample; no --db-url given — NOT real market data)
SYN_A,2024-02-13,2026-06-16T18:44:53,2024-02-20,phase2-ridge-20260616-7bda0e,phase2a-19f-7d7ba3b1,5,-0.006630189470442003,-0.006630189470442003,0.3093220338983051,-0.07044424612139503,0.02801483289631516,0.0984590790177102,high,Sell,4,SYNTHETIC (Phase 2B/2C planted-signal SYN_* sample; no --db-url given — NOT real market data)
SYN_A,2024-02-14,2026-06-16T18:44:53,2024-02-21,phase2-ridge-20260616-7bda0e,phase2a-19f-7d7ba3b1,5,-0.005371538034223896,-0.005371538034223896,0.3093220338983051,-0.06918559468517693,0.029273484332533267,0.0984590790177102,high,Sell,3,SYNTHETIC (Phase 2B/2C planted-signal SYN_* sample; no --db-url given — NOT real market data)
SYN_A,2024-02-15,2026-06-16T18:44:53,2024-02-22,phase2-ridge-20260616-7bda0e,phase2a-19f-7d7ba3b1,5,-0.004582850401975947,-0.004582850401975947,0.3093220338983051,-0.06839690705292899,0.03006217196478122,0.0984590790177102,high,Sell,3,SYNTHETIC (Phase 2B/2C planted-signal SYN_* sample; no --db-url given — NOT real market data)
SYN_A,2024-02-16,2026-06-16T18:44:53,2024-02-23,phase2-ridge-20260616-7bda0e,phase2a-19f-7d7ba3b1,5,-0.004575599589879968,-0.004575599589879968,0.3093220338983051,-0.068389656240833,0.030069422776877196,0.0984590790177102,high,Sell,3,SYNTHETIC (Phase 2B/2C planted-signal SYN_* sample; no --db-url given — NOT real market data)
SYN_B,2024-01-12,2026-06-16T18:44:53,2024-01-19,phase2-ridge-20260616-7bda0e,phase2a-19f-7d7ba3b1,5,-0.008694072124612288,-0.008694072124612288,0.3093220338983051,-0.07250812877556533,0.025950950242144874,0.0984590790177102,medium,Strong Sell,4,SYNTHETIC (Phase 2B/2C planted-signal SYN_* sample; no --db-url given — NOT real market data)
SYN_B,2024-01-15,2026-06-16T18:44:53,2024-01-22,phase2-ridge-20260616-7bda0e,phase2a-19f-7d7ba3b1,5,-0.007701238567091665,-0.007701238567091665,0.3093220338983051,-0.0715152952180447,0.0269437837996655,0.0984590790177102,medium,Strong Sell,4,SYNTHETIC (Phase 2B/2C planted-signal SYN_* sample; no --db-url given — NOT real market data)
SYN_B,2024-01-16,2026-06-16T18:44:53,2024-01-23,phase2-ridge-20260616-7bda0e,phase2a-19f-7d7ba3b1,5,-0.005697464943556789,-0.005697464943556789,0.3093220338983051,-0.06951152159450982,0.028947557423200376,0.0984590790177102,high,Sell,4,SYNTHETIC (Phase 2B/2C planted-signal SYN_* sample; no --db-url given — NOT real market data)
SYN_B,2024-01-17,2026-06-16T18:44:53,2024-01-24,phase2-ridge-20260616-7bda0e,phase2a-19f-7d7ba3b1,5,-0.009054955423903072,-0.009054955423903072,0.3093220338983051,-0.0728690120748561,0.02559006694285409,0.0984590790177102,medium,Strong Sell,4,SYNTHETIC (Phase 2B/2C planted-signal SYN_* sample; no --db-url given — NOT real market data)
SYN_B,2024-01-18,2026-06-16T18:44:53,2024-01-25,phase2-ridge-20260616-7bda0e,phase2a-19f-7d7ba3b1,5,-0.006223998597109462,-0.006223998597109462,0.3093220338983051,-0.0700380552480625,0.028421023769647703,0.0984590790177102,high,Sell,3,SYNTHETIC (Phase 2B/2C planted-signal SYN_* sample; no --db-url given — NOT real market data)
SYN_B,2024-01-19,2026-06-16T18:44:53,2024-01-26,phase2-ridge-20260616-7bda0e,phase2a-19f-7d7ba3b1,5,-0.007822290913054072,-0.007822290913054072,0.3093220338983051,-0.07163634756400711,0.02682273145370309,0.0984590790177102,medium,Strong Sell,4,SYNTHETIC (Phase 2B/2C planted-signal SYN_* sample; no --db-url given — NOT real market data)
SYN_B,2024-01-22,2026-06-16T18:44:53,2024-01-29,phase2-ridge-20260616-7bda0e,phase2a-19f-7d7ba3b1,5,-0.007025689184301173,-0.007025689184301173,0.3093220338983051,-0.07083974583525421,0.02761933318245599,0.0984590790177102,medium,Strong Sell,5,SYNTHETIC (Phase 2B/2C planted-signal SYN_* sample; no --db-url given — NOT real market data)
SYN_B,2024-01-23,2026-06-16T18:44:53,2024-01-30,phase2-ridge-20260616-7bda0e,phase2a-19f-7d7ba3b1,5,-0.009710424964197734,-0.009710424964197734,0.3093220338983051,-0.07352448161515077,0.02493459740255943,0.0984590790177102,medium,Strong Sell,5,SYNTHETIC (Phase 2B/2C planted-signal SYN_* sample; no --db-url given — NOT real market data)
SYN_B,2024-01-24,2026-06-16T18:44:53,2024-01-31,phase2-ridge-20260616-7bda0e,phase2a-19f-7d7ba3b1,5,-0.006536034270606064,-0.006536034270606064,0.3093220338983051,-0.0703500909215591,0.0281089880961511,0.0984590790177102,high,Sell,3,SYNTHETIC (Phase 2B/2C planted-signal SYN_* sample; no --db-url given — NOT real market data)
SYN_B,2024-01-25,2026-06-16T18:44:53,2024-02-01,phase2-ridge-20260616-7bda0e,phase2a-19f-7d7ba3b1,5,-0.0071523506500738385,-0.0071523506500738385,0.3093220338983051,-0.07096640730102688,0.027492671716683327,0.0984590790177102,medium,Strong Sell,5,SYNTHETIC (Phase 2B/2C planted-signal SYN_* sample; no --db-url given — NOT real market data)
SYN_B,2024-01-26,2026-06-16T18:44:53,2024-02-02,phase2-ridge-20260616-7bda0e,phase2a-19f-7d7ba3b1,5,-0.009428607681920786,-0.009428607681920786,0.3093220338983051,-0.07324266433287382,0.025216414684836378,0.0984590790177102,medium,Strong Sell,5,SYNTHETIC (Phase 2B/2C planted-signal SYN_* sample; no --db-url given — NOT real market data)
SYN_B,2024-01-29,2026-06-16T18:44:53,2024-02-05,phase2-ridge-20260616-7bda0e,phase2a-19f-7d7ba3b1,5,-0.007594641870104292,-0.007594641870104292,0.3093220338983051,-0.07140869852105733,0.02705038049665287,0.0984590790177102,medium,Strong Sell,5,SYNTHETIC (Phase 2B/2C planted-signal SYN_* sample; no --db-url given — NOT real market data)
SYN_B,2024-01-30,2026-06-16T18:44:53,2024-02-06,phase2-ridge-20260616-7bda0e,phase2a-19f-7d7ba3b1,5,-0.009995599226153023,-0.009995599226153023,0.3093220338983051,-0.07380965587710606,0.024649423140604143,0.0984590790177102,medium,Strong Sell,5,SYNTHETIC (Phase 2B/2C planted-signal SYN_* sample; no --db-url given — NOT real market data)
SYN_B,2024-01-31,2026-06-16T18:44:53,2024-02-07,phase2-ridge-20260616-7bda0e,phase2a-19f-7d7ba3b1,5,-0.010962015587008048,-0.010962015587008048,0.3,-0.07477607223796108,0.023683006779749115,0.0984590790177102,medium,Strong Sell,5,SYNTHETIC (Phase 2B/2C planted-signal SYN_* sample; no --db-url given — NOT real market data)
SYN_B,2024-02-01,2026-06-16T18:44:53,2024-02-08,phase2-ridge-20260616-7bda0e,phase2a-19f-7d7ba3b1,5,-0.013259162920229127,-0.013259162920229127,0.3,-0.07707321957118216,0.021385859446528037,0.0984590790177102,medium,Strong Sell,5,SYNTHETIC (Phase 2B/2C planted-signal SYN_* sample; no --db-url given — NOT real market data)
SYN_B,2024-02-02,2026-06-16T18:44:53,2024-02-09,phase2-ridge-20260616-7bda0e,phase2a-19f-7d7ba3b1,5,-0.013349035873230514,-0.013349035873230514,0.3,-0.07716309252418355,0.02129598649352665,0.0984590790177102,medium,Strong Sell,5,SYNTHETIC (Phase 2B/2C planted-signal SYN_* sample; no --db-url given — NOT real market data)
SYN_B,2024-02-05,2026-06-16T18:44:53,2024-02-12,phase2-ridge-20260616-7bda0e,phase2a-19f-7d7ba3b1,5,-0.015948352729628204,-0.015948352729628204,0.3,-0.07976240938058124,0.01869666963712896,0.0984590790177102,low,Strong Sell,7,SYNTHETIC (Phase 2B/2C planted-signal SYN_* sample; no --db-url given — NOT real market data)
SYN_B,2024-02-06,2026-06-16T18:44:53,2024-02-13,phase2-ridge-20260616-7bda0e,phase2a-19f-7d7ba3b1,5,-0.016923727765599667,-0.016923727765599667,0.3,-0.0807377844165527,0.017721294601157497,0.0984590790177102,low,Strong Sell,7,SYNTHETIC (Phase 2B/2C planted-signal SYN_* sample; no --db-url given — NOT real market data)
SYN_B,2024-02-07,2026-06-16T18:44:53,2024-02-14,phase2-ridge-20260616-7bda0e,phase2a-19f-7d7ba3b1,5,-0.01670180991941839,-0.01670180991941839,0.3,-0.08051586657037142,0.017943212447338774,0.0984590790177102,low,Strong Sell,7,SYNTHETIC (Phase 2B/2C planted-signal SYN_* sample; no --db-url given — NOT real market data)
SYN_B,2024-02-08,2026-06-16T18:44:53,2024-02-15,phase2-ridge-20260616-7bda0e,phase2a-19f-7d7ba3b1,5,-0.013475735865865807,-0.013475735865865807,0.3,-0.07728979251681885,0.02116928650089136,0.0984590790177102,medium,Strong Sell,7,SYNTHETIC (Phase 2B/2C planted-signal SYN_* sample; no --db-url given — NOT real market data)
SYN_B,2024-02-09,2026-06-16T18:44:53,2024-02-16,phase2-ridge-20260616-7bda0e,phase2a-19f-7d7ba3b1,5,-0.011655229061203616,-0.011655229061203616,0.3,-0.07546928571215665,0.02298979330555355,0.0984590790177102,medium,Strong Sell,5,SYNTHETIC (Phase 2B/2C planted-signal SYN_* sample; no --db-url given — NOT real market data)
SYN_B,2024-02-12,2026-06-16T18:44:53,2024-02-19,phase2-ridge-20260616-7bda0e,phase2a-19f-7d7ba3b1,5,-0.011843475137289339,-0.011843475137289339,0.3,-0.07565753178824237,0.022801547229467825,0.0984590790177102,medium,Strong Sell,6,SYNTHETIC (Phase 2B/2C planted-signal SYN_* sample; no --db-url given — NOT real market data)
SYN_B,2024-02-13,2026-06-16T18:44:53,2024-02-20,phase2-ridge-20260616-7bda0e,phase2a-19f-7d7ba3b1,5,-0.010583185640598004,-0.010583185640598004,0.3,-0.07439724229155104,0.02406183672615916,0.0984590790177102,medium,Strong Sell,5,SYNTHETIC (Phase 2B/2C planted-signal SYN_* sample; no --db-url given — NOT real market data)
SYN_B,2024-02-14,2026-06-16T18:44:53,2024-02-21,phase2-ridge-20260616-7bda0e,phase2a-19f-7d7ba3b1,5,-0.010278655151759474,-0.010278655151759474,0.30233493576189213,-0.07409271180271251,0.02436636721499769,0.0984590790177102,medium,Strong Sell,5,SYNTHETIC (Phase 2B/2C planted-signal SYN_* sample; no --db-url given — NOT real market data)
SYN_B,2024-02-15,2026-06-16T18:44:53,2024-02-22,phase2-ridge-20260616-7bda0e,phase2a-19f-7d7ba3b1,5,-0.011764554059866,-0.011764554059866,0.3,-0.07557861071081903,0.022880468306891166,0.0984590790177102,medium,Strong Sell,6,SYNTHETIC (Phase 2B/2C planted-signal SYN_* sample; no --db-url given — NOT real market data)
SYN_B,2024-02-16,2026-06-16T18:44:53,2024-02-23,phase2-ridge-20260616-7bda0e,phase2a-19f-7d7ba3b1,5,-0.011086931239953234,-0.011086931239953234,0.3,-0.07490098789090627,0.02355809112680393,0.0984590790177102,medium,Strong Sell,6,SYNTHETIC (Phase 2B/2C planted-signal SYN_* sample; no --db-url given — NOT real market data)
SYN_C,2024-01-12,2026-06-16T18:44:53,2024-01-19,phase2-ridge-20260616-7bda0e,phase2a-19f-7d7ba3b1,5,0.04358454603513155,0.04358454603513155,0.68,-0.020229510615821483,0.07822956840188872,0.0984590790177102,low,Strong Buy,1,SYNTHETIC (Phase 2B/2C planted-signal SYN_* sample; no --db-url given — NOT real market data)
SYN_C,2024-01-15,2026-06-16T18:44:53,2024-01-22,phase2-ridge-20260616-7bda0e,phase2a-19f-7d7ba3b1,5,0.04228476279265306,0.04228476279265306,0.68,-0.021529293858299978,0.07692978515941022,0.0984590790177102,low,Strong Buy,1,SYNTHETIC (Phase 2B/2C planted-signal SYN_* sample; no --db-url given — NOT real market data)
SYN_C,2024-01-16,2026-06-16T18:44:53,2024-01-23,phase2-ridge-20260616-7bda0e,phase2a-19f-7d7ba3b1,5,0.043810641361866465,0.043810641361866465,0.68,-0.02000341528908657,0.07845566372862363,0.0984590790177102,low,Strong Buy,1,SYNTHETIC (Phase 2B/2C planted-signal SYN_* sample; no --db-url given — NOT real market data)
SYN_C,2024-01-17,2026-06-16T18:44:53,2024-01-24,phase2-ridge-20260616-7bda0e,phase2a-19f-7d7ba3b1,5,0.04457634528634559,0.04457634528634559,0.68,-0.019237711364607446,0.07922136765310275,0.0984590790177102,low,Strong Buy,1,SYNTHETIC (Phase 2B/2C planted-signal SYN_* sample; no --db-url given — NOT real market data)
SYN_C,2024-01-18,2026-06-16T18:44:53,2024-01-25,phase2-ridge-20260616-7bda0e,phase2a-19f-7d7ba3b1,5,0.045610782128479514,0.045610782128479514,0.68,-0.01820327452247352,0.08025580449523667,0.0984590790177102,low,Strong Buy,1,SYNTHETIC (Phase 2B/2C planted-signal SYN_* sample; no --db-url given — NOT real market data)
SYN_C,2024-01-19,2026-06-16T18:44:53,2024-01-26,phase2-ridge-20260616-7bda0e,phase2a-19f-7d7ba3b1,5,0.04708577335949357,0.04708577335949357,0.68,-0.016728283291459464,0.08173079572625074,0.0984590790177102,low,Strong Buy,1,SYNTHETIC (Phase 2B/2C planted-signal SYN_* sample; no --db-url given — NOT real market data)
SYN_C,2024-01-22,2026-06-16T18:44:53,2024-01-29,phase2-ridge-20260616-7bda0e,phase2a-19f-7d7ba3b1,5,0.04496743744166085,0.04496743744166085,0.68,-0.018846619209292183,0.07961245980841802,0.0984590790177102,low,Strong Buy,1,SYNTHETIC (Phase 2B/2C planted-signal SYN_* sample; no --db-url given — NOT real market data)
SYN_C,2024-01-23,2026-06-16T18:44:53,2024-01-30,phase2-ridge-20260616-7bda0e,phase2a-19f-7d7ba3b1,5,0.04610151211112177,0.04610151211112177,0.68,-0.017712544539831267,0.08074653447787894,0.0984590790177102,low,Strong Buy,1,SYNTHETIC (Phase 2B/2C planted-signal SYN_* sample; no --db-url given — NOT real market data)
SYN_C,2024-01-24,2026-06-16T18:44:53,2024-01-31,phase2-ridge-20260616-7bda0e,phase2a-19f-7d7ba3b1,5,0.047249480199513756,0.047249480199513756,0.68,-0.01656457645143928,0.08189450256627093,0.0984590790177102,low,Strong Buy,1,SYNTHETIC (Phase 2B/2C planted-signal SYN_* sample; no --db-url given — NOT real market data)
SYN_C,2024-01-25,2026-06-16T18:44:53,2024-02-01,phase2-ridge-20260616-7bda0e,phase2a-19f-7d7ba3b1,5,0.04833514737735551,0.04833514737735551,0.68,-0.015478909273597526,0.08298016974411268,0.0984590790177102,low,Strong Buy,1,SYNTHETIC (Phase 2B/2C planted-signal SYN_* sample; no --db-url given — NOT real market data)
SYN_C,2024-01-26,2026-06-16T18:44:53,2024-02-02,phase2-ridge-20260616-7bda0e,phase2a-19f-7d7ba3b1,5,0.048765455661488474,0.048765455661488474,0.68,-0.015048600989464561,0.08341047802824564,0.0984590790177102,low,Strong Buy,1,SYNTHETIC (Phase 2B/2C planted-signal SYN_* sample; no --db-url given — NOT real market data)
SYN_C,2024-01-29,2026-06-16T18:44:53,2024-02-05,phase2-ridge-20260616-7bda0e,phase2a-19f-7d7ba3b1,5,0.04852742888949008,0.04852742888949008,0.68,-0.015286627761462952,0.08317245125624725,0.0984590790177102,low,Strong Buy,1,SYNTHETIC (Phase 2B/2C planted-signal SYN_* sample; no --db-url given — NOT real market data)
SYN_C,2024-01-30,2026-06-16T18:44:53,2024-02-06,phase2-ridge-20260616-7bda0e,phase2a-19f-7d7ba3b1,5,0.04812843583471793,0.04812843583471793,0.68,-0.015685620816235105,0.0827734582014751,0.0984590790177102,low,Strong Buy,1,SYNTHETIC (Phase 2B/2C planted-signal SYN_* sample; no --db-url given — NOT real market data)
SYN_C,2024-01-31,2026-06-16T18:44:53,2024-02-07,phase2-ridge-20260616-7bda0e,phase2a-19f-7d7ba3b1,5,0.04703169728591762,0.04703169728591762,0.68,-0.016782359365035415,0.08167671965267478,0.0984590790177102,low,Strong Buy,1,SYNTHETIC (Phase 2B/2C planted-signal SYN_* sample; no --db-url given — NOT real market data)
SYN_C,2024-02-01,2026-06-16T18:44:53,2024-02-08,phase2-ridge-20260616-7bda0e,phase2a-19f-7d7ba3b1,5,0.050549916975464744,0.050549916975464744,0.68,-0.013264139675488291,0.08519493934222191,0.0984590790177102,low,Strong Buy,1,SYNTHETIC (Phase 2B/2C planted-signal SYN_* sample; no --db-url given — NOT real market data)
SYN_C,2024-02-02,2026-06-16T18:44:53,2024-02-09,phase2-ridge-20260616-7bda0e,phase2a-19f-7d7ba3b1,5,0.04755496337845831,0.04755496337845831,0.68,-0.016259093272494723,0.08219998574521548,0.0984590790177102,low,Strong Buy,1,SYNTHETIC (Phase 2B/2C planted-signal SYN_* sample; no --db-url given — NOT real market data)
SYN_C,2024-02-05,2026-06-16T18:44:53,2024-02-12,phase2-ridge-20260616-7bda0e,phase2a-19f-7d7ba3b1,5,0.04792119161906829,0.04792119161906829,0.68,-0.015892865031884744,0.08256621398582545,0.0984590790177102,low,Strong Buy,1,SYNTHETIC (Phase 2B/2C planted-signal SYN_* sample; no --db-url given — NOT real market data)
SYN_C,2024-02-06,2026-06-16T18:44:53,2024-02-13,phase2-ridge-20260616-7bda0e,phase2a-19f-7d7ba3b1,5,0.04729659385282711,0.04729659385282711,0.68,-0.016517462798125923,0.08194161621958428,0.0984590790177102,low,Strong Buy,1,SYNTHETIC (Phase 2B/2C planted-signal SYN_* sample; no --db-url given — NOT real market data)
SYN_C,2024-02-07,2026-06-16T18:44:53,2024-02-14,phase2-ridge-20260616-7bda0e,phase2a-19f-7d7ba3b1,5,0.048187980720855554,0.048187980720855554,0.68,-0.01562607593009748,0.08283300308761271,0.0984590790177102,low,Strong Buy,1,SYNTHETIC (Phase 2B/2C planted-signal SYN_* sample; no --db-url given — NOT real market data)
SYN_C,2024-02-08,2026-06-16T18:44:53,2024-02-15,phase2-ridge-20260616-7bda0e,phase2a-19f-7d7ba3b1,5,0.04914144381166465,0.04914144381166465,0.68,-0.014672612839288383,0.08378646617842181,0.0984590790177102,low,Strong Buy,1,SYNTHETIC (Phase 2B/2C planted-signal SYN_* sample; no --db-url given — NOT real market data)
SYN_C,2024-02-09,2026-06-16T18:44:53,2024-02-16,phase2-ridge-20260616-7bda0e,phase2a-19f-7d7ba3b1,5,0.048045710055049755,0.048045710055049755,0.68,-0.01576834659590328,0.08269073242180691,0.0984590790177102,low,Strong Buy,1,SYNTHETIC (Phase 2B/2C planted-signal SYN_* sample; no --db-url given — NOT real market data)
SYN_C,2024-02-12,2026-06-16T18:44:53,2024-02-19,phase2-ridge-20260616-7bda0e,phase2a-19f-7d7ba3b1,5,0.04557852572477848,0.04557852572477848,0.68,-0.018235530926174554,0.08022354809153565,0.0984590790177102,low,Strong Buy,1,SYNTHETIC (Phase 2B/2C planted-signal SYN_* sample; no --db-url given — NOT real market data)
SYN_C,2024-02-13,2026-06-16T18:44:53,2024-02-20,phase2-ridge-20260616-7bda0e,phase2a-19f-7d7ba3b1,5,0.043779488648946666,0.043779488648946666,0.68,-0.02003456800200637,0.07842451101570383,0.0984590790177102,low,Strong Buy,1,SYNTHETIC (Phase 2B/2C planted-signal SYN_* sample; no --db-url given — NOT real market data)
SYN_C,2024-02-14,2026-06-16T18:44:53,2024-02-21,phase2-ridge-20260616-7bda0e,phase2a-19f-7d7ba3b1,5,0.04494434079018477,0.04494434079018477,0.68,-0.018869715860768264,0.07958936315694193,0.0984590790177102,low,Strong Buy,1,SYNTHETIC (Phase 2B/2C planted-signal SYN_* sample; no --db-url given — NOT real market data)
SYN_C,2024-02-15,2026-06-16T18:44:53,2024-02-22,phase2-ridge-20260616-7bda0e,phase2a-19f-7d7ba3b1,5,0.046903654989206275,0.046903654989206275,0.68,-0.01691040166174676,0.08154867735596344,0.0984590790177102,low,Strong Buy,1,SYNTHETIC (Phase 2B/2C planted-signal SYN_* sample; no --db-url given — NOT real market data)
SYN_C,2024-02-16,2026-06-16T18:44:53,2024-02-23,phase2-ridge-20260616-7bda0e,phase2a-19f-7d7ba3b1,5,0.0462302481401244,0.0462302481401244,0.68,-0.017583808510828636,0.08087527050688156,0.0984590790177102,low,Strong Buy,1,SYNTHETIC (Phase 2B/2C planted-signal SYN_* sample; no --db-url given — NOT real market data)
SYN_D,2024-01-12,2026-06-16T18:44:53,2024-01-19,phase2-ridge-20260616-7bda0e,phase2a-19f-7d7ba3b1,5,-0.009031916152773531,-0.009031916152773531,0.3093220338983051,-0.07284597280372657,0.025613106213983633,0.0984590790177102,medium,Strong Sell,5,SYNTHETIC (Phase 2B/2C planted-signal SYN_* sample; no --db-url given — NOT real market data)
SYN_D,2024-01-15,2026-06-16T18:44:53,2024-01-22,phase2-ridge-20260616-7bda0e,phase2a-19f-7d7ba3b1,5,-0.010686406006810562,-0.010686406006810562,0.3,-0.0745004626577636,0.023958616359946602,0.0984590790177102,medium,Strong Sell,5,SYNTHETIC (Phase 2B/2C planted-signal SYN_* sample; no --db-url given — NOT real market data)
SYN_D,2024-01-16,2026-06-16T18:44:53,2024-01-23,phase2-ridge-20260616-7bda0e,phase2a-19f-7d7ba3b1,5,-0.010295421349858896,-0.010295421349858896,0.3,-0.07410947800081193,0.024349601016898266,0.0984590790177102,medium,Strong Sell,5,SYNTHETIC (Phase 2B/2C planted-signal SYN_* sample; no --db-url given — NOT real market data)
SYN_D,2024-01-17,2026-06-16T18:44:53,2024-01-24,phase2-ridge-20260616-7bda0e,phase2a-19f-7d7ba3b1,5,-0.009240671740878146,-0.009240671740878146,0.3093220338983051,-0.07305472839183118,0.025404350625879018,0.0984590790177102,medium,Strong Sell,5,SYNTHETIC (Phase 2B/2C planted-signal SYN_* sample; no --db-url given — NOT real market data)
SYN_D,2024-01-18,2026-06-16T18:44:53,2024-01-25,phase2-ridge-20260616-7bda0e,phase2a-19f-7d7ba3b1,5,-0.009555077796156523,-0.009555077796156523,0.3093220338983051,-0.07336913444710956,0.02508994457060064,0.0984590790177102,medium,Strong Sell,5,SYNTHETIC (Phase 2B/2C planted-signal SYN_* sample; no --db-url given — NOT real market data)
SYN_D,2024-01-19,2026-06-16T18:44:53,2024-01-26,phase2-ridge-20260616-7bda0e,phase2a-19f-7d7ba3b1,5,-0.009316460790268894,-0.009316460790268894,0.3093220338983051,-0.07313051744122193,0.02532856157648827,0.0984590790177102,medium,Strong Sell,5,SYNTHETIC (Phase 2B/2C planted-signal SYN_* sample; no --db-url given — NOT real market data)
SYN_D,2024-01-22,2026-06-16T18:44:53,2024-01-29,phase2-ridge-20260616-7bda0e,phase2a-19f-7d7ba3b1,5,-0.006312369887460904,-0.006312369887460904,0.3093220338983051,-0.07012642653841394,0.02833265247929626,0.0984590790177102,high,Sell,3,SYNTHETIC (Phase 2B/2C planted-signal SYN_* sample; no --db-url given — NOT real market data)
SYN_D,2024-01-23,2026-06-16T18:44:53,2024-01-30,phase2-ridge-20260616-7bda0e,phase2a-19f-7d7ba3b1,5,-0.006536836718312875,-0.006536836718312875,0.3093220338983051,-0.07035089336926591,0.02810818564844429,0.0984590790177102,high,Sell,4,SYNTHETIC (Phase 2B/2C planted-signal SYN_* sample; no --db-url given — NOT real market data)
SYN_D,2024-01-24,2026-06-16T18:44:53,2024-01-31,phase2-ridge-20260616-7bda0e,phase2a-19f-7d7ba3b1,5,-0.00811207405091106,-0.00811207405091106,0.3093220338983051,-0.0719261307018641,0.026532948315846103,0.0984590790177102,medium,Strong Sell,5,SYNTHETIC (Phase 2B/2C planted-signal SYN_* sample; no --db-url given — NOT real market data)
SYN_D,2024-01-25,2026-06-16T18:44:53,2024-02-01,phase2-ridge-20260616-7bda0e,phase2a-19f-7d7ba3b1,5,-0.0058749867607383755,-0.0058749867607383755,0.3093220338983051,-0.06968904341169141,0.02877003560601879,0.0984590790177102,high,Sell,3,SYNTHETIC (Phase 2B/2C planted-signal SYN_* sample; no --db-url given — NOT real market data)
SYN_D,2024-01-26,2026-06-16T18:44:53,2024-02-02,phase2-ridge-20260616-7bda0e,phase2a-19f-7d7ba3b1,5,-0.006095693855866315,-0.006095693855866315,0.3093220338983051,-0.06990975050681936,0.02854932851089085,0.0984590790177102,high,Sell,3,SYNTHETIC (Phase 2B/2C planted-signal SYN_* sample; no --db-url given — NOT real market data)
SYN_D,2024-01-29,2026-06-16T18:44:53,2024-02-05,phase2-ridge-20260616-7bda0e,phase2a-19f-7d7ba3b1,5,-0.005017490813536344,-0.005017490813536344,0.3093220338983051,-0.06883154746448938,0.029627531553220822,0.0984590790177102,high,Sell,3,SYNTHETIC (Phase 2B/2C planted-signal SYN_* sample; no --db-url given — NOT real market data)
SYN_D,2024-01-30,2026-06-16T18:44:53,2024-02-06,phase2-ridge-20260616-7bda0e,phase2a-19f-7d7ba3b1,5,-0.00585778553225627,-0.00585778553225627,0.3093220338983051,-0.0696718421832093,0.028787236834500893,0.0984590790177102,high,Sell,3,SYNTHETIC (Phase 2B/2C planted-signal SYN_* sample; no --db-url given — NOT real market data)
SYN_D,2024-01-31,2026-06-16T18:44:53,2024-02-07,phase2-ridge-20260616-7bda0e,phase2a-19f-7d7ba3b1,5,-0.007253495449641647,-0.007253495449641647,0.3093220338983051,-0.07106755210059468,0.027391526917115515,0.0984590790177102,medium,Strong Sell,4,SYNTHETIC (Phase 2B/2C planted-signal SYN_* sample; no --db-url given — NOT real market data)
SYN_D,2024-02-01,2026-06-16T18:44:53,2024-02-08,phase2-ridge-20260616-7bda0e,phase2a-19f-7d7ba3b1,5,-0.008794443038045836,-0.008794443038045836,0.3093220338983051,-0.07260849968899888,0.025850579328711328,0.0984590790177102,medium,Strong Sell,4,SYNTHETIC (Phase 2B/2C planted-signal SYN_* sample; no --db-url given — NOT real market data)
SYN_D,2024-02-02,2026-06-16T18:44:53,2024-02-09,phase2-ridge-20260616-7bda0e,phase2a-19f-7d7ba3b1,5,-0.007938783847481564,-0.007938783847481564,0.3093220338983051,-0.0717528404984346,0.026706238519275602,0.0984590790177102,medium,Strong Sell,4,SYNTHETIC (Phase 2B/2C planted-signal SYN_* sample; no --db-url given — NOT real market data)
SYN_D,2024-02-05,2026-06-16T18:44:53,2024-02-12,phase2-ridge-20260616-7bda0e,phase2a-19f-7d7ba3b1,5,-0.006603857158256553,-0.006603857158256553,0.3093220338983051,-0.07041791380920959,0.028041165208500612,0.0984590790177102,high,Sell,4,SYNTHETIC (Phase 2B/2C planted-signal SYN_* sample; no --db-url given — NOT real market data)
SYN_D,2024-02-06,2026-06-16T18:44:53,2024-02-13,phase2-ridge-20260616-7bda0e,phase2a-19f-7d7ba3b1,5,-0.0057300509259021245,-0.0057300509259021245,0.3093220338983051,-0.06954410757685515,0.028914971440855038,0.0984590790177102,high,Sell,3,SYNTHETIC (Phase 2B/2C planted-signal SYN_* sample; no --db-url given — NOT real market data)
SYN_D,2024-02-07,2026-06-16T18:44:53,2024-02-14,phase2-ridge-20260616-7bda0e,phase2a-19f-7d7ba3b1,5,-0.008193756495529385,-0.008193756495529385,0.3093220338983051,-0.07200781314648241,0.02645126587122778,0.0984590790177102,medium,Strong Sell,4,SYNTHETIC (Phase 2B/2C planted-signal SYN_* sample; no --db-url given — NOT real market data)
SYN_D,2024-02-08,2026-06-16T18:44:53,2024-02-15,phase2-ridge-20260616-7bda0e,phase2a-19f-7d7ba3b1,5,-0.008675189196946811,-0.008675189196946811,0.3093220338983051,-0.07248924584789984,0.02596983316981035,0.0984590790177102,medium,Strong Sell,4,SYNTHETIC (Phase 2B/2C planted-signal SYN_* sample; no --db-url given — NOT real market data)
SYN_D,2024-02-09,2026-06-16T18:44:53,2024-02-16,phase2-ridge-20260616-7bda0e,phase2a-19f-7d7ba3b1,5,-0.007026745558092911,-0.007026745558092911,0.3093220338983051,-0.07084080220904594,0.02761827680866425,0.0984590790177102,medium,Strong Sell,4,SYNTHETIC (Phase 2B/2C planted-signal SYN_* sample; no --db-url given — NOT real market data)
SYN_D,2024-02-12,2026-06-16T18:44:53,2024-02-19,phase2-ridge-20260616-7bda0e,phase2a-19f-7d7ba3b1,5,-0.007569911108099266,-0.007569911108099266,0.3093220338983051,-0.0713839677590523,0.0270751112586579,0.0984590790177102,medium,Strong Sell,4,SYNTHETIC (Phase 2B/2C planted-signal SYN_* sample; no --db-url given — NOT real market data)
SYN_D,2024-02-13,2026-06-16T18:44:53,2024-02-20,phase2-ridge-20260616-7bda0e,phase2a-19f-7d7ba3b1,5,-0.006310351811424291,-0.006310351811424291,0.3093220338983051,-0.07012440846237733,0.028334670555332873,0.0984590790177102,high,Sell,3,SYNTHETIC (Phase 2B/2C planted-signal SYN_* sample; no --db-url given — NOT real market data)
SYN_D,2024-02-14,2026-06-16T18:44:53,2024-02-21,phase2-ridge-20260616-7bda0e,phase2a-19f-7d7ba3b1,5,-0.006960507749098461,-0.006960507749098461,0.3093220338983051,-0.07077456440005149,0.027684514617658702,0.0984590790177102,medium,Strong Sell,4,SYNTHETIC (Phase 2B/2C planted-signal SYN_* sample; no --db-url given — NOT real market data)
SYN_D,2024-02-15,2026-06-16T18:44:53,2024-02-22,phase2-ridge-20260616-7bda0e,phase2a-19f-7d7ba3b1,5,-0.0048193770351443194,-0.0048193770351443194,0.3093220338983051,-0.06863343368609735,0.029825645331612846,0.0984590790177102,high,Sell,4,SYNTHETIC (Phase 2B/2C planted-signal SYN_* sample; no --db-url given — NOT real market data)
SYN_D,2024-02-16,2026-06-16T18:44:53,2024-02-23,phase2-ridge-20260616-7bda0e,phase2a-19f-7d7ba3b1,5,-0.005513081378146153,-0.005513081378146153,0.3093220338983051,-0.06932713802909919,0.02913194098861101,0.0984590790177102,high,Sell,4,SYNTHETIC (Phase 2B/2C planted-signal SYN_* sample; no --db-url given — NOT real market data)
SYN_E,2024-01-12,2026-06-16T18:44:53,2024-01-19,phase2-ridge-20260616-7bda0e,phase2a-19f-7d7ba3b1,5,-0.016568658273647598,-0.016568658273647598,0.3,-0.08038271492460064,0.018076364093109566,0.0984590790177102,low,Strong Sell,7,SYNTHETIC (Phase 2B/2C planted-signal SYN_* sample; no --db-url given — NOT real market data)
SYN_E,2024-01-15,2026-06-16T18:44:53,2024-01-22,phase2-ridge-20260616-7bda0e,phase2a-19f-7d7ba3b1,5,-0.012580356498889386,-0.012580356498889386,0.3,-0.07639441314984242,0.02206466586786778,0.0984590790177102,medium,Strong Sell,7,SYNTHETIC (Phase 2B/2C planted-signal SYN_* sample; no --db-url given — NOT real market data)
SYN_E,2024-01-16,2026-06-16T18:44:53,2024-01-23,phase2-ridge-20260616-7bda0e,phase2a-19f-7d7ba3b1,5,-0.015313188062234567,-0.015313188062234567,0.3,-0.0791272447131876,0.019331834304522597,0.0984590790177102,low,Strong Sell,7,SYNTHETIC (Phase 2B/2C planted-signal SYN_* sample; no --db-url given — NOT real market data)
SYN_E,2024-01-17,2026-06-16T18:44:53,2024-01-24,phase2-ridge-20260616-7bda0e,phase2a-19f-7d7ba3b1,5,-0.014270952723160675,-0.014270952723160675,0.3,-0.07808500937411371,0.02037406964359649,0.0984590790177102,medium,Strong Sell,7,SYNTHETIC (Phase 2B/2C planted-signal SYN_* sample; no --db-url given — NOT real market data)
SYN_E,2024-01-18,2026-06-16T18:44:53,2024-01-25,phase2-ridge-20260616-7bda0e,phase2a-19f-7d7ba3b1,5,-0.013051579861451187,-0.013051579861451187,0.3,-0.07686563651240422,0.021593442505305975,0.0984590790177102,medium,Strong Sell,7,SYNTHETIC (Phase 2B/2C planted-signal SYN_* sample; no --db-url given — NOT real market data)
SYN_E,2024-01-19,2026-06-16T18:44:53,2024-01-26,phase2-ridge-20260616-7bda0e,phase2a-19f-7d7ba3b1,5,-0.015474738967034846,-0.015474738967034846,0.3,-0.07928879561798788,0.019170283399722318,0.0984590790177102,low,Strong Sell,7,SYNTHETIC (Phase 2B/2C planted-signal SYN_* sample; no --db-url given — NOT real market data)
SYN_E,2024-01-22,2026-06-16T18:44:53,2024-01-29,phase2-ridge-20260616-7bda0e,phase2a-19f-7d7ba3b1,5,-0.015525814277095795,-0.015525814277095795,0.3,-0.07933987092804883,0.019119208089661367,0.0984590790177102,low,Strong Sell,7,SYNTHETIC (Phase 2B/2C planted-signal SYN_* sample; no --db-url given — NOT real market data)
SYN_E,2024-01-23,2026-06-16T18:44:53,2024-01-30,phase2-ridge-20260616-7bda0e,phase2a-19f-7d7ba3b1,5,-0.012870745380733344,-0.012870745380733344,0.3,-0.07668480203168637,0.02177427698602382,0.0984590790177102,medium,Strong Sell,6,SYNTHETIC (Phase 2B/2C planted-signal SYN_* sample; no --db-url given — NOT real market data)
SYN_E,2024-01-24,2026-06-16T18:44:53,2024-01-31,phase2-ridge-20260616-7bda0e,phase2a-19f-7d7ba3b1,5,-0.01325788950425872,-0.01325788950425872,0.3,-0.07707194615521176,0.021387132862498444,0.0984590790177102,medium,Strong Sell,6,SYNTHETIC (Phase 2B/2C planted-signal SYN_* sample; no --db-url given — NOT real market data)
SYN_E,2024-01-25,2026-06-16T18:44:53,2024-02-01,phase2-ridge-20260616-7bda0e,phase2a-19f-7d7ba3b1,5,-0.015376003574501546,-0.015376003574501546,0.3,-0.07919006022545458,0.019269018792255618,0.0984590790177102,low,Strong Sell,7,SYNTHETIC (Phase 2B/2C planted-signal SYN_* sample; no --db-url given — NOT real market data)
SYN_E,2024-01-26,2026-06-16T18:44:53,2024-02-02,phase2-ridge-20260616-7bda0e,phase2a-19f-7d7ba3b1,5,-0.012951805633342918,-0.012951805633342918,0.3,-0.07676586228429595,0.021693216733414247,0.0984590790177102,medium,Strong Sell,6,SYNTHETIC (Phase 2B/2C planted-signal SYN_* sample; no --db-url given — NOT real market data)
SYN_E,2024-01-29,2026-06-16T18:44:53,2024-02-05,phase2-ridge-20260616-7bda0e,phase2a-19f-7d7ba3b1,5,-0.013485606642466256,-0.013485606642466256,0.3,-0.0772996632934193,0.021159415724290906,0.0984590790177102,medium,Strong Sell,6,SYNTHETIC (Phase 2B/2C planted-signal SYN_* sample; no --db-url given — NOT real market data)
SYN_E,2024-01-30,2026-06-16T18:44:53,2024-02-06,phase2-ridge-20260616-7bda0e,phase2a-19f-7d7ba3b1,5,-0.012666787407992293,-0.012666787407992293,0.3,-0.07648084405894533,0.021978234958764872,0.0984590790177102,medium,Strong Sell,6,SYNTHETIC (Phase 2B/2C planted-signal SYN_* sample; no --db-url given — NOT real market data)
SYN_E,2024-01-31,2026-06-16T18:44:53,2024-02-07,phase2-ridge-20260616-7bda0e,phase2a-19f-7d7ba3b1,5,-0.013594572214637802,-0.013594572214637802,0.3,-0.07740862886559084,0.021050450152119364,0.0984590790177102,medium,Strong Sell,6,SYNTHETIC (Phase 2B/2C planted-signal SYN_* sample; no --db-url given — NOT real market data)
SYN_E,2024-02-01,2026-06-16T18:44:53,2024-02-08,phase2-ridge-20260616-7bda0e,phase2a-19f-7d7ba3b1,5,-0.0135406334620513,-0.0135406334620513,0.3,-0.07735469011300433,0.021104388904705864,0.0984590790177102,medium,Strong Sell,6,SYNTHETIC (Phase 2B/2C planted-signal SYN_* sample; no --db-url given — NOT real market data)
SYN_E,2024-02-02,2026-06-16T18:44:53,2024-02-09,phase2-ridge-20260616-7bda0e,phase2a-19f-7d7ba3b1,5,-0.014780377364428263,-0.014780377364428263,0.3,-0.0785944340153813,0.0198646450023289,0.0984590790177102,low,Strong Sell,7,SYNTHETIC (Phase 2B/2C planted-signal SYN_* sample; no --db-url given — NOT real market data)
SYN_E,2024-02-05,2026-06-16T18:44:53,2024-02-12,phase2-ridge-20260616-7bda0e,phase2a-19f-7d7ba3b1,5,-0.013408058327010308,-0.013408058327010308,0.3,-0.07722211497796334,0.021236964039746856,0.0984590790177102,medium,Strong Sell,6,SYNTHETIC (Phase 2B/2C planted-signal SYN_* sample; no --db-url given — NOT real market data)
SYN_E,2024-02-06,2026-06-16T18:44:53,2024-02-13,phase2-ridge-20260616-7bda0e,phase2a-19f-7d7ba3b1,5,-0.015070588158035577,-0.015070588158035577,0.3,-0.07888464480898862,0.019574434208721587,0.0984590790177102,low,Strong Sell,6,SYNTHETIC (Phase 2B/2C planted-signal SYN_* sample; no --db-url given — NOT real market data)
SYN_E,2024-02-07,2026-06-16T18:44:53,2024-02-14,phase2-ridge-20260616-7bda0e,phase2a-19f-7d7ba3b1,5,-0.014454163472714655,-0.014454163472714655,0.3,-0.07826822012366769,0.02019085889404251,0.0984590790177102,low,Strong Sell,6,SYNTHETIC (Phase 2B/2C planted-signal SYN_* sample; no --db-url given — NOT real market data)
SYN_E,2024-02-08,2026-06-16T18:44:53,2024-02-15,phase2-ridge-20260616-7bda0e,phase2a-19f-7d7ba3b1,5,-0.012986971511432115,-0.012986971511432115,0.3,-0.07680102816238515,0.02165805085532505,0.0984590790177102,medium,Strong Sell,6,SYNTHETIC (Phase 2B/2C planted-signal SYN_* sample; no --db-url given — NOT real market data)
SYN_E,2024-02-09,2026-06-16T18:44:53,2024-02-16,phase2-ridge-20260616-7bda0e,phase2a-19f-7d7ba3b1,5,-0.014721289211368995,-0.014721289211368995,0.3,-0.07853534586232203,0.019923733155388167,0.0984590790177102,low,Strong Sell,7,SYNTHETIC (Phase 2B/2C planted-signal SYN_* sample; no --db-url given — NOT real market data)
SYN_E,2024-02-12,2026-06-16T18:44:53,2024-02-19,phase2-ridge-20260616-7bda0e,phase2a-19f-7d7ba3b1,5,-0.013469997119754953,-0.013469997119754953,0.3,-0.07728405377070799,0.02117502524700221,0.0984590790177102,medium,Strong Sell,7,SYNTHETIC (Phase 2B/2C planted-signal SYN_* sample; no --db-url given — NOT real market data)
SYN_E,2024-02-13,2026-06-16T18:44:53,2024-02-20,phase2-ridge-20260616-7bda0e,phase2a-19f-7d7ba3b1,5,-0.012983266311912205,-0.012983266311912205,0.3,-0.07679732296286523,0.02166175605484496,0.0984590790177102,medium,Strong Sell,7,SYNTHETIC (Phase 2B/2C planted-signal SYN_* sample; no --db-url given — NOT real market data)
SYN_E,2024-02-14,2026-06-16T18:44:53,2024-02-21,phase2-ridge-20260616-7bda0e,phase2a-19f-7d7ba3b1,5,-0.01475512335891195,-0.01475512335891195,0.3,-0.07856918000986499,0.019889899007845213,0.0984590790177102,low,Strong Sell,7,SYNTHETIC (Phase 2B/2C planted-signal SYN_* sample; no --db-url given — NOT real market data)
SYN_E,2024-02-15,2026-06-16T18:44:53,2024-02-22,phase2-ridge-20260616-7bda0e,phase2a-19f-7d7ba3b1,5,-0.01313701675769707,-0.01313701675769707,0.3,-0.07695107340865011,0.021508005609060094,0.0984590790177102,medium,Strong Sell,7,SYNTHETIC (Phase 2B/2C planted-signal SYN_* sample; no --db-url given — NOT real market data)
SYN_E,2024-02-16,2026-06-16T18:44:53,2024-02-23,phase2-ridge-20260616-7bda0e,phase2a-19f-7d7ba3b1,5,-0.015214544181331495,-0.015214544181331495,0.3,-0.07902860083228452,0.01943047818542567,0.0984590790177102,low,Strong Sell,7,SYNTHETIC (Phase 2B/2C planted-signal SYN_* sample; no --db-url given — NOT real market data)
SYN_F,2024-01-12,2026-06-16T18:44:53,2024-01-19,phase2-ridge-20260616-7bda0e,phase2a-19f-7d7ba3b1,5,0.01740930877342819,0.01740930877342819,0.5641025641025641,-0.04640474787752484,0.05205433114018536,0.0984590790177102,low,Buy,2,SYNTHETIC (Phase 2B/2C planted-signal SYN_* sample; no --db-url given — NOT real market data)
SYN_F,2024-01-15,2026-06-16T18:44:53,2024-01-22,phase2-ridge-20260616-7bda0e,phase2a-19f-7d7ba3b1,5,0.017649768784683502,0.017649768784683502,0.5641025641025641,-0.046164287866269534,0.052294791151440666,0.0984590790177102,low,Buy,2,SYNTHETIC (Phase 2B/2C planted-signal SYN_* sample; no --db-url given — NOT real market data)
SYN_F,2024-01-16,2026-06-16T18:44:53,2024-01-23,phase2-ridge-20260616-7bda0e,phase2a-19f-7d7ba3b1,5,0.015737603726465918,0.015737603726465918,0.5641025641025641,-0.04807645292448712,0.05038262609322308,0.0984590790177102,low,Buy,2,SYNTHETIC (Phase 2B/2C planted-signal SYN_* sample; no --db-url given — NOT real market data)
SYN_F,2024-01-17,2026-06-16T18:44:53,2024-01-24,phase2-ridge-20260616-7bda0e,phase2a-19f-7d7ba3b1,5,0.015476101308606206,0.015476101308606206,0.5641025641025641,-0.04833795534234683,0.050121123675363366,0.0984590790177102,low,Buy,2,SYNTHETIC (Phase 2B/2C planted-signal SYN_* sample; no --db-url given — NOT real market data)
SYN_F,2024-01-18,2026-06-16T18:44:53,2024-01-25,phase2-ridge-20260616-7bda0e,phase2a-19f-7d7ba3b1,5,0.014554644984002794,0.014554644984002794,0.5641025641025641,-0.04925941166695024,0.04919966735075996,0.0984590790177102,low,Buy,2,SYNTHETIC (Phase 2B/2C planted-signal SYN_* sample; no --db-url given — NOT real market data)
SYN_F,2024-01-19,2026-06-16T18:44:53,2024-01-26,phase2-ridge-20260616-7bda0e,phase2a-19f-7d7ba3b1,5,0.015009705420631632,0.015009705420631632,0.5641025641025641,-0.048804351230321404,0.049654727787388796,0.0984590790177102,low,Buy,2,SYNTHETIC (Phase 2B/2C planted-signal SYN_* sample; no --db-url given — NOT real market data)
SYN_F,2024-01-22,2026-06-16T18:44:53,2024-01-29,phase2-ridge-20260616-7bda0e,phase2a-19f-7d7ba3b1,5,0.01292853718864596,0.01292853718864596,0.5641025641025641,-0.05088551946230707,0.04757355955540313,0.0984590790177102,medium,Buy,2,SYNTHETIC (Phase 2B/2C planted-signal SYN_* sample; no --db-url given — NOT real market data)
SYN_F,2024-01-23,2026-06-16T18:44:53,2024-01-30,phase2-ridge-20260616-7bda0e,phase2a-19f-7d7ba3b1,5,0.014073812451522172,0.014073812451522172,0.5641025641025641,-0.049740244199430864,0.048718834818279336,0.0984590790177102,medium,Buy,2,SYNTHETIC (Phase 2B/2C planted-signal SYN_* sample; no --db-url given — NOT real market data)
SYN_F,2024-01-24,2026-06-16T18:44:53,2024-01-31,phase2-ridge-20260616-7bda0e,phase2a-19f-7d7ba3b1,5,0.011911100126217971,0.011911100126217971,0.5641025641025641,-0.05190295652473506,0.04655612249297514,0.0984590790177102,medium,Buy,2,SYNTHETIC (Phase 2B/2C planted-signal SYN_* sample; no --db-url given — NOT real market data)
SYN_F,2024-01-25,2026-06-16T18:44:53,2024-02-01,phase2-ridge-20260616-7bda0e,phase2a-19f-7d7ba3b1,5,0.012205381143621226,0.012205381143621226,0.5641025641025641,-0.05160867550733181,0.04685040351037839,0.0984590790177102,medium,Buy,2,SYNTHETIC (Phase 2B/2C planted-signal SYN_* sample; no --db-url given — NOT real market data)
SYN_F,2024-01-26,2026-06-16T18:44:53,2024-02-02,phase2-ridge-20260616-7bda0e,phase2a-19f-7d7ba3b1,5,0.011039836581603589,0.011039836581603589,0.5641025641025641,-0.052774220069349446,0.04568485894836075,0.0984590790177102,medium,Buy,2,SYNTHETIC (Phase 2B/2C planted-signal SYN_* sample; no --db-url given — NOT real market data)
SYN_F,2024-01-29,2026-06-16T18:44:53,2024-02-05,phase2-ridge-20260616-7bda0e,phase2a-19f-7d7ba3b1,5,0.01118500915511269,0.01118500915511269,0.5641025641025641,-0.052629047495840346,0.04583003152186985,0.0984590790177102,medium,Buy,2,SYNTHETIC (Phase 2B/2C planted-signal SYN_* sample; no --db-url given — NOT real market data)
SYN_F,2024-01-30,2026-06-16T18:44:53,2024-02-06,phase2-ridge-20260616-7bda0e,phase2a-19f-7d7ba3b1,5,0.012767092467315016,0.012767092467315016,0.5641025641025641,-0.05104696418363802,0.04741211483407218,0.0984590790177102,medium,Buy,2,SYNTHETIC (Phase 2B/2C planted-signal SYN_* sample; no --db-url given — NOT real market data)
SYN_F,2024-01-31,2026-06-16T18:44:53,2024-02-07,phase2-ridge-20260616-7bda0e,phase2a-19f-7d7ba3b1,5,0.01437831368468603,0.01437831368468603,0.5641025641025641,-0.049435742966267,0.0490233360514432,0.0984590790177102,low,Buy,2,SYNTHETIC (Phase 2B/2C planted-signal SYN_* sample; no --db-url given — NOT real market data)
SYN_F,2024-02-01,2026-06-16T18:44:53,2024-02-08,phase2-ridge-20260616-7bda0e,phase2a-19f-7d7ba3b1,5,0.014986813844519487,0.014986813844519487,0.5641025641025641,-0.04882724280643355,0.04963183621127665,0.0984590790177102,low,Buy,2,SYNTHETIC (Phase 2B/2C planted-signal SYN_* sample; no --db-url given — NOT real market data)
SYN_F,2024-02-02,2026-06-16T18:44:53,2024-02-09,phase2-ridge-20260616-7bda0e,phase2a-19f-7d7ba3b1,5,0.017782452764416864,0.017782452764416864,0.5641025641025641,-0.04603160388653617,0.05242747513117403,0.0984590790177102,low,Buy,2,SYNTHETIC (Phase 2B/2C planted-signal SYN_* sample; no --db-url given — NOT real market data)
SYN_F,2024-02-05,2026-06-16T18:44:53,2024-02-12,phase2-ridge-20260616-7bda0e,phase2a-19f-7d7ba3b1,5,0.014558911238780337,0.014558911238780337,0.5641025641025641,-0.0492551454121727,0.0492039336055375,0.0984590790177102,low,Buy,2,SYNTHETIC (Phase 2B/2C planted-signal SYN_* sample; no --db-url given — NOT real market data)
SYN_F,2024-02-06,2026-06-16T18:44:53,2024-02-13,phase2-ridge-20260616-7bda0e,phase2a-19f-7d7ba3b1,5,0.016174807723875275,0.016174807723875275,0.5641025641025641,-0.04763924892707776,0.05081983009063244,0.0984590790177102,low,Buy,2,SYNTHETIC (Phase 2B/2C planted-signal SYN_* sample; no --db-url given — NOT real market data)
SYN_F,2024-02-07,2026-06-16T18:44:53,2024-02-14,phase2-ridge-20260616-7bda0e,phase2a-19f-7d7ba3b1,5,0.01774871166376694,0.01774871166376694,0.5641025641025641,-0.04606534498718609,0.05239373403052411,0.0984590790177102,low,Buy,2,SYNTHETIC (Phase 2B/2C planted-signal SYN_* sample; no --db-url given — NOT real market data)
SYN_F,2024-02-08,2026-06-16T18:44:53,2024-02-15,phase2-ridge-20260616-7bda0e,phase2a-19f-7d7ba3b1,5,0.014815774483916265,0.014815774483916265,0.5641025641025641,-0.04899828216703677,0.04946079685067343,0.0984590790177102,low,Buy,2,SYNTHETIC (Phase 2B/2C planted-signal SYN_* sample; no --db-url given — NOT real market data)
SYN_F,2024-02-09,2026-06-16T18:44:53,2024-02-16,phase2-ridge-20260616-7bda0e,phase2a-19f-7d7ba3b1,5,0.015190178781175092,0.015190178781175092,0.5641025641025641,-0.04862387786977794,0.04983520114793226,0.0984590790177102,low,Buy,2,SYNTHETIC (Phase 2B/2C planted-signal SYN_* sample; no --db-url given — NOT real market data)
SYN_F,2024-02-12,2026-06-16T18:44:53,2024-02-19,phase2-ridge-20260616-7bda0e,phase2a-19f-7d7ba3b1,5,0.01301327608336792,0.01301327608336792,0.5641025641025641,-0.050800780567585115,0.047658298450125085,0.0984590790177102,medium,Buy,2,SYNTHETIC (Phase 2B/2C planted-signal SYN_* sample; no --db-url given — NOT real market data)
SYN_F,2024-02-13,2026-06-16T18:44:53,2024-02-20,phase2-ridge-20260616-7bda0e,phase2a-19f-7d7ba3b1,5,0.014370222504127908,0.014370222504127908,0.5641025641025641,-0.04944383414682513,0.04901524487088507,0.0984590790177102,low,Buy,2,SYNTHETIC (Phase 2B/2C planted-signal SYN_* sample; no --db-url given — NOT real market data)
SYN_F,2024-02-14,2026-06-16T18:44:53,2024-02-21,phase2-ridge-20260616-7bda0e,phase2a-19f-7d7ba3b1,5,0.01393620761079553,0.01393620761079553,0.5641025641025641,-0.049877849040157504,0.048581229977552695,0.0984590790177102,medium,Buy,2,SYNTHETIC (Phase 2B/2C planted-signal SYN_* sample; no --db-url given — NOT real market data)
SYN_F,2024-02-15,2026-06-16T18:44:53,2024-02-22,phase2-ridge-20260616-7bda0e,phase2a-19f-7d7ba3b1,5,0.010964594676094723,0.010964594676094723,0.5641025641025641,-0.05284946197485831,0.04560961704285189,0.0984590790177102,medium,Buy,2,SYNTHETIC (Phase 2B/2C planted-signal SYN_* sample; no --db-url given — NOT real market data)
SYN_F,2024-02-16,2026-06-16T18:44:53,2024-02-23,phase2-ridge-20260616-7bda0e,phase2a-19f-7d7ba3b1,5,0.010690923958459341,0.010690923958459341,0.5641025641025641,-0.05312313269249369,0.04533594632521651,0.0984590790177102,medium,Buy,2,SYNTHETIC (Phase 2B/2C planted-signal SYN_* sample; no --db-url given — NOT real market data)
SYN_G,2024-01-12,2026-06-16T18:44:53,2024-01-19,phase2-ridge-20260616-7bda0e,phase2a-19f-7d7ba3b1,5,-0.012303333950252952,-0.012303333950252952,0.3,-0.07611739060120598,0.02234168841650421,0.0984590790177102,medium,Strong Sell,6,SYNTHETIC (Phase 2B/2C planted-signal SYN_* sample; no --db-url given — NOT real market data)
SYN_G,2024-01-15,2026-06-16T18:44:53,2024-01-22,phase2-ridge-20260616-7bda0e,phase2a-19f-7d7ba3b1,5,-0.012404532197222162,-0.012404532197222162,0.3,-0.0762185888481752,0.022240490169535002,0.0984590790177102,medium,Strong Sell,6,SYNTHETIC (Phase 2B/2C planted-signal SYN_* sample; no --db-url given — NOT real market data)
SYN_G,2024-01-16,2026-06-16T18:44:53,2024-01-23,phase2-ridge-20260616-7bda0e,phase2a-19f-7d7ba3b1,5,-0.011482679184936001,-0.011482679184936001,0.3,-0.07529673583588904,0.023162343181821164,0.0984590790177102,medium,Strong Sell,6,SYNTHETIC (Phase 2B/2C planted-signal SYN_* sample; no --db-url given — NOT real market data)
SYN_G,2024-01-17,2026-06-16T18:44:53,2024-01-24,phase2-ridge-20260616-7bda0e,phase2a-19f-7d7ba3b1,5,-0.010276021244584717,-0.010276021244584717,0.3093220338983051,-0.07409007789553776,0.024369001122172447,0.0984590790177102,medium,Strong Sell,6,SYNTHETIC (Phase 2B/2C planted-signal SYN_* sample; no --db-url given — NOT real market data)
SYN_G,2024-01-18,2026-06-16T18:44:53,2024-01-25,phase2-ridge-20260616-7bda0e,phase2a-19f-7d7ba3b1,5,-0.011362114999852676,-0.011362114999852676,0.3,-0.07517617165080571,0.023282907366904488,0.0984590790177102,medium,Strong Sell,6,SYNTHETIC (Phase 2B/2C planted-signal SYN_* sample; no --db-url given — NOT real market data)
SYN_G,2024-01-19,2026-06-16T18:44:53,2024-01-26,phase2-ridge-20260616-7bda0e,phase2a-19f-7d7ba3b1,5,-0.010068952925897335,-0.010068952925897335,0.3093220338983051,-0.07388300957685037,0.024576069440859827,0.0984590790177102,medium,Strong Sell,6,SYNTHETIC (Phase 2B/2C planted-signal SYN_* sample; no --db-url given — NOT real market data)
SYN_G,2024-01-22,2026-06-16T18:44:53,2024-01-29,phase2-ridge-20260616-7bda0e,phase2a-19f-7d7ba3b1,5,-0.00984125627860286,-0.00984125627860286,0.3093220338983051,-0.07365531292955589,0.024803766088154305,0.0984590790177102,medium,Strong Sell,6,SYNTHETIC (Phase 2B/2C planted-signal SYN_* sample; no --db-url given — NOT real market data)
SYN_G,2024-01-23,2026-06-16T18:44:53,2024-01-30,phase2-ridge-20260616-7bda0e,phase2a-19f-7d7ba3b1,5,-0.013449453327850499,-0.013449453327850499,0.3,-0.07726350997880353,0.021195569038906667,0.0984590790177102,medium,Strong Sell,7,SYNTHETIC (Phase 2B/2C planted-signal SYN_* sample; no --db-url given — NOT real market data)
SYN_G,2024-01-24,2026-06-16T18:44:53,2024-01-31,phase2-ridge-20260616-7bda0e,phase2a-19f-7d7ba3b1,5,-0.01486093405169715,-0.01486093405169715,0.3,-0.07867499070265019,0.019784088315060015,0.0984590790177102,low,Strong Sell,7,SYNTHETIC (Phase 2B/2C planted-signal SYN_* sample; no --db-url given — NOT real market data)
SYN_G,2024-01-25,2026-06-16T18:44:53,2024-02-01,phase2-ridge-20260616-7bda0e,phase2a-19f-7d7ba3b1,5,-0.014462942980941366,-0.014462942980941366,0.3,-0.0782769996318944,0.020182079385815798,0.0984590790177102,low,Strong Sell,6,SYNTHETIC (Phase 2B/2C planted-signal SYN_* sample; no --db-url given — NOT real market data)
SYN_G,2024-01-26,2026-06-16T18:44:53,2024-02-02,phase2-ridge-20260616-7bda0e,phase2a-19f-7d7ba3b1,5,-0.013784937913920145,-0.013784937913920145,0.3,-0.07759899456487318,0.02086008445283702,0.0984590790177102,medium,Strong Sell,7,SYNTHETIC (Phase 2B/2C planted-signal SYN_* sample; no --db-url given — NOT real market data)
SYN_G,2024-01-29,2026-06-16T18:44:53,2024-02-05,phase2-ridge-20260616-7bda0e,phase2a-19f-7d7ba3b1,5,-0.014809369857636485,-0.014809369857636485,0.3,-0.07862342650858953,0.01983565250912068,0.0984590790177102,low,Strong Sell,7,SYNTHETIC (Phase 2B/2C planted-signal SYN_* sample; no --db-url given — NOT real market data)
SYN_G,2024-01-30,2026-06-16T18:44:53,2024-02-06,phase2-ridge-20260616-7bda0e,phase2a-19f-7d7ba3b1,5,-0.013169399590203846,-0.013169399590203846,0.3,-0.07698345624115688,0.021475622776553318,0.0984590790177102,medium,Strong Sell,7,SYNTHETIC (Phase 2B/2C planted-signal SYN_* sample; no --db-url given — NOT real market data)
SYN_G,2024-01-31,2026-06-16T18:44:53,2024-02-07,phase2-ridge-20260616-7bda0e,phase2a-19f-7d7ba3b1,5,-0.01430330591192897,-0.01430330591192897,0.3,-0.078117362562882,0.020341716454828192,0.0984590790177102,medium,Strong Sell,7,SYNTHETIC (Phase 2B/2C planted-signal SYN_* sample; no --db-url given — NOT real market data)
SYN_G,2024-02-01,2026-06-16T18:44:53,2024-02-08,phase2-ridge-20260616-7bda0e,phase2a-19f-7d7ba3b1,5,-0.014408762543554405,-0.014408762543554405,0.3,-0.07822281919450744,0.02023625982320276,0.0984590790177102,low,Strong Sell,7,SYNTHETIC (Phase 2B/2C planted-signal SYN_* sample; no --db-url given — NOT real market data)
SYN_G,2024-02-02,2026-06-16T18:44:53,2024-02-09,phase2-ridge-20260616-7bda0e,phase2a-19f-7d7ba3b1,5,-0.013609541452935584,-0.013609541452935584,0.3,-0.07742359810388862,0.02103548091382158,0.0984590790177102,medium,Strong Sell,6,SYNTHETIC (Phase 2B/2C planted-signal SYN_* sample; no --db-url given — NOT real market data)
SYN_G,2024-02-05,2026-06-16T18:44:53,2024-02-12,phase2-ridge-20260616-7bda0e,phase2a-19f-7d7ba3b1,5,-0.011723784771486856,-0.011723784771486856,0.3,-0.0755378414224399,0.02292123759527031,0.0984590790177102,medium,Strong Sell,5,SYNTHETIC (Phase 2B/2C planted-signal SYN_* sample; no --db-url given — NOT real market data)
SYN_G,2024-02-06,2026-06-16T18:44:53,2024-02-13,phase2-ridge-20260616-7bda0e,phase2a-19f-7d7ba3b1,5,-0.008744889414052335,-0.008744889414052335,0.3093220338983051,-0.07255894606500538,0.02590013295270483,0.0984590790177102,medium,Strong Sell,5,SYNTHETIC (Phase 2B/2C planted-signal SYN_* sample; no --db-url given — NOT real market data)
SYN_G,2024-02-07,2026-06-16T18:44:53,2024-02-14,phase2-ridge-20260616-7bda0e,phase2a-19f-7d7ba3b1,5,-0.010326057477194818,-0.010326057477194818,0.3,-0.07414011412814786,0.024318964889562346,0.0984590790177102,medium,Strong Sell,5,SYNTHETIC (Phase 2B/2C planted-signal SYN_* sample; no --db-url given — NOT real market data)
SYN_G,2024-02-08,2026-06-16T18:44:53,2024-02-15,phase2-ridge-20260616-7bda0e,phase2a-19f-7d7ba3b1,5,-0.010606381226252362,-0.010606381226252362,0.3,-0.0744204378772054,0.0240386411405048,0.0984590790177102,medium,Strong Sell,5,SYNTHETIC (Phase 2B/2C planted-signal SYN_* sample; no --db-url given — NOT real market data)
SYN_G,2024-02-09,2026-06-16T18:44:53,2024-02-16,phase2-ridge-20260616-7bda0e,phase2a-19f-7d7ba3b1,5,-0.013274526175526713,-0.013274526175526713,0.3,-0.07708858282647975,0.02137049619123045,0.0984590790177102,medium,Strong Sell,6,SYNTHETIC (Phase 2B/2C planted-signal SYN_* sample; no --db-url given — NOT real market data)
SYN_G,2024-02-12,2026-06-16T18:44:53,2024-02-19,phase2-ridge-20260616-7bda0e,phase2a-19f-7d7ba3b1,5,-0.008496129634710402,-0.008496129634710402,0.3093220338983051,-0.07231018628566344,0.026148892732046763,0.0984590790177102,medium,Strong Sell,5,SYNTHETIC (Phase 2B/2C planted-signal SYN_* sample; no --db-url given — NOT real market data)
SYN_G,2024-02-13,2026-06-16T18:44:53,2024-02-20,phase2-ridge-20260616-7bda0e,phase2a-19f-7d7ba3b1,5,-0.010645633601039933,-0.010645633601039933,0.3,-0.07445969025199296,0.02399938876571723,0.0984590790177102,medium,Strong Sell,6,SYNTHETIC (Phase 2B/2C planted-signal SYN_* sample; no --db-url given — NOT real market data)
SYN_G,2024-02-14,2026-06-16T18:44:53,2024-02-21,phase2-ridge-20260616-7bda0e,phase2a-19f-7d7ba3b1,5,-0.011383937482776486,-0.011383937482776486,0.3,-0.07519799413372952,0.023261084883980678,0.0984590790177102,medium,Strong Sell,6,SYNTHETIC (Phase 2B/2C planted-signal SYN_* sample; no --db-url given — NOT real market data)
SYN_G,2024-02-15,2026-06-16T18:44:53,2024-02-22,phase2-ridge-20260616-7bda0e,phase2a-19f-7d7ba3b1,5,-0.009997765221532146,-0.009997765221532146,0.3093220338983051,-0.07381182187248518,0.02464725714522502,0.0984590790177102,medium,Strong Sell,5,SYNTHETIC (Phase 2B/2C planted-signal SYN_* sample; no --db-url given — NOT real market data)
SYN_G,2024-02-16,2026-06-16T18:44:53,2024-02-23,phase2-ridge-20260616-7bda0e,phase2a-19f-7d7ba3b1,5,-0.007789323804787659,-0.007789323804787659,0.3093220338983051,-0.07160338045574069,0.026855698561969503,0.0984590790177102,medium,Strong Sell,5,SYNTHETIC (Phase 2B/2C planted-signal SYN_* sample; no --db-url given — NOT real market data)
SYN_H,2024-01-12,2026-06-16T18:44:53,2024-01-19,phase2-ridge-20260616-7bda0e,phase2a-19f-7d7ba3b1,5,-0.020107160307454134,-0.020107160307454134,0.0,-0.08392121695840717,0.01453786205930303,0.0984590790177102,low,Strong Sell,8,SYNTHETIC (Phase 2B/2C planted-signal SYN_* sample; no --db-url given — NOT real market data)
SYN_H,2024-01-15,2026-06-16T18:44:53,2024-01-22,phase2-ridge-20260616-7bda0e,phase2a-19f-7d7ba3b1,5,-0.022323174711772576,-0.022323174711772576,0.0,-0.08613723136272561,0.012321847654984588,0.0984590790177102,low,Strong Sell,8,SYNTHETIC (Phase 2B/2C planted-signal SYN_* sample; no --db-url given — NOT real market data)
SYN_H,2024-01-16,2026-06-16T18:44:53,2024-01-23,phase2-ridge-20260616-7bda0e,phase2a-19f-7d7ba3b1,5,-0.02021652248099383,-0.02021652248099383,0.0,-0.08403057913194686,0.014428499885763335,0.0984590790177102,low,Strong Sell,8,SYNTHETIC (Phase 2B/2C planted-signal SYN_* sample; no --db-url given — NOT real market data)
SYN_H,2024-01-17,2026-06-16T18:44:53,2024-01-24,phase2-ridge-20260616-7bda0e,phase2a-19f-7d7ba3b1,5,-0.01880512921989499,-0.01880512921989499,0.09626712459324811,-0.08261918587084803,0.015839893146862172,0.0984590790177102,low,Strong Sell,8,SYNTHETIC (Phase 2B/2C planted-signal SYN_* sample; no --db-url given — NOT real market data)
SYN_H,2024-01-18,2026-06-16T18:44:53,2024-01-25,phase2-ridge-20260616-7bda0e,phase2a-19f-7d7ba3b1,5,-0.021864757891656685,-0.021864757891656685,0.0,-0.08567881454260973,0.01278026447510048,0.0984590790177102,low,Strong Sell,8,SYNTHETIC (Phase 2B/2C planted-signal SYN_* sample; no --db-url given — NOT real market data)
SYN_H,2024-01-19,2026-06-16T18:44:53,2024-01-26,phase2-ridge-20260616-7bda0e,phase2a-19f-7d7ba3b1,5,-0.02133846608043796,-0.02133846608043796,0.0,-0.085152522731391,0.013306556286319205,0.0984590790177102,low,Strong Sell,8,SYNTHETIC (Phase 2B/2C planted-signal SYN_* sample; no --db-url given — NOT real market data)
SYN_H,2024-01-22,2026-06-16T18:44:53,2024-01-29,phase2-ridge-20260616-7bda0e,phase2a-19f-7d7ba3b1,5,-0.021025065111347035,-0.021025065111347035,0.0,-0.08483912176230007,0.013619957255410129,0.0984590790177102,low,Strong Sell,8,SYNTHETIC (Phase 2B/2C planted-signal SYN_* sample; no --db-url given — NOT real market data)
SYN_H,2024-01-23,2026-06-16T18:44:53,2024-01-30,phase2-ridge-20260616-7bda0e,phase2a-19f-7d7ba3b1,5,-0.020155633763900463,-0.020155633763900463,0.0,-0.0839696904148535,0.014489388602856701,0.0984590790177102,low,Strong Sell,8,SYNTHETIC (Phase 2B/2C planted-signal SYN_* sample; no --db-url given — NOT real market data)
SYN_H,2024-01-24,2026-06-16T18:44:53,2024-01-31,phase2-ridge-20260616-7bda0e,phase2a-19f-7d7ba3b1,5,-0.018246295759314576,-0.018246295759314576,0.18182604311317888,-0.08206035241026761,0.016398726607442588,0.0984590790177102,low,Strong Sell,8,SYNTHETIC (Phase 2B/2C planted-signal SYN_* sample; no --db-url given — NOT real market data)
SYN_H,2024-01-25,2026-06-16T18:44:53,2024-02-01,phase2-ridge-20260616-7bda0e,phase2a-19f-7d7ba3b1,5,-0.019848066190112746,-0.019848066190112746,0.06014073117127372,-0.08366212284106578,0.014796956176644418,0.0984590790177102,low,Strong Sell,8,SYNTHETIC (Phase 2B/2C planted-signal SYN_* sample; no --db-url given — NOT real market data)
SYN_H,2024-01-26,2026-06-16T18:44:53,2024-02-02,phase2-ridge-20260616-7bda0e,phase2a-19f-7d7ba3b1,5,-0.02022999754858244,-0.02022999754858244,0.0,-0.08404405419953548,0.014415024818174724,0.0984590790177102,low,Strong Sell,8,SYNTHETIC (Phase 2B/2C planted-signal SYN_* sample; no --db-url given — NOT real market data)
SYN_H,2024-01-29,2026-06-16T18:44:53,2024-02-05,phase2-ridge-20260616-7bda0e,phase2a-19f-7d7ba3b1,5,-0.02117322259257881,-0.02117322259257881,0.0,-0.08498727924353185,0.013471799774178353,0.0984590790177102,low,Strong Sell,8,SYNTHETIC (Phase 2B/2C planted-signal SYN_* sample; no --db-url given — NOT real market data)
SYN_H,2024-01-30,2026-06-16T18:44:53,2024-02-06,phase2-ridge-20260616-7bda0e,phase2a-19f-7d7ba3b1,5,-0.021367945305215404,-0.021367945305215404,0.0,-0.08518200195616844,0.01327707706154176,0.0984590790177102,low,Strong Sell,8,SYNTHETIC (Phase 2B/2C planted-signal SYN_* sample; no --db-url given — NOT real market data)
SYN_H,2024-01-31,2026-06-16T18:44:53,2024-02-07,phase2-ridge-20260616-7bda0e,phase2a-19f-7d7ba3b1,5,-0.018696080140432156,-0.018696080140432156,0.16666666666666666,-0.08251013679138519,0.015948942226325008,0.0984590790177102,low,Strong Sell,8,SYNTHETIC (Phase 2B/2C planted-signal SYN_* sample; no --db-url given — NOT real market data)
SYN_H,2024-02-01,2026-06-16T18:44:53,2024-02-08,phase2-ridge-20260616-7bda0e,phase2a-19f-7d7ba3b1,5,-0.01878617630762659,-0.01878617630762659,0.1502530287026592,-0.08260023295857963,0.015858846059130575,0.0984590790177102,low,Strong Sell,8,SYNTHETIC (Phase 2B/2C planted-signal SYN_* sample; no --db-url given — NOT real market data)
SYN_H,2024-02-02,2026-06-16T18:44:53,2024-02-09,phase2-ridge-20260616-7bda0e,phase2a-19f-7d7ba3b1,5,-0.018676478279325608,-0.018676478279325608,0.16666666666666666,-0.08249053493027864,0.015968544087431556,0.0984590790177102,low,Strong Sell,8,SYNTHETIC (Phase 2B/2C planted-signal SYN_* sample; no --db-url given — NOT real market data)
SYN_H,2024-02-05,2026-06-16T18:44:53,2024-02-12,phase2-ridge-20260616-7bda0e,phase2a-19f-7d7ba3b1,5,-0.018499235516281687,-0.018499235516281687,0.16666666666666666,-0.08231329216723472,0.016145786850475477,0.0984590790177102,low,Strong Sell,8,SYNTHETIC (Phase 2B/2C planted-signal SYN_* sample; no --db-url given — NOT real market data)
SYN_H,2024-02-06,2026-06-16T18:44:53,2024-02-13,phase2-ridge-20260616-7bda0e,phase2a-19f-7d7ba3b1,5,-0.019742865797964224,-0.019742865797964224,0.09090909090909091,-0.08355692244891726,0.01490215656879294,0.0984590790177102,low,Strong Sell,8,SYNTHETIC (Phase 2B/2C planted-signal SYN_* sample; no --db-url given — NOT real market data)
SYN_H,2024-02-07,2026-06-16T18:44:53,2024-02-14,phase2-ridge-20260616-7bda0e,phase2a-19f-7d7ba3b1,5,-0.01834968716926773,-0.01834968716926773,0.16666666666666666,-0.08216374382022076,0.016295335197489432,0.0984590790177102,low,Strong Sell,8,SYNTHETIC (Phase 2B/2C planted-signal SYN_* sample; no --db-url given — NOT real market data)
SYN_H,2024-02-08,2026-06-16T18:44:53,2024-02-15,phase2-ridge-20260616-7bda0e,phase2a-19f-7d7ba3b1,5,-0.02051321295144744,-0.02051321295144744,0.0,-0.08432726960240047,0.014131809415309723,0.0984590790177102,low,Strong Sell,8,SYNTHETIC (Phase 2B/2C planted-signal SYN_* sample; no --db-url given — NOT real market data)
SYN_H,2024-02-09,2026-06-16T18:44:53,2024-02-16,phase2-ridge-20260616-7bda0e,phase2a-19f-7d7ba3b1,5,-0.018593095336982928,-0.018593095336982928,0.16666666666666666,-0.08240715198793597,0.016051927029774236,0.0984590790177102,low,Strong Sell,8,SYNTHETIC (Phase 2B/2C planted-signal SYN_* sample; no --db-url given — NOT real market data)
SYN_H,2024-02-12,2026-06-16T18:44:53,2024-02-19,phase2-ridge-20260616-7bda0e,phase2a-19f-7d7ba3b1,5,-0.019215589036600585,-0.019215589036600585,0.09090909090909091,-0.08302964568755362,0.015429433330156579,0.0984590790177102,low,Strong Sell,8,SYNTHETIC (Phase 2B/2C planted-signal SYN_* sample; no --db-url given — NOT real market data)
SYN_H,2024-02-13,2026-06-16T18:44:53,2024-02-20,phase2-ridge-20260616-7bda0e,phase2a-19f-7d7ba3b1,5,-0.01982954280277722,-0.01982954280277722,0.06999706254844257,-0.08364359945373026,0.014815479563979946,0.0984590790177102,low,Strong Sell,8,SYNTHETIC (Phase 2B/2C planted-signal SYN_* sample; no --db-url given — NOT real market data)
SYN_H,2024-02-14,2026-06-16T18:44:53,2024-02-21,phase2-ridge-20260616-7bda0e,phase2a-19f-7d7ba3b1,5,-0.018963245109329122,-0.018963245109329122,0.09090909090909091,-0.08277730176028215,0.01568177725742804,0.0984590790177102,low,Strong Sell,8,SYNTHETIC (Phase 2B/2C planted-signal SYN_* sample; no --db-url given — NOT real market data)
SYN_H,2024-02-15,2026-06-16T18:44:53,2024-02-22,phase2-ridge-20260616-7bda0e,phase2a-19f-7d7ba3b1,5,-0.022399144674204573,-0.022399144674204573,0.0,-0.08621320132515761,0.01224587769255259,0.0984590790177102,low,Strong Sell,8,SYNTHETIC (Phase 2B/2C planted-signal SYN_* sample; no --db-url given — NOT real market data)
SYN_H,2024-02-16,2026-06-16T18:44:53,2024-02-23,phase2-ridge-20260616-7bda0e,phase2a-19f-7d7ba3b1,5,-0.02157415038960432,-0.02157415038960432,0.0,-0.08538820704055736,0.013070871977152843,0.0984590790177102,low,Strong Sell,8,SYNTHETIC (Phase 2B/2C planted-signal SYN_* sample; no --db-url given — NOT real market data)
