date,ticker,model,score,forward_excess_return_20d_vs_spy
2017-01-31,AAPL,cross_sectional_composite_zscore,0.231916,0.103113
2017-01-31,AMGN,cross_sectional_composite_zscore,-0.053708,0.091613
2017-01-31,BKNG,cross_sectional_composite_zscore,0.281915,0.046502
2017-01-31,CL,cross_sectional_composite_zscore,-0.947919,0.083665
2017-01-31,DE,cross_sectional_composite_zscore,0.770494,-0.014886
2017-01-31,GD,cross_sectional_composite_zscore,0.651188,0.00873
2017-01-31,IBM,cross_sectional_composite_zscore,0.43465,-0.003022
2017-01-31,KO,cross_sectional_composite_zscore,-0.520877,-0.039647
2017-01-31,MDLZ,cross_sectional_composite_zscore,-0.61964,-0.059259
2017-01-31,NFLX,cross_sectional_composite_zscore,1.057169,-0.040052
2017-01-31,PFE,cross_sectional_composite_zscore,-0.830042,0.041991
2017-01-31,ROP,cross_sectional_composite_zscore,0.394001,0.056195
2017-01-31,SYK,cross_sectional_composite_zscore,-0.071445,0.007037
2017-01-31,UPS,cross_sectional_composite_zscore,-0.657281,-0.067035
2017-01-31,ZTS,cross_sectional_composite_zscore,0.078736,-0.072951
2017-02-28,AMD,cross_sectional_composite_zscore,4.300023,-0.052716
2017-02-28,BAC,cross_sectional_composite_zscore,0.946371,-0.045189
2017-02-28,CI,cross_sectional_composite_zscore,-0.201303,-0.003233
2017-02-28,CVX,cross_sectional_composite_zscore,-0.411775,-0.046844
2017-02-28,FDX,cross_sectional_composite_zscore,-0.525558,-0.013434
2017-02-28,HON,cross_sectional_composite_zscore,0.172405,0.006799
2017-02-28,KLAC,cross_sectional_composite_zscore,0.30469,0.061896
2017-02-28,MCO,cross_sectional_composite_zscore,0.205513,-0.000454
2017-02-28,NEE,cross_sectional_composite_zscore,0.414023,0.002518
2017-02-28,PEP,cross_sectional_composite_zscore,0.148256,0.026285
2017-02-28,REGN,cross_sectional_composite_zscore,-0.671555,0.024764
2017-02-28,SPGI,cross_sectional_composite_zscore,0.117596,-0.005259
2017-02-28,UNP,cross_sectional_composite_zscore,-0.246301,-0.022071
2017-02-28,XOM,cross_sectional_composite_zscore,-1.257819,0.006928
2017-03-31,AMAT,cross_sectional_composite_zscore,1.085086,0.059508
2017-03-31,BA,cross_sectional_composite_zscore,0.258271,0.018796
2017-03-31,CDNS,cross_sectional_composite_zscore,0.610169,0.029248
2017-03-31,CVS,cross_sectional_composite_zscore,-0.857128,0.038319
2017-03-31,ETN,cross_sectional_composite_zscore,0.381755,0.014232
2017-03-31,HD,cross_sectional_composite_zscore,0.176215,0.037791
2017-03-31,JPM,cross_sectional_composite_zscore,-0.345115,-0.015656
2017-03-31,MCD,cross_sectional_composite_zscore,0.173428,0.076565
2017-03-31,MU,cross_sectional_composite_zscore,2.336811,-0.033578
2017-03-31,PANW,cross_sectional_composite_zscore,-1.585298,-0.050277
2017-03-31,QCOM,cross_sectional_composite_zscore,-0.976112,-0.077696
2017-03-31,SO,cross_sectional_composite_zscore,-0.435256,-0.016288
2017-03-31,UNH,cross_sectional_composite_zscore,-0.287468,0.052037
2017-03-31,WMT,cross_sectional_composite_zscore,-0.009005,0.031231
2017-04-28,ADP,cross_sectional_composite_zscore,-0.014067,-0.045298
2017-04-28,AXP,cross_sectional_composite_zscore,-0.10675,-0.037834
2017-04-28,CB,cross_sectional_composite_zscore,-0.286907,0.02111
2017-04-28,CSCO,cross_sectional_composite_zscore,0.185294,-0.09068
2017-04-28,EQIX,cross_sectional_composite_zscore,0.31914,0.046036
2017-04-28,HCA,cross_sectional_composite_zscore,-0.732315,-0.033178
2017-04-28,JNJ,cross_sectional_composite_zscore,-0.144771,0.019512
2017-04-28,MAR,cross_sectional_composite_zscore,0.294251,0.120533
2017-04-28,MSFT,cross_sectional_composite_zscore,0.230287,0.012521
2017-04-28,ORLY,cross_sectional_composite_zscore,-1.644162,-0.013917
2017-04-28,PYPL,cross_sectional_composite_zscore,1.00724,0.057469
2017-04-28,SNPS,cross_sectional_composite_zscore,0.616722,-0.006156
2017-04-28,TXN,cross_sectional_composite_zscore,-0.407547,0.009255
2017-04-28,WM,cross_sectional_composite_zscore,-0.122121,-0.028162
2017-05-31,ADI,cross_sectional_composite_zscore,0.633336,-0.084684
2017-05-31,AVGO,cross_sectional_composite_zscore,0.687719,-0.002566
2017-05-31,CAT,cross_sectional_composite_zscore,0.080242,-0.003734
2017-05-31,CRM,cross_sectional_composite_zscore,0.237392,-0.0307
2017-05-31,EOG,cross_sectional_composite_zscore,-0.97156,-0.027692
2017-05-31,GS,cross_sectional_composite_zscore,-1.237865,0.043204
2017-05-31,ITW,cross_sectional_composite_zscore,0.098451,0.008325
2017-05-31,MA,cross_sectional_composite_zscore,0.361583,0.002298
2017-05-31,MS,cross_sectional_composite_zscore,-0.901102,0.048402
2017-05-31,ORCL,cross_sectional_composite_zscore,-0.048277,0.107323
2017-05-31,PNC,cross_sectional_composite_zscore,-0.660128,0.026187
2017-05-31,SLB,cross_sectional_composite_zscore,-1.234029,-0.075774
2017-05-31,TSLA,cross_sectional_composite_zscore,1.524474,0.07524
2017-05-31,WFC,cross_sectional_composite_zscore,-1.168286,0.048969
2017-06-30,ADBE,cross_sectional_composite_zscore,0.373655,0.01515
2017-06-30,APH,cross_sectional_composite_zscore,-0.13162,0.017376
2017-06-30,C,cross_sectional_composite_zscore,0.889663,0.002921
2017-06-30,COST,cross_sectional_composite_zscore,-1.131891,-0.029433
2017-06-30,EMR,cross_sectional_composite_zscore,-0.262879,-0.020722
2017-06-30,GOOGL,cross_sectional_composite_zscore,-0.189841,-0.003538
2017-06-30,ISRG,cross_sectional_composite_zscore,1.102161,-0.017465
2017-06-30,LOW,cross_sectional_composite_zscore,-0.705888,-0.016657
2017-06-30,MRK,cross_sectional_composite_zscore,-0.240152,-0.023831
2017-06-30,NVDA,cross_sectional_composite_zscore,1.035691,0.103615
2017-06-30,PM,cross_sectional_composite_zscore,0.031112,-0.026855
2017-06-30,SHW,cross_sectional_composite_zscore,0.689024,-0.059562
2017-06-30,TMO,cross_sectional_composite_zscore,0.356743,-0.014479
2017-06-30,VZ,cross_sectional_composite_zscore,-1.09091,0.077403
2017-07-31,ACN,cross_sectional_composite_zscore,0.16351,0.012176
2017-07-31,APD,cross_sectional_composite_zscore,-0.406487,0.034452
2017-07-31,BSX,cross_sectional_composite_zscore,-0.445499,0.022063
2017-07-31,COP,cross_sectional_composite_zscore,-0.523861,-0.04222
2017-07-31,ELV,cross_sectional_composite_zscore,-0.038221,0.047957
2017-07-31,GOOG,cross_sectional_composite_zscore,-0.025427,-0.009021
2017-07-31,INTU,cross_sectional_composite_zscore,0.352225,0.013944
2017-07-31,LMT,cross_sectional_composite_zscore,0.474742,0.048213
2017-07-31,MO,cross_sectional_composite_zscore,-1.607877,-0.007092
2017-07-31,NOW,cross_sectional_composite_zscore,0.613535,0.022134
2017-07-31,PLD,cross_sectional_composite_zscore,0.523866,0.035556
2017-07-31,SCHW,cross_sectional_composite_zscore,-0.256875,-0.067677
2017-07-31,TJX,cross_sectional_composite_zscore,-1.127586,0.03465
2017-07-31,VRTX,cross_sectional_composite_zscore,2.224885,0.019322
2017-08-31,ABT,cross_sectional_composite_zscore,0.663903,0.027357
2017-08-31,AON,cross_sectional_composite_zscore,0.316318,0.029721
2017-08-31,BMY,cross_sectional_composite_zscore,0.898511,0.033752
2017-08-31,CMG,cross_sectional_composite_zscore,-2.455674,-0.048188
2017-08-31,DUK,cross_sectional_composite_zscore,0.282255,-0.058867
2017-08-31,GILD,cross_sectional_composite_zscore,1.899281,-0.046232
2017-08-31,INTC,cross_sectional_composite_zscore,-0.695096,0.065679
2017-08-31,LLY,cross_sectional_composite_zscore,-0.163027,0.032132
2017-08-31,META,cross_sectional_composite_zscore,0.614335,-0.026546
2017-08-31,NOC,cross_sectional_composite_zscore,0.344553,0.036829
2017-08-31,PH,cross_sectional_composite_zscore,-0.351502,0.067674
2017-08-31,SBUX,cross_sectional_composite_zscore,-0.937103,-0.041112
2017-08-31,TDG,cross_sectional_composite_zscore,0.119291,-0.03937
2017-08-31,V,cross_sectional_composite_zscore,0.610749,-0.003534
2017-09-29,ABBV,cross_sectional_composite_zscore,1.938654,0.015972
2017-09-29,AMZN,cross_sectional_composite_zscore,-0.693356,0.119419
2017-09-29,BLK,cross_sectional_composite_zscore,0.32497,0.036923
2017-09-29,CME,cross_sectional_composite_zscore,0.588555,-0.01201
2017-09-29,DIS,cross_sectional_composite_zscore,-1.160752,-0.028431
2017-09-29,GE,cross_sectional_composite_zscore,-1.243492,-0.165991
2017-09-29,ICE,cross_sectional_composite_zscore,0.259453,-0.072663
2017-09-29,LIN,cross_sectional_composite_zscore,0.378224,0.034318
2017-09-29,MDT,cross_sectional_composite_zscore,-1.267224,0.019598
2017-09-29,NKE,cross_sectional_composite_zscore,-1.163117,0.053474
2017-09-29,PG,cross_sectional_composite_zscore,-0.329041,-0.06193
2017-09-29,RTX,cross_sectional_composite_zscore,-0.908013,-3.5e-05
2017-09-29,T,cross_sectional_composite_zscore,-0.112779,-0.144069
2017-09-29,USB,cross_sectional_composite_zscore,-0.003532,-0.009932
2017-10-31,AAPL,cross_sectional_composite_zscore,0.466874,-0.015414
2017-10-31,AMGN,cross_sectional_composite_zscore,-0.736834,-0.031967
2017-10-31,BKNG,cross_sectional_composite_zscore,-0.499522,-0.114463
2017-10-31,CL,cross_sectional_composite_zscore,-0.629659,0.000522
2017-10-31,DE,cross_sectional_composite_zscore,0.043571,0.095476
2017-10-31,GD,cross_sectional_composite_zscore,-0.421991,-0.015759
2017-10-31,IBM,cross_sectional_composite_zscore,-0.098771,-0.01497
2017-10-31,KO,cross_sectional_composite_zscore,-0.150989,-0.032061
2017-10-31,MDLZ,cross_sectional_composite_zscore,-0.720062,0.014825
2017-10-31,NFLX,cross_sectional_composite_zscore,0.569236,-0.063774
2017-10-31,PFE,cross_sectional_composite_zscore,-0.258622,0.020617
2017-10-31,ROP,cross_sectional_composite_zscore,0.318023,-0.005857
2017-10-31,SYK,cross_sectional_composite_zscore,0.291209,-0.026593
2017-10-31,UPS,cross_sectional_composite_zscore,-0.117087,-0.001249
2017-10-31,ZTS,cross_sectional_composite_zscore,-0.153608,0.102165
2017-11-30,AMD,cross_sectional_composite_zscore,-1.473338,-0.068143
2017-11-30,BAC,cross_sectional_composite_zscore,0.297904,0.035795
2017-11-30,CI,cross_sectional_composite_zscore,0.657656,-0.052935
2017-11-30,CVX,cross_sectional_composite_zscore,0.173585,0.039977
2017-11-30,FDX,cross_sectional_composite_zscore,-0.056596,0.068242
2017-11-30,HON,cross_sectional_composite_zscore,0.639143,-0.028799
2017-11-30,KLAC,cross_sectional_composite_zscore,-0.605345,0.015552
2017-11-30,MCO,cross_sectional_composite_zscore,0.655353,-0.039859
2017-11-30,NEE,cross_sectional_composite_zscore,0.015386,-0.023834
2017-11-30,PEP,cross_sectional_composite_zscore,-0.153987,0.017051
2017-11-30,REGN,cross_sectional_composite_zscore,-2.295977,0.026837
2017-11-30,SPGI,cross_sectional_composite_zscore,0.274378,0.01156
2017-11-30,UNP,cross_sectional_composite_zscore,0.698586,0.047951
2017-11-30,XOM,cross_sectional_composite_zscore,-0.142005,-0.007926
2017-12-29,AMAT,cross_sectional_composite_zscore,-0.640575,-0.011625
2017-12-29,BA,cross_sectional_composite_zscore,1.317804,0.089294
2017-12-29,CDNS,cross_sectional_composite_zscore,-0.398278,-0.004185
2017-12-29,CVS,cross_sectional_composite_zscore,-1.505205,0.057109
2017-12-29,ETN,cross_sectional_composite_zscore,-0.165022,0.016688
2017-12-29,HD,cross_sectional_composite_zscore,1.020188,0.008957
2017-12-29,JPM,cross_sectional_composite_zscore,0.515674,0.026171
2017-12-29,MCD,cross_sectional_composite_zscore,0.189852,-0.053743
2017-12-29,MU,cross_sectional_composite_zscore,-0.188079,-0.042459
2017-12-29,PANW,cross_sectional_composite_zscore,-0.401553,0.009641
2017-12-29,QCOM,cross_sectional_composite_zscore,-0.024741,-0.009443
2017-12-29,SO,cross_sectional_composite_zscore,-0.98857,-0.124248
2017-12-29,UNH,cross_sectional_composite_zscore,-0.049379,0.017602
2017-12-29,WMT,cross_sectional_composite_zscore,0.917932,0.035102
2018-01-31,ADP,cross_sectional_composite_zscore,-0.197752,-0.02922
2018-01-31,AXP,cross_sectional_composite_zscore,-0.369973,0.007515
2018-01-31,CB,cross_sectional_composite_zscore,-0.122582,-0.054271
2018-01-31,CSCO,cross_sectional_composite_zscore,0.726743,0.104778
2018-01-31,EQIX,cross_sectional_composite_zscore,-0.8819,-0.096008
2018-01-31,HCA,cross_sectional_composite_zscore,0.94431,0.03667
2018-01-31,JNJ,cross_sectional_composite_zscore,-0.868001,-0.022679
2018-01-31,MAR,cross_sectional_composite_zscore,1.054271,-0.013966
2018-01-31,MSFT,cross_sectional_composite_zscore,0.494129,0.032229
2018-01-31,ORLY,cross_sectional_composite_zscore,0.388472,-0.03059
2018-01-31,PYPL,cross_sectional_composite_zscore,0.954053,-0.027921
2018-01-31,SNPS,cross_sectional_composite_zscore,-0.035959,-0.036875
2018-01-31,TXN,cross_sectional_composite_zscore,-0.020059,0.021741
2018-01-31,WM,cross_sectional_composite_zscore,-0.144,0.015542
2018-02-28,ADI,cross_sectional_composite_zscore,0.0513,0.042208
2018-02-28,AVGO,cross_sectional_composite_zscore,-0.323851,0.014071
2018-02-28,CAT,cross_sectional_composite_zscore,0.302348,-0.021561
2018-02-28,CRM,cross_sectional_composite_zscore,0.538965,0.010692
2018-02-28,EOG,cross_sectional_composite_zscore,-0.445226,0.063345
2018-02-28,GS,cross_sectional_composite_zscore,0.270936,-0.011891
2018-02-28,ITW,cross_sectional_composite_zscore,-0.226579,-0.002471
2018-02-28,MA,cross_sectional_composite_zscore,0.730924,0.0089
2018-02-28,MS,cross_sectional_composite_zscore,0.408195,-0.015834
2018-02-28,ORCL,cross_sectional_composite_zscore,-0.115846,-0.072614
2018-02-28,PNC,cross_sectional_composite_zscore,0.771801,-0.012393
2018-02-28,SLB,cross_sectional_composite_zscore,-0.547841,0.002661
2018-02-28,TSLA,cross_sectional_composite_zscore,-0.14796,-0.208905
2018-02-28,WFC,cross_sectional_composite_zscore,-0.288338,-0.078963
2018-03-29,ADBE,cross_sectional_composite_zscore,1.314794,0.013976
2018-03-29,APH,cross_sectional_composite_zscore,-0.185191,-0.034438
2018-03-29,C,cross_sectional_composite_zscore,-0.830678,0.009116
2018-03-29,COST,cross_sectional_composite_zscore,0.178801,0.030294
2018-03-29,EMR,cross_sectional_composite_zscore,-0.067412,-0.019986
2018-03-29,GOOGL,cross_sectional_composite_zscore,-0.316442,-0.018444
2018-03-29,ISRG,cross_sectional_composite_zscore,0.396119,0.069884
2018-03-29,LOW,cross_sectional_composite_zscore,-0.129924,-0.051018
2018-03-29,MRK,cross_sectional_composite_zscore,-0.021642,0.078835
2018-03-29,NVDA,cross_sectional_composite_zscore,0.459207,-0.035671
2018-03-29,PM,cross_sectional_composite_zscore,-0.462411,-0.182375
2018-03-29,SHW,cross_sectional_composite_zscore,-0.100314,-0.056261
2018-03-29,TMO,cross_sectional_composite_zscore,0.397605,0.017943
2018-03-29,VZ,cross_sectional_composite_zscore,-0.224987,0.07903
2018-04-30,ACN,cross_sectional_composite_zscore,0.033203,-0.001574
2018-04-30,APD,cross_sectional_composite_zscore,0.292093,-0.020069
2018-04-30,BSX,cross_sectional_composite_zscore,0.476636,0.034482
2018-04-30,COP,cross_sectional_composite_zscore,1.185673,-0.009703
2018-04-30,ELV,cross_sectional_composite_zscore,0.276028,-0.045441
2018-04-30,GOOG,cross_sectional_composite_zscore,-0.369832,0.025207
2018-04-30,INTU,cross_sectional_composite_zscore,0.935725,0.047401
2018-04-30,LMT,cross_sectional_composite_zscore,-0.215101,-0.028395
2018-04-30,MO,cross_sectional_composite_zscore,-1.09086,-0.023823
2018-04-30,NOW,cross_sectional_composite_zscore,0.6838,0.044103
2018-04-30,PLD,cross_sectional_composite_zscore,0.472184,-0.026294
2018-04-30,SCHW,cross_sectional_composite_zscore,0.771474,-0.025059
2018-04-30,TJX,cross_sectional_composite_zscore,0.750443,0.029202
2018-04-30,VRTX,cross_sectional_composite_zscore,-0.361267,-0.00347
2018-05-31,ABT,cross_sectional_composite_zscore,0.343112,-0.008531
2018-05-31,AON,cross_sectional_composite_zscore,-0.158077,-0.030687
2018-05-31,BMY,cross_sectional_composite_zscore,-1.002331,0.046626
2018-05-31,CMG,cross_sectional_composite_zscore,0.894286,-0.008536
2018-05-31,DUK,cross_sectional_composite_zscore,-0.303511,0.022522
2018-05-31,GILD,cross_sectional_composite_zscore,-0.801818,0.047576
2018-05-31,INTC,cross_sectional_composite_zscore,0.635436,-0.112095
2018-05-31,LLY,cross_sectional_composite_zscore,0.459298,0.000986
2018-05-31,META,cross_sectional_composite_zscore,0.113182,0.018898
2018-05-31,NOC,cross_sectional_composite_zscore,0.042508,-0.060524
2018-05-31,PH,cross_sectional_composite_zscore,-0.425575,-0.098337
2018-05-31,SBUX,cross_sectional_composite_zscore,-0.071127,-0.147767
2018-05-31,TDG,cross_sectional_composite_zscore,0.867954,0.003806
2018-05-31,V,cross_sectional_composite_zscore,0.426889,0.011147
2018-06-29,ABBV,cross_sectional_composite_zscore,-0.587524,-0.034831
2018-06-29,AMZN,cross_sectional_composite_zscore,1.021991,0.014764
2018-06-29,BLK,cross_sectional_composite_zscore,-0.526704,-0.029675
2018-06-29,CME,cross_sectional_composite_zscore,0.160583,-0.048492
2018-06-29,DIS,cross_sectional_composite_zscore,0.372254,0.05129
2018-06-29,GE,cross_sectional_composite_zscore,-0.701205,-0.065024
2018-06-29,ICE,cross_sectional_composite_zscore,0.28402,-0.021898
2018-06-29,LIN,cross_sectional_composite_zscore,0.267223,0.013504
2018-06-29,MDT,cross_sectional_composite_zscore,0.214681,0.014659
2018-06-29,NKE,cross_sectional_composite_zscore,1.079219,-0.078646
2018-06-29,PG,cross_sectional_composite_zscore,0.306145,0.00478
2018-06-29,RTX,cross_sectional_composite_zscore,-0.023976,0.032585
2018-06-29,T,cross_sectional_composite_zscore,-0.635575,-0.01478
2018-06-29,USB,cross_sectional_composite_zscore,-0.188589,0.027216
2018-07-31,AAPL,cross_sectional_composite_zscore,0.320599,0.12807
2018-07-31,AMGN,cross_sectional_composite_zscore,0.509088,-0.013124
2018-07-31,BKNG,cross_sectional_composite_zscore,-0.588754,-0.078588
2018-07-31,CL,cross_sectional_composite_zscore,-0.242191,-0.033966
2018-07-31,DE,cross_sectional_composite_zscore,-0.54409,-0.018723
2018-07-31,GD,cross_sectional_composite_zscore,-0.108538,-0.051258
2018-07-31,IBM,cross_sectional_composite_zscore,-0.247312,-0.008152
2018-07-31,KO,cross_sectional_composite_zscore,0.391111,-0.057554
2018-07-31,MDLZ,cross_sectional_composite_zscore,0.220694,-0.056582
2018-07-31,NFLX,cross_sectional_composite_zscore,-0.919986,0.061451
2018-07-31,PFE,cross_sectional_composite_zscore,0.786906,0.017635
2018-07-31,ROP,cross_sectional_composite_zscore,0.589752,-0.041298
2018-07-31,SYK,cross_sectional_composite_zscore,-0.71541,0.01014
2018-07-31,UPS,cross_sectional_composite_zscore,0.361959,0.001073
2018-07-31,ZTS,cross_sectional_composite_zscore,-0.246381,0.004966
2018-08-31,AMD,cross_sectional_composite_zscore,3.635123,0.238871
2018-08-31,BAC,cross_sectional_composite_zscore,-0.294086,-0.04619
2018-08-31,CI,cross_sectional_composite_zscore,-0.13557,0.110502
2018-08-31,CVX,cross_sectional_composite_zscore,-0.508833,0.040619
2018-08-31,FDX,cross_sectional_composite_zscore,-0.497238,-0.023316
2018-08-31,HON,cross_sectional_composite_zscore,0.116236,0.048467
2018-08-31,KLAC,cross_sectional_composite_zscore,-0.552735,-0.142389
2018-08-31,MCO,cross_sectional_composite_zscore,-0.110839,-0.056963
2018-08-31,NEE,cross_sectional_composite_zscore,0.086255,-0.027724
2018-08-31,PEP,cross_sectional_composite_zscore,-0.200669,-0.012871
2018-08-31,REGN,cross_sectional_composite_zscore,0.522377,-0.040221
2018-08-31,SPGI,cross_sectional_composite_zscore,0.074674,-0.04634
2018-08-31,UNP,cross_sectional_composite_zscore,-0.001945,0.081384
2018-08-31,XOM,cross_sectional_composite_zscore,-0.163602,0.06091
2018-09-28,AMAT,cross_sectional_composite_zscore,-1.670868,-0.075408
2018-09-28,BA,cross_sectional_composite_zscore,0.376816,0.053374
2018-09-28,CDNS,cross_sectional_composite_zscore,-0.296625,0.091748
2018-09-28,CVS,cross_sectional_composite_zscore,0.54719,-0.015756
2018-09-28,ETN,cross_sectional_composite_zscore,0.431825,-0.082387
2018-09-28,HD,cross_sectional_composite_zscore,0.308409,-0.081238
2018-09-28,JPM,cross_sectional_composite_zscore,-0.133654,0.010273
2018-09-28,MCD,cross_sectional_composite_zscore,0.151144,0.1235
2018-09-28,MU,cross_sectional_composite_zscore,-1.943793,-0.129998
2018-09-28,PANW,cross_sectional_composite_zscore,-0.190551,-0.089571
2018-09-28,QCOM,cross_sectional_composite_zscore,0.818262,-0.045248
2018-09-28,SO,cross_sectional_composite_zscore,-0.594612,0.116234
2018-09-28,UNH,cross_sectional_composite_zscore,0.029238,0.057791
2018-09-28,WMT,cross_sectional_composite_zscore,-0.178675,0.140897
2018-10-31,ADP,cross_sectional_composite_zscore,0.518464,-9.4e-05
2018-10-31,AXP,cross_sectional_composite_zscore,0.448344,0.071141
2018-10-31,CB,cross_sectional_composite_zscore,-0.084378,0.062075
2018-10-31,CSCO,cross_sectional_composite_zscore,0.398734,0.022376
2018-10-31,EQIX,cross_sectional_composite_zscore,-0.25419,0.007773
2018-10-31,HCA,cross_sectional_composite_zscore,0.769979,0.069776
2018-10-31,JNJ,cross_sectional_composite_zscore,0.828862,0.036117
2018-10-31,MAR,cross_sectional_composite_zscore,-0.358978,0.03365
2018-10-31,MSFT,cross_sectional_composite_zscore,0.109276,0.023723
2018-10-31,ORLY,cross_sectional_composite_zscore,0.426751,0.093935
2018-10-31,PYPL,cross_sectional_composite_zscore,0.008484,-0.011547
2018-10-31,SNPS,cross_sectional_composite_zscore,0.002075,-0.01249
2018-10-31,TXN,cross_sectional_composite_zscore,-0.764724,0.037174
2018-10-31,WM,cross_sectional_composite_zscore,0.546918,0.029165
2018-11-30,ADI,cross_sectional_composite_zscore,-0.108515,0.021826
2018-11-30,AVGO,cross_sectional_composite_zscore,0.192748,0.166167
2018-11-30,CAT,cross_sectional_composite_zscore,0.036638,0.018625
2018-11-30,CRM,cross_sectional_composite_zscore,-0.289636,0.036596
2018-11-30,EOG,cross_sectional_composite_zscore,-0.725682,-0.035831
2018-11-30,GS,cross_sectional_composite_zscore,-1.37838,-0.010755
2018-11-30,ITW,cross_sectional_composite_zscore,0.244281,0.004851
2018-11-30,MA,cross_sectional_composite_zscore,-0.253309,0.030751
2018-11-30,MS,cross_sectional_composite_zscore,-0.513976,-0.002785
2018-11-30,ORCL,cross_sectional_composite_zscore,0.079697,0.0145
2018-11-30,PNC,cross_sectional_composite_zscore,-0.062081,-0.037882
2018-11-30,SLB,cross_sectional_composite_zscore,-1.563423,-0.079062
2018-11-30,TSLA,cross_sectional_composite_zscore,-0.079841,-0.028056
2018-11-30,WFC,cross_sectional_composite_zscore,-0.106058,-0.048125
2018-12-31,ADBE,cross_sectional_composite_zscore,-0.547314,0.001959
2018-12-31,APH,cross_sectional_composite_zscore,0.099415,0.018081
2018-12-31,C,cross_sectional_composite_zscore,-0.908804,0.162914
2018-12-31,COST,cross_sectional_composite_zscore,-0.165382,-0.033158
2018-12-31,EMR,cross_sectional_composite_zscore,-0.316421,0.028752
2018-12-31,GOOGL,cross_sectional_composite_zscore,-0.029738,-0.019914
2018-12-31,ISRG,cross_sectional_composite_zscore,-0.293012,-0.00894
2018-12-31,LOW,cross_sectional_composite_zscore,0.099767,-0.028693
2018-12-31,MRK,cross_sectional_composite_zscore,1.210324,-0.110448
2018-12-31,NVDA,cross_sectional_composite_zscore,-2.282699,-0.041524
2018-12-31,PM,cross_sectional_composite_zscore,-0.585321,0.044976
2018-12-31,SHW,cross_sectional_composite_zscore,0.046497,-0.040748
2018-12-31,TMO,cross_sectional_composite_zscore,0.167502,0.024382
2018-12-31,VZ,cross_sectional_composite_zscore,0.768108,-0.100126
2019-01-31,ACN,cross_sectional_composite_zscore,-0.017514,0.030497
2019-01-31,APD,cross_sectional_composite_zscore,0.138745,0.056703
2019-01-31,BSX,cross_sectional_composite_zscore,0.045646,0.02929
2019-01-31,COP,cross_sectional_composite_zscore,-0.328741,-0.015919
2019-01-31,ELV,cross_sectional_composite_zscore,0.639793,-0.023416
2019-01-31,GOOG,cross_sectional_composite_zscore,-0.117799,-0.016809
2019-01-31,INTU,cross_sectional_composite_zscore,0.080715,0.12141
2019-01-31,LMT,cross_sectional_composite_zscore,0.068754,0.037114
2019-01-31,MO,cross_sectional_composite_zscore,-1.133049,0.030034
2019-01-31,NOW,cross_sectional_composite_zscore,0.458983,0.067946
2019-01-31,PLD,cross_sectional_composite_zscore,0.539377,-0.028452
2019-01-31,SCHW,cross_sectional_composite_zscore,0.216073,-0.034284
2019-01-31,TJX,cross_sectional_composite_zscore,-0.130939,0.011303
2019-01-31,VRTX,cross_sectional_composite_zscore,0.394403,-0.032315
2019-02-28,ABT,cross_sectional_composite_zscore,0.420557,0.011726
2019-02-28,AON,cross_sectional_composite_zscore,0.650868,-0.025479
2019-02-28,BMY,cross_sectional_composite_zscore,-0.578184,-0.085666
2019-02-28,CMG,cross_sectional_composite_zscore,1.075201,0.144617
2019-02-28,DUK,cross_sectional_composite_zscore,0.387924,-0.014845
2019-02-28,GILD,cross_sectional_composite_zscore,-1.034573,-0.0227
2019-02-28,INTC,cross_sectional_composite_zscore,0.465079,-0.008889
2019-02-28,LLY,cross_sectional_composite_zscore,0.667765,0.009341
2019-02-28,META,cross_sectional_composite_zscore,0.01118,0.013674
2019-02-28,NOC,cross_sectional_composite_zscore,-0.121775,-0.090905
2019-02-28,PH,cross_sectional_composite_zscore,0.095809,-0.049187
2019-02-28,SBUX,cross_sectional_composite_zscore,0.506097,0.040941
2019-02-28,TDG,cross_sectional_composite_zscore,0.991604,0.022972
2019-02-28,V,cross_sectional_composite_zscore,0.102687,0.0325
2019-03-29,ABBV,cross_sectional_composite_zscore,-0.904026,-0.030709
2019-03-29,AMZN,cross_sectional_composite_zscore,0.268093,0.048225
2019-03-29,BLK,cross_sectional_composite_zscore,-0.469916,0.082453
2019-03-29,CME,cross_sectional_composite_zscore,-1.256053,0.038363
2019-03-29,DIS,cross_sectional_composite_zscore,-0.401759,0.214294
2019-03-29,GE,cross_sectional_composite_zscore,-0.326244,-0.066348
2019-03-29,ICE,cross_sectional_composite_zscore,-0.41315,0.03257
2019-03-29,LIN,cross_sectional_composite_zscore,0.246361,-0.033671
2019-03-29,MDT,cross_sectional_composite_zscore,-0.524088,-0.080287
2019-03-29,NKE,cross_sectional_composite_zscore,-0.279762,0.007772
2019-03-29,PG,cross_sectional_composite_zscore,0.635879,-0.026197
2019-03-29,RTX,cross_sectional_composite_zscore,0.098797,0.062324
2019-03-29,T,cross_sectional_composite_zscore,0.085628,-0.034663
2019-03-29,USB,cross_sectional_composite_zscore,-0.61562,0.059492
2019-04-30,AAPL,cross_sectional_composite_zscore,0.375684,-0.059089
2019-04-30,AMGN,cross_sectional_composite_zscore,-0.97424,0.005143
2019-04-30,BKNG,cross_sectional_composite_zscore,-0.301326,-0.037576
2019-04-30,CL,cross_sectional_composite_zscore,0.369413,0.014826
2019-04-30,DE,cross_sectional_composite_zscore,-0.107872,-0.094352
2019-04-30,GD,cross_sectional_composite_zscore,-0.207238,-0.038252
2019-04-30,IBM,cross_sectional_composite_zscore,-0.302189,-0.010876
2019-04-30,KO,cross_sectional_composite_zscore,-0.168042,0.044395
2019-04-30,MDLZ,cross_sectional_composite_zscore,0.311791,0.059664
2019-04-30,NFLX,cross_sectional_composite_zscore,-0.127137,-0.004051
2019-04-30,PFE,cross_sectional_composite_zscore,-0.78102,0.090013
2019-04-30,ROP,cross_sectional_composite_zscore,0.63025,0.013701
2019-04-30,SYK,cross_sectional_composite_zscore,-0.211327,0.013707
2019-04-30,UPS,cross_sectional_composite_zscore,-0.773528,-0.045692
2019-04-30,ZTS,cross_sectional_composite_zscore,0.207509,0.046793
2019-05-31,AMD,cross_sectional_composite_zscore,-0.152723,0.038403
2019-05-31,BAC,cross_sectional_composite_zscore,-0.400223,0.02653
2019-05-31,CI,cross_sectional_composite_zscore,-1.195435,-0.005203
2019-05-31,CVX,cross_sectional_composite_zscore,0.088327,0.023431
2019-05-31,FDX,cross_sectional_composite_zscore,-1.146156,-0.001231
2019-05-31,HON,cross_sectional_composite_zscore,0.480986,-0.007022
2019-05-31,KLAC,cross_sectional_composite_zscore,-0.771675,0.077206
2019-05-31,MCO,cross_sectional_composite_zscore,0.421471,-0.001618
2019-05-31,NEE,cross_sectional_composite_zscore,0.938098,-0.036036
2019-05-31,PEP,cross_sectional_composite_zscore,0.945589,-0.037633
2019-05-31,REGN,cross_sectional_composite_zscore,-1.256756,-0.032201
2019-05-31,SPGI,cross_sectional_composite_zscore,0.657601,-0.00455
2019-05-31,UNP,cross_sectional_composite_zscore,0.327885,-0.055616
2019-05-31,XOM,cross_sectional_composite_zscore,-0.228941,0.013217
2019-06-28,AMAT,cross_sectional_composite_zscore,0.606389,0.099383
2019-06-28,BA,cross_sectional_composite_zscore,-0.504259,-0.094256
2019-06-28,CDNS,cross_sectional_composite_zscore,0.711058,0.049364
2019-06-28,CVS,cross_sectional_composite_zscore,-0.687005,0.012867
2019-06-28,ETN,cross_sectional_composite_zscore,0.287319,-0.05541
2019-06-28,HD,cross_sectional_composite_zscore,0.417971,0.019547
2019-06-28,JPM,cross_sectional_composite_zscore,-0.039329,0.014688
2019-06-28,MCD,cross_sectional_composite_zscore,0.255551,0.006377
2019-06-28,MU,cross_sectional_composite_zscore,-0.342352,0.184394
2019-06-28,PANW,cross_sectional_composite_zscore,-1.316204,0.078557
2019-06-28,QCOM,cross_sectional_composite_zscore,0.700611,-0.043334
2019-06-28,SO,cross_sectional_composite_zscore,0.3632,-0.013859
2019-06-28,UNH,cross_sectional_composite_zscore,-0.637121,0.01133
2019-06-28,WMT,cross_sectional_composite_zscore,0.765226,-0.012763
2019-07-31,ADP,cross_sectional_composite_zscore,0.309273,0.032916
2019-07-31,AXP,cross_sectional_composite_zscore,0.267747,-0.013741
2019-07-31,CB,cross_sectional_composite_zscore,0.447219,0.05593
2019-07-31,CSCO,cross_sectional_composite_zscore,-0.10466,-0.125259
2019-07-31,EQIX,cross_sectional_composite_zscore,0.182622,0.136044
2019-07-31,HCA,cross_sectional_composite_zscore,-0.220256,-0.079594
2019-07-31,JNJ,cross_sectional_composite_zscore,-1.046192,0.024291
2019-07-31,MAR,cross_sectional_composite_zscore,-0.201635,-0.066627
2019-07-31,MSFT,cross_sectional_composite_zscore,0.259862,0.026815
2019-07-31,ORLY,cross_sectional_composite_zscore,-0.199177,0.036486
2019-07-31,PYPL,cross_sectional_composite_zscore,-0.413021,0.002172
2019-07-31,SNPS,cross_sectional_composite_zscore,0.464176,0.058767
2019-07-31,TXN,cross_sectional_composite_zscore,0.691638,0.010554
2019-07-31,WM,cross_sectional_composite_zscore,0.559418,0.039396
2019-08-30,ADI,cross_sectional_composite_zscore,-0.118756,-0.002158
2019-08-30,AVGO,cross_sectional_composite_zscore,-0.118403,-0.033715
2019-08-30,CAT,cross_sectional_composite_zscore,-0.730776,0.041971
2019-08-30,CRM,cross_sectional_composite_zscore,0.319038,-0.068346
2019-08-30,EOG,cross_sectional_composite_zscore,-1.503457,-0.019054
2019-08-30,GS,cross_sectional_composite_zscore,-0.11818,-0.003176
2019-08-30,ITW,cross_sectional_composite_zscore,-0.151653,0.032028
2019-08-30,MA,cross_sectional_composite_zscore,0.570214,-0.054288
2019-08-30,MS,cross_sectional_composite_zscore,-0.407914,0.008982
2019-08-30,ORCL,cross_sectional_composite_zscore,-0.508885,0.037592
2019-08-30,PNC,cross_sectional_composite_zscore,-0.604115,0.067644
2019-08-30,SLB,cross_sectional_composite_zscore,-1.612934,0.050696
2019-08-30,TSLA,cross_sectional_composite_zscore,-0.704121,0.048181
2019-08-30,VZ,cross_sectional_composite_zscore,0.206394,0.018369
2019-09-30,ACN,cross_sectional_composite_zscore,-0.098465,-0.067204
2019-09-30,APD,cross_sectional_composite_zscore,-0.13734,-0.06879
2019-09-30,BSX,cross_sectional_composite_zscore,-0.459968,-0.000377
2019-09-30,COP,cross_sectional_composite_zscore,-0.079253,-0.037428
2019-09-30,ELV,cross_sectional_composite_zscore,-1.272561,0.092824
2019-09-30,GOOG,cross_sectional_composite_zscore,0.384562,0.036241
2019-09-30,INTU,cross_sectional_composite_zscore,-0.504414,-0.047588
2019-09-30,LMT,cross_sectional_composite_zscore,0.617295,-0.068715
2019-09-30,MO,cross_sectional_composite_zscore,-1.114395,0.102446
2019-09-30,NOW,cross_sectional_composite_zscore,-0.626187,-0.058049
2019-09-30,PLD,cross_sectional_composite_zscore,0.530045,-0.014142
2019-09-30,SCHW,cross_sectional_composite_zscore,0.217764,-0.030371
2019-09-30,TJX,cross_sectional_composite_zscore,0.034844,0.024641
2019-09-30,V,cross_sectional_composite_zscore,-0.197522,0.023517
2019-10-31,ABBV,cross_sectional_composite_zscore,0.75545,0.06663
2019-10-31,AMZN,cross_sectional_composite_zscore,-0.397722,-0.022611
2019-10-31,BLK,cross_sectional_composite_zscore,0.179176,0.035731
2019-10-31,CME,cross_sectional_composite_zscore,-0.304128,-0.050876
2019-10-31,DIS,cross_sectional_composite_zscore,-0.626531,0.13052
2019-10-31,GE,cross_sectional_composite_zscore,-0.32957,0.09306
2019-10-31,ICE,cross_sectional_composite_zscore,0.117197,-0.037789
2019-10-31,LIN,cross_sectional_composite_zscore,0.286583,0.003428
2019-10-31,MDT,cross_sectional_composite_zscore,0.236252,-0.013334
2019-10-31,NKE,cross_sectional_composite_zscore,-0.222415,0.010523
2019-10-31,PG,cross_sectional_composite_zscore,0.383815,-0.055876
2019-10-31,RTX,cross_sectional_composite_zscore,0.488211,0.002099
2019-10-31,T,cross_sectional_composite_zscore,0.713271,-0.065037
2019-10-31,UPS,cross_sectional_composite_zscore,-0.349737,0.011501
2019-10-31,ZTS,cross_sectional_composite_zscore,0.295236,-0.094047
2019-11-29,AMD,cross_sectional_composite_zscore,1.208059,0.136146
2019-11-29,BAC,cross_sectional_composite_zscore,0.619101,0.03412
2019-11-29,CI,cross_sectional_composite_zscore,1.134442,-0.011305
2019-11-29,CVX,cross_sectional_composite_zscore,-0.386285,-0.00334
2019-11-29,FDX,cross_sectional_composite_zscore,-0.78586,-0.084502
2019-11-29,HON,cross_sectional_composite_zscore,-0.022615,-0.038491
2019-11-29,KLAC,cross_sectional_composite_zscore,-0.12374,0.061989
2019-11-29,MCO,cross_sectional_composite_zscore,-0.031871,0.021923
2019-11-29,NEE,cross_sectional_composite_zscore,-0.048844,0.005386
2019-11-29,PEP,cross_sectional_composite_zscore,-0.432254,-0.012292
2019-11-29,REGN,cross_sectional_composite_zscore,1.305728,-0.013824
2019-11-29,SPGI,cross_sectional_composite_zscore,-0.161756,0.000984
2019-11-29,UNH,cross_sectional_composite_zscore,0.716734,0.027427
2019-11-29,WMT,cross_sectional_composite_zscore,0.077148,-0.019461
2019-12-31,ADP,cross_sectional_composite_zscore,-0.378076,0.008369
2019-12-31,AXP,cross_sectional_composite_zscore,-0.125923,0.055753
2019-12-31,CB,cross_sectional_composite_zscore,-0.458225,-0.027848
2019-12-31,CSCO,cross_sectional_composite_zscore,-0.494009,-0.025854
2019-12-31,EQIX,cross_sectional_composite_zscore,-0.028005,0.014982
2019-12-31,HCA,cross_sectional_composite_zscore,0.667587,-0.04758
2019-12-31,JNJ,cross_sectional_composite_zscore,0.149814,0.012698
2019-12-31,MAR,cross_sectional_composite_zscore,0.663469,-0.071705
2019-12-31,MSFT,cross_sectional_composite_zscore,0.429869,0.077542
2019-12-31,ORLY,cross_sectional_composite_zscore,-0.515099,-0.060021
2019-12-31,PYPL,cross_sectional_composite_zscore,-0.679877,0.064657
2019-12-31,SNPS,cross_sectional_composite_zscore,-0.499833,0.065394
2019-12-31,TXN,cross_sectional_composite_zscore,-0.107054,-0.041243
2019-12-31,WFC,cross_sectional_composite_zscore,-0.194324,-0.127562
2020-01-31,ADBE,cross_sectional_composite_zscore,0.905158,0.065317
2020-01-31,APH,cross_sectional_composite_zscore,-0.560315,-0.006354
2020-01-31,C,cross_sectional_composite_zscore,-0.402654,-0.052366
2020-01-31,COST,cross_sectional_composite_zscore,0.218377,0.05327
2020-01-31,EMR,cross_sectional_composite_zscore,-0.343921,-0.028943
2020-01-31,GOOGL,cross_sectional_composite_zscore,0.569442,0.006861
2020-01-31,ISRG,cross_sectional_composite_zscore,-0.480408,0.03802
2020-01-31,LOW,cross_sectional_composite_zscore,-0.06728,-0.005447
2020-01-31,MRK,cross_sectional_composite_zscore,-0.574175,-0.008348
2020-01-31,NVDA,cross_sectional_composite_zscore,0.469909,0.209171
2020-01-31,PM,cross_sectional_composite_zscore,-0.24874,0.066736
2020-01-31,SHW,cross_sectional_composite_zscore,-0.331583,0.00824
2020-01-31,TMO,cross_sectional_composite_zscore,-0.155784,0.01301
2020-01-31,VRTX,cross_sectional_composite_zscore,0.562044,0.062367
2020-02-28,ABT,cross_sectional_composite_zscore,-0.106057,0.107507
2020-02-28,AON,cross_sectional_composite_zscore,0.604114,-0.065138
2020-02-28,BMY,cross_sectional_composite_zscore,0.559262,0.03341
2020-02-28,CMG,cross_sectional_composite_zscore,-0.288559,-0.039529
2020-02-28,DUK,cross_sectional_composite_zscore,0.59089,0.014055
2020-02-28,GILD,cross_sectional_composite_zscore,0.604697,0.199671
2020-02-28,INTC,cross_sectional_composite_zscore,-0.215637,0.082837
2020-02-28,LLY,cross_sectional_composite_zscore,0.564618,0.202841
2020-02-28,META,cross_sectional_composite_zscore,-0.199422,-0.045807
2020-02-28,NOC,cross_sectional_composite_zscore,-0.262269,0.088819
2020-02-28,PH,cross_sectional_composite_zscore,-0.003293,-0.204043
2020-02-28,SBUX,cross_sectional_composite_zscore,-0.064159,-0.014577
2020-02-28,TDG,cross_sectional_composite_zscore,0.082672,-0.20965
2020-02-28,USB,cross_sectional_composite_zscore,-0.446152,-0.090186
2020-03-31,AAPL,cross_sectional_composite_zscore,0.384606,-0.006072
2020-03-31,AMGN,cross_sectional_composite_zscore,0.602451,0.025006
2020-03-31,BKNG,cross_sectional_composite_zscore,-0.476164,-0.007339
2020-03-31,CL,cross_sectional_composite_zscore,0.513254,-0.073887
2020-03-31,DE,cross_sectional_composite_zscore,-0.021156,-0.072867
2020-03-31,GD,cross_sectional_composite_zscore,-0.252153,-0.096251
2020-03-31,IBM,cross_sectional_composite_zscore,0.117852,0.022525
2020-03-31,KO,cross_sectional_composite_zscore,-0.039015,-0.072717
2020-03-31,MDLZ,cross_sectional_composite_zscore,0.437103,-0.118207
2020-03-31,NFLX,cross_sectional_composite_zscore,1.218233,-0.040665
2020-03-31,PFE,cross_sectional_composite_zscore,0.358226,0.030317
2020-03-31,ROP,cross_sectional_composite_zscore,0.104293,-0.043062
2020-03-31,SYK,cross_sectional_composite_zscore,-0.149826,0.019732
2020-03-31,UNP,cross_sectional_composite_zscore,0.085055,0.01848
2020-03-31,XOM,cross_sectional_composite_zscore,-0.847178,0.112359
2020-04-30,AMAT,cross_sectional_composite_zscore,-0.429422,0.087695
2020-04-30,BA,cross_sectional_composite_zscore,-2.240907,-0.013395
2020-04-30,CDNS,cross_sectional_composite_zscore,0.759453,0.077586
2020-04-30,CVS,cross_sectional_composite_zscore,0.02556,0.017668
2020-04-30,ETN,cross_sectional_composite_zscore,-0.318947,-0.029919
2020-04-30,HD,cross_sectional_composite_zscore,0.014482,0.082683
2020-04-30,JPM,cross_sectional_composite_zscore,-0.690151,-0.031459
2020-04-30,MCD,cross_sectional_composite_zscore,-0.020209,-0.047633
2020-04-30,MU,cross_sectional_composite_zscore,-0.249744,-0.047227
2020-04-30,PANW,cross_sectional_composite_zscore,-0.060477,0.149597
2020-04-30,QCOM,cross_sectional_composite_zscore,-0.085159,-0.019553
2020-04-30,SO,cross_sectional_composite_zscore,-0.164451,-0.029753
2020-04-30,UBER,cross_sectional_composite_zscore,-0.604193,0.152223
2020-04-30,WM,cross_sectional_composite_zscore,-0.037711,0.019642
2020-05-29,ADI,cross_sectional_composite_zscore,-0.168362,0.053252
2020-05-29,AVGO,cross_sectional_composite_zscore,-0.035466,0.075978
2020-05-29,CAT,cross_sectional_composite_zscore,-0.278768,0.028505
2020-05-29,CRM,cross_sectional_composite_zscore,0.265505,0.057636
2020-05-29,EOG,cross_sectional_composite_zscore,-0.779514,-0.033666
2020-05-29,GS,cross_sectional_composite_zscore,-0.194831,-0.027459
2020-05-29,ITW,cross_sectional_composite_zscore,0.074827,-0.017212
2020-05-29,MA,cross_sectional_composite_zscore,0.218631,-0.028694
2020-05-29,MS,cross_sectional_composite_zscore,-0.041671,0.074173
2020-05-29,ORCL,cross_sectional_composite_zscore,-0.079513,0.017317
2020-05-29,PNC,cross_sectional_composite_zscore,-0.53442,-0.105267
2020-05-29,SLB,cross_sectional_composite_zscore,-1.119719,-0.039626
2020-05-29,TSLA,cross_sectional_composite_zscore,0.933263,0.159082
2020-05-29,VZ,cross_sectional_composite_zscore,0.010393,-0.063852
2020-06-30,ACN,cross_sectional_composite_zscore,0.512192,-0.005535
2020-06-30,APD,cross_sectional_composite_zscore,0.080379,0.141912
2020-06-30,BSX,cross_sectional_composite_zscore,-0.723497,0.079513
2020-06-30,COP,cross_sectional_composite_zscore,-0.409812,-0.094156
2020-06-30,ELV,cross_sectional_composite_zscore,-0.627201,0.0163
2020-06-30,GOOG,cross_sectional_composite_zscore,0.18105,0.022338
2020-06-30,INTU,cross_sectional_composite_zscore,0.401153,-0.032384
2020-06-30,LMT,cross_sectional_composite_zscore,-0.42986,0.006976
2020-06-30,MO,cross_sectional_composite_zscore,-0.179761,0.006285
2020-06-30,NOW,cross_sectional_composite_zscore,0.687651,0.046003
2020-06-30,PLD,cross_sectional_composite_zscore,-0.152856,0.083224
2020-06-30,SCHW,cross_sectional_composite_zscore,-0.953792,-0.044275
2020-06-30,TJX,cross_sectional_composite_zscore,-0.679497,-0.014004
2020-06-30,V,cross_sectional_composite_zscore,0.130952,-0.026346
2020-07-31,ABBV,cross_sectional_composite_zscore,0.063645,-0.081483
2020-07-31,AMZN,cross_sectional_composite_zscore,0.90832,0.001241
2020-07-31,BLK,cross_sectional_composite_zscore,0.096861,-0.028383
2020-07-31,CME,cross_sectional_composite_zscore,-0.577145,-0.008395
2020-07-31,DIS,cross_sectional_composite_zscore,-0.261318,0.08537
2020-07-31,GE,cross_sectional_composite_zscore,-1.402615,0.015276
2020-07-31,ICE,cross_sectional_composite_zscore,-0.017175,0.017035
2020-07-31,LIN,cross_sectional_composite_zscore,0.790702,-0.039171
2020-07-31,MDT,cross_sectional_composite_zscore,-0.310811,0.044266
2020-07-31,NKE,cross_sectional_composite_zscore,-0.205428,0.079257
2020-07-31,PG,cross_sectional_composite_zscore,0.333133,-0.015343
2020-07-31,RTX,cross_sectional_composite_zscore,-1.144539,0.032582
2020-07-31,T,cross_sectional_composite_zscore,-0.492798,-0.058135
2020-07-31,UPS,cross_sectional_composite_zscore,1.453477,0.070853
2020-07-31,ZTS,cross_sectional_composite_zscore,0.388216,-0.018834
2020-08-31,AMD,cross_sectional_composite_zscore,0.907754,-0.054961
2020-08-31,BAC,cross_sectional_composite_zscore,-0.50717,-0.025415
2020-08-31,CI,cross_sectional_composite_zscore,-0.630499,-0.028944
2020-08-31,CVX,cross_sectional_composite_zscore,-0.683006,-0.098647
2020-08-31,FDX,cross_sectional_composite_zscore,1.619148,0.201096
2020-08-31,HON,cross_sectional_composite_zscore,0.158553,0.038405
2020-08-31,KLAC,cross_sectional_composite_zscore,-0.113753,-0.012884
2020-08-31,MCO,cross_sectional_composite_zscore,-0.120851,0.014446
2020-08-31,NEE,cross_sectional_composite_zscore,-0.106647,0.058836
2020-08-31,PEP,cross_sectional_composite_zscore,-0.090737,0.031023
2020-08-31,REGN,cross_sectional_composite_zscore,-0.457241,-0.030031
2020-08-31,SPGI,cross_sectional_composite_zscore,0.009454,0.018924
2020-08-31,UNH,cross_sectional_composite_zscore,-0.276459,0.021821
2020-08-31,WMT,cross_sectional_composite_zscore,0.199609,0.032371
2020-09-30,ADP,cross_sectional_composite_zscore,-0.181212,0.136339
2020-09-30,AXP,cross_sectional_composite_zscore,-0.073674,-0.057893
2020-09-30,CB,cross_sectional_composite_zscore,-0.597599,0.121888
2020-09-30,CSCO,cross_sectional_composite_zscore,-0.764384,-0.060488
2020-09-30,EQIX,cross_sectional_composite_zscore,0.01156,0.019234
2020-09-30,HCA,cross_sectional_composite_zscore,-0.012433,0.039573
2020-09-30,JNJ,cross_sectional_composite_zscore,0.139049,-0.046086
2020-09-30,MAR,cross_sectional_composite_zscore,-0.58066,-0.003617
2020-09-30,MSFT,cross_sectional_composite_zscore,-0.309141,-0.011797
2020-09-30,ORLY,cross_sectional_composite_zscore,0.227142,-0.01596
2020-09-30,PYPL,cross_sectional_composite_zscore,0.07381,0.000619
2020-09-30,SNPS,cross_sectional_composite_zscore,-0.009847,0.04252
2020-09-30,TXN,cross_sectional_composite_zscore,0.339903,0.026045
2020-09-30,WFC,cross_sectional_composite_zscore,-0.620366,-0.074532
2020-10-30,ADBE,cross_sectional_composite_zscore,-0.1428,-0.038613
2020-10-30,APH,cross_sectional_composite_zscore,0.603089,0.050475
2020-10-30,C,cross_sectional_composite_zscore,-0.728729,0.220775
2020-10-30,COST,cross_sectional_composite_zscore,0.631514,-0.013284
2020-10-30,EMR,cross_sectional_composite_zscore,0.256791,0.084948
2020-10-30,GOOGL,cross_sectional_composite_zscore,0.853104,-0.023207
2020-10-30,ISRG,cross_sectional_composite_zscore,0.051125,-0.020376
2020-10-30,LOW,cross_sectional_composite_zscore,0.311026,-0.123198
2020-10-30,MRK,cross_sectional_composite_zscore,-0.373243,-0.039903
2020-10-30,NVDA,cross_sectional_composite_zscore,0.475413,-0.039565
2020-10-30,PM,cross_sectional_composite_zscore,-0.340017,-0.042176
2020-10-30,SHW,cross_sectional_composite_zscore,0.419337,-0.020068
2020-10-30,TMO,cross_sectional_composite_zscore,1.17525,-0.125982
2020-10-30,VRTX,cross_sectional_composite_zscore,-2.026171,-0.015717
2020-11-30,ABT,cross_sectional_composite_zscore,-0.450222,-0.029319
2020-11-30,AON,cross_sectional_composite_zscore,-0.228773,-0.020477
2020-11-30,BMY,cross_sectional_composite_zscore,-0.366292,-0.046041
2020-11-30,CMG,cross_sectional_composite_zscore,-0.277749,0.049374
2020-11-30,DUK,cross_sectional_composite_zscore,0.039008,-0.060554
2020-11-30,GILD,cross_sectional_composite_zscore,-0.845771,-0.083027
2020-11-30,INTC,cross_sectional_composite_zscore,-0.768947,-0.008826
2020-11-30,LLY,cross_sectional_composite_zscore,-0.302546,0.113365
2020-11-30,META,cross_sectional_composite_zscore,-0.640315,-0.031022
2020-11-30,NOC,cross_sectional_composite_zscore,-0.743788,-0.034537
2020-11-30,PH,cross_sectional_composite_zscore,1.117145,-0.034564
2020-11-30,SBUX,cross_sectional_composite_zscore,0.346874,0.047301
2020-11-30,TDG,cross_sectional_composite_zscore,0.539077,0.019113
2020-11-30,USB,cross_sectional_composite_zscore,0.074146,0.037241
2020-12-31,AAPL,cross_sectional_composite_zscore,0.409199,0.004643
2020-12-31,AMGN,cross_sectional_composite_zscore,-0.742967,0.039426
2020-12-31,BKNG,cross_sectional_composite_zscore,0.200834,-0.112608
2020-12-31,CL,cross_sectional_composite_zscore,-0.035356,-0.082905
2020-12-31,DE,cross_sectional_composite_zscore,0.621217,0.079795
2020-12-31,GD,cross_sectional_composite_zscore,-0.474388,-0.00681
2020-12-31,IBM,cross_sectional_composite_zscore,-0.442106,-0.048707
2020-12-31,KO,cross_sectional_composite_zscore,0.189932,-0.122259
2020-12-31,MDLZ,cross_sectional_composite_zscore,-0.275613,-0.061356
2020-12-31,NFLX,cross_sectional_composite_zscore,-0.26953,-0.009411
2020-12-31,PFE,cross_sectional_composite_zscore,-0.770945,-0.023143
2020-12-31,ROP,cross_sectional_composite_zscore,-0.228377,-0.097238
2020-12-31,SYK,cross_sectional_composite_zscore,0.167332,-0.081783
2020-12-31,UNP,cross_sectional_composite_zscore,-0.216162,-0.052486
2020-12-31,XOM,cross_sectional_composite_zscore,-0.131292,0.083477
2021-01-29,AMAT,cross_sectional_composite_zscore,1.628949,0.214161
2021-01-29,BA,cross_sectional_composite_zscore,-0.470911,0.102798
2021-01-29,CDNS,cross_sectional_composite_zscore,-0.07721,0.078042
2021-01-29,CVS,cross_sectional_composite_zscore,0.482398,-0.085797
2021-01-29,ETN,cross_sectional_composite_zscore,0.067916,0.087807
2021-01-29,HD,cross_sectional_composite_zscore,-0.048974,-0.08669
2021-01-29,JPM,cross_sectional_composite_zscore,0.521455,0.116939
2021-01-29,MCD,cross_sectional_composite_zscore,-0.314527,-0.044582
2021-01-29,MU,cross_sectional_composite_zscore,1.309482,0.157962
2021-01-29,PANW,cross_sectional_composite_zscore,0.592351,-0.005278
2021-01-29,QCOM,cross_sectional_composite_zscore,0.573434,-0.160155
2021-01-29,SO,cross_sectional_composite_zscore,-0.334725,-0.06172
2021-01-29,UBER,cross_sectional_composite_zscore,0.262371,0.015413
2021-01-29,WM,cross_sectional_composite_zscore,-0.287691,-0.042299
2021-02-26,ADI,cross_sectional_composite_zscore,0.388806,-0.036198
2021-02-26,AVGO,cross_sectional_composite_zscore,0.53503,-0.010556
2021-02-26,CAT,cross_sectional_composite_zscore,1.209651,0.018614
2021-02-26,CRM,cross_sectional_composite_zscore,-0.927992,-0.078703
2021-02-26,EOG,cross_sectional_composite_zscore,0.557078,0.115375
2021-02-26,GS,cross_sectional_composite_zscore,1.397261,-0.015692
2021-02-26,ITW,cross_sectional_composite_zscore,-0.168931,0.081303
2021-02-26,MA,cross_sectional_composite_zscore,-0.002757,-0.009744
2021-02-26,MS,cross_sectional_composite_zscore,0.881447,-0.004018
2021-02-26,ORCL,cross_sectional_composite_zscore,0.296976,0.044502
2021-02-26,PNC,cross_sectional_composite_zscore,1.047633,0.02276
2021-02-26,SLB,cross_sectional_composite_zscore,1.047376,-0.030144
2021-02-26,TSLA,cross_sectional_composite_zscore,-0.545794,-0.128547
2021-02-26,VZ,cross_sectional_composite_zscore,-0.39718,0.007603
2021-03-31,ACN,cross_sectional_composite_zscore,0.235989,0.002371
2021-03-31,APD,cross_sectional_composite_zscore,-0.076555,-0.020918
2021-03-31,BSX,cross_sectional_composite_zscore,-0.456467,0.081135
2021-03-31,COP,cross_sectional_composite_zscore,0.455463,-0.056854
2021-03-31,ELV,cross_sectional_composite_zscore,0.860712,0.00721
2021-03-31,GOOG,cross_sectional_composite_zscore,0.099645,0.114763
2021-03-31,INTU,cross_sectional_composite_zscore,-0.711468,0.02807
2021-03-31,LMT,cross_sectional_composite_zscore,-0.025021,-0.03051
2021-03-31,MO,cross_sectional_composite_zscore,1.309177,-0.149007
2021-03-31,NOW,cross_sectional_composite_zscore,-1.221758,-0.050096
2021-03-31,PLD,cross_sectional_composite_zscore,0.278376,0.037013
2021-03-31,SCHW,cross_sectional_composite_zscore,0.492493,0.040309
2021-03-31,TJX,cross_sectional_composite_zscore,-0.392613,0.019793
2021-03-31,V,cross_sectional_composite_zscore,-0.759269,0.058815
2021-04-30,ABBV,cross_sectional_composite_zscore,0.049727,0.008681
2021-04-30,AMZN,cross_sectional_composite_zscore,0.033671,-0.077036
2021-04-30,BLK,cross_sectional_composite_zscore,0.403768,0.063909
2021-04-30,CME,cross_sectional_composite_zscore,-0.296097,0.076458
2021-04-30,DIS,cross_sectional_composite_zscore,-0.273501,-0.046185
2021-04-30,GE,cross_sectional_composite_zscore,0.2909,0.065081
2021-04-30,ICE,cross_sectional_composite_zscore,-0.147682,-0.047599
2021-04-30,LIN,cross_sectional_composite_zscore,0.006207,0.045072
2021-04-30,MDT,cross_sectional_composite_zscore,0.688576,-0.039639
2021-04-30,NKE,cross_sectional_composite_zscore,-0.79126,0.024465
2021-04-30,PG,cross_sectional_composite_zscore,-0.677326,0.004152
2021-04-30,RTX,cross_sectional_composite_zscore,0.719315,0.065564
2021-04-30,T,cross_sectional_composite_zscore,0.159752,-0.069603
2021-04-30,UPS,cross_sectional_composite_zscore,1.420329,0.05116
2021-04-30,ZTS,cross_sectional_composite_zscore,0.135597,0.014528
2021-05-28,AMD,cross_sectional_composite_zscore,-1.268178,0.066394
2021-05-28,BAC,cross_sectional_composite_zscore,0.949635,-0.036471
2021-05-28,CI,cross_sectional_composite_zscore,0.737625,-0.090005
2021-05-28,CVX,cross_sectional_composite_zscore,-0.149601,-0.019092
2021-05-28,FDX,cross_sectional_composite_zscore,0.713044,-0.084841
2021-05-28,HON,cross_sectional_composite_zscore,0.240716,-0.082168
2021-05-28,KLAC,cross_sectional_composite_zscore,-0.394051,-0.004072
2021-05-28,MCO,cross_sectional_composite_zscore,0.426412,0.069633
2021-05-28,NEE,cross_sectional_composite_zscore,-1.194882,0.010766
2021-05-28,PEP,cross_sectional_composite_zscore,0.151773,-0.019841
2021-05-28,REGN,cross_sectional_composite_zscore,-0.260627,0.059132
2021-05-28,SPGI,cross_sectional_composite_zscore,-0.218474,0.061544
2021-05-28,UNH,cross_sectional_composite_zscore,0.754547,-0.042842
2021-05-28,WMT,cross_sectional_composite_zscore,-0.204574,-0.048688
2021-06-30,ADP,cross_sectional_composite_zscore,-0.110268,0.021993
2021-06-30,AXP,cross_sectional_composite_zscore,0.617997,0.013974
2021-06-30,CB,cross_sectional_composite_zscore,-0.826263,0.024004
2021-06-30,CSCO,cross_sectional_composite_zscore,-0.142868,0.016889
2021-06-30,EQIX,cross_sectional_composite_zscore,0.509758,-0.049621
2021-06-30,HCA,cross_sectional_composite_zscore,0.085514,0.169679
2021-06-30,JNJ,cross_sectional_composite_zscore,-0.459715,0.01575
2021-06-30,MAR,cross_sectional_composite_zscore,-1.015431,0.053799
2021-06-30,MSFT,cross_sectional_composite_zscore,0.832789,0.028174
2021-06-30,ORLY,cross_sectional_composite_zscore,0.625247,0.023766
2021-06-30,PYPL,cross_sectional_composite_zscore,1.056087,-0.057921
2021-06-30,SNPS,cross_sectional_composite_zscore,0.369147,0.005905
2021-06-30,TXN,cross_sectional_composite_zscore,-0.304391,-0.036751
2021-06-30,WFC,cross_sectional_composite_zscore,0.430707,-0.002695
2021-07-30,ADBE,cross_sectional_composite_zscore,1.01632,0.032571
2021-07-30,APH,cross_sectional_composite_zscore,0.237234,0.031994
2021-07-30,C,cross_sectional_composite_zscore,-0.757053,0.052642
2021-07-30,COST,cross_sectional_composite_zscore,0.94756,0.021212
2021-07-30,EMR,cross_sectional_composite_zscore,0.428896,0.016739
2021-07-30,GOOGL,cross_sectional_composite_zscore,1.242012,0.042089
2021-07-30,ISRG,cross_sectional_composite_zscore,0.789347,0.018676
2021-07-30,LOW,cross_sectional_composite_zscore,-0.472943,0.041783
2021-07-30,MRK,cross_sectional_composite_zscore,-0.209648,-0.034187
2021-07-30,NVDA,cross_sectional_composite_zscore,0.689391,0.134108
2021-07-30,PM,cross_sectional_composite_zscore,0.127468,-0.006691
2021-07-30,SHW,cross_sectional_composite_zscore,0.441909,0.015815
2021-07-30,TMO,cross_sectional_composite_zscore,0.388001,-0.011032
2021-07-30,VRTX,cross_sectional_composite_zscore,-1.097401,-0.035007
2021-08-31,ABT,cross_sectional_composite_zscore,0.373885,-0.019872
2021-08-31,AON,cross_sectional_composite_zscore,0.662384,0.050112
2021-08-31,BMY,cross_sectional_composite_zscore,-0.447762,-0.058521
2021-08-31,CMG,cross_sectional_composite_zscore,0.876262,0.004971
2021-08-31,DUK,cross_sectional_composite_zscore,-0.180294,-0.025578
2021-08-31,GILD,cross_sectional_composite_zscore,0.32581,0.019351
2021-08-31,INTC,cross_sectional_composite_zscore,-0.662162,0.024265
2021-08-31,LLY,cross_sectional_composite_zscore,0.673872,-0.073326
2021-08-31,META,cross_sectional_composite_zscore,0.898868,-0.070021
2021-08-31,NOC,cross_sectional_composite_zscore,-0.096581,0.021972
2021-08-31,PH,cross_sectional_composite_zscore,-0.829219,0.007572
2021-08-31,SBUX,cross_sectional_composite_zscore,-0.352002,-0.010472
2021-08-31,TDG,cross_sectional_composite_zscore,-0.928446,0.079304
2021-08-31,USB,cross_sectional_composite_zscore,-0.291033,0.092872
2021-09-30,AAPL,cross_sectional_composite_zscore,0.008123,0.010237
2021-09-30,AMGN,cross_sectional_composite_zscore,-1.053811,-0.093766
2021-09-30,BKNG,cross_sectional_composite_zscore,0.514154,-0.044448
2021-09-30,CL,cross_sectional_composite_zscore,-0.519028,-0.044638
2021-09-30,DE,cross_sectional_composite_zscore,-0.817435,-0.024334
2021-09-30,GD,cross_sectional_composite_zscore,0.403743,-0.028224
2021-09-30,IBM,cross_sectional_composite_zscore,-0.015761,-0.162217
2021-09-30,KO,cross_sectional_composite_zscore,-0.338067,4.3e-05
2021-09-30,MDLZ,cross_sectional_composite_zscore,-0.522818,-0.020386
2021-09-30,NFLX,cross_sectional_composite_zscore,0.966724,0.036388
2021-09-30,PFE,cross_sectional_composite_zscore,0.318041,-0.064043
2021-09-30,ROP,cross_sectional_composite_zscore,-0.376725,0.024007
2021-09-30,SYK,cross_sectional_composite_zscore,0.007233,-0.050098
2021-09-30,UNP,cross_sectional_composite_zscore,-1.070542,0.168165
2021-09-30,XOM,cross_sectional_composite_zscore,0.460447,0.025339
2021-10-29,AMAT,cross_sectional_composite_zscore,-0.453992,0.09676
2021-10-29,BA,cross_sectional_composite_zscore,-1.332164,-0.052851
2021-10-29,CDNS,cross_sectional_composite_zscore,0.81725,0.066798
2021-10-29,CVS,cross_sectional_composite_zscore,0.282064,0.019041
2021-10-29,ETN,cross_sectional_composite_zscore,0.245524,0.008692
2021-10-29,HD,cross_sectional_composite_zscore,0.723792,0.082718
2021-10-29,JPM,cross_sectional_composite_zscore,0.101508,-0.062624
2021-10-29,MCD,cross_sectional_composite_zscore,-0.228959,0.007695
2021-10-29,MU,cross_sectional_composite_zscore,-1.311305,0.23495
2021-10-29,PANW,cross_sectional_composite_zscore,0.688102,0.071028
2021-10-29,QCOM,cross_sectional_composite_zscore,-0.730875,0.369439
2021-10-29,SO,cross_sectional_composite_zscore,-0.429138,0.007037
2021-10-29,UBER,cross_sectional_composite_zscore,-1.2397,-0.10567
2021-10-29,WM,cross_sectional_composite_zscore,0.399052,0.029542
2021-11-30,ADI,cross_sectional_composite_zscore,0.430937,-0.07431
2021-11-30,AVGO,cross_sectional_composite_zscore,0.636471,0.170772
2021-11-30,CAT,cross_sectional_composite_zscore,-0.624336,0.020505
2021-11-30,CRM,cross_sectional_composite_zscore,0.103295,-0.15855
2021-11-30,EOG,cross_sectional_composite_zscore,0.335848,0.004969
2021-11-30,GS,cross_sectional_composite_zscore,-0.504113,-0.032774
2021-11-30,ITW,cross_sectional_composite_zscore,0.116222,0.01247
2021-11-30,MA,cross_sectional_composite_zscore,-0.763982,0.095445
2021-11-30,MS,cross_sectional_composite_zscore,-0.494955,-0.010563
2021-11-30,ORCL,cross_sectional_composite_zscore,0.094754,-0.079681
2021-11-30,PNC,cross_sectional_composite_zscore,-0.088281,-0.030276
2021-11-30,SLB,cross_sectional_composite_zscore,-0.743762,-0.017977
2021-11-30,TSLA,cross_sectional_composite_zscore,1.324061,-0.102962
2021-11-30,VZ,cross_sectional_composite_zscore,-0.429258,-0.010223
2021-12-31,ACN,cross_sectional_composite_zscore,1.209798,-0.092123
2021-12-31,APD,cross_sectional_composite_zscore,0.31239,-0.020026
2021-12-31,BSX,cross_sectional_composite_zscore,-0.358122,0.062628
2021-12-31,COP,cross_sectional_composite_zscore,-0.229752,0.280505
2021-12-31,ELV,cross_sectional_composite_zscore,1.054296,0.004094
2021-12-31,GOOG,cross_sectional_composite_zscore,-0.276701,-0.009334
2021-12-31,INTU,cross_sectional_composite_zscore,-0.204241,-0.083053
2021-12-31,LMT,cross_sectional_composite_zscore,-0.295259,0.147618
2021-12-31,MO,cross_sectional_composite_zscore,0.128161,0.126385
2021-12-31,NOW,cross_sectional_composite_zscore,-0.297952,-0.044823
2021-12-31,PLD,cross_sectional_composite_zscore,1.196622,-0.015802
2021-12-31,SCHW,cross_sectional_composite_zscore,0.140913,0.095547
2021-12-31,TJX,cross_sectional_composite_zscore,0.200729,0.000712
2021-12-31,V,cross_sectional_composite_zscore,-0.453324,0.096394
2022-01-31,ABBV,cross_sectional_composite_zscore,1.125631,0.123193
2022-01-31,AMZN,cross_sectional_composite_zscore,-0.775881,0.054784
2022-01-31,BLK,cross_sectional_composite_zscore,-0.71966,-0.087097
2022-01-31,CME,cross_sectional_composite_zscore,0.459434,0.061509
2022-01-31,DIS,cross_sectional_composite_zscore,-0.958891,0.063393
2022-01-31,GE,cross_sectional_composite_zscore,-0.330178,0.021542
2022-01-31,ICE,cross_sectional_composite_zscore,-0.337347,0.052903
2022-01-31,LIN,cross_sectional_composite_zscore,-0.109485,-0.069045
2022-01-31,MDT,cross_sectional_composite_zscore,-0.616535,0.04594
2022-01-31,NKE,cross_sectional_composite_zscore,-0.692557,-0.062746
2022-01-31,PG,cross_sectional_composite_zscore,0.701119,-0.000202
2022-01-31,RTX,cross_sectional_composite_zscore,0.409573,0.189671
2022-01-31,T,cross_sectional_composite_zscore,0.268231,-0.032957
2022-01-31,UPS,cross_sectional_composite_zscore,-0.211956,0.068351
2022-01-31,ZTS,cross_sectional_composite_zscore,-0.795977,0.00801
2022-02-28,AMD,cross_sectional_composite_zscore,-0.333147,-0.072534
2022-02-28,BAC,cross_sectional_composite_zscore,0.075894,-0.057289
2022-02-28,CI,cross_sectional_composite_zscore,0.34921,-0.017823
2022-02-28,CVX,cross_sectional_composite_zscore,1.1408,0.107808
2022-02-28,FDX,cross_sectional_composite_zscore,-0.422312,-0.008878
2022-02-28,HON,cross_sectional_composite_zscore,-0.452018,-0.008612
2022-02-28,KLAC,cross_sectional_composite_zscore,-0.531726,0.029645
2022-02-28,MCO,cross_sectional_composite_zscore,-0.420206,-0.004764
2022-02-28,NEE,cross_sectional_composite_zscore,-0.100297,0.031302
2022-02-28,PEP,cross_sectional_composite_zscore,0.498438,-0.02859
2022-02-28,REGN,cross_sectional_composite_zscore,-0.090891,0.073953
2022-02-28,SPGI,cross_sectional_composite_zscore,-0.387032,0.055874
2022-02-28,UNH,cross_sectional_composite_zscore,0.448992,0.034237
2022-02-28,WMT,cross_sectional_composite_zscore,0.218219,0.036979
2022-03-31,ADP,cross_sectional_composite_zscore,0.352011,0.046633
2022-03-31,AXP,cross_sectional_composite_zscore,0.328503,0.024699
2022-03-31,CB,cross_sectional_composite_zscore,0.678284,0.05294
2022-03-31,CSCO,cross_sectional_composite_zscore,-0.408895,-0.027808
2022-03-31,EQIX,cross_sectional_composite_zscore,-0.319251,0.057376
2022-03-31,HCA,cross_sectional_composite_zscore,-0.246804,-0.056154
2022-03-31,JNJ,cross_sectional_composite_zscore,0.475125,0.105994
2022-03-31,MAR,cross_sectional_composite_zscore,0.338898,0.09784
2022-03-31,MSFT,cross_sectional_composite_zscore,-0.051363,-0.012098
2022-03-31,ORLY,cross_sectional_composite_zscore,0.090393,-0.026705
2022-03-31,PYPL,cross_sectional_composite_zscore,-1.209348,-0.15192
2022-03-31,SNPS,cross_sectional_composite_zscore,-0.05336,-0.051697
2022-03-31,TXN,cross_sectional_composite_zscore,0.204728,0.015663
2022-03-31,WFC,cross_sectional_composite_zscore,-0.340842,-0.0119
2022-04-29,ADBE,cross_sectional_composite_zscore,-0.862627,0.073588
2022-04-29,APH,cross_sectional_composite_zscore,-0.016892,-0.01029
2022-04-29,C,cross_sectional_composite_zscore,-0.482807,0.104305
2022-04-29,COST,cross_sectional_composite_zscore,0.600119,-0.122559
2022-04-29,EMR,cross_sectional_composite_zscore,0.17328,-0.02154
2022-04-29,GOOGL,cross_sectional_composite_zscore,-0.570064,-0.023625
2022-04-29,ISRG,cross_sectional_composite_zscore,-0.952622,-0.050286
2022-04-29,LOW,cross_sectional_composite_zscore,-0.091385,0.001697
2022-04-29,MRK,cross_sectional_composite_zscore,0.910379,0.041586
2022-04-29,NVDA,cross_sectional_composite_zscore,-1.437815,0.006322
2022-04-29,PM,cross_sectional_composite_zscore,0.638249,0.061788
2022-04-29,SHW,cross_sectional_composite_zscore,0.290842,-0.000529
2022-04-29,TMO,cross_sectional_composite_zscore,-0.003647,0.027228
2022-04-29,VRTX,cross_sectional_composite_zscore,0.995127,-0.006046
2022-05-31,ABT,cross_sectional_composite_zscore,0.173637,0.003772
2022-05-31,AON,cross_sectional_composite_zscore,-0.119802,0.050314
2022-05-31,BMY,cross_sectional_composite_zscore,1.087125,0.112453
2022-05-31,CMG,cross_sectional_composite_zscore,-0.621909,-0.006585
2022-05-31,DUK,cross_sectional_composite_zscore,1.181892,0.017089
2022-05-31,GILD,cross_sectional_composite_zscore,0.754889,0.050438
2022-05-31,INTC,cross_sectional_composite_zscore,-0.218895,-0.085568
2022-05-31,LLY,cross_sectional_composite_zscore,1.183509,0.105445
2022-05-31,META,cross_sectional_composite_zscore,-0.974855,-0.078432
2022-05-31,NOC,cross_sectional_composite_zscore,0.716593,0.061782
2022-05-31,PH,cross_sectional_composite_zscore,-0.085027,-0.016321
2022-05-31,SBUX,cross_sectional_composite_zscore,-0.550216,0.048575
2022-05-31,TDG,cross_sectional_composite_zscore,-0.122625,-0.056859
2022-05-31,USB,cross_sectional_composite_zscore,0.37834,-0.047404
2022-06-30,AAPL,cross_sectional_composite_zscore,-0.198371,0.096546
2022-06-30,AMGN,cross_sectional_composite_zscore,0.866744,-0.074948
2022-06-30,BKNG,cross_sectional_composite_zscore,-0.804331,0.014659
2022-06-30,CL,cross_sectional_composite_zscore,0.961621,-0.103565
2022-06-30,DE,cross_sectional_composite_zscore,-0.846462,0.053871
2022-06-30,GD,cross_sectional_composite_zscore,0.54273,-0.06759
2022-06-30,IBM,cross_sectional_composite_zscore,1.055532,-0.165747
2022-06-30,KO,cross_sectional_composite_zscore,0.886502,-0.072059
2022-06-30,MDLZ,cross_sectional_composite_zscore,0.715089,-0.060682
2022-06-30,NFLX,cross_sectional_composite_zscore,-2.061977,0.194011
2022-06-30,PFE,cross_sectional_composite_zscore,0.659281,-0.121232
2022-06-30,ROP,cross_sectional_composite_zscore,-0.010717,0.016084
2022-06-30,SYK,cross_sectional_composite_zscore,-0.383813,-0.012562
2022-06-30,UNP,cross_sectional_composite_zscore,0.076839,-0.026352
2022-06-30,XOM,cross_sectional_composite_zscore,0.374156,0.039743
2022-07-29,AMAT,cross_sectional_composite_zscore,-0.471838,-0.04915
2022-07-29,BA,cross_sectional_composite_zscore,-0.166102,0.04898
2022-07-29,CDNS,cross_sectional_composite_zscore,0.800789,-0.028122
2022-07-29,CVS,cross_sectional_composite_zscore,0.065802,0.061992
2022-07-29,ETN,cross_sectional_composite_zscore,0.377939,-0.027863
2022-07-29,HD,cross_sectional_composite_zscore,0.188643,0.006777
2022-07-29,JPM,cross_sectional_composite_zscore,-0.171718,0.010233
2022-07-29,MCD,cross_sectional_composite_zscore,0.616276,-0.008162
2022-07-29,MU,cross_sectional_composite_zscore,-0.628803,-0.052166
2022-07-29,PANW,cross_sectional_composite_zscore,-0.827399,0.139616
2022-07-29,QCOM,cross_sectional_composite_zscore,0.06604,-0.029836
2022-07-29,SO,cross_sectional_composite_zscore,0.637398,0.042207
2022-07-29,UBER,cross_sectional_composite_zscore,-1.45489,0.234977
2022-07-29,WM,cross_sectional_composite_zscore,0.342035,0.058448
2022-08-31,ADI,cross_sectional_composite_zscore,-0.419993,0.015233
2022-08-31,AVGO,cross_sectional_composite_zscore,-0.416662,-0.012381
2022-08-31,CAT,cross_sectional_composite_zscore,-0.210631,-0.023644
2022-08-31,CRM,cross_sectional_composite_zscore,-1.035373,0.018558
2022-08-31,EOG,cross_sectional_composite_zscore,0.301333,0.021025
2022-08-31,GS,cross_sectional_composite_zscore,0.31257,-0.031707
2022-08-31,ITW,cross_sectional_composite_zscore,-0.097607,0.028595
2022-08-31,MA,cross_sectional_composite_zscore,-0.308682,-0.037726
2022-08-31,MS,cross_sectional_composite_zscore,0.359136,0.015295
2022-08-31,ORCL,cross_sectional_composite_zscore,0.049205,-0.093758
2022-08-31,PNC,cross_sectional_composite_zscore,-0.045831,0.032179
2022-08-31,SLB,cross_sectional_composite_zscore,-0.325651,0.025402
2022-08-31,TSLA,cross_sectional_composite_zscore,-0.422947,0.051342
2022-08-31,VZ,cross_sectional_composite_zscore,-0.491104,0.002372
2022-09-30,ACN,cross_sectional_composite_zscore,-0.119195,0.034292
2022-09-30,APD,cross_sectional_composite_zscore,0.272918,0.004141
2022-09-30,BSX,cross_sectional_composite_zscore,0.48452,0.025239
2022-09-30,COP,cross_sectional_composite_zscore,0.412468,0.15348
2022-09-30,ELV,cross_sectional_composite_zscore,0.01727,0.107691
2022-09-30,GOOG,cross_sectional_composite_zscore,-0.471288,-0.08467
2022-09-30,INTU,cross_sectional_composite_zscore,-0.021469,0.027778
2022-09-30,LMT,cross_sectional_composite_zscore,0.236093,0.166054
2022-09-30,MO,cross_sectional_composite_zscore,0.13099,0.057712
2022-09-30,NOW,cross_sectional_composite_zscore,-1.043886,0.024175
2022-09-30,PLD,cross_sectional_composite_zscore,-0.628182,0.022865
2022-09-30,SCHW,cross_sectional_composite_zscore,0.68823,0.026622
2022-09-30,TJX,cross_sectional_composite_zscore,0.677277,0.077953
2022-09-30,V,cross_sectional_composite_zscore,-0.094184,0.089242
2022-10-31,ABBV,cross_sectional_composite_zscore,0.406891,0.057246
2022-10-31,AMZN,cross_sectional_composite_zscore,-1.031464,-0.121169
2022-10-31,BLK,cross_sectional_composite_zscore,-0.017036,0.082062
2022-10-31,CME,cross_sectional_composite_zscore,-0.36319,-0.014642
2022-10-31,DIS,cross_sectional_composite_zscore,-0.041375,-0.134581
2022-10-31,GE,cross_sectional_composite_zscore,0.331868,0.077531
2022-10-31,ICE,cross_sectional_composite_zscore,-0.137858,0.078874
2022-10-31,LIN,cross_sectional_composite_zscore,-0.031779,0.093073
2022-10-31,MDT,cross_sectional_composite_zscore,-0.141039,-0.147697
2022-10-31,NKE,cross_sectional_composite_zscore,-0.864524,0.123062
2022-10-31,PG,cross_sectional_composite_zscore,0.020362,0.056915
2022-10-31,RTX,cross_sectional_composite_zscore,0.264751,0.010196
2022-10-31,T,cross_sectional_composite_zscore,0.426814,0.019432
2022-10-31,UPS,cross_sectional_composite_zscore,-0.20798,0.088998
2022-10-31,ZTS,cross_sectional_composite_zscore,-0.3494,-0.042787
2022-11-30,AMD,cross_sectional_composite_zscore,-0.170533,-0.109874
2022-11-30,BAC,cross_sectional_composite_zscore,0.012666,-0.06418
2022-11-30,CI,cross_sectional_composite_zscore,0.348473,0.064158
2022-11-30,CVX,cross_sectional_composite_zscore,0.14242,0.027918
2022-11-30,FDX,cross_sectional_composite_zscore,-0.720358,0.025024
2022-11-30,HON,cross_sectional_composite_zscore,0.587407,0.033277
2022-11-30,KLAC,cross_sectional_composite_zscore,0.698191,0.021336
2022-11-30,MCO,cross_sectional_composite_zscore,0.042068,0.00371
2022-11-30,NEE,cross_sectional_composite_zscore,0.004706,0.047819
2022-11-30,PEP,cross_sectional_composite_zscore,0.129378,0.04223
2022-11-30,REGN,cross_sectional_composite_zscore,0.150965,0.014685
2022-11-30,SPGI,cross_sectional_composite_zscore,0.037641,0.01832
2022-11-30,UNH,cross_sectional_composite_zscore,-0.20511,0.02548
2022-11-30,WMT,cross_sectional_composite_zscore,0.584522,-0.008724
2022-12-30,ADP,cross_sectional_composite_zscore,-0.253115,-0.117522
2022-12-30,AXP,cross_sectional_composite_zscore,-0.199892,0.125176
2022-12-30,CB,cross_sectional_composite_zscore,0.728125,-0.031654
2022-12-30,CSCO,cross_sectional_composite_zscore,0.240312,-0.033104
2022-12-30,EQIX,cross_sectional_composite_zscore,-0.162056,0.063977
2022-12-30,HCA,cross_sectional_composite_zscore,0.642376,8.1e-05
2022-12-30,JNJ,cross_sectional_composite_zscore,0.505341,-0.137781
2022-12-30,MAR,cross_sectional_composite_zscore,-0.368841,0.106969
2022-12-30,MSFT,cross_sectional_composite_zscore,-0.560397,-0.029571
2022-12-30,ORLY,cross_sectional_composite_zscore,0.635729,-0.124117
2022-12-30,PYPL,cross_sectional_composite_zscore,-1.214693,0.081314
2022-12-30,SNPS,cross_sectional_composite_zscore,-0.652601,0.045039
2022-12-30,TXN,cross_sectional_composite_zscore,-0.262014,0.017326
2022-12-30,WFC,cross_sectional_composite_zscore,-0.494489,0.072254
2023-01-31,ADBE,cross_sectional_composite_zscore,-0.036815,-0.09792
2023-01-31,APH,cross_sectional_composite_zscore,-0.060437,0.003058
2023-01-31,C,cross_sectional_composite_zscore,0.511971,0.024821
2023-01-31,COST,cross_sectional_composite_zscore,-0.128053,-0.033012
2023-01-31,EMR,cross_sectional_composite_zscore,-0.443678,-0.044938
2023-01-31,GOOGL,cross_sectional_composite_zscore,-0.294878,-0.056913
2023-01-31,ISRG,cross_sectional_composite_zscore,-0.602032,-0.045846
2023-01-31,LOW,cross_sectional_composite_zscore,-0.227885,-0.038056
2023-01-31,MRK,cross_sectional_composite_zscore,-0.012739,0.021807
2023-01-31,NVDA,cross_sectional_composite_zscore,1.214714,0.190678
2023-01-31,PM,cross_sectional_composite_zscore,0.305797,-0.03568
2023-01-31,SHW,cross_sectional_composite_zscore,-0.532251,-0.042906
2023-01-31,TMO,cross_sectional_composite_zscore,-0.085978,-0.026892
2023-01-31,VRTX,cross_sectional_composite_zscore,0.27958,-0.069756
2023-02-28,ABT,cross_sectional_composite_zscore,-0.402507,-0.047465
2023-02-28,AON,cross_sectional_composite_zscore,-0.039039,0.014136
2023-02-28,BMY,cross_sectional_composite_zscore,-0.37383,-0.013165
2023-02-28,CMG,cross_sectional_composite_zscore,-0.459745,0.106381
2023-02-28,DUK,cross_sectional_composite_zscore,-0.273668,0.003054
2023-02-28,GILD,cross_sectional_composite_zscore,0.205125,0.012894
2023-02-28,INTC,cross_sectional_composite_zscore,-1.207013,0.172745
2023-02-28,LLY,cross_sectional_composite_zscore,-0.607318,0.082779
2023-02-28,META,cross_sectional_composite_zscore,1.759869,0.144992
2023-02-28,NOC,cross_sectional_composite_zscore,0.017498,-0.013155
2023-02-28,PH,cross_sectional_composite_zscore,1.212369,-0.070668
2023-02-28,SBUX,cross_sectional_composite_zscore,0.163055,-0.035155
2023-02-28,TDG,cross_sectional_composite_zscore,0.949342,-0.034516
2023-02-28,USB,cross_sectional_composite_zscore,0.181752,-0.25712
2023-03-31,AAPL,cross_sectional_composite_zscore,0.695379,0.013493
2023-03-31,AMGN,cross_sectional_composite_zscore,-0.0804,-0.026738
2023-03-31,BKNG,cross_sectional_composite_zscore,0.759722,-0.000366
2023-03-31,CL,cross_sectional_composite_zscore,-0.096734,0.065632
2023-03-31,DE,cross_sectional_composite_zscore,-0.43699,-0.08945
2023-03-31,GD,cross_sectional_composite_zscore,-0.241995,-0.053583
2023-03-31,IBM,cross_sectional_composite_zscore,-0.204918,-0.053091
2023-03-31,KO,cross_sectional_composite_zscore,0.217721,0.021646
2023-03-31,MDLZ,cross_sectional_composite_zscore,0.540923,0.092624
2023-03-31,NFLX,cross_sectional_composite_zscore,0.696644,-0.076776
2023-03-31,PFE,cross_sectional_composite_zscore,-0.713088,-0.05392
2023-03-31,ROP,cross_sectional_composite_zscore,0.089736,0.027389
2023-03-31,SYK,cross_sectional_composite_zscore,0.572409,0.035564
2023-03-31,UNP,cross_sectional_composite_zscore,-0.511046,-0.028017
2023-03-31,XOM,cross_sectional_composite_zscore,-0.217772,0.030738
2023-04-28,AMAT,cross_sectional_composite_zscore,-0.52042,0.19702
2023-04-28,BA,cross_sectional_composite_zscore,-0.172046,-0.025067
2023-04-28,CDNS,cross_sectional_composite_zscore,0.38691,0.080308
2023-04-28,CVS,cross_sectional_composite_zscore,-0.93998,-0.087176
2023-04-28,ETN,cross_sectional_composite_zscore,-0.189864,0.08756
2023-04-28,HD,cross_sectional_composite_zscore,-0.131964,-0.035487
2023-04-28,JPM,cross_sectional_composite_zscore,0.228761,-0.019237
2023-04-28,MCD,cross_sectional_composite_zscore,0.654503,-0.042665
2023-04-28,MU,cross_sectional_composite_zscore,-0.286829,0.138861
2023-04-28,PANW,cross_sectional_composite_zscore,-0.124763,0.150421
2023-04-28,QCOM,cross_sectional_composite_zscore,-1.086579,-0.065056
2023-04-28,SO,cross_sectional_composite_zscore,0.557289,-0.056365
2023-04-28,UBER,cross_sectional_composite_zscore,-0.407175,0.228492
2023-04-28,WM,cross_sectional_composite_zscore,0.271136,-0.038559
2023-05-31,ADI,cross_sectional_composite_zscore,-0.249444,0.019078
2023-05-31,AVGO,cross_sectional_composite_zscore,1.747568,0.020897
2023-05-31,CAT,cross_sectional_composite_zscore,-0.532331,0.134691
2023-05-31,CRM,cross_sectional_composite_zscore,1.12021,-0.110354
2023-05-31,EOG,cross_sectional_composite_zscore,-0.494569,0.000839
2023-05-31,GS,cross_sectional_composite_zscore,-0.37969,-0.054882
2023-05-31,ITW,cross_sectional_composite_zscore,-0.36546,0.0898
2023-05-31,MA,cross_sectional_composite_zscore,-0.020947,0.009671
2023-05-31,MS,cross_sectional_composite_zscore,-0.60879,-0.009818
2023-05-31,ORCL,cross_sectional_composite_zscore,0.899282,0.05938
2023-05-31,PNC,cross_sectional_composite_zscore,-0.919029,0.032657
2023-05-31,SLB,cross_sectional_composite_zscore,-0.878509,0.085457
2023-05-31,TSLA,cross_sectional_composite_zscore,0.312559,0.210307
2023-05-31,VZ,cross_sectional_composite_zscore,-0.385044,-0.014211
2023-06-30,ACN,cross_sectional_composite_zscore,-0.201264,-0.003833
2023-06-30,APD,cross_sectional_composite_zscore,0.15772,-0.01337
2023-06-30,BSX,cross_sectional_composite_zscore,0.125552,-0.074146
2023-06-30,COP,cross_sectional_composite_zscore,-0.37991,0.10345
2023-06-30,ELV,cross_sectional_composite_zscore,-0.871151,0.028803
2023-06-30,GOOG,cross_sectional_composite_zscore,-0.097225,0.067622
2023-06-30,INTU,cross_sectional_composite_zscore,-0.06953,0.085985
2023-06-30,LMT,cross_sectional_composite_zscore,-0.4169,-0.063165
2023-06-30,MO,cross_sectional_composite_zscore,-0.099236,-0.030085
2023-06-30,NOW,cross_sectional_composite_zscore,0.158567,0.004689
2023-06-30,PLD,cross_sectional_composite_zscore,-0.481144,-0.015446
2023-06-30,SCHW,cross_sectional_composite_zscore,-0.414276,0.133463
2023-06-30,TJX,cross_sectional_composite_zscore,0.465489,-0.012212
2023-06-30,V,cross_sectional_composite_zscore,-0.022972,-0.031681
2023-07-31,ABBV,cross_sectional_composite_zscore,0.163971,0.018458
2023-07-31,AMZN,cross_sectional_composite_zscore,0.314533,0.028792
2023-07-31,BLK,cross_sectional_composite_zscore,0.213341,-0.048172
2023-07-31,CME,cross_sectional_composite_zscore,0.292518,0.054746
2023-07-31,DIS,cross_sectional_composite_zscore,-1.115763,-0.02038
2023-07-31,GE,cross_sectional_composite_zscore,0.485465,0.030381
2023-07-31,ICE,cross_sectional_composite_zscore,0.046123,0.056351
2023-07-31,LIN,cross_sectional_composite_zscore,0.022266,0.010818
2023-07-31,MDT,cross_sectional_composite_zscore,-0.354288,-0.039753
2023-07-31,NKE,cross_sectional_composite_zscore,-0.983968,-0.064641
2023-07-31,PG,cross_sectional_composite_zscore,-0.025433,0.016709
2023-07-31,RTX,cross_sectional_composite_zscore,-1.378623,0.01473
2023-07-31,T,cross_sectional_composite_zscore,-1.405336,0.011482
2023-07-31,UPS,cross_sectional_composite_zscore,0.000718,-0.056731
2023-07-31,ZTS,cross_sectional_composite_zscore,0.279855,0.02693
2023-08-31,AMD,cross_sectional_composite_zscore,-1.164329,0.020004
2023-08-31,BAC,cross_sectional_composite_zscore,-0.795622,0.00244
2023-08-31,CI,cross_sectional_composite_zscore,-0.279324,0.087569
2023-08-31,CVX,cross_sectional_composite_zscore,-0.048621,0.094113
2023-08-31,FDX,cross_sectional_composite_zscore,0.504138,0.067393
2023-08-31,HON,cross_sectional_composite_zscore,-0.470603,0.030408
2023-08-31,KLAC,cross_sectional_composite_zscore,-0.022797,-0.038663
2023-08-31,MCO,cross_sectional_composite_zscore,0.066024,-0.013819
2023-08-31,NEE,cross_sectional_composite_zscore,-0.787795,-0.094931
2023-08-31,PEP,cross_sectional_composite_zscore,-0.42384,-0.000227
2023-08-31,REGN,cross_sectional_composite_zscore,0.45226,0.043163
2023-08-31,SPGI,cross_sectional_composite_zscore,0.103056,-0.017678
2023-08-31,UNH,cross_sectional_composite_zscore,-0.699588,0.109487
2023-08-31,WMT,cross_sectional_composite_zscore,0.400876,0.030953
2023-09-29,ADP,cross_sectional_composite_zscore,0.464997,-0.067692
2023-09-29,AXP,cross_sectional_composite_zscore,-0.736752,-0.009627
2023-09-29,CB,cross_sectional_composite_zscore,1.072838,0.041078
2023-09-29,CSCO,cross_sectional_composite_zscore,0.133952,0.005304
2023-09-29,EQIX,cross_sectional_composite_zscore,-0.47161,0.017448
2023-09-29,HCA,cross_sectional_composite_zscore,-1.259317,-0.044812
2023-09-29,JNJ,cross_sectional_composite_zscore,-0.178223,-0.025868
2023-09-29,MAR,cross_sectional_composite_zscore,0.569673,-0.018138
2023-09-29,MSFT,cross_sectional_composite_zscore,-0.026549,0.083829
2023-09-29,ORLY,cross_sectional_composite_zscore,0.039733,0.056574
2023-09-29,PYPL,cross_sectional_composite_zscore,-1.022035,-0.098743
2023-09-29,SNPS,cross_sectional_composite_zscore,0.858931,0.035008
2023-09-29,TXN,cross_sectional_composite_zscore,-0.619009,-0.060631
2023-09-29,WFC,cross_sectional_composite_zscore,0.155138,-0.012095
2023-10-31,ADBE,cross_sectional_composite_zscore,0.813715,0.073313
2023-10-31,APH,cross_sectional_composite_zscore,-0.094635,0.03249
2023-10-31,C,cross_sectional_composite_zscore,-0.511432,0.0865
2023-10-31,COST,cross_sectional_composite_zscore,0.306068,-0.020995
2023-10-31,EMR,cross_sectional_composite_zscore,-0.176067,-0.088549
2023-10-31,GOOGL,cross_sectional_composite_zscore,-0.039556,0.000864
2023-10-31,ISRG,cross_sectional_composite_zscore,-0.913472,0.098048
2023-10-31,LOW,cross_sectional_composite_zscore,-0.694189,-0.038
2023-10-31,MRK,cross_sectional_composite_zscore,0.218782,-0.102351
2023-10-31,NVDA,cross_sectional_composite_zscore,0.013101,0.093417
2023-10-31,PM,cross_sectional_composite_zscore,-0.112792,-0.036704
2023-10-31,SHW,cross_sectional_composite_zscore,-0.490524,0.064638
2023-10-31,TMO,cross_sectional_composite_zscore,-1.308965,0.021195
2023-10-31,VRTX,cross_sectional_composite_zscore,0.746916,-0.117745
2023-11-30,ABT,cross_sectional_composite_zscore,0.01144,0.009767
2023-11-30,AON,cross_sectional_composite_zscore,-0.311885,-0.159723
2023-11-30,BMY,cross_sectional_composite_zscore,-1.919509,-0.006571
2023-11-30,CMG,cross_sectional_composite_zscore,0.733368,-0.00719
2023-11-30,DUK,cross_sectional_composite_zscore,-0.170935,0.005927
2023-11-30,GILD,cross_sectional_composite_zscore,-0.826663,0.021549
2023-11-30,INTC,cross_sectional_composite_zscore,1.801981,0.078506
2023-11-30,LLY,cross_sectional_composite_zscore,0.456024,-0.059394
2023-11-30,META,cross_sectional_composite_zscore,0.356204,0.036295
2023-11-30,NOC,cross_sectional_composite_zscore,-0.077774,-0.06043
2023-11-30,PH,cross_sectional_composite_zscore,0.686725,0.017875
2023-11-30,SBUX,cross_sectional_composite_zscore,-0.063063,-0.078787
2023-11-30,TDG,cross_sectional_composite_zscore,1.177801,0.004954
2023-11-30,USB,cross_sectional_composite_zscore,0.529627,0.10251
2023-12-29,AAPL,cross_sectional_composite_zscore,-0.212953,-0.056099
2023-12-29,AMGN,cross_sectional_composite_zscore,0.210023,0.059576
2023-12-29,BKNG,cross_sectional_composite_zscore,0.777144,-0.030543
2023-12-29,CL,cross_sectional_composite_zscore,-0.193375,0.03024
2023-12-29,DE,cross_sectional_composite_zscore,-0.044339,-0.040131
2023-12-29,GD,cross_sectional_composite_zscore,0.379746,0.007373
2023-12-29,IBM,cross_sectional_composite_zscore,0.413772,0.115922
2023-12-29,KO,cross_sectional_composite_zscore,-0.555239,-0.016318
2023-12-29,MDLZ,cross_sectional_composite_zscore,-0.519625,0.021205
2023-12-29,NFLX,cross_sectional_composite_zscore,0.298193,0.123256
2023-12-29,PFE,cross_sectional_composite_zscore,-1.809949,-0.080135
2023-12-29,ROP,cross_sectional_composite_zscore,0.001575,-0.001217
2023-12-29,SYK,cross_sectional_composite_zscore,-0.392693,0.024592
2023-12-29,UNP,cross_sectional_composite_zscore,0.751062,-0.028381
2023-12-29,XOM,cross_sectional_composite_zscore,-1.365254,0.015931
2024-01-31,AMAT,cross_sectional_composite_zscore,0.29557,0.177038
2024-01-31,BA,cross_sectional_composite_zscore,-1.397205,-0.086872
2024-01-31,CDNS,cross_sectional_composite_zscore,0.645387,0.003003
2024-01-31,CVS,cross_sectional_composite_zscore,-0.784861,-0.052187
2024-01-31,ETN,cross_sectional_composite_zscore,0.344531,0.122228
2024-01-31,HD,cross_sectional_composite_zscore,0.183917,0.026151
2024-01-31,JPM,cross_sectional_composite_zscore,0.499509,0.014916
2024-01-31,MCD,cross_sectional_composite_zscore,-0.249249,-0.048009
2024-01-31,MU,cross_sectional_composite_zscore,0.42448,0.00449
2024-01-31,PANW,cross_sectional_composite_zscore,1.518455,-0.134784
2024-01-31,QCOM,cross_sectional_composite_zscore,0.726896,0.015697
2024-01-31,SO,cross_sectional_composite_zscore,-0.615364,-0.0746
2024-01-31,UBER,cross_sectional_composite_zscore,1.561698,0.165831
2024-01-31,WM,cross_sectional_composite_zscore,0.185696,0.055662
2024-02-29,ADI,cross_sectional_composite_zscore,-0.550181,0.00328
2024-02-29,AVGO,cross_sectional_composite_zscore,1.067941,-0.0092
2024-02-29,CAT,cross_sectional_composite_zscore,0.895226,0.064525
2024-02-29,CRM,cross_sectional_composite_zscore,0.937,-0.056168
2024-02-29,EOG,cross_sectional_composite_zscore,-0.805128,0.084195
2024-02-29,GS,cross_sectional_composite_zscore,0.128514,0.040913
2024-02-29,ITW,cross_sectional_composite_zscore,-0.200342,-0.003701
2024-02-29,MA,cross_sectional_composite_zscore,0.281359,-0.018358
2024-02-29,MS,cross_sectional_composite_zscore,-0.396124,0.061673
2024-02-29,ORCL,cross_sectional_composite_zscore,-0.924755,0.092029
2024-02-29,PNC,cross_sectional_composite_zscore,-0.296481,0.065124
2024-02-29,SLB,cross_sectional_composite_zscore,-0.978081,0.101376
2024-02-29,TSLA,cross_sectional_composite_zscore,-1.038439,-0.161937
2024-02-29,VZ,cross_sectional_composite_zscore,-0.485304,0.015774
2024-03-28,ACN,cross_sectional_composite_zscore,-1.073344,-0.07961
2024-03-28,APD,cross_sectional_composite_zscore,-0.933011,0.002764
2024-03-28,BSX,cross_sectional_composite_zscore,0.485948,0.096645
2024-03-28,COP,cross_sectional_composite_zscore,0.391261,0.051569
2024-03-28,ELV,cross_sectional_composite_zscore,0.131181,0.064415
2024-03-28,GOOG,cross_sectional_composite_zscore,0.0944,0.169059
2024-03-28,INTU,cross_sectional_composite_zscore,-0.397219,0.008989
2024-03-28,LMT,cross_sectional_composite_zscore,-0.121403,0.042428
2024-03-28,MO,cross_sectional_composite_zscore,0.224657,0.022812
2024-03-28,NOW,cross_sectional_composite_zscore,-0.209422,-0.022644
2024-03-28,PLD,cross_sectional_composite_zscore,-0.640764,-0.172577
2024-03-28,SCHW,cross_sectional_composite_zscore,0.273938,0.064946
2024-03-28,TJX,cross_sectional_composite_zscore,-0.081569,-0.021578
2024-03-28,V,cross_sectional_composite_zscore,-0.212197,0.011974
2024-04-30,ABBV,cross_sectional_composite_zscore,-0.438876,-0.096316
2024-04-30,AMZN,cross_sectional_composite_zscore,0.330314,-0.007935
2024-04-30,BLK,cross_sectional_composite_zscore,-0.320409,-0.045479
2024-04-30,CME,cross_sectional_composite_zscore,-0.063005,-0.065937
2024-04-30,DIS,cross_sectional_composite_zscore,0.116191,-0.140039
2024-04-30,GE,cross_sectional_composite_zscore,2.921269,-0.03705
2024-04-30,ICE,cross_sectional_composite_zscore,-0.153252,-0.023275
2024-04-30,LIN,cross_sectional_composite_zscore,0.176187,-0.081567
2024-04-30,MDT,cross_sectional_composite_zscore,-0.447733,-0.032471
2024-04-30,NKE,cross_sectional_composite_zscore,-0.397927,-0.054445
2024-04-30,PG,cross_sectional_composite_zscore,0.335261,-0.057547
2024-04-30,RTX,cross_sectional_composite_zscore,0.779353,-0.011809
2024-04-30,T,cross_sectional_composite_zscore,-0.117291,-0.034432
2024-04-30,UPS,cross_sectional_composite_zscore,-0.066805,-0.126527
2024-04-30,ZTS,cross_sectional_composite_zscore,-0.807074,0.024545
2024-05-31,AMD,cross_sectional_composite_zscore,0.114022,-0.092594
2024-05-31,BAC,cross_sectional_composite_zscore,0.848543,-0.030826
2024-05-31,CI,cross_sectional_composite_zscore,0.045987,-0.08676
2024-05-31,CVX,cross_sectional_composite_zscore,0.091755,-0.073024
2024-05-31,FDX,cross_sectional_composite_zscore,-0.428454,0.145113
2024-05-31,HON,cross_sectional_composite_zscore,0.070005,0.005915
2024-05-31,KLAC,cross_sectional_composite_zscore,0.752304,0.052461
2024-05-31,MCO,cross_sectional_composite_zscore,0.24973,0.024303
2024-05-31,NEE,cross_sectional_composite_zscore,1.959903,-0.158221
2024-05-31,PEP,cross_sectional_composite_zscore,-0.200525,-0.087877
2024-05-31,REGN,cross_sectional_composite_zscore,0.12025,0.041005
2024-05-31,SPGI,cross_sectional_composite_zscore,-0.069746,0.006588
2024-05-31,UNH,cross_sectional_composite_zscore,-0.376947,-0.034628
2024-05-31,WMT,cross_sectional_composite_zscore,0.862131,-0.011255
2024-06-28,ADP,cross_sectional_composite_zscore,-0.348601,0.068219
2024-06-28,AXP,cross_sectional_composite_zscore,-0.06882,0.072764
2024-06-28,CB,cross_sectional_composite_zscore,-0.312593,0.064164
2024-06-28,CSCO,cross_sectional_composite_zscore,-0.273639,0.017765
2024-06-28,EQIX,cross_sectional_composite_zscore,-0.748899,0.025376
2024-06-28,HCA,cross_sectional_composite_zscore,-0.412843,0.115573
2024-06-28,JNJ,cross_sectional_composite_zscore,-0.447051,0.083846
2024-06-28,MAR,cross_sectional_composite_zscore,-0.01319,-0.014724
2024-06-28,MSFT,cross_sectional_composite_zscore,0.521564,-0.046232
2024-06-28,ORLY,cross_sectional_composite_zscore,0.128915,0.05784
2024-06-28,PYPL,cross_sectional_composite_zscore,-1.061828,0.014689
2024-06-28,SNPS,cross_sectional_composite_zscore,0.140673,-0.080883
2024-06-28,TXN,cross_sectional_composite_zscore,0.16491,0.036791
2024-06-28,WFC,cross_sectional_composite_zscore,0.074638,0.002375
2024-07-31,ADBE,cross_sectional_composite_zscore,-0.3537,0.002517
2024-07-31,APH,cross_sectional_composite_zscore,-0.242894,0.017992
2024-07-31,C,cross_sectional_composite_zscore,0.019672,-0.055328
2024-07-31,COST,cross_sectional_composite_zscore,0.051542,0.066755
2024-07-31,EMR,cross_sectional_composite_zscore,0.366847,-0.121823
2024-07-31,GOOGL,cross_sectional_composite_zscore,-0.438171,-0.064257
2024-07-31,ISRG,cross_sectional_composite_zscore,0.44155,0.07097
2024-07-31,LOW,cross_sectional_composite_zscore,0.570636,0.000373
2024-07-31,MRK,cross_sectional_composite_zscore,-1.343016,0.024146
2024-07-31,NVDA,cross_sectional_composite_zscore,1.035324,0.059808
2024-07-31,PM,cross_sectional_composite_zscore,1.411277,0.050747
2024-07-31,SHW,cross_sectional_composite_zscore,1.085967,0.019546
2024-07-31,TMO,cross_sectional_composite_zscore,0.660538,-0.013924
2024-07-31,VRTX,cross_sectional_composite_zscore,0.871338,-0.025681
2024-08-30,ABT,cross_sectional_composite_zscore,-0.155676,-0.014471
2024-08-30,AON,cross_sectional_composite_zscore,0.344649,-0.0144
2024-08-30,BMY,cross_sectional_composite_zscore,0.030223,0.014831
2024-08-30,CMG,cross_sectional_composite_zscore,-0.60549,0.006456
2024-08-30,DUK,cross_sectional_composite_zscore,0.119622,-0.009157
2024-08-30,GILD,cross_sectional_composite_zscore,0.312739,0.05018
2024-08-30,INTC,cross_sectional_composite_zscore,-2.631344,0.043424
2024-08-30,LLY,cross_sectional_composite_zscore,1.1596,-0.09817
2024-08-30,META,cross_sectional_composite_zscore,0.095527,0.078123
2024-08-30,NOC,cross_sectional_composite_zscore,0.374388,-0.007726
2024-08-30,PH,cross_sectional_composite_zscore,0.606205,0.031678
2024-08-30,SBUX,cross_sectional_composite_zscore,1.115076,0.009872
2024-08-30,TDG,cross_sectional_composite_zscore,0.285513,0.018261
2024-08-30,USB,cross_sectional_composite_zscore,0.673061,-0.042001
2024-09-30,AAPL,cross_sectional_composite_zscore,0.279591,-0.010606
2024-09-30,AMGN,cross_sectional_composite_zscore,-0.347657,-0.027964
2024-09-30,BKNG,cross_sectional_composite_zscore,0.423155,0.01984
2024-09-30,CL,cross_sectional_composite_zscore,0.021127,-0.08545
2024-09-30,DE,cross_sectional_composite_zscore,0.546973,-0.024255
2024-09-30,GD,cross_sectional_composite_zscore,-0.061774,-0.001784
2024-09-30,IBM,cross_sectional_composite_zscore,1.302217,-0.049277
2024-09-30,KO,cross_sectional_composite_zscore,0.357504,-0.084546
2024-09-30,MDLZ,cross_sectional_composite_zscore,0.269118,-0.068383
2024-09-30,NFLX,cross_sectional_composite_zscore,0.017416,0.043862
2024-09-30,PFE,cross_sectional_composite_zscore,-0.205473,-0.015087
2024-09-30,ROP,cross_sectional_composite_zscore,-0.455428,-0.03128
2024-09-30,SYK,cross_sectional_composite_zscore,-0.096668,-0.026855
2024-09-30,UNP,cross_sectional_composite_zscore,-0.391884,-0.071151
2024-09-30,XOM,cross_sectional_composite_zscore,-0.310355,0.00201
2024-10-31,AMAT,cross_sectional_composite_zscore,-1.143163,-0.095205
2024-10-31,BA,cross_sectional_composite_zscore,-1.040656,-0.018578
2024-10-31,CDNS,cross_sectional_composite_zscore,-0.06893,0.051514
2024-10-31,CVS,cross_sectional_composite_zscore,-1.106545,0.000409
2024-10-31,ETN,cross_sectional_composite_zscore,0.400173,0.075768
2024-10-31,HD,cross_sectional_composite_zscore,0.039321,0.03596
2024-10-31,JPM,cross_sectional_composite_zscore,0.833897,0.065637
2024-10-31,MCD,cross_sectional_composite_zscore,-0.209427,-0.046282
2024-10-31,MU,cross_sectional_composite_zscore,-0.582702,-0.076693
2024-10-31,PANW,cross_sectional_composite_zscore,0.765657,0.016658
2024-10-31,QCOM,cross_sectional_composite_zscore,-0.624415,-0.085683
2024-10-31,SO,cross_sectional_composite_zscore,0.25037,-0.072422
2024-10-31,UBER,cross_sectional_composite_zscore,0.148701,-0.060883
2024-10-31,WM,cross_sectional_composite_zscore,0.094558,-0.002326
2024-11-29,ADI,cross_sectional_composite_zscore,-0.893456,-0.000553
2024-11-29,AVGO,cross_sectional_composite_zscore,-0.783735,0.477871
2024-11-29,CAT,cross_sectional_composite_zscore,0.327521,-0.085632
2024-11-29,CRM,cross_sectional_composite_zscore,1.087282,0.039082
2024-11-29,EOG,cross_sectional_composite_zscore,0.106073,-0.074655
2024-11-29,GS,cross_sectional_composite_zscore,0.98212,-0.032379
2024-11-29,ITW,cross_sectional_composite_zscore,0.222327,-0.061263
2024-11-29,MA,cross_sectional_composite_zscore,0.269113,0.00663
2024-11-29,MS,cross_sectional_composite_zscore,1.046084,-0.024029
2024-11-29,ORCL,cross_sectional_composite_zscore,1.11714,-0.076506
2024-11-29,PNC,cross_sectional_composite_zscore,0.863431,-0.082847
2024-11-29,SLB,cross_sectional_composite_zscore,-0.145638,-0.113556
2024-11-29,TSLA,cross_sectional_composite_zscore,2.939363,0.22982
2024-11-29,VZ,cross_sectional_composite_zscore,0.087054,-0.086405
2024-12-31,ACN,cross_sectional_composite_zscore,0.205687,0.072055
2024-12-31,APD,cross_sectional_composite_zscore,-0.33965,0.13615
2024-12-31,BSX,cross_sectional_composite_zscore,0.55838,0.119136
2024-12-31,COP,cross_sectional_composite_zscore,-0.594143,-0.030285
2024-12-31,ELV,cross_sectional_composite_zscore,-1.282406,0.045792
2024-12-31,GOOG,cross_sectional_composite_zscore,1.114046,0.052749
2024-12-31,INTU,cross_sectional_composite_zscore,0.156656,-0.068208
2024-12-31,LMT,cross_sectional_composite_zscore,-0.570719,-0.074167
2024-12-31,MO,cross_sectional_composite_zscore,0.186819,-0.028004
2024-12-31,NOW,cross_sectional_composite_zscore,1.154027,-0.066229
2024-12-31,PLD,cross_sectional_composite_zscore,-0.657651,0.101337
2024-12-31,SCHW,cross_sectional_composite_zscore,0.115581,0.09083
2024-12-31,TJX,cross_sectional_composite_zscore,0.291133,0.006088
2024-12-31,V,cross_sectional_composite_zscore,0.783337,0.054652
2025-01-31,ABBV,cross_sectional_composite_zscore,-0.339422,0.179965
2025-01-31,AMZN,cross_sectional_composite_zscore,0.850552,-0.107419
2025-01-31,BLK,cross_sectional_composite_zscore,0.341165,-0.071384
2025-01-31,CME,cross_sectional_composite_zscore,0.172622,0.116074
2025-01-31,DIS,cross_sectional_composite_zscore,0.429774,0.027604
2025-01-31,GE,cross_sectional_composite_zscore,1.311388,0.022084
2025-01-31,ICE,cross_sectional_composite_zscore,-0.055608,0.113644
2025-01-31,LIN,cross_sectional_composite_zscore,-0.274395,0.066149
2025-01-31,MDT,cross_sectional_composite_zscore,0.531433,0.06831
2025-01-31,NKE,cross_sectional_composite_zscore,-0.430874,0.054789
2025-01-31,PG,cross_sectional_composite_zscore,-0.355333,0.087827
2025-01-31,RTX,cross_sectional_composite_zscore,0.432922,0.073089
2025-01-31,T,cross_sectional_composite_zscore,0.447698,0.198134
2025-01-31,UPS,cross_sectional_composite_zscore,-1.421481,0.08897
2025-01-31,ZTS,cross_sectional_composite_zscore,-0.316784,0.027828
2025-02-28,AMD,cross_sectional_composite_zscore,-2.060259,0.095663
2025-02-28,BAC,cross_sectional_composite_zscore,-0.024924,-0.037544
2025-02-28,CI,cross_sectional_composite_zscore,-0.075599,0.119606
2025-02-28,CVX,cross_sectional_composite_zscore,0.108961,0.10911
2025-02-28,FDX,cross_sectional_composite_zscore,-0.708533,-0.013561
2025-02-28,HON,cross_sectional_composite_zscore,-0.400434,0.050038
2025-02-28,KLAC,cross_sectional_composite_zscore,-0.160587,0.012301
2025-02-28,MCO,cross_sectional_composite_zscore,0.136805,-0.022439
2025-02-28,NEE,cross_sectional_composite_zscore,-0.411666,0.066006
2025-02-28,PEP,cross_sectional_composite_zscore,-0.269096,0.043248
2025-02-28,REGN,cross_sectional_composite_zscore,-0.653713,-0.025828
2025-02-28,SPGI,cross_sectional_composite_zscore,0.22888,0.003504
2025-02-28,UNH,cross_sectional_composite_zscore,-1.548483,0.15315
2025-02-28,WMT,cross_sectional_composite_zscore,0.589088,-0.07211
2025-03-31,ADP,cross_sectional_composite_zscore,0.295228,-0.022881
2025-03-31,AXP,cross_sectional_composite_zscore,-0.280917,0.004813
2025-03-31,CB,cross_sectional_composite_zscore,0.482204,-0.047362
2025-03-31,CSCO,cross_sectional_composite_zscore,0.391603,-0.055548
2025-03-31,EQIX,cross_sectional_composite_zscore,-0.446367,0.053584
2025-03-31,HCA,cross_sectional_composite_zscore,0.372088,-0.005319
2025-03-31,JNJ,cross_sectional_composite_zscore,0.483788,-0.050813
2025-03-31,MAR,cross_sectional_composite_zscore,-0.616394,0.015235
2025-03-31,MSFT,cross_sectional_composite_zscore,-0.211098,0.058745
2025-03-31,ORLY,cross_sectional_composite_zscore,0.892594,-0.014216
2025-03-31,PYPL,cross_sectional_composite_zscore,-0.840839,0.025462
2025-03-31,SNPS,cross_sectional_composite_zscore,-0.416731,0.083495
2025-03-31,TXN,cross_sectional_composite_zscore,-0.424997,-0.096279
2025-03-31,WFC,cross_sectional_composite_zscore,0.137121,-0.000548
2025-04-30,ADBE,cross_sectional_composite_zscore,-0.665904,0.038317
2025-04-30,APH,cross_sectional_composite_zscore,0.8383,0.09152
2025-04-30,C,cross_sectional_composite_zscore,-0.253051,0.04936
2025-04-30,COST,cross_sectional_composite_zscore,0.51591,-0.048395
2025-04-30,EMR,cross_sectional_composite_zscore,-0.399464,0.081897
2025-04-30,GOOGL,cross_sectional_composite_zscore,-0.155424,0.018207
2025-04-30,ISRG,cross_sectional_composite_zscore,-0.021379,0.013417
2025-04-30,LOW,cross_sectional_composite_zscore,-0.197561,-0.057907
2025-04-30,MRK,cross_sectional_composite_zscore,-0.4806,-0.167321
2025-04-30,NVDA,cross_sectional_composite_zscore,-0.794911,0.213875
2025-04-30,PM,cross_sectional_composite_zscore,1.633677,-0.026045
2025-04-30,SHW,cross_sectional_composite_zscore,0.158103,-0.053808
2025-04-30,TMO,cross_sectional_composite_zscore,-0.860858,-0.122893
2025-04-30,VRTX,cross_sectional_composite_zscore,0.872075,-0.186528
2025-05-30,ABT,cross_sectional_composite_zscore,0.117149,-0.033195
2025-05-30,AON,cross_sectional_composite_zscore,-0.110233,-0.09256
2025-05-30,BMY,cross_sectional_composite_zscore,-0.844608,-0.092604
2025-05-30,CMG,cross_sectional_composite_zscore,-0.553613,0.06982
2025-05-30,DUK,cross_sectional_composite_zscore,-0.016806,-0.049008
2025-05-30,GILD,cross_sectional_composite_zscore,0.401382,-0.037058
2025-05-30,INTC,cross_sectional_composite_zscore,-0.943279,0.094394
2025-05-30,LLY,cross_sectional_composite_zscore,-1.193648,0.00536
2025-05-30,META,cross_sectional_composite_zscore,0.272999,0.089416
2025-05-30,NOC,cross_sectional_composite_zscore,-0.098362,-0.015072
2025-05-30,PH,cross_sectional_composite_zscore,0.063499,-0.000581
2025-05-30,SBUX,cross_sectional_composite_zscore,-0.805016,0.040097
2025-05-30,TDG,cross_sectional_composite_zscore,0.261099,-0.015831
2025-05-30,USB,cross_sectional_composite_zscore,-0.126356,-0.001836
2025-06-30,AAPL,cross_sectional_composite_zscore,-0.682697,0.001553
2025-06-30,AMGN,cross_sectional_composite_zscore,-0.661886,0.059032
2025-06-30,BKNG,cross_sectional_composite_zscore,0.459659,-0.062461
2025-06-30,CL,cross_sectional_composite_zscore,-0.418389,-0.066893
2025-06-30,DE,cross_sectional_composite_zscore,0.045227,-0.020292
2025-06-30,GD,cross_sectional_composite_zscore,0.177874,0.056352
2025-06-30,IBM,cross_sectional_composite_zscore,1.047182,-0.137989
2025-06-30,KO,cross_sectional_composite_zscore,-0.087253,-0.047542
2025-06-30,MDLZ,cross_sectional_composite_zscore,0.061686,0.005481
2025-06-30,NFLX,cross_sectional_composite_zscore,1.417776,-0.155418
2025-06-30,PFE,cross_sectional_composite_zscore,-0.250991,-0.008405
2025-06-30,ROP,cross_sectional_composite_zscore,-0.207942,-0.033397
2025-06-30,SYK,cross_sectional_composite_zscore,0.102362,-0.015692
2025-06-30,UNP,cross_sectional_composite_zscore,-0.120482,-0.055604
2025-06-30,XOM,cross_sectional_composite_zscore,-0.246228,0.018946
2025-07-31,AMAT,cross_sectional_composite_zscore,-0.085591,-0.106151
2025-07-31,BA,cross_sectional_composite_zscore,0.690339,0.037909
2025-07-31,CDNS,cross_sectional_composite_zscore,0.8142,-0.05484
2025-07-31,CVS,cross_sectional_composite_zscore,-0.575597,0.135033
2025-07-31,ETN,cross_sectional_composite_zscore,0.879494,-0.10032
2025-07-31,HD,cross_sectional_composite_zscore,-0.111702,0.082035
2025-07-31,JPM,cross_sectional_composite_zscore,0.61587,-0.010338
2025-07-31,MCD,cross_sectional_composite_zscore,-0.10505,0.013848
2025-07-31,MU,cross_sectional_composite_zscore,0.044737,0.091188
2025-07-31,PANW,cross_sectional_composite_zscore,-0.794396,0.073704
2025-07-31,QCOM,cross_sectional_composite_zscore,-0.68374,0.069024
2025-07-31,SO,cross_sectional_composite_zscore,0.284057,-0.04261
2025-07-31,UBER,cross_sectional_composite_zscore,-0.048882,0.066919
2025-07-31,WM,cross_sectional_composite_zscore,0.164562,-0.046628
2025-08-29,ADI,cross_sectional_composite_zscore,0.765058,-0.053826
2025-08-29,AVGO,cross_sectional_composite_zscore,0.588576,0.072748
2025-08-29,CAT,cross_sectional_composite_zscore,0.316623,0.093719
2025-08-29,CRM,cross_sectional_composite_zscore,-0.726101,-0.073581
2025-08-29,EOG,cross_sectional_composite_zscore,0.309282,-0.123626
2025-08-29,GS,cross_sectional_composite_zscore,0.789507,0.04726
2025-08-29,ITW,cross_sectional_composite_zscore,0.231825,-0.04409
2025-08-29,MA,cross_sectional_composite_zscore,0.042859,-0.077342
2025-08-29,MS,cross_sectional_composite_zscore,0.754286,0.039239
2025-08-29,ORCL,cross_sectional_composite_zscore,0.244859,0.218697
2025-08-29,PNC,cross_sectional_composite_zscore,0.838948,-0.058681
2025-08-29,SLB,cross_sectional_composite_zscore,0.176055,-0.071067
2025-08-29,TSLA,cross_sectional_composite_zscore,-0.402545,0.295759
2025-08-29,VZ,cross_sectional_composite_zscore,-0.064352,-0.053891
2025-09-30,ACN,cross_sectional_composite_zscore,-1.065075,-0.003971
2025-09-30,APD,cross_sectional_composite_zscore,-0.625677,-0.092244
2025-09-30,BSX,cross_sectional_composite_zscore,-0.561453,0.002868
2025-09-30,COP,cross_sectional_composite_zscore,-0.263881,-0.113804
2025-09-30,ELV,cross_sectional_composite_zscore,-0.97319,0.019041
2025-09-30,GOOG,cross_sectional_composite_zscore,1.490713,0.070813
2025-09-30,INTU,cross_sectional_composite_zscore,-0.200414,-0.035354
2025-09-30,LMT,cross_sectional_composite_zscore,0.319708,-0.058265
2025-09-30,MO,cross_sectional_composite_zscore,0.381862,-0.073426
2025-09-30,NOW,cross_sectional_composite_zscore,-0.454042,-0.012186
2025-09-30,PLD,cross_sectional_composite_zscore,0.133439,0.066457
2025-09-30,SCHW,cross_sectional_composite_zscore,0.027179,-0.048312
2025-09-30,TJX,cross_sectional_composite_zscore,0.531449,-0.034871
2025-09-30,V,cross_sectional_composite_zscore,-0.424541,-0.015173
2025-10-31,ABBV,cross_sectional_composite_zscore,0.040222,0.03505
2025-10-31,AMZN,cross_sectional_composite_zscore,0.370705,-0.039714
2025-10-31,BLK,cross_sectional_composite_zscore,-0.211682,-0.036967
2025-10-31,CME,cross_sectional_composite_zscore,-0.189405,0.053474
2025-10-31,DIS,cross_sectional_composite_zscore,-0.177809,-0.04932
2025-10-31,GE,cross_sectional_composite_zscore,0.486829,-0.063729
2025-10-31,ICE,cross_sectional_composite_zscore,-0.847272,0.075425
2025-10-31,LIN,cross_sectional_composite_zscore,-0.568387,-0.024055
2025-10-31,MDT,cross_sectional_composite_zscore,-0.255801,0.141985
2025-10-31,NKE,cross_sectional_composite_zscore,-0.678684,0.021474
2025-10-31,PG,cross_sectional_composite_zscore,-0.053361,-0.016861
2025-10-31,RTX,cross_sectional_composite_zscore,0.554774,-0.052367
2025-10-31,T,cross_sectional_composite_zscore,-0.546991,0.044645
2025-10-31,UPS,cross_sectional_composite_zscore,0.362959,0.007346
2025-10-31,ZTS,cross_sectional_composite_zscore,-0.273206,-0.114247
2025-11-28,AMD,cross_sectional_composite_zscore,-0.345164,-0.018327
2025-11-28,BAC,cross_sectional_composite_zscore,0.114055,0.027548
2025-11-28,CI,cross_sectional_composite_zscore,-0.1412,-0.008489
2025-11-28,CVX,cross_sectional_composite_zscore,-0.223711,-0.010427
2025-11-28,FDX,cross_sectional_composite_zscore,0.725303,0.058373
2025-11-28,HON,cross_sectional_composite_zscore,-0.462463,0.015995
2025-11-28,KLAC,cross_sectional_composite_zscore,0.32076,0.062743
2025-11-28,MCO,cross_sectional_composite_zscore,-0.128889,0.048122
2025-11-28,NEE,cross_sectional_composite_zscore,0.591504,-0.079265
2025-11-28,PEP,cross_sectional_composite_zscore,-0.064772,-0.03027
2025-11-28,REGN,cross_sectional_composite_zscore,1.381994,-0.009103
2025-11-28,SPGI,cross_sectional_composite_zscore,-0.337046,0.053186
2025-11-28,UNH,cross_sectional_composite_zscore,-0.341867,-0.005311
2025-11-28,WMT,cross_sectional_composite_zscore,0.562542,0.010854
2025-12-31,ADP,cross_sectional_composite_zscore,-0.59288,-0.055207
2025-12-31,AXP,cross_sectional_composite_zscore,0.490715,-0.060684
2025-12-31,CB,cross_sectional_composite_zscore,0.639001,-0.02294
2025-12-31,CSCO,cross_sectional_composite_zscore,0.347217,0.00745
2025-12-31,EQIX,cross_sectional_composite_zscore,0.102563,0.056749
2025-12-31,HCA,cross_sectional_composite_zscore,-0.067339,0.031122
2025-12-31,JNJ,cross_sectional_composite_zscore,0.435774,0.083354
2025-12-31,MAR,cross_sectional_composite_zscore,0.488315,0.001572
2025-12-31,MSFT,cross_sectional_composite_zscore,-0.332809,-0.12501
2025-12-31,ORLY,cross_sectional_composite_zscore,-0.971267,0.064201
2025-12-31,PYPL,cross_sectional_composite_zscore,-1.088196,-0.112203
2025-12-31,SNPS,cross_sectional_composite_zscore,-0.214657,-0.024531
2025-12-31,TXN,cross_sectional_composite_zscore,-0.394732,0.235807
2025-12-31,WFC,cross_sectional_composite_zscore,0.868665,-0.043815
2026-01-30,ADBE,cross_sectional_composite_zscore,-1.104635,-0.102305
2026-01-30,APH,cross_sectional_composite_zscore,0.034226,-0.053832
2026-01-30,C,cross_sectional_composite_zscore,0.121843,-0.023717
2026-01-30,COST,cross_sectional_composite_zscore,0.230303,0.074571
2026-01-30,EMR,cross_sectional_composite_zscore,0.270769,0.046894
2026-01-30,GOOGL,cross_sectional_composite_zscore,0.753264,-0.085058
2026-01-30,ISRG,cross_sectional_composite_zscore,-0.573871,-0.007728
2026-01-30,LOW,cross_sectional_composite_zscore,0.457199,-0.028954
2026-01-30,MRK,cross_sectional_composite_zscore,0.527937,0.109103
2026-01-30,NVDA,cross_sectional_composite_zscore,-0.307783,-0.037179
2026-01-30,PM,cross_sectional_composite_zscore,0.589865,0.032488
2026-01-30,SHW,cross_sectional_composite_zscore,0.07394,0.014415
2026-01-30,TMO,cross_sectional_composite_zscore,0.101084,-0.112953
2026-01-30,VRTX,cross_sectional_composite_zscore,0.139079,0.042405
2026-02-27,ABT,cross_sectional_composite_zscore,-0.173049,-0.033099
2026-02-27,AON,cross_sectional_composite_zscore,-0.461772,0.008119
2026-02-27,BMY,cross_sectional_composite_zscore,0.898898,0.011725
2026-02-27,CMG,cross_sectional_composite_zscore,-0.282328,-0.097743
2026-02-27,DUK,cross_sectional_composite_zscore,0.351122,0.06656
2026-02-27,GILD,cross_sectional_composite_zscore,0.403955,-0.020439
2026-02-27,INTC,cross_sectional_composite_zscore,-0.158192,0.018759
2026-02-27,LLY,cross_sectional_composite_zscore,-0.135307,-0.09203
2026-02-27,META,cross_sectional_composite_zscore,-0.545128,-0.115102
2026-02-27,NOC,cross_sectional_composite_zscore,0.481087,0.010486
2026-02-27,PH,cross_sectional_composite_zscore,0.735404,-0.046509
2026-02-27,SBUX,cross_sectional_composite_zscore,0.319712,-0.041232
2026-02-27,TDG,cross_sectional_composite_zscore,-0.457562,-0.051799
2026-02-27,USB,cross_sectional_composite_zscore,0.188355,0.003429
2026-03-31,AAPL,cross_sectional_composite_zscore,0.080611,-0.029624
2026-03-31,AMGN,cross_sectional_composite_zscore,0.186479,-0.133473
2026-03-31,BKNG,cross_sectional_composite_zscore,-0.416526,-0.061109
2026-03-31,CL,cross_sectional_composite_zscore,-0.009557,-0.096688
2026-03-31,DE,cross_sectional_composite_zscore,0.321765,-0.099989
2026-03-31,GD,cross_sectional_composite_zscore,0.221943,-0.102664
2026-03-31,IBM,cross_sectional_composite_zscore,-0.618063,-0.157246
2026-03-31,KO,cross_sectional_composite_zscore,0.485859,-0.057085
2026-03-31,MDLZ,cross_sectional_composite_zscore,0.304184,-0.035179
2026-03-31,NFLX,cross_sectional_composite_zscore,-0.192756,-0.13608
2026-03-31,PFE,cross_sectional_composite_zscore,0.770621,-0.158981
2026-03-31,ROP,cross_sectional_composite_zscore,-0.590023,-0.085639
2026-03-31,SYK,cross_sectional_composite_zscore,-0.442988,-0.135129
2026-03-31,UNP,cross_sectional_composite_zscore,0.146107,-0.00283
2026-03-31,XOM,cross_sectional_composite_zscore,1.622562,-0.182519
2026-04-30,AMAT,cross_sectional_composite_zscore,0.644114,0.089658
2026-04-30,BA,cross_sectional_composite_zscore,0.01717,-0.043369
2026-04-30,CDNS,cross_sectional_composite_zscore,0.181318,0.084939
2026-04-30,CVS,cross_sectional_composite_zscore,0.535903,0.039702
2026-04-30,ETN,cross_sectional_composite_zscore,0.694313,-0.124917
2026-04-30,HD,cross_sectional_composite_zscore,-0.56613,-0.088088
2026-04-30,JPM,cross_sectional_composite_zscore,-0.008301,-0.097066
2026-04-30,MCD,cross_sectional_composite_zscore,-0.424743,-0.10164
2026-04-30,MU,cross_sectional_composite_zscore,1.714238,0.824936
2026-04-30,PANW,cross_sectional_composite_zscore,-0.120361,0.518253
2026-04-30,QCOM,cross_sectional_composite_zscore,0.969155,0.345191
2026-04-30,SO,cross_sectional_composite_zscore,0.101151,-0.092831
2026-04-30,UBER,cross_sectional_composite_zscore,-0.506147,-0.109052
2026-04-30,WM,cross_sectional_composite_zscore,0.125555,-0.143316
2017-01-31,AAPL,ridge_cross_sectional_return_model,-0.00498,0.103113
2017-01-31,AMGN,ridge_cross_sectional_return_model,-0.002599,0.091613
2017-01-31,BKNG,ridge_cross_sectional_return_model,0.003889,0.046502
2017-01-31,CL,ridge_cross_sectional_return_model,-0.015279,0.083665
2017-01-31,DE,ridge_cross_sectional_return_model,0.035101,-0.014886
2017-01-31,GD,ridge_cross_sectional_return_model,0.010625,0.00873
2017-01-31,IBM,ridge_cross_sectional_return_model,-0.005006,-0.003022
2017-01-31,KO,ridge_cross_sectional_return_model,-0.022111,-0.039647
2017-01-31,MDLZ,ridge_cross_sectional_return_model,0.004918,-0.059259
2017-01-31,NFLX,ridge_cross_sectional_return_model,0.027687,-0.040052
2017-01-31,PFE,ridge_cross_sectional_return_model,-0.003675,0.041991
2017-01-31,ROP,ridge_cross_sectional_return_model,-0.011892,0.056195
2017-01-31,SYK,ridge_cross_sectional_return_model,-0.005729,0.007037
2017-01-31,UPS,ridge_cross_sectional_return_model,0.005349,-0.067035
2017-01-31,ZTS,ridge_cross_sectional_return_model,-0.002079,-0.072951
2017-02-28,AMD,ridge_cross_sectional_return_model,0.190304,-0.052716
2017-02-28,BAC,ridge_cross_sectional_return_model,0.056527,-0.045189
2017-02-28,CI,ridge_cross_sectional_return_model,0.007911,-0.003233
2017-02-28,CVX,ridge_cross_sectional_return_model,-0.012639,-0.046844
2017-02-28,FDX,ridge_cross_sectional_return_model,0.007722,-0.013434
2017-02-28,HON,ridge_cross_sectional_return_model,-0.016184,0.006799
2017-02-28,KLAC,ridge_cross_sectional_return_model,0.023687,0.061896
2017-02-28,MCO,ridge_cross_sectional_return_model,-0.000263,-0.000454
2017-02-28,NEE,ridge_cross_sectional_return_model,-0.017888,0.002518
2017-02-28,PEP,ridge_cross_sectional_return_model,-0.027805,0.026285
2017-02-28,REGN,ridge_cross_sectional_return_model,-0.006402,0.024764
2017-02-28,SPGI,ridge_cross_sectional_return_model,0.00583,-0.005259
2017-02-28,UNP,ridge_cross_sectional_return_model,0.010555,-0.022071
2017-02-28,XOM,ridge_cross_sectional_return_model,-0.020077,0.006928
2017-03-31,AMAT,ridge_cross_sectional_return_model,0.025642,0.059508
2017-03-31,BA,ridge_cross_sectional_return_model,0.022164,0.018796
2017-03-31,CDNS,ridge_cross_sectional_return_model,0.047248,0.029248
2017-03-31,CVS,ridge_cross_sectional_return_model,-0.020718,0.038319
2017-03-31,ETN,ridge_cross_sectional_return_model,-0.001696,0.014232
2017-03-31,HD,ridge_cross_sectional_return_model,-0.003394,0.037791
2017-03-31,JPM,ridge_cross_sectional_return_model,0.021132,-0.015656
2017-03-31,MCD,ridge_cross_sectional_return_model,-0.013497,0.076565
2017-03-31,MU,ridge_cross_sectional_return_model,0.068539,-0.033578
2017-03-31,PANW,ridge_cross_sectional_return_model,-0.004271,-0.050277
2017-03-31,QCOM,ridge_cross_sectional_return_model,-0.009866,-0.077696
2017-03-31,SO,ridge_cross_sectional_return_model,-0.0074,-0.016288
2017-03-31,UNH,ridge_cross_sectional_return_model,0.008613,0.052037
2017-03-31,WMT,ridge_cross_sectional_return_model,-0.018236,0.031231
2017-04-28,ADP,ridge_cross_sectional_return_model,0.000783,-0.045298
2017-04-28,AXP,ridge_cross_sectional_return_model,0.01163,-0.037834
2017-04-28,CB,ridge_cross_sectional_return_model,-0.004987,0.02111
2017-04-28,CSCO,ridge_cross_sectional_return_model,-0.010733,-0.09068
2017-04-28,EQIX,ridge_cross_sectional_return_model,-0.000566,0.046036
2017-04-28,HCA,ridge_cross_sectional_return_model,0.01988,-0.033178
2017-04-28,JNJ,ridge_cross_sectional_return_model,-0.009489,0.019512
2017-04-28,MAR,ridge_cross_sectional_return_model,0.017185,0.120533
2017-04-28,MSFT,ridge_cross_sectional_return_model,-0.011493,0.012521
2017-04-28,ORLY,ridge_cross_sectional_return_model,-0.006055,-0.013917
2017-04-28,PYPL,ridge_cross_sectional_return_model,-0.009644,0.057469
2017-04-28,SNPS,ridge_cross_sectional_return_model,0.018876,-0.006156
2017-04-28,TXN,ridge_cross_sectional_return_model,0.005719,0.009255
2017-04-28,WM,ridge_cross_sectional_return_model,-0.006001,-0.028162
2017-05-31,ADI,ridge_cross_sectional_return_model,-0.004465,-0.084684
2017-05-31,AVGO,ridge_cross_sectional_return_model,0.029837,-0.002566
2017-05-31,CAT,ridge_cross_sectional_return_model,0.021456,-0.003734
2017-05-31,CRM,ridge_cross_sectional_return_model,0.00455,-0.0307
2017-05-31,EOG,ridge_cross_sectional_return_model,-0.001467,-0.027692
2017-05-31,GS,ridge_cross_sectional_return_model,0.018702,0.043204
2017-05-31,ITW,ridge_cross_sectional_return_model,0.000228,0.008325
2017-05-31,MA,ridge_cross_sectional_return_model,-0.006483,0.002298
2017-05-31,MS,ridge_cross_sectional_return_model,0.021746,0.048402
2017-05-31,ORCL,ridge_cross_sectional_return_model,0.005252,0.107323
2017-05-31,PNC,ridge_cross_sectional_return_model,0.019009,0.026187
2017-05-31,SLB,ridge_cross_sectional_return_model,-0.022345,-0.075774
2017-05-31,TSLA,ridge_cross_sectional_return_model,0.071754,0.07524
2017-05-31,WFC,ridge_cross_sectional_return_model,0.012058,0.048969
2017-06-30,ADBE,ridge_cross_sectional_return_model,0.015388,0.01515
2017-06-30,APH,ridge_cross_sectional_return_model,-0.00482,0.017376
2017-06-30,C,ridge_cross_sectional_return_model,-0.003546,0.002921
2017-06-30,COST,ridge_cross_sectional_return_model,0.014978,-0.029433
2017-06-30,EMR,ridge_cross_sectional_return_model,-0.00844,-0.020722
2017-06-30,GOOGL,ridge_cross_sectional_return_model,0.020424,-0.003538
2017-06-30,ISRG,ridge_cross_sectional_return_model,0.036045,-0.017465
2017-06-30,LOW,ridge_cross_sectional_return_model,-0.011962,-0.016657
2017-06-30,MRK,ridge_cross_sectional_return_model,-0.012941,-0.023831
2017-06-30,NVDA,ridge_cross_sectional_return_model,0.124448,0.103615
2017-06-30,PM,ridge_cross_sectional_return_model,0.016615,-0.026855
2017-06-30,SHW,ridge_cross_sectional_return_model,0.019635,-0.059562
2017-06-30,TMO,ridge_cross_sectional_return_model,0.008805,-0.014479
2017-06-30,VZ,ridge_cross_sectional_return_model,-0.023848,0.077403
2017-07-31,ACN,ridge_cross_sectional_return_model,-0.010461,0.012176
2017-07-31,APD,ridge_cross_sectional_return_model,-0.009739,0.034452
2017-07-31,BSX,ridge_cross_sectional_return_model,0.008661,0.022063
2017-07-31,COP,ridge_cross_sectional_return_model,-0.024563,-0.04222
2017-07-31,ELV,ridge_cross_sectional_return_model,0.016746,0.047957
2017-07-31,GOOG,ridge_cross_sectional_return_model,0.011129,-0.009021
2017-07-31,INTU,ridge_cross_sectional_return_model,0.005795,0.013944
2017-07-31,LMT,ridge_cross_sectional_return_model,-0.011512,0.048213
2017-07-31,MO,ridge_cross_sectional_return_model,0.012966,-0.007092
2017-07-31,NOW,ridge_cross_sectional_return_model,0.032052,0.022134
2017-07-31,PLD,ridge_cross_sectional_return_model,0.001377,0.035556
2017-07-31,SCHW,ridge_cross_sectional_return_model,0.005395,-0.067677
2017-07-31,TJX,ridge_cross_sectional_return_model,-0.020576,0.03465
2017-07-31,VRTX,ridge_cross_sectional_return_model,0.11411,0.019322
2017-08-31,ABT,ridge_cross_sectional_return_model,0.000219,0.027357
2017-08-31,AON,ridge_cross_sectional_return_model,0.006891,0.029721
2017-08-31,BMY,ridge_cross_sectional_return_model,-0.005136,0.033752
2017-08-31,CMG,ridge_cross_sectional_return_model,-0.032808,-0.048188
2017-08-31,DUK,ridge_cross_sectional_return_model,-0.009102,-0.058867
2017-08-31,GILD,ridge_cross_sectional_return_model,-0.010947,-0.046232
2017-08-31,INTC,ridge_cross_sectional_return_model,5.7e-05,0.065679
2017-08-31,LLY,ridge_cross_sectional_return_model,-0.010988,0.032132
2017-08-31,META,ridge_cross_sectional_return_model,0.02009,-0.026546
2017-08-31,NOC,ridge_cross_sectional_return_model,-0.00167,0.036829
2017-08-31,PH,ridge_cross_sectional_return_model,-0.001286,0.067674
2017-08-31,SBUX,ridge_cross_sectional_return_model,-0.015866,-0.041112
2017-08-31,TDG,ridge_cross_sectional_return_model,0.003069,-0.03937
2017-08-31,V,ridge_cross_sectional_return_model,0.006999,-0.003534
2017-09-29,ABBV,ridge_cross_sectional_return_model,0.045949,0.015972
2017-09-29,AMZN,ridge_cross_sectional_return_model,0.007739,0.119419
2017-09-29,BLK,ridge_cross_sectional_return_model,-0.004158,0.036923
2017-09-29,CME,ridge_cross_sectional_return_model,-0.006717,-0.01201
2017-09-29,DIS,ridge_cross_sectional_return_model,-0.021382,-0.028431
2017-09-29,GE,ridge_cross_sectional_return_model,-0.026374,-0.165991
2017-09-29,ICE,ridge_cross_sectional_return_model,-0.010144,-0.072663
2017-09-29,LIN,ridge_cross_sectional_return_model,-0.005665,0.034318
2017-09-29,MDT,ridge_cross_sectional_return_model,-0.013093,0.019598
2017-09-29,NKE,ridge_cross_sectional_return_model,-0.008492,0.053474
2017-09-29,PG,ridge_cross_sectional_return_model,-0.014576,-0.06193
2017-09-29,RTX,ridge_cross_sectional_return_model,-0.012009,-3.5e-05
2017-09-29,T,ridge_cross_sectional_return_model,-0.0208,-0.144069
2017-09-29,USB,ridge_cross_sectional_return_model,-0.018893,-0.009932
2017-10-31,AAPL,ridge_cross_sectional_return_model,0.001009,-0.015414
2017-10-31,AMGN,ridge_cross_sectional_return_model,0.004819,-0.031967
2017-10-31,BKNG,ridge_cross_sectional_return_model,0.002842,-0.114463
2017-10-31,CL,ridge_cross_sectional_return_model,-0.015871,0.000522
2017-10-31,DE,ridge_cross_sectional_return_model,0.002574,0.095476
2017-10-31,GD,ridge_cross_sectional_return_model,-0.001795,-0.015759
2017-10-31,IBM,ridge_cross_sectional_return_model,-0.006798,-0.01497
2017-10-31,KO,ridge_cross_sectional_return_model,-0.023605,-0.032061
2017-10-31,MDLZ,ridge_cross_sectional_return_model,-0.016837,0.014825
2017-10-31,NFLX,ridge_cross_sectional_return_model,0.041251,-0.063774
2017-10-31,PFE,ridge_cross_sectional_return_model,-0.007169,0.020617
2017-10-31,ROP,ridge_cross_sectional_return_model,-0.000536,-0.005857
2017-10-31,SYK,ridge_cross_sectional_return_model,0.0122,-0.026593
2017-10-31,UPS,ridge_cross_sectional_return_model,-0.011019,-0.001249
2017-10-31,ZTS,ridge_cross_sectional_return_model,-0.004765,0.102165
2017-11-30,AMD,ridge_cross_sectional_return_model,0.029888,-0.068143
2017-11-30,BAC,ridge_cross_sectional_return_model,0.016714,0.035795
2017-11-30,CI,ridge_cross_sectional_return_model,0.015574,-0.052935
2017-11-30,CVX,ridge_cross_sectional_return_model,-0.016482,0.039977
2017-11-30,FDX,ridge_cross_sectional_return_model,-0.006565,0.068242
2017-11-30,HON,ridge_cross_sectional_return_model,-0.018325,-0.028799
2017-11-30,KLAC,ridge_cross_sectional_return_model,0.029493,0.015552
2017-11-30,MCO,ridge_cross_sectional_return_model,-0.000956,-0.039859
2017-11-30,NEE,ridge_cross_sectional_return_model,-0.010206,-0.023834
2017-11-30,PEP,ridge_cross_sectional_return_model,-0.031104,0.017051
2017-11-30,REGN,ridge_cross_sectional_return_model,-0.013956,0.026837
2017-11-30,SPGI,ridge_cross_sectional_return_model,-0.007516,0.01156
2017-11-30,UNP,ridge_cross_sectional_return_model,0.002675,0.047951
2017-11-30,XOM,ridge_cross_sectional_return_model,-0.029959,-0.007926
2017-12-29,AMAT,ridge_cross_sectional_return_model,0.026605,-0.011625
2017-12-29,BA,ridge_cross_sectional_return_model,0.022668,0.089294
2017-12-29,CDNS,ridge_cross_sectional_return_model,0.021022,-0.004185
2017-12-29,CVS,ridge_cross_sectional_return_model,0.002357,0.057109
2017-12-29,ETN,ridge_cross_sectional_return_model,-0.016762,0.016688
2017-12-29,HD,ridge_cross_sectional_return_model,-0.004039,0.008957
2017-12-29,JPM,ridge_cross_sectional_return_model,0.011829,0.026171
2017-12-29,MCD,ridge_cross_sectional_return_model,-0.004577,-0.053743
2017-12-29,MU,ridge_cross_sectional_return_model,0.07604,-0.042459
2017-12-29,PANW,ridge_cross_sectional_return_model,0.009811,0.009641
2017-12-29,QCOM,ridge_cross_sectional_return_model,0.04653,-0.009443
2017-12-29,SO,ridge_cross_sectional_return_model,-0.002843,-0.124248
2017-12-29,UNH,ridge_cross_sectional_return_model,0.028536,0.017602
2017-12-29,WMT,ridge_cross_sectional_return_model,0.042187,0.035102
2018-01-31,ADP,ridge_cross_sectional_return_model,-0.011066,-0.02922
2018-01-31,AXP,ridge_cross_sectional_return_model,-0.003938,0.007515
2018-01-31,CB,ridge_cross_sectional_return_model,-0.010423,-0.054271
2018-01-31,CSCO,ridge_cross_sectional_return_model,0.010619,0.104778
2018-01-31,EQIX,ridge_cross_sectional_return_model,-0.005088,-0.096008
2018-01-31,HCA,ridge_cross_sectional_return_model,0.020613,0.03667
2018-01-31,JNJ,ridge_cross_sectional_return_model,-0.002605,-0.022679
2018-01-31,MAR,ridge_cross_sectional_return_model,0.004409,-0.013966
2018-01-31,MSFT,ridge_cross_sectional_return_model,0.000993,0.032229
2018-01-31,ORLY,ridge_cross_sectional_return_model,0.016067,-0.03059
2018-01-31,PYPL,ridge_cross_sectional_return_model,0.015778,-0.027921
2018-01-31,SNPS,ridge_cross_sectional_return_model,0.001025,-0.036875
2018-01-31,TXN,ridge_cross_sectional_return_model,0.019094,0.021741
2018-01-31,WM,ridge_cross_sectional_return_model,-0.004898,0.015542
2018-02-28,ADI,ridge_cross_sectional_return_model,0.004439,0.042208
2018-02-28,AVGO,ridge_cross_sectional_return_model,-0.009122,0.014071
2018-02-28,CAT,ridge_cross_sectional_return_model,0.016352,-0.021561
2018-02-28,CRM,ridge_cross_sectional_return_model,0.000238,0.010692
2018-02-28,EOG,ridge_cross_sectional_return_model,0.012057,0.063345
2018-02-28,GS,ridge_cross_sectional_return_model,0.008082,-0.011891
2018-02-28,ITW,ridge_cross_sectional_return_model,0.003592,-0.002471
2018-02-28,MA,ridge_cross_sectional_return_model,0.000909,0.0089
2018-02-28,MS,ridge_cross_sectional_return_model,0.008854,-0.015834
2018-02-28,ORCL,ridge_cross_sectional_return_model,-0.002002,-0.072614
2018-02-28,PNC,ridge_cross_sectional_return_model,0.01007,-0.012393
2018-02-28,SLB,ridge_cross_sectional_return_model,0.011273,0.002661
2018-02-28,TSLA,ridge_cross_sectional_return_model,0.013665,-0.208905
2018-02-28,WFC,ridge_cross_sectional_return_model,0.021654,-0.078963
2018-03-29,ADBE,ridge_cross_sectional_return_model,0.014909,0.013976
2018-03-29,APH,ridge_cross_sectional_return_model,-0.0008,-0.034438
2018-03-29,C,ridge_cross_sectional_return_model,0.006421,0.009116
2018-03-29,COST,ridge_cross_sectional_return_model,-0.003027,0.030294
2018-03-29,EMR,ridge_cross_sectional_return_model,0.000572,-0.019986
2018-03-29,GOOGL,ridge_cross_sectional_return_model,0.010912,-0.018444
2018-03-29,ISRG,ridge_cross_sectional_return_model,0.012546,0.069884
2018-03-29,LOW,ridge_cross_sectional_return_model,0.010295,-0.051018
2018-03-29,MRK,ridge_cross_sectional_return_model,-0.00598,0.078835
2018-03-29,NVDA,ridge_cross_sectional_return_model,0.034942,-0.035671
2018-03-29,PM,ridge_cross_sectional_return_model,-0.000613,-0.182375
2018-03-29,SHW,ridge_cross_sectional_return_model,-0.007338,-0.056261
2018-03-29,TMO,ridge_cross_sectional_return_model,0.00508,0.017943
2018-03-29,VZ,ridge_cross_sectional_return_model,-0.005587,0.07903
2018-04-30,ACN,ridge_cross_sectional_return_model,0.007427,-0.001574
2018-04-30,APD,ridge_cross_sectional_return_model,0.003931,-0.020069
2018-04-30,BSX,ridge_cross_sectional_return_model,0.003951,0.034482
2018-04-30,COP,ridge_cross_sectional_return_model,0.003105,-0.009703
2018-04-30,ELV,ridge_cross_sectional_return_model,-0.00519,-0.045441
2018-04-30,GOOG,ridge_cross_sectional_return_model,0.006851,0.025207
2018-04-30,INTU,ridge_cross_sectional_return_model,0.010086,0.047401
2018-04-30,LMT,ridge_cross_sectional_return_model,0.009755,-0.028395
2018-04-30,MO,ridge_cross_sectional_return_model,-0.00083,-0.023823
2018-04-30,NOW,ridge_cross_sectional_return_model,0.028653,0.044103
2018-04-30,PLD,ridge_cross_sectional_return_model,0.003249,-0.026294
2018-04-30,SCHW,ridge_cross_sectional_return_model,0.015704,-0.025059
2018-04-30,TJX,ridge_cross_sectional_return_model,0.00308,0.029202
2018-04-30,VRTX,ridge_cross_sectional_return_model,0.01246,-0.00347
2018-05-31,ABT,ridge_cross_sectional_return_model,0.004861,-0.008531
2018-05-31,AON,ridge_cross_sectional_return_model,0.003226,-0.030687
2018-05-31,BMY,ridge_cross_sectional_return_model,-0.004838,0.046626
2018-05-31,CMG,ridge_cross_sectional_return_model,0.023702,-0.008536
2018-05-31,DUK,ridge_cross_sectional_return_model,0.001211,0.022522
2018-05-31,GILD,ridge_cross_sectional_return_model,0.006648,0.047576
2018-05-31,INTC,ridge_cross_sectional_return_model,0.021376,-0.112095
2018-05-31,LLY,ridge_cross_sectional_return_model,-0.000709,0.000986
2018-05-31,META,ridge_cross_sectional_return_model,0.003061,0.018898
2018-05-31,NOC,ridge_cross_sectional_return_model,0.000553,-0.060524
2018-05-31,PH,ridge_cross_sectional_return_model,0.006474,-0.098337
2018-05-31,SBUX,ridge_cross_sectional_return_model,0.005455,-0.147767
2018-05-31,TDG,ridge_cross_sectional_return_model,0.010101,0.003806
2018-05-31,V,ridge_cross_sectional_return_model,0.005057,0.011147
2018-06-29,ABBV,ridge_cross_sectional_return_model,0.008306,-0.034831
2018-06-29,AMZN,ridge_cross_sectional_return_model,0.012392,0.014764
2018-06-29,BLK,ridge_cross_sectional_return_model,0.00329,-0.029675
2018-06-29,CME,ridge_cross_sectional_return_model,-0.002148,-0.048492
2018-06-29,DIS,ridge_cross_sectional_return_model,-0.007655,0.05129
2018-06-29,GE,ridge_cross_sectional_return_model,0.019105,-0.065024
2018-06-29,ICE,ridge_cross_sectional_return_model,-0.004381,-0.021898
2018-06-29,LIN,ridge_cross_sectional_return_model,0.005554,0.013504
2018-06-29,MDT,ridge_cross_sectional_return_model,0.006058,0.014659
2018-06-29,NKE,ridge_cross_sectional_return_model,-0.0004,-0.078646
2018-06-29,PG,ridge_cross_sectional_return_model,-0.008613,0.00478
2018-06-29,RTX,ridge_cross_sectional_return_model,-0.005734,0.032585
2018-06-29,T,ridge_cross_sectional_return_model,0.001764,-0.01478
2018-06-29,USB,ridge_cross_sectional_return_model,-0.004314,0.027216
2018-07-31,AAPL,ridge_cross_sectional_return_model,0.007725,0.12807
2018-07-31,AMGN,ridge_cross_sectional_return_model,0.004565,-0.013124
2018-07-31,BKNG,ridge_cross_sectional_return_model,-0.002465,-0.078588
2018-07-31,CL,ridge_cross_sectional_return_model,-0.009602,-0.033966
2018-07-31,DE,ridge_cross_sectional_return_model,0.013096,-0.018723
2018-07-31,GD,ridge_cross_sectional_return_model,-0.00362,-0.051258
2018-07-31,IBM,ridge_cross_sectional_return_model,-0.006768,-0.008152
2018-07-31,KO,ridge_cross_sectional_return_model,-0.008919,-0.057554
2018-07-31,MDLZ,ridge_cross_sectional_return_model,-0.002465,-0.056582
2018-07-31,NFLX,ridge_cross_sectional_return_model,0.03651,0.061451
2018-07-31,PFE,ridge_cross_sectional_return_model,-0.008891,0.017635
2018-07-31,ROP,ridge_cross_sectional_return_model,0.000544,-0.041298
2018-07-31,SYK,ridge_cross_sectional_return_model,0.005059,0.01014
2018-07-31,UPS,ridge_cross_sectional_return_model,-0.005434,0.001073
2018-07-31,ZTS,ridge_cross_sectional_return_model,0.002094,0.004966
2018-08-31,AMD,ridge_cross_sectional_return_model,0.041971,0.238871
2018-08-31,BAC,ridge_cross_sectional_return_model,0.004106,-0.04619
2018-08-31,CI,ridge_cross_sectional_return_model,0.002869,0.110502
2018-08-31,CVX,ridge_cross_sectional_return_model,0.007239,0.040619
2018-08-31,FDX,ridge_cross_sectional_return_model,0.001016,-0.023316
2018-08-31,HON,ridge_cross_sectional_return_model,0.000582,0.048467
2018-08-31,KLAC,ridge_cross_sectional_return_model,0.00445,-0.142389
2018-08-31,MCO,ridge_cross_sectional_return_model,0.003492,-0.056963
2018-08-31,NEE,ridge_cross_sectional_return_model,-2.3e-05,-0.027724
2018-08-31,PEP,ridge_cross_sectional_return_model,0.009052,-0.012871
2018-08-31,REGN,ridge_cross_sectional_return_model,0.024479,-0.040221
2018-08-31,SPGI,ridge_cross_sectional_return_model,-0.00187,-0.04634
2018-08-31,UNP,ridge_cross_sectional_return_model,0.000436,0.081384
2018-08-31,XOM,ridge_cross_sectional_return_model,0.002555,0.06091
2018-09-28,AMAT,ridge_cross_sectional_return_model,0.018,-0.075408
2018-09-28,BA,ridge_cross_sectional_return_model,0.001727,0.053374
2018-09-28,CDNS,ridge_cross_sectional_return_model,0.003453,0.091748
2018-09-28,CVS,ridge_cross_sectional_return_model,0.006708,-0.015756
2018-09-28,ETN,ridge_cross_sectional_return_model,0.004296,-0.082387
2018-09-28,HD,ridge_cross_sectional_return_model,-0.005222,-0.081238
2018-09-28,JPM,ridge_cross_sectional_return_model,0.006134,0.010273
2018-09-28,MCD,ridge_cross_sectional_return_model,-0.001537,0.1235
2018-09-28,MU,ridge_cross_sectional_return_model,0.026119,-0.129998
2018-09-28,PANW,ridge_cross_sectional_return_model,0.0105,-0.089571
2018-09-28,QCOM,ridge_cross_sectional_return_model,0.007685,-0.045248
2018-09-28,SO,ridge_cross_sectional_return_model,0.003446,0.116234
2018-09-28,UNH,ridge_cross_sectional_return_model,0.003159,0.057791
2018-09-28,WMT,ridge_cross_sectional_return_model,0.000778,0.140897
2018-10-31,ADP,ridge_cross_sectional_return_model,0.011855,-9.4e-05
2018-10-31,AXP,ridge_cross_sectional_return_model,0.006089,0.071141
2018-10-31,CB,ridge_cross_sectional_return_model,-0.002125,0.062075
2018-10-31,CSCO,ridge_cross_sectional_return_model,0.010958,0.022376
2018-10-31,EQIX,ridge_cross_sectional_return_model,0.001891,0.007773
2018-10-31,HCA,ridge_cross_sectional_return_model,0.007993,0.069776
2018-10-31,JNJ,ridge_cross_sectional_return_model,0.004246,0.036117
2018-10-31,MAR,ridge_cross_sectional_return_model,-0.002463,0.03365
2018-10-31,MSFT,ridge_cross_sectional_return_model,0.003677,0.023723
2018-10-31,ORLY,ridge_cross_sectional_return_model,0.012165,0.093935
2018-10-31,PYPL,ridge_cross_sectional_return_model,0.005522,-0.011547
2018-10-31,SNPS,ridge_cross_sectional_return_model,0.007535,-0.01249
2018-10-31,TXN,ridge_cross_sectional_return_model,-0.002455,0.037174
2018-10-31,WM,ridge_cross_sectional_return_model,-0.000372,0.029165
2018-11-30,ADI,ridge_cross_sectional_return_model,-0.000639,0.021826
2018-11-30,AVGO,ridge_cross_sectional_return_model,0.020955,0.166167
2018-11-30,CAT,ridge_cross_sectional_return_model,0.009457,0.018625
2018-11-30,CRM,ridge_cross_sectional_return_model,0.013431,0.036596
2018-11-30,EOG,ridge_cross_sectional_return_model,0.008474,-0.035831
2018-11-30,GS,ridge_cross_sectional_return_model,0.00623,-0.010755
2018-11-30,ITW,ridge_cross_sectional_return_model,0.001965,0.004851
2018-11-30,MA,ridge_cross_sectional_return_model,0.004902,0.030751
2018-11-30,MS,ridge_cross_sectional_return_model,0.002397,-0.002785
2018-11-30,ORCL,ridge_cross_sectional_return_model,0.00376,0.0145
2018-11-30,PNC,ridge_cross_sectional_return_model,-0.003406,-0.037882
2018-11-30,SLB,ridge_cross_sectional_return_model,0.002027,-0.079062
2018-11-30,TSLA,ridge_cross_sectional_return_model,0.023242,-0.028056
2018-11-30,WFC,ridge_cross_sectional_return_model,-0.00543,-0.048125
2018-12-31,ADBE,ridge_cross_sectional_return_model,-0.000636,0.001959
2018-12-31,APH,ridge_cross_sectional_return_model,0.002722,0.018081
2018-12-31,C,ridge_cross_sectional_return_model,0.003399,0.162914
2018-12-31,COST,ridge_cross_sectional_return_model,0.010357,-0.033158
2018-12-31,EMR,ridge_cross_sectional_return_model,0.002274,0.028752
2018-12-31,GOOGL,ridge_cross_sectional_return_model,-0.002036,-0.019914
2018-12-31,ISRG,ridge_cross_sectional_return_model,-0.00068,-0.00894
2018-12-31,LOW,ridge_cross_sectional_return_model,-0.008001,-0.028693
2018-12-31,MRK,ridge_cross_sectional_return_model,0.011116,-0.110448
2018-12-31,NVDA,ridge_cross_sectional_return_model,0.002325,-0.041524
2018-12-31,PM,ridge_cross_sectional_return_model,0.019784,0.044976
2018-12-31,SHW,ridge_cross_sectional_return_model,0.001498,-0.040748
2018-12-31,TMO,ridge_cross_sectional_return_model,0.00438,0.024382
2018-12-31,VZ,ridge_cross_sectional_return_model,0.018273,-0.100126
2019-01-31,ACN,ridge_cross_sectional_return_model,0.002716,0.030497
2019-01-31,APD,ridge_cross_sectional_return_model,0.003682,0.056703
2019-01-31,BSX,ridge_cross_sectional_return_model,0.016065,0.02929
2019-01-31,COP,ridge_cross_sectional_return_model,0.001784,-0.015919
2019-01-31,ELV,ridge_cross_sectional_return_model,0.005445,-0.023416
2019-01-31,GOOG,ridge_cross_sectional_return_model,0.011438,-0.016809
2019-01-31,INTU,ridge_cross_sectional_return_model,0.009746,0.12141
2019-01-31,LMT,ridge_cross_sectional_return_model,-0.003016,0.037114
2019-01-31,MO,ridge_cross_sectional_return_model,-0.014774,0.030034
2019-01-31,NOW,ridge_cross_sectional_return_model,0.037935,0.067946
2019-01-31,PLD,ridge_cross_sectional_return_model,-0.015795,-0.028452
2019-01-31,SCHW,ridge_cross_sectional_return_model,-0.002151,-0.034284
2019-01-31,TJX,ridge_cross_sectional_return_model,-0.017071,0.011303
2019-01-31,VRTX,ridge_cross_sectional_return_model,0.002294,-0.032315
2019-02-28,ABT,ridge_cross_sectional_return_model,0.011879,0.011726
2019-02-28,AON,ridge_cross_sectional_return_model,-0.01592,-0.025479
2019-02-28,BMY,ridge_cross_sectional_return_model,0.009531,-0.085666
2019-02-28,CMG,ridge_cross_sectional_return_model,-0.001484,0.144617
2019-02-28,DUK,ridge_cross_sectional_return_model,-0.006237,-0.014845
2019-02-28,GILD,ridge_cross_sectional_return_model,0.004549,-0.0227
2019-02-28,INTC,ridge_cross_sectional_return_model,0.01171,-0.008889
2019-02-28,LLY,ridge_cross_sectional_return_model,0.003443,0.009341
2019-02-28,META,ridge_cross_sectional_return_model,0.007193,0.013674
2019-02-28,NOC,ridge_cross_sectional_return_model,0.002413,-0.090905
2019-02-28,PH,ridge_cross_sectional_return_model,0.002768,-0.049187
2019-02-28,SBUX,ridge_cross_sectional_return_model,0.002513,0.040941
2019-02-28,TDG,ridge_cross_sectional_return_model,0.001494,0.022972
2019-02-28,V,ridge_cross_sectional_return_model,0.006301,0.0325
2019-03-29,ABBV,ridge_cross_sectional_return_model,-0.005454,-0.030709
2019-03-29,AMZN,ridge_cross_sectional_return_model,0.013802,0.048225
2019-03-29,BLK,ridge_cross_sectional_return_model,0.001097,0.082453
2019-03-29,CME,ridge_cross_sectional_return_model,-0.002196,0.038363
2019-03-29,DIS,ridge_cross_sectional_return_model,-0.004096,0.214294
2019-03-29,GE,ridge_cross_sectional_return_model,0.039605,-0.066348
2019-03-29,ICE,ridge_cross_sectional_return_model,-0.0002,0.03257
2019-03-29,LIN,ridge_cross_sectional_return_model,-0.00558,-0.033671
2019-03-29,MDT,ridge_cross_sectional_return_model,-0.006977,-0.080287
2019-03-29,NKE,ridge_cross_sectional_return_model,0.003376,0.007772
2019-03-29,PG,ridge_cross_sectional_return_model,-0.008468,-0.026197
2019-03-29,RTX,ridge_cross_sectional_return_model,0.003446,0.062324
2019-03-29,T,ridge_cross_sectional_return_model,0.00318,-0.034663
2019-03-29,USB,ridge_cross_sectional_return_model,0.002131,0.059492
2019-04-30,AAPL,ridge_cross_sectional_return_model,0.009536,-0.059089
2019-04-30,AMGN,ridge_cross_sectional_return_model,-0.000384,0.005143
2019-04-30,BKNG,ridge_cross_sectional_return_model,0.003077,-0.037576
2019-04-30,CL,ridge_cross_sectional_return_model,-0.007507,0.014826
2019-04-30,DE,ridge_cross_sectional_return_model,-0.000942,-0.094352
2019-04-30,GD,ridge_cross_sectional_return_model,-0.003168,-0.038252
2019-04-30,IBM,ridge_cross_sectional_return_model,-0.001627,-0.010876
2019-04-30,KO,ridge_cross_sectional_return_model,-0.006534,0.044395
2019-04-30,MDLZ,ridge_cross_sectional_return_model,-0.004353,0.059664
2019-04-30,NFLX,ridge_cross_sectional_return_model,0.013073,-0.004051
2019-04-30,PFE,ridge_cross_sectional_return_model,0.002237,0.090013
2019-04-30,ROP,ridge_cross_sectional_return_model,0.003463,0.013701
2019-04-30,SYK,ridge_cross_sectional_return_model,0.016304,0.013707
2019-04-30,UPS,ridge_cross_sectional_return_model,0.007889,-0.045692
2019-04-30,ZTS,ridge_cross_sectional_return_model,0.009322,0.046793
2019-05-31,AMD,ridge_cross_sectional_return_model,0.010641,0.038403
2019-05-31,BAC,ridge_cross_sectional_return_model,0.000715,0.02653
2019-05-31,CI,ridge_cross_sectional_return_model,0.00664,-0.005203
2019-05-31,CVX,ridge_cross_sectional_return_model,0.000686,0.023431
2019-05-31,FDX,ridge_cross_sectional_return_model,0.006894,-0.001231
2019-05-31,HON,ridge_cross_sectional_return_model,-0.001516,-0.007022
2019-05-31,KLAC,ridge_cross_sectional_return_model,0.012722,0.077206
2019-05-31,MCO,ridge_cross_sectional_return_model,0.002615,-0.001618
2019-05-31,NEE,ridge_cross_sectional_return_model,0.010946,-0.036036
2019-05-31,PEP,ridge_cross_sectional_return_model,0.010129,-0.037633
2019-05-31,REGN,ridge_cross_sectional_return_model,0.005096,-0.032201
2019-05-31,SPGI,ridge_cross_sectional_return_model,0.002784,-0.00455
2019-05-31,UNP,ridge_cross_sectional_return_model,0.001329,-0.055616
2019-05-31,XOM,ridge_cross_sectional_return_model,0.003589,0.013217
2019-06-28,AMAT,ridge_cross_sectional_return_model,0.024972,0.099383
2019-06-28,BA,ridge_cross_sectional_return_model,0.017671,-0.094256
2019-06-28,CDNS,ridge_cross_sectional_return_model,0.023288,0.049364
2019-06-28,CVS,ridge_cross_sectional_return_model,-0.008996,0.012867
2019-06-28,ETN,ridge_cross_sectional_return_model,0.007653,-0.05541
2019-06-28,HD,ridge_cross_sectional_return_model,-0.008775,0.019547
2019-06-28,JPM,ridge_cross_sectional_return_model,0.016525,0.014688
2019-06-28,MCD,ridge_cross_sectional_return_model,-0.018224,0.006377
2019-06-28,MU,ridge_cross_sectional_return_model,0.023431,0.184394
2019-06-28,PANW,ridge_cross_sectional_return_model,0.018955,0.078557
2019-06-28,QCOM,ridge_cross_sectional_return_model,0.065017,-0.043334
2019-06-28,SO,ridge_cross_sectional_return_model,-0.023362,-0.013859
2019-06-28,UNH,ridge_cross_sectional_return_model,-0.010465,0.01133
2019-06-28,WMT,ridge_cross_sectional_return_model,-0.012542,-0.012763
2019-07-31,ADP,ridge_cross_sectional_return_model,0.007,0.032916
2019-07-31,AXP,ridge_cross_sectional_return_model,0.006109,-0.013741
2019-07-31,CB,ridge_cross_sectional_return_model,0.006357,0.05593
2019-07-31,CSCO,ridge_cross_sectional_return_model,0.005506,-0.125259
2019-07-31,EQIX,ridge_cross_sectional_return_model,0.016267,0.136044
2019-07-31,HCA,ridge_cross_sectional_return_model,0.011072,-0.079594
2019-07-31,JNJ,ridge_cross_sectional_return_model,0.002804,0.024291
2019-07-31,MAR,ridge_cross_sectional_return_model,0.002429,-0.066627
2019-07-31,MSFT,ridge_cross_sectional_return_model,0.007546,0.026815
2019-07-31,ORLY,ridge_cross_sectional_return_model,0.00455,0.036486
2019-07-31,PYPL,ridge_cross_sectional_return_model,0.008584,0.002172
2019-07-31,SNPS,ridge_cross_sectional_return_model,0.0106,0.058767
2019-07-31,TXN,ridge_cross_sectional_return_model,0.005451,0.010554
2019-07-31,WM,ridge_cross_sectional_return_model,0.007778,0.039396
2019-08-30,ADI,ridge_cross_sectional_return_model,0.014825,-0.002158
2019-08-30,AVGO,ridge_cross_sectional_return_model,0.013295,-0.033715
2019-08-30,CAT,ridge_cross_sectional_return_model,0.009998,0.041971
2019-08-30,CRM,ridge_cross_sectional_return_model,0.011288,-0.068346
2019-08-30,EOG,ridge_cross_sectional_return_model,0.011848,-0.019054
2019-08-30,GS,ridge_cross_sectional_return_model,0.009451,-0.003176
2019-08-30,ITW,ridge_cross_sectional_return_model,-2.6e-05,0.032028
2019-08-30,MA,ridge_cross_sectional_return_model,0.004409,-0.054288
2019-08-30,MS,ridge_cross_sectional_return_model,0.006837,0.008982
2019-08-30,ORCL,ridge_cross_sectional_return_model,0.009452,0.037592
2019-08-30,PNC,ridge_cross_sectional_return_model,0.007527,0.067644
2019-08-30,SLB,ridge_cross_sectional_return_model,0.016724,0.050696
2019-08-30,TSLA,ridge_cross_sectional_return_model,0.038214,0.048181
2019-08-30,VZ,ridge_cross_sectional_return_model,-0.006897,0.018369
2019-09-30,ACN,ridge_cross_sectional_return_model,0.008236,-0.067204
2019-09-30,APD,ridge_cross_sectional_return_model,0.00129,-0.06879
2019-09-30,BSX,ridge_cross_sectional_return_model,0.008844,-0.000377
2019-09-30,COP,ridge_cross_sectional_return_model,-0.010312,-0.037428
2019-09-30,ELV,ridge_cross_sectional_return_model,0.012832,0.092824
2019-09-30,GOOG,ridge_cross_sectional_return_model,0.015163,0.036241
2019-09-30,INTU,ridge_cross_sectional_return_model,0.016747,-0.047588
2019-09-30,LMT,ridge_cross_sectional_return_model,-0.001847,-0.068715
2019-09-30,MO,ridge_cross_sectional_return_model,0.005087,0.102446
2019-09-30,NOW,ridge_cross_sectional_return_model,0.005543,-0.058049
2019-09-30,PLD,ridge_cross_sectional_return_model,0.001325,-0.014142
2019-09-30,SCHW,ridge_cross_sectional_return_model,-0.003688,-0.030371
2019-09-30,TJX,ridge_cross_sectional_return_model,0.0056,0.024641
2019-09-30,V,ridge_cross_sectional_return_model,0.011774,0.023517
2019-10-31,ABBV,ridge_cross_sectional_return_model,-0.000556,0.06663
2019-10-31,AMZN,ridge_cross_sectional_return_model,0.000244,-0.022611
2019-10-31,BLK,ridge_cross_sectional_return_model,0.000979,0.035731
2019-10-31,CME,ridge_cross_sectional_return_model,0.002442,-0.050876
2019-10-31,DIS,ridge_cross_sectional_return_model,-0.005522,0.13052
2019-10-31,GE,ridge_cross_sectional_return_model,0.007266,0.09306
2019-10-31,ICE,ridge_cross_sectional_return_model,-0.001055,-0.037789
2019-10-31,LIN,ridge_cross_sectional_return_model,-0.006832,0.003428
2019-10-31,MDT,ridge_cross_sectional_return_model,0.000644,-0.013334
2019-10-31,NKE,ridge_cross_sectional_return_model,0.008501,0.010523
2019-10-31,PG,ridge_cross_sectional_return_model,0.003194,-0.055876
2019-10-31,RTX,ridge_cross_sectional_return_model,0.006089,0.002099
2019-10-31,T,ridge_cross_sectional_return_model,-1.1e-05,-0.065037
2019-10-31,UPS,ridge_cross_sectional_return_model,0.002933,0.011501
2019-10-31,ZTS,ridge_cross_sectional_return_model,0.012153,-0.094047
2019-11-29,AMD,ridge_cross_sectional_return_model,-0.006004,0.136146
2019-11-29,BAC,ridge_cross_sectional_return_model,0.006986,0.03412
2019-11-29,CI,ridge_cross_sectional_return_model,-0.007743,-0.011305
2019-11-29,CVX,ridge_cross_sectional_return_model,-0.002226,-0.00334
2019-11-29,FDX,ridge_cross_sectional_return_model,0.013169,-0.084502
2019-11-29,HON,ridge_cross_sectional_return_model,0.00028,-0.038491
2019-11-29,KLAC,ridge_cross_sectional_return_model,0.023917,0.061989
2019-11-29,MCO,ridge_cross_sectional_return_model,0.005818,0.021923
2019-11-29,NEE,ridge_cross_sectional_return_model,-0.001708,0.005386
2019-11-29,PEP,ridge_cross_sectional_return_model,-0.002409,-0.012292
2019-11-29,REGN,ridge_cross_sectional_return_model,-0.00972,-0.013824
2019-11-29,SPGI,ridge_cross_sectional_return_model,0.001161,0.000984
2019-11-29,UNH,ridge_cross_sectional_return_model,-0.006896,0.027427
2019-11-29,WMT,ridge_cross_sectional_return_model,-0.007108,-0.019461
2019-12-31,ADP,ridge_cross_sectional_return_model,0.000856,0.008369
2019-12-31,AXP,ridge_cross_sectional_return_model,0.000918,0.055753
2019-12-31,CB,ridge_cross_sectional_return_model,-0.011228,-0.027848
2019-12-31,CSCO,ridge_cross_sectional_return_model,0.006539,-0.025854
2019-12-31,EQIX,ridge_cross_sectional_return_model,-0.008718,0.014982
2019-12-31,HCA,ridge_cross_sectional_return_model,0.0061,-0.04758
2019-12-31,JNJ,ridge_cross_sectional_return_model,-0.011255,0.012698
2019-12-31,MAR,ridge_cross_sectional_return_model,-0.00234,-0.071705
2019-12-31,MSFT,ridge_cross_sectional_return_model,0.000185,0.077542
2019-12-31,ORLY,ridge_cross_sectional_return_model,0.003246,-0.060021
2019-12-31,PYPL,ridge_cross_sectional_return_model,0.014312,0.064657
2019-12-31,SNPS,ridge_cross_sectional_return_model,0.017723,0.065394
2019-12-31,TXN,ridge_cross_sectional_return_model,-0.000475,-0.041243
2019-12-31,WFC,ridge_cross_sectional_return_model,0.006922,-0.127562
2020-01-31,ADBE,ridge_cross_sectional_return_model,0.009031,0.065317
2020-01-31,APH,ridge_cross_sectional_return_model,-0.001192,-0.006354
2020-01-31,C,ridge_cross_sectional_return_model,0.002496,-0.052366
2020-01-31,COST,ridge_cross_sectional_return_model,-0.005699,0.05327
2020-01-31,EMR,ridge_cross_sectional_return_model,0.001067,-0.028943
2020-01-31,GOOGL,ridge_cross_sectional_return_model,0.000561,0.006861
2020-01-31,ISRG,ridge_cross_sectional_return_model,0.003293,0.03802
2020-01-31,LOW,ridge_cross_sectional_return_model,0.002502,-0.005447
2020-01-31,MRK,ridge_cross_sectional_return_model,-0.000828,-0.008348
2020-01-31,NVDA,ridge_cross_sectional_return_model,0.007019,0.209171
2020-01-31,PM,ridge_cross_sectional_return_model,-0.000166,0.066736
2020-01-31,SHW,ridge_cross_sectional_return_model,-0.002289,0.00824
2020-01-31,TMO,ridge_cross_sectional_return_model,0.001181,0.01301
2020-01-31,VRTX,ridge_cross_sectional_return_model,0.005046,0.062367
2020-02-28,ABT,ridge_cross_sectional_return_model,0.000197,0.107507
2020-02-28,AON,ridge_cross_sectional_return_model,-0.003561,-0.065138
2020-02-28,BMY,ridge_cross_sectional_return_model,0.005835,0.03341
2020-02-28,CMG,ridge_cross_sectional_return_model,0.006692,-0.039529
2020-02-28,DUK,ridge_cross_sectional_return_model,-0.000219,0.014055
2020-02-28,GILD,ridge_cross_sectional_return_model,0.002072,0.199671
2020-02-28,INTC,ridge_cross_sectional_return_model,0.005736,0.082837
2020-02-28,LLY,ridge_cross_sectional_return_model,0.006587,0.202841
2020-02-28,META,ridge_cross_sectional_return_model,0.007625,-0.045807
2020-02-28,NOC,ridge_cross_sectional_return_model,0.005393,0.088819
2020-02-28,PH,ridge_cross_sectional_return_model,0.00284,-0.204043
2020-02-28,SBUX,ridge_cross_sectional_return_model,0.003647,-0.014577
2020-02-28,TDG,ridge_cross_sectional_return_model,0.003211,-0.20965
2020-02-28,USB,ridge_cross_sectional_return_model,-0.001728,-0.090186
2020-03-31,AAPL,ridge_cross_sectional_return_model,-0.001039,-0.006072
2020-03-31,AMGN,ridge_cross_sectional_return_model,-0.008909,0.025006
2020-03-31,BKNG,ridge_cross_sectional_return_model,0.000318,-0.007339
2020-03-31,CL,ridge_cross_sectional_return_model,-0.000585,-0.073887
2020-03-31,DE,ridge_cross_sectional_return_model,0.000287,-0.072867
2020-03-31,GD,ridge_cross_sectional_return_model,-0.00012,-0.096251
2020-03-31,IBM,ridge_cross_sectional_return_model,0.003726,0.022525
2020-03-31,KO,ridge_cross_sectional_return_model,-0.005096,-0.072717
2020-03-31,MDLZ,ridge_cross_sectional_return_model,-0.000865,-0.118207
2020-03-31,NFLX,ridge_cross_sectional_return_model,0.005697,-0.040665
2020-03-31,PFE,ridge_cross_sectional_return_model,-0.006859,0.030317
2020-03-31,ROP,ridge_cross_sectional_return_model,0.003697,-0.043062
2020-03-31,SYK,ridge_cross_sectional_return_model,0.005202,0.019732
2020-03-31,UNP,ridge_cross_sectional_return_model,0.002936,0.01848
2020-03-31,XOM,ridge_cross_sectional_return_model,0.003839,0.112359
2020-04-30,AMAT,ridge_cross_sectional_return_model,0.018257,0.087695
2020-04-30,BA,ridge_cross_sectional_return_model,0.052772,-0.013395
2020-04-30,CDNS,ridge_cross_sectional_return_model,-0.0034,0.077586
2020-04-30,CVS,ridge_cross_sectional_return_model,0.000289,0.017668
2020-04-30,ETN,ridge_cross_sectional_return_model,0.01326,-0.029919
2020-04-30,HD,ridge_cross_sectional_return_model,0.00522,0.082683
2020-04-30,JPM,ridge_cross_sectional_return_model,0.011591,-0.031459
2020-04-30,MCD,ridge_cross_sectional_return_model,0.001718,-0.047633
2020-04-30,MU,ridge_cross_sectional_return_model,0.009552,-0.047227
2020-04-30,PANW,ridge_cross_sectional_return_model,-0.01181,0.149597
2020-04-30,QCOM,ridge_cross_sectional_return_model,0.00174,-0.019553
2020-04-30,SO,ridge_cross_sectional_return_model,0.008664,-0.029753
2020-04-30,UBER,ridge_cross_sectional_return_model,0.018269,0.152223
2020-04-30,WM,ridge_cross_sectional_return_model,0.0008,0.019642
2020-05-29,ADI,ridge_cross_sectional_return_model,0.004135,0.053252
2020-05-29,AVGO,ridge_cross_sectional_return_model,0.006483,0.075978
2020-05-29,CAT,ridge_cross_sectional_return_model,0.007841,0.028505
2020-05-29,CRM,ridge_cross_sectional_return_model,-0.002391,0.057636
2020-05-29,EOG,ridge_cross_sectional_return_model,-0.006401,-0.033666
2020-05-29,GS,ridge_cross_sectional_return_model,0.001072,-0.027459
2020-05-29,ITW,ridge_cross_sectional_return_model,0.002129,-0.017212
2020-05-29,MA,ridge_cross_sectional_return_model,-0.000207,-0.028694
2020-05-29,MS,ridge_cross_sectional_return_model,0.000666,0.074173
2020-05-29,ORCL,ridge_cross_sectional_return_model,0.013246,0.017317
2020-05-29,PNC,ridge_cross_sectional_return_model,0.002299,-0.105267
2020-05-29,SLB,ridge_cross_sectional_return_model,-0.004891,-0.039626
2020-05-29,TSLA,ridge_cross_sectional_return_model,0.000192,0.159082
2020-05-29,VZ,ridge_cross_sectional_return_model,0.005655,-0.063852
2020-06-30,ACN,ridge_cross_sectional_return_model,-0.000419,-0.005535
2020-06-30,APD,ridge_cross_sectional_return_model,0.002195,0.141912
2020-06-30,BSX,ridge_cross_sectional_return_model,0.011839,0.079513
2020-06-30,COP,ridge_cross_sectional_return_model,0.024058,-0.094156
2020-06-30,ELV,ridge_cross_sectional_return_model,0.015932,0.0163
2020-06-30,GOOG,ridge_cross_sectional_return_model,0.004061,0.022338
2020-06-30,INTU,ridge_cross_sectional_return_model,0.005931,-0.032384
2020-06-30,LMT,ridge_cross_sectional_return_model,0.005643,0.006976
2020-06-30,MO,ridge_cross_sectional_return_model,-0.006847,0.006285
2020-06-30,NOW,ridge_cross_sectional_return_model,0.006679,0.046003
2020-06-30,PLD,ridge_cross_sectional_return_model,0.002913,0.083224
2020-06-30,SCHW,ridge_cross_sectional_return_model,0.010572,-0.044275
2020-06-30,TJX,ridge_cross_sectional_return_model,0.005722,-0.014004
2020-06-30,V,ridge_cross_sectional_return_model,0.002908,-0.026346
2020-07-31,ABBV,ridge_cross_sectional_return_model,-0.000382,-0.081483
2020-07-31,AMZN,ridge_cross_sectional_return_model,-0.003645,0.001241
2020-07-31,BLK,ridge_cross_sectional_return_model,0.001348,-0.028383
2020-07-31,CME,ridge_cross_sectional_return_model,0.001855,-0.008395
2020-07-31,DIS,ridge_cross_sectional_return_model,0.007291,0.08537
2020-07-31,GE,ridge_cross_sectional_return_model,0.027008,0.015276
2020-07-31,ICE,ridge_cross_sectional_return_model,-0.002974,0.017035
2020-07-31,LIN,ridge_cross_sectional_return_model,0.002063,-0.039171
2020-07-31,MDT,ridge_cross_sectional_return_model,-0.001561,0.044266
2020-07-31,NKE,ridge_cross_sectional_return_model,0.007198,0.079257
2020-07-31,PG,ridge_cross_sectional_return_model,-0.010547,-0.015343
2020-07-31,RTX,ridge_cross_sectional_return_model,0.017854,0.032582
2020-07-31,T,ridge_cross_sectional_return_model,-0.001135,-0.058135
2020-07-31,UPS,ridge_cross_sectional_return_model,0.001364,0.070853
2020-07-31,ZTS,ridge_cross_sectional_return_model,-0.003128,-0.018834
2020-08-31,AMD,ridge_cross_sectional_return_model,0.004325,-0.054961
2020-08-31,BAC,ridge_cross_sectional_return_model,0.009941,-0.025415
2020-08-31,CI,ridge_cross_sectional_return_model,0.003006,-0.028944
2020-08-31,CVX,ridge_cross_sectional_return_model,0.009208,-0.098647
2020-08-31,FDX,ridge_cross_sectional_return_model,0.00702,0.201096
2020-08-31,HON,ridge_cross_sectional_return_model,0.00206,0.038405
2020-08-31,KLAC,ridge_cross_sectional_return_model,0.009724,-0.012884
2020-08-31,MCO,ridge_cross_sectional_return_model,0.002592,0.014446
2020-08-31,NEE,ridge_cross_sectional_return_model,-0.003581,0.058836
2020-08-31,PEP,ridge_cross_sectional_return_model,-0.002933,0.031023
2020-08-31,REGN,ridge_cross_sectional_return_model,0.001667,-0.030031
2020-08-31,SPGI,ridge_cross_sectional_return_model,0.001806,0.018924
2020-08-31,UNH,ridge_cross_sectional_return_model,-0.000296,0.021821
2020-08-31,WMT,ridge_cross_sectional_return_model,-0.003791,0.032371
2020-09-30,ADP,ridge_cross_sectional_return_model,-0.005825,0.136339
2020-09-30,AXP,ridge_cross_sectional_return_model,0.000392,-0.057893
2020-09-30,CB,ridge_cross_sectional_return_model,0.004558,0.121888
2020-09-30,CSCO,ridge_cross_sectional_return_model,0.00877,-0.060488
2020-09-30,EQIX,ridge_cross_sectional_return_model,0.000663,0.019234
2020-09-30,HCA,ridge_cross_sectional_return_model,0.024181,0.039573
2020-09-30,JNJ,ridge_cross_sectional_return_model,-0.001706,-0.046086
2020-09-30,MAR,ridge_cross_sectional_return_model,0.011464,-0.003617
2020-09-30,MSFT,ridge_cross_sectional_return_model,0.003989,-0.011797
2020-09-30,ORLY,ridge_cross_sectional_return_model,0.00127,-0.01596
2020-09-30,PYPL,ridge_cross_sectional_return_model,0.007405,0.000619
2020-09-30,SNPS,ridge_cross_sectional_return_model,0.001066,0.04252
2020-09-30,TXN,ridge_cross_sectional_return_model,-0.000684,0.026045
2020-09-30,WFC,ridge_cross_sectional_return_model,0.009042,-0.074532
2020-10-30,ADBE,ridge_cross_sectional_return_model,0.014942,-0.038613
2020-10-30,APH,ridge_cross_sectional_return_model,-0.004852,0.050475
2020-10-30,C,ridge_cross_sectional_return_model,0.007766,0.220775
2020-10-30,COST,ridge_cross_sectional_return_model,-0.002829,-0.013284
2020-10-30,EMR,ridge_cross_sectional_return_model,0.005274,0.084948
2020-10-30,GOOGL,ridge_cross_sectional_return_model,0.000866,-0.023207
2020-10-30,ISRG,ridge_cross_sectional_return_model,0.003634,-0.020376
2020-10-30,LOW,ridge_cross_sectional_return_model,0.003934,-0.123198
2020-10-30,MRK,ridge_cross_sectional_return_model,-0.001711,-0.039903
2020-10-30,NVDA,ridge_cross_sectional_return_model,0.01859,-0.039565
2020-10-30,PM,ridge_cross_sectional_return_model,0.001194,-0.042176
2020-10-30,SHW,ridge_cross_sectional_return_model,0.000745,-0.020068
2020-10-30,TMO,ridge_cross_sectional_return_model,-0.007205,-0.125982
2020-10-30,VRTX,ridge_cross_sectional_return_model,0.025636,-0.015717
2020-11-30,ABT,ridge_cross_sectional_return_model,-0.001247,-0.029319
2020-11-30,AON,ridge_cross_sectional_return_model,0.003459,-0.020477
2020-11-30,BMY,ridge_cross_sectional_return_model,-0.000828,-0.046041
2020-11-30,CMG,ridge_cross_sectional_return_model,0.001116,0.049374
2020-11-30,DUK,ridge_cross_sectional_return_model,0.009679,-0.060554
2020-11-30,GILD,ridge_cross_sectional_return_model,-0.005687,-0.083027
2020-11-30,INTC,ridge_cross_sectional_return_model,0.00861,-0.008826
2020-11-30,LLY,ridge_cross_sectional_return_model,0.007643,0.113365
2020-11-30,META,ridge_cross_sectional_return_model,0.003105,-0.031022
2020-11-30,NOC,ridge_cross_sectional_return_model,-0.003923,-0.034537
2020-11-30,PH,ridge_cross_sectional_return_model,0.007843,-0.034564
2020-11-30,SBUX,ridge_cross_sectional_return_model,0.004038,0.047301
2020-11-30,TDG,ridge_cross_sectional_return_model,0.003014,0.019113
2020-11-30,USB,ridge_cross_sectional_return_model,0.012803,0.037241
2020-12-31,AAPL,ridge_cross_sectional_return_model,-0.000755,0.004643
2020-12-31,AMGN,ridge_cross_sectional_return_model,-0.002302,0.039426
2020-12-31,BKNG,ridge_cross_sectional_return_model,0.010745,-0.112608
2020-12-31,CL,ridge_cross_sectional_return_model,0.002642,-0.082905
2020-12-31,DE,ridge_cross_sectional_return_model,0.004104,0.079795
2020-12-31,GD,ridge_cross_sectional_return_model,0.005137,-0.00681
2020-12-31,IBM,ridge_cross_sectional_return_model,0.000722,-0.048707
2020-12-31,KO,ridge_cross_sectional_return_model,-0.00031,-0.122259
2020-12-31,MDLZ,ridge_cross_sectional_return_model,-0.005121,-0.061356
2020-12-31,NFLX,ridge_cross_sectional_return_model,0.001249,-0.009411
2020-12-31,PFE,ridge_cross_sectional_return_model,0.008673,-0.023143
2020-12-31,ROP,ridge_cross_sectional_return_model,0.002793,-0.097238
2020-12-31,SYK,ridge_cross_sectional_return_model,0.004101,-0.081783
2020-12-31,UNP,ridge_cross_sectional_return_model,0.000712,-0.052486
2020-12-31,XOM,ridge_cross_sectional_return_model,0.011896,0.083477
2021-01-29,AMAT,ridge_cross_sectional_return_model,0.017558,0.214161
2021-01-29,BA,ridge_cross_sectional_return_model,0.031094,0.102798
2021-01-29,CDNS,ridge_cross_sectional_return_model,2.6e-05,0.078042
2021-01-29,CVS,ridge_cross_sectional_return_model,0.007082,-0.085797
2021-01-29,ETN,ridge_cross_sectional_return_model,0.003392,0.087807
2021-01-29,HD,ridge_cross_sectional_return_model,-0.00701,-0.08669
2021-01-29,JPM,ridge_cross_sectional_return_model,0.003814,0.116939
2021-01-29,MCD,ridge_cross_sectional_return_model,-0.009694,-0.044582
2021-01-29,MU,ridge_cross_sectional_return_model,0.010284,0.157962
2021-01-29,PANW,ridge_cross_sectional_return_model,0.013087,-0.005278
2021-01-29,QCOM,ridge_cross_sectional_return_model,0.011542,-0.160155
2021-01-29,SO,ridge_cross_sectional_return_model,-0.003722,-0.06172
2021-01-29,UBER,ridge_cross_sectional_return_model,0.032429,0.015413
2021-01-29,WM,ridge_cross_sectional_return_model,-0.002608,-0.042299
2021-02-26,ADI,ridge_cross_sectional_return_model,0.010433,-0.036198
2021-02-26,AVGO,ridge_cross_sectional_return_model,0.010575,-0.010556
2021-02-26,CAT,ridge_cross_sectional_return_model,0.00548,0.018614
2021-02-26,CRM,ridge_cross_sectional_return_model,-0.002098,-0.078703
2021-02-26,EOG,ridge_cross_sectional_return_model,0.025036,0.115375
2021-02-26,GS,ridge_cross_sectional_return_model,0.012792,-0.015692
2021-02-26,ITW,ridge_cross_sectional_return_model,-0.007917,0.081303
2021-02-26,MA,ridge_cross_sectional_return_model,0.002118,-0.009744
2021-02-26,MS,ridge_cross_sectional_return_model,0.011202,-0.004018
2021-02-26,ORCL,ridge_cross_sectional_return_model,0.00148,0.044502
2021-02-26,PNC,ridge_cross_sectional_return_model,0.007855,0.02276
2021-02-26,SLB,ridge_cross_sectional_return_model,0.015889,-0.030144
2021-02-26,TSLA,ridge_cross_sectional_return_model,0.042806,-0.128547
2021-02-26,VZ,ridge_cross_sectional_return_model,-0.00724,0.007603
2021-03-31,ACN,ridge_cross_sectional_return_model,-0.002917,0.002371
2021-03-31,APD,ridge_cross_sectional_return_model,0.000108,-0.020918
2021-03-31,BSX,ridge_cross_sectional_return_model,0.000363,0.081135
2021-03-31,COP,ridge_cross_sectional_return_model,0.013952,-0.056854
2021-03-31,ELV,ridge_cross_sectional_return_model,-0.006599,0.00721
2021-03-31,GOOG,ridge_cross_sectional_return_model,0.010762,0.114763
2021-03-31,INTU,ridge_cross_sectional_return_model,0.009445,0.02807
2021-03-31,LMT,ridge_cross_sectional_return_model,-0.011567,-0.03051
2021-03-31,MO,ridge_cross_sectional_return_model,-0.002327,-0.149007
2021-03-31,NOW,ridge_cross_sectional_return_model,0.023661,-0.050096
2021-03-31,PLD,ridge_cross_sectional_return_model,0.004836,0.037013
2021-03-31,SCHW,ridge_cross_sectional_return_model,0.00753,0.040309
2021-03-31,TJX,ridge_cross_sectional_return_model,0.000368,0.019793
2021-03-31,V,ridge_cross_sectional_return_model,-0.00465,0.058815
2021-04-30,ABBV,ridge_cross_sectional_return_model,0.000491,0.008681
2021-04-30,AMZN,ridge_cross_sectional_return_model,-0.00818,-0.077036
2021-04-30,BLK,ridge_cross_sectional_return_model,-0.004178,0.063909
2021-04-30,CME,ridge_cross_sectional_return_model,0.008226,0.076458
2021-04-30,DIS,ridge_cross_sectional_return_model,0.012358,-0.046185
2021-04-30,GE,ridge_cross_sectional_return_model,0.022326,0.065081
2021-04-30,ICE,ridge_cross_sectional_return_model,-0.003741,-0.047599
2021-04-30,LIN,ridge_cross_sectional_return_model,-0.001204,0.045072
2021-04-30,MDT,ridge_cross_sectional_return_model,-0.002469,-0.039639
2021-04-30,NKE,ridge_cross_sectional_return_model,0.005821,0.024465
2021-04-30,PG,ridge_cross_sectional_return_model,-0.01237,0.004152
2021-04-30,RTX,ridge_cross_sectional_return_model,0.010824,0.065564
2021-04-30,T,ridge_cross_sectional_return_model,-0.005379,-0.069603
2021-04-30,UPS,ridge_cross_sectional_return_model,-0.004621,0.05116
2021-04-30,ZTS,ridge_cross_sectional_return_model,-0.004928,0.014528
2021-05-28,AMD,ridge_cross_sectional_return_model,0.011253,0.066394
2021-05-28,BAC,ridge_cross_sectional_return_model,0.004107,-0.036471
2021-05-28,CI,ridge_cross_sectional_return_model,0.006056,-0.090005
2021-05-28,CVX,ridge_cross_sectional_return_model,-0.00014,-0.019092
2021-05-28,FDX,ridge_cross_sectional_return_model,0.000424,-0.084841
2021-05-28,HON,ridge_cross_sectional_return_model,0.000982,-0.082168
2021-05-28,KLAC,ridge_cross_sectional_return_model,0.026884,-0.004072
2021-05-28,MCO,ridge_cross_sectional_return_model,0.003009,0.069633
2021-05-28,NEE,ridge_cross_sectional_return_model,0.004761,0.010766
2021-05-28,PEP,ridge_cross_sectional_return_model,0.001375,-0.019841
2021-05-28,REGN,ridge_cross_sectional_return_model,-0.001237,0.059132
2021-05-28,SPGI,ridge_cross_sectional_return_model,0.003604,0.061544
2021-05-28,UNH,ridge_cross_sectional_return_model,0.004848,-0.042842
2021-05-28,WMT,ridge_cross_sectional_return_model,-0.003554,-0.048688
2021-06-30,ADP,ridge_cross_sectional_return_model,-0.00115,0.021993
2021-06-30,AXP,ridge_cross_sectional_return_model,0.009309,0.013974
2021-06-30,CB,ridge_cross_sectional_return_model,0.006311,0.024004
2021-06-30,CSCO,ridge_cross_sectional_return_model,-0.004496,0.016889
2021-06-30,EQIX,ridge_cross_sectional_return_model,-0.001792,-0.049621
2021-06-30,HCA,ridge_cross_sectional_return_model,0.007663,0.169679
2021-06-30,JNJ,ridge_cross_sectional_return_model,-0.007839,0.01575
2021-06-30,MAR,ridge_cross_sectional_return_model,0.002403,0.053799
2021-06-30,MSFT,ridge_cross_sectional_return_model,0.005062,0.028174
2021-06-30,ORLY,ridge_cross_sectional_return_model,0.002454,0.023766
2021-06-30,PYPL,ridge_cross_sectional_return_model,0.007838,-0.057921
2021-06-30,SNPS,ridge_cross_sectional_return_model,-3e-06,0.005905
2021-06-30,TXN,ridge_cross_sectional_return_model,0.001713,-0.036751
2021-06-30,WFC,ridge_cross_sectional_return_model,0.024832,-0.002695
2021-07-30,ADBE,ridge_cross_sectional_return_model,0.005533,0.032571
2021-07-30,APH,ridge_cross_sectional_return_model,-0.000297,0.031994
2021-07-30,C,ridge_cross_sectional_return_model,0.010306,0.052642
2021-07-30,COST,ridge_cross_sectional_return_model,0.002562,0.021212
2021-07-30,EMR,ridge_cross_sectional_return_model,0.009085,0.016739
2021-07-30,GOOGL,ridge_cross_sectional_return_model,0.00659,0.042089
2021-07-30,ISRG,ridge_cross_sectional_return_model,0.000382,0.018676
2021-07-30,LOW,ridge_cross_sectional_return_model,-0.001492,0.041783
2021-07-30,MRK,ridge_cross_sectional_return_model,9.1e-05,-0.034187
2021-07-30,NVDA,ridge_cross_sectional_return_model,0.025855,0.134108
2021-07-30,PM,ridge_cross_sectional_return_model,0.00071,-0.006691
2021-07-30,SHW,ridge_cross_sectional_return_model,-0.002046,0.015815
2021-07-30,TMO,ridge_cross_sectional_return_model,-0.001686,-0.011032
2021-07-30,VRTX,ridge_cross_sectional_return_model,0.001544,-0.035007
2021-08-31,ABT,ridge_cross_sectional_return_model,-0.000124,-0.019872
2021-08-31,AON,ridge_cross_sectional_return_model,-0.004835,0.050112
2021-08-31,BMY,ridge_cross_sectional_return_model,-0.001198,-0.058521
2021-08-31,CMG,ridge_cross_sectional_return_model,0.011355,0.004971
2021-08-31,DUK,ridge_cross_sectional_return_model,-0.006267,-0.025578
2021-08-31,GILD,ridge_cross_sectional_return_model,-0.002296,0.019351
2021-08-31,INTC,ridge_cross_sectional_return_model,0.003192,0.024265
2021-08-31,LLY,ridge_cross_sectional_return_model,0.01081,-0.073326
2021-08-31,META,ridge_cross_sectional_return_model,0.010658,-0.070021
2021-08-31,NOC,ridge_cross_sectional_return_model,-0.001486,0.021972
2021-08-31,PH,ridge_cross_sectional_return_model,0.005903,0.007572
2021-08-31,SBUX,ridge_cross_sectional_return_model,0.001977,-0.010472
2021-08-31,TDG,ridge_cross_sectional_return_model,0.009344,0.079304
2021-08-31,USB,ridge_cross_sectional_return_model,0.006728,0.092872
2021-09-30,AAPL,ridge_cross_sectional_return_model,0.007612,0.010237
2021-09-30,AMGN,ridge_cross_sectional_return_model,-0.004742,-0.093766
2021-09-30,BKNG,ridge_cross_sectional_return_model,0.002356,-0.044448
2021-09-30,CL,ridge_cross_sectional_return_model,-0.004431,-0.044638
2021-09-30,DE,ridge_cross_sectional_return_model,0.008869,-0.024334
2021-09-30,GD,ridge_cross_sectional_return_model,0.002253,-0.028224
2021-09-30,IBM,ridge_cross_sectional_return_model,-0.00437,-0.162217
2021-09-30,KO,ridge_cross_sectional_return_model,-0.002477,4.3e-05
2021-09-30,MDLZ,ridge_cross_sectional_return_model,-0.002564,-0.020386
2021-09-30,NFLX,ridge_cross_sectional_return_model,-0.002339,0.036388
2021-09-30,PFE,ridge_cross_sectional_return_model,0.021933,-0.064043
2021-09-30,ROP,ridge_cross_sectional_return_model,-0.001871,0.024007
2021-09-30,SYK,ridge_cross_sectional_return_model,6.6e-05,-0.050098
2021-09-30,UNP,ridge_cross_sectional_return_model,-0.002535,0.168165
2021-09-30,XOM,ridge_cross_sectional_return_model,-0.001538,0.025339
2021-10-29,AMAT,ridge_cross_sectional_return_model,0.012707,0.09676
2021-10-29,BA,ridge_cross_sectional_return_model,0.002956,-0.052851
2021-10-29,CDNS,ridge_cross_sectional_return_model,0.01726,0.066798
2021-10-29,CVS,ridge_cross_sectional_return_model,0.002612,0.019041
2021-10-29,ETN,ridge_cross_sectional_return_model,0.003766,0.008692
2021-10-29,HD,ridge_cross_sectional_return_model,0.00112,0.082718
2021-10-29,JPM,ridge_cross_sectional_return_model,0.005828,-0.062624
2021-10-29,MCD,ridge_cross_sectional_return_model,-0.008616,0.007695
2021-10-29,MU,ridge_cross_sectional_return_model,0.006833,0.23495
2021-10-29,PANW,ridge_cross_sectional_return_model,0.025216,0.071028
2021-10-29,QCOM,ridge_cross_sectional_return_model,-0.004079,0.369439
2021-10-29,SO,ridge_cross_sectional_return_model,-0.00702,0.007037
2021-10-29,UBER,ridge_cross_sectional_return_model,0.013608,-0.10567
2021-10-29,WM,ridge_cross_sectional_return_model,-0.000443,0.029542
2021-11-30,ADI,ridge_cross_sectional_return_model,0.006628,-0.07431
2021-11-30,AVGO,ridge_cross_sectional_return_model,0.001159,0.170772
2021-11-30,CAT,ridge_cross_sectional_return_model,0.000815,0.020505
2021-11-30,CRM,ridge_cross_sectional_return_model,0.006777,-0.15855
2021-11-30,EOG,ridge_cross_sectional_return_model,0.028674,0.004969
2021-11-30,GS,ridge_cross_sectional_return_model,0.001034,-0.032774
2021-11-30,ITW,ridge_cross_sectional_return_model,-0.004384,0.01247
2021-11-30,MA,ridge_cross_sectional_return_model,0.011689,0.095445
2021-11-30,MS,ridge_cross_sectional_return_model,0.003763,-0.010563
2021-11-30,ORCL,ridge_cross_sectional_return_model,0.004682,-0.079681
2021-11-30,PNC,ridge_cross_sectional_return_model,0.006499,-0.030276
2021-11-30,SLB,ridge_cross_sectional_return_model,0.02096,-0.017977
2021-11-30,TSLA,ridge_cross_sectional_return_model,0.03585,-0.102962
2021-11-30,VZ,ridge_cross_sectional_return_model,-0.007111,-0.010223
2021-12-31,ACN,ridge_cross_sectional_return_model,0.007261,-0.092123
2021-12-31,APD,ridge_cross_sectional_return_model,0.004172,-0.020026
2021-12-31,BSX,ridge_cross_sectional_return_model,8.9e-05,0.062628
2021-12-31,COP,ridge_cross_sectional_return_model,0.008394,0.280505
2021-12-31,ELV,ridge_cross_sectional_return_model,0.009036,0.004094
2021-12-31,GOOG,ridge_cross_sectional_return_model,0.001862,-0.009334
2021-12-31,INTU,ridge_cross_sectional_return_model,0.017342,-0.083053
2021-12-31,LMT,ridge_cross_sectional_return_model,-0.000876,0.147618
2021-12-31,MO,ridge_cross_sectional_return_model,-0.009944,0.126385
2021-12-31,NOW,ridge_cross_sectional_return_model,0.021956,-0.044823
2021-12-31,PLD,ridge_cross_sectional_return_model,0.005116,-0.015802
2021-12-31,SCHW,ridge_cross_sectional_return_model,0.007626,0.095547
2021-12-31,TJX,ridge_cross_sectional_return_model,-0.003953,0.000712
2021-12-31,V,ridge_cross_sectional_return_model,-0.000518,0.096394
2022-01-31,ABBV,ridge_cross_sectional_return_model,0.008442,0.123193
2022-01-31,AMZN,ridge_cross_sectional_return_model,0.004207,0.054784
2022-01-31,BLK,ridge_cross_sectional_return_model,-0.004758,-0.087097
2022-01-31,CME,ridge_cross_sectional_return_model,0.000995,0.061509
2022-01-31,DIS,ridge_cross_sectional_return_model,-0.004588,0.063393
2022-01-31,GE,ridge_cross_sectional_return_model,-0.00188,0.021542
2022-01-31,ICE,ridge_cross_sectional_return_model,-0.008621,0.052903
2022-01-31,LIN,ridge_cross_sectional_return_model,-0.002172,-0.069045
2022-01-31,MDT,ridge_cross_sectional_return_model,-0.006929,0.04594
2022-01-31,NKE,ridge_cross_sectional_return_model,5.4e-05,-0.062746
2022-01-31,PG,ridge_cross_sectional_return_model,0.006123,-0.000202
2022-01-31,RTX,ridge_cross_sectional_return_model,-0.001476,0.189671
2022-01-31,T,ridge_cross_sectional_return_model,0.000835,-0.032957
2022-01-31,UPS,ridge_cross_sectional_return_model,-0.004513,0.068351
2022-01-31,ZTS,ridge_cross_sectional_return_model,0.001153,0.00801
2022-02-28,AMD,ridge_cross_sectional_return_model,0.017563,-0.072534
2022-02-28,BAC,ridge_cross_sectional_return_model,-0.00302,-0.057289
2022-02-28,CI,ridge_cross_sectional_return_model,0.008953,-0.017823
2022-02-28,CVX,ridge_cross_sectional_return_model,0.001638,0.107808
2022-02-28,FDX,ridge_cross_sectional_return_model,0.001811,-0.008878
2022-02-28,HON,ridge_cross_sectional_return_model,0.000823,-0.008612
2022-02-28,KLAC,ridge_cross_sectional_return_model,0.012146,0.029645
2022-02-28,MCO,ridge_cross_sectional_return_model,0.001921,-0.004764
2022-02-28,NEE,ridge_cross_sectional_return_model,0.007218,0.031302
2022-02-28,PEP,ridge_cross_sectional_return_model,-0.000977,-0.02859
2022-02-28,REGN,ridge_cross_sectional_return_model,-0.006773,0.073953
2022-02-28,SPGI,ridge_cross_sectional_return_model,-0.000542,0.055874
2022-02-28,UNH,ridge_cross_sectional_return_model,0.000734,0.034237
2022-02-28,WMT,ridge_cross_sectional_return_model,-0.003023,0.036979
2022-03-31,ADP,ridge_cross_sectional_return_model,-0.010068,0.046633
2022-03-31,AXP,ridge_cross_sectional_return_model,0.017431,0.024699
2022-03-31,CB,ridge_cross_sectional_return_model,0.002023,0.05294
2022-03-31,CSCO,ridge_cross_sectional_return_model,-0.008904,-0.027808
2022-03-31,EQIX,ridge_cross_sectional_return_model,-0.009315,0.057376
2022-03-31,HCA,ridge_cross_sectional_return_model,-0.004809,-0.056154
2022-03-31,JNJ,ridge_cross_sectional_return_model,-0.005922,0.105994
2022-03-31,MAR,ridge_cross_sectional_return_model,0.006601,0.09784
2022-03-31,MSFT,ridge_cross_sectional_return_model,-9.5e-05,-0.012098
2022-03-31,ORLY,ridge_cross_sectional_return_model,-0.004196,-0.026705
2022-03-31,PYPL,ridge_cross_sectional_return_model,0.031902,-0.15192
2022-03-31,SNPS,ridge_cross_sectional_return_model,0.000371,-0.051697
2022-03-31,TXN,ridge_cross_sectional_return_model,0.000207,0.015663
2022-03-31,WFC,ridge_cross_sectional_return_model,0.022003,-0.0119
2022-04-29,ADBE,ridge_cross_sectional_return_model,0.002068,0.073588
2022-04-29,APH,ridge_cross_sectional_return_model,-0.00045,-0.01029
2022-04-29,C,ridge_cross_sectional_return_model,-0.002999,0.104305
2022-04-29,COST,ridge_cross_sectional_return_model,0.005102,-0.122559
2022-04-29,EMR,ridge_cross_sectional_return_model,0.001919,-0.02154
2022-04-29,GOOGL,ridge_cross_sectional_return_model,0.003874,-0.023625
2022-04-29,ISRG,ridge_cross_sectional_return_model,0.01246,-0.050286
2022-04-29,LOW,ridge_cross_sectional_return_model,-0.000164,0.001697
2022-04-29,MRK,ridge_cross_sectional_return_model,-0.00574,0.041586
2022-04-29,NVDA,ridge_cross_sectional_return_model,0.020656,0.006322
2022-04-29,PM,ridge_cross_sectional_return_model,0.000471,0.061788
2022-04-29,SHW,ridge_cross_sectional_return_model,-0.005083,-0.000529
2022-04-29,TMO,ridge_cross_sectional_return_model,-0.002011,0.027228
2022-04-29,VRTX,ridge_cross_sectional_return_model,-0.000681,-0.006046
2022-05-31,ABT,ridge_cross_sectional_return_model,-0.00286,0.003772
2022-05-31,AON,ridge_cross_sectional_return_model,0.006748,0.050314
2022-05-31,BMY,ridge_cross_sectional_return_model,-0.001585,0.112453
2022-05-31,CMG,ridge_cross_sectional_return_model,0.009815,-0.006585
2022-05-31,DUK,ridge_cross_sectional_return_model,0.003523,0.017089
2022-05-31,GILD,ridge_cross_sectional_return_model,-0.006325,0.050438
2022-05-31,INTC,ridge_cross_sectional_return_model,0.002195,-0.085568
2022-05-31,LLY,ridge_cross_sectional_return_model,0.009072,0.105445
2022-05-31,META,ridge_cross_sectional_return_model,0.012794,-0.078432
2022-05-31,NOC,ridge_cross_sectional_return_model,-0.00411,0.061782
2022-05-31,PH,ridge_cross_sectional_return_model,-0.006243,-0.016321
2022-05-31,SBUX,ridge_cross_sectional_return_model,0.002742,0.048575
2022-05-31,TDG,ridge_cross_sectional_return_model,0.004654,-0.056859
2022-05-31,USB,ridge_cross_sectional_return_model,-0.002411,-0.047404
2022-06-30,AAPL,ridge_cross_sectional_return_model,0.002183,0.096546
2022-06-30,AMGN,ridge_cross_sectional_return_model,0.000247,-0.074948
2022-06-30,BKNG,ridge_cross_sectional_return_model,0.012553,0.014659
2022-06-30,CL,ridge_cross_sectional_return_model,0.003074,-0.103565
2022-06-30,DE,ridge_cross_sectional_return_model,0.011796,0.053871
2022-06-30,GD,ridge_cross_sectional_return_model,-0.001528,-0.06759
2022-06-30,IBM,ridge_cross_sectional_return_model,0.003459,-0.165747
2022-06-30,KO,ridge_cross_sectional_return_model,0.005373,-0.072059
2022-06-30,MDLZ,ridge_cross_sectional_return_model,0.004816,-0.060682
2022-06-30,NFLX,ridge_cross_sectional_return_model,0.016033,0.194011
2022-06-30,PFE,ridge_cross_sectional_return_model,-0.001577,-0.121232
2022-06-30,ROP,ridge_cross_sectional_return_model,0.001874,0.016084
2022-06-30,SYK,ridge_cross_sectional_return_model,0.004852,-0.012562
2022-06-30,UNP,ridge_cross_sectional_return_model,-0.009305,-0.026352
2022-06-30,XOM,ridge_cross_sectional_return_model,0.01297,0.039743
2022-07-29,AMAT,ridge_cross_sectional_return_model,0.012615,-0.04915
2022-07-29,BA,ridge_cross_sectional_return_model,0.002404,0.04898
2022-07-29,CDNS,ridge_cross_sectional_return_model,0.012204,-0.028122
2022-07-29,CVS,ridge_cross_sectional_return_model,-0.00461,0.061992
2022-07-29,ETN,ridge_cross_sectional_return_model,-0.002909,-0.027863
2022-07-29,HD,ridge_cross_sectional_return_model,-0.000657,0.006777
2022-07-29,JPM,ridge_cross_sectional_return_model,0.004734,0.010233
2022-07-29,MCD,ridge_cross_sectional_return_model,-0.002,-0.008162
2022-07-29,MU,ridge_cross_sectional_return_model,0.009996,-0.052166
2022-07-29,PANW,ridge_cross_sectional_return_model,0.005993,0.139616
2022-07-29,QCOM,ridge_cross_sectional_return_model,0.006048,-0.029836
2022-07-29,SO,ridge_cross_sectional_return_model,-0.00069,0.042207
2022-07-29,UBER,ridge_cross_sectional_return_model,0.001492,0.234977
2022-07-29,WM,ridge_cross_sectional_return_model,-0.00706,0.058448
2022-08-31,ADI,ridge_cross_sectional_return_model,0.002142,0.015233
2022-08-31,AVGO,ridge_cross_sectional_return_model,-0.003046,-0.012381
2022-08-31,CAT,ridge_cross_sectional_return_model,-0.001488,-0.023644
2022-08-31,CRM,ridge_cross_sectional_return_model,0.017267,0.018558
2022-08-31,EOG,ridge_cross_sectional_return_model,0.000229,0.021025
2022-08-31,GS,ridge_cross_sectional_return_model,-0.000254,-0.031707
2022-08-31,ITW,ridge_cross_sectional_return_model,-0.005024,0.028595
2022-08-31,MA,ridge_cross_sectional_return_model,-0.001755,-0.037726
2022-08-31,MS,ridge_cross_sectional_return_model,-0.002489,0.015295
2022-08-31,ORCL,ridge_cross_sectional_return_model,0.007056,-0.093758
2022-08-31,PNC,ridge_cross_sectional_return_model,-0.001806,0.032179
2022-08-31,SLB,ridge_cross_sectional_return_model,-0.002304,0.025402
2022-08-31,TSLA,ridge_cross_sectional_return_model,0.018791,0.051342
2022-08-31,VZ,ridge_cross_sectional_return_model,0.004888,0.002372
2022-09-30,ACN,ridge_cross_sectional_return_model,0.000723,0.034292
2022-09-30,APD,ridge_cross_sectional_return_model,-0.001669,0.004141
2022-09-30,BSX,ridge_cross_sectional_return_model,-0.001716,0.025239
2022-09-30,COP,ridge_cross_sectional_return_model,0.008235,0.15348
2022-09-30,ELV,ridge_cross_sectional_return_model,-0.004405,0.107691
2022-09-30,GOOG,ridge_cross_sectional_return_model,0.007211,-0.08467
2022-09-30,INTU,ridge_cross_sectional_return_model,0.014737,0.027778
2022-09-30,LMT,ridge_cross_sectional_return_model,-0.011285,0.166054
2022-09-30,MO,ridge_cross_sectional_return_model,-0.004747,0.057712
2022-09-30,NOW,ridge_cross_sectional_return_model,0.009741,0.024175
2022-09-30,PLD,ridge_cross_sectional_return_model,0.002161,0.022865
2022-09-30,SCHW,ridge_cross_sectional_return_model,0.006081,0.026622
2022-09-30,TJX,ridge_cross_sectional_return_model,0.009141,0.077953
2022-09-30,V,ridge_cross_sectional_return_model,-0.005678,0.089242
2022-10-31,ABBV,ridge_cross_sectional_return_model,-0.000151,0.057246
2022-10-31,AMZN,ridge_cross_sectional_return_model,0.007639,-0.121169
2022-10-31,BLK,ridge_cross_sectional_return_model,0.013503,0.082062
2022-10-31,CME,ridge_cross_sectional_return_model,-0.004525,-0.014642
2022-10-31,DIS,ridge_cross_sectional_return_model,0.011826,-0.134581
2022-10-31,GE,ridge_cross_sectional_return_model,0.006759,0.077531
2022-10-31,ICE,ridge_cross_sectional_return_model,0.001215,0.078874
2022-10-31,LIN,ridge_cross_sectional_return_model,-0.004834,0.093073
2022-10-31,MDT,ridge_cross_sectional_return_model,-0.005958,-0.147697
2022-10-31,NKE,ridge_cross_sectional_return_model,0.013073,0.123062
2022-10-31,PG,ridge_cross_sectional_return_model,-0.00697,0.056915
2022-10-31,RTX,ridge_cross_sectional_return_model,-0.003306,0.010196
2022-10-31,T,ridge_cross_sectional_return_model,-0.000637,0.019432
2022-10-31,UPS,ridge_cross_sectional_return_model,0.001689,0.088998
2022-10-31,ZTS,ridge_cross_sectional_return_model,-0.005928,-0.042787
2022-11-30,AMD,ridge_cross_sectional_return_model,0.003632,-0.109874
2022-11-30,BAC,ridge_cross_sectional_return_model,-0.000283,-0.06418
2022-11-30,CI,ridge_cross_sectional_return_model,0.003857,0.064158
2022-11-30,CVX,ridge_cross_sectional_return_model,0.001608,0.027918
2022-11-30,FDX,ridge_cross_sectional_return_model,-0.000709,0.025024
2022-11-30,HON,ridge_cross_sectional_return_model,-0.00516,0.033277
2022-11-30,KLAC,ridge_cross_sectional_return_model,-0.002142,0.021336
2022-11-30,MCO,ridge_cross_sectional_return_model,0.000521,0.00371
2022-11-30,NEE,ridge_cross_sectional_return_model,0.001862,0.047819
2022-11-30,PEP,ridge_cross_sectional_return_model,0.000463,0.04223
2022-11-30,REGN,ridge_cross_sectional_return_model,0.024188,0.014685
2022-11-30,SPGI,ridge_cross_sectional_return_model,-0.000782,0.01832
2022-11-30,UNH,ridge_cross_sectional_return_model,0.002081,0.02548
2022-11-30,WMT,ridge_cross_sectional_return_model,0.00494,-0.008724
2022-12-30,ADP,ridge_cross_sectional_return_model,-0.003477,-0.117522
2022-12-30,AXP,ridge_cross_sectional_return_model,0.001726,0.125176
2022-12-30,CB,ridge_cross_sectional_return_model,0.001274,-0.031654
2022-12-30,CSCO,ridge_cross_sectional_return_model,-0.001499,-0.033104
2022-12-30,EQIX,ridge_cross_sectional_return_model,-0.004753,0.063977
2022-12-30,HCA,ridge_cross_sectional_return_model,0.008305,8.1e-05
2022-12-30,JNJ,ridge_cross_sectional_return_model,-0.00689,-0.137781
2022-12-30,MAR,ridge_cross_sectional_return_model,0.002669,0.106969
2022-12-30,MSFT,ridge_cross_sectional_return_model,-0.002036,-0.029571
2022-12-30,ORLY,ridge_cross_sectional_return_model,0.003404,-0.124117
2022-12-30,PYPL,ridge_cross_sectional_return_model,0.015346,0.081314
2022-12-30,SNPS,ridge_cross_sectional_return_model,-0.004367,0.045039
2022-12-30,TXN,ridge_cross_sectional_return_model,0.000503,0.017326
2022-12-30,WFC,ridge_cross_sectional_return_model,0.007935,0.072254
2023-01-31,ADBE,ridge_cross_sectional_return_model,0.00077,-0.09792
2023-01-31,APH,ridge_cross_sectional_return_model,0.003246,0.003058
2023-01-31,C,ridge_cross_sectional_return_model,0.00068,0.024821
2023-01-31,COST,ridge_cross_sectional_return_model,0.000219,-0.033012
2023-01-31,EMR,ridge_cross_sectional_return_model,0.007116,-0.044938
2023-01-31,GOOGL,ridge_cross_sectional_return_model,-0.000434,-0.056913
2023-01-31,ISRG,ridge_cross_sectional_return_model,0.009201,-0.045846
2023-01-31,LOW,ridge_cross_sectional_return_model,0.00424,-0.038056
2023-01-31,MRK,ridge_cross_sectional_return_model,0.007012,0.021807
2023-01-31,NVDA,ridge_cross_sectional_return_model,0.022978,0.190678
2023-01-31,PM,ridge_cross_sectional_return_model,0.00249,-0.03568
2023-01-31,SHW,ridge_cross_sectional_return_model,0.011595,-0.042906
2023-01-31,TMO,ridge_cross_sectional_return_model,0.005522,-0.026892
2023-01-31,VRTX,ridge_cross_sectional_return_model,0.003992,-0.069756
2023-02-28,ABT,ridge_cross_sectional_return_model,0.000829,-0.047465
2023-02-28,AON,ridge_cross_sectional_return_model,-0.000213,0.014136
2023-02-28,BMY,ridge_cross_sectional_return_model,-0.0016,-0.013165
2023-02-28,CMG,ridge_cross_sectional_return_model,0.000902,0.106381
2023-02-28,DUK,ridge_cross_sectional_return_model,-0.000355,0.003054
2023-02-28,GILD,ridge_cross_sectional_return_model,0.00594,0.012894
2023-02-28,INTC,ridge_cross_sectional_return_model,0.003186,0.172745
2023-02-28,LLY,ridge_cross_sectional_return_model,0.001276,0.082779
2023-02-28,META,ridge_cross_sectional_return_model,0.031285,0.144992
2023-02-28,NOC,ridge_cross_sectional_return_model,0.008629,-0.013155
2023-02-28,PH,ridge_cross_sectional_return_model,0.010146,-0.070668
2023-02-28,SBUX,ridge_cross_sectional_return_model,0.004354,-0.035155
2023-02-28,TDG,ridge_cross_sectional_return_model,0.008748,-0.034516
2023-02-28,USB,ridge_cross_sectional_return_model,0.003503,-0.25712
2023-03-31,AAPL,ridge_cross_sectional_return_model,0.003112,0.013493
2023-03-31,AMGN,ridge_cross_sectional_return_model,0.001061,-0.026738
2023-03-31,BKNG,ridge_cross_sectional_return_model,0.005611,-0.000366
2023-03-31,CL,ridge_cross_sectional_return_model,-0.00017,0.065632
2023-03-31,DE,ridge_cross_sectional_return_model,0.002142,-0.08945
2023-03-31,GD,ridge_cross_sectional_return_model,-0.000934,-0.053583
2023-03-31,IBM,ridge_cross_sectional_return_model,0.000749,-0.053091
2023-03-31,KO,ridge_cross_sectional_return_model,-0.002827,0.021646
2023-03-31,MDLZ,ridge_cross_sectional_return_model,-0.000858,0.092624
2023-03-31,NFLX,ridge_cross_sectional_return_model,0.01807,-0.076776
2023-03-31,PFE,ridge_cross_sectional_return_model,-0.000873,-0.05392
2023-03-31,ROP,ridge_cross_sectional_return_model,-0.001567,0.027389
2023-03-31,SYK,ridge_cross_sectional_return_model,-6.4e-05,0.035564
2023-03-31,UNP,ridge_cross_sectional_return_model,-0.000237,-0.028017
2023-03-31,XOM,ridge_cross_sectional_return_model,0.005545,0.030738
2023-04-28,AMAT,ridge_cross_sectional_return_model,0.008968,0.19702
2023-04-28,BA,ridge_cross_sectional_return_model,0.0065,-0.025067
2023-04-28,CDNS,ridge_cross_sectional_return_model,0.009732,0.080308
2023-04-28,CVS,ridge_cross_sectional_return_model,0.002111,-0.087176
2023-04-28,ETN,ridge_cross_sectional_return_model,0.00886,0.08756
2023-04-28,HD,ridge_cross_sectional_return_model,0.004054,-0.035487
2023-04-28,JPM,ridge_cross_sectional_return_model,0.007729,-0.019237
2023-04-28,MCD,ridge_cross_sectional_return_model,-0.000822,-0.042665
2023-04-28,MU,ridge_cross_sectional_return_model,-0.001341,0.138861
2023-04-28,PANW,ridge_cross_sectional_return_model,0.012551,0.150421
2023-04-28,QCOM,ridge_cross_sectional_return_model,-0.001871,-0.065056
2023-04-28,SO,ridge_cross_sectional_return_model,0.002873,-0.056365
2023-04-28,UBER,ridge_cross_sectional_return_model,0.013738,0.228492
2023-04-28,WM,ridge_cross_sectional_return_model,-0.000547,-0.038559
2023-05-31,ADI,ridge_cross_sectional_return_model,0.005135,0.019078
2023-05-31,AVGO,ridge_cross_sectional_return_model,0.00397,0.020897
2023-05-31,CAT,ridge_cross_sectional_return_model,0.004327,0.134691
2023-05-31,CRM,ridge_cross_sectional_return_model,0.006903,-0.110354
2023-05-31,EOG,ridge_cross_sectional_return_model,0.00918,0.000839
2023-05-31,GS,ridge_cross_sectional_return_model,0.001641,-0.054882
2023-05-31,ITW,ridge_cross_sectional_return_model,0.003401,0.0898
2023-05-31,MA,ridge_cross_sectional_return_model,0.000422,0.009671
2023-05-31,MS,ridge_cross_sectional_return_model,0.003691,-0.009818
2023-05-31,ORCL,ridge_cross_sectional_return_model,0.001676,0.05938
2023-05-31,PNC,ridge_cross_sectional_return_model,0.008573,0.032657
2023-05-31,SLB,ridge_cross_sectional_return_model,0.012377,0.085457
2023-05-31,TSLA,ridge_cross_sectional_return_model,0.010204,0.210307
2023-05-31,VZ,ridge_cross_sectional_return_model,0.003694,-0.014211
2023-06-30,ACN,ridge_cross_sectional_return_model,-0.00451,-0.003833
2023-06-30,APD,ridge_cross_sectional_return_model,0.005064,-0.01337
2023-06-30,BSX,ridge_cross_sectional_return_model,0.00581,-0.074146
2023-06-30,COP,ridge_cross_sectional_return_model,0.006605,0.10345
2023-06-30,ELV,ridge_cross_sectional_return_model,0.004981,0.028803
2023-06-30,GOOG,ridge_cross_sectional_return_model,0.005207,0.067622
2023-06-30,INTU,ridge_cross_sectional_return_model,0.00963,0.085985
2023-06-30,LMT,ridge_cross_sectional_return_model,-0.000586,-0.063165
2023-06-30,MO,ridge_cross_sectional_return_model,0.001627,-0.030085
2023-06-30,NOW,ridge_cross_sectional_return_model,0.004927,0.004689
2023-06-30,PLD,ridge_cross_sectional_return_model,0.002877,-0.015446
2023-06-30,SCHW,ridge_cross_sectional_return_model,0.003281,0.133463
2023-06-30,TJX,ridge_cross_sectional_return_model,0.003092,-0.012212
2023-06-30,V,ridge_cross_sectional_return_model,0.002557,-0.031681
2023-07-31,ABBV,ridge_cross_sectional_return_model,-0.001641,0.018458
2023-07-31,AMZN,ridge_cross_sectional_return_model,0.010732,0.028792
2023-07-31,BLK,ridge_cross_sectional_return_model,0.001211,-0.048172
2023-07-31,CME,ridge_cross_sectional_return_model,-0.001044,0.054746
2023-07-31,DIS,ridge_cross_sectional_return_model,0.0042,-0.02038
2023-07-31,GE,ridge_cross_sectional_return_model,0.005567,0.030381
2023-07-31,ICE,ridge_cross_sectional_return_model,0.001071,0.056351
2023-07-31,LIN,ridge_cross_sectional_return_model,0.001093,0.010818
2023-07-31,MDT,ridge_cross_sectional_return_model,0.003087,-0.039753
2023-07-31,NKE,ridge_cross_sectional_return_model,0.000549,-0.064641
2023-07-31,PG,ridge_cross_sectional_return_model,-0.002515,0.016709
2023-07-31,RTX,ridge_cross_sectional_return_model,0.013611,0.01473
2023-07-31,T,ridge_cross_sectional_return_model,0.009345,0.011482
2023-07-31,UPS,ridge_cross_sectional_return_model,-0.001123,-0.056731
2023-07-31,ZTS,ridge_cross_sectional_return_model,0.001057,0.02693
2023-08-31,AMD,ridge_cross_sectional_return_model,0.011647,0.020004
2023-08-31,BAC,ridge_cross_sectional_return_model,0.003933,0.00244
2023-08-31,CI,ridge_cross_sectional_return_model,0.013487,0.087569
2023-08-31,CVX,ridge_cross_sectional_return_model,-0.002032,0.094113
2023-08-31,FDX,ridge_cross_sectional_return_model,0.008485,0.067393
2023-08-31,HON,ridge_cross_sectional_return_model,0.008175,0.030408
2023-08-31,KLAC,ridge_cross_sectional_return_model,0.003464,-0.038663
2023-08-31,MCO,ridge_cross_sectional_return_model,0.007027,-0.013819
2023-08-31,NEE,ridge_cross_sectional_return_model,0.004864,-0.094931
2023-08-31,PEP,ridge_cross_sectional_return_model,0.000229,-0.000227
2023-08-31,REGN,ridge_cross_sectional_return_model,-0.001875,0.043163
2023-08-31,SPGI,ridge_cross_sectional_return_model,0.013942,-0.017678
2023-08-31,UNH,ridge_cross_sectional_return_model,0.002933,0.109487
2023-08-31,WMT,ridge_cross_sectional_return_model,-0.002914,0.030953
2023-09-29,ADP,ridge_cross_sectional_return_model,0.006263,-0.067692
2023-09-29,AXP,ridge_cross_sectional_return_model,0.001771,-0.009627
2023-09-29,CB,ridge_cross_sectional_return_model,0.00176,0.041078
2023-09-29,CSCO,ridge_cross_sectional_return_model,-0.00121,0.005304
2023-09-29,EQIX,ridge_cross_sectional_return_model,0.004537,0.017448
2023-09-29,HCA,ridge_cross_sectional_return_model,-0.000505,-0.044812
2023-09-29,JNJ,ridge_cross_sectional_return_model,0.006419,-0.025868
2023-09-29,MAR,ridge_cross_sectional_return_model,0.008743,-0.018138
2023-09-29,MSFT,ridge_cross_sectional_return_model,0.002878,0.083829
2023-09-29,ORLY,ridge_cross_sectional_return_model,0.002876,0.056574
2023-09-29,PYPL,ridge_cross_sectional_return_model,0.020359,-0.098743
2023-09-29,SNPS,ridge_cross_sectional_return_model,0.001067,0.035008
2023-09-29,TXN,ridge_cross_sectional_return_model,0.003435,-0.060631
2023-09-29,WFC,ridge_cross_sectional_return_model,0.009019,-0.012095
2023-10-31,ADBE,ridge_cross_sectional_return_model,0.01414,0.073313
2023-10-31,APH,ridge_cross_sectional_return_model,-0.000324,0.03249
2023-10-31,C,ridge_cross_sectional_return_model,-0.005732,0.0865
2023-10-31,COST,ridge_cross_sectional_return_model,8e-05,-0.020995
2023-10-31,EMR,ridge_cross_sectional_return_model,0.004968,-0.088549
2023-10-31,GOOGL,ridge_cross_sectional_return_model,0.015853,0.000864
2023-10-31,ISRG,ridge_cross_sectional_return_model,0.006784,0.098048
2023-10-31,LOW,ridge_cross_sectional_return_model,0.003255,-0.038
2023-10-31,MRK,ridge_cross_sectional_return_model,0.003134,-0.102351
2023-10-31,NVDA,ridge_cross_sectional_return_model,0.020893,0.093417
2023-10-31,PM,ridge_cross_sectional_return_model,-0.000633,-0.036704
2023-10-31,SHW,ridge_cross_sectional_return_model,0.001247,0.064638
2023-10-31,TMO,ridge_cross_sectional_return_model,-0.000676,0.021195
2023-10-31,VRTX,ridge_cross_sectional_return_model,0.001155,-0.117745
2023-11-30,ABT,ridge_cross_sectional_return_model,0.001738,0.009767
2023-11-30,AON,ridge_cross_sectional_return_model,0.001492,-0.159723
2023-11-30,BMY,ridge_cross_sectional_return_model,0.001632,-0.006571
2023-11-30,CMG,ridge_cross_sectional_return_model,0.00112,-0.00719
2023-11-30,DUK,ridge_cross_sectional_return_model,0.003051,0.005927
2023-11-30,GILD,ridge_cross_sectional_return_model,0.000999,0.021549
2023-11-30,INTC,ridge_cross_sectional_return_model,0.018557,0.078506
2023-11-30,LLY,ridge_cross_sectional_return_model,0.015975,-0.059394
2023-11-30,META,ridge_cross_sectional_return_model,0.01114,0.036295
2023-11-30,NOC,ridge_cross_sectional_return_model,0.010863,-0.06043
2023-11-30,PH,ridge_cross_sectional_return_model,0.008854,0.017875
2023-11-30,SBUX,ridge_cross_sectional_return_model,0.001649,-0.078787
2023-11-30,TDG,ridge_cross_sectional_return_model,0.00859,0.004954
2023-11-30,USB,ridge_cross_sectional_return_model,0.007634,0.10251
2023-12-29,AAPL,ridge_cross_sectional_return_model,-0.001088,-0.056099
2023-12-29,AMGN,ridge_cross_sectional_return_model,0.006043,0.059576
2023-12-29,BKNG,ridge_cross_sectional_return_model,0.006341,-0.030543
2023-12-29,CL,ridge_cross_sectional_return_model,0.001977,0.03024
2023-12-29,DE,ridge_cross_sectional_return_model,0.004573,-0.040131
2023-12-29,GD,ridge_cross_sectional_return_model,0.005613,0.007373
2023-12-29,IBM,ridge_cross_sectional_return_model,0.000469,0.115922
2023-12-29,KO,ridge_cross_sectional_return_model,-0.000881,-0.016318
2023-12-29,MDLZ,ridge_cross_sectional_return_model,0.001394,0.021205
2023-12-29,NFLX,ridge_cross_sectional_return_model,0.013159,0.123256
2023-12-29,PFE,ridge_cross_sectional_return_model,0.004264,-0.080135
2023-12-29,ROP,ridge_cross_sectional_return_model,-0.001259,-0.001217
2023-12-29,SYK,ridge_cross_sectional_return_model,0.00272,0.024592
2023-12-29,UNP,ridge_cross_sectional_return_model,0.004552,-0.028381
2023-12-29,XOM,ridge_cross_sectional_return_model,0.00024,0.015931
2024-01-31,AMAT,ridge_cross_sectional_return_model,0.009278,0.177038
2024-01-31,BA,ridge_cross_sectional_return_model,0.018113,-0.086872
2024-01-31,CDNS,ridge_cross_sectional_return_model,0.008236,0.003003
2024-01-31,CVS,ridge_cross_sectional_return_model,0.003705,-0.052187
2024-01-31,ETN,ridge_cross_sectional_return_model,0.00058,0.122228
2024-01-31,HD,ridge_cross_sectional_return_model,0.001727,0.026151
2024-01-31,JPM,ridge_cross_sectional_return_model,-0.005137,0.014916
2024-01-31,MCD,ridge_cross_sectional_return_model,-0.001395,-0.048009
2024-01-31,MU,ridge_cross_sectional_return_model,0.01162,0.00449
2024-01-31,PANW,ridge_cross_sectional_return_model,0.011268,-0.134784
2024-01-31,QCOM,ridge_cross_sectional_return_model,0.004526,0.015697
2024-01-31,SO,ridge_cross_sectional_return_model,0.0011,-0.0746
2024-01-31,UBER,ridge_cross_sectional_return_model,0.01436,0.165831
2024-01-31,WM,ridge_cross_sectional_return_model,-0.004004,0.055662
2024-02-29,ADI,ridge_cross_sectional_return_model,0.004275,0.00328
2024-02-29,AVGO,ridge_cross_sectional_return_model,0.011479,-0.0092
2024-02-29,CAT,ridge_cross_sectional_return_model,0.001798,0.064525
2024-02-29,CRM,ridge_cross_sectional_return_model,0.008912,-0.056168
2024-02-29,EOG,ridge_cross_sectional_return_model,0.0023,0.084195
2024-02-29,GS,ridge_cross_sectional_return_model,0.004184,0.040913
2024-02-29,ITW,ridge_cross_sectional_return_model,-0.001543,-0.003701
2024-02-29,MA,ridge_cross_sectional_return_model,-0.00287,-0.018358
2024-02-29,MS,ridge_cross_sectional_return_model,0.005856,0.061673
2024-02-29,ORCL,ridge_cross_sectional_return_model,0.0053,0.092029
2024-02-29,PNC,ridge_cross_sectional_return_model,0.00731,0.065124
2024-02-29,SLB,ridge_cross_sectional_return_model,0.007489,0.101376
2024-02-29,TSLA,ridge_cross_sectional_return_model,0.01549,-0.161937
2024-02-29,VZ,ridge_cross_sectional_return_model,0.002664,0.015774
2024-03-28,ACN,ridge_cross_sectional_return_model,0.009023,-0.07961
2024-03-28,APD,ridge_cross_sectional_return_model,0.005941,0.002764
2024-03-28,BSX,ridge_cross_sectional_return_model,0.002488,0.096645
2024-03-28,COP,ridge_cross_sectional_return_model,-0.007341,0.051569
2024-03-28,ELV,ridge_cross_sectional_return_model,-0.00128,0.064415
2024-03-28,GOOG,ridge_cross_sectional_return_model,0.005646,0.169059
2024-03-28,INTU,ridge_cross_sectional_return_model,0.004538,0.008989
2024-03-28,LMT,ridge_cross_sectional_return_model,-0.001788,0.042428
2024-03-28,MO,ridge_cross_sectional_return_model,-0.000709,0.022812
2024-03-28,NOW,ridge_cross_sectional_return_model,0.011945,-0.022644
2024-03-28,PLD,ridge_cross_sectional_return_model,0.001593,-0.172577
2024-03-28,SCHW,ridge_cross_sectional_return_model,-0.003514,0.064946
2024-03-28,TJX,ridge_cross_sectional_return_model,-0.001978,-0.021578
2024-03-28,V,ridge_cross_sectional_return_model,0.002566,0.011974
2024-04-30,ABBV,ridge_cross_sectional_return_model,0.002595,-0.096316
2024-04-30,AMZN,ridge_cross_sectional_return_model,0.008555,-0.007935
2024-04-30,BLK,ridge_cross_sectional_return_model,0.004742,-0.045479
2024-04-30,CME,ridge_cross_sectional_return_model,-0.002369,-0.065937
2024-04-30,DIS,ridge_cross_sectional_return_model,0.009563,-0.140039
2024-04-30,GE,ridge_cross_sectional_return_model,0.020652,-0.03705
2024-04-30,ICE,ridge_cross_sectional_return_model,0.001932,-0.023275
2024-04-30,LIN,ridge_cross_sectional_return_model,0.001548,-0.081567
2024-04-30,MDT,ridge_cross_sectional_return_model,-0.000289,-0.032471
2024-04-30,NKE,ridge_cross_sectional_return_model,0.00402,-0.054445
2024-04-30,PG,ridge_cross_sectional_return_model,-0.007367,-0.057547
2024-04-30,RTX,ridge_cross_sectional_return_model,-0.005645,-0.011809
2024-04-30,T,ridge_cross_sectional_return_model,-0.005198,-0.034432
2024-04-30,UPS,ridge_cross_sectional_return_model,0.008069,-0.126527
2024-04-30,ZTS,ridge_cross_sectional_return_model,0.007102,0.024545
2024-05-31,AMD,ridge_cross_sectional_return_model,0.013447,-0.092594
2024-05-31,BAC,ridge_cross_sectional_return_model,0.003135,-0.030826
2024-05-31,CI,ridge_cross_sectional_return_model,0.004651,-0.08676
2024-05-31,CVX,ridge_cross_sectional_return_model,0.000383,-0.073024
2024-05-31,FDX,ridge_cross_sectional_return_model,0.006063,0.145113
2024-05-31,HON,ridge_cross_sectional_return_model,-0.002439,0.005915
2024-05-31,KLAC,ridge_cross_sectional_return_model,0.006508,0.052461
2024-05-31,MCO,ridge_cross_sectional_return_model,-0.000199,0.024303
2024-05-31,NEE,ridge_cross_sectional_return_model,0.004071,-0.158221
2024-05-31,PEP,ridge_cross_sectional_return_model,0.002526,-0.087877
2024-05-31,REGN,ridge_cross_sectional_return_model,-0.002638,0.041005
2024-05-31,SPGI,ridge_cross_sectional_return_model,-0.003429,0.006588
2024-05-31,UNH,ridge_cross_sectional_return_model,0.003999,-0.034628
2024-05-31,WMT,ridge_cross_sectional_return_model,0.000238,-0.011255
2024-06-28,ADP,ridge_cross_sectional_return_model,0.004947,0.068219
2024-06-28,AXP,ridge_cross_sectional_return_model,0.004533,0.072764
2024-06-28,CB,ridge_cross_sectional_return_model,0.005142,0.064164
2024-06-28,CSCO,ridge_cross_sectional_return_model,0.001403,0.017765
2024-06-28,EQIX,ridge_cross_sectional_return_model,0.005059,0.025376
2024-06-28,HCA,ridge_cross_sectional_return_model,0.006783,0.115573
2024-06-28,JNJ,ridge_cross_sectional_return_model,0.001125,0.083846
2024-06-28,MAR,ridge_cross_sectional_return_model,-0.000202,-0.014724
2024-06-28,MSFT,ridge_cross_sectional_return_model,0.000991,-0.046232
2024-06-28,ORLY,ridge_cross_sectional_return_model,0.001849,0.05784
2024-06-28,PYPL,ridge_cross_sectional_return_model,0.009506,0.014689
2024-06-28,SNPS,ridge_cross_sectional_return_model,0.002324,-0.080883
2024-06-28,TXN,ridge_cross_sectional_return_model,0.002729,0.036791
2024-06-28,WFC,ridge_cross_sectional_return_model,0.002423,0.002375
2024-07-31,ADBE,ridge_cross_sectional_return_model,0.002729,0.002517
2024-07-31,APH,ridge_cross_sectional_return_model,0.012496,0.017992
2024-07-31,C,ridge_cross_sectional_return_model,0.000431,-0.055328
2024-07-31,COST,ridge_cross_sectional_return_model,0.005282,0.066755
2024-07-31,EMR,ridge_cross_sectional_return_model,0.005708,-0.121823
2024-07-31,GOOGL,ridge_cross_sectional_return_model,0.003532,-0.064257
2024-07-31,ISRG,ridge_cross_sectional_return_model,0.008466,0.07097
2024-07-31,LOW,ridge_cross_sectional_return_model,0.001937,0.000373
2024-07-31,MRK,ridge_cross_sectional_return_model,0.005855,0.024146
2024-07-31,NVDA,ridge_cross_sectional_return_model,0.046854,0.059808
2024-07-31,PM,ridge_cross_sectional_return_model,0.002574,0.050747
2024-07-31,SHW,ridge_cross_sectional_return_model,0.002004,0.019546
2024-07-31,TMO,ridge_cross_sectional_return_model,-0.001116,-0.013924
2024-07-31,VRTX,ridge_cross_sectional_return_model,0.003931,-0.025681
2024-08-30,ABT,ridge_cross_sectional_return_model,-0.004508,-0.014471
2024-08-30,AON,ridge_cross_sectional_return_model,-0.002858,-0.0144
2024-08-30,BMY,ridge_cross_sectional_return_model,0.000137,0.014831
2024-08-30,CMG,ridge_cross_sectional_return_model,0.007648,0.006456
2024-08-30,DUK,ridge_cross_sectional_return_model,-0.002823,-0.009157
2024-08-30,GILD,ridge_cross_sectional_return_model,0.006202,0.05018
2024-08-30,INTC,ridge_cross_sectional_return_model,0.041766,0.043424
2024-08-30,LLY,ridge_cross_sectional_return_model,0.012554,-0.09817
2024-08-30,META,ridge_cross_sectional_return_model,0.002439,0.078123
2024-08-30,NOC,ridge_cross_sectional_return_model,-0.005558,-0.007726
2024-08-30,PH,ridge_cross_sectional_return_model,0.005911,0.031678
2024-08-30,SBUX,ridge_cross_sectional_return_model,0.014126,0.009872
2024-08-30,TDG,ridge_cross_sectional_return_model,0.00084,0.018261
2024-08-30,USB,ridge_cross_sectional_return_model,0.004632,-0.042001
2024-09-30,AAPL,ridge_cross_sectional_return_model,0.006842,-0.010606
2024-09-30,AMGN,ridge_cross_sectional_return_model,0.009078,-0.027964
2024-09-30,BKNG,ridge_cross_sectional_return_model,0.001475,0.01984
2024-09-30,CL,ridge_cross_sectional_return_model,0.003044,-0.08545
2024-09-30,DE,ridge_cross_sectional_return_model,-0.002608,-0.024255
2024-09-30,GD,ridge_cross_sectional_return_model,0.000798,-0.001784
2024-09-30,IBM,ridge_cross_sectional_return_model,-0.00014,-0.049277
2024-09-30,KO,ridge_cross_sectional_return_model,0.001437,-0.084546
2024-09-30,MDLZ,ridge_cross_sectional_return_model,0.002835,-0.068383
2024-09-30,NFLX,ridge_cross_sectional_return_model,-0.000685,0.043862
2024-09-30,PFE,ridge_cross_sectional_return_model,0.006002,-0.015087
2024-09-30,ROP,ridge_cross_sectional_return_model,0.000681,-0.03128
2024-09-30,SYK,ridge_cross_sectional_return_model,-0.000895,-0.026855
2024-09-30,UNP,ridge_cross_sectional_return_model,0.002312,-0.071151
2024-09-30,XOM,ridge_cross_sectional_return_model,0.000732,0.00201
2024-10-31,AMAT,ridge_cross_sectional_return_model,0.016276,-0.095205
2024-10-31,BA,ridge_cross_sectional_return_model,0.007646,-0.018578
2024-10-31,CDNS,ridge_cross_sectional_return_model,0.013177,0.051514
2024-10-31,CVS,ridge_cross_sectional_return_model,0.007436,0.000409
2024-10-31,ETN,ridge_cross_sectional_return_model,0.005472,0.075768
2024-10-31,HD,ridge_cross_sectional_return_model,0.001448,0.03596
2024-10-31,JPM,ridge_cross_sectional_return_model,0.003482,0.065637
2024-10-31,MCD,ridge_cross_sectional_return_model,-0.000563,-0.046282
2024-10-31,MU,ridge_cross_sectional_return_model,0.01648,-0.076693
2024-10-31,PANW,ridge_cross_sectional_return_model,0.013248,0.016658
2024-10-31,QCOM,ridge_cross_sectional_return_model,0.009881,-0.085683
2024-10-31,SO,ridge_cross_sectional_return_model,-0.005641,-0.072422
2024-10-31,UBER,ridge_cross_sectional_return_model,0.024417,-0.060883
2024-10-31,WM,ridge_cross_sectional_return_model,-0.005621,-0.002326
2024-11-29,ADI,ridge_cross_sectional_return_model,0.003213,-0.000553
2024-11-29,AVGO,ridge_cross_sectional_return_model,0.016175,0.477871
2024-11-29,CAT,ridge_cross_sectional_return_model,0.006556,-0.085632
2024-11-29,CRM,ridge_cross_sectional_return_model,0.012721,0.039082
2024-11-29,EOG,ridge_cross_sectional_return_model,0.00275,-0.074655
2024-11-29,GS,ridge_cross_sectional_return_model,0.005059,-0.032379
2024-11-29,ITW,ridge_cross_sectional_return_model,-0.001893,-0.061263
2024-11-29,MA,ridge_cross_sectional_return_model,-0.001812,0.00663
2024-11-29,MS,ridge_cross_sectional_return_model,0.008148,-0.024029
2024-11-29,ORCL,ridge_cross_sectional_return_model,0.016706,-0.076506
2024-11-29,PNC,ridge_cross_sectional_return_model,0.001949,-0.082847
2024-11-29,SLB,ridge_cross_sectional_return_model,0.007477,-0.113556
2024-11-29,TSLA,ridge_cross_sectional_return_model,0.036313,0.22982
2024-11-29,VZ,ridge_cross_sectional_return_model,0.000866,-0.086405
2024-12-31,ACN,ridge_cross_sectional_return_model,0.004933,0.072055
2024-12-31,APD,ridge_cross_sectional_return_model,0.006915,0.13615
2024-12-31,BSX,ridge_cross_sectional_return_model,-0.001939,0.119136
2024-12-31,COP,ridge_cross_sectional_return_model,0.003363,-0.030285
2024-12-31,ELV,ridge_cross_sectional_return_model,0.004922,0.045792
2024-12-31,GOOG,ridge_cross_sectional_return_model,-0.001006,0.052749
2024-12-31,INTU,ridge_cross_sectional_return_model,0.006422,-0.068208
2024-12-31,LMT,ridge_cross_sectional_return_model,0.00314,-0.074167
2024-12-31,MO,ridge_cross_sectional_return_model,-0.000485,-0.028004
2024-12-31,NOW,ridge_cross_sectional_return_model,0.007913,-0.066229
2024-12-31,PLD,ridge_cross_sectional_return_model,0.003473,0.101337
2024-12-31,SCHW,ridge_cross_sectional_return_model,0.007111,0.09083
2024-12-31,TJX,ridge_cross_sectional_return_model,-0.004729,0.006088
2024-12-31,V,ridge_cross_sectional_return_model,-0.002074,0.054652
2025-01-31,ABBV,ridge_cross_sectional_return_model,-0.003139,0.179965
2025-01-31,AMZN,ridge_cross_sectional_return_model,0.005432,-0.107419
2025-01-31,BLK,ridge_cross_sectional_return_model,-0.002248,-0.071384
2025-01-31,CME,ridge_cross_sectional_return_model,-0.000536,0.116074
2025-01-31,DIS,ridge_cross_sectional_return_model,0.007302,0.027604
2025-01-31,GE,ridge_cross_sectional_return_model,-0.001733,0.022084
2025-01-31,ICE,ridge_cross_sectional_return_model,-0.004722,0.113644
2025-01-31,LIN,ridge_cross_sectional_return_model,-0.007874,0.066149
2025-01-31,MDT,ridge_cross_sectional_return_model,-0.003491,0.06831
2025-01-31,NKE,ridge_cross_sectional_return_model,-0.001095,0.054789
2025-01-31,PG,ridge_cross_sectional_return_model,-0.000487,0.087827
2025-01-31,RTX,ridge_cross_sectional_return_model,-0.00628,0.073089
2025-01-31,T,ridge_cross_sectional_return_model,0.002378,0.198134
2025-01-31,UPS,ridge_cross_sectional_return_model,0.012267,0.08897
2025-01-31,ZTS,ridge_cross_sectional_return_model,-0.001459,0.027828
2025-02-28,AMD,ridge_cross_sectional_return_model,0.004375,0.095663
2025-02-28,BAC,ridge_cross_sectional_return_model,-0.000386,-0.037544
2025-02-28,CI,ridge_cross_sectional_return_model,0.00022,0.119606
2025-02-28,CVX,ridge_cross_sectional_return_model,-0.000693,0.10911
2025-02-28,FDX,ridge_cross_sectional_return_model,-0.003508,-0.013561
2025-02-28,HON,ridge_cross_sectional_return_model,3.1e-05,0.050038
2025-02-28,KLAC,ridge_cross_sectional_return_model,0.007244,0.012301
2025-02-28,MCO,ridge_cross_sectional_return_model,-0.001759,-0.022439
2025-02-28,NEE,ridge_cross_sectional_return_model,-0.000383,0.066006
2025-02-28,PEP,ridge_cross_sectional_return_model,-0.003076,0.043248
2025-02-28,REGN,ridge_cross_sectional_return_model,-0.000968,-0.025828
2025-02-28,SPGI,ridge_cross_sectional_return_model,-0.002963,0.003504
2025-02-28,UNH,ridge_cross_sectional_return_model,-0.001907,0.15315
2025-02-28,WMT,ridge_cross_sectional_return_model,0.005972,-0.07211
2025-03-31,ADP,ridge_cross_sectional_return_model,-0.004861,-0.022881
2025-03-31,AXP,ridge_cross_sectional_return_model,0.001007,0.004813
2025-03-31,CB,ridge_cross_sectional_return_model,-0.005269,-0.047362
2025-03-31,CSCO,ridge_cross_sectional_return_model,-0.001735,-0.055548
2025-03-31,EQIX,ridge_cross_sectional_return_model,-0.001432,0.053584
2025-03-31,HCA,ridge_cross_sectional_return_model,0.003964,-0.005319
2025-03-31,JNJ,ridge_cross_sectional_return_model,-0.005357,-0.050813
2025-03-31,MAR,ridge_cross_sectional_return_model,-0.00066,0.015235
2025-03-31,MSFT,ridge_cross_sectional_return_model,0.001004,0.058745
2025-03-31,ORLY,ridge_cross_sectional_return_model,0.000515,-0.014216
2025-03-31,PYPL,ridge_cross_sectional_return_model,0.006593,0.025462
2025-03-31,SNPS,ridge_cross_sectional_return_model,0.010288,0.083495
2025-03-31,TXN,ridge_cross_sectional_return_model,0.002126,-0.096279
2025-03-31,WFC,ridge_cross_sectional_return_model,0.007836,-0.000548
2025-04-30,ADBE,ridge_cross_sectional_return_model,0.00439,0.038317
2025-04-30,APH,ridge_cross_sectional_return_model,0.001966,0.09152
2025-04-30,C,ridge_cross_sectional_return_model,0.007033,0.04936
2025-04-30,COST,ridge_cross_sectional_return_model,0.000144,-0.048395
2025-04-30,EMR,ridge_cross_sectional_return_model,0.005201,0.081897
2025-04-30,GOOGL,ridge_cross_sectional_return_model,0.003384,0.018207
2025-04-30,ISRG,ridge_cross_sectional_return_model,0.005635,0.013417
2025-04-30,LOW,ridge_cross_sectional_return_model,-0.00482,-0.057907
2025-04-30,MRK,ridge_cross_sectional_return_model,-0.001196,-0.167321
2025-04-30,NVDA,ridge_cross_sectional_return_model,0.013474,0.213875
2025-04-30,PM,ridge_cross_sectional_return_model,0.00664,-0.026045
2025-04-30,SHW,ridge_cross_sectional_return_model,-0.004004,-0.053808
2025-04-30,TMO,ridge_cross_sectional_return_model,0.00343,-0.122893
2025-04-30,VRTX,ridge_cross_sectional_return_model,-0.000112,-0.186528
2025-05-30,ABT,ridge_cross_sectional_return_model,-0.002852,-0.033195
2025-05-30,AON,ridge_cross_sectional_return_model,-0.002516,-0.09256
2025-05-30,BMY,ridge_cross_sectional_return_model,-0.002053,-0.092604
2025-05-30,CMG,ridge_cross_sectional_return_model,-0.000942,0.06982
2025-05-30,DUK,ridge_cross_sectional_return_model,-0.001929,-0.049008
2025-05-30,GILD,ridge_cross_sectional_return_model,0.003313,-0.037058
2025-05-30,INTC,ridge_cross_sectional_return_model,0.012743,0.094394
2025-05-30,LLY,ridge_cross_sectional_return_model,0.007115,0.00536
2025-05-30,META,ridge_cross_sectional_return_model,0.007135,0.089416
2025-05-30,NOC,ridge_cross_sectional_return_model,0.007206,-0.015072
2025-05-30,PH,ridge_cross_sectional_return_model,0.002762,-0.000581
2025-05-30,SBUX,ridge_cross_sectional_return_model,0.002584,0.040097
2025-05-30,TDG,ridge_cross_sectional_return_model,0.00191,-0.015831
2025-05-30,USB,ridge_cross_sectional_return_model,-0.001982,-0.001836
2025-06-30,AAPL,ridge_cross_sectional_return_model,0.002785,0.001553
2025-06-30,AMGN,ridge_cross_sectional_return_model,-0.001188,0.059032
2025-06-30,BKNG,ridge_cross_sectional_return_model,-0.001222,-0.062461
2025-06-30,CL,ridge_cross_sectional_return_model,-0.004022,-0.066893
2025-06-30,DE,ridge_cross_sectional_return_model,0.001543,-0.020292
2025-06-30,GD,ridge_cross_sectional_return_model,-0.000251,0.056352
2025-06-30,IBM,ridge_cross_sectional_return_model,0.005108,-0.137989
2025-06-30,KO,ridge_cross_sectional_return_model,-0.00246,-0.047542
2025-06-30,MDLZ,ridge_cross_sectional_return_model,-0.00036,0.005481
2025-06-30,NFLX,ridge_cross_sectional_return_model,0.005463,-0.155418
2025-06-30,PFE,ridge_cross_sectional_return_model,-0.002957,-0.008405
2025-06-30,ROP,ridge_cross_sectional_return_model,-0.000435,-0.033397
2025-06-30,SYK,ridge_cross_sectional_return_model,-0.001004,-0.015692
2025-06-30,UNP,ridge_cross_sectional_return_model,0.00013,-0.055604
2025-06-30,XOM,ridge_cross_sectional_return_model,0.001196,0.018946
2025-07-31,AMAT,ridge_cross_sectional_return_model,0.007381,-0.106151
2025-07-31,BA,ridge_cross_sectional_return_model,0.005098,0.037909
2025-07-31,CDNS,ridge_cross_sectional_return_model,0.005068,-0.05484
2025-07-31,CVS,ridge_cross_sectional_return_model,0.00234,0.135033
2025-07-31,ETN,ridge_cross_sectional_return_model,0.00364,-0.10032
2025-07-31,HD,ridge_cross_sectional_return_model,-0.002819,0.082035
2025-07-31,JPM,ridge_cross_sectional_return_model,-0.003274,-0.010338
2025-07-31,MCD,ridge_cross_sectional_return_model,-0.004762,0.013848
2025-07-31,MU,ridge_cross_sectional_return_model,0.016431,0.091188
2025-07-31,PANW,ridge_cross_sectional_return_model,0.008842,0.073704
2025-07-31,QCOM,ridge_cross_sectional_return_model,0.006252,0.069024
2025-07-31,SO,ridge_cross_sectional_return_model,-0.00191,-0.04261
2025-07-31,UBER,ridge_cross_sectional_return_model,0.008722,0.066919
2025-07-31,WM,ridge_cross_sectional_return_model,0.000438,-0.046628
2025-08-29,ADI,ridge_cross_sectional_return_model,0.003978,-0.053826
2025-08-29,AVGO,ridge_cross_sectional_return_model,0.013147,0.072748
2025-08-29,CAT,ridge_cross_sectional_return_model,0.005474,0.093719
2025-08-29,CRM,ridge_cross_sectional_return_model,-0.000909,-0.073581
2025-08-29,EOG,ridge_cross_sectional_return_model,0.001956,-0.123626
2025-08-29,GS,ridge_cross_sectional_return_model,0.003001,0.04726
2025-08-29,ITW,ridge_cross_sectional_return_model,-0.001891,-0.04409
2025-08-29,MA,ridge_cross_sectional_return_model,-0.00572,-0.077342
2025-08-29,MS,ridge_cross_sectional_return_model,-0.001776,0.039239
2025-08-29,ORCL,ridge_cross_sectional_return_model,0.029508,0.218697
2025-08-29,PNC,ridge_cross_sectional_return_model,-0.001239,-0.058681
2025-08-29,SLB,ridge_cross_sectional_return_model,0.00294,-0.071067
2025-08-29,TSLA,ridge_cross_sectional_return_model,0.019814,0.295759
2025-08-29,VZ,ridge_cross_sectional_return_model,-0.007677,-0.053891
2025-09-30,ACN,ridge_cross_sectional_return_model,-1.2e-05,-0.003971
2025-09-30,APD,ridge_cross_sectional_return_model,0.000175,-0.092244
2025-09-30,BSX,ridge_cross_sectional_return_model,0.000222,0.002868
2025-09-30,COP,ridge_cross_sectional_return_model,0.00182,-0.113804
2025-09-30,ELV,ridge_cross_sectional_return_model,0.002473,0.019041
2025-09-30,GOOG,ridge_cross_sectional_return_model,0.009716,0.070813
2025-09-30,INTU,ridge_cross_sectional_return_model,0.00446,-0.035354
2025-09-30,LMT,ridge_cross_sectional_return_model,-0.001169,-0.058265
2025-09-30,MO,ridge_cross_sectional_return_model,-0.000312,-0.073426
2025-09-30,NOW,ridge_cross_sectional_return_model,0.004539,-0.012186
2025-09-30,PLD,ridge_cross_sectional_return_model,0.000511,0.066457
2025-09-30,SCHW,ridge_cross_sectional_return_model,0.002355,-0.048312
2025-09-30,TJX,ridge_cross_sectional_return_model,-0.00299,-0.034871
2025-09-30,V,ridge_cross_sectional_return_model,-0.004299,-0.015173
2025-10-31,ABBV,ridge_cross_sectional_return_model,0.00131,0.03505
2025-10-31,AMZN,ridge_cross_sectional_return_model,0.00372,-0.039714
2025-10-31,BLK,ridge_cross_sectional_return_model,0.000938,-0.036967
2025-10-31,CME,ridge_cross_sectional_return_model,-0.003532,0.053474
2025-10-31,DIS,ridge_cross_sectional_return_model,-0.001757,-0.04932
2025-10-31,GE,ridge_cross_sectional_return_model,-0.000452,-0.063729
2025-10-31,ICE,ridge_cross_sectional_return_model,0.000852,0.075425
2025-10-31,LIN,ridge_cross_sectional_return_model,0.000315,-0.024055
2025-10-31,MDT,ridge_cross_sectional_return_model,-0.000894,0.141985
2025-10-31,NKE,ridge_cross_sectional_return_model,0.004718,0.021474
2025-10-31,PG,ridge_cross_sectional_return_model,-0.000418,-0.016861
2025-10-31,RTX,ridge_cross_sectional_return_model,-0.000952,-0.052367
2025-10-31,T,ridge_cross_sectional_return_model,0.001907,0.044645
2025-10-31,UPS,ridge_cross_sectional_return_model,0.000275,0.007346
2025-10-31,ZTS,ridge_cross_sectional_return_model,-0.000966,-0.114247
2025-11-28,AMD,ridge_cross_sectional_return_model,0.026638,-0.018327
2025-11-28,BAC,ridge_cross_sectional_return_model,-0.002144,0.027548
2025-11-28,CI,ridge_cross_sectional_return_model,0.015655,-0.008489
2025-11-28,CVX,ridge_cross_sectional_return_model,-0.001043,-0.010427
2025-11-28,FDX,ridge_cross_sectional_return_model,-1.3e-05,0.058373
2025-11-28,HON,ridge_cross_sectional_return_model,-0.001876,0.015995
2025-11-28,KLAC,ridge_cross_sectional_return_model,0.009761,0.062743
2025-11-28,MCO,ridge_cross_sectional_return_model,-0.000762,0.048122
2025-11-28,NEE,ridge_cross_sectional_return_model,0.000941,-0.079265
2025-11-28,PEP,ridge_cross_sectional_return_model,-0.000859,-0.03027
2025-11-28,REGN,ridge_cross_sectional_return_model,0.004626,-0.009103
2025-11-28,SPGI,ridge_cross_sectional_return_model,-0.002694,0.053186
2025-11-28,UNH,ridge_cross_sectional_return_model,0.01025,-0.005311
2025-11-28,WMT,ridge_cross_sectional_return_model,0.002043,0.010854
2025-12-31,ADP,ridge_cross_sectional_return_model,-0.004653,-0.055207
2025-12-31,AXP,ridge_cross_sectional_return_model,0.006216,-0.060684
2025-12-31,CB,ridge_cross_sectional_return_model,-0.002611,-0.02294
2025-12-31,CSCO,ridge_cross_sectional_return_model,0.001716,0.00745
2025-12-31,EQIX,ridge_cross_sectional_return_model,0.006129,0.056749
2025-12-31,HCA,ridge_cross_sectional_return_model,0.006386,0.031122
2025-12-31,JNJ,ridge_cross_sectional_return_model,-0.003401,0.083354
2025-12-31,MAR,ridge_cross_sectional_return_model,-0.000734,0.001572
2025-12-31,MSFT,ridge_cross_sectional_return_model,0.000682,-0.12501
2025-12-31,ORLY,ridge_cross_sectional_return_model,0.001907,0.064201
2025-12-31,PYPL,ridge_cross_sectional_return_model,0.011606,-0.112203
2025-12-31,SNPS,ridge_cross_sectional_return_model,-0.004799,-0.024531
2025-12-31,TXN,ridge_cross_sectional_return_model,-0.004732,0.235807
2025-12-31,WFC,ridge_cross_sectional_return_model,0.001803,-0.043815
2026-01-30,ADBE,ridge_cross_sectional_return_model,0.0051,-0.102305
2026-01-30,APH,ridge_cross_sectional_return_model,0.011993,-0.053832
2026-01-30,C,ridge_cross_sectional_return_model,-0.003184,-0.023717
2026-01-30,COST,ridge_cross_sectional_return_model,0.001433,0.074571
2026-01-30,EMR,ridge_cross_sectional_return_model,0.001116,0.046894
2026-01-30,GOOGL,ridge_cross_sectional_return_model,0.002444,-0.085058
2026-01-30,ISRG,ridge_cross_sectional_return_model,0.00303,-0.007728
2026-01-30,LOW,ridge_cross_sectional_return_model,0.003912,-0.028954
2026-01-30,MRK,ridge_cross_sectional_return_model,0.000856,0.109103
2026-01-30,NVDA,ridge_cross_sectional_return_model,0.000962,-0.037179
2026-01-30,PM,ridge_cross_sectional_return_model,0.000645,0.032488
2026-01-30,SHW,ridge_cross_sectional_return_model,-0.002425,0.014415
2026-01-30,TMO,ridge_cross_sectional_return_model,-0.000138,-0.112953
2026-01-30,VRTX,ridge_cross_sectional_return_model,0.0035,0.042405
2026-02-27,ABT,ridge_cross_sectional_return_model,0.00112,-0.033099
2026-02-27,AON,ridge_cross_sectional_return_model,-0.001354,0.008119
2026-02-27,BMY,ridge_cross_sectional_return_model,3.9e-05,0.011725
2026-02-27,CMG,ridge_cross_sectional_return_model,0.004388,-0.097743
2026-02-27,DUK,ridge_cross_sectional_return_model,-0.008751,0.06656
2026-02-27,GILD,ridge_cross_sectional_return_model,-0.002542,-0.020439
2026-02-27,INTC,ridge_cross_sectional_return_model,0.024348,0.018759
2026-02-27,LLY,ridge_cross_sectional_return_model,0.004564,-0.09203
2026-02-27,META,ridge_cross_sectional_return_model,0.003321,-0.115102
2026-02-27,NOC,ridge_cross_sectional_return_model,-0.000585,0.010486
2026-02-27,PH,ridge_cross_sectional_return_model,-0.001395,-0.046509
2026-02-27,SBUX,ridge_cross_sectional_return_model,0.002246,-0.041232
2026-02-27,TDG,ridge_cross_sectional_return_model,0.001522,-0.051799
2026-02-27,USB,ridge_cross_sectional_return_model,0.001318,0.003429
2026-03-31,AAPL,ridge_cross_sectional_return_model,-0.003649,-0.029624
2026-03-31,AMGN,ridge_cross_sectional_return_model,0.002255,-0.133473
2026-03-31,BKNG,ridge_cross_sectional_return_model,0.007346,-0.061109
2026-03-31,CL,ridge_cross_sectional_return_model,-0.001188,-0.096688
2026-03-31,DE,ridge_cross_sectional_return_model,0.008853,-0.099989
2026-03-31,GD,ridge_cross_sectional_return_model,-0.001236,-0.102664
2026-03-31,IBM,ridge_cross_sectional_return_model,0.012275,-0.157246
2026-03-31,KO,ridge_cross_sectional_return_model,-0.007237,-0.057085
2026-03-31,MDLZ,ridge_cross_sectional_return_model,-0.001057,-0.035179
2026-03-31,NFLX,ridge_cross_sectional_return_model,-0.013288,-0.13608
2026-03-31,PFE,ridge_cross_sectional_return_model,-0.005116,-0.158981
2026-03-31,ROP,ridge_cross_sectional_return_model,-0.005707,-0.085639
2026-03-31,SYK,ridge_cross_sectional_return_model,-0.004177,-0.135129
2026-03-31,UNP,ridge_cross_sectional_return_model,-0.004557,-0.00283
2026-03-31,XOM,ridge_cross_sectional_return_model,0.000988,-0.182519
2026-04-30,AMAT,ridge_cross_sectional_return_model,0.013211,0.089658
2026-04-30,BA,ridge_cross_sectional_return_model,0.003651,-0.043369
2026-04-30,CDNS,ridge_cross_sectional_return_model,0.009166,0.084939
2026-04-30,CVS,ridge_cross_sectional_return_model,0.002898,0.039702
2026-04-30,ETN,ridge_cross_sectional_return_model,0.004157,-0.124917
2026-04-30,HD,ridge_cross_sectional_return_model,-0.003546,-0.088088
2026-04-30,JPM,ridge_cross_sectional_return_model,-0.004883,-0.097066
2026-04-30,MCD,ridge_cross_sectional_return_model,-0.006421,-0.10164
2026-04-30,MU,ridge_cross_sectional_return_model,0.028303,0.824936
2026-04-30,PANW,ridge_cross_sectional_return_model,0.007205,0.518253
2026-04-30,QCOM,ridge_cross_sectional_return_model,0.004272,0.345191
2026-04-30,SO,ridge_cross_sectional_return_model,-0.003921,-0.092831
2026-04-30,UBER,ridge_cross_sectional_return_model,-0.000284,-0.109052
2026-04-30,WM,ridge_cross_sectional_return_model,0.00099,-0.143316
2017-01-31,AAPL,top_quintile_score_model,0.155001,0.103113
2017-01-31,AMGN,top_quintile_score_model,0.137461,0.091613
2017-01-31,BKNG,top_quintile_score_model,0.187199,0.046502
2017-01-31,CL,top_quintile_score_model,0.148384,0.083665
2017-01-31,DE,top_quintile_score_model,0.320487,-0.014886
2017-01-31,GD,top_quintile_score_model,0.200933,0.00873
2017-01-31,IBM,top_quintile_score_model,0.146727,-0.003022
2017-01-31,KO,top_quintile_score_model,0.105244,-0.039647
2017-01-31,MDLZ,top_quintile_score_model,0.233372,-0.059259
2017-01-31,NFLX,top_quintile_score_model,0.301327,-0.040052
2017-01-31,PFE,top_quintile_score_model,0.1449,0.041991
2017-01-31,ROP,top_quintile_score_model,0.126695,0.056195
2017-01-31,SYK,top_quintile_score_model,0.158371,0.007037
2017-01-31,UPS,top_quintile_score_model,0.269492,-0.067035
2017-01-31,ZTS,top_quintile_score_model,0.159592,-0.072951
2017-02-28,AMD,top_quintile_score_model,0.940455,-0.052716
2017-02-28,BAC,top_quintile_score_model,0.48441,-0.045189
2017-02-28,CI,top_quintile_score_model,0.232287,-0.003233
2017-02-28,CVX,top_quintile_score_model,0.150995,-0.046844
2017-02-28,FDX,top_quintile_score_model,0.206802,-0.013434
2017-02-28,HON,top_quintile_score_model,0.117242,0.006799
2017-02-28,KLAC,top_quintile_score_model,0.30237,0.061896
2017-02-28,MCO,top_quintile_score_model,0.156639,-0.000454
2017-02-28,NEE,top_quintile_score_model,0.118068,0.002518
2017-02-28,PEP,top_quintile_score_model,0.096539,0.026285
2017-02-28,REGN,top_quintile_score_model,0.194777,0.024764
2017-02-28,SPGI,top_quintile_score_model,0.155064,-0.005259
2017-02-28,UNP,top_quintile_score_model,0.211357,-0.022071
2017-02-28,XOM,top_quintile_score_model,0.12246,0.006928
2017-03-31,AMAT,top_quintile_score_model,0.286029,0.059508
2017-03-31,BA,top_quintile_score_model,0.306107,0.018796
2017-03-31,CDNS,top_quintile_score_model,0.340218,0.029248
2017-03-31,CVS,top_quintile_score_model,0.129484,0.038319
2017-03-31,ETN,top_quintile_score_model,0.170917,0.014232
2017-03-31,HD,top_quintile_score_model,0.165328,0.037791
2017-03-31,JPM,top_quintile_score_model,0.341467,-0.015656
2017-03-31,MCD,top_quintile_score_model,0.124588,0.076565
2017-03-31,MU,top_quintile_score_model,0.458665,-0.033578
2017-03-31,PANW,top_quintile_score_model,0.57355,-0.050277
2017-03-31,QCOM,top_quintile_score_model,0.241713,-0.077696
2017-03-31,SO,top_quintile_score_model,0.126245,-0.016288
2017-03-31,UNH,top_quintile_score_model,0.215949,0.052037
2017-03-31,WMT,top_quintile_score_model,0.095657,0.031231
2017-04-28,ADP,top_quintile_score_model,0.217876,-0.045298
2017-04-28,AXP,top_quintile_score_model,0.21803,-0.037834
2017-04-28,CB,top_quintile_score_model,0.152248,0.02111
2017-04-28,CSCO,top_quintile_score_model,0.128286,-0.09068
2017-04-28,EQIX,top_quintile_score_model,0.154943,0.046036
2017-04-28,HCA,top_quintile_score_model,0.269968,-0.033178
2017-04-28,JNJ,top_quintile_score_model,0.16701,0.019512
2017-04-28,MAR,top_quintile_score_model,0.286051,0.120533
2017-04-28,MSFT,top_quintile_score_model,0.1254,0.012521
2017-04-28,ORLY,top_quintile_score_model,0.235308,-0.013917
2017-04-28,PYPL,top_quintile_score_model,0.097038,0.057469
2017-04-28,SNPS,top_quintile_score_model,0.267707,-0.006156
2017-04-28,TXN,top_quintile_score_model,0.229072,0.009255
2017-04-28,WM,top_quintile_score_model,0.17394,-0.028162
2017-05-31,ADI,top_quintile_score_model,0.133413,-0.084684
2017-05-31,AVGO,top_quintile_score_model,0.356516,-0.002566
2017-05-31,CAT,top_quintile_score_model,0.285879,-0.003734
2017-05-31,CRM,top_quintile_score_model,0.210776,-0.0307
2017-05-31,EOG,top_quintile_score_model,0.209179,-0.027692
2017-05-31,GS,top_quintile_score_model,0.326173,0.043204
2017-05-31,ITW,top_quintile_score_model,0.173487,0.008325
2017-05-31,MA,top_quintile_score_model,0.149425,0.002298
2017-05-31,MS,top_quintile_score_model,0.314175,0.048402
2017-05-31,ORCL,top_quintile_score_model,0.189752,0.107323
2017-05-31,PNC,top_quintile_score_model,0.28732,0.026187
2017-05-31,SLB,top_quintile_score_model,0.120883,-0.075774
2017-05-31,TSLA,top_quintile_score_model,0.649007,0.07524
2017-05-31,WFC,top_quintile_score_model,0.252164,0.048969
2017-06-30,ADBE,top_quintile_score_model,0.284939,0.01515
2017-06-30,APH,top_quintile_score_model,0.165064,0.017376
2017-06-30,C,top_quintile_score_model,0.129582,0.002921
2017-06-30,COST,top_quintile_score_model,0.302325,-0.029433
2017-06-30,EMR,top_quintile_score_model,0.154467,-0.020722
2017-06-30,GOOGL,top_quintile_score_model,0.335147,-0.003538
2017-06-30,ISRG,top_quintile_score_model,0.354477,-0.017465
2017-06-30,LOW,top_quintile_score_model,0.165979,-0.016657
2017-06-30,MRK,top_quintile_score_model,0.131669,-0.023831
2017-06-30,NVDA,top_quintile_score_model,0.884583,0.103615
2017-06-30,PM,top_quintile_score_model,0.263823,-0.026855
2017-06-30,SHW,top_quintile_score_model,0.276624,-0.059562
2017-06-30,TMO,top_quintile_score_model,0.196528,-0.014479
2017-06-30,VZ,top_quintile_score_model,0.098071,0.077403
2017-07-31,ACN,top_quintile_score_model,0.145408,0.012176
2017-07-31,APD,top_quintile_score_model,0.135286,0.034452
2017-07-31,BSX,top_quintile_score_model,0.221297,0.022063
2017-07-31,COP,top_quintile_score_model,0.110873,-0.04222
2017-07-31,ELV,top_quintile_score_model,0.268733,0.047957
2017-07-31,GOOG,top_quintile_score_model,0.258,-0.009021
2017-07-31,INTU,top_quintile_score_model,0.19354,0.013944
2017-07-31,LMT,top_quintile_score_model,0.13903,0.048213
2017-07-31,MO,top_quintile_score_model,0.374602,-0.007092
2017-07-31,NOW,top_quintile_score_model,0.318833,0.022134
2017-07-31,PLD,top_quintile_score_model,0.206881,0.035556
2017-07-31,SCHW,top_quintile_score_model,0.203101,-0.067677
2017-07-31,TJX,top_quintile_score_model,0.114016,0.03465
2017-07-31,VRTX,top_quintile_score_model,0.752703,0.019322
2017-08-31,ABT,top_quintile_score_model,0.165044,0.027357
2017-08-31,AON,top_quintile_score_model,0.209055,0.029721
2017-08-31,BMY,top_quintile_score_model,0.155187,0.033752
2017-08-31,CMG,top_quintile_score_model,0.14923,-0.048188
2017-08-31,DUK,top_quintile_score_model,0.131738,-0.058867
2017-08-31,GILD,top_quintile_score_model,0.102998,-0.046232
2017-08-31,INTC,top_quintile_score_model,0.161296,0.065679
2017-08-31,LLY,top_quintile_score_model,0.144586,0.032132
2017-08-31,META,top_quintile_score_model,0.2887,-0.026546
2017-08-31,NOC,top_quintile_score_model,0.150377,0.036829
2017-08-31,PH,top_quintile_score_model,0.18085,0.067674
2017-08-31,SBUX,top_quintile_score_model,0.178283,-0.041112
2017-08-31,TDG,top_quintile_score_model,0.198898,-0.03937
2017-08-31,V,top_quintile_score_model,0.209708,-0.003534
2017-09-29,ABBV,top_quintile_score_model,0.344892,0.015972
2017-09-29,AMZN,top_quintile_score_model,0.225759,0.119419
2017-09-29,BLK,top_quintile_score_model,0.15244,0.036923
2017-09-29,CME,top_quintile_score_model,0.147651,-0.01201
2017-09-29,DIS,top_quintile_score_model,0.138698,-0.028431
2017-09-29,GE,top_quintile_score_model,0.120184,-0.165991
2017-09-29,ICE,top_quintile_score_model,0.147589,-0.072663
2017-09-29,LIN,top_quintile_score_model,0.150168,0.034318
2017-09-29,MDT,top_quintile_score_model,0.153411,0.019598
2017-09-29,NKE,top_quintile_score_model,0.195323,0.053474
2017-09-29,PG,top_quintile_score_model,0.153627,-0.06193
2017-09-29,RTX,top_quintile_score_model,0.168841,-3.5e-05
2017-09-29,T,top_quintile_score_model,0.109834,-0.144069
2017-09-29,USB,top_quintile_score_model,0.118308,-0.009932
2017-10-31,AAPL,top_quintile_score_model,0.146498,-0.015414
2017-10-31,AMGN,top_quintile_score_model,0.202189,-0.031967
2017-10-31,BKNG,top_quintile_score_model,0.205229,-0.114463
2017-10-31,CL,top_quintile_score_model,0.122037,0.000522
2017-10-31,DE,top_quintile_score_model,0.216558,0.095476
2017-10-31,GD,top_quintile_score_model,0.1844,-0.015759
2017-10-31,IBM,top_quintile_score_model,0.121087,-0.01497
2017-10-31,KO,top_quintile_score_model,0.092827,-0.032061
2017-10-31,MDLZ,top_quintile_score_model,0.114388,0.014825
2017-10-31,NFLX,top_quintile_score_model,0.408444,-0.063774
2017-10-31,PFE,top_quintile_score_model,0.168261,0.020617
2017-10-31,ROP,top_quintile_score_model,0.168993,-0.005857
2017-10-31,SYK,top_quintile_score_model,0.205783,-0.026593
2017-10-31,UPS,top_quintile_score_model,0.159052,-0.001249
2017-10-31,ZTS,top_quintile_score_model,0.161228,0.102165
2017-11-30,AMD,top_quintile_score_model,0.627694,-0.068143
2017-11-30,BAC,top_quintile_score_model,0.236905,0.035795
2017-11-30,CI,top_quintile_score_model,0.217602,-0.052935
2017-11-30,CVX,top_quintile_score_model,0.166026,0.039977
2017-11-30,FDX,top_quintile_score_model,0.140276,0.068242
2017-11-30,HON,top_quintile_score_model,0.106357,-0.028799
2017-11-30,KLAC,top_quintile_score_model,0.370751,0.015552
2017-11-30,MCO,top_quintile_score_model,0.193893,-0.039859
2017-11-30,NEE,top_quintile_score_model,0.147859,-0.023834
2017-11-30,PEP,top_quintile_score_model,0.08407,0.017051
2017-11-30,REGN,top_quintile_score_model,0.25151,0.026837
2017-11-30,SPGI,top_quintile_score_model,0.168916,0.01156
2017-11-30,UNP,top_quintile_score_model,0.146172,0.047951
2017-11-30,XOM,top_quintile_score_model,0.099282,-0.007926
2017-12-29,AMAT,top_quintile_score_model,0.441654,-0.011625
2017-12-29,BA,top_quintile_score_model,0.301714,0.089294
2017-12-29,CDNS,top_quintile_score_model,0.335106,-0.004185
2017-12-29,CVS,top_quintile_score_model,0.241473,0.057109
2017-12-29,ETN,top_quintile_score_model,0.095541,0.016688
2017-12-29,HD,top_quintile_score_model,0.161584,0.008957
2017-12-29,JPM,top_quintile_score_model,0.201579,0.026171
2017-12-29,MCD,top_quintile_score_model,0.159341,-0.053743
2017-12-29,MU,top_quintile_score_model,0.79286,-0.042459
2017-12-29,PANW,top_quintile_score_model,0.252603,0.009641
2017-12-29,QCOM,top_quintile_score_model,0.545958,-0.009443
2017-12-29,SO,top_quintile_score_model,0.185826,-0.124248
2017-12-29,UNH,top_quintile_score_model,0.274841,0.017602
2017-12-29,WMT,top_quintile_score_model,0.370228,0.035102
2018-01-31,ADP,top_quintile_score_model,0.126222,-0.02922
2018-01-31,AXP,top_quintile_score_model,0.155284,0.007515
2018-01-31,CB,top_quintile_score_model,0.127104,-0.054271
2018-01-31,CSCO,top_quintile_score_model,0.208838,0.104778
2018-01-31,EQIX,top_quintile_score_model,0.200977,-0.096008
2018-01-31,HCA,top_quintile_score_model,0.240298,0.03667
2018-01-31,JNJ,top_quintile_score_model,0.182218,-0.022679
2018-01-31,MAR,top_quintile_score_model,0.17997,-0.013966
2018-01-31,MSFT,top_quintile_score_model,0.164474,0.032229
2018-01-31,ORLY,top_quintile_score_model,0.292508,-0.03059
2018-01-31,PYPL,top_quintile_score_model,0.262695,-0.027921
2018-01-31,SNPS,top_quintile_score_model,0.182837,-0.036875
2018-01-31,TXN,top_quintile_score_model,0.323551,0.021741
2018-01-31,WM,top_quintile_score_model,0.149924,0.015542
2018-02-28,ADI,top_quintile_score_model,0.192139,0.042208
2018-02-28,AVGO,top_quintile_score_model,0.182797,0.014071
2018-02-28,CAT,top_quintile_score_model,0.279741,-0.021561
2018-02-28,CRM,top_quintile_score_model,0.165902,0.010692
2018-02-28,EOG,top_quintile_score_model,0.291903,0.063345
2018-02-28,GS,top_quintile_score_model,0.219687,-0.011891
2018-02-28,ITW,top_quintile_score_model,0.19639,-0.002471
2018-02-28,MA,top_quintile_score_model,0.173002,0.0089
2018-02-28,MS,top_quintile_score_model,0.213438,-0.015834
2018-02-28,ORCL,top_quintile_score_model,0.168048,-0.072614
2018-02-28,PNC,top_quintile_score_model,0.199473,-0.012393
2018-02-28,SLB,top_quintile_score_model,0.267141,0.002661
2018-02-28,TSLA,top_quintile_score_model,0.29908,-0.208905
2018-02-28,WFC,top_quintile_score_model,0.313603,-0.078963
2018-03-29,ADBE,top_quintile_score_model,0.268263,0.013976
2018-03-29,APH,top_quintile_score_model,0.163066,-0.034438
2018-03-29,C,top_quintile_score_model,0.217434,0.009116
2018-03-29,COST,top_quintile_score_model,0.143025,0.030294
2018-03-29,EMR,top_quintile_score_model,0.180736,-0.019986
2018-03-29,GOOGL,top_quintile_score_model,0.273758,-0.018444
2018-03-29,ISRG,top_quintile_score_model,0.265339,0.069884
2018-03-29,LOW,top_quintile_score_model,0.241672,-0.051018
2018-03-29,MRK,top_quintile_score_model,0.128646,0.078835
2018-03-29,NVDA,top_quintile_score_model,0.491447,-0.035671
2018-03-29,PM,top_quintile_score_model,0.167985,-0.182375
2018-03-29,SHW,top_quintile_score_model,0.147316,-0.056261
2018-03-29,TMO,top_quintile_score_model,0.182866,0.017943
2018-03-29,VZ,top_quintile_score_model,0.126354,0.07903
2018-04-30,ACN,top_quintile_score_model,0.210993,-0.001574
2018-04-30,APD,top_quintile_score_model,0.172277,-0.020069
2018-04-30,BSX,top_quintile_score_model,0.173599,0.034482
2018-04-30,COP,top_quintile_score_model,0.185595,-0.009703
2018-04-30,ELV,top_quintile_score_model,0.154345,-0.045441
2018-04-30,GOOG,top_quintile_score_model,0.250399,0.025207
2018-04-30,INTU,top_quintile_score_model,0.193698,0.047401
2018-04-30,LMT,top_quintile_score_model,0.236904,-0.028395
2018-04-30,MO,top_quintile_score_model,0.219379,-0.023823
2018-04-30,NOW,top_quintile_score_model,0.335585,0.044103
2018-04-30,PLD,top_quintile_score_model,0.166066,-0.026294
2018-04-30,SCHW,top_quintile_score_model,0.246747,-0.025059
2018-04-30,TJX,top_quintile_score_model,0.16811,0.029202
2018-04-30,VRTX,top_quintile_score_model,0.293346,-0.00347
2018-05-31,ABT,top_quintile_score_model,0.184882,-0.008531
2018-05-31,AON,top_quintile_score_model,0.173645,-0.030687
2018-05-31,BMY,top_quintile_score_model,0.172903,0.046626
2018-05-31,CMG,top_quintile_score_model,0.44556,-0.008536
2018-05-31,DUK,top_quintile_score_model,0.146162,0.022522
2018-05-31,GILD,top_quintile_score_model,0.223305,0.047576
2018-05-31,INTC,top_quintile_score_model,0.293689,-0.112095
2018-05-31,LLY,top_quintile_score_model,0.142409,0.000986
2018-05-31,META,top_quintile_score_model,0.224638,0.018898
2018-05-31,NOC,top_quintile_score_model,0.191922,-0.060524
2018-05-31,PH,top_quintile_score_model,0.246377,-0.098337
2018-05-31,SBUX,top_quintile_score_model,0.185252,-0.147767
2018-05-31,TDG,top_quintile_score_model,0.196586,0.003806
2018-05-31,V,top_quintile_score_model,0.187251,0.011147
2018-06-29,ABBV,top_quintile_score_model,0.265817,-0.034831
2018-06-29,AMZN,top_quintile_score_model,0.235797,0.014764
2018-06-29,BLK,top_quintile_score_model,0.205452,-0.029675
2018-06-29,CME,top_quintile_score_model,0.170684,-0.048492
2018-06-29,DIS,top_quintile_score_model,0.135049,0.05129
2018-06-29,GE,top_quintile_score_model,0.327961,-0.065024
2018-06-29,ICE,top_quintile_score_model,0.151763,-0.021898
2018-06-29,LIN,top_quintile_score_model,0.191971,0.013504
2018-06-29,MDT,top_quintile_score_model,0.191424,0.014659
2018-06-29,NKE,top_quintile_score_model,0.171601,-0.078646
2018-06-29,PG,top_quintile_score_model,0.120709,0.00478
2018-06-29,RTX,top_quintile_score_model,0.13357,0.032585
2018-06-29,T,top_quintile_score_model,0.202896,-0.01478
2018-06-29,USB,top_quintile_score_model,0.143086,0.027216
2018-07-31,AAPL,top_quintile_score_model,0.20969,0.12807
2018-07-31,AMGN,top_quintile_score_model,0.175506,-0.013124
2018-07-31,BKNG,top_quintile_score_model,0.183248,-0.078588
2018-07-31,CL,top_quintile_score_model,0.140477,-0.033966
2018-07-31,DE,top_quintile_score_model,0.262784,-0.018723
2018-07-31,GD,top_quintile_score_model,0.154085,-0.051258
2018-07-31,IBM,top_quintile_score_model,0.141055,-0.008152
2018-07-31,KO,top_quintile_score_model,0.126595,-0.057554
2018-07-31,MDLZ,top_quintile_score_model,0.163512,-0.056582
2018-07-31,NFLX,top_quintile_score_model,0.535173,0.061451
2018-07-31,PFE,top_quintile_score_model,0.119607,0.017635
2018-07-31,ROP,top_quintile_score_model,0.159427,-0.041298
2018-07-31,SYK,top_quintile_score_model,0.237232,0.01014
2018-07-31,UPS,top_quintile_score_model,0.139749,0.001073
2018-07-31,ZTS,top_quintile_score_model,0.191752,0.004966
2018-08-31,AMD,top_quintile_score_model,0.377583,0.238871
2018-08-31,BAC,top_quintile_score_model,0.204445,-0.04619
2018-08-31,CI,top_quintile_score_model,0.192233,0.110502
2018-08-31,CVX,top_quintile_score_model,0.232414,0.040619
2018-08-31,FDX,top_quintile_score_model,0.205104,-0.023316
2018-08-31,HON,top_quintile_score_model,0.172645,0.048467
2018-08-31,KLAC,top_quintile_score_model,0.27125,-0.142389
2018-08-31,MCO,top_quintile_score_model,0.175739,-0.056963
2018-08-31,NEE,top_quintile_score_model,0.176554,-0.027724
2018-08-31,PEP,top_quintile_score_model,0.226046,-0.012871
2018-08-31,REGN,top_quintile_score_model,0.279422,-0.040221
2018-08-31,SPGI,top_quintile_score_model,0.150046,-0.04634
2018-08-31,UNP,top_quintile_score_model,0.182538,0.081384
2018-08-31,XOM,top_quintile_score_model,0.179915,0.06091
2018-09-28,AMAT,top_quintile_score_model,0.335009,-0.075408
2018-09-28,BA,top_quintile_score_model,0.173601,0.053374
2018-09-28,CDNS,top_quintile_score_model,0.200656,0.091748
2018-09-28,CVS,top_quintile_score_model,0.218725,-0.015756
2018-09-28,ETN,top_quintile_score_model,0.189561,-0.082387
2018-09-28,HD,top_quintile_score_model,0.151773,-0.081238
2018-09-28,JPM,top_quintile_score_model,0.206619,0.010273
2018-09-28,MCD,top_quintile_score_model,0.15344,0.1235
2018-09-28,MU,top_quintile_score_model,0.468362,-0.129998
2018-09-28,PANW,top_quintile_score_model,0.284147,-0.089571
2018-09-28,QCOM,top_quintile_score_model,0.234867,-0.045248
2018-09-28,SO,top_quintile_score_model,0.20643,0.116234
2018-09-28,UNH,top_quintile_score_model,0.183143,0.057791
2018-09-28,WMT,top_quintile_score_model,0.212257,0.140897
2018-10-31,ADP,top_quintile_score_model,0.208861,-9.4e-05
2018-10-31,AXP,top_quintile_score_model,0.173769,0.071141
2018-10-31,CB,top_quintile_score_model,0.144269,0.062075
2018-10-31,CSCO,top_quintile_score_model,0.202716,0.022376
2018-10-31,EQIX,top_quintile_score_model,0.185725,0.007773
2018-10-31,HCA,top_quintile_score_model,0.198186,0.069776
2018-10-31,JNJ,top_quintile_score_model,0.151183,0.036117
2018-10-31,MAR,top_quintile_score_model,0.172169,0.03365
2018-10-31,MSFT,top_quintile_score_model,0.218172,0.023723
2018-10-31,ORLY,top_quintile_score_model,0.218451,0.093935
2018-10-31,PYPL,top_quintile_score_model,0.261676,-0.011547
2018-10-31,SNPS,top_quintile_score_model,0.212478,-0.01249
2018-10-31,TXN,top_quintile_score_model,0.21724,0.037174
2018-10-31,WM,top_quintile_score_model,0.130866,0.029165
2018-11-30,ADI,top_quintile_score_model,0.185317,0.021826
2018-11-30,AVGO,top_quintile_score_model,0.28592,0.166167
2018-11-30,CAT,top_quintile_score_model,0.221315,0.018625
2018-11-30,CRM,top_quintile_score_model,0.296064,0.036596
2018-11-30,EOG,top_quintile_score_model,0.260203,-0.035831
2018-11-30,GS,top_quintile_score_model,0.280711,-0.010755
2018-11-30,ITW,top_quintile_score_model,0.165447,0.004851
2018-11-30,MA,top_quintile_score_model,0.236469,0.030751
2018-11-30,MS,top_quintile_score_model,0.206069,-0.002785
2018-11-30,ORCL,top_quintile_score_model,0.193032,0.0145
2018-11-30,PNC,top_quintile_score_model,0.163804,-0.037882
2018-11-30,SLB,top_quintile_score_model,0.21374,-0.079062
2018-11-30,TSLA,top_quintile_score_model,0.494777,-0.028056
2018-11-30,WFC,top_quintile_score_model,0.144792,-0.048125
2018-12-31,ADBE,top_quintile_score_model,0.302194,0.001959
2018-12-31,APH,top_quintile_score_model,0.169384,0.018081
2018-12-31,C,top_quintile_score_model,0.208024,0.162914
2018-12-31,COST,top_quintile_score_model,0.236674,-0.033158
2018-12-31,EMR,top_quintile_score_model,0.184003,0.028752
2018-12-31,GOOGL,top_quintile_score_model,0.186876,-0.019914
2018-12-31,ISRG,top_quintile_score_model,0.255142,-0.00894
2018-12-31,LOW,top_quintile_score_model,0.140908,-0.028693
2018-12-31,MRK,top_quintile_score_model,0.173181,-0.110448
2018-12-31,NVDA,top_quintile_score_model,0.511176,-0.041524
2018-12-31,PM,top_quintile_score_model,0.289675,0.044976
2018-12-31,SHW,top_quintile_score_model,0.170364,-0.040748
2018-12-31,TMO,top_quintile_score_model,0.201645,0.024382
2018-12-31,VZ,top_quintile_score_model,0.195352,-0.100126
2019-01-31,ACN,top_quintile_score_model,0.193102,0.030497
2019-01-31,APD,top_quintile_score_model,0.175669,0.056703
2019-01-31,BSX,top_quintile_score_model,0.245949,0.02929
2019-01-31,COP,top_quintile_score_model,0.20148,-0.015919
2019-01-31,ELV,top_quintile_score_model,0.171256,-0.023416
2019-01-31,GOOG,top_quintile_score_model,0.203386,-0.016809
2019-01-31,INTU,top_quintile_score_model,0.22201,0.12141
2019-01-31,LMT,top_quintile_score_model,0.178962,0.037114
2019-01-31,MO,top_quintile_score_model,0.17423,0.030034
2019-01-31,NOW,top_quintile_score_model,0.303786,0.067946
2019-01-31,PLD,top_quintile_score_model,0.144544,-0.028452
2019-01-31,SCHW,top_quintile_score_model,0.184299,-0.034284
2019-01-31,TJX,top_quintile_score_model,0.150698,0.011303
2019-01-31,VRTX,top_quintile_score_model,0.207942,-0.032315
2019-02-28,ABT,top_quintile_score_model,0.212994,0.011726
2019-02-28,AON,top_quintile_score_model,0.147451,-0.025479
2019-02-28,BMY,top_quintile_score_model,0.264478,-0.085666
2019-02-28,CMG,top_quintile_score_model,0.198712,0.144617
2019-02-28,DUK,top_quintile_score_model,0.158583,-0.014845
2019-02-28,GILD,top_quintile_score_model,0.222359,-0.0227
2019-02-28,INTC,top_quintile_score_model,0.238483,-0.008889
2019-02-28,LLY,top_quintile_score_model,0.178659,0.009341
2019-02-28,META,top_quintile_score_model,0.267704,0.013674
2019-02-28,NOC,top_quintile_score_model,0.188688,-0.090905
2019-02-28,PH,top_quintile_score_model,0.18586,-0.049187
2019-02-28,SBUX,top_quintile_score_model,0.201434,0.040941
2019-02-28,TDG,top_quintile_score_model,0.200708,0.022972
2019-02-28,V,top_quintile_score_model,0.188504,0.0325
2019-03-29,ABBV,top_quintile_score_model,0.21093,-0.030709
2019-03-29,AMZN,top_quintile_score_model,0.234825,0.048225
2019-03-29,BLK,top_quintile_score_model,0.184634,0.082453
2019-03-29,CME,top_quintile_score_model,0.204283,0.038363
2019-03-29,DIS,top_quintile_score_model,0.177276,0.214294
2019-03-29,GE,top_quintile_score_model,0.456074,-0.066348
2019-03-29,ICE,top_quintile_score_model,0.16859,0.03257
2019-03-29,LIN,top_quintile_score_model,0.170372,-0.033671
2019-03-29,MDT,top_quintile_score_model,0.192409,-0.080287
2019-03-29,NKE,top_quintile_score_model,0.213632,0.007772
2019-03-29,PG,top_quintile_score_model,0.146866,-0.026197
2019-03-29,RTX,top_quintile_score_model,0.180897,0.062324
2019-03-29,T,top_quintile_score_model,0.184821,-0.034663
2019-03-29,USB,top_quintile_score_model,0.206813,0.059492
2019-04-30,AAPL,top_quintile_score_model,0.192724,-0.059089
2019-04-30,AMGN,top_quintile_score_model,0.223831,0.005143
2019-04-30,BKNG,top_quintile_score_model,0.252263,-0.037576
2019-04-30,CL,top_quintile_score_model,0.128814,0.014826
2019-04-30,DE,top_quintile_score_model,0.201681,-0.094352
2019-04-30,GD,top_quintile_score_model,0.180607,-0.038252
2019-04-30,IBM,top_quintile_score_model,0.180086,-0.010876
2019-04-30,KO,top_quintile_score_model,0.18454,0.044395
2019-04-30,MDLZ,top_quintile_score_model,0.157253,0.059664
2019-04-30,NFLX,top_quintile_score_model,0.271317,-0.004051
2019-04-30,PFE,top_quintile_score_model,0.19942,0.090013
2019-04-30,ROP,top_quintile_score_model,0.16714,0.013701
2019-04-30,SYK,top_quintile_score_model,0.263044,0.013707
2019-04-30,UPS,top_quintile_score_model,0.273291,-0.045692
2019-04-30,ZTS,top_quintile_score_model,0.204074,0.046793
2019-05-31,AMD,top_quintile_score_model,0.421743,0.038403
2019-05-31,BAC,top_quintile_score_model,0.224119,0.02653
2019-05-31,CI,top_quintile_score_model,0.233085,-0.005203
2019-05-31,CVX,top_quintile_score_model,0.186944,0.023431
2019-05-31,FDX,top_quintile_score_model,0.259383,-0.001231
2019-05-31,HON,top_quintile_score_model,0.157621,-0.007022
2019-05-31,KLAC,top_quintile_score_model,0.273133,0.077206
2019-05-31,MCO,top_quintile_score_model,0.197856,-0.001618
2019-05-31,NEE,top_quintile_score_model,0.1357,-0.036036
2019-05-31,PEP,top_quintile_score_model,0.14258,-0.037633
2019-05-31,REGN,top_quintile_score_model,0.287718,-0.032201
2019-05-31,SPGI,top_quintile_score_model,0.166822,-0.00455
2019-05-31,UNP,top_quintile_score_model,0.178399,-0.055616
2019-05-31,XOM,top_quintile_score_model,0.178107,0.013217
2019-06-28,AMAT,top_quintile_score_model,0.256229,0.099383
2019-06-28,BA,top_quintile_score_model,0.250314,-0.094256
2019-06-28,CDNS,top_quintile_score_model,0.260149,0.049364
2019-06-28,CVS,top_quintile_score_model,0.191799,0.012867
2019-06-28,ETN,top_quintile_score_model,0.176922,-0.05541
2019-06-28,HD,top_quintile_score_model,0.153759,0.019547
2019-06-28,JPM,top_quintile_score_model,0.204753,0.014688
2019-06-28,MCD,top_quintile_score_model,0.128389,0.006377
2019-06-28,MU,top_quintile_score_model,0.258963,0.184394
2019-06-28,PANW,top_quintile_score_model,0.291754,0.078557
2019-06-28,QCOM,top_quintile_score_model,0.568721,-0.043334
2019-06-28,SO,top_quintile_score_model,0.147796,-0.013859
2019-06-28,UNH,top_quintile_score_model,0.219171,0.01133
2019-06-28,WMT,top_quintile_score_model,0.139982,-0.012763
2019-07-31,ADP,top_quintile_score_model,0.186465,0.032916
2019-07-31,AXP,top_quintile_score_model,0.188311,-0.013741
2019-07-31,CB,top_quintile_score_model,0.158122,0.05593
2019-07-31,CSCO,top_quintile_score_model,0.241826,-0.125259
2019-07-31,EQIX,top_quintile_score_model,0.233231,0.136044
2019-07-31,HCA,top_quintile_score_model,0.273761,-0.079594
2019-07-31,JNJ,top_quintile_score_model,0.202066,0.024291
2019-07-31,MAR,top_quintile_score_model,0.21671,-0.066627
2019-07-31,MSFT,top_quintile_score_model,0.217693,0.026815
2019-07-31,ORLY,top_quintile_score_model,0.212452,0.036486
2019-07-31,PYPL,top_quintile_score_model,0.278673,0.002172
2019-07-31,SNPS,top_quintile_score_model,0.25559,0.058767
2019-07-31,TXN,top_quintile_score_model,0.205754,0.010554
2019-07-31,WM,top_quintile_score_model,0.162752,0.039396
2019-08-30,ADI,top_quintile_score_model,0.2615,-0.002158
2019-08-30,AVGO,top_quintile_score_model,0.279421,-0.033715
2019-08-30,CAT,top_quintile_score_model,0.219913,0.041971
2019-08-30,CRM,top_quintile_score_model,0.209835,-0.068346
2019-08-30,EOG,top_quintile_score_model,0.312145,-0.019054
2019-08-30,GS,top_quintile_score_model,0.217345,-0.003176
2019-08-30,ITW,top_quintile_score_model,0.190384,0.032028
2019-08-30,MA,top_quintile_score_model,0.19742,-0.054288
2019-08-30,MS,top_quintile_score_model,0.205579,0.008982
2019-08-30,ORCL,top_quintile_score_model,0.233896,0.037592
2019-08-30,PNC,top_quintile_score_model,0.218379,0.067644
2019-08-30,SLB,top_quintile_score_model,0.320378,0.050696
2019-08-30,TSLA,top_quintile_score_model,0.478008,0.048181
2019-08-30,VZ,top_quintile_score_model,0.133759,0.018369
2019-09-30,ACN,top_quintile_score_model,0.19432,-0.067204
2019-09-30,APD,top_quintile_score_model,0.181018,-0.06879
2019-09-30,BSX,top_quintile_score_model,0.248921,-0.000377
2019-09-30,COP,top_quintile_score_model,0.204176,-0.037428
2019-09-30,ELV,top_quintile_score_model,0.273335,0.092824
2019-09-30,GOOG,top_quintile_score_model,0.226017,0.036241
2019-09-30,INTU,top_quintile_score_model,0.240122,-0.047588
2019-09-30,LMT,top_quintile_score_model,0.153834,-0.068715
2019-09-30,MO,top_quintile_score_model,0.213919,0.102446
2019-09-30,NOW,top_quintile_score_model,0.25196,-0.058049
2019-09-30,PLD,top_quintile_score_model,0.167266,-0.014142
2019-09-30,SCHW,top_quintile_score_model,0.199966,-0.030371
2019-09-30,TJX,top_quintile_score_model,0.204553,0.024641
2019-09-30,V,top_quintile_score_model,0.229948,0.023517
2019-10-31,ABBV,top_quintile_score_model,0.147183,0.06663
2019-10-31,AMZN,top_quintile_score_model,0.16974,-0.022611
2019-10-31,BLK,top_quintile_score_model,0.175212,0.035731
2019-10-31,CME,top_quintile_score_model,0.235425,-0.050876
2019-10-31,DIS,top_quintile_score_model,0.182343,0.13052
2019-10-31,GE,top_quintile_score_model,0.263912,0.09306
2019-10-31,ICE,top_quintile_score_model,0.18529,-0.037789
2019-10-31,LIN,top_quintile_score_model,0.161737,0.003428
2019-10-31,MDT,top_quintile_score_model,0.173573,-0.013334
2019-10-31,NKE,top_quintile_score_model,0.229074,0.010523
2019-10-31,PG,top_quintile_score_model,0.177506,-0.055876
2019-10-31,RTX,top_quintile_score_model,0.17662,0.002099
2019-10-31,T,top_quintile_score_model,0.173786,-0.065037
2019-10-31,UPS,top_quintile_score_model,0.200676,0.011501
2019-10-31,ZTS,top_quintile_score_model,0.232825,-0.094047
2019-11-29,AMD,top_quintile_score_model,0.19188,0.136146
2019-11-29,BAC,top_quintile_score_model,0.190566,0.03412
2019-11-29,CI,top_quintile_score_model,0.183158,-0.011305
2019-11-29,CVX,top_quintile_score_model,0.197588,-0.00334
2019-11-29,FDX,top_quintile_score_model,0.348832,-0.084502
2019-11-29,HON,top_quintile_score_model,0.171411,-0.038491
2019-11-29,KLAC,top_quintile_score_model,0.389165,0.061989
2019-11-29,MCO,top_quintile_score_model,0.196724,0.021923
2019-11-29,NEE,top_quintile_score_model,0.177081,0.005386
2019-11-29,PEP,top_quintile_score_model,0.154075,-0.012292
2019-11-29,REGN,top_quintile_score_model,0.166355,-0.013824
2019-11-29,SPGI,top_quintile_score_model,0.197227,0.000984
2019-11-29,UNH,top_quintile_score_model,0.155333,0.027427
2019-11-29,WMT,top_quintile_score_model,0.153088,-0.019461
2019-12-31,ADP,top_quintile_score_model,0.176437,0.008369
2019-12-31,AXP,top_quintile_score_model,0.172166,0.055753
2019-12-31,CB,top_quintile_score_model,0.166923,-0.027848
2019-12-31,CSCO,top_quintile_score_model,0.214132,-0.025854
2019-12-31,EQIX,top_quintile_score_model,0.179871,0.014982
2019-12-31,HCA,top_quintile_score_model,0.182103,-0.04758
2019-12-31,JNJ,top_quintile_score_model,0.176979,0.012698
2019-12-31,MAR,top_quintile_score_model,0.144364,-0.071705
2019-12-31,MSFT,top_quintile_score_model,0.151963,0.077542
2019-12-31,ORLY,top_quintile_score_model,0.224351,-0.060021
2019-12-31,PYPL,top_quintile_score_model,0.255475,0.064657
2019-12-31,SNPS,top_quintile_score_model,0.252271,0.065394
2019-12-31,TXN,top_quintile_score_model,0.219852,-0.041243
2019-12-31,WFC,top_quintile_score_model,0.19682,-0.127562
2020-01-31,ADBE,top_quintile_score_model,0.174833,0.065317
2020-01-31,APH,top_quintile_score_model,0.186773,-0.006354
2020-01-31,C,top_quintile_score_model,0.211282,-0.052366
2020-01-31,COST,top_quintile_score_model,0.135615,0.05327
2020-01-31,EMR,top_quintile_score_model,0.200327,-0.028943
2020-01-31,GOOGL,top_quintile_score_model,0.16028,0.006861
2020-01-31,ISRG,top_quintile_score_model,0.232071,0.03802
2020-01-31,LOW,top_quintile_score_model,0.187882,-0.005447
2020-01-31,MRK,top_quintile_score_model,0.187037,-0.008348
2020-01-31,NVDA,top_quintile_score_model,0.272136,0.209171
2020-01-31,PM,top_quintile_score_model,0.181521,0.066736
2020-01-31,SHW,top_quintile_score_model,0.194124,0.00824
2020-01-31,TMO,top_quintile_score_model,0.198573,0.01301
2020-01-31,VRTX,top_quintile_score_model,0.204945,0.062367
2020-02-28,ABT,top_quintile_score_model,0.176661,0.107507
2020-02-28,AON,top_quintile_score_model,0.145106,-0.065138
2020-02-28,BMY,top_quintile_score_model,0.185595,0.03341
2020-02-28,CMG,top_quintile_score_model,0.255347,-0.039529
2020-02-28,DUK,top_quintile_score_model,0.143535,0.014055
2020-02-28,GILD,top_quintile_score_model,0.161408,0.199671
2020-02-28,INTC,top_quintile_score_model,0.258969,0.082837
2020-02-28,LLY,top_quintile_score_model,0.175535,0.202841
2020-02-28,META,top_quintile_score_model,0.229281,-0.045807
2020-02-28,NOC,top_quintile_score_model,0.194052,0.088819
2020-02-28,PH,top_quintile_score_model,0.213204,-0.204043
2020-02-28,SBUX,top_quintile_score_model,0.181034,-0.014577
2020-02-28,TDG,top_quintile_score_model,0.197328,-0.20965
2020-02-28,USB,top_quintile_score_model,0.192513,-0.090186
2020-03-31,AAPL,top_quintile_score_model,0.189319,-0.006072
2020-03-31,AMGN,top_quintile_score_model,0.137734,0.025006
2020-03-31,BKNG,top_quintile_score_model,0.193886,-0.007339
2020-03-31,CL,top_quintile_score_model,0.162608,-0.073887
2020-03-31,DE,top_quintile_score_model,0.181269,-0.072867
2020-03-31,GD,top_quintile_score_model,0.182412,-0.096251
2020-03-31,IBM,top_quintile_score_model,0.183052,0.022525
2020-03-31,KO,top_quintile_score_model,0.167016,-0.072717
2020-03-31,MDLZ,top_quintile_score_model,0.159691,-0.118207
2020-03-31,NFLX,top_quintile_score_model,0.163952,-0.040665
2020-03-31,PFE,top_quintile_score_model,0.13988,0.030317
2020-03-31,ROP,top_quintile_score_model,0.195848,-0.043062
2020-03-31,SYK,top_quintile_score_model,0.195921,0.019732
2020-03-31,UNP,top_quintile_score_model,0.183995,0.01848
2020-03-31,XOM,top_quintile_score_model,0.205337,0.112359
2020-04-30,AMAT,top_quintile_score_model,0.325907,0.087695
2020-04-30,BA,top_quintile_score_model,0.557841,-0.013395
2020-04-30,CDNS,top_quintile_score_model,0.171862,0.077586
2020-04-30,CVS,top_quintile_score_model,0.175733,0.017668
2020-04-30,ETN,top_quintile_score_model,0.253913,-0.029919
2020-04-30,HD,top_quintile_score_model,0.214943,0.082683
2020-04-30,JPM,top_quintile_score_model,0.256096,-0.031459
2020-04-30,MCD,top_quintile_score_model,0.195853,-0.047633
2020-04-30,MU,top_quintile_score_model,0.258253,-0.047227
2020-04-30,PANW,top_quintile_score_model,0.156544,0.149597
2020-04-30,QCOM,top_quintile_score_model,0.204361,-0.019553
2020-04-30,SO,top_quintile_score_model,0.234269,-0.029753
2020-04-30,UBER,top_quintile_score_model,0.326014,0.152223
2020-04-30,WM,top_quintile_score_model,0.168123,0.019642
2020-05-29,ADI,top_quintile_score_model,0.221619,0.053252
2020-05-29,AVGO,top_quintile_score_model,0.242825,0.075978
2020-05-29,CAT,top_quintile_score_model,0.204733,0.028505
2020-05-29,CRM,top_quintile_score_model,0.186574,0.057636
2020-05-29,EOG,top_quintile_score_model,0.265735,-0.033666
2020-05-29,GS,top_quintile_score_model,0.201632,-0.027459
2020-05-29,ITW,top_quintile_score_model,0.185426,-0.017212
2020-05-29,MA,top_quintile_score_model,0.188456,-0.028694
2020-05-29,MS,top_quintile_score_model,0.206068,0.074173
2020-05-29,ORCL,top_quintile_score_model,0.233769,0.017317
2020-05-29,PNC,top_quintile_score_model,0.220543,-0.105267
2020-05-29,SLB,top_quintile_score_model,0.260387,-0.039626
2020-05-29,TSLA,top_quintile_score_model,0.262475,0.159082
2020-05-29,VZ,top_quintile_score_model,0.154987,-0.063852
2020-06-30,ACN,top_quintile_score_model,0.167,-0.005535
2020-06-30,APD,top_quintile_score_model,0.176506,0.141912
2020-06-30,BSX,top_quintile_score_model,0.266845,0.079513
2020-06-30,COP,top_quintile_score_model,0.365083,-0.094156
2020-06-30,ELV,top_quintile_score_model,0.262605,0.0163
2020-06-30,GOOG,top_quintile_score_model,0.1779,0.022338
2020-06-30,INTU,top_quintile_score_model,0.189658,-0.032384
2020-06-30,LMT,top_quintile_score_model,0.202927,0.006976
2020-06-30,MO,top_quintile_score_model,0.162497,0.006285
2020-06-30,NOW,top_quintile_score_model,0.221875,0.046003
2020-06-30,PLD,top_quintile_score_model,0.217693,0.083224
2020-06-30,SCHW,top_quintile_score_model,0.284045,-0.044275
2020-06-30,TJX,top_quintile_score_model,0.246007,-0.014004
2020-06-30,V,top_quintile_score_model,0.180844,-0.026346
2020-07-31,ABBV,top_quintile_score_model,0.164399,-0.081483
2020-07-31,AMZN,top_quintile_score_model,0.162044,0.001241
2020-07-31,BLK,top_quintile_score_model,0.19794,-0.028383
2020-07-31,CME,top_quintile_score_model,0.196896,-0.008395
2020-07-31,DIS,top_quintile_score_model,0.23183,0.08537
2020-07-31,GE,top_quintile_score_model,0.426393,0.015276
2020-07-31,ICE,top_quintile_score_model,0.157073,0.017035
2020-07-31,LIN,top_quintile_score_model,0.176385,-0.039171
2020-07-31,MDT,top_quintile_score_model,0.18052,0.044266
2020-07-31,NKE,top_quintile_score_model,0.224722,0.079257
2020-07-31,PG,top_quintile_score_model,0.118532,-0.015343
2020-07-31,RTX,top_quintile_score_model,0.319483,0.032582
2020-07-31,T,top_quintile_score_model,0.181051,-0.058135
2020-07-31,UPS,top_quintile_score_model,0.157357,0.070853
2020-07-31,ZTS,top_quintile_score_model,0.15828,-0.018834
2020-08-31,AMD,top_quintile_score_model,0.276894,-0.054961
2020-08-31,BAC,top_quintile_score_model,0.284052,-0.025415
2020-08-31,CI,top_quintile_score_model,0.231271,-0.028944
2020-08-31,CVX,top_quintile_score_model,0.268143,-0.098647
2020-08-31,FDX,top_quintile_score_model,0.223949,0.201096
2020-08-31,HON,top_quintile_score_model,0.194013,0.038405
2020-08-31,KLAC,top_quintile_score_model,0.254542,-0.012884
2020-08-31,MCO,top_quintile_score_model,0.196087,0.014446
2020-08-31,NEE,top_quintile_score_model,0.15594,0.058836
2020-08-31,PEP,top_quintile_score_model,0.144969,0.031023
2020-08-31,REGN,top_quintile_score_model,0.212862,-0.030031
2020-08-31,SPGI,top_quintile_score_model,0.192786,0.018924
2020-08-31,UNH,top_quintile_score_model,0.200532,0.021821
2020-08-31,WMT,top_quintile_score_model,0.138289,0.032371
2020-09-30,ADP,top_quintile_score_model,0.166153,0.136339
2020-09-30,AXP,top_quintile_score_model,0.203461,-0.057893
2020-09-30,CB,top_quintile_score_model,0.205073,0.121888
2020-09-30,CSCO,top_quintile_score_model,0.250507,-0.060488
2020-09-30,EQIX,top_quintile_score_model,0.174853,0.019234
2020-09-30,HCA,top_quintile_score_model,0.338284,0.039573
2020-09-30,JNJ,top_quintile_score_model,0.144367,-0.046086
2020-09-30,MAR,top_quintile_score_model,0.313957,-0.003617
2020-09-30,MSFT,top_quintile_score_model,0.226794,-0.011797
2020-09-30,ORLY,top_quintile_score_model,0.17128,-0.01596
2020-09-30,PYPL,top_quintile_score_model,0.243467,0.000619
2020-09-30,SNPS,top_quintile_score_model,0.209765,0.04252
2020-09-30,TXN,top_quintile_score_model,0.167507,0.026045
2020-09-30,WFC,top_quintile_score_model,0.266141,-0.074532
2020-10-30,ADBE,top_quintile_score_model,0.299113,-0.038613
2020-10-30,APH,top_quintile_score_model,0.155557,0.050475
2020-10-30,C,top_quintile_score_model,0.242814,0.220775
2020-10-30,COST,top_quintile_score_model,0.142648,-0.013284
2020-10-30,EMR,top_quintile_score_model,0.196952,0.084948
2020-10-30,GOOGL,top_quintile_score_model,0.179432,-0.023207
2020-10-30,ISRG,top_quintile_score_model,0.22273,-0.020376
2020-10-30,LOW,top_quintile_score_model,0.202105,-0.123198
2020-10-30,MRK,top_quintile_score_model,0.153862,-0.039903
2020-10-30,NVDA,top_quintile_score_model,0.349311,-0.039565
2020-10-30,PM,top_quintile_score_model,0.187146,-0.042176
2020-10-30,SHW,top_quintile_score_model,0.151779,-0.020068
2020-10-30,TMO,top_quintile_score_model,0.131063,-0.125982
2020-10-30,VRTX,top_quintile_score_model,0.458499,-0.015717
2020-11-30,ABT,top_quintile_score_model,0.193904,-0.029319
2020-11-30,AON,top_quintile_score_model,0.180105,-0.020477
2020-11-30,BMY,top_quintile_score_model,0.179481,-0.046041
2020-11-30,CMG,top_quintile_score_model,0.199802,0.049374
2020-11-30,DUK,top_quintile_score_model,0.191033,-0.060554
2020-11-30,GILD,top_quintile_score_model,0.152552,-0.083027
2020-11-30,INTC,top_quintile_score_model,0.226504,-0.008826
2020-11-30,LLY,top_quintile_score_model,0.212235,0.113365
2020-11-30,META,top_quintile_score_model,0.2435,-0.031022
2020-11-30,NOC,top_quintile_score_model,0.175734,-0.034537
2020-11-30,PH,top_quintile_score_model,0.214434,-0.034564
2020-11-30,SBUX,top_quintile_score_model,0.168637,0.047301
2020-11-30,TDG,top_quintile_score_model,0.203611,0.019113
2020-11-30,USB,top_quintile_score_model,0.264228,0.037241
2020-12-31,AAPL,top_quintile_score_model,0.185699,0.004643
2020-12-31,AMGN,top_quintile_score_model,0.188872,0.039426
2020-12-31,BKNG,top_quintile_score_model,0.25662,-0.112608
2020-12-31,CL,top_quintile_score_model,0.154627,-0.082905
2020-12-31,DE,top_quintile_score_model,0.176674,0.079795
2020-12-31,GD,top_quintile_score_model,0.20614,-0.00681
2020-12-31,IBM,top_quintile_score_model,0.209991,-0.048707
2020-12-31,KO,top_quintile_score_model,0.151671,-0.122259
2020-12-31,MDLZ,top_quintile_score_model,0.14251,-0.061356
2020-12-31,NFLX,top_quintile_score_model,0.239066,-0.009411
2020-12-31,PFE,top_quintile_score_model,0.272351,-0.023143
2020-12-31,ROP,top_quintile_score_model,0.202615,-0.097238
2020-12-31,SYK,top_quintile_score_model,0.187749,-0.081783
2020-12-31,UNP,top_quintile_score_model,0.193047,-0.052486
2020-12-31,XOM,top_quintile_score_model,0.302522,0.083477
2021-01-29,AMAT,top_quintile_score_model,0.274218,0.214161
2021-01-29,BA,top_quintile_score_model,0.365075,0.102798
2021-01-29,CDNS,top_quintile_score_model,0.216185,0.078042
2021-01-29,CVS,top_quintile_score_model,0.218121,-0.085797
2021-01-29,ETN,top_quintile_score_model,0.209573,0.087807
2021-01-29,HD,top_quintile_score_model,0.148401,-0.08669
2021-01-29,JPM,top_quintile_score_model,0.211503,0.116939
2021-01-29,MCD,top_quintile_score_model,0.13777,-0.044582
2021-01-29,MU,top_quintile_score_model,0.232317,0.157962
2021-01-29,PANW,top_quintile_score_model,0.255403,-0.005278
2021-01-29,QCOM,top_quintile_score_model,0.260805,-0.160155
2021-01-29,SO,top_quintile_score_model,0.162574,-0.06172
2021-01-29,UBER,top_quintile_score_model,0.432734,0.015413
2021-01-29,WM,top_quintile_score_model,0.148383,-0.042299
2021-02-26,ADI,top_quintile_score_model,0.220095,-0.036198
2021-02-26,AVGO,top_quintile_score_model,0.228213,-0.010556
2021-02-26,CAT,top_quintile_score_model,0.17417,0.018614
2021-02-26,CRM,top_quintile_score_model,0.245573,-0.078703
2021-02-26,EOG,top_quintile_score_model,0.432543,0.115375
2021-02-26,GS,top_quintile_score_model,0.207656,-0.015692
2021-02-26,ITW,top_quintile_score_model,0.13791,0.081303
2021-02-26,MA,top_quintile_score_model,0.202023,-0.009744
2021-02-26,MS,top_quintile_score_model,0.215232,-0.004018
2021-02-26,ORCL,top_quintile_score_model,0.160788,0.044502
2021-02-26,PNC,top_quintile_score_model,0.195268,0.02276
2021-02-26,SLB,top_quintile_score_model,0.303202,-0.030144
2021-02-26,TSLA,top_quintile_score_model,0.580766,-0.128547
2021-02-26,VZ,top_quintile_score_model,0.142242,0.007603
2021-03-31,ACN,top_quintile_score_model,0.152372,0.002371
2021-03-31,APD,top_quintile_score_model,0.184991,-0.020918
2021-03-31,BSX,top_quintile_score_model,0.18788,0.081135
2021-03-31,COP,top_quintile_score_model,0.321833,-0.056854
2021-03-31,ELV,top_quintile_score_model,0.166478,0.00721
2021-03-31,GOOG,top_quintile_score_model,0.233727,0.114763
2021-03-31,INTU,top_quintile_score_model,0.259456,0.02807
2021-03-31,LMT,top_quintile_score_model,0.133581,-0.03051
2021-03-31,MO,top_quintile_score_model,0.145367,-0.149007
2021-03-31,NOW,top_quintile_score_model,0.326959,-0.050096
2021-03-31,PLD,top_quintile_score_model,0.167338,0.037013
2021-03-31,SCHW,top_quintile_score_model,0.251795,0.040309
2021-03-31,TJX,top_quintile_score_model,0.19366,0.019793
2021-03-31,V,top_quintile_score_model,0.201627,0.058815
2021-04-30,ABBV,top_quintile_score_model,0.173691,0.008681
2021-04-30,AMZN,top_quintile_score_model,0.162576,-0.077036
2021-04-30,BLK,top_quintile_score_model,0.162805,0.063909
2021-04-30,CME,top_quintile_score_model,0.212665,0.076458
2021-04-30,DIS,top_quintile_score_model,0.237882,-0.046185
2021-04-30,GE,top_quintile_score_model,0.329216,0.065081
2021-04-30,ICE,top_quintile_score_model,0.158002,-0.047599
2021-04-30,LIN,top_quintile_score_model,0.169156,0.045072
2021-04-30,MDT,top_quintile_score_model,0.146554,-0.039639
2021-04-30,NKE,top_quintile_score_model,0.218569,0.024465
2021-04-30,PG,top_quintile_score_model,0.142794,0.004152
2021-04-30,RTX,top_quintile_score_model,0.202975,0.065564
2021-04-30,T,top_quintile_score_model,0.143262,-0.069603
2021-04-30,UPS,top_quintile_score_model,0.146971,0.05116
2021-04-30,ZTS,top_quintile_score_model,0.164655,0.014528
2021-05-28,AMD,top_quintile_score_model,0.28998,0.066394
2021-05-28,BAC,top_quintile_score_model,0.201816,-0.036471
2021-05-28,CI,top_quintile_score_model,0.186895,-0.090005
2021-05-28,CVX,top_quintile_score_model,0.211511,-0.019092
2021-05-28,FDX,top_quintile_score_model,0.205944,-0.084841
2021-05-28,HON,top_quintile_score_model,0.175856,-0.082168
2021-05-28,KLAC,top_quintile_score_model,0.38146,-0.004072
2021-05-28,MCO,top_quintile_score_model,0.186051,0.069633
2021-05-28,NEE,top_quintile_score_model,0.211996,0.010766
2021-05-28,PEP,top_quintile_score_model,0.158381,-0.019841
2021-05-28,REGN,top_quintile_score_model,0.202001,0.059132
2021-05-28,SPGI,top_quintile_score_model,0.190401,0.061544
2021-05-28,UNH,top_quintile_score_model,0.174896,-0.042842
2021-05-28,WMT,top_quintile_score_model,0.151966,-0.048688
2021-06-30,ADP,top_quintile_score_model,0.189053,0.021993
2021-06-30,AXP,top_quintile_score_model,0.221573,0.013974
2021-06-30,CB,top_quintile_score_model,0.232003,0.024004
2021-06-30,CSCO,top_quintile_score_model,0.16365,0.016889
2021-06-30,EQIX,top_quintile_score_model,0.196274,-0.049621
2021-06-30,HCA,top_quintile_score_model,0.219634,0.169679
2021-06-30,JNJ,top_quintile_score_model,0.148163,0.01575
2021-06-30,MAR,top_quintile_score_model,0.244062,0.053799
2021-06-30,MSFT,top_quintile_score_model,0.17642,0.028174
2021-06-30,ORLY,top_quintile_score_model,0.154114,0.023766
2021-06-30,PYPL,top_quintile_score_model,0.221472,-0.057921
2021-06-30,SNPS,top_quintile_score_model,0.206527,0.005905
2021-06-30,TXN,top_quintile_score_model,0.222413,-0.036751
2021-06-30,WFC,top_quintile_score_model,0.32284,-0.002695
2021-07-30,ADBE,top_quintile_score_model,0.187552,0.032571
2021-07-30,APH,top_quintile_score_model,0.166611,0.031994
2021-07-30,C,top_quintile_score_model,0.25366,0.052642
2021-07-30,COST,top_quintile_score_model,0.155725,0.021212
2021-07-30,EMR,top_quintile_score_model,0.219558,0.016739
2021-07-30,GOOGL,top_quintile_score_model,0.181509,0.042089
2021-07-30,ISRG,top_quintile_score_model,0.172968,0.018676
2021-07-30,LOW,top_quintile_score_model,0.196613,0.041783
2021-07-30,MRK,top_quintile_score_model,0.167442,-0.034187
2021-07-30,NVDA,top_quintile_score_model,0.36322,0.134108
2021-07-30,PM,top_quintile_score_model,0.169155,-0.006691
2021-07-30,SHW,top_quintile_score_model,0.149262,0.015815
2021-07-30,TMO,top_quintile_score_model,0.169668,-0.011032
2021-07-30,VRTX,top_quintile_score_model,0.253799,-0.035007
2021-08-31,ABT,top_quintile_score_model,0.162673,-0.019872
2021-08-31,AON,top_quintile_score_model,0.195877,0.050112
2021-08-31,BMY,top_quintile_score_model,0.179518,-0.058521
2021-08-31,CMG,top_quintile_score_model,0.238547,0.004971
2021-08-31,DUK,top_quintile_score_model,0.16818,-0.025578
2021-08-31,GILD,top_quintile_score_model,0.161189,0.019351
2021-08-31,INTC,top_quintile_score_model,0.205688,0.024265
2021-08-31,LLY,top_quintile_score_model,0.289085,-0.073326
2021-08-31,META,top_quintile_score_model,0.225758,-0.070021
2021-08-31,NOC,top_quintile_score_model,0.175641,0.021972
2021-08-31,PH,top_quintile_score_model,0.224457,0.007572
2021-08-31,SBUX,top_quintile_score_model,0.193596,-0.010472
2021-08-31,TDG,top_quintile_score_model,0.240309,0.079304
2021-08-31,USB,top_quintile_score_model,0.245712,0.092872
2021-09-30,AAPL,top_quintile_score_model,0.222718,0.010237
2021-09-30,AMGN,top_quintile_score_model,0.1929,-0.093766
2021-09-30,BKNG,top_quintile_score_model,0.210796,-0.044448
2021-09-30,CL,top_quintile_score_model,0.161802,-0.044638
2021-09-30,DE,top_quintile_score_model,0.264094,-0.024334
2021-09-30,GD,top_quintile_score_model,0.165338,-0.028224
2021-09-30,IBM,top_quintile_score_model,0.157804,-0.162217
2021-09-30,KO,top_quintile_score_model,0.155223,4.3e-05
2021-09-30,MDLZ,top_quintile_score_model,0.164239,-0.020386
2021-09-30,NFLX,top_quintile_score_model,0.184763,0.036388
2021-09-30,PFE,top_quintile_score_model,0.277004,-0.064043
2021-09-30,ROP,top_quintile_score_model,0.166292,0.024007
2021-09-30,SYK,top_quintile_score_model,0.186164,-0.050098
2021-09-30,UNP,top_quintile_score_model,0.181447,0.168165
2021-09-30,XOM,top_quintile_score_model,0.197125,0.025339
2021-10-29,AMAT,top_quintile_score_model,0.298568,0.09676
2021-10-29,BA,top_quintile_score_model,0.244648,-0.052851
2021-10-29,CDNS,top_quintile_score_model,0.251606,0.066798
2021-10-29,CVS,top_quintile_score_model,0.178552,0.019041
2021-10-29,ETN,top_quintile_score_model,0.183894,0.008692
2021-10-29,HD,top_quintile_score_model,0.166581,0.082718
2021-10-29,JPM,top_quintile_score_model,0.203539,-0.062624
2021-10-29,MCD,top_quintile_score_model,0.140439,0.007695
2021-10-29,MU,top_quintile_score_model,0.273257,0.23495
2021-10-29,PANW,top_quintile_score_model,0.384689,0.071028
2021-10-29,QCOM,top_quintile_score_model,0.176756,0.369439
2021-10-29,SO,top_quintile_score_model,0.143582,0.007037
2021-10-29,UBER,top_quintile_score_model,0.355278,-0.10567
2021-10-29,WM,top_quintile_score_model,0.158226,0.029542
2021-11-30,ADI,top_quintile_score_model,0.210629,-0.07431
2021-11-30,AVGO,top_quintile_score_model,0.176997,0.170772
2021-11-30,CAT,top_quintile_score_model,0.208783,0.020505
2021-11-30,CRM,top_quintile_score_model,0.226166,-0.15855
2021-11-30,EOG,top_quintile_score_model,0.372694,0.004969
2021-11-30,GS,top_quintile_score_model,0.195733,-0.032774
2021-11-30,ITW,top_quintile_score_model,0.155316,0.01247
2021-11-30,MA,top_quintile_score_model,0.315202,0.095445
2021-11-30,MS,top_quintile_score_model,0.216167,-0.010563
2021-11-30,ORCL,top_quintile_score_model,0.187443,-0.079681
2021-11-30,PNC,top_quintile_score_model,0.199806,-0.030276
2021-11-30,SLB,top_quintile_score_model,0.378029,-0.017977
2021-11-30,TSLA,top_quintile_score_model,0.4738,-0.102962
2021-11-30,VZ,top_quintile_score_model,0.137442,-0.010223
2021-12-31,ACN,top_quintile_score_model,0.180517,-0.092123
2021-12-31,APD,top_quintile_score_model,0.166032,-0.020026
2021-12-31,BSX,top_quintile_score_model,0.191569,0.062628
2021-12-31,COP,top_quintile_score_model,0.24968,0.280505
2021-12-31,ELV,top_quintile_score_model,0.181952,0.004094
2021-12-31,GOOG,top_quintile_score_model,0.205054,-0.009334
2021-12-31,INTU,top_quintile_score_model,0.331794,-0.083053
2021-12-31,LMT,top_quintile_score_model,0.210691,0.147618
2021-12-31,MO,top_quintile_score_model,0.153395,0.126385
2021-12-31,NOW,top_quintile_score_model,0.337316,-0.044823
2021-12-31,PLD,top_quintile_score_model,0.176972,-0.015802
2021-12-31,SCHW,top_quintile_score_model,0.221296,0.095547
2021-12-31,TJX,top_quintile_score_model,0.185616,0.000712
2021-12-31,V,top_quintile_score_model,0.214569,0.096394
2022-01-31,ABBV,top_quintile_score_model,0.159029,0.123193
2022-01-31,AMZN,top_quintile_score_model,0.225301,0.054784
2022-01-31,BLK,top_quintile_score_model,0.183528,-0.087097
2022-01-31,CME,top_quintile_score_model,0.164866,0.061509
2022-01-31,DIS,top_quintile_score_model,0.200442,0.063393
2022-01-31,GE,top_quintile_score_model,0.21047,0.021542
2022-01-31,ICE,top_quintile_score_model,0.156585,0.052903
2022-01-31,LIN,top_quintile_score_model,0.169436,-0.069045
2022-01-31,MDT,top_quintile_score_model,0.17724,0.04594
2022-01-31,NKE,top_quintile_score_model,0.199343,-0.062746
2022-01-31,PG,top_quintile_score_model,0.164379,-0.000202
2022-01-31,RTX,top_quintile_score_model,0.172036,0.189671
2022-01-31,T,top_quintile_score_model,0.207678,-0.032957
2022-01-31,UPS,top_quintile_score_model,0.170016,0.068351
2022-01-31,ZTS,top_quintile_score_model,0.205456,0.00801
2022-02-28,AMD,top_quintile_score_model,0.339858,-0.072534
2022-02-28,BAC,top_quintile_score_model,0.190045,-0.057289
2022-02-28,CI,top_quintile_score_model,0.196257,-0.017823
2022-02-28,CVX,top_quintile_score_model,0.155151,0.107808
2022-02-28,FDX,top_quintile_score_model,0.198148,-0.008878
2022-02-28,HON,top_quintile_score_model,0.189464,-0.008612
2022-02-28,KLAC,top_quintile_score_model,0.32125,0.029645
2022-02-28,MCO,top_quintile_score_model,0.210042,-0.004764
2022-02-28,NEE,top_quintile_score_model,0.21055,0.031302
2022-02-28,PEP,top_quintile_score_model,0.165253,-0.02859
2022-02-28,REGN,top_quintile_score_model,0.175033,0.073953
2022-02-28,SPGI,top_quintile_score_model,0.197768,0.055874
2022-02-28,UNH,top_quintile_score_model,0.179827,0.034237
2022-02-28,WMT,top_quintile_score_model,0.160435,0.036979
2022-03-31,ADP,top_quintile_score_model,0.152928,0.046633
2022-03-31,AXP,top_quintile_score_model,0.260739,0.024699
2022-03-31,CB,top_quintile_score_model,0.170037,0.05294
2022-03-31,CSCO,top_quintile_score_model,0.166521,-0.027808
2022-03-31,EQIX,top_quintile_score_model,0.168386,0.057376
2022-03-31,HCA,top_quintile_score_model,0.192202,-0.056154
2022-03-31,JNJ,top_quintile_score_model,0.144441,0.105994
2022-03-31,MAR,top_quintile_score_model,0.210107,0.09784
2022-03-31,MSFT,top_quintile_score_model,0.194646,-0.012098
2022-03-31,ORLY,top_quintile_score_model,0.179991,-0.026705
2022-03-31,PYPL,top_quintile_score_model,0.392313,-0.15192
2022-03-31,SNPS,top_quintile_score_model,0.22791,-0.051697
2022-03-31,TXN,top_quintile_score_model,0.200589,0.015663
2022-03-31,WFC,top_quintile_score_model,0.299028,-0.0119
2022-04-29,ADBE,top_quintile_score_model,0.232822,0.073588
2022-04-29,APH,top_quintile_score_model,0.181295,-0.01029
2022-04-29,C,top_quintile_score_model,0.177909,0.104305
2022-04-29,COST,top_quintile_score_model,0.191405,-0.122559
2022-04-29,EMR,top_quintile_score_model,0.179076,-0.02154
2022-04-29,GOOGL,top_quintile_score_model,0.2261,-0.023625
2022-04-29,ISRG,top_quintile_score_model,0.304393,-0.050286
2022-04-29,LOW,top_quintile_score_model,0.186782,0.001697
2022-04-29,MRK,top_quintile_score_model,0.136528,0.041586
2022-04-29,NVDA,top_quintile_score_model,0.368524,0.006322
2022-04-29,PM,top_quintile_score_model,0.183787,0.061788
2022-04-29,SHW,top_quintile_score_model,0.165582,-0.000529
2022-04-29,TMO,top_quintile_score_model,0.182434,0.027228
2022-04-29,VRTX,top_quintile_score_model,0.162554,-0.006046
2022-05-31,ABT,top_quintile_score_model,0.164686,0.003772
2022-05-31,AON,top_quintile_score_model,0.222668,0.050314
2022-05-31,BMY,top_quintile_score_model,0.148842,0.112453
2022-05-31,CMG,top_quintile_score_model,0.241817,-0.006585
2022-05-31,DUK,top_quintile_score_model,0.148679,0.017089
2022-05-31,GILD,top_quintile_score_model,0.137653,0.050438
2022-05-31,INTC,top_quintile_score_model,0.206965,-0.085568
2022-05-31,LLY,top_quintile_score_model,0.179084,0.105445
2022-05-31,META,top_quintile_score_model,0.321836,-0.078432
2022-05-31,NOC,top_quintile_score_model,0.171105,0.061782
2022-05-31,PH,top_quintile_score_model,0.17581,-0.016321
2022-05-31,SBUX,top_quintile_score_model,0.225289,0.048575
2022-05-31,TDG,top_quintile_score_model,0.212628,-0.056859
2022-05-31,USB,top_quintile_score_model,0.156427,-0.047404
2022-06-30,AAPL,top_quintile_score_model,0.212821,0.096546
2022-06-30,AMGN,top_quintile_score_model,0.145956,-0.074948
2022-06-30,BKNG,top_quintile_score_model,0.283812,0.014659
2022-06-30,CL,top_quintile_score_model,0.153862,-0.103565
2022-06-30,DE,top_quintile_score_model,0.289988,0.053871
2022-06-30,GD,top_quintile_score_model,0.164563,-0.06759
2022-06-30,IBM,top_quintile_score_model,0.164696,-0.165747
2022-06-30,KO,top_quintile_score_model,0.167452,-0.072059
2022-06-30,MDLZ,top_quintile_score_model,0.170047,-0.060682
2022-06-30,NFLX,top_quintile_score_model,0.439934,0.194011
2022-06-30,PFE,top_quintile_score_model,0.162681,-0.121232
2022-06-30,ROP,top_quintile_score_model,0.186445,0.016084
2022-06-30,SYK,top_quintile_score_model,0.207762,-0.012562
2022-06-30,UNP,top_quintile_score_model,0.157564,-0.026352
2022-06-30,XOM,top_quintile_score_model,0.257243,0.039743
2022-07-29,AMAT,top_quintile_score_model,0.27448,-0.04915
2022-07-29,BA,top_quintile_score_model,0.266344,0.04898
2022-07-29,CDNS,top_quintile_score_model,0.239912,-0.028122
2022-07-29,CVS,top_quintile_score_model,0.165812,0.061992
2022-07-29,ETN,top_quintile_score_model,0.159734,-0.027863
2022-07-29,HD,top_quintile_score_model,0.180315,0.006777
2022-07-29,JPM,top_quintile_score_model,0.19532,0.010233
2022-07-29,MCD,top_quintile_score_model,0.149516,-0.008162
2022-07-29,MU,top_quintile_score_model,0.270407,-0.052166
2022-07-29,PANW,top_quintile_score_model,0.28856,0.139616
2022-07-29,QCOM,top_quintile_score_model,0.248961,-0.029836
2022-07-29,SO,top_quintile_score_model,0.152159,0.042207
2022-07-29,UBER,top_quintile_score_model,0.311954,0.234977
2022-07-29,WM,top_quintile_score_model,0.148264,0.058448
2022-08-31,ADI,top_quintile_score_model,0.233128,0.015233
2022-08-31,AVGO,top_quintile_score_model,0.204716,-0.012381
2022-08-31,CAT,top_quintile_score_model,0.202183,-0.023644
2022-08-31,CRM,top_quintile_score_model,0.345489,0.018558
2022-08-31,EOG,top_quintile_score_model,0.213712,0.021025
2022-08-31,GS,top_quintile_score_model,0.179551,-0.031707
2022-08-31,ITW,top_quintile_score_model,0.183129,0.028595
2022-08-31,MA,top_quintile_score_model,0.196868,-0.037726
2022-08-31,MS,top_quintile_score_model,0.171224,0.015295
2022-08-31,ORCL,top_quintile_score_model,0.21125,-0.093758
2022-08-31,PNC,top_quintile_score_model,0.179022,0.032179
2022-08-31,SLB,top_quintile_score_model,0.220818,0.025402
2022-08-31,TSLA,top_quintile_score_model,0.363114,0.051342
2022-08-31,VZ,top_quintile_score_model,0.199327,0.002372
2022-09-30,ACN,top_quintile_score_model,0.180932,0.034292
2022-09-30,APD,top_quintile_score_model,0.172763,0.004141
2022-09-30,BSX,top_quintile_score_model,0.1622,0.025239
2022-09-30,COP,top_quintile_score_model,0.236059,0.15348
2022-09-30,ELV,top_quintile_score_model,0.179848,0.107691
2022-09-30,GOOG,top_quintile_score_model,0.240175,-0.08467
2022-09-30,INTU,top_quintile_score_model,0.26436,0.027778
2022-09-30,LMT,top_quintile_score_model,0.150673,0.166054
2022-09-30,MO,top_quintile_score_model,0.150404,0.057712
2022-09-30,NOW,top_quintile_score_model,0.322053,0.024175
2022-09-30,PLD,top_quintile_score_model,0.212374,0.022865
2022-09-30,SCHW,top_quintile_score_model,0.178974,0.026622
2022-09-30,TJX,top_quintile_score_model,0.195761,0.077953
2022-09-30,V,top_quintile_score_model,0.168002,0.089242
2022-10-31,ABBV,top_quintile_score_model,0.176882,0.057246
2022-10-31,AMZN,top_quintile_score_model,0.299537,-0.121169
2022-10-31,BLK,top_quintile_score_model,0.251445,0.082062
2022-10-31,CME,top_quintile_score_model,0.169468,-0.014642
2022-10-31,DIS,top_quintile_score_model,0.231012,-0.134581
2022-10-31,GE,top_quintile_score_model,0.204618,0.077531
2022-10-31,ICE,top_quintile_score_model,0.18747,0.078874
2022-10-31,LIN,top_quintile_score_model,0.171874,0.093073
2022-10-31,MDT,top_quintile_score_model,0.160175,-0.147697
2022-10-31,NKE,top_quintile_score_model,0.289784,0.123062
2022-10-31,PG,top_quintile_score_model,0.145378,0.056915
2022-10-31,RTX,top_quintile_score_model,0.164701,0.010196
2022-10-31,T,top_quintile_score_model,0.161008,0.019432
2022-10-31,UPS,top_quintile_score_model,0.203097,0.088998
2022-10-31,ZTS,top_quintile_score_model,0.173775,-0.042787
2022-11-30,AMD,top_quintile_score_model,0.278806,-0.109874
2022-11-30,BAC,top_quintile_score_model,0.19461,-0.06418
2022-11-30,CI,top_quintile_score_model,0.181947,0.064158
2022-11-30,CVX,top_quintile_score_model,0.208386,0.027918
2022-11-30,FDX,top_quintile_score_model,0.271982,0.025024
2022-11-30,HON,top_quintile_score_model,0.16015,0.033277
2022-11-30,KLAC,top_quintile_score_model,0.211329,0.021336
2022-11-30,MCO,top_quintile_score_model,0.217515,0.00371
2022-11-30,NEE,top_quintile_score_model,0.20358,0.047819
2022-11-30,PEP,top_quintile_score_model,0.163009,0.04223
2022-11-30,REGN,top_quintile_score_model,0.299435,0.014685
2022-11-30,SPGI,top_quintile_score_model,0.190934,0.01832
2022-11-30,UNH,top_quintile_score_model,0.18051,0.02548
2022-11-30,WMT,top_quintile_score_model,0.167135,-0.008724
2022-12-30,ADP,top_quintile_score_model,0.19787,-0.117522
2022-12-30,AXP,top_quintile_score_model,0.199553,0.125176
2022-12-30,CB,top_quintile_score_model,0.162507,-0.031654
2022-12-30,CSCO,top_quintile_score_model,0.172991,-0.033104
2022-12-30,EQIX,top_quintile_score_model,0.191414,0.063977
2022-12-30,HCA,top_quintile_score_model,0.210662,8.1e-05
2022-12-30,JNJ,top_quintile_score_model,0.136696,-0.137781
2022-12-30,MAR,top_quintile_score_model,0.214395,0.106969
2022-12-30,MSFT,top_quintile_score_model,0.214951,-0.029571
2022-12-30,ORLY,top_quintile_score_model,0.172324,-0.124117
2022-12-30,PYPL,top_quintile_score_model,0.286096,0.081314
2022-12-30,SNPS,top_quintile_score_model,0.216282,0.045039
2022-12-30,TXN,top_quintile_score_model,0.207536,0.017326
2022-12-30,WFC,top_quintile_score_model,0.224407,0.072254
2023-01-31,ADBE,top_quintile_score_model,0.225283,-0.09792
2023-01-31,APH,top_quintile_score_model,0.199242,0.003058
2023-01-31,C,top_quintile_score_model,0.17972,0.024821
2023-01-31,COST,top_quintile_score_model,0.188123,-0.033012
2023-01-31,EMR,top_quintile_score_model,0.216649,-0.044938
2023-01-31,GOOGL,top_quintile_score_model,0.219081,-0.056913
2023-01-31,ISRG,top_quintile_score_model,0.263942,-0.045846
2023-01-31,LOW,top_quintile_score_model,0.225528,-0.038056
2023-01-31,MRK,top_quintile_score_model,0.191467,0.021807
2023-01-31,NVDA,top_quintile_score_model,0.349828,0.190678
2023-01-31,PM,top_quintile_score_model,0.165869,-0.03568
2023-01-31,SHW,top_quintile_score_model,0.27995,-0.042906
2023-01-31,TMO,top_quintile_score_model,0.223392,-0.026892
2023-01-31,VRTX,top_quintile_score_model,0.174306,-0.069756
2023-02-28,ABT,top_quintile_score_model,0.192659,-0.047465
2023-02-28,AON,top_quintile_score_model,0.172971,0.014136
2023-02-28,BMY,top_quintile_score_model,0.173059,-0.013165
2023-02-28,CMG,top_quintile_score_model,0.223902,0.106381
2023-02-28,DUK,top_quintile_score_model,0.170424,0.003054
2023-02-28,GILD,top_quintile_score_model,0.213337,0.012894
2023-02-28,INTC,top_quintile_score_model,0.254705,0.172745
2023-02-28,LLY,top_quintile_score_model,0.216163,0.082779
2023-02-28,META,top_quintile_score_model,0.332407,0.144992
2023-02-28,NOC,top_quintile_score_model,0.217153,-0.013155
2023-02-28,PH,top_quintile_score_model,0.188871,-0.070668
2023-02-28,SBUX,top_quintile_score_model,0.200421,-0.035155
2023-02-28,TDG,top_quintile_score_model,0.190035,-0.034516
2023-02-28,USB,top_quintile_score_model,0.188491,-0.25712
2023-03-31,AAPL,top_quintile_score_model,0.17929,0.013493
2023-03-31,AMGN,top_quintile_score_model,0.164599,-0.026738
2023-03-31,BKNG,top_quintile_score_model,0.20088,-0.000366
2023-03-31,CL,top_quintile_score_model,0.164307,0.065632
2023-03-31,DE,top_quintile_score_model,0.218096,-0.08945
2023-03-31,GD,top_quintile_score_model,0.160533,-0.053583
2023-03-31,IBM,top_quintile_score_model,0.166618,-0.053091
2023-03-31,KO,top_quintile_score_model,0.140939,0.021646
2023-03-31,MDLZ,top_quintile_score_model,0.153168,0.092624
2023-03-31,NFLX,top_quintile_score_model,0.284054,-0.076776
2023-03-31,PFE,top_quintile_score_model,0.171815,-0.05392
2023-03-31,ROP,top_quintile_score_model,0.160317,0.027389
2023-03-31,SYK,top_quintile_score_model,0.200551,0.035564
2023-03-31,UNP,top_quintile_score_model,0.20729,-0.028017
2023-03-31,XOM,top_quintile_score_model,0.217303,0.030738
2023-04-28,AMAT,top_quintile_score_model,0.286225,0.19702
2023-04-28,BA,top_quintile_score_model,0.258701,-0.025067
2023-04-28,CDNS,top_quintile_score_model,0.2273,0.080308
2023-04-28,CVS,top_quintile_score_model,0.184893,-0.087176
2023-04-28,ETN,top_quintile_score_model,0.238949,0.08756
2023-04-28,HD,top_quintile_score_model,0.203046,-0.035487
2023-04-28,JPM,top_quintile_score_model,0.226565,-0.019237
2023-04-28,MCD,top_quintile_score_model,0.144358,-0.042665
2023-04-28,MU,top_quintile_score_model,0.23458,0.138861
2023-04-28,PANW,top_quintile_score_model,0.283715,0.150421
2023-04-28,QCOM,top_quintile_score_model,0.215851,-0.065056
2023-04-28,SO,top_quintile_score_model,0.161593,-0.056365
2023-04-28,UBER,top_quintile_score_model,0.312095,0.228492
2023-04-28,WM,top_quintile_score_model,0.154247,-0.038559
2023-05-31,ADI,top_quintile_score_model,0.232701,0.019078
2023-05-31,AVGO,top_quintile_score_model,0.200035,0.020897
2023-05-31,CAT,top_quintile_score_model,0.226987,0.134691
2023-05-31,CRM,top_quintile_score_model,0.221673,-0.110354
2023-05-31,EOG,top_quintile_score_model,0.25175,0.000839
2023-05-31,GS,top_quintile_score_model,0.196243,-0.054882
2023-05-31,ITW,top_quintile_score_model,0.208327,0.0898
2023-05-31,MA,top_quintile_score_model,0.177538,0.009671
2023-05-31,MS,top_quintile_score_model,0.220782,-0.009818
2023-05-31,ORCL,top_quintile_score_model,0.184323,0.05938
2023-05-31,PNC,top_quintile_score_model,0.267935,0.032657
2023-05-31,SLB,top_quintile_score_model,0.314683,0.085457
2023-05-31,TSLA,top_quintile_score_model,0.301593,0.210307
2023-05-31,VZ,top_quintile_score_model,0.190303,-0.014211
2023-06-30,ACN,top_quintile_score_model,0.195438,-0.003833
2023-06-30,APD,top_quintile_score_model,0.188456,-0.01337
2023-06-30,BSX,top_quintile_score_model,0.188687,-0.074146
2023-06-30,COP,top_quintile_score_model,0.225081,0.10345
2023-06-30,ELV,top_quintile_score_model,0.26365,0.028803
2023-06-30,GOOG,top_quintile_score_model,0.243864,0.067622
2023-06-30,INTU,top_quintile_score_model,0.267124,0.085985
2023-06-30,LMT,top_quintile_score_model,0.175211,-0.063165
2023-06-30,MO,top_quintile_score_model,0.160481,-0.030085
2023-06-30,NOW,top_quintile_score_model,0.265741,0.004689
2023-06-30,PLD,top_quintile_score_model,0.216962,-0.015446
2023-06-30,SCHW,top_quintile_score_model,0.224183,0.133463
2023-06-30,TJX,top_quintile_score_model,0.155873,-0.012212
2023-06-30,V,top_quintile_score_model,0.17503,-0.031681
2023-07-31,ABBV,top_quintile_score_model,0.162487,0.018458
2023-07-31,AMZN,top_quintile_score_model,0.247603,0.028792
2023-07-31,BLK,top_quintile_score_model,0.18541,-0.048172
2023-07-31,CME,top_quintile_score_model,0.164313,0.054746
2023-07-31,DIS,top_quintile_score_model,0.242746,-0.02038
2023-07-31,GE,top_quintile_score_model,0.205771,0.030381
2023-07-31,ICE,top_quintile_score_model,0.163642,0.056351
2023-07-31,LIN,top_quintile_score_model,0.176209,0.010818
2023-07-31,MDT,top_quintile_score_model,0.181714,-0.039753
2023-07-31,NKE,top_quintile_score_model,0.210612,-0.064641
2023-07-31,PG,top_quintile_score_model,0.15237,0.016709
2023-07-31,RTX,top_quintile_score_model,0.277738,0.01473
2023-07-31,T,top_quintile_score_model,0.270767,0.011482
2023-07-31,UPS,top_quintile_score_model,0.175361,-0.056731
2023-07-31,ZTS,top_quintile_score_model,0.200431,0.02693
2023-08-31,AMD,top_quintile_score_model,0.392062,0.020004
2023-08-31,BAC,top_quintile_score_model,0.213598,0.00244
2023-08-31,CI,top_quintile_score_model,0.262286,0.087569
2023-08-31,CVX,top_quintile_score_model,0.175079,0.094113
2023-08-31,FDX,top_quintile_score_model,0.212252,0.067393
2023-08-31,HON,top_quintile_score_model,0.200513,0.030408
2023-08-31,KLAC,top_quintile_score_model,0.259517,-0.038663
2023-08-31,MCO,top_quintile_score_model,0.188726,-0.013819
2023-08-31,NEE,top_quintile_score_model,0.190073,-0.094931
2023-08-31,PEP,top_quintile_score_model,0.172768,-0.000227
2023-08-31,REGN,top_quintile_score_model,0.204648,0.043163
2023-08-31,SPGI,top_quintile_score_model,0.232945,-0.017678
2023-08-31,UNH,top_quintile_score_model,0.23048,0.109487
2023-08-31,WMT,top_quintile_score_model,0.154723,0.030953
2023-09-29,ADP,top_quintile_score_model,0.188217,-0.067692
2023-09-29,AXP,top_quintile_score_model,0.194265,-0.009627
2023-09-29,CB,top_quintile_score_model,0.180431,0.041078
2023-09-29,CSCO,top_quintile_score_model,0.180435,0.005304
2023-09-29,EQIX,top_quintile_score_model,0.206897,0.017448
2023-09-29,HCA,top_quintile_score_model,0.192701,-0.044812
2023-09-29,JNJ,top_quintile_score_model,0.210046,-0.025868
2023-09-29,MAR,top_quintile_score_model,0.21036,-0.018138
2023-09-29,MSFT,top_quintile_score_model,0.199222,0.083829
2023-09-29,ORLY,top_quintile_score_model,0.187803,0.056574
2023-09-29,PYPL,top_quintile_score_model,0.343849,-0.098743
2023-09-29,SNPS,top_quintile_score_model,0.18561,0.035008
2023-09-29,TXN,top_quintile_score_model,0.204876,-0.060631
2023-09-29,WFC,top_quintile_score_model,0.213584,-0.012095
2023-10-31,ADBE,top_quintile_score_model,0.272441,0.073313
2023-10-31,APH,top_quintile_score_model,0.171294,0.03249
2023-10-31,C,top_quintile_score_model,0.162502,0.0865
2023-10-31,COST,top_quintile_score_model,0.158612,-0.020995
2023-10-31,EMR,top_quintile_score_model,0.186159,-0.088549
2023-10-31,GOOGL,top_quintile_score_model,0.29035,0.000864
2023-10-31,ISRG,top_quintile_score_model,0.268413,0.098048
2023-10-31,LOW,top_quintile_score_model,0.207894,-0.038
2023-10-31,MRK,top_quintile_score_model,0.170067,-0.102351
2023-10-31,NVDA,top_quintile_score_model,0.39347,0.093417
2023-10-31,PM,top_quintile_score_model,0.166414,-0.036704
2023-10-31,SHW,top_quintile_score_model,0.195189,0.064638
2023-10-31,TMO,top_quintile_score_model,0.20817,0.021195
2023-10-31,VRTX,top_quintile_score_model,0.163138,-0.117745
2023-11-30,ABT,top_quintile_score_model,0.167747,0.009767
2023-11-30,AON,top_quintile_score_model,0.175038,-0.159723
2023-11-30,BMY,top_quintile_score_model,0.214583,-0.006571
2023-11-30,CMG,top_quintile_score_model,0.168846,-0.00719
2023-11-30,DUK,top_quintile_score_model,0.174805,0.005927
2023-11-30,GILD,top_quintile_score_model,0.195957,0.021549
2023-11-30,INTC,top_quintile_score_model,0.30079,0.078506
2023-11-30,LLY,top_quintile_score_model,0.295831,-0.059394
2023-11-30,META,top_quintile_score_model,0.272504,0.036295
2023-11-30,NOC,top_quintile_score_model,0.219818,-0.06043
2023-11-30,PH,top_quintile_score_model,0.253422,0.017875
2023-11-30,SBUX,top_quintile_score_model,0.20108,-0.078787
2023-11-30,TDG,top_quintile_score_model,0.199643,0.004954
2023-11-30,USB,top_quintile_score_model,0.284523,0.10251
2023-12-29,AAPL,top_quintile_score_model,0.162068,-0.056099
2023-12-29,AMGN,top_quintile_score_model,0.204816,0.059576
2023-12-29,BKNG,top_quintile_score_model,0.191049,-0.030543
2023-12-29,CL,top_quintile_score_model,0.172979,0.03024
2023-12-29,DE,top_quintile_score_model,0.19219,-0.040131
2023-12-29,GD,top_quintile_score_model,0.193526,0.007373
2023-12-29,IBM,top_quintile_score_model,0.160162,0.115922
2023-12-29,KO,top_quintile_score_model,0.171502,-0.016318
2023-12-29,MDLZ,top_quintile_score_model,0.190087,0.021205
2023-12-29,NFLX,top_quintile_score_model,0.286008,0.123256
2023-12-29,PFE,top_quintile_score_model,0.246429,-0.080135
2023-12-29,ROP,top_quintile_score_model,0.154297,-0.001217
2023-12-29,SYK,top_quintile_score_model,0.202096,0.024592
2023-12-29,UNP,top_quintile_score_model,0.171512,-0.028381
2023-12-29,XOM,top_quintile_score_model,0.206749,0.015931
2024-01-31,AMAT,top_quintile_score_model,0.268301,0.177038
2024-01-31,BA,top_quintile_score_model,0.367477,-0.086872
2024-01-31,CDNS,top_quintile_score_model,0.22314,0.003003
2024-01-31,CVS,top_quintile_score_model,0.218915,-0.052187
2024-01-31,ETN,top_quintile_score_model,0.185891,0.122228
2024-01-31,HD,top_quintile_score_model,0.190138,0.026151
2024-01-31,JPM,top_quintile_score_model,0.146148,0.014916
2024-01-31,MCD,top_quintile_score_model,0.160553,-0.048009
2024-01-31,MU,top_quintile_score_model,0.270466,0.00449
2024-01-31,PANW,top_quintile_score_model,0.283076,-0.134784
2024-01-31,QCOM,top_quintile_score_model,0.218588,0.015697
2024-01-31,SO,top_quintile_score_model,0.183662,-0.0746
2024-01-31,UBER,top_quintile_score_model,0.260714,0.165831
2024-01-31,WM,top_quintile_score_model,0.144241,0.055662
2024-02-29,ADI,top_quintile_score_model,0.218184,0.00328
2024-02-29,AVGO,top_quintile_score_model,0.25925,-0.0092
2024-02-29,CAT,top_quintile_score_model,0.20453,0.064525
2024-02-29,CRM,top_quintile_score_model,0.225593,-0.056168
2024-02-29,EOG,top_quintile_score_model,0.203663,0.084195
2024-02-29,GS,top_quintile_score_model,0.2046,0.040913
2024-02-29,ITW,top_quintile_score_model,0.165498,-0.003701
2024-02-29,MA,top_quintile_score_model,0.163791,-0.018358
2024-02-29,MS,top_quintile_score_model,0.224575,0.061673
2024-02-29,ORCL,top_quintile_score_model,0.262499,0.092029
2024-02-29,PNC,top_quintile_score_model,0.243341,0.065124
2024-02-29,SLB,top_quintile_score_model,0.24103,0.101376
2024-02-29,TSLA,top_quintile_score_model,0.322813,-0.161937
2024-02-29,VZ,top_quintile_score_model,0.201312,0.015774
2024-03-28,ACN,top_quintile_score_model,0.272021,-0.07961
2024-03-28,APD,top_quintile_score_model,0.289149,0.002764
2024-03-28,BSX,top_quintile_score_model,0.182298,0.096645
2024-03-28,COP,top_quintile_score_model,0.164582,0.051569
2024-03-28,ELV,top_quintile_score_model,0.162213,0.064415
2024-03-28,GOOG,top_quintile_score_model,0.222446,0.169059
2024-03-28,INTU,top_quintile_score_model,0.227605,0.008989
2024-03-28,LMT,top_quintile_score_model,0.164026,0.042428
2024-03-28,MO,top_quintile_score_model,0.175443,0.022812
2024-03-28,NOW,top_quintile_score_model,0.265118,-0.022644
2024-03-28,PLD,top_quintile_score_model,0.195665,-0.172577
2024-03-28,SCHW,top_quintile_score_model,0.171626,0.064946
2024-03-28,TJX,top_quintile_score_model,0.168341,-0.021578
2024-03-28,V,top_quintile_score_model,0.185005,0.011974
2024-04-30,ABBV,top_quintile_score_model,0.207272,-0.096316
2024-04-30,AMZN,top_quintile_score_model,0.23009,-0.007935
2024-04-30,BLK,top_quintile_score_model,0.202531,-0.045479
2024-04-30,CME,top_quintile_score_model,0.178725,-0.065937
2024-04-30,DIS,top_quintile_score_model,0.237759,-0.140039
2024-04-30,GE,top_quintile_score_model,0.24381,-0.03705
2024-04-30,ICE,top_quintile_score_model,0.18434,-0.023275
2024-04-30,LIN,top_quintile_score_model,0.175675,-0.081567
2024-04-30,MDT,top_quintile_score_model,0.179649,-0.032471
2024-04-30,NKE,top_quintile_score_model,0.211166,-0.054445
2024-04-30,PG,top_quintile_score_model,0.142523,-0.057547
2024-04-30,RTX,top_quintile_score_model,0.145561,-0.011809
2024-04-30,T,top_quintile_score_model,0.16647,-0.034432
2024-04-30,UPS,top_quintile_score_model,0.227092,-0.126527
2024-04-30,ZTS,top_quintile_score_model,0.24874,0.024545
2024-05-31,AMD,top_quintile_score_model,0.324397,-0.092594
2024-05-31,BAC,top_quintile_score_model,0.190634,-0.030826
2024-05-31,CI,top_quintile_score_model,0.181127,-0.08676
2024-05-31,CVX,top_quintile_score_model,0.172301,-0.073024
2024-05-31,FDX,top_quintile_score_model,0.213111,0.145113
2024-05-31,HON,top_quintile_score_model,0.160652,0.005915
2024-05-31,KLAC,top_quintile_score_model,0.24638,0.052461
2024-05-31,MCO,top_quintile_score_model,0.180971,0.024303
2024-05-31,NEE,top_quintile_score_model,0.180521,-0.158221
2024-05-31,PEP,top_quintile_score_model,0.184613,-0.087877
2024-05-31,REGN,top_quintile_score_model,0.162914,0.041005
2024-05-31,SPGI,top_quintile_score_model,0.164021,0.006588
2024-05-31,UNH,top_quintile_score_model,0.211417,-0.034628
2024-05-31,WMT,top_quintile_score_model,0.157198,-0.011255
2024-06-28,ADP,top_quintile_score_model,0.196134,0.068219
2024-06-28,AXP,top_quintile_score_model,0.204231,0.072764
2024-06-28,CB,top_quintile_score_model,0.20577,0.064164
2024-06-28,CSCO,top_quintile_score_model,0.175526,0.017765
2024-06-28,EQIX,top_quintile_score_model,0.223372,0.025376
2024-06-28,HCA,top_quintile_score_model,0.247249,0.115573
2024-06-28,JNJ,top_quintile_score_model,0.17785,0.083846
2024-06-28,MAR,top_quintile_score_model,0.179356,-0.014724
2024-06-28,MSFT,top_quintile_score_model,0.183515,-0.046232
2024-06-28,ORLY,top_quintile_score_model,0.17896,0.05784
2024-06-28,PYPL,top_quintile_score_model,0.254743,0.014689
2024-06-28,SNPS,top_quintile_score_model,0.206254,-0.080883
2024-06-28,TXN,top_quintile_score_model,0.20975,0.036791
2024-06-28,WFC,top_quintile_score_model,0.187974,0.002375
2024-07-31,ADBE,top_quintile_score_model,0.227462,0.002517
2024-07-31,APH,top_quintile_score_model,0.271195,0.017992
2024-07-31,C,top_quintile_score_model,0.197791,-0.055328
2024-07-31,COST,top_quintile_score_model,0.200743,0.066755
2024-07-31,EMR,top_quintile_score_model,0.196703,-0.121823
2024-07-31,GOOGL,top_quintile_score_model,0.214334,-0.064257
2024-07-31,ISRG,top_quintile_score_model,0.223034,0.07097
2024-07-31,LOW,top_quintile_score_model,0.182615,0.000373
2024-07-31,MRK,top_quintile_score_model,0.255028,0.024146
2024-07-31,NVDA,top_quintile_score_model,0.491026,0.059808
2024-07-31,PM,top_quintile_score_model,0.153888,0.050747
2024-07-31,SHW,top_quintile_score_model,0.180202,0.019546
2024-07-31,TMO,top_quintile_score_model,0.160624,-0.013924
2024-07-31,VRTX,top_quintile_score_model,0.183866,-0.025681
2024-08-30,ABT,top_quintile_score_model,0.178119,-0.014471
2024-08-30,AON,top_quintile_score_model,0.172347,-0.0144
2024-08-30,BMY,top_quintile_score_model,0.205226,0.014831
2024-08-30,CMG,top_quintile_score_model,0.256489,0.006456
2024-08-30,DUK,top_quintile_score_model,0.16609,-0.009157
2024-08-30,GILD,top_quintile_score_model,0.200185,0.05018
2024-08-30,INTC,top_quintile_score_model,0.469125,0.043424
2024-08-30,LLY,top_quintile_score_model,0.233112,-0.09817
2024-08-30,META,top_quintile_score_model,0.253595,0.078123
2024-08-30,NOC,top_quintile_score_model,0.153268,-0.007726
2024-08-30,PH,top_quintile_score_model,0.21508,0.031678
2024-08-30,SBUX,top_quintile_score_model,0.244142,0.009872
2024-08-30,TDG,top_quintile_score_model,0.179597,0.018261
2024-08-30,USB,top_quintile_score_model,0.173763,-0.042001
2024-09-30,AAPL,top_quintile_score_model,0.202262,-0.010606
2024-09-30,AMGN,top_quintile_score_model,0.226319,-0.027964
2024-09-30,BKNG,top_quintile_score_model,0.194256,0.01984
2024-09-30,CL,top_quintile_score_model,0.18244,-0.08545
2024-09-30,DE,top_quintile_score_model,0.174545,-0.024255
2024-09-30,GD,top_quintile_score_model,0.181563,-0.001784
2024-09-30,IBM,top_quintile_score_model,0.170321,-0.049277
2024-09-30,KO,top_quintile_score_model,0.173562,-0.084546
2024-09-30,MDLZ,top_quintile_score_model,0.182946,-0.068383
2024-09-30,NFLX,top_quintile_score_model,0.182855,0.043862
2024-09-30,PFE,top_quintile_score_model,0.203899,-0.015087
2024-09-30,ROP,top_quintile_score_model,0.19327,-0.03128
2024-09-30,SYK,top_quintile_score_model,0.187325,-0.026855
2024-09-30,UNP,top_quintile_score_model,0.187661,-0.071151
2024-09-30,XOM,top_quintile_score_model,0.189835,0.00201
2024-10-31,AMAT,top_quintile_score_model,0.330051,-0.095205
2024-10-31,BA,top_quintile_score_model,0.250184,-0.018578
2024-10-31,CDNS,top_quintile_score_model,0.265749,0.051514
2024-10-31,CVS,top_quintile_score_model,0.237086,0.000409
2024-10-31,ETN,top_quintile_score_model,0.207204,0.075768
2024-10-31,HD,top_quintile_score_model,0.179035,0.03596
2024-10-31,JPM,top_quintile_score_model,0.194752,0.065637
2024-10-31,MCD,top_quintile_score_model,0.188004,-0.046282
2024-10-31,MU,top_quintile_score_model,0.342099,-0.076693
2024-10-31,PANW,top_quintile_score_model,0.260458,0.016658
2024-10-31,QCOM,top_quintile_score_model,0.273141,-0.085683
2024-10-31,SO,top_quintile_score_model,0.159734,-0.072422
2024-10-31,UBER,top_quintile_score_model,0.350644,-0.060883
2024-10-31,WM,top_quintile_score_model,0.158732,-0.002326
2024-11-29,ADI,top_quintile_score_model,0.247913,-0.000553
2024-11-29,AVGO,top_quintile_score_model,0.364123,0.477871
2024-11-29,CAT,top_quintile_score_model,0.233917,-0.085632
2024-11-29,CRM,top_quintile_score_model,0.228699,0.039082
2024-11-29,EOG,top_quintile_score_model,0.209479,-0.074655
2024-11-29,GS,top_quintile_score_model,0.226488,-0.032379
2024-11-29,ITW,top_quintile_score_model,0.16004,-0.061263
2024-11-29,MA,top_quintile_score_model,0.158128,0.00663
2024-11-29,MS,top_quintile_score_model,0.229492,-0.024029
2024-11-29,ORCL,top_quintile_score_model,0.277119,-0.076506
2024-11-29,PNC,top_quintile_score_model,0.185679,-0.082847
2024-11-29,SLB,top_quintile_score_model,0.23491,-0.113556
2024-11-29,TSLA,top_quintile_score_model,0.493646,0.22982
2024-11-29,VZ,top_quintile_score_model,0.183066,-0.086405
2024-12-31,ACN,top_quintile_score_model,0.202077,0.072055
2024-12-31,APD,top_quintile_score_model,0.211103,0.13615
2024-12-31,BSX,top_quintile_score_model,0.16107,0.119136
2024-12-31,COP,top_quintile_score_model,0.202459,-0.030285
2024-12-31,ELV,top_quintile_score_model,0.239475,0.045792
2024-12-31,GOOG,top_quintile_score_model,0.193984,0.052749
2024-12-31,INTU,top_quintile_score_model,0.226584,-0.068208
2024-12-31,LMT,top_quintile_score_model,0.195085,-0.074167
2024-12-31,MO,top_quintile_score_model,0.181016,-0.028004
2024-12-31,NOW,top_quintile_score_model,0.223071,-0.066229
2024-12-31,PLD,top_quintile_score_model,0.20837,0.101337
2024-12-31,SCHW,top_quintile_score_model,0.221384,0.09083
2024-12-31,TJX,top_quintile_score_model,0.15634,0.006088
2024-12-31,V,top_quintile_score_model,0.157366,0.054652
2025-01-31,ABBV,top_quintile_score_model,0.222617,0.179965
2025-01-31,AMZN,top_quintile_score_model,0.22172,-0.107419
2025-01-31,BLK,top_quintile_score_model,0.173252,-0.071384
2025-01-31,CME,top_quintile_score_model,0.168715,0.116074
2025-01-31,DIS,top_quintile_score_model,0.194729,0.027604
2025-01-31,GE,top_quintile_score_model,0.193518,0.022084
2025-01-31,ICE,top_quintile_score_model,0.17092,0.113644
2025-01-31,LIN,top_quintile_score_model,0.150282,0.066149
2025-01-31,MDT,top_quintile_score_model,0.163687,0.06831
2025-01-31,NKE,top_quintile_score_model,0.179921,0.054789
2025-01-31,PG,top_quintile_score_model,0.173124,0.087827
2025-01-31,RTX,top_quintile_score_model,0.165928,0.073089
2025-01-31,T,top_quintile_score_model,0.181319,0.198134
2025-01-31,UPS,top_quintile_score_model,0.290553,0.08897
2025-01-31,ZTS,top_quintile_score_model,0.177258,0.027828
2025-02-28,AMD,top_quintile_score_model,0.271978,0.095663
2025-02-28,BAC,top_quintile_score_model,0.175711,-0.037544
2025-02-28,CI,top_quintile_score_model,0.214683,0.119606
2025-02-28,CVX,top_quintile_score_model,0.17808,0.10911
2025-02-28,FDX,top_quintile_score_model,0.201028,-0.013561
2025-02-28,HON,top_quintile_score_model,0.19201,0.050038
2025-02-28,KLAC,top_quintile_score_model,0.244689,0.012301
2025-02-28,MCO,top_quintile_score_model,0.182479,-0.022439
2025-02-28,NEE,top_quintile_score_model,0.198442,0.066006
2025-02-28,PEP,top_quintile_score_model,0.180464,0.043248
2025-02-28,REGN,top_quintile_score_model,0.207635,-0.025828
2025-02-28,SPGI,top_quintile_score_model,0.166234,0.003504
2025-02-28,UNH,top_quintile_score_model,0.245236,0.15315
2025-02-28,WMT,top_quintile_score_model,0.215049,-0.07211
2025-03-31,ADP,top_quintile_score_model,0.156133,-0.022881
2025-03-31,AXP,top_quintile_score_model,0.203326,0.004813
2025-03-31,CB,top_quintile_score_model,0.155443,-0.047362
2025-03-31,CSCO,top_quintile_score_model,0.168453,-0.055548
2025-03-31,EQIX,top_quintile_score_model,0.207588,0.053584
2025-03-31,HCA,top_quintile_score_model,0.20612,-0.005319
2025-03-31,JNJ,top_quintile_score_model,0.157296,-0.050813
2025-03-31,MAR,top_quintile_score_model,0.219153,0.015235
2025-03-31,MSFT,top_quintile_score_model,0.193972,0.058745
2025-03-31,ORLY,top_quintile_score_model,0.158728,-0.014216
2025-03-31,PYPL,top_quintile_score_model,0.29064,0.025462
2025-03-31,SNPS,top_quintile_score_model,0.247843,0.083495
2025-03-31,TXN,top_quintile_score_model,0.226494,-0.096279
2025-03-31,WFC,top_quintile_score_model,0.221143,-0.000548
2025-04-30,ADBE,top_quintile_score_model,0.221442,0.038317
2025-04-30,APH,top_quintile_score_model,0.200757,0.09152
2025-04-30,C,top_quintile_score_model,0.239663,0.04936
2025-04-30,COST,top_quintile_score_model,0.190184,-0.048395
2025-04-30,EMR,top_quintile_score_model,0.219503,0.081897
2025-04-30,GOOGL,top_quintile_score_model,0.205991,0.018207
2025-04-30,ISRG,top_quintile_score_model,0.237013,0.013417
2025-04-30,LOW,top_quintile_score_model,0.168389,-0.057907
2025-04-30,MRK,top_quintile_score_model,0.186804,-0.167321
2025-04-30,NVDA,top_quintile_score_model,0.314704,0.213875
2025-04-30,PM,top_quintile_score_model,0.20184,-0.026045
2025-04-30,SHW,top_quintile_score_model,0.164424,-0.053808
2025-04-30,TMO,top_quintile_score_model,0.200358,-0.122893
2025-04-30,VRTX,top_quintile_score_model,0.168396,-0.186528
2025-05-30,ABT,top_quintile_score_model,0.158547,-0.033195
2025-05-30,AON,top_quintile_score_model,0.16659,-0.09256
2025-05-30,BMY,top_quintile_score_model,0.188044,-0.092604
2025-05-30,CMG,top_quintile_score_model,0.196395,0.06982
2025-05-30,DUK,top_quintile_score_model,0.156527,-0.049008
2025-05-30,GILD,top_quintile_score_model,0.182588,-0.037058
2025-05-30,INTC,top_quintile_score_model,0.356173,0.094394
2025-05-30,LLY,top_quintile_score_model,0.26162,0.00536
2025-05-30,META,top_quintile_score_model,0.248567,0.089416
2025-05-30,NOC,top_quintile_score_model,0.223829,-0.015072
2025-05-30,PH,top_quintile_score_model,0.244086,-0.000581
2025-05-30,SBUX,top_quintile_score_model,0.245086,0.040097
2025-05-30,TDG,top_quintile_score_model,0.193334,-0.015831
2025-05-30,USB,top_quintile_score_model,0.201208,-0.001836
2025-06-30,AAPL,top_quintile_score_model,0.251128,0.001553
2025-06-30,AMGN,top_quintile_score_model,0.194228,0.059032
2025-06-30,BKNG,top_quintile_score_model,0.183623,-0.062461
2025-06-30,CL,top_quintile_score_model,0.155961,-0.066893
2025-06-30,DE,top_quintile_score_model,0.195071,-0.020292
2025-06-30,GD,top_quintile_score_model,0.17046,0.056352
2025-06-30,IBM,top_quintile_score_model,0.189012,-0.137989
2025-06-30,KO,top_quintile_score_model,0.153118,-0.047542
2025-06-30,MDLZ,top_quintile_score_model,0.160145,0.005481
2025-06-30,NFLX,top_quintile_score_model,0.196833,-0.155418
2025-06-30,PFE,top_quintile_score_model,0.179181,-0.008405
2025-06-30,ROP,top_quintile_score_model,0.173623,-0.033397
2025-06-30,SYK,top_quintile_score_model,0.173629,-0.015692
2025-06-30,UNP,top_quintile_score_model,0.175369,-0.055604
2025-06-30,XOM,top_quintile_score_model,0.195875,0.018946
2025-07-31,AMAT,top_quintile_score_model,0.248617,-0.106151
2025-07-31,BA,top_quintile_score_model,0.22907,0.037909
2025-07-31,CDNS,top_quintile_score_model,0.227276,-0.05484
2025-07-31,CVS,top_quintile_score_model,0.227879,0.135033
2025-07-31,ETN,top_quintile_score_model,0.188626,-0.10032
2025-07-31,HD,top_quintile_score_model,0.171678,0.082035
2025-07-31,JPM,top_quintile_score_model,0.166366,-0.010338
2025-07-31,MCD,top_quintile_score_model,0.155958,0.013848
2025-07-31,MU,top_quintile_score_model,0.29658,0.091188
2025-07-31,PANW,top_quintile_score_model,0.289908,0.073704
2025-07-31,QCOM,top_quintile_score_model,0.26325,0.069024
2025-07-31,SO,top_quintile_score_model,0.163766,-0.04261
2025-07-31,UBER,top_quintile_score_model,0.2458,0.066919
2025-07-31,WM,top_quintile_score_model,0.172807,-0.046628
2025-08-29,ADI,top_quintile_score_model,0.200842,-0.053826
2025-08-29,AVGO,top_quintile_score_model,0.2792,0.072748
2025-08-29,CAT,top_quintile_score_model,0.216749,0.093719
2025-08-29,CRM,top_quintile_score_model,0.192228,-0.073581
2025-08-29,EOG,top_quintile_score_model,0.192277,-0.123626
2025-08-29,GS,top_quintile_score_model,0.199286,0.04726
2025-08-29,ITW,top_quintile_score_model,0.17331,-0.04409
2025-08-29,MA,top_quintile_score_model,0.181139,-0.077342
2025-08-29,MS,top_quintile_score_model,0.172747,0.039239
2025-08-29,ORCL,top_quintile_score_model,0.407928,0.218697
2025-08-29,PNC,top_quintile_score_model,0.172058,-0.058681
2025-08-29,SLB,top_quintile_score_model,0.222186,-0.071067
2025-08-29,TSLA,top_quintile_score_model,0.4152,0.295759
2025-08-29,VZ,top_quintile_score_model,0.151443,-0.053891
2025-09-30,ACN,top_quintile_score_model,0.19937,-0.003971
2025-09-30,APD,top_quintile_score_model,0.19402,-0.092244
2025-09-30,BSX,top_quintile_score_model,0.187822,0.002868
2025-09-30,COP,top_quintile_score_model,0.203812,-0.113804
2025-09-30,ELV,top_quintile_score_model,0.275411,0.019041
2025-09-30,GOOG,top_quintile_score_model,0.225099,0.070813
2025-09-30,INTU,top_quintile_score_model,0.216477,-0.035354
2025-09-30,LMT,top_quintile_score_model,0.199783,-0.058265
2025-09-30,MO,top_quintile_score_model,0.179951,-0.073426
2025-09-30,NOW,top_quintile_score_model,0.228524,-0.012186
2025-09-30,PLD,top_quintile_score_model,0.192163,0.066457
2025-09-30,SCHW,top_quintile_score_model,0.206453,-0.048312
2025-09-30,TJX,top_quintile_score_model,0.161721,-0.034871
2025-09-30,V,top_quintile_score_model,0.171865,-0.015173
2025-10-31,ABBV,top_quintile_score_model,0.200609,0.03505
2025-10-31,AMZN,top_quintile_score_model,0.213878,-0.039714
2025-10-31,BLK,top_quintile_score_model,0.196737,-0.036967
2025-10-31,CME,top_quintile_score_model,0.167525,0.053474
2025-10-31,DIS,top_quintile_score_model,0.171657,-0.04932
2025-10-31,GE,top_quintile_score_model,0.191695,-0.063729
2025-10-31,ICE,top_quintile_score_model,0.192391,0.075425
2025-10-31,LIN,top_quintile_score_model,0.180966,-0.024055
2025-10-31,MDT,top_quintile_score_model,0.183934,0.141985
2025-10-31,NKE,top_quintile_score_model,0.225066,0.021474
2025-10-31,PG,top_quintile_score_model,0.168163,-0.016861
2025-10-31,RTX,top_quintile_score_model,0.183045,-0.052367
2025-10-31,T,top_quintile_score_model,0.20336,0.044645
2025-10-31,UPS,top_quintile_score_model,0.173972,0.007346
2025-10-31,ZTS,top_quintile_score_model,0.175719,-0.114247
2025-11-28,AMD,top_quintile_score_model,0.430127,-0.018327
2025-11-28,BAC,top_quintile_score_model,0.181039,0.027548
2025-11-28,CI,top_quintile_score_model,0.303429,-0.008489
2025-11-28,CVX,top_quintile_score_model,0.178302,-0.010427
2025-11-28,FDX,top_quintile_score_model,0.191569,0.058373
2025-11-28,HON,top_quintile_score_model,0.185576,0.015995
2025-11-28,KLAC,top_quintile_score_model,0.288592,0.062743
2025-11-28,MCO,top_quintile_score_model,0.193633,0.048122
2025-11-28,NEE,top_quintile_score_model,0.183004,-0.079265
2025-11-28,PEP,top_quintile_score_model,0.176293,-0.03027
2025-11-28,REGN,top_quintile_score_model,0.218511,-0.009103
2025-11-28,SPGI,top_quintile_score_model,0.187288,0.053186
2025-11-28,UNH,top_quintile_score_model,0.229753,-0.005311
2025-11-28,WMT,top_quintile_score_model,0.178605,0.010854
2025-12-31,ADP,top_quintile_score_model,0.171293,-0.055207
2025-12-31,AXP,top_quintile_score_model,0.219035,-0.060684
2025-12-31,CB,top_quintile_score_model,0.162648,-0.02294
2025-12-31,CSCO,top_quintile_score_model,0.201143,0.00745
2025-12-31,EQIX,top_quintile_score_model,0.188495,0.056749
2025-12-31,HCA,top_quintile_score_model,0.221465,0.031122
2025-12-31,JNJ,top_quintile_score_model,0.156904,0.083354
2025-12-31,MAR,top_quintile_score_model,0.188633,0.001572
2025-12-31,MSFT,top_quintile_score_model,0.181965,-0.12501
2025-12-31,ORLY,top_quintile_score_model,0.187153,0.064201
2025-12-31,PYPL,top_quintile_score_model,0.285148,-0.112203
2025-12-31,SNPS,top_quintile_score_model,0.246362,-0.024531
2025-12-31,TXN,top_quintile_score_model,0.211751,0.235807
2025-12-31,WFC,top_quintile_score_model,0.194603,-0.043815
2026-01-30,ADBE,top_quintile_score_model,0.2111,-0.102305
2026-01-30,APH,top_quintile_score_model,0.321269,-0.053832
2026-01-30,C,top_quintile_score_model,0.194176,-0.023717
2026-01-30,COST,top_quintile_score_model,0.175846,0.074571
2026-01-30,EMR,top_quintile_score_model,0.20627,0.046894
2026-01-30,GOOGL,top_quintile_score_model,0.210637,-0.085058
2026-01-30,ISRG,top_quintile_score_model,0.202033,-0.007728
2026-01-30,LOW,top_quintile_score_model,0.201879,-0.028954
2026-01-30,MRK,top_quintile_score_model,0.201564,0.109103
2026-01-30,NVDA,top_quintile_score_model,0.222432,-0.037179
2026-01-30,PM,top_quintile_score_model,0.183298,0.032488
2026-01-30,SHW,top_quintile_score_model,0.172975,0.014415
2026-01-30,TMO,top_quintile_score_model,0.190733,-0.112953
2026-01-30,VRTX,top_quintile_score_model,0.202988,0.042405
2026-02-27,ABT,top_quintile_score_model,0.193428,-0.033099
2026-02-27,AON,top_quintile_score_model,0.195988,0.008119
2026-02-27,BMY,top_quintile_score_model,0.17946,0.011725
2026-02-27,CMG,top_quintile_score_model,0.208819,-0.097743
2026-02-27,DUK,top_quintile_score_model,0.140443,0.06656
2026-02-27,GILD,top_quintile_score_model,0.188429,-0.020439
2026-02-27,INTC,top_quintile_score_model,0.446183,0.018759
2026-02-27,LLY,top_quintile_score_model,0.235667,-0.09203
2026-02-27,META,top_quintile_score_model,0.211094,-0.115102
2026-02-27,NOC,top_quintile_score_model,0.19753,0.010486
2026-02-27,PH,top_quintile_score_model,0.167229,-0.046509
2026-02-27,SBUX,top_quintile_score_model,0.195679,-0.041232
2026-02-27,TDG,top_quintile_score_model,0.202645,-0.051799
2026-02-27,USB,top_quintile_score_model,0.202676,0.003429
2026-03-31,AAPL,top_quintile_score_model,0.17083,-0.029624
2026-03-31,AMGN,top_quintile_score_model,0.194722,-0.133473
2026-03-31,BKNG,top_quintile_score_model,0.250787,-0.061109
2026-03-31,CL,top_quintile_score_model,0.184956,-0.096688
2026-03-31,DE,top_quintile_score_model,0.227695,-0.099989
2026-03-31,GD,top_quintile_score_model,0.182936,-0.102664
2026-03-31,IBM,top_quintile_score_model,0.284764,-0.157246
2026-03-31,KO,top_quintile_score_model,0.149082,-0.057085
2026-03-31,MDLZ,top_quintile_score_model,0.184705,-0.035179
2026-03-31,NFLX,top_quintile_score_model,0.182642,-0.13608
2026-03-31,PFE,top_quintile_score_model,0.158345,-0.158981
2026-03-31,ROP,top_quintile_score_model,0.202837,-0.085639
2026-03-31,SYK,top_quintile_score_model,0.173637,-0.135129
2026-03-31,UNP,top_quintile_score_model,0.167617,-0.00283
2026-03-31,XOM,top_quintile_score_model,0.181755,-0.182519
2026-04-30,AMAT,top_quintile_score_model,0.338589,0.089658
2026-04-30,BA,top_quintile_score_model,0.211621,-0.043369
2026-04-30,CDNS,top_quintile_score_model,0.272044,0.084939
2026-04-30,CVS,top_quintile_score_model,0.188689,0.039702
2026-04-30,ETN,top_quintile_score_model,0.217807,-0.124917
2026-04-30,HD,top_quintile_score_model,0.17539,-0.088088
2026-04-30,JPM,top_quintile_score_model,0.165824,-0.097066
2026-04-30,MCD,top_quintile_score_model,0.151117,-0.10164
2026-04-30,MU,top_quintile_score_model,0.425329,0.824936
2026-04-30,PANW,top_quintile_score_model,0.26208,0.518253
2026-04-30,QCOM,top_quintile_score_model,0.213826,0.345191
2026-04-30,SO,top_quintile_score_model,0.15219,-0.092831
2026-04-30,UBER,top_quintile_score_model,0.200011,-0.109052
2026-04-30,WM,top_quintile_score_model,0.163998,-0.143316
