ticker,as_of_date,target_date,fold_id,model_name,score,predicted_excess_return_5d,prob_outperform_spy,lo_return_5d,hi_return_5d,interval_width,risk_band,realized_excess_return_5d_vs_spy,realized_return_5d,spy_return_5d,outperform_spy_flag,positive_return_flag
SYN_A,2023-09-29,2023-10-06,0,ridge,0.003076044146778569,0.003076044146778569,0.6218905472636815,,,,,0.05924551329140937,0.029346348847488546,-0.029899164443920823,True,True
SYN_A,2023-10-02,2023-10-09,0,ridge,0.001968495531387127,0.001968495531387127,0.572139303482587,,,,,0.06164849585854082,0.045469817877656915,-0.016178677980883904,True,True
SYN_A,2023-10-03,2023-10-10,0,ridge,0.0029932824164128373,0.0029932824164128373,0.6169154228855721,,,,,0.0271869936148581,0.03592481957764204,0.00873782596278394,True,True
SYN_A,2023-10-04,2023-10-11,0,ridge,0.0026649659288750277,0.0026649659288750277,0.5920398009950248,,,,,0.008945284635251571,0.03223266994437202,0.023287385309120445,True,True
SYN_A,2023-10-05,2023-10-12,0,ridge,0.002697881037756226,0.002697881037756226,0.5970149253731343,,,,,0.0046916845198343715,0.035564065305144554,0.030872380785310183,True,True
SYN_A,2023-10-06,2023-10-13,0,ridge,-0.0016750282405276823,-0.0016750282405276823,0.5174129353233831,,,,,-0.027697718510788727,0.01736554658601408,0.04506326509680281,False,True
SYN_A,2023-10-09,2023-10-16,0,ridge,-0.001425402525563918,-0.001425402525563918,0.527363184079602,,,,,-0.07712187560799422,-0.018813219744670096,0.05830865586332412,False,False
SYN_A,2023-10-10,2023-10-17,0,ridge,-0.0009829875994651696,-0.0009829875994651696,0.5323383084577115,,,,,-0.03726513025099609,0.0029115983820229285,0.04017672863301902,False,True
SYN_A,2023-10-11,2023-10-18,0,ridge,-0.002910443090912312,-0.002910443090912312,0.472636815920398,,,,,-0.035674326862089156,-0.006095884018146425,0.02957844284394273,False,False
SYN_A,2023-10-12,2023-10-19,0,ridge,-0.003706197319286459,-0.003706197319286459,0.4427860696517413,,,,,-0.034312050286859574,-0.004128181269747455,0.03018386901711212,False,False
SYN_A,2023-10-13,2023-10-20,0,ridge,-0.003788210759140366,-0.003788210759140366,0.43781094527363185,,,,,-0.025059516770294055,0.0014954430421894038,0.02655495981248346,False,True
SYN_A,2023-10-16,2023-10-23,0,ridge,-0.002823025997036364,-0.002823025997036364,0.47761194029850745,,,,,-0.007941172537855978,0.008904305237625865,0.016845477775481843,False,True
SYN_A,2023-10-17,2023-10-24,0,ridge,-0.0008258607825674035,-0.0008258607825674035,0.5373134328358209,,,,,-0.013263319192271639,-0.010540049766122661,0.0027232694261489776,False,False
SYN_A,2023-10-18,2023-10-25,0,ridge,-0.00026601940602723716,-0.00026601940602723716,0.5422885572139303,,,,,0.008814315789219873,-0.010405874804370274,-0.019220190593590147,True,False
SYN_A,2023-10-19,2023-10-26,0,ridge,0.0019062270140805969,0.0019062270140805969,0.5671641791044776,,,,,0.0012515737149746409,-0.008764590260814664,-0.010016163975789305,True,False
SYN_A,2023-10-20,2023-10-27,0,ridge,0.0031516713026380353,0.0031516713026380353,0.6268656716417911,,,,,-0.01643692927179108,-0.024926508596184727,-0.008489579324393648,False,False
SYN_A,2023-10-23,2023-10-30,0,ridge,0.005115686872274351,0.005115686872274351,0.6567164179104478,,,,,-0.030314371204983592,-0.02608457168573941,0.004229799519244182,False,False
SYN_A,2023-10-24,2023-10-31,0,ridge,0.007546737156989853,0.007546737156989853,0.7064676616915423,,,,,-0.04647513387760405,-0.0259988921846116,0.020476241692992447,False,False
SYN_A,2023-10-25,2023-11-01,0,ridge,0.008648388546153298,0.008648388546153298,0.7164179104477612,,,,,-0.054212072039701464,-0.02373040194798759,0.030481670091713875,False,False
SYN_A,2023-10-26,2023-11-02,0,ridge,0.014075496419306579,0.014075496419306579,0.7213930348258707,,,,,-0.045602117956963784,-0.021418054519363516,0.024184063437600267,False,False
SYN_A,2023-10-27,2023-11-03,0,ridge,0.01539716083852815,0.01539716083852815,0.7263681592039801,,,,,-0.04054248897951074,-0.012266341528433866,0.028276147451076872,False,False
SYN_A,2023-10-30,2023-11-06,0,ridge,0.017008874652639113,0.017008874652639113,0.7313432835820896,,,,,-0.025567908528764782,0.0014054618825067866,0.02697337041127157,False,True
SYN_A,2023-10-31,2023-11-07,0,ridge,0.018712353076443325,0.018712353076443325,0.7412935323383084,,,,,-0.011447275730069428,0.0030007837086218903,0.014448059438691319,False,True
SYN_A,2023-11-01,2023-11-08,0,ridge,0.019064403273188764,0.019064403273188764,0.746268656716418,,,,,-0.009756495029398016,0.0053031460432351185,0.015059641072633134,False,True
SYN_A,2023-11-02,2023-11-09,0,ridge,0.017398128813519206,0.017398128813519206,0.736318407960199,,,,,-0.0060160095952059844,-0.0014842547345268464,0.004531754860679138,False,False
SYN_B,2023-09-29,2023-10-06,0,ridge,0.002432190882449346,0.002432190882449346,0.582089552238806,,,,,0.026559832074654066,-0.0033393323692667565,-0.029899164443920823,True,False
SYN_B,2023-10-02,2023-10-09,0,ridge,0.001619828907575993,0.001619828907575993,0.5572139303482587,,,,,0.0013549005662407687,-0.014823777414643136,-0.016178677980883904,True,False
SYN_B,2023-10-03,2023-10-10,0,ridge,0.00414750101153281,0.00414750101153281,0.6368159203980099,,,,,-0.005468253890453578,0.0032695720723303623,0.00873782596278394,False,True
SYN_B,2023-10-04,2023-10-11,0,ridge,0.002389603385993538,0.002389603385993538,0.5771144278606966,,,,,-0.039145982182545835,-0.01585859687342539,0.023287385309120445,False,False
SYN_B,2023-10-05,2023-10-12,0,ridge,0.004362275145067191,0.004362275145067191,0.6417910447761194,,,,,-0.0185736706901094,0.012298710095200782,0.030872380785310183,False,True
SYN_B,2023-10-06,2023-10-13,0,ridge,0.00544792638128713,0.00544792638128713,0.6616915422885572,,,,,-0.029125857569206604,0.015937407527596203,0.04506326509680281,False,True
SYN_B,2023-10-09,2023-10-16,0,ridge,0.006203482668855852,0.006203482668855852,0.6766169154228856,,,,,-0.05332415252199274,0.004984503341331381,0.05830865586332412,False,True
SYN_B,2023-10-10,2023-10-17,0,ridge,0.006505336769585886,0.006505336769585886,0.6865671641791045,,,,,-0.06626464007313848,-0.02608791144011946,0.04017672863301902,False,False
SYN_B,2023-10-11,2023-10-18,0,ridge,0.008094066203629464,0.008094066203629464,0.7114427860696517,,,,,-0.05655250144688584,-0.026974058602943107,0.02957844284394273,False,False
SYN_B,2023-10-12,2023-10-19,0,ridge,0.007531326744122207,0.007531326744122207,0.7014925373134329,,,,,-0.057616547583266176,-0.027432678566154056,0.03018386901711212,False,False
SYN_B,2023-10-13,2023-10-20,0,ridge,0.0070417003180219435,0.0070417003180219435,0.6965174129353234,,,,,-0.05575486105967631,-0.02919990124719285,0.02655495981248346,False,False
SYN_B,2023-10-16,2023-10-23,0,ridge,0.004699853149356672,0.004699853149356672,0.6467661691542289,,,,,-0.028713674978823933,-0.01186819720334209,0.016845477775481843,False,False
SYN_B,2023-10-17,2023-10-24,0,ridge,0.0025283580677385063,0.0025283580677385063,0.5870646766169154,,,,,0.006527733048999673,0.00925100247514865,0.0027232694261489776,True,True
SYN_B,2023-10-18,2023-10-25,0,ridge,0.0016355416875691439,0.0016355416875691439,0.5621890547263682,,,,,0.04343366030147766,0.024213469707887514,-0.019220190593590147,True,True
SYN_B,2023-10-19,2023-10-26,0,ridge,6.372484776216453e-05,6.372484776216453e-05,0.5472636815920398,,,,,0.027929142796587425,0.01791297882079812,-0.010016163975789305,True,True
SYN_B,2023-10-20,2023-10-27,0,ridge,0.0068377532565644964,0.0068377532565644964,0.6915422885572139,,,,,0.02669465558535722,0.01820507626096357,-0.008489579324393648,True,True
SYN_B,2023-10-23,2023-10-30,0,ridge,0.006095296008302022,0.006095296008302022,0.6716417910447762,,,,,0.003344737064011838,0.00757453658325602,0.004229799519244182,True,True
SYN_B,2023-10-24,2023-10-31,0,ridge,0.006334737006071287,0.006334737006071287,0.681592039800995,,,,,-0.0006457232333410001,0.019830518459651447,0.020476241692992447,False,True
SYN_B,2023-10-25,2023-11-01,0,ridge,0.002901217861480238,0.002901217861480238,0.6119402985074627,,,,,-0.0018642823595171887,0.028617387732196686,0.030481670091713875,False,True
SYN_B,2023-10-26,2023-11-02,0,ridge,0.0041463556652434255,0.0041463556652434255,0.6318407960199005,,,,,-0.010959764355545909,0.013224299082054358,0.024184063437600267,False,True
SYN_B,2023-10-27,2023-11-03,0,ridge,0.005448692769241598,0.005448692769241598,0.6666666666666666,,,,,0.0023005788967496166,0.03057672634782649,0.028276147451076872,True,True
SYN_B,2023-10-30,2023-11-06,0,ridge,0.004755482520941808,0.004755482520941808,0.6517412935323383,,,,,0.0249246345748646,0.05189800498613617,0.02697337041127157,True,True
SYN_B,2023-10-31,2023-11-07,0,ridge,0.0027695091983067233,0.0027695091983067233,0.6069651741293532,,,,,0.024277064913157398,0.038725124351848716,0.014448059438691319,True,True
SYN_B,2023-11-01,2023-11-08,0,ridge,0.0011400195310092634,0.0011400195310092634,0.5522388059701493,,,,,-0.012320092925679038,0.002739548146954096,0.015059641072633134,False,True
SYN_B,2023-11-02,2023-11-09,0,ridge,0.002746588110576023,0.002746588110576023,0.6019900497512438,,,,,0.010901307727736897,0.015433062588416036,0.004531754860679138,True,True
SYN_C,2023-09-29,2023-10-06,0,ridge,0.043350857519542874,0.043350857519542874,0.945273631840796,,,,,0.09938280674554067,0.06948364230161985,-0.029899164443920823,True,True
SYN_C,2023-10-02,2023-10-09,0,ridge,0.04392025989641857,0.04392025989641857,0.9502487562189055,,,,,0.09367525534995513,0.07749657736907123,-0.016178677980883904,True,True
SYN_C,2023-10-03,2023-10-10,0,ridge,0.04259933775055299,0.04259933775055299,0.9203980099502488,,,,,0.061489823876966554,0.0702276498397505,0.00873782596278394,True,True
SYN_C,2023-10-04,2023-10-11,0,ridge,0.03935401709583236,0.03935401709583236,0.8855721393034826,,,,,0.040830335043224864,0.06411772035234531,0.023287385309120445,True,True
SYN_C,2023-10-05,2023-10-12,0,ridge,0.03917410034887571,0.03917410034887571,0.8805970149253731,,,,,0.008584287914883415,0.0394566687001936,0.030872380785310183,True,True
SYN_C,2023-10-06,2023-10-13,0,ridge,0.03802903056200182,0.03802903056200182,0.8557213930348259,,,,,-0.019231382517547857,0.02583188257925495,0.04506326509680281,False,True
SYN_C,2023-10-09,2023-10-16,0,ridge,0.038544148208505866,0.038544148208505866,0.8656716417910447,,,,,-0.05573090281273263,0.0025777530505914914,0.05830865586332412,False,True
SYN_C,2023-10-10,2023-10-17,0,ridge,0.04024653459739393,0.04024653459739393,0.900497512437811,,,,,-0.03761351400758972,0.0025632146254293,0.04017672863301902,False,True
SYN_C,2023-10-11,2023-10-18,0,ridge,0.039625930499482195,0.039625930499482195,0.8905472636815921,,,,,-0.024414502949719807,0.005163939894222924,0.02957844284394273,False,True
SYN_C,2023-10-12,2023-10-19,0,ridge,0.041132983099680304,0.041132983099680304,0.9104477611940298,,,,,0.003289027122130639,0.03347289613924276,0.03018386901711212,True,True
SYN_C,2023-10-13,2023-10-20,0,ridge,0.04332820596365115,0.04332820596365115,0.9402985074626866,,,,,0.004155448485446911,0.03071040829793037,0.02655495981248346,True,True
SYN_C,2023-10-16,2023-10-23,0,ridge,0.04168768045282502,0.04168768045282502,0.9154228855721394,,,,,0.023024309099490825,0.03986978687497267,0.016845477775481843,True,True
SYN_C,2023-10-17,2023-10-24,0,ridge,0.042780324248880466,0.042780324248880466,0.9353233830845771,,,,,0.035921334115973425,0.0386446035421224,0.0027232694261489776,True,True
SYN_C,2023-10-18,2023-10-25,0,ridge,0.042747969808065646,0.042747969808065646,0.9303482587064676,,,,,0.051986537578640246,0.0327663469850501,-0.019220190593590147,True,True
SYN_C,2023-10-19,2023-10-26,0,ridge,0.040434495463139236,0.040434495463139236,0.9054726368159204,,,,,0.028352273198706368,0.018336109222917063,-0.010016163975789305,True,True
SYN_C,2023-10-20,2023-10-27,0,ridge,0.042599355291643576,0.042599355291643576,0.9253731343283582,,,,,0.02506033620691961,0.01657075688252596,-0.008489579324393648,True,True
SYN_C,2023-10-23,2023-10-30,0,ridge,0.04440769767564078,0.04440769767564078,0.9552238805970149,,,,,0.01899831508677363,0.023228114606017813,0.004229799519244182,True,True
SYN_C,2023-10-24,2023-10-31,0,ridge,0.04700838297704598,0.04700838297704598,0.9651741293532339,,,,,-0.0014701715074936228,0.019006070185498825,0.020476241692992447,False,True
SYN_C,2023-10-25,2023-11-01,0,ridge,0.049331722647122385,0.049331722647122385,0.9950248756218906,,,,,-0.015093849318836172,0.015387820772877703,0.030481670091713875,False,True
SYN_C,2023-10-26,2023-11-02,0,ridge,0.04644802899245144,0.04644802899245144,0.9601990049751243,,,,,-0.009598388980248895,0.014585674457351372,0.024184063437600267,False,True
SYN_C,2023-10-27,2023-11-03,0,ridge,0.04826252958589833,0.04826252958589833,0.9751243781094527,,,,,-0.03583915331838994,-0.007563005867313066,0.028276147451076872,False,False
SYN_C,2023-10-30,2023-11-06,0,ridge,0.04840352139061746,0.04840352139061746,0.9800995024875622,,,,,-0.03909972302829856,-0.012126352617026992,0.02697337041127157,False,False
SYN_C,2023-10-31,2023-11-07,0,ridge,0.04872099013042533,0.04872099013042533,0.9900497512437811,,,,,-0.03741442687322072,-0.0229663674345294,0.014448059438691319,False,False
SYN_C,2023-11-01,2023-11-08,0,ridge,0.04840436297718725,0.04840436297718725,0.9850746268656716,,,,,-0.02105538527599604,-0.005995744203362907,0.015059641072633134,False,False
SYN_C,2023-11-02,2023-11-09,0,ridge,0.04776329893493648,0.04776329893493648,0.9701492537313433,,,,,0.007375208436300795,0.011906963296979933,0.004531754860679138,True,True
SYN_D,2023-09-29,2023-10-06,0,ridge,-0.005506762637869657,-0.005506762637869657,0.373134328358209,,,,,0.045248398693788605,0.015349234249867783,-0.029899164443920823,True,True
SYN_D,2023-10-02,2023-10-09,0,ridge,-0.0070360868300625564,-0.0070360868300625564,0.3283582089552239,,,,,0.02766081989580349,0.011482141914919586,-0.016178677980883904,True,True
SYN_D,2023-10-03,2023-10-10,0,ridge,-0.00829882028420063,-0.00829882028420063,0.25870646766169153,,,,,0.004732656283607861,0.013470482246391802,0.00873782596278394,True,True
SYN_D,2023-10-04,2023-10-11,0,ridge,-0.006584863474317511,-0.006584863474317511,0.35323383084577115,,,,,-0.030743834787270607,-0.007456449478150162,0.023287385309120445,False,False
SYN_D,2023-10-05,2023-10-12,0,ridge,-0.007267895379054846,-0.007267895379054846,0.30845771144278605,,,,,-0.03033948942023401,0.0005328913650761713,0.030872380785310183,False,True
SYN_D,2023-10-06,2023-10-13,0,ridge,-0.008218012991602418,-0.008218012991602418,0.263681592039801,,,,,-0.05592512715651499,-0.01086186205971218,0.04506326509680281,False,False
SYN_D,2023-10-09,2023-10-16,0,ridge,-0.008832846106908113,-0.008832846106908113,0.21890547263681592,,,,,-0.08181815927853953,-0.023509503415215405,0.05830865586332412,False,False
SYN_D,2023-10-10,2023-10-17,0,ridge,-0.009322409408210896,-0.009322409408210896,0.19900497512437812,,,,,-0.07794952335080318,-0.037772794717784164,0.04017672863301902,False,False
SYN_D,2023-10-11,2023-10-18,0,ridge,-0.011764326574307711,-0.011764326574307711,0.11442786069651742,,,,,-0.06781090839020154,-0.03823246554625881,0.02957844284394273,False,False
SYN_D,2023-10-12,2023-10-19,0,ridge,-0.013438682689803617,-0.013438682689803617,0.07462686567164178,,,,,-0.0942035838223606,-0.06401971480524848,0.03018386901711212,False,False
SYN_D,2023-10-13,2023-10-20,0,ridge,-0.008963695092983292,-0.008963695092983292,0.21393034825870647,,,,,-0.07324479942676154,-0.046689839614278084,0.02655495981248346,False,False
SYN_D,2023-10-16,2023-10-23,0,ridge,-0.009974184048326458,-0.009974184048326458,0.1691542288557214,,,,,-0.048341282788929574,-0.03149580501344773,0.016845477775481843,False,False
SYN_D,2023-10-17,2023-10-24,0,ridge,-0.006425242875487174,-0.006425242875487174,0.3582089552238806,,,,,-0.039488288267907734,-0.036765018841758756,0.0027232694261489776,False,False
SYN_D,2023-10-18,2023-10-25,0,ridge,-0.007557622897447326,-0.007557622897447326,0.2835820895522388,,,,,0.007884250764880418,-0.011335939828709729,-0.019220190593590147,True,False
SYN_D,2023-10-19,2023-10-26,0,ridge,-0.008656012134767417,-0.008656012134767417,0.22388059701492538,,,,,0.011358990522053136,0.0013428265462638311,-0.010016163975789305,True,True
SYN_D,2023-10-20,2023-10-27,0,ridge,-0.0100243879758556,-0.0100243879758556,0.16417910447761194,,,,,0.0281247120629996,0.019635132738605954,-0.008489579324393648,True,True
SYN_D,2023-10-23,2023-10-30,0,ridge,-0.010366877830712464,-0.010366877830712464,0.14925373134328357,,,,,0.01143110746287146,0.01566090698211564,0.004229799519244182,True,True
SYN_D,2023-10-24,2023-10-31,0,ridge,-0.00862170309876837,-0.00862170309876837,0.22885572139303484,,,,,0.001639100546330985,0.022115342239323432,0.020476241692992447,True,True
SYN_D,2023-10-25,2023-11-01,0,ridge,-0.012917904590968126,-0.012917904590968126,0.0845771144278607,,,,,-0.014458320987798645,0.01602334910391523,0.030481670091713875,False,True
SYN_D,2023-10-26,2023-11-02,0,ridge,-0.014394317842977972,-0.014394317842977972,0.03482587064676617,,,,,0.0018730207014114875,0.026057084139011755,0.024184063437600267,True,True
SYN_D,2023-10-27,2023-11-03,0,ridge,-0.017320396740899732,-0.017320396740899732,0.01990049751243781,,,,,0.0006887603470264736,0.028964907798103345,0.028276147451076872,True,True
SYN_D,2023-10-30,2023-11-06,0,ridge,-0.017275981299669514,-0.017275981299669514,0.024875621890547265,,,,,0.023992184171439446,0.050965554582711015,0.02697337041127157,True,True
SYN_D,2023-10-31,2023-11-07,0,ridge,-0.01747153099021864,-0.01747153099021864,0.014925373134328358,,,,,0.044279631853322954,0.05872769129201427,0.014448059438691319,True,True
SYN_D,2023-11-01,2023-11-08,0,ridge,-0.01776166942575731,-0.01776166942575731,0.004975124378109453,,,,,0.03700141492953413,0.05206105600216726,0.015059641072633134,True,True
SYN_D,2023-11-02,2023-11-09,0,ridge,-0.017753152118005648,-0.017753152118005648,0.009950248756218905,,,,,0.03049180652366701,0.03502356138434615,0.004531754860679138,True,True
SYN_E,2023-09-29,2023-10-06,0,ridge,-0.00415351763353359,-0.00415351763353359,0.4228855721393035,,,,,0.004914296382459216,-0.024984868061461607,-0.029899164443920823,True,False
SYN_E,2023-10-02,2023-10-09,0,ridge,-0.0027166109605512674,-0.0027166109605512674,0.48756218905472637,,,,,-0.03352025404813719,-0.04969893202902109,-0.016178677980883904,False,False
SYN_E,2023-10-03,2023-10-10,0,ridge,-0.0025734612007218263,-0.0025734612007218263,0.5024875621890548,,,,,-0.05603774700278907,-0.04729992104000513,0.00873782596278394,False,False
SYN_E,2023-10-04,2023-10-11,0,ridge,-0.006393629776979008,-0.006393629776979008,0.36318407960199006,,,,,-0.05999454922774383,-0.03670716391862339,0.023287385309120445,False,False
SYN_E,2023-10-05,2023-10-12,0,ridge,-0.0069317600963231035,-0.0069317600963231035,0.3383084577114428,,,,,-0.06798384341718566,-0.03711146263187548,0.030872380785310183,False,False
SYN_E,2023-10-06,2023-10-13,0,ridge,-0.0035906334784884036,-0.0035906334784884036,0.44776119402985076,,,,,-0.0868490191172554,-0.04178575402045259,0.04506326509680281,False,False
SYN_E,2023-10-09,2023-10-16,0,ridge,-0.004856220565303995,-0.004856220565303995,0.4079601990049751,,,,,-0.07383446587625297,-0.015525810012928853,0.05830865586332412,False,False
SYN_E,2023-10-10,2023-10-17,0,ridge,-0.007434558628985794,-0.007434558628985794,0.2885572139303483,,,,,-0.03665110845153752,0.0035256201814815036,0.04017672863301902,False,True
SYN_E,2023-10-11,2023-10-18,0,ridge,-0.008317401791274173,-0.008317401791274173,0.24875621890547264,,,,,-0.02925038298975946,0.0003280598541832713,0.02957844284394273,False,True
SYN_E,2023-10-12,2023-10-19,0,ridge,-0.008150007076197844,-0.008150007076197844,0.26865671641791045,,,,,-0.04412961257509218,-0.013945743557980061,0.03018386901711212,False,False
SYN_E,2023-10-13,2023-10-20,0,ridge,-0.010598030610912905,-0.010598030610912905,0.13432835820895522,,,,,-0.015634349461387975,0.010920610351095483,0.02655495981248346,False,True
SYN_E,2023-10-16,2023-10-23,0,ridge,-0.009117313721923474,-0.009117313721923474,0.20398009950248755,,,,,0.009732493316433999,0.026577971091915842,0.016845477775481843,True,True
SYN_E,2023-10-17,2023-10-24,0,ridge,-0.009345442048238378,-0.009345442048238378,0.19402985074626866,,,,,0.027636633873799,0.030359903299947977,0.0027232694261489776,True,True
SYN_E,2023-10-18,2023-10-25,0,ridge,-0.008616087045224964,-0.008616087045224964,0.23383084577114427,,,,,0.06105800266288186,0.04183781206929171,-0.019220190593590147,True,True
SYN_E,2023-10-19,2023-10-26,0,ridge,-0.004985770803585314,-0.004985770803585314,0.39303482587064675,,,,,0.06805742542351145,0.05804126144772215,-0.010016163975789305,True,True
SYN_E,2023-10-20,2023-10-27,0,ridge,-0.008302103172851027,-0.008302103172851027,0.2537313432835821,,,,,0.049839930267895016,0.04135035094350137,-0.008489579324393648,True,True
SYN_E,2023-10-23,2023-10-30,0,ridge,-0.011940062173853724,-0.011940062173853724,0.10945273631840796,,,,,0.015278185587964899,0.01950798510720908,0.004229799519244182,True,True
SYN_E,2023-10-24,2023-10-31,0,ridge,-0.01364562037293458,-0.01364562037293458,0.05970149253731343,,,,,-0.022594380922552948,-0.0021181392295605006,0.020476241692992447,False,False
SYN_E,2023-10-25,2023-11-01,0,ridge,-0.013945957808884316,-0.013945957808884316,0.04477611940298507,,,,,-0.040107799944503086,-0.009626129852789211,0.030481670091713875,False,False
SYN_E,2023-10-26,2023-11-02,0,ridge,-0.013976782511342191,-0.013976782511342191,0.03980099502487562,,,,,-0.04725498361991809,-0.023070920182317822,0.024184063437600267,False,False
SYN_E,2023-10-27,2023-11-03,0,ridge,-0.013558600732874088,-0.013558600732874088,0.06467661691542288,,,,,-0.025522091417273796,0.002754056033803076,0.028276147451076872,False,True
SYN_E,2023-10-30,2023-11-06,0,ridge,-0.011999907562118061,-0.011999907562118061,0.1044776119402985,,,,,-0.019891305219905453,0.007082065191366116,0.02697337041127157,False,True
SYN_E,2023-10-31,2023-11-07,0,ridge,-0.012621760939950186,-0.012621760939950186,0.08955223880597014,,,,,0.015215233235410519,0.029663292674101838,0.014448059438691319,True,True
SYN_E,2023-11-01,2023-11-08,0,ridge,-0.010089088176500022,-0.010089088176500022,0.15920398009950248,,,,,0.03278358288742389,0.047843223960057024,0.015059641072633134,True,True
SYN_E,2023-11-02,2023-11-09,0,ridge,-0.0069557627370826864,-0.0069557627370826864,0.3333333333333333,,,,,0.045911150550434376,0.050442905411113514,0.004531754860679138,True,True
SYN_F,2023-09-29,2023-10-06,0,ridge,0.03506074304730608,0.03506074304730608,0.8109452736318408,,,,,0.02614424101405366,-0.003754923429867163,-0.029899164443920823,True,False
SYN_F,2023-10-02,2023-10-09,0,ridge,0.032724135485501175,0.032724135485501175,0.8059701492537313,,,,,0.008851990245510089,-0.007326687735373816,-0.016178677980883904,True,False
SYN_F,2023-10-03,2023-10-10,0,ridge,0.03195393981796232,0.03195393981796232,0.8009950248756219,,,,,-0.012127832381147452,-0.0033900064183635115,0.00873782596278394,False,False
SYN_F,2023-10-04,2023-10-11,0,ridge,0.03589574911541112,0.03589574911541112,0.8308457711442786,,,,,-0.01662507430736082,0.006662311001759624,0.023287385309120445,False,True
SYN_F,2023-10-05,2023-10-12,0,ridge,0.037339104046784616,0.037339104046784616,0.845771144278607,,,,,-0.0369817118182163,-0.006109331032906118,0.030872380785310183,False,False
SYN_F,2023-10-06,2023-10-13,0,ridge,0.03986558111104684,0.03986558111104684,0.8955223880597015,,,,,-0.04783535130020311,-0.0027720862034003035,0.04506326509680281,False,False
SYN_F,2023-10-09,2023-10-16,0,ridge,0.039008813629175965,0.039008813629175965,0.8756218905472637,,,,,-0.07885007615417117,-0.020541420290847046,0.05830865586332412,False,False
SYN_F,2023-10-10,2023-10-17,0,ridge,0.03752564272164092,0.03752564272164092,0.8507462686567164,,,,,-0.04434769880253664,-0.004170970169517618,0.04017672863301902,False,False
SYN_F,2023-10-11,2023-10-18,0,ridge,0.038720516167320425,0.038720516167320425,0.8706467661691543,,,,,-0.02523783363944121,0.004340609204501522,0.02957844284394273,False,True
SYN_F,2023-10-12,2023-10-19,0,ridge,0.03803298743068992,0.03803298743068992,0.8606965174129353,,,,,0.005879717311334742,0.03606358632844686,0.03018386901711212,True,True
SYN_F,2023-10-13,2023-10-20,0,ridge,0.0358773276140834,0.0358773276140834,0.8258706467661692,,,,,0.040952199416825374,0.06750715922930883,0.02655495981248346,True,True
SYN_F,2023-10-16,2023-10-23,0,ridge,0.0366653509566735,0.0366653509566735,0.8407960199004975,,,,,0.08269976417872349,0.09954524195420533,0.016845477775481843,True,True
SYN_F,2023-10-17,2023-10-24,0,ridge,0.03613869386114314,0.03613869386114314,0.835820895522388,,,,,0.0990189161603694,0.10174218558651837,0.0027232694261489776,True,True
SYN_F,2023-10-18,2023-10-25,0,ridge,0.03539669636970851,0.03539669636970851,0.8159203980099502,,,,,0.0892672756827938,0.07004708508920365,-0.019220190593590147,True,True
SYN_F,2023-10-19,2023-10-26,0,ridge,0.03561190934042845,0.03561190934042845,0.8208955223880597,,,,,0.061995703070832575,0.05197953909504327,-0.010016163975789305,True,True
SYN_F,2023-10-20,2023-10-27,0,ridge,0.03095471831805471,0.03095471831805471,0.7960199004975125,,,,,0.03660351036018261,0.028113931035788964,-0.008489579324393648,True,True
SYN_F,2023-10-23,2023-10-30,0,ridge,0.028397348099448026,0.028397348099448026,0.7860696517412935,,,,,0.006811416846859597,0.011041216366103779,0.004229799519244182,True,True
SYN_F,2023-10-24,2023-10-31,0,ridge,0.0273688923620563,0.0273688923620563,0.7810945273631841,,,,,-0.033915122126436104,-0.013438880433443656,0.020476241692992447,False,False
SYN_F,2023-10-25,2023-11-01,0,ridge,0.02971976414007949,0.02971976414007949,0.7910447761194029,,,,,-0.01880026070631957,0.011681409385394304,0.030481670091713875,False,True
SYN_F,2023-10-26,2023-11-02,0,ridge,0.026653935265299876,0.026653935265299876,0.7761194029850746,,,,,-0.00913385454671456,0.015050208890885708,0.024184063437600267,False,True
SYN_F,2023-10-27,2023-11-03,0,ridge,0.026247402866313316,0.026247402866313316,0.7711442786069652,,,,,-0.022554334151468236,0.005721813299608636,0.028276147451076872,False,True
SYN_F,2023-10-30,2023-11-06,0,ridge,0.02547031741097643,0.02547031741097643,0.7661691542288557,,,,,-0.014762921538946427,0.012210448872325141,0.02697337041127157,False,True
SYN_F,2023-10-31,2023-11-07,0,ridge,0.024613336477579222,0.024613336477579222,0.7562189054726368,,,,,0.010732650480569594,0.025180709919260913,0.014448059438691319,True,True
SYN_F,2023-11-01,2023-11-08,0,ridge,0.0237421926335783,0.0237421926335783,0.7512437810945274,,,,,-0.011319648671586968,0.003739992401046166,0.015059641072633134,False,True
SYN_F,2023-11-02,2023-11-09,0,ridge,0.02494835674165106,0.02494835674165106,0.7611940298507462,,,,,-0.009914063649126281,-0.005382308788447143,0.004531754860679138,False,False
SYN_G,2023-09-29,2023-10-06,0,ridge,-0.013044282225165307,-0.013044282225165307,0.07960199004975124,,,,,0.05411887632812995,0.024219711884209127,-0.029899164443920823,True,True
SYN_G,2023-10-02,2023-10-09,0,ridge,-0.010960743378073689,-0.010960743378073689,0.12437810945273632,,,,,0.03696483121525107,0.020786153234367166,-0.016178677980883904,True,True
SYN_G,2023-10-03,2023-10-10,0,ridge,-0.012509146997361071,-0.012509146997361071,0.09950248756218906,,,,,0.007049808229212529,0.01578763419199647,0.00873782596278394,True,True
SYN_G,2023-10-04,2023-10-11,0,ridge,-0.013699918486843862,-0.013699918486843862,0.05472636815920398,,,,,0.005025364800679499,0.028312750109799945,0.023287385309120445,True,True
SYN_G,2023-10-05,2023-10-12,0,ridge,-0.015723962167214764,-0.015723962167214764,0.029850746268656716,,,,,0.003623022322720937,0.03449540310803112,0.030872380785310183,True,True
SYN_G,2023-10-06,2023-10-13,0,ridge,-0.013780246926561726,-0.013780246926561726,0.04975124378109453,,,,,0.019230668253501948,0.06429393335030475,0.04506326509680281,True,True
SYN_G,2023-10-09,2023-10-16,0,ridge,-0.013450711808965302,-0.013450711808965302,0.06965174129353234,,,,,-0.00919909505860561,0.04910956080471851,0.05830865586332412,False,True
SYN_G,2023-10-10,2023-10-17,0,ridge,-0.012523167611588091,-0.012523167611588091,0.0945273631840796,,,,,-0.016816875838428613,0.023359852794590408,0.04017672863301902,False,True
SYN_G,2023-10-11,2023-10-18,0,ridge,-0.009756591403897143,-0.009756591403897143,0.18407960199004975,,,,,-0.011798479141027052,0.01777996370291568,0.02957844284394273,False,True
SYN_G,2023-10-12,2023-10-19,0,ridge,-0.007975073974586699,-0.007975073974586699,0.2736318407960199,,,,,-0.04235686577425468,-0.012172996757142562,0.03018386901711212,False,False
SYN_G,2023-10-13,2023-10-20,0,ridge,-0.0067690287311538,-0.0067690287311538,0.3482587064676617,,,,,-0.05906295254486238,-0.03250799273237892,0.02655495981248346,False,False
SYN_G,2023-10-16,2023-10-23,0,ridge,-0.007064830047811765,-0.007064830047811765,0.32338308457711445,,,,,-0.03409194781107694,-0.017246470035595096,0.016845477775481843,False,False
SYN_G,2023-10-17,2023-10-24,0,ridge,-0.010513383915221594,-0.010513383915221594,0.13930348258706468,,,,,-0.016386006680696785,-0.013662737254547808,0.0027232694261489776,False,False
SYN_G,2023-10-18,2023-10-25,0,ridge,-0.009905797463515179,-0.009905797463515179,0.17412935323383086,,,,,-0.02247937434006586,-0.04169956493365601,-0.019220190593590147,False,False
SYN_G,2023-10-19,2023-10-26,0,ridge,-0.008556191216546626,-0.008556191216546626,0.24378109452736318,,,,,-0.024881184997153194,-0.0348973489729425,-0.010016163975789305,False,False
SYN_G,2023-10-20,2023-10-27,0,ridge,-0.007125039707441091,-0.007125039707441091,0.31840796019900497,,,,,-0.024498484988303537,-0.032988064312697185,-0.008489579324393648,False,False
SYN_G,2023-10-23,2023-10-30,0,ridge,-0.001661205042316336,-0.001661205042316336,0.5223880597014925,,,,,-0.04725287491465768,-0.0430230753954135,0.004229799519244182,False,False
SYN_G,2023-10-24,2023-10-31,0,ridge,-0.004577257666045393,-0.004577257666045393,0.4129353233830846,,,,,-0.0491895954531828,-0.028713353760190352,0.020476241692992447,False,False
SYN_G,2023-10-25,2023-11-01,0,ridge,-0.004974906254438146,-0.004974906254438146,0.39800995024875624,,,,,-0.04382769438718348,-0.013346024295469605,0.030481670091713875,False,False
SYN_G,2023-10-26,2023-11-02,0,ridge,-0.005082216217332322,-0.005082216217332322,0.3880597014925373,,,,,-0.052006551449651606,-0.02782248801205134,0.024184063437600267,False,False
SYN_G,2023-10-27,2023-11-03,0,ridge,-0.004107887090103768,-0.004107887090103768,0.42786069651741293,,,,,-0.06099679729760776,-0.03272064984653089,0.028276147451076872,False,False
SYN_G,2023-10-30,2023-11-06,0,ridge,-0.003911905499189099,-0.003911905499189099,0.43283582089552236,,,,,-0.06770992957727451,-0.04073655916600294,0.02697337041127157,False,False
SYN_G,2023-10-31,2023-11-07,0,ridge,-0.003104039935464222,-0.003104039935464222,0.4626865671641791,,,,,-0.0729073959122517,-0.058459336473560386,0.014448059438691319,False,False
SYN_G,2023-11-01,2023-11-08,0,ridge,-0.006271496243640246,-0.006271496243640246,0.3681592039800995,,,,,-0.06405276730100196,-0.04899312622836882,0.015059641072633134,False,False
SYN_G,2023-11-02,2023-11-09,0,ridge,-0.00730380642098703,-0.00730380642098703,0.29850746268656714,,,,,-0.03755028649624603,-0.033018531635566895,0.004531754860679138,False,False
SYN_H,2023-09-29,2023-10-06,0,ridge,-0.010275924908384935,-0.010275924908384935,0.15422885572139303,,,,,0.03087381798285116,0.0009746535389303368,-0.029899164443920823,True,True
SYN_H,2023-10-02,2023-10-09,0,ridge,-0.008579930461071944,-0.008579930461071944,0.23880597014925373,,,,,0.021831549305577846,0.005652871324693942,-0.016178677980883904,True,True
SYN_H,2023-10-03,2023-10-10,0,ridge,-0.007373284323054068,-0.007373284323054068,0.2935323383084577,,,,,0.002085246661024831,0.010823072623808772,0.00873782596278394,True,True
SYN_H,2023-10-04,2023-10-11,0,ridge,-0.002686575596848261,-0.002686575596848261,0.4975124378109453,,,,,-0.014094416124186937,0.009192969184933508,0.023287385309120445,False,True
SYN_H,2023-10-05,2023-10-12,0,ridge,-0.002710394744767637,-0.002710394744767637,0.4925373134328358,,,,,-0.04468031458420196,-0.01380793379889178,0.030872380785310183,False,False
SYN_H,2023-10-06,2023-10-13,0,ridge,-0.005139268226032177,-0.005139268226032177,0.38308457711442784,,,,,-0.09174084927231962,-0.04667758417551682,0.04506326509680281,False,False
SYN_H,2023-10-09,2023-10-16,0,ridge,-0.0042519153086729876,-0.0042519153086729876,0.417910447761194,,,,,-0.11039736767241082,-0.052088711809086696,0.05830865586332412,False,False
SYN_H,2023-10-10,2023-10-17,0,ridge,-0.003075042649247379,-0.003075042649247379,0.46766169154228854,,,,,-0.12049787625985753,-0.08032114762683851,0.04017672863301902,False,False
SYN_H,2023-10-11,2023-10-18,0,ridge,-0.0027524018189173756,-0.0027524018189173756,0.48258706467661694,,,,,-0.10717682810119533,-0.0775983852572526,0.02957844284394273,False,False
SYN_H,2023-10-12,2023-10-19,0,ridge,-0.0024879880234944625,-0.0024879880234944625,0.5124378109452736,,,,,-0.08113623439038076,-0.05095236537326864,0.03018386901711212,False,False
SYN_H,2023-10-13,2023-10-20,0,ridge,-0.005188920510442774,-0.005188920510442774,0.3781094527363184,,,,,-0.07100608293604416,-0.0444511231235607,0.02655495981248346,False,False
SYN_H,2023-10-16,2023-10-23,0,ridge,-0.0031341825526337254,-0.0031341825526337254,0.4577114427860697,,,,,-0.06014620801967785,-0.043300730244196006,0.016845477775481843,False,False
SYN_H,2023-10-17,2023-10-24,0,ridge,-0.003398098365124217,-0.003398098365124217,0.4527363184079602,,,,,-0.011994120968638056,-0.009270851542489078,0.0027232694261489776,False,False
SYN_H,2023-10-18,2023-10-25,0,ridge,-0.0024953328620052296,-0.0024953328620052296,0.5074626865671642,,,,,0.015334295234547324,-0.0038858953590428236,-0.019220190593590147,True,False
SYN_H,2023-10-19,2023-10-26,0,ridge,-0.004879034319387667,-0.004879034319387667,0.40298507462686567,,,,,-0.005770581521205798,-0.015786745496995103,-0.010016163975789305,False,False
SYN_H,2023-10-20,2023-10-27,0,ridge,-0.007152619121629774,-0.007152619121629774,0.31343283582089554,,,,,-0.0006887260263541695,-0.009178305350747817,-0.008489579324393648,False,False
SYN_H,2023-10-23,2023-10-30,0,ridge,-0.009108535417659276,-0.009108535417659276,0.208955223880597,,,,,0.0014624496269473042,0.005692249146191486,0.004229799519244182,True,True
SYN_H,2023-10-24,2023-10-31,0,ridge,-0.010474820173291665,-0.010474820173291665,0.14427860696517414,,,,,-0.023924379075193625,-0.0034481373822011774,0.020476241692992447,False,False
SYN_H,2023-10-25,2023-11-01,0,ridge,-0.00782297634942149,-0.00782297634942149,0.27860696517412936,,,,,-0.050004430622334506,-0.01952276053062063,0.030481670091713875,False,False
SYN_H,2023-10-26,2023-11-02,0,ridge,-0.006931151579525465,-0.006931151579525465,0.34328358208955223,,,,,-0.07269568511226887,-0.048511621674668604,0.024184063437600267,False,False
SYN_H,2023-10-27,2023-11-03,0,ridge,-0.009429553304980437,-0.009429553304980437,0.1890547263681592,,,,,-0.10563774439770646,-0.07736159694662958,0.028276147451076872,False,False
SYN_H,2023-10-30,2023-11-06,0,ridge,-0.011511053423074773,-0.011511053423074773,0.11940298507462686,,,,,-0.11317993032057994,-0.08620655990930837,0.02697337041127157,False,False
SYN_H,2023-10-31,2023-11-07,0,ridge,-0.010679508825998194,-0.010679508825998194,0.12935323383084577,,,,,-0.10785447091998446,-0.09340641148129314,0.014448059438691319,False,False
SYN_H,2023-11-01,2023-11-08,0,ridge,-0.007289376377942604,-0.007289376377942604,0.3034825870646766,,,,,-0.08660890167529833,-0.0715492606026652,0.015059641072633134,False,False
SYN_H,2023-11-02,2023-11-09,0,ridge,-0.009904303133484053,-0.009904303133484053,0.1791044776119403,,,,,-0.043323883778332295,-0.03879212891765316,0.004531754860679138,False,False
SYN_A,2023-11-03,2023-11-10,1,ridge,0.009493654616032108,0.009493654616032108,0.3877551020408163,-0.06496472697071176,0.05065523976525549,0.11561996673596725,medium,-0.001044871490444299,-0.005171468615615571,-0.004126597125171272,False,False
SYN_A,2023-11-06,2023-11-13,1,ridge,0.008246106258420084,0.008246106258420084,0.3877551020408163,-0.06621227532832379,0.049407691407643464,0.11561996673596725,medium,-0.008945439042013725,-0.025812881582031322,-0.016867442540017596,False,False
SYN_A,2023-11-07,2023-11-14,1,ridge,0.008770823557724707,0.008770823557724707,0.3877551020408163,-0.06568755802901916,0.049932408706948095,0.11561996673596725,medium,-0.017329287709816565,-0.021681933609712267,-0.004352645899895702,False,False
SYN_A,2023-11-08,2023-11-15,1,ridge,0.007838039496149179,0.007838039496149179,0.3877551020408163,-0.06662034209059468,0.048999624645372566,0.11561996673596725,high,-0.03352931201875109,-0.030699804060480562,0.0028295079582705274,False,False
SYN_A,2023-11-09,2023-11-16,1,ridge,0.009021705414951191,0.009021705414951191,0.3877551020408163,-0.06543667617179268,0.050183290564174574,0.11561996673596725,medium,-0.026561810742319336,-0.03328677910409661,-0.006724968361777273,False,False
SYN_A,2023-11-10,2023-11-17,1,ridge,0.008573083110947453,0.008573083110947453,0.3877551020408163,-0.06588529847579641,0.04973466826017084,0.11561996673596725,medium,-0.03211429555941958,-0.02519140893821281,0.00692288662120677,False,False
SYN_A,2023-11-13,2023-11-20,1,ridge,0.00790680402619299,0.00790680402619299,0.3877551020408163,-0.06655157756055087,0.04906838917541637,0.11561996673596725,high,-0.019920931505144845,-0.007082917909075337,0.012838013596069509,False,False
SYN_A,2023-11-14,2023-11-21,1,ridge,0.007295226489378416,0.007295226489378416,0.3877551020408163,-0.06716315509736545,0.0484568116386018,0.11561996673596725,high,-0.02656566370685698,-0.012546856113226701,0.014018807593630278,False,False
SYN_A,2023-11-15,2023-11-22,1,ridge,0.006750363156605175,0.006750363156605175,0.3877551020408163,-0.0677080184301387,0.04791194830582856,0.11561996673596725,high,-0.0316965436578831,-0.022392399503934124,0.009304144153948979,False,False
SYN_A,2023-11-16,2023-11-23,1,ridge,0.0059140581664202715,0.0059140581664202715,0.3877551020408163,-0.0685443234203236,0.04707564331564366,0.11561996673596725,high,-0.06224273974268435,-0.012837760485058691,0.04940497925762566,False,False
SYN_A,2023-11-17,2023-11-24,1,ridge,0.006270440172395047,0.006270440172395047,0.3877551020408163,-0.06818794141434882,0.04743202532161843,0.11561996673596725,high,-0.06741117399797214,-0.011911288585986224,0.055499885411985916,False,False
SYN_A,2023-11-20,2023-11-27,1,ridge,0.005912290637436044,0.005912290637436044,0.3877551020408163,-0.06854609094930782,0.047073875786659426,0.11561996673596725,high,-0.08319043001156234,-0.029563446509169533,0.05362698350239281,False,False
SYN_A,2023-11-21,2023-11-28,1,ridge,0.006330442453386029,0.006330442453386029,0.3877551020408163,-0.06812793913335784,0.04749202760260941,0.11561996673596725,high,-0.0708178322413362,-0.02167465771272603,0.04914317452861017,False,False
SYN_A,2023-11-22,2023-11-29,1,ridge,0.006862287358758795,0.006862287358758795,0.3877551020408163,-0.06759609422798507,0.04802387250798218,0.11561996673596725,high,-0.04715971954619169,-0.006899164833613192,0.0402605547125785,False,False
SYN_A,2023-11-23,2023-11-30,1,ridge,0.006685931271877778,0.006685931271877778,0.3877551020408163,-0.06777245031486609,0.04784751642110116,0.11561996673596725,high,-0.020721790578766774,-0.019305704060588513,0.0014160865181782611,False,False
SYN_A,2023-11-24,2023-12-01,1,ridge,0.0069954744953201545,0.0069954744953201545,0.3877551020408163,-0.06746290709142372,0.04815705964454354,0.11561996673596725,high,-0.011857189743661234,-0.02335062763713558,-0.011493437893474345,False,False
SYN_A,2023-11-27,2023-12-04,1,ridge,0.007387438753488223,0.007387438753488223,0.3877551020408163,-0.06707094283325564,0.04854902390271161,0.11561996673596725,high,0.005012724278927294,-0.011965153821460794,-0.01697787810038809,True,False
SYN_A,2023-11-28,2023-12-05,1,ridge,0.008552264449139832,0.008552264449139832,0.3877551020408163,-0.06590611713760404,0.04971384959836322,0.11561996673596725,medium,-0.0009762055766210365,-0.015279565783462457,-0.01430336020684142,False,False
SYN_A,2023-11-29,2023-12-06,1,ridge,0.007717418039829463,0.007717418039829463,0.3877551020408163,-0.0667409635469144,0.04887900318905285,0.11561996673596725,high,-0.00797367615417266,-0.02490034708353106,-0.0169266709293584,False,False
SYN_A,2023-11-30,2023-12-07,1,ridge,0.007606299095926052,0.007606299095926052,0.3877551020408163,-0.06685208249081781,0.04876788424514944,0.11561996673596725,high,0.008944355511298019,0.002165596349802845,-0.006778759161495174,True,True
SYN_A,2023-12-01,2023-12-08,1,ridge,0.00662984091314161,0.00662984091314161,0.3877551020408163,-0.06782854067360225,0.04779142606236499,0.11561996673596725,high,0.01925598240329529,0.0006656944806342491,-0.018590287922661042,True,True
SYN_A,2023-12-04,2023-12-11,1,ridge,0.008091208250649507,0.008091208250649507,0.3877551020408163,-0.06636717333609436,0.04925279339987289,0.11561996673596725,medium,0.0018276236837067028,-0.013269340215062986,-0.015096963898769689,True,False
SYN_A,2023-12-05,2023-12-12,1,ridge,0.00779083968793999,0.00779083968793999,0.3877551020408163,-0.06666754189880388,0.048952424837163375,0.11561996673596725,high,0.0006882696273209366,-0.01191127548671278,-0.012599545114033717,True,False
SYN_A,2023-12-06,2023-12-13,1,ridge,0.006117897773388531,0.006117897773388531,0.3877551020408163,-0.06834048381335533,0.047279482922611915,0.11561996673596725,high,-0.0034639277700885263,0.0009103332891235993,0.004374261059212126,False,True
SYN_A,2023-12-07,2023-12-14,1,ridge,0.004664308953394331,0.004664308953394331,0.3877551020408163,-0.06979407263334954,0.04582589410261771,0.11561996673596725,high,-0.023702771089152308,-0.011223227663510582,0.012479543425641726,False,False
SYN_B,2023-11-03,2023-11-10,1,ridge,-0.0006587509121980892,-0.0006587509121980892,0.34308254464170723,-0.07511713249894196,0.0405028342370253,0.11561996673596725,high,0.00471820914972787,0.0005916120245565981,-0.004126597125171272,True,True
SYN_B,2023-11-06,2023-11-13,1,ridge,-0.00018427760803825782,-0.00018427760803825782,0.3877551020408163,-0.07464265919478212,0.04097730754118513,0.11561996673596725,high,0.001473595881836376,-0.01539384665818122,-0.016867442540017596,True,False
SYN_B,2023-11-07,2023-11-14,1,ridge,-1.6196243314370827e-05,-1.6196243314370827e-05,0.3877551020408163,-0.07447457783005823,0.04114538890590901,0.11561996673596725,high,-0.027082433362470293,-0.031435079262365995,-0.004352645899895702,False,False
SYN_B,2023-11-08,2023-11-15,1,ridge,0.0010645441779725006,0.0010645441779725006,0.3877551020408163,-0.07339383740877137,0.04222612932719588,0.11561996673596725,high,-0.0075709098415706055,-0.004741401883300078,0.0028295079582705274,False,False
SYN_B,2023-11-09,2023-11-16,1,ridge,0.0026299328500774067,0.0026299328500774067,0.3877551020408163,-0.07182844873666645,0.04379151799930079,0.11561996673596725,high,-0.0050048575652196226,-0.011729825926996895,-0.006724968361777273,False,False
SYN_B,2023-11-10,2023-11-17,1,ridge,0.001986607420237452,0.001986607420237452,0.3877551020408163,-0.07247177416650641,0.043148192569460835,0.11561996673596725,high,-0.030140229382258465,-0.023217342761051696,0.00692288662120677,False,False
SYN_B,2023-11-13,2023-11-20,1,ridge,-3.845719512441531e-07,-3.845719512441531e-07,0.3877551020408163,-0.07445876615869511,0.04116120057727214,0.11561996673596725,high,-0.004596394390533609,0.0082416192055359,0.012838013596069509,False,True
SYN_B,2023-11-14,2023-11-21,1,ridge,0.0012953611869601389,0.0012953611869601389,0.3877551020408163,-0.07316302039978373,0.04245694633618352,0.11561996673596725,high,0.041054717828222786,0.055073525421853065,0.014018807593630278,True,True
SYN_B,2023-11-15,2023-11-22,1,ridge,0.005432409847874065,0.005432409847874065,0.3877551020408163,-0.0690259717388698,0.046593994997097446,0.11561996673596725,high,0.05352777795668495,0.06283192211063393,0.009304144153948979,True,True
SYN_B,2023-11-16,2023-11-23,1,ridge,0.0030094495241531766,0.0030094495241531766,0.3877551020408163,-0.07144893206259069,0.04417103467337656,0.11561996673596725,high,0.016426545424916394,0.06583152468254205,0.04940497925762566,True,True
SYN_B,2023-11-17,2023-11-24,1,ridge,0.005890812631971517,0.005890812631971517,0.3877551020408163,-0.06856756895477235,0.0470523977811949,0.11561996673596725,high,0.022944541925721262,0.07844442733770718,0.055499885411985916,True,True
SYN_B,2023-11-20,2023-11-27,1,ridge,0.002801124898590631,0.002801124898590631,0.3877551020408163,-0.07165725668815323,0.04396271004781402,0.11561996673596725,high,-0.026503939668018228,0.027123043834374583,0.05362698350239281,False,True
SYN_B,2023-11-21,2023-11-28,1,ridge,0.0021398465235785346,0.0021398465235785346,0.3877551020408163,-0.07231853506316534,0.04330143167280192,0.11561996673596725,high,-0.05201219423248504,-0.0028690197038748755,0.04914317452861017,False,False
SYN_B,2023-11-22,2023-11-29,1,ridge,0.0003089062897845929,0.0003089062897845929,0.3877551020408163,-0.07414947529695927,0.041470491439007974,0.11561996673596725,high,-0.06584720207681549,-0.025586647364236992,0.0402605547125785,False,False
SYN_B,2023-11-23,2023-11-30,1,ridge,-0.0012300627186763967,-0.0012300627186763967,0.32407407407407407,-0.07568844430542027,0.039931522430546984,0.11561996673596725,high,-0.039613517965836675,-0.038197431447658414,0.0014160865181782611,False,False
SYN_B,2023-11-24,2023-12-01,1,ridge,0.0018502270738058523,0.0018502270738058523,0.3877551020408163,-0.07260815451293802,0.04301181222302924,0.11561996673596725,high,-0.05050044393151365,-0.061993881824987995,-0.011493437893474345,False,False
SYN_B,2023-11-27,2023-12-04,1,ridge,0.0011535904367341275,0.0011535904367341275,0.3877551020408163,-0.07330479115000973,0.042315175585957515,0.11561996673596725,high,-0.02289793097291204,-0.03987580907330013,-0.01697787810038809,False,False
SYN_B,2023-11-28,2023-12-05,1,ridge,0.001530444367359541,0.001530444367359541,0.3877551020408163,-0.07292793721938433,0.04269202951658292,0.11561996673596725,high,-0.021293635805248345,-0.035596996012089765,-0.01430336020684142,False,False
SYN_B,2023-11-29,2023-12-06,1,ridge,0.0036814632960411684,0.0036814632960411684,0.3877551020408163,-0.07077691829070269,0.04484304844526455,0.11561996673596725,high,-0.008869685280663897,-0.025796356210022298,-0.0169266709293584,False,False
SYN_B,2023-11-30,2023-12-07,1,ridge,0.0011877719020042202,0.0011877719020042202,0.3877551020408163,-0.07327060968473964,0.0423493570512276,0.11561996673596725,high,0.003998928805423296,-0.0027798303560718773,-0.006778759161495174,True,False
SYN_B,2023-12-01,2023-12-08,1,ridge,0.002231441066238708,0.002231441066238708,0.3877551020408163,-0.07222694052050516,0.043393026215462094,0.11561996673596725,high,0.02802541685243931,0.00943512892977827,-0.018590287922661042,True,True
SYN_B,2023-12-04,2023-12-11,1,ridge,0.0023759344171119683,0.0023759344171119683,0.3877551020408163,-0.0720824471696319,0.04353751956633535,0.11561996673596725,high,0.009218449639075477,-0.005878514259694212,-0.015096963898769689,True,False
SYN_B,2023-12-05,2023-12-12,1,ridge,0.005324772359671401,0.005324772359671401,0.3877551020408163,-0.06913360922707247,0.046486357508894786,0.11561996673596725,high,-0.014810547590700884,-0.0274100927047346,-0.012599545114033717,False,False
SYN_B,2023-12-06,2023-12-13,1,ridge,0.005649321151433186,0.005649321151433186,0.3877551020408163,-0.06880906043531068,0.04681090630065657,0.11561996673596725,high,-0.040796705354461116,-0.03642244429524899,0.004374261059212126,False,False
SYN_B,2023-12-07,2023-12-14,1,ridge,0.008100455376001977,0.008100455376001977,0.3877551020408163,-0.0663579262107419,0.04926204052522536,0.11561996673596725,medium,-0.051460357748256524,-0.0389808143226148,0.012479543425641726,False,False
SYN_C,2023-11-03,2023-11-10,1,ridge,0.04713331754063807,0.04713331754063807,0.631578947368421,-0.027325064046105796,0.08829490268986145,0.11561996673596725,low,0.021673255632145394,0.017546658506974122,-0.004126597125171272,True,True
SYN_C,2023-11-06,2023-11-13,1,ridge,0.046932780042434945,0.046932780042434945,0.631578947368421,-0.02752560154430892,0.08809436519165834,0.11561996673596725,low,0.038605182092737444,0.021737739552719848,-0.016867442540017596,True,True
SYN_C,2023-11-07,2023-11-14,1,ridge,0.04443641233969349,0.04443641233969349,0.631578947368421,-0.030021969247050376,0.08559799748891687,0.11561996673596725,low,0.03796584779611245,0.03361320189621675,-0.004352645899895702,True,True
SYN_C,2023-11-08,2023-11-15,1,ridge,0.042203822488365544,0.042203822488365544,0.631578947368421,-0.03225455909837832,0.08336540763758893,0.11561996673596725,low,0.011060967684474177,0.013890475642744704,0.0028295079582705274,True,True
SYN_C,2023-11-09,2023-11-16,1,ridge,0.03854160046873269,0.03854160046873269,0.5,-0.03591678111801118,0.07970318561795607,0.11561996673596725,low,0.009433664537927933,0.00270869617615066,-0.006724968361777273,True,True
SYN_C,2023-11-10,2023-11-17,1,ridge,0.04134004571612178,0.04134004571612178,0.631578947368421,-0.03311833587062209,0.08250163086534516,0.11561996673596725,low,0.008596984685139475,0.015519871306346245,0.00692288662120677,True,True
SYN_C,2023-11-13,2023-11-20,1,ridge,0.03900929070221051,0.03900929070221051,0.5,-0.03544909088453336,0.0801708758514339,0.11561996673596725,low,-0.014101142719130988,-0.0012631291230614794,0.012838013596069509,False,False
SYN_C,2023-11-14,2023-11-21,1,ridge,0.04189767859923645,0.04189767859923645,0.631578947368421,-0.03256070298750741,0.08305926374845984,0.11561996673596725,low,-0.019977383074925914,-0.005958575481295636,0.014018807593630278,False,False
SYN_C,2023-11-15,2023-11-22,1,ridge,0.03714959545410845,0.03714959545410845,0.5,-0.03730878613263541,0.07831118060333184,0.11561996673596725,low,-0.007232978857917072,0.002071165296031907,0.009304144153948979,False,True
SYN_C,2023-11-16,2023-11-23,1,ridge,0.03705364036689988,0.03705364036689988,0.5,-0.03740474121984399,0.07821522551612325,0.11561996673596725,low,-0.04995912170407757,-0.0005541424464519107,0.04940497925762566,False,False
SYN_C,2023-11-17,2023-11-24,1,ridge,0.03349077724712331,0.03349077724712331,0.5,-0.04096760433962056,0.07465236239634669,0.11561996673596725,low,-0.0642562128356653,-0.008756327423679378,0.055499885411985916,False,False
SYN_C,2023-11-20,2023-11-27,1,ridge,0.031992441480927857,0.031992441480927857,0.5,-0.04246594010581601,0.07315402663015125,0.11561996673596725,low,-0.040114625123092384,0.013512358379300426,0.05362698350239281,False,True
SYN_C,2023-11-21,2023-11-28,1,ridge,0.034345466254250036,0.034345466254250036,0.5,-0.04011291533249383,0.07550705140347341,0.11561996673596725,low,-0.020973017759861934,0.028170156768748233,0.04914317452861017,False,True
SYN_C,2023-11-22,2023-11-29,1,ridge,0.03484965761587445,0.03484965761587445,0.5,-0.03960872397086942,0.07601124276509783,0.11561996673596725,low,-0.019349462220349833,0.020911092492228667,0.0402605547125785,False,True
SYN_C,2023-11-23,2023-11-30,1,ridge,0.037489945955949434,0.037489945955949434,0.5,-0.03696843563079443,0.07865153110517281,0.11561996673596725,low,0.010296733120515933,0.011712819638694194,0.0014160865181782611,True,True
SYN_C,2023-11-24,2023-12-01,1,ridge,0.03449007708280634,0.03449007708280634,0.5,-0.03996830450393753,0.07565166223202972,0.11561996673596725,low,0.03307490855988404,0.021581470666409697,-0.011493437893474345,True,True
SYN_C,2023-11-27,2023-12-04,1,ridge,0.03405819315367155,0.03405819315367155,0.5,-0.04040018843307232,0.07521977830289493,0.11561996673596725,low,0.02856742676384505,0.011589548663456961,-0.01697787810038809,True,True
SYN_C,2023-11-28,2023-12-05,1,ridge,0.03389292679386992,0.03389292679386992,0.5,-0.04056545479287395,0.0750545119430933,0.11561996673596725,low,0.03397944263428054,0.019676082427439123,-0.01430336020684142,True,True
SYN_C,2023-11-29,2023-12-06,1,ridge,0.03483141470513517,0.03483141470513517,0.5,-0.039626966881608695,0.07599299985435856,0.11561996673596725,low,0.05212228912948158,0.03519561820012318,-0.0169266709293584,True,True
SYN_C,2023-11-30,2023-12-07,1,ridge,0.03470601805323112,0.03470601805323112,0.5,-0.03975236353351275,0.0758676032024545,0.11561996673596725,low,0.041471535826161254,0.03469277666466608,-0.006778759161495174,True,True
SYN_C,2023-12-01,2023-12-08,1,ridge,0.03499022880507514,0.03499022880507514,0.5,-0.03946815278166873,0.07615181395429851,0.11561996673596725,low,0.04588621672040405,0.027295928797743008,-0.018590287922661042,True,True
SYN_C,2023-12-04,2023-12-11,1,ridge,0.036157912376982966,0.036157912376982966,0.5,-0.0383004692097609,0.07731949752620634,0.11561996673596725,low,0.0461422853368878,0.031045321438118112,-0.015096963898769689,True,True
SYN_C,2023-12-05,2023-12-12,1,ridge,0.03297928992124619,0.03297928992124619,0.5,-0.041479091665497674,0.07414087507046957,0.11561996673596725,low,0.04994832908836311,0.03734878397432939,-0.012599545114033717,True,True
SYN_C,2023-12-06,2023-12-13,1,ridge,0.03296665053772614,0.03296665053772614,0.5,-0.041491731049017724,0.07412823568694953,0.11561996673596725,low,0.030291192573899783,0.03466545363311191,0.004374261059212126,True,True
SYN_C,2023-12-07,2023-12-14,1,ridge,0.030967221382354707,0.030967221382354707,0.5,-0.04349116020438916,0.07212880653157809,0.11561996673596725,low,0.03345247957026998,0.0459320229959117,0.012479543425641726,True,True
SYN_D,2023-11-03,2023-11-10,1,ridge,-0.01094849400256268,-0.01094849400256268,0.32407407407407407,-0.08540687558930654,0.030213091146660702,0.11561996673596725,medium,0.009395087560655768,0.005268490435484496,-0.004126597125171272,True,True
SYN_D,2023-11-06,2023-11-13,1,ridge,-0.011911061504106842,-0.011911061504106842,0.32407407407407407,-0.0863694430908507,0.029250523645116544,0.11561996673596725,medium,-0.005177690922714584,-0.02204513346273218,-0.016867442540017596,False,False
SYN_D,2023-11-07,2023-11-14,1,ridge,-0.012878477463795326,-0.012878477463795326,0.32407407407407407,-0.08733685905053919,0.028283107685428056,0.11561996673596725,medium,-0.02936460540083985,-0.03371725130073555,-0.004352645899895702,False,False
SYN_D,2023-11-08,2023-11-15,1,ridge,-0.010726488328980977,-0.010726488328980977,0.32407407407407407,-0.08518486991572484,0.030435096820242407,0.11561996673596725,medium,-0.03769591091829372,-0.03486640296002319,0.0028295079582705274,False,False
SYN_D,2023-11-09,2023-11-16,1,ridge,-0.011035272618867189,-0.011035272618867189,0.32407407407407407,-0.08549365420561106,0.030126312530356195,0.11561996673596725,medium,-0.016816720660932538,-0.02354168902270981,-0.006724968361777273,False,False
SYN_D,2023-11-10,2023-11-17,1,ridge,-0.011874006173676658,-0.011874006173676658,0.32407407407407407,-0.08633238776042053,0.02928757897554673,0.11561996673596725,medium,-0.015826169926819955,-0.008903283305613185,0.00692288662120677,False,False
SYN_D,2023-11-13,2023-11-20,1,ridge,-0.009867286779060175,-0.009867286779060175,0.32407407407407407,-0.08432566836580405,0.03129429837016321,0.11561996673596725,medium,-0.03232378056529117,-0.019485766969221663,0.012838013596069509,False,False
SYN_D,2023-11-14,2023-11-21,1,ridge,-0.011351831814222538,-0.011351831814222538,0.32407407407407407,-0.08581021340096641,0.029809753335000848,0.11561996673596725,medium,-0.04468914413220326,-0.030670336538572984,0.014018807593630278,False,False
SYN_D,2023-11-15,2023-11-22,1,ridge,-0.011797072320659895,-0.011797072320659895,0.32407407407407407,-0.08625545390740376,0.02936451282856349,0.11561996673596725,medium,-0.030855679498318023,-0.021551535344369044,0.009304144153948979,False,False
SYN_D,2023-11-16,2023-11-23,1,ridge,-0.010319551956134666,-0.010319551956134666,0.32407407407407407,-0.08477793354287853,0.030842033193088716,0.11561996673596725,medium,-0.060947151582164905,-0.011542172324539246,0.04940497925762566,False,False
SYN_D,2023-11-17,2023-11-24,1,ridge,-0.007380667672654306,-0.007380667672654306,0.32407407407407407,-0.08183904925939817,0.033780917476569076,0.11561996673596725,high,-0.07519371875889824,-0.019693833346912326,0.055499885411985916,False,False
SYN_D,2023-11-20,2023-11-27,1,ridge,-0.004446514303449294,-0.004446514303449294,0.32407407407407407,-0.07890489589019316,0.03671507084577409,0.11561996673596725,high,-0.04864625495623054,0.004980728546162272,0.05362698350239281,False,True
SYN_D,2023-11-21,2023-11-28,1,ridge,-0.0030234828548389766,-0.0030234828548389766,0.32407407407407407,-0.07748186444158284,0.038138102294384406,0.11561996673596725,high,-0.03554147088108284,0.01360170364752733,0.04914317452861017,False,True
SYN_D,2023-11-22,2023-11-29,1,ridge,-0.003622122521711399,-0.003622122521711399,0.32407407407407407,-0.07808050410845527,0.03753946262751198,0.11561996673596725,high,-0.03878801862604697,0.0014725360865315285,0.0402605547125785,False,True
SYN_D,2023-11-23,2023-11-30,1,ridge,-0.0038846193884467563,-0.0038846193884467563,0.32407407407407407,-0.07834300097519062,0.03727696576077663,0.11561996673596725,high,-0.028797822878503743,-0.02738173636032548,0.0014160865181782611,False,False
SYN_D,2023-11-24,2023-12-01,1,ridge,-0.004984169436556125,-0.004984169436556125,0.32407407407407407,-0.07944255102329999,0.03617741571266726,0.11561996673596725,high,-0.008046767628717255,-0.0195402055221916,-0.011493437893474345,False,False
SYN_D,2023-11-27,2023-12-04,1,ridge,-0.00615941029156406,-0.00615941029156406,0.32407407407407407,-0.08061779187830792,0.03500217485765932,0.11561996673596725,high,-0.013661107837699804,-0.030638985938087893,-0.01697787810038809,False,False
SYN_D,2023-11-28,2023-12-05,1,ridge,-0.0049131815938940875,-0.0049131815938940875,0.32407407407407407,-0.07937156318063796,0.036248403555329295,0.11561996673596725,high,-0.0015335025042114703,-0.01583686271105289,-0.01430336020684142,False,False
SYN_D,2023-11-29,2023-12-06,1,ridge,-0.006003693453243277,-0.006003693453243277,0.32407407407407407,-0.08046207503998715,0.035157891695980104,0.11561996673596725,high,0.0136017297627673,-0.0033249411665911,-0.0169266709293584,True,False
SYN_D,2023-11-30,2023-12-07,1,ridge,-0.0024957570258666174,-0.0024957570258666174,0.32407407407407407,-0.07695413861261048,0.03866582812335677,0.11561996673596725,high,0.025622937684210534,0.01884417852271536,-0.006778759161495174,True,True
SYN_D,2023-12-01,2023-12-08,1,ridge,-0.004368326283589911,-0.004368326283589911,0.32407407407407407,-0.07882670787033377,0.03679325886563348,0.11561996673596725,high,0.034939554635612935,0.016349266712951893,-0.018590287922661042,True,True
SYN_D,2023-12-04,2023-12-11,1,ridge,-0.004502917249421576,-0.004502917249421576,0.32407407407407407,-0.07896129883616544,0.03665866789980181,0.11561996673596725,high,0.043266350752149574,0.028169386853379885,-0.015096963898769689,True,True
SYN_D,2023-12-05,2023-12-12,1,ridge,-0.006946814980240279,-0.006946814980240279,0.32407407407407407,-0.08140519656698414,0.034214770168983104,0.11561996673596725,high,0.030657013426190316,0.0180574683121566,-0.012599545114033717,True,True
SYN_D,2023-12-06,2023-12-13,1,ridge,-0.0068053428809143855,-0.0068053428809143855,0.32407407407407407,-0.08126372446765825,0.034356242268308995,0.11561996673596725,high,0.0030712469912619333,0.007445508050474059,0.004374261059212126,True,True
SYN_D,2023-12-07,2023-12-14,1,ridge,-0.004458786007063864,-0.004458786007063864,0.32407407407407407,-0.07891716759380774,0.03670279914215952,0.11561996673596725,high,-0.007341870151111651,0.005137673274530075,0.012479543425641726,False,True
SYN_E,2023-11-03,2023-11-10,1,ridge,-0.011802472542816736,-0.011802472542816736,0.32407407407407407,-0.0862608541295606,0.029359112606406647,0.11561996673596725,medium,0.03863718422946805,0.034510587104296775,-0.004126597125171272,True,True
SYN_E,2023-11-06,2023-11-13,1,ridge,-0.010276740151378425,-0.010276740151378425,0.32407407407407407,-0.0847351217381223,0.03088484499784496,0.11561996673596725,medium,0.027664414121249092,0.010796971581231496,-0.016867442540017596,True,True
SYN_E,2023-11-07,2023-11-14,1,ridge,-0.007398334017972519,-0.007398334017972519,0.32407407407407407,-0.08185671560471638,0.033763251131250865,0.11561996673596725,high,-0.001195592165441628,-0.00554823806533733,-0.004352645899895702,False,False
SYN_E,2023-11-08,2023-11-15,1,ridge,-0.00850871310124895,-0.00850871310124895,0.32407407407407407,-0.08296709468799282,0.032652872047974436,0.11561996673596725,medium,-0.0161314661750237,-0.013301958216753174,0.0028295079582705274,False,False
SYN_E,2023-11-09,2023-11-16,1,ridge,-0.005050029434282349,-0.005050029434282349,0.32407407407407407,-0.07950841102102621,0.036111555714941034,0.11561996673596725,high,-0.02998167133258156,-0.036706639694358834,-0.006724968361777273,False,False
SYN_E,2023-11-10,2023-11-17,1,ridge,-0.008883550950356334,-0.008883550950356334,0.32407407407407407,-0.0833419325371002,0.03227803419886705,0.11561996673596725,medium,-0.07036998827122287,-0.0634471016500161,0.00692288662120677,False,False
SYN_E,2023-11-13,2023-11-20,1,ridge,-0.007988917150506522,-0.007988917150506522,0.32407407407407407,-0.08244729873725039,0.03317266799871686,0.11561996673596725,medium,-0.050699384934348224,-0.037861371338278715,0.012838013596069509,False,False
SYN_E,2023-11-14,2023-11-21,1,ridge,-0.010074571566735385,-0.010074571566735385,0.32407407407407407,-0.08453295315347925,0.031087013582488,0.11561996673596725,medium,-0.05011446365715666,-0.03609565606352638,0.014018807593630278,False,False
SYN_E,2023-11-15,2023-11-22,1,ridge,-0.007861829336322108,-0.007861829336322108,0.32407407407407407,-0.08232021092306598,0.033299755812901274,0.11561996673596725,high,-0.0637939911902572,-0.054489847036308214,0.009304144153948979,False,False
SYN_E,2023-11-16,2023-11-23,1,ridge,-0.007276861008832054,-0.007276861008832054,0.32407407407407407,-0.08173524259557592,0.03388472414039133,0.11561996673596725,high,-0.08798968839130406,-0.038584709133678396,0.04940497925762566,False,False
SYN_E,2023-11-17,2023-11-24,1,ridge,-0.00570719973280394,-0.00570719973280394,0.32407407407407407,-0.0801655813195478,0.035454385416419446,0.11561996673596725,high,-0.08483136696422677,-0.029331481552240857,0.055499885411985916,False,False
SYN_E,2023-11-20,2023-11-27,1,ridge,-0.00531087624531525,-0.00531087624531525,0.32407407407407407,-0.07976925783205911,0.03585070890390814,0.11561996673596725,high,-0.08433670698243334,-0.03070972348004053,0.05362698350239281,False,False
SYN_E,2023-11-21,2023-11-28,1,ridge,-0.0045128645085386,-0.0045128645085386,0.32407407407407407,-0.07897124609528247,0.036648720640684786,0.11561996673596725,high,-0.07321558951601448,-0.02407241498740431,0.04914317452861017,False,False
SYN_E,2023-11-22,2023-11-29,1,ridge,-0.004239173326896242,-0.004239173326896242,0.32407407407407407,-0.07869755491364011,0.03692241182232714,0.11561996673596725,high,-0.054889804528118535,-0.014629249815540035,0.0402605547125785,False,False
SYN_E,2023-11-23,2023-11-30,1,ridge,-0.006128294109820458,-0.006128294109820458,0.32407407407407407,-0.08058667569656433,0.035033291039402926,0.11561996673596725,high,-0.017047568408860125,-0.015631481890681864,0.0014160865181782611,False,False
SYN_E,2023-11-24,2023-12-01,1,ridge,-0.005209569414894975,-0.005209569414894975,0.32407407407407407,-0.07966795100163884,0.03595201573432841,0.11561996673596725,high,0.0005161384180534245,-0.01097729947542092,-0.011493437893474345,True,False
SYN_E,2023-11-27,2023-12-04,1,ridge,-0.005842143476176289,-0.005842143476176289,0.32407407407407407,-0.08030052506292015,0.0353194416730471,0.11561996673596725,high,0.01284446591755728,-0.004133412182830809,-0.01697787810038809,True,False
SYN_E,2023-11-28,2023-12-05,1,ridge,-0.004657687950061896,-0.004657687950061896,0.32407407407407407,-0.07911606953680576,0.036503897199161486,0.11561996673596725,high,0.010507657396450765,-0.0037957028103906554,-0.01430336020684142,True,False
SYN_E,2023-11-29,2023-12-06,1,ridge,-0.0037028434783560682,-0.0037028434783560682,0.32407407407407407,-0.07816122506509994,0.03745874167086732,0.11561996673596725,high,0.022393244462096562,0.0054665735327381615,-0.0169266709293584,True,True
SYN_E,2023-11-30,2023-12-07,1,ridge,-0.00314809827095124,-0.00314809827095124,0.32407407407407407,-0.0776064798576951,0.03801348687827214,0.11561996673596725,high,0.01934886666267399,0.012570107501178818,-0.006778759161495174,True,True
SYN_E,2023-12-01,2023-12-08,1,ridge,-0.006621846307613723,-0.006621846307613723,0.32407407407407407,-0.08108022789435759,0.03453973884160966,0.11561996673596725,high,0.01999420879324576,0.0014039208705847184,-0.018590287922661042,True,True
SYN_E,2023-12-04,2023-12-11,1,ridge,-0.005383455822134132,-0.005383455822134132,0.32407407407407407,-0.079841837408878,0.03577812932708925,0.11561996673596725,high,-0.00585292515867053,-0.02094988905744022,-0.015096963898769689,False,False
SYN_E,2023-12-05,2023-12-12,1,ridge,-0.004663957445539249,-0.004663957445539249,0.32407407407407407,-0.07912233903228312,0.036497627703684137,0.11561996673596725,high,-0.009802917353171847,-0.022402462467205564,-0.012599545114033717,False,False
SYN_E,2023-12-06,2023-12-13,1,ridge,-0.00624865277271499,-0.00624865277271499,0.32407407407407407,-0.08070703435945886,0.034912932376508395,0.11561996673596725,high,-0.032276567647694376,-0.02790230658848225,0.004374261059212126,False,False
SYN_E,2023-12-07,2023-12-14,1,ridge,-0.008348775143268851,-0.008348775143268851,0.32407407407407407,-0.08280715673001271,0.03281281000595453,0.11561996673596725,medium,-0.04882294105743301,-0.036343397631791285,0.012479543425641726,False,False
SYN_F,2023-11-03,2023-11-10,1,ridge,0.0200801898166324,0.0200801898166324,0.3877551020408163,-0.05437819177011147,0.06124177496585578,0.11561996673596725,low,0.003604106725993872,-0.0005224903991773999,-0.004126597125171272,True,False
SYN_F,2023-11-06,2023-11-13,1,ridge,0.02114543569213144,0.02114543569213144,0.3877551020408163,-0.053312945894612426,0.062307020841354824,0.11561996673596725,low,-0.011068540841402075,-0.02793598338141967,-0.016867442540017596,False,False
SYN_F,2023-11-07,2023-11-14,1,ridge,0.022157083860440845,0.022157083860440845,0.3877551020408163,-0.05230129772630302,0.06331866900966424,0.11561996673596725,low,-0.04349386573230796,-0.04784651163220366,-0.004352645899895702,False,False
SYN_F,2023-11-08,2023-11-15,1,ridge,0.023251508243385538,0.023251508243385538,0.3877551020408163,-0.05120687334335833,0.06441309339260892,0.11561996673596725,low,-0.04032746368013651,-0.03749795572186598,0.0028295079582705274,False,False
SYN_F,2023-11-09,2023-11-16,1,ridge,0.02209816734235441,0.02209816734235441,0.3877551020408163,-0.052360214244389455,0.0632597524915778,0.11561996673596725,low,-0.023031414789016047,-0.02975638315079332,-0.006724968361777273,False,False
SYN_F,2023-11-10,2023-11-17,1,ridge,0.023406751111782392,0.023406751111782392,0.3877551020408163,-0.051051630474961474,0.06456833626100578,0.11561996673596725,low,-0.02546078944018204,-0.01853790281897527,0.00692288662120677,False,False
SYN_F,2023-11-13,2023-11-20,1,ridge,0.023832880426198577,0.023832880426198577,0.3877551020408163,-0.05062550116054529,0.06499446557542196,0.11561996673596725,low,-0.018387255407575798,-0.005549241811506289,0.012838013596069509,False,False
SYN_F,2023-11-14,2023-11-21,1,ridge,0.024099690387640954,0.024099690387640954,0.3877551020408163,-0.05035869119910291,0.06526127553686434,0.11561996673596725,low,-0.00806026778007407,0.005958539813556207,0.014018807593630278,False,True
SYN_F,2023-11-15,2023-11-22,1,ridge,0.0233342914711845,0.0233342914711845,0.3877551020408163,-0.051124090115559365,0.06449587662040789,0.11561996673596725,low,-0.005876801956011812,0.0034273421979371665,0.009304144153948979,False,True
SYN_F,2023-11-16,2023-11-23,1,ridge,0.023792234543080507,0.023792234543080507,0.3877551020408163,-0.05066614704366336,0.06495381969230389,0.11561996673596725,low,-0.04331674401137575,0.006088235246249907,0.04940497925762566,False,True
SYN_F,2023-11-17,2023-11-24,1,ridge,0.022058945405300692,0.022058945405300692,0.3877551020408163,-0.052399436181443174,0.06322053055452408,0.11561996673596725,low,-0.0601950724785143,-0.0046951870665283835,0.055499885411985916,False,False
SYN_F,2023-11-20,2023-11-27,1,ridge,0.024089519907113374,0.024089519907113374,0.3877551020408163,-0.05036886167963049,0.06525110505633676,0.11561996673596725,low,-0.05941579877346381,-0.005788815271071002,0.05362698350239281,False,False
SYN_F,2023-11-21,2023-11-28,1,ridge,0.024890237332559843,0.024890237332559843,0.3877551020408163,-0.04956814425418402,0.06605182248178323,0.11561996673596725,low,-0.03782106511370209,0.011322109414908077,0.04914317452861017,False,True
SYN_F,2023-11-22,2023-11-29,1,ridge,0.023257340407557912,0.023257340407557912,0.3877551020408163,-0.051201041179185953,0.0644189255567813,0.11561996673596725,low,-0.025473477105528275,0.014787077607050225,0.0402605547125785,False,True
SYN_F,2023-11-23,2023-11-30,1,ridge,0.023271986537953038,0.023271986537953038,0.3877551020408163,-0.05118639504879083,0.06443357168717642,0.11561996673596725,low,0.0032935087955647813,0.004709595313743042,0.0014160865181782611,True,True
SYN_F,2023-11-24,2023-12-01,1,ridge,0.022403799837217492,0.022403799837217492,0.3877551020408163,-0.052054581749526374,0.06356538498644088,0.11561996673596725,low,0.0152172179366874,0.003723780043213054,-0.011493437893474345,True,True
SYN_F,2023-11-27,2023-12-04,1,ridge,0.023656361000244437,0.023656361000244437,0.3877551020408163,-0.05080202058649943,0.06481794614946781,0.11561996673596725,low,0.024578028371416205,0.007600150271028117,-0.01697787810038809,True,True
SYN_F,2023-11-28,2023-12-05,1,ridge,0.021627418718526976,0.021627418718526976,0.3877551020408163,-0.05283096286821689,0.06278900386775035,0.11561996673596725,low,0.02709362348476363,0.01279026327792221,-0.01430336020684142,True,True
SYN_F,2023-11-29,2023-12-06,1,ridge,0.022272229639582433,0.022272229639582433,0.3877551020408163,-0.05218615194716143,0.06343381478880582,0.11561996673596725,low,0.039859639642700784,0.022932968713342383,-0.0169266709293584,True,True
SYN_F,2023-11-30,2023-12-07,1,ridge,0.022194082417709086,0.022194082417709086,0.3877551020408163,-0.05226429916903478,0.06335566756693248,0.11561996673596725,low,0.03139549957731025,0.024616740415815075,-0.006778759161495174,True,True
SYN_F,2023-12-01,2023-12-08,1,ridge,0.02220398890195118,0.02220398890195118,0.3877551020408163,-0.052254392684792685,0.06336557405117457,0.11561996673596725,low,0.03825650690490401,0.019666218982242967,-0.018590287922661042,True,True
SYN_F,2023-12-04,2023-12-11,1,ridge,0.023302285338872006,0.023302285338872006,0.3877551020408163,-0.05115609624787186,0.06446387048809539,0.11561996673596725,low,0.057667475252989764,0.042570511354220075,-0.015096963898769689,True,True
SYN_F,2023-12-05,2023-12-12,1,ridge,0.02184203384704108,0.02184203384704108,0.3877551020408163,-0.052616347739702786,0.06300361899626447,0.11561996673596725,low,0.05960356767154473,0.047004022557511016,-0.012599545114033717,True,True
SYN_F,2023-12-06,2023-12-13,1,ridge,0.019409604580475852,0.019409604580475852,0.3877551020408163,-0.055048777006268014,0.060571189729699236,0.11561996673596725,low,0.045941736577011394,0.05031599763622352,0.004374261059212126,True,True
SYN_F,2023-12-07,2023-12-14,1,ridge,0.020732240218850555,0.020732240218850555,0.3877551020408163,-0.05372614136789331,0.06189382536807394,0.11561996673596725,low,0.05171751359661281,0.06419705702225453,0.012479543425641726,True,True
SYN_G,2023-11-03,2023-11-10,1,ridge,-0.006671555389145812,-0.006671555389145812,0.32407407407407407,-0.08112993697588967,0.034490029760077576,0.11561996673596725,high,-0.02011132198081589,-0.02423791910598716,-0.004126597125171272,False,False
SYN_G,2023-11-06,2023-11-13,1,ridge,-0.005883481192682531,-0.005883481192682531,0.32407407407407407,-0.0803418627794264,0.03527810395654085,0.11561996673596725,high,-0.005761681787252115,-0.022629124327269712,-0.016867442540017596,False,False
SYN_G,2023-11-07,2023-11-14,1,ridge,-0.009184707365463698,-0.009184707365463698,0.32407407407407407,-0.08364308895220757,0.03197687778375968,0.11561996673596725,medium,-0.00813807971035918,-0.012490725610254882,-0.004352645899895702,False,False
SYN_G,2023-11-08,2023-11-15,1,ridge,-0.006347892559381431,-0.006347892559381431,0.32407407407407407,-0.08080627414612529,0.03481369258984195,0.11561996673596725,high,-0.02815161514037523,-0.025322107182104703,0.0028295079582705274,False,False
SYN_G,2023-11-09,2023-11-16,1,ridge,-0.00819299662251496,-0.00819299662251496,0.32407407407407407,-0.08265137820925883,0.03296858852670842,0.11561996673596725,medium,-0.029180559657207006,-0.03590552801898428,-0.006724968361777273,False,False
SYN_G,2023-11-10,2023-11-17,1,ridge,-0.006946138424712072,-0.006946138424712072,0.32407407407407407,-0.08140452001145594,0.03421544672451131,0.11561996673596725,high,-0.04694035397284624,-0.04001746735163947,0.00692288662120677,False,False
SYN_G,2023-11-13,2023-11-20,1,ridge,-0.004666044563604085,-0.004666044563604085,0.32407407407407407,-0.07912442615034795,0.036495540585619296,0.11561996673596725,high,-0.05168637029445522,-0.03884835669838571,0.012838013596069509,False,False
SYN_G,2023-11-14,2023-11-21,1,ridge,-0.0065910644305602634,-0.0065910644305602634,0.32407407407407407,-0.08104944601730413,0.03457052071866312,0.11561996673596725,high,-0.042803413914057176,-0.028784606320426898,0.014018807593630278,False,False
SYN_G,2023-11-15,2023-11-22,1,ridge,-0.006515777551269626,-0.006515777551269626,0.32407407407407407,-0.0809741591380135,0.03464580759795376,0.11561996673596725,high,-0.022892086117945798,-0.013587941963996819,0.009304144153948979,False,False
SYN_G,2023-11-16,2023-11-23,1,ridge,-0.004202492984651357,-0.004202492984651357,0.32407407407407407,-0.07866087457139523,0.03695909216457203,0.11561996673596725,high,-0.0308598840053802,0.018545095252245458,0.04940497925762566,False,True
SYN_G,2023-11-17,2023-11-24,1,ridge,-0.0027176033004125836,-0.0027176033004125836,0.32407407407407407,-0.07717598488715645,0.0384439818488108,0.11561996673596725,high,-0.04657235063098786,0.008927534780998059,0.055499885411985916,False,True
SYN_G,2023-11-20,2023-11-27,1,ridge,-0.0035712199083241863,-0.0035712199083241863,0.32407407407407407,-0.07802960149506805,0.0375903652408992,0.11561996673596725,high,-0.029627506127049008,0.023999477375343803,0.05362698350239281,False,True
SYN_G,2023-11-21,2023-11-28,1,ridge,-0.008685014682511923,-0.008685014682511923,0.32407407407407407,-0.08314339626925579,0.03247657046671146,0.11561996673596725,medium,-0.026667840931198672,0.022475333597411495,0.04914317452861017,False,True
SYN_G,2023-11-22,2023-11-29,1,ridge,-0.007010870464590032,-0.007010870464590032,0.32407407407407407,-0.0814692520513339,0.03415071468463335,0.11561996673596725,high,-0.021692731649566754,0.018567823063011746,0.0402605547125785,False,True
SYN_G,2023-11-23,2023-11-30,1,ridge,-0.0060797017336412795,-0.0060797017336412795,0.32407407407407407,-0.08053808332038515,0.035081883415582105,0.11561996673596725,high,-0.01828063921774048,-0.01686455269956222,0.0014160865181782611,False,False
SYN_G,2023-11-24,2023-12-01,1,ridge,-0.0036942840610466356,-0.0036942840610466356,0.32407407407407407,-0.0781526656477905,0.03746730108817675,0.11561996673596725,high,-0.0031646870109257597,-0.014658124904400105,-0.011493437893474345,False,False
SYN_G,2023-11-27,2023-12-04,1,ridge,-0.004518987509611555,-0.004518987509611555,0.32407407407407407,-0.07897736909635542,0.03664259763961183,0.11561996673596725,high,0.0013386953215973607,-0.015639182778790728,-0.01697787810038809,True,False
SYN_G,2023-11-28,2023-12-05,1,ridge,-0.006713350966141387,-0.006713350966141387,0.32407407407407407,-0.08117173255288525,0.034448234183081995,0.11561996673596725,high,-0.001464135415582657,-0.015767495622424077,-0.01430336020684142,False,False
SYN_G,2023-11-29,2023-12-06,1,ridge,-0.007246833945949079,-0.007246833945949079,0.32407407407407407,-0.08170521553269294,0.03391475120327431,0.11561996673596725,high,0.0020693867868604165,-0.014857284142497984,-0.0169266709293584,True,False
SYN_G,2023-11-30,2023-12-07,1,ridge,-0.007491333302536773,-0.007491333302536773,0.32407407407407407,-0.08194971488928064,0.03367025184668661,0.11561996673596725,high,0.0036936683518243862,-0.0030850908096707874,-0.006778759161495174,True,False
SYN_G,2023-12-01,2023-12-08,1,ridge,-0.004576208098486533,-0.004576208098486533,0.32407407407407407,-0.0790345896852304,0.03658537705073685,0.11561996673596725,high,0.03409041679667235,0.01550012887401131,-0.018590287922661042,True,True
SYN_G,2023-12-04,2023-12-11,1,ridge,-0.00802580134923784,-0.00802580134923784,0.32407407407407407,-0.08248418293598171,0.033135783799985545,0.11561996673596725,medium,0.026613456088729448,0.01151649218995976,-0.015096963898769689,True,True
SYN_G,2023-12-05,2023-12-12,1,ridge,-0.005059712663481297,-0.005059712663481297,0.32407407407407407,-0.07951809425022516,0.036101872485742086,0.11561996673596725,high,0.0019025519278038638,-0.010696993186229853,-0.012599545114033717,True,False
SYN_G,2023-12-06,2023-12-13,1,ridge,-0.0013476253041270793,-0.0013476253041270793,0.32407407407407407,-0.07580600689087094,0.03981395984509631,0.11561996673596725,high,-0.02705591694974352,-0.022681655890531394,0.004374261059212126,False,False
SYN_G,2023-12-07,2023-12-14,1,ridge,0.002790463016010738,0.002790463016010738,0.3877551020408163,-0.07166791857073312,0.043952048165234125,0.11561996673596725,high,-0.05398270149440865,-0.04150315806876692,0.012479543425641726,False,False
SYN_H,2023-11-03,2023-11-10,1,ridge,-0.013857148270685645,-0.013857148270685645,0.32407407407407407,-0.0883155298574295,0.027304436878537737,0.11561996673596725,medium,-0.013767621946945696,-0.017894219072116968,-0.004126597125171272,False,False
SYN_H,2023-11-06,2023-11-13,1,ridge,-0.015300020680886805,-0.015300020680886805,0.32407407407407407,-0.08975840226763067,0.02586156446833658,0.11561996673596725,medium,-0.00052010256431545,-0.017387545104333046,-0.016867442540017596,False,False
SYN_H,2023-11-07,2023-11-14,1,ridge,-0.013117863811419552,-0.013117863811419552,0.32407407407407407,-0.08757624539816342,0.028043721337803834,0.11561996673596725,medium,0.0015059825393423099,-0.002846663360553392,-0.004352645899895702,True,False
SYN_H,2023-11-08,2023-11-15,1,ridge,-0.016006079560367828,-0.016006079560367828,0.32407407407407407,-0.0904644611471117,0.025155505588855556,0.11561996673596725,medium,-0.026002409688067774,-0.023172901729797246,0.0028295079582705274,False,False
SYN_H,2023-11-09,2023-11-16,1,ridge,-0.015244366544557608,-0.015244366544557608,0.32407407407407407,-0.08970274813130147,0.025917218604665775,0.11561996673596725,medium,-0.030379137652090438,-0.03710410601386771,-0.006724968361777273,False,False
SYN_H,2023-11-10,2023-11-17,1,ridge,-0.0148340509544504,-0.0148340509544504,0.32407407407407407,-0.08929243254119426,0.026327534194772982,0.11561996673596725,medium,-0.017331911071764572,-0.010409024450557802,0.00692288662120677,False,False
SYN_H,2023-11-13,2023-11-20,1,ridge,-0.015457601233586428,-0.015457601233586428,0.32407407407407407,-0.0899159828203303,0.025703983915636955,0.11561996673596725,medium,-0.038072855195049216,-0.025234841598979707,0.012838013596069509,False,False
SYN_H,2023-11-14,2023-11-21,1,ridge,-0.013801747995804173,-0.013801747995804173,0.32407407407407407,-0.08826012958254804,0.027359837153419213,0.11561996673596725,medium,-0.06423586843571771,-0.050217060842087435,0.014018807593630278,False,False
SYN_H,2023-11-15,2023-11-22,1,ridge,-0.013723239865626973,-0.013723239865626973,0.32407407407407407,-0.08818162145237084,0.027438345283596413,0.11561996673596725,medium,-0.04572192910610706,-0.03641778495215808,0.009304144153948979,False,False
SYN_H,2023-11-16,2023-11-23,1,ridge,-0.015201735795042174,-0.015201735795042174,0.32407407407407407,-0.08966011738178604,0.025959849354181212,0.11561996673596725,medium,-0.07612353308734154,-0.026718553829715885,0.04940497925762566,False,False
SYN_H,2023-11-17,2023-11-24,1,ridge,-0.01913676389502611,-0.01913676389502611,0.32407407407407407,-0.09359514548176998,0.022024821254197274,0.11561996673596725,low,-0.108064136296672,-0.05256425088468608,0.055499885411985916,False,False
SYN_H,2023-11-20,2023-11-27,1,ridge,-0.018698025611085585,-0.018698025611085585,0.32407407407407407,-0.09315640719782944,0.0224635595381378,0.11561996673596725,low,-0.10856578603935751,-0.054938802536964704,0.05362698350239281,False,False
SYN_H,2023-11-21,2023-11-28,1,ridge,-0.018715889661991336,-0.018715889661991336,0.32407407407407407,-0.0931742712487352,0.022445695487232048,0.11561996673596725,low,-0.08958778509947696,-0.04044461057086679,0.04914317452861017,False,False
SYN_H,2023-11-22,2023-11-29,1,ridge,-0.01763728450288446,-0.01763728450288446,0.32407407407407407,-0.09209566608962833,0.023524300646338925,0.11561996673596725,low,-0.07625310224069315,-0.03599254752811465,0.0402605547125785,False,False
SYN_H,2023-11-23,2023-11-30,1,ridge,-0.017356444959301734,-0.017356444959301734,0.32407407407407407,-0.0918148265460456,0.02380514018992165,0.11561996673596725,low,-0.030450165561248688,-0.029034079043070427,0.0014160865181782611,False,False
SYN_H,2023-11-24,2023-12-01,1,ridge,-0.01908281472075849,-0.01908281472075849,0.32407407407407407,-0.09354119630750235,0.022078770428464893,0.11561996673596725,low,-0.0007886961803253989,-0.012282134073799744,-0.011493437893474345,False,False
SYN_H,2023-11-27,2023-12-04,1,ridge,-0.01696630121089287,-0.01696630121089287,0.32407407407407407,-0.09142468279763674,0.024195283938330515,0.11561996673596725,low,0.037922431563760184,0.020944553463372095,-0.01697787810038809,True,True
SYN_H,2023-11-28,2023-12-05,1,ridge,-0.01655009296290532,-0.01655009296290532,0.32407407407407407,-0.0910084745496492,0.024611492186318064,0.11561996673596725,medium,0.0404315941315434,0.026128233924701982,-0.01430336020684142,True,True
SYN_H,2023-11-29,2023-12-06,1,ridge,-0.01878041394714622,-0.01878041394714622,0.32407407407407407,-0.09323879553389008,0.022381171202077166,0.11561996673596725,low,0.02323303346488148,0.00630636253552308,-0.0169266709293584,True,True
SYN_H,2023-11-30,2023-12-07,1,ridge,-0.019790242013622228,-0.019790242013622228,0.32407407407407407,-0.0942486236003661,0.021371343135601156,0.11561996673596725,low,0.02125317467383847,0.014474415512343297,-0.006778759161495174,True,True
SYN_H,2023-12-01,2023-12-08,1,ridge,-0.017720378140822883,-0.017720378140822883,0.32407407407407407,-0.09217875972756676,0.0234412070084005,0.11561996673596725,low,0.018045864382273957,-0.0005444235403870845,-0.018590287922661042,True,False
SYN_H,2023-12-04,2023-12-11,1,ridge,-0.019246425106929275,-0.019246425106929275,0.32407407407407407,-0.09370480669367315,0.02191516004229411,0.11561996673596725,low,-0.004491759844546417,-0.019588723743316105,-0.015096963898769689,False,False
SYN_H,2023-12-05,2023-12-12,1,ridge,-0.018497709870744228,-0.018497709870744228,0.32407407407407407,-0.0929560914574881,0.022663875278479156,0.11561996673596725,low,-0.014524795488402464,-0.02712434060243618,-0.012599545114033717,False,False
SYN_H,2023-12-06,2023-12-13,1,ridge,-0.01697311222937361,-0.01697311222937361,0.32407407407407407,-0.09143149381611748,0.024188472919849775,0.11561996673596725,low,-0.010718749707973596,-0.0063444886487614705,0.004374261059212126,False,False
SYN_H,2023-12-07,2023-12-14,1,ridge,-0.021678386940386006,-0.021678386940386006,0.32407407407407407,-0.09613676852712988,0.019483198208837378,0.11561996673596725,low,-0.04209124129835162,-0.029611697872709897,0.012479543425641726,False,False
SYN_A,2023-12-08,2023-12-15,2,ridge,-0.001885286310155408,-0.001885286310155408,0.3015075376884422,-0.07061556334797858,0.031261056343313706,0.1018766196912923,high,-0.032470772561122074,-0.011057597626238702,0.021413174934883372,False,False
SYN_A,2023-12-11,2023-12-18,2,ridge,-0.003384787229309647,-0.003384787229309647,0.3015075376884422,-0.07211506426713282,0.029761555424159467,0.1018766196912923,high,-0.01960946038912148,0.003833881998253297,0.023443342387374777,False,True
SYN_A,2023-12-12,2023-12-19,2,ridge,-0.0042306288821411875,-0.0042306288821411875,0.3015075376884422,-0.07296090591996438,0.028915713771327928,0.1018766196912923,high,-0.010540575548305675,0.0030698586330413224,0.013610434181346998,False,True
SYN_A,2023-12-13,2023-12-20,2,ridge,-0.004042130944882583,-0.004042130944882583,0.3015075376884422,-0.07277240798270576,0.02910421170858653,0.1018766196912923,high,-0.01671869300539308,-0.0010217912643364357,0.015696901741056646,False,False
SYN_A,2023-12-14,2023-12-21,2,ridge,-0.0035591963292706773,-0.0035591963292706773,0.3015075376884422,-0.07228947336709386,0.029587146324198437,0.1018766196912923,high,-0.002509927753013619,0.0016899511233801068,0.004199878876393726,False,True
SYN_A,2023-12-15,2023-12-22,2,ridge,-0.003957458954773761,-0.003957458954773761,0.3015075376884422,-0.07268773599259694,0.029188883698695354,0.1018766196912923,high,-0.015854573622107626,0.0009292725722678252,0.01678384619437545,False,True
SYN_A,2023-12-18,2023-12-25,2,ridge,-0.003816053122774418,-0.003816053122774418,0.3015075376884422,-0.0725463301605976,0.029330289530694695,0.1018766196912923,high,-0.019547790530767495,-0.00733056714203717,0.012217223388730325,False,False
SYN_A,2023-12-19,2023-12-26,2,ridge,-0.0037954804577282116,-0.0037954804577282116,0.3015075376884422,-0.07252575749555139,0.0293508621957409,0.1018766196912923,high,-0.021959014019289902,-0.010632951412006153,0.011326062607283749,False,False
SYN_A,2023-12-20,2023-12-27,2,ridge,-0.004508376510173544,-0.004508376510173544,0.3015075376884422,-0.07323865354799672,0.02863796614329557,0.1018766196912923,high,-0.000921975550264742,0.0005638654991673153,0.0014858410494320573,False,True
SYN_A,2023-12-21,2023-12-28,2,ridge,-0.0036818272005345,-0.0036818272005345,0.3015075376884422,-0.07241210423835769,0.029464515452934614,0.1018766196912923,high,-0.003196027615254504,-0.006224709297604991,-0.003028681682350487,False,False
SYN_A,2023-12-22,2023-12-29,2,ridge,-0.0028870389491063167,-0.0028870389491063167,0.3015075376884422,-0.0716173159869295,0.0302593037043628,0.1018766196912923,high,0.009407263163845214,-0.011497259977499175,-0.02090452314134439,True,False
SYN_A,2023-12-25,2024-01-01,2,ridge,-0.0036024238063289468,-0.0036024238063289468,0.3015075376884422,-0.07233270084415212,0.029543918847140166,0.1018766196912923,high,0.0044426378551784,0.0022956634565234335,-0.002146974398654966,True,True
SYN_A,2023-12-26,2024-01-02,2,ridge,-0.003285028321500227,-0.003285028321500227,0.3015075376884422,-0.0720153053593234,0.029861314331968886,0.1018766196912923,high,-0.006847660956155188,-0.013347712052962035,-0.006500051096806847,False,False
SYN_A,2023-12-27,2024-01-03,2,ridge,-0.0033937462379503083,-0.0033937462379503083,0.3015075376884422,-0.0721240232757735,0.029752596415518806,0.1018766196912923,high,-0.01097215711287669,-0.03089698702654653,-0.01992482991366984,False,False
SYN_A,2023-12-28,2024-01-04,2,ridge,-0.0030692236716492443,-0.0030692236716492443,0.3015075376884422,-0.07179950070947243,0.03007711898181987,0.1018766196912923,high,-0.03503780151664471,-0.031759882061467626,0.0032779194551770807,False,False
SYN_A,2023-12-29,2024-01-05,2,ridge,-0.0032375145197641618,-0.0032375145197641618,0.3015075376884422,-0.07196779155758734,0.029908828133704952,0.1018766196912923,high,-0.04036538170375159,-0.03679899307640333,0.0035663886273482603,False,False
SYN_A,2024-01-01,2024-01-08,2,ridge,-0.0030407165482233102,-0.0030407165482233102,0.3015075376884422,-0.0717709935860465,0.030105626105245805,0.1018766196912923,high,-0.03156178706685775,-0.04345751151691701,-0.011895724450059264,False,False
SYN_A,2024-01-02,2024-01-09,2,ridge,-0.0031279048293222584,-0.0031279048293222584,0.3015075376884422,-0.07185818186714545,0.030018437824146857,0.1018766196912923,high,-0.012519498743648771,-0.028234972182847318,-0.015715473439198546,False,False
SYN_A,2024-01-03,2024-01-10,2,ridge,-0.0025577971923012397,-0.0025577971923012397,0.3015075376884422,-0.07128807423012443,0.030588545461167876,0.1018766196912923,high,-0.011193494262401571,-0.00616081971402116,0.005032674548380411,False,False
SYN_A,2024-01-04,2024-01-11,2,ridge,-0.0020463963325525678,-0.0020463963325525678,0.3015075376884422,-0.07077667337037574,0.031099946320916547,0.1018766196912923,high,-0.012389341861222092,-0.01119354067208811,0.0011958011891339826,False,False
SYN_A,2024-01-05,2024-01-12,2,ridge,-0.0009379663534297283,-0.0009379663534297283,0.3015075376884422,-0.06966824339125291,0.032208376300039386,0.1018766196912923,high,-0.01390619812220173,-0.004841613386288746,0.009064584735912984,False,False
SYN_A,2024-01-08,2024-01-15,2,ridge,-0.0009249546550677184,-0.0009249546550677184,0.3015075376884422,-0.0696552316928909,0.03222138799840139,0.1018766196912923,high,0.0017140975640093092,-0.0005361892489263997,-0.002250286812935709,True,False
SYN_A,2024-01-09,2024-01-16,2,ridge,-0.000605982687768208,-0.000605982687768208,0.34782608695652173,-0.06933625972559139,0.032540359965700906,0.1018766196912923,high,-0.033851656419745635,-0.023687236742911844,0.010164419676833791,False,False
SYN_A,2024-01-10,2024-01-17,2,ridge,-0.00028601146917431926,-0.00028601146917431926,0.34782608695652173,-0.0690162885069975,0.032860331184294794,0.1018766196912923,high,-0.01866354019192451,-0.006883407241752182,0.011780132950172328,False,False
SYN_A,2024-01-11,2024-01-18,2,ridge,-0.0005890104189736792,-0.0005890104189736792,0.34782608695652173,-0.06931928745679686,0.03255733223449544,0.1018766196912923,high,0.0038075341349704805,-0.0012489199334083656,-0.005056454068378846,True,False
SYN_B,2023-12-08,2023-12-15,2,ridge,-0.002465891420304906,-0.002465891420304906,0.3015075376884422,-0.07119616845812808,0.030680451233164208,0.1018766196912923,high,-0.05417589069438433,-0.03276271575950096,0.021413174934883372,False,False
SYN_B,2023-12-11,2023-12-18,2,ridge,-0.0006344867389675574,-0.0006344867389675574,0.34782608695652173,-0.06936476377679074,0.03251185591450156,0.1018766196912923,high,-0.036551761532261584,-0.013108419144886807,0.023443342387374777,False,False
SYN_B,2023-12-12,2023-12-19,2,ridge,-0.003281148480479435,-0.003281148480479435,0.3015075376884422,-0.07201142551830261,0.02986519417298968,0.1018766196912923,high,-0.01668567673946353,-0.003075242558116531,0.013610434181346998,False,False
SYN_B,2023-12-13,2023-12-20,2,ridge,-0.0024854467486612073,-0.0024854467486612073,0.3015075376884422,-0.07121572378648439,0.030660895904807906,0.1018766196912923,high,-0.01811613131463341,-0.0024192295735767644,0.015696901741056646,False,False
SYN_B,2023-12-14,2023-12-21,2,ridge,-0.005543918386406812,-0.005543918386406812,0.3015075376884422,-0.07427419542423,0.027602424267062303,0.1018766196912923,high,-0.021612602967288397,-0.01741272409089467,0.004199878876393726,False,False
SYN_B,2023-12-15,2023-12-22,2,ridge,-0.004440929401501537,-0.004440929401501537,0.3015075376884422,-0.07317120643932472,0.028705413251967578,0.1018766196912923,high,-0.04796404584291514,-0.031180199648539686,0.01678384619437545,False,False
SYN_B,2023-12-18,2023-12-25,2,ridge,-0.003084201540000196,-0.003084201540000196,0.3015075376884422,-0.07181447857782337,0.03006214111346892,0.1018766196912923,high,-0.03437205993927883,-0.022154836550548507,0.012217223388730325,False,False
SYN_B,2023-12-19,2023-12-26,2,ridge,-0.002728854385376083,-0.002728854385376083,0.3015075376884422,-0.07145913142319926,0.030417488268093033,0.1018766196912923,high,-0.011546168851746308,-0.000220106244462559,0.011326062607283749,False,False
SYN_B,2023-12-20,2023-12-27,2,ridge,-0.001477980481581847,-0.001477980481581847,0.3015075376884422,-0.07020825751940503,0.03166836217188727,0.1018766196912923,high,-0.00018197328223257259,0.0013038677671994847,0.0014858410494320573,False,True
SYN_B,2023-12-21,2023-12-28,2,ridge,-0.0003272758610066277,-0.0003272758610066277,0.34782608695652173,-0.06905755289882981,0.032819066792462485,0.1018766196912923,high,0.00463767915488511,0.0016089974725346234,-0.003028681682350487,True,True
SYN_B,2023-12-22,2023-12-29,2,ridge,-0.00017613804021682276,-0.00017613804021682276,0.34782608695652173,-0.06890641507804,0.03297020461325229,0.1018766196912923,high,0.034671842524024776,0.013767319382680387,-0.02090452314134439,True,True
SYN_B,2023-12-25,2024-01-01,2,ridge,-0.00010413194845459777,-0.00010413194845459777,0.34782608695652173,-0.06883440898627778,0.033042210705014514,0.1018766196912923,high,-0.014630092073763201,-0.016777066472418167,-0.002146974398654966,False,False
SYN_B,2023-12-26,2024-01-02,2,ridge,-0.0018521461606598648,-0.0018521461606598648,0.3015075376884422,-0.07058242319848304,0.03129419649280925,0.1018766196912923,high,-0.020269458309140842,-0.02676950940594769,-0.006500051096806847,False,False
SYN_B,2023-12-27,2024-01-03,2,ridge,-0.0028674292748102547,-0.0028674292748102547,0.3015075376884422,-0.07159770631263343,0.03027891337865886,0.1018766196912923,high,-0.014062962866981943,-0.03398779278065178,-0.01992482991366984,False,False
SYN_B,2023-12-28,2024-01-04,2,ridge,-0.00310964322429072,-0.00310964322429072,0.3015075376884422,-0.0718399202621139,0.030036699429178394,0.1018766196912923,high,-0.0348508292880122,-0.03157290983283512,0.0032779194551770807,False,False
SYN_B,2023-12-29,2024-01-05,2,ridge,-0.0020989757777198585,-0.0020989757777198585,0.3015075376884422,-0.07082925281554305,0.031047366875749258,0.1018766196912923,high,-0.044045380346423246,-0.040478991719074986,0.0035663886273482603,False,False
SYN_B,2024-01-01,2024-01-08,2,ridge,-0.002439151976347676,-0.002439151976347676,0.3015075376884422,-0.07116942901417085,0.030707190677121438,0.1018766196912923,high,-0.021003943453401175,-0.03289966790346044,-0.011895724450059264,False,False
SYN_B,2024-01-02,2024-01-09,2,ridge,-0.0025417591267426253,-0.0025417591267426253,0.3015075376884422,-0.0712720361645658,0.03060458352672649,0.1018766196912923,high,-0.032736433702635015,-0.04845190714183356,-0.015715473439198546,False,False
SYN_B,2024-01-03,2024-01-10,2,ridge,-0.0029745488863012577,-0.0029745488863012577,0.3015075376884422,-0.07170482592412444,0.030171793767167856,0.1018766196912923,high,-0.059271846611280266,-0.054239172062899854,0.005032674548380411,False,False
SYN_B,2024-01-04,2024-01-11,2,ridge,-0.002799110178607056,-0.002799110178607056,0.3015075376884422,-0.07152938721643023,0.030347232474862058,0.1018766196912923,high,-0.06224404999342581,-0.06104824880429183,0.0011958011891339826,False,False
SYN_B,2024-01-05,2024-01-12,2,ridge,-0.0018151473974421025,-0.0018151473974421025,0.3015075376884422,-0.07054542443526528,0.03133119525602701,0.1018766196912923,high,-0.0681986329796509,-0.05913404824373791,0.009064584735912984,False,False
SYN_B,2024-01-08,2024-01-15,2,ridge,-0.0019369353106466311,-0.0019369353106466311,0.3015075376884422,-0.07066721234846982,0.031209407342822484,0.1018766196912923,high,-0.05475018507067364,-0.05700047188360935,-0.002250286812935709,False,False
SYN_B,2024-01-09,2024-01-16,2,ridge,-0.0021547790064403143,-0.0021547790064403143,0.3015075376884422,-0.0708850560442635,0.0309915636470288,0.1018766196912923,high,-0.05334087788350994,-0.04317645820667615,0.010164419676833791,False,False
SYN_B,2024-01-10,2024-01-17,2,ridge,-0.0003793939446442038,-0.0003793939446442038,0.34782608695652173,-0.06910967098246738,0.03276694870882491,0.1018766196912923,high,-0.021934213752240472,-0.010154080802068144,0.011780132950172328,False,False
SYN_B,2024-01-11,2024-01-18,2,ridge,-0.002038991385918197,-0.002038991385918197,0.3015075376884422,-0.07076926842374137,0.031107351267550917,0.1018766196912923,high,0.019530372960128828,0.014473918891749982,-0.005056454068378846,True,True
SYN_C,2023-12-08,2023-12-15,2,ridge,0.024467883835605116,0.024467883835605116,0.40625,-0.044262393202218066,0.05761422648907423,0.1018766196912923,low,0.04046657800372877,0.06187975293861214,0.021413174934883372,True,True
SYN_C,2023-12-11,2023-12-18,2,ridge,0.024074431160294105,0.024074431160294105,0.40625,-0.04465584587752908,0.05722077381376322,0.1018766196912923,low,0.04183494624070483,0.0652782886280796,0.023443342387374777,True,True
SYN_C,2023-12-12,2023-12-19,2,ridge,0.022445018822373958,0.022445018822373958,0.40625,-0.046285258215449224,0.05559136147584307,0.1018766196912923,low,0.0521766113553106,0.0657870455366576,0.013610434181346998,True,True
SYN_C,2023-12-13,2023-12-20,2,ridge,0.022905323702885904,0.022905323702885904,0.40625,-0.045824953334937274,0.056051666356355015,0.1018766196912923,low,0.046461888770004345,0.06215879051106099,0.015696901741056646,True,True
SYN_C,2023-12-14,2023-12-21,2,ridge,0.02446700517913495,0.02446700517913495,0.40625,-0.04426327185868823,0.057613347832604064,0.1018766196912923,low,0.06373411086493674,0.06793398974133047,0.004199878876393726,True,True
SYN_C,2023-12-15,2023-12-22,2,ridge,0.024752038429414196,0.024752038429414196,0.40625,-0.043978238608408986,0.05789838108288331,0.1018766196912923,low,0.04857433746239237,0.06535818365676782,0.01678384619437545,True,True
SYN_C,2023-12-18,2023-12-25,2,ridge,0.02657165727020609,0.02657165727020609,0.40625,-0.04215861976761709,0.0597179999236752,0.1018766196912923,low,0.059622300562287345,0.07183952395101767,0.012217223388730325,True,True
SYN_C,2023-12-19,2023-12-26,2,ridge,0.026321378795818785,0.026321378795818785,0.40625,-0.042408898242004396,0.0594677214492879,0.1018766196912923,low,0.025779455845291954,0.0371055184525757,0.011326062607283749,True,True
SYN_C,2023-12-20,2023-12-27,2,ridge,0.025169530489889774,0.025169530489889774,0.40625,-0.043560746547933404,0.058315873143358885,0.1018766196912923,low,0.05246137723682254,0.053947218286254595,0.0014858410494320573,True,True
SYN_C,2023-12-21,2023-12-28,2,ridge,0.024639197757669217,0.024639197757669217,0.40625,-0.04409107928015396,0.05778554041113833,0.1018766196912923,low,0.051368319919877226,0.04833963823752674,-0.003028681682350487,True,True
SYN_C,2023-12-22,2023-12-29,2,ridge,0.023093356159446583,0.023093356159446583,0.40625,-0.0456369208783766,0.0562396988129157,0.1018766196912923,low,0.06681219569332197,0.045907672551977585,-0.02090452314134439,True,True
SYN_C,2023-12-25,2024-01-01,2,ridge,0.023219717272687585,0.023219717272687585,0.40625,-0.0455105597651356,0.0563660599261567,0.1018766196912923,low,0.03150309600580481,0.029356121607149843,-0.002146974398654966,True,True
SYN_C,2023-12-26,2024-01-02,2,ridge,0.02247136344712976,0.02247136344712976,0.40625,-0.04625891359069342,0.05561770610059888,0.1018766196912923,low,0.03716233863077678,0.030662287533969934,-0.006500051096806847,True,True
SYN_C,2023-12-27,2024-01-03,2,ridge,0.022325651044284706,0.022325651044284706,0.40625,-0.04640462599353848,0.055471993697753824,0.1018766196912923,low,0.03869797017516996,0.01877314026150012,-0.01992482991366984,True,True
SYN_C,2023-12-28,2024-01-04,2,ridge,0.02444801370676554,0.02444801370676554,0.40625,-0.04428226333105764,0.057594356360234654,0.1018766196912923,low,0.02431127483815243,0.02758919429332951,0.0032779194551770807,True,True
SYN_C,2023-12-29,2024-01-05,2,ridge,0.026091443078000685,0.026091443078000685,0.40625,-0.0426388339598225,0.0592377857314698,0.1018766196912923,low,0.0331424301454446,0.03670881877279286,0.0035663886273482603,True,True
SYN_C,2024-01-01,2024-01-08,2,ridge,0.024016978421639343,0.024016978421639343,0.40625,-0.04471329861618384,0.05716332107510846,0.1018766196912923,low,0.07275818704137516,0.06086246259131589,-0.011895724450059264,True,True
SYN_C,2024-01-02,2024-01-09,2,ridge,0.024416964272988093,0.024416964272988093,0.40625,-0.04431331276483509,0.05756330692645721,0.1018766196912923,low,0.0968880231339172,0.08117254969471865,-0.015715473439198546,True,True
SYN_C,2024-01-03,2024-01-10,2,ridge,0.025852759197680097,0.025852759197680097,0.40625,-0.042877517840143084,0.05899910185114921,0.1018766196912923,low,0.07449088355800004,0.07952355810638045,0.005032674548380411,True,True
SYN_C,2024-01-04,2024-01-11,2,ridge,0.026140776505694616,0.026140776505694616,0.40625,-0.042589500532128566,0.05928711915916373,0.1018766196912923,low,0.07640833732015806,0.07760413850929204,0.0011958011891339826,True,True
SYN_C,2024-01-05,2024-01-12,2,ridge,0.027051670408406694,0.027051670408406694,0.40625,-0.041678606629416484,0.060198013061875805,0.1018766196912923,low,0.06646230374240014,0.07552688847831313,0.009064584735912984,True,True
SYN_C,2024-01-08,2024-01-15,2,ridge,0.02722487348465122,0.02722487348465122,0.40625,-0.04150540355317196,0.06037121613812033,0.1018766196912923,low,0.06355790272213357,0.061307615909197866,-0.002250286812935709,True,True
SYN_C,2024-01-09,2024-01-16,2,ridge,0.028039203427161197,0.028039203427161197,0.4673529333289125,-0.04069107361066199,0.061185546080630315,0.1018766196912923,low,0.048446687993752846,0.05861110767058664,0.010164419676833791,True,True
SYN_C,2024-01-10,2024-01-17,2,ridge,0.02831338861685375,0.02831338861685375,0.4923465821551295,-0.04041688842096943,0.061459731270322865,0.1018766196912923,low,0.059487354772392864,0.07126748772256519,0.011780132950172328,True,True
SYN_C,2024-01-11,2024-01-18,2,ridge,0.028894928884778764,0.028894928884778764,0.5,-0.03983534815304442,0.06204127153824788,0.1018766196912923,low,0.07251535731681558,0.06745890324843673,-0.005056454068378846,True,True
SYN_D,2023-12-08,2023-12-15,2,ridge,-0.006650059419911766,-0.006650059419911766,0.3015075376884422,-0.07538033645773495,0.02649628323355735,0.1018766196912923,high,-0.010177266360562154,0.011235908574321218,0.021413174934883372,False,True
SYN_D,2023-12-11,2023-12-18,2,ridge,-0.006385364591744402,-0.006385364591744402,0.3015075376884422,-0.07511564162956759,0.026760978061724713,0.1018766196912923,high,-0.013633560369435749,0.009809782017939028,0.023443342387374777,False,True
SYN_D,2023-12-12,2023-12-19,2,ridge,-0.00405751492707869,-0.00405751492707869,0.3015075376884422,-0.07278779196490187,0.029088827726390425,0.1018766196912923,high,0.01703062326008853,0.030641057441435526,0.013610434181346998,True,True
SYN_D,2023-12-13,2023-12-20,2,ridge,-0.004476067620259848,-0.004476067620259848,0.3015075376884422,-0.07320634465808303,0.028670275033209267,0.1018766196912923,high,0.020067302736424875,0.03576420447748152,0.015696901741056646,True,True
SYN_D,2023-12-14,2023-12-21,2,ridge,-0.0053651450345473,-0.0053651450345473,0.3015075376884422,-0.07409542207237048,0.027781197618921814,0.1018766196912923,high,0.04512466230013179,0.049324541176525516,0.004199878876393726,True,True
SYN_D,2023-12-15,2023-12-22,2,ridge,-0.004744122935185675,-0.004744122935185675,0.3015075376884422,-0.07347439997300886,0.02840221971828344,0.1018766196912923,high,0.020204456482817656,0.03698830267719311,0.01678384619437545,True,True
SYN_D,2023-12-18,2023-12-25,2,ridge,-0.006685223569609964,-0.006685223569609964,0.3015075376884422,-0.07541550060743314,0.02646111908385915,0.1018766196912923,high,0.019223965704577406,0.03144118909330773,0.012217223388730325,True,True
SYN_D,2023-12-19,2023-12-26,2,ridge,-0.007531023171367526,-0.007531023171367526,0.3015075376884422,-0.07626130020919071,0.02561531948210159,0.1018766196912923,medium,0.0010685571563375795,0.012394619763621328,0.011326062607283749,True,True
SYN_D,2023-12-20,2023-12-27,2,ridge,-0.006306822773032239,-0.006306822773032239,0.3015075376884422,-0.07503709981085542,0.026839519880436875,0.1018766196912923,high,0.025606115113449457,0.027091956162881514,0.0014858410494320573,True,True
SYN_D,2023-12-21,2023-12-28,2,ridge,-0.007546450183129031,-0.007546450183129031,0.3015075376884422,-0.07627672722095222,0.025599892470340085,0.1018766196912923,medium,0.026574745673901057,0.02354606399155057,-0.003028681682350487,True,True
SYN_D,2023-12-22,2023-12-29,2,ridge,-0.007180118555316815,-0.007180118555316815,0.3015075376884422,-0.07591039559314,0.0259662240981523,0.1018766196912923,medium,0.04597929452069549,0.025074771379351102,-0.02090452314134439,True,True
SYN_D,2023-12-25,2024-01-01,2,ridge,-0.006390742481145694,-0.006390742481145694,0.3015075376884422,-0.07512101951896888,0.02675560017232342,0.1018766196912923,high,0.027376767294373106,0.02522979289571814,-0.002146974398654966,True,True
SYN_D,2023-12-26,2024-01-02,2,ridge,-0.006868926196468621,-0.006868926196468621,0.3015075376884422,-0.0755992032342918,0.026277416457000494,0.1018766196912923,high,0.034118997562562536,0.02761894646575569,-0.006500051096806847,True,True
SYN_D,2023-12-27,2024-01-03,2,ridge,-0.006578463780209287,-0.006578463780209287,0.3015075376884422,-0.07530874081803247,0.02656787887325983,0.1018766196912923,high,0.027346216654315025,0.007421386740645186,-0.01992482991366984,True,True
SYN_D,2023-12-28,2024-01-04,2,ridge,-0.0066748314869537395,-0.0066748314869537395,0.3015075376884422,-0.07540510852477691,0.026471511166515374,0.1018766196912923,high,-0.008815763087365203,-0.005537843632188122,0.0032779194551770807,False,False
SYN_D,2023-12-29,2024-01-05,2,ridge,-0.00481908727156329,-0.00481908727156329,0.3015075376884422,-0.07354936430938647,0.028327255381905826,0.1018766196912923,high,-0.016588933613765455,-0.013022544986417195,0.0035663886273482603,False,False
SYN_D,2024-01-01,2024-01-08,2,ridge,-0.004328128264632698,-0.004328128264632698,0.3015075376884422,-0.07305840530245589,0.028818214388836416,0.1018766196912923,high,0.01887069437194766,0.0069749699218883965,-0.011895724450059264,True,True
SYN_D,2024-01-02,2024-01-09,2,ridge,-0.005573949798105395,-0.005573949798105395,0.3015075376884422,-0.07430422683592858,0.02757239285536372,0.1018766196912923,high,0.024696538739154783,0.008981065299956237,-0.015715473439198546,True,True
SYN_D,2024-01-03,2024-01-10,2,ridge,-0.004297920947874071,-0.004297920947874071,0.3015075376884422,-0.07302819798569725,0.028848421705595043,0.1018766196912923,high,0.01746655230929761,0.022499226857678023,0.005032674548380411,True,True
SYN_D,2024-01-04,2024-01-11,2,ridge,-0.0034960435961671494,-0.0034960435961671494,0.3015075376884422,-0.07222632063399033,0.029650299057301967,0.1018766196912923,high,0.0151290494287315,0.016324850617865483,0.0011958011891339826,True,True
SYN_D,2024-01-05,2024-01-12,2,ridge,-0.006492267023335975,-0.006492267023335975,0.3015075376884422,-0.07522254406115916,0.02665407563013314,0.1018766196912923,high,0.004593593601423196,0.01365817833733618,0.009064584735912984,True,True
SYN_D,2024-01-08,2024-01-15,2,ridge,-0.004843057750745327,-0.004843057750745327,0.3015075376884422,-0.0735733347885685,0.02830328490272379,0.1018766196912923,high,-0.01338825004188382,-0.01563853685481953,-0.002250286812935709,False,False
SYN_D,2024-01-09,2024-01-16,2,ridge,-0.007050104967755389,-0.007050104967755389,0.3015075376884422,-0.07578038200557857,0.026096237685713727,0.1018766196912923,medium,-0.03436446477663324,-0.02420004509979945,0.010164419676833791,False,False
SYN_D,2024-01-10,2024-01-17,2,ridge,-0.005220425088121299,-0.005220425088121299,0.3015075376884422,-0.07395070212594448,0.027925917565347815,0.1018766196912923,high,-0.03931718749915547,-0.027537054548983142,0.011780132950172328,False,False
SYN_D,2024-01-11,2024-01-18,2,ridge,-0.0077591571317352885,-0.0077591571317352885,0.3015075376884422,-0.07648943416955847,0.025387185521733826,0.1018766196912923,medium,-0.021554476880057405,-0.02661093094843625,-0.005056454068378846,False,False
SYN_E,2023-12-08,2023-12-15,2,ridge,-0.012245426299671163,-0.012245426299671163,0.3015075376884422,-0.08097570333749435,0.02090091635379795,0.1018766196912923,medium,-0.06264303713298158,-0.04122986219809821,0.021413174934883372,False,False
SYN_E,2023-12-11,2023-12-18,2,ridge,-0.01085485954368744,-0.01085485954368744,0.3015075376884422,-0.07958513658151062,0.022291483109781674,0.1018766196912923,medium,-0.057669376386118354,-0.03422603399874358,0.023443342387374777,False,False
SYN_E,2023-12-12,2023-12-19,2,ridge,-0.00883439166397486,-0.00883439166397486,0.3015075376884422,-0.07756466870179804,0.024311950989494256,0.1018766196912923,medium,-0.05599342805906227,-0.04238299387771527,0.013610434181346998,False,False
SYN_E,2023-12-13,2023-12-20,2,ridge,-0.010304159675258003,-0.010304159675258003,0.3015075376884422,-0.07903443671308119,0.022842182978211112,0.1018766196912923,medium,-0.06404890686346887,-0.04835200512241222,0.015696901741056646,False,False
SYN_E,2023-12-14,2023-12-21,2,ridge,-0.009376354670021717,-0.009376354670021717,0.3015075376884422,-0.0781066317078449,0.0237699879834474,0.1018766196912923,medium,-0.048223683260387395,-0.04402380438399367,0.004199878876393726,False,False
SYN_E,2023-12-15,2023-12-22,2,ridge,-0.00865560883304247,-0.00865560883304247,0.3015075376884422,-0.07738588587086564,0.024490733820426644,0.1018766196912923,medium,-0.041372350451203244,-0.024588504256827792,0.01678384619437545,False,False
SYN_E,2023-12-18,2023-12-25,2,ridge,-0.00898019179738592,-0.00898019179738592,0.3015075376884422,-0.0777104688352091,0.024166150856083195,0.1018766196912923,medium,-0.031099889367262157,-0.018882665978531832,0.012217223388730325,False,False
SYN_E,2023-12-19,2023-12-26,2,ridge,-0.00729669815877767,-0.00729669815877767,0.3015075376884422,-0.07602697519660086,0.025849644494691446,0.1018766196912923,medium,-0.016207527467669736,-0.004881464860385987,0.011326062607283749,False,False
SYN_E,2023-12-20,2023-12-27,2,ridge,-0.007847257707361483,-0.007847257707361483,0.3015075376884422,-0.07657753474518467,0.02529908494610763,0.1018766196912923,medium,0.009286812692282265,0.010772653741714322,0.0014858410494320573,True,True
SYN_E,2023-12-21,2023-12-28,2,ridge,-0.00917972804638755,-0.00917972804638755,0.3015075376884422,-0.07791000508421073,0.023966614607081563,0.1018766196912923,medium,0.03388625663734335,0.03085757495499286,-0.003028681682350487,True,True
SYN_E,2023-12-22,2023-12-29,2,ridge,-0.007556471058662055,-0.007556471058662055,0.3015075376884422,-0.07628674809648524,0.025589871594807058,0.1018766196912923,medium,0.06122159314714726,0.04031707000580287,-0.02090452314134439,True,True
SYN_E,2023-12-25,2024-01-01,2,ridge,-0.008468801947084484,-0.008468801947084484,0.3015075376884422,-0.07719907898490766,0.02467754070638463,0.1018766196912923,medium,0.03782233385756928,0.03567535945891431,-0.002146974398654966,True,True
SYN_E,2023-12-26,2024-01-02,2,ridge,-0.008523097351799139,-0.008523097351799139,0.3015075376884422,-0.07725337438962232,0.024623245301669976,0.1018766196912923,medium,0.03081334984606421,0.02431329874925736,-0.006500051096806847,True,True
SYN_E,2023-12-27,2024-01-03,2,ridge,-0.008469894372408129,-0.008469894372408129,0.3015075376884422,-0.0772001714102313,0.024676448281060984,0.1018766196912923,medium,0.037584748950501456,0.017659919036831617,-0.01992482991366984,True,True
SYN_E,2023-12-28,2024-01-04,2,ridge,-0.010933097922797659,-0.010933097922797659,0.3015075376884422,-0.07966337496062084,0.022213244730671454,0.1018766196912923,medium,-0.0034309065784153825,-0.00015298712323830177,0.0032779194551770807,False,False
SYN_E,2023-12-29,2024-01-05,2,ridge,-0.01168804257940208,-0.01168804257940208,0.3015075376884422,-0.08041831961722526,0.021458300074067037,0.1018766196912923,medium,-0.009781394992928627,-0.006215006365580367,0.0035663886273482603,False,False
SYN_E,2024-01-01,2024-01-08,2,ridge,-0.010572854891920521,-0.010572854891920521,0.3015075376884422,-0.0793031319297437,0.02257348776154859,0.1018766196912923,medium,0.019312770705468774,0.00741704625540951,-0.011895724450059264,True,True
SYN_E,2024-01-02,2024-01-09,2,ridge,-0.011932512821236675,-0.011932512821236675,0.3015075376884422,-0.08066278985905986,0.02121382983223244,0.1018766196912923,medium,0.018346226718149228,0.0026307532789506816,-0.015715473439198546,True,True
SYN_E,2024-01-03,2024-01-10,2,ridge,-0.01074762377520097,-0.01074762377520097,0.3015075376884422,-0.07947790081302415,0.022398718878268144,0.1018766196912923,medium,-0.02600093982006313,-0.020968265271682718,0.005032674548380411,False,False
SYN_E,2024-01-04,2024-01-11,2,ridge,-0.010279295103107867,-0.010279295103107867,0.3015075376884422,-0.07900957214093104,0.022867047550361248,0.1018766196912923,medium,-0.012013446780178794,-0.010817645591044811,0.0011958011891339826,False,False
SYN_E,2024-01-05,2024-01-12,2,ridge,-0.012084303680931711,-0.012084303680931711,0.3015075376884422,-0.08081458071875489,0.021062038972537403,0.1018766196912923,medium,-0.023091132105891088,-0.014026547369978104,0.009064584735912984,False,False
SYN_E,2024-01-08,2024-01-15,2,ridge,-0.011311890298437747,-0.011311890298437747,0.3015075376884422,-0.08004216733626093,0.02183445235503137,0.1018766196912923,medium,-0.016754154537121035,-0.019004441350056744,-0.002250286812935709,False,False
SYN_E,2024-01-09,2024-01-16,2,ridge,-0.010064899795001504,-0.010064899795001504,0.3015075376884422,-0.07879517683282469,0.02308144285846761,0.1018766196912923,medium,-0.03542863448312317,-0.025264214806289376,0.010164419676833791,False,False
SYN_E,2024-01-10,2024-01-17,2,ridge,-0.012508029861382807,-0.012508029861382807,0.3015075376884422,-0.08123830689920598,0.020638312792086305,0.1018766196912923,medium,-0.0034165595723210096,0.008363573377851319,0.011780132950172328,False,True
SYN_E,2024-01-11,2024-01-18,2,ridge,-0.011074418425720559,-0.011074418425720559,0.3015075376884422,-0.07980469546354374,0.022071924227748556,0.1018766196912923,medium,0.015628888491023618,0.010572434422644772,-0.005056454068378846,True,True
SYN_F,2023-12-08,2023-12-15,2,ridge,0.015545212907528635,0.015545212907528635,0.34782608695652173,-0.05318506413029454,0.048691555560997746,0.1018766196912923,low,0.038823839534988025,0.0602370144698714,0.021413174934883372,True,True
SYN_F,2023-12-11,2023-12-18,2,ridge,0.01365107132284284,0.01365107132284284,0.34782608695652173,-0.055079205714980345,0.04679741397631196,0.1018766196912923,medium,0.005128838431461835,0.028572180818836612,0.023443342387374777,True,True
SYN_F,2023-12-12,2023-12-19,2,ridge,0.015366807503335161,0.015366807503335161,0.34782608695652173,-0.05336346953448802,0.048513150156804276,0.1018766196912923,low,-0.0012765433666865889,0.012333890814660409,0.013610434181346998,False,True
SYN_F,2023-12-13,2023-12-20,2,ridge,0.01652204506899429,0.01652204506899429,0.34782608695652173,-0.05220823196882889,0.0496683877224634,0.1018766196912923,low,-0.02136267171498496,-0.005665769973928314,0.015696901741056646,False,False
SYN_F,2023-12-14,2023-12-21,2,ridge,0.017046111363960375,0.017046111363960375,0.34782608695652173,-0.0516841656738628,0.050192454017429486,0.1018766196912923,low,-0.019159188351062673,-0.014959309474668947,0.004199878876393726,False,False
SYN_F,2023-12-15,2023-12-22,2,ridge,0.014594723893275003,0.014594723893275003,0.34782608695652173,-0.05413555314454818,0.04774106654674412,0.1018766196912923,medium,-0.020042072824059343,-0.0032582266296838913,0.01678384619437545,False,False
SYN_F,2023-12-18,2023-12-25,2,ridge,0.01579924307403443,0.01579924307403443,0.34782608695652173,-0.05293103396378875,0.04894558572750354,0.1018766196912923,low,-0.006704146916819642,0.005513076471910683,0.012217223388730325,False,True
SYN_F,2023-12-19,2023-12-26,2,ridge,0.014125778678715818,0.014125778678715818,0.34782608695652173,-0.05460449835910736,0.04727212133218493,0.1018766196912923,medium,-0.004192051341152192,0.007134011266131557,0.011326062607283749,False,True
SYN_F,2023-12-20,2023-12-27,2,ridge,0.015518999288984522,0.015518999288984522,0.34782608695652173,-0.05321127774883866,0.04866534194245364,0.1018766196912923,low,0.004809379042586492,0.00629522009201855,0.0014858410494320573,True,True
SYN_F,2023-12-21,2023-12-28,2,ridge,0.014319747928175919,0.014319747928175919,0.34782608695652173,-0.05441052910964726,0.04746609058164503,0.1018766196912923,medium,0.006572160412139705,0.003543478729789218,-0.003028681682350487,True,True
SYN_F,2023-12-22,2023-12-29,2,ridge,0.014673905862224161,0.014673905862224161,0.34782608695652173,-0.05405637117559902,0.047820248515693276,0.1018766196912923,medium,0.03174441452960208,0.010839891388257694,-0.02090452314134439,True,True
SYN_F,2023-12-25,2024-01-01,2,ridge,0.01457549672166767,0.01457549672166767,0.34782608695652173,-0.05415478031615551,0.047721839375136785,0.1018766196912923,medium,0.023483163178643518,0.021336188779988552,-0.002146974398654966,True,True
SYN_F,2023-12-26,2024-01-02,2,ridge,0.013674188669329058,0.013674188669329058,0.34782608695652173,-0.05505608836849413,0.046820531322798176,0.1018766196912923,medium,0.036070898808632124,0.029570847711825277,-0.006500051096806847,True,True
SYN_F,2023-12-27,2024-01-03,2,ridge,0.015554863770958535,0.015554863770958535,0.34782608695652173,-0.053175413266864646,0.04870120642442765,0.1018766196912923,low,0.06938137522221388,0.04945654530854404,-0.01992482991366984,True,True
SYN_F,2023-12-28,2024-01-04,2,ridge,0.014695683304140894,0.014695683304140894,0.34782608695652173,-0.05403459373368229,0.04784202595761001,0.1018766196912923,medium,0.035925603359355796,0.039203522814532876,0.0032779194551770807,True,True
SYN_F,2023-12-29,2024-01-05,2,ridge,0.01340370972403067,0.01340370972403067,0.34782608695652173,-0.05532656731379251,0.04655005237749978,0.1018766196912923,medium,0.028188784182989757,0.03175517281033802,0.0035663886273482603,True,True
SYN_F,2024-01-01,2024-01-08,2,ridge,0.015543069882273126,0.015543069882273126,0.34782608695652173,-0.05318720715555006,0.048689412535742244,0.1018766196912923,low,0.03314189988914573,0.021246175439086468,-0.011895724450059264,True,True
SYN_F,2024-01-02,2024-01-09,2,ridge,0.01464136909348419,0.01464136909348419,0.34782608695652173,-0.05408890794433899,0.0477877117469533,0.1018766196912923,medium,0.030823248408368253,0.015107774969169707,-0.015715473439198546,True,True
SYN_F,2024-01-03,2024-01-10,2,ridge,0.013249650430134437,0.013249650430134437,0.34782608695652173,-0.055480626607688745,0.04639599308360355,0.1018766196912923,medium,-0.015426340545808492,-0.010393665997428081,0.005032674548380411,False,False
SYN_F,2024-01-04,2024-01-11,2,ridge,0.010549927062590534,0.010549927062590534,0.34782608695652173,-0.05818034997523265,0.04369626971605965,0.1018766196912923,medium,0.004655236485580749,0.005851037674714732,0.0011958011891339826,True,True
SYN_F,2024-01-05,2024-01-12,2,ridge,0.010961081146752929,0.010961081146752929,0.34782608695652173,-0.057769195891070255,0.04410742380022204,0.1018766196912923,medium,0.009820955187696212,0.018885539923609196,0.009064584735912984,True,True
SYN_F,2024-01-08,2024-01-15,2,ridge,0.009807309806847367,0.009807309806847367,0.34782608695652173,-0.058922967230975815,0.04295365246031648,0.1018766196912923,medium,0.036313471501500105,0.034063184688564396,-0.002250286812935709,True,True
SYN_F,2024-01-09,2024-01-16,2,ridge,0.008060658235878562,0.008060658235878562,0.34782608695652173,-0.060669618801944616,0.04120700088934767,0.1018766196912923,medium,0.009218920516487428,0.01938334019332122,0.010164419676833791,True,True
SYN_F,2024-01-10,2024-01-17,2,ridge,0.010019017046510757,0.010019017046510757,0.34782608695652173,-0.05871125999131242,0.04316535969997987,0.1018766196912923,medium,0.013410202592640585,0.025190335542812914,0.011780132950172328,True,True
SYN_F,2024-01-11,2024-01-18,2,ridge,0.010042336441701211,0.010042336441701211,0.34782608695652173,-0.05868794059612197,0.043188679095170324,0.1018766196912923,medium,0.012533374155679455,0.007476920087300609,-0.005056454068378846,True,True
SYN_G,2023-12-08,2023-12-15,2,ridge,-0.006620645451013485,-0.006620645451013485,0.3015075376884422,-0.07535092248883667,0.02652569720245563,0.1018766196912923,high,-0.10832982441629979,-0.08691664948141642,0.021413174934883372,False,False
SYN_G,2023-12-11,2023-12-18,2,ridge,-0.005566898588783949,-0.005566898588783949,0.3015075376884422,-0.07429717562660713,0.027579444064685165,0.1018766196912923,high,-0.12372530754575417,-0.1002819651583794,0.023443342387374777,False,False
SYN_G,2023-12-12,2023-12-19,2,ridge,-0.00544684547988416,-0.00544684547988416,0.3015075376884422,-0.07417712251770735,0.027699497173584955,0.1018766196912923,high,-0.08409196730670421,-0.07048153312535721,0.013610434181346998,False,False
SYN_G,2023-12-13,2023-12-20,2,ridge,-0.007275783532647939,-0.007275783532647939,0.3015075376884422,-0.07600606057047112,0.025870559120821174,0.1018766196912923,medium,-0.07313645960418125,-0.0574395578631246,0.015696901741056646,False,False
SYN_G,2023-12-14,2023-12-21,2,ridge,-0.008184912193032221,-0.008184912193032221,0.3015075376884422,-0.0769151892308554,0.024961430460436893,0.1018766196912923,medium,-0.051292077638834144,-0.04709219876244042,0.004199878876393726,False,False
SYN_G,2023-12-15,2023-12-22,2,ridge,-0.007692114987014864,-0.007692114987014864,0.3015075376884422,-0.07642239202483804,0.02545422766645425,0.1018766196912923,medium,-0.03888854608259629,-0.022104699888220836,0.01678384619437545,False,False
SYN_G,2023-12-18,2023-12-25,2,ridge,-0.009247599947548805,-0.009247599947548805,0.3015075376884422,-0.07797787698537198,0.02389874270592031,0.1018766196912923,medium,-0.012870466256571955,-0.0006532428678416302,0.012217223388730325,False,False
SYN_G,2023-12-19,2023-12-26,2,ridge,-0.009405401786220938,-0.009405401786220938,0.3015075376884422,-0.07813567882404412,0.023740940867248178,0.1018766196912923,medium,-0.019322804121779114,-0.007996741514495365,0.011326062607283749,False,False
SYN_G,2023-12-20,2023-12-27,2,ridge,-0.010628507796788809,-0.010628507796788809,0.3015075376884422,-0.07935878483461199,0.022517834856680304,0.1018766196912923,medium,-0.010943666981061195,-0.009457825931629138,0.0014858410494320573,False,False
SYN_G,2023-12-21,2023-12-28,2,ridge,-0.007855004227304053,-0.007855004227304053,0.3015075376884422,-0.07658528126512723,0.02529133842616506,0.1018766196912923,medium,0.00448549408589638,0.001456812403545893,-0.003028681682350487,True,True
SYN_G,2023-12-22,2023-12-29,2,ridge,-0.009647498583640144,-0.009647498583640144,0.3015075376884422,-0.07837777562146332,0.02349884406982897,0.1018766196912923,medium,0.03449009014037985,0.013585566999035459,-0.02090452314134439,True,True
SYN_G,2023-12-25,2024-01-01,2,ridge,-0.008034619839150032,-0.008034619839150032,0.3015075376884422,-0.07676489687697322,0.02511172281431908,0.1018766196912923,medium,0.014870569171074544,0.012723594772419577,-0.002146974398654966,True,True
SYN_G,2023-12-26,2024-01-02,2,ridge,-0.007566787885216913,-0.007566787885216913,0.3015075376884422,-0.0762970649230401,0.025579554768252202,0.1018766196912923,medium,0.023036638528876385,0.01653658743206954,-0.006500051096806847,True,True
SYN_G,2023-12-27,2024-01-03,2,ridge,-0.008471966580213366,-0.008471966580213366,0.3015075376884422,-0.07720224361803654,0.024674376073255747,0.1018766196912923,medium,0.03893139791539335,0.01900656800172351,-0.01992482991366984,True,True
SYN_G,2023-12-28,2024-01-04,2,ridge,-0.007611951001190168,-0.007611951001190168,0.3015075376884422,-0.07634222803901335,0.025534391652278946,0.1018766196912923,medium,0.0061394231099434204,0.009417342565120501,0.0032779194551770807,True,True
SYN_G,2023-12-29,2024-01-05,2,ridge,-0.010717777087809693,-0.010717777087809693,0.3015075376884422,-0.07944805412563287,0.02242856556565942,0.1018766196912923,medium,0.00872238935650338,0.01228877798385164,0.0035663886273482603,True,True
SYN_G,2024-01-01,2024-01-08,2,ridge,-0.009988043667977465,-0.009988043667977465,0.3015075376884422,-0.07871832070580065,0.023158298985491647,0.1018766196912923,medium,0.009797877967881563,-0.002097846482177701,-0.011895724450059264,True,False
SYN_G,2024-01-02,2024-01-09,2,ridge,-0.008467954688336636,-0.008467954688336636,0.3015075376884422,-0.07719823172615982,0.024678387965132477,0.1018766196912923,medium,0.01614153075472069,0.00042605731552214365,-0.015715473439198546,True,True
SYN_G,2024-01-03,2024-01-10,2,ridge,-0.011623499221928166,-0.011623499221928166,0.3015075376884422,-0.08035377625975135,0.02152284343154095,0.1018766196912923,medium,-0.018919437639173586,-0.013886763090793175,0.005032674548380411,False,False
SYN_G,2024-01-04,2024-01-11,2,ridge,-0.010749992254257965,-0.010749992254257965,0.3015075376884422,-0.07948026929208114,0.02239635039921115,0.1018766196912923,medium,-0.008927793423682107,-0.007731992234548124,0.0011958011891339826,False,False
SYN_G,2024-01-05,2024-01-12,2,ridge,-0.010308948153789702,-0.010308948153789702,0.3015075376884422,-0.07903922519161288,0.022837394499679413,0.1018766196912923,medium,-0.02070215622676974,-0.011637571490856757,0.009064584735912984,False,False
SYN_G,2024-01-08,2024-01-15,2,ridge,-0.013220385571454303,-0.013220385571454303,0.3015075376884422,-0.08195066260927748,0.019925957082014813,0.1018766196912923,medium,-0.016541645206800015,-0.018791932019735724,-0.002250286812935709,False,False
SYN_G,2024-01-09,2024-01-16,2,ridge,-0.012156334952990046,-0.012156334952990046,0.3015075376884422,-0.08088661199081323,0.02099000770047907,0.1018766196912923,medium,-0.02425047818706938,-0.014086058510235588,0.010164419676833791,False,False
SYN_G,2024-01-10,2024-01-17,2,ridge,-0.014260356435235785,-0.014260356435235785,0.3015075376884422,-0.08299063347305896,0.018885986218233328,0.1018766196912923,medium,0.002322007571392559,0.014102140521564888,0.011780132950172328,True,True
SYN_G,2024-01-11,2024-01-18,2,ridge,-0.014696634272466206,-0.014696634272466206,0.3015075376884422,-0.08342691131028938,0.01844970838100291,0.1018766196912923,medium,0.021597988628162534,0.016541534559783688,-0.005056454068378846,True,True
SYN_H,2023-12-08,2023-12-15,2,ridge,-0.019263098599823867,-0.019263098599823867,0.25,-0.08799337563764704,0.013883244053645247,0.1018766196912923,low,-0.04627631662817333,-0.02486314169328996,0.021413174934883372,False,False
SYN_H,2023-12-11,2023-12-18,2,ridge,-0.020016416548390793,-0.020016416548390793,0.2200533402438258,-0.08874669358621398,0.013129926105078321,0.1018766196912923,low,-0.0635407525580175,-0.04009741017064272,0.023443342387374777,False,False
SYN_H,2023-12-12,2023-12-19,2,ridge,-0.021078607649897586,-0.021078607649897586,0.07941383126723525,-0.08980888468772077,0.012067735003571528,0.1018766196912923,low,-0.052734525877141225,-0.03912409169579423,0.013610434181346998,False,False
SYN_H,2023-12-13,2023-12-20,2,ridge,-0.019961091007917455,-0.019961091007917455,0.22737872343993515,-0.08869136804574064,0.01318525164555166,0.1018766196912923,low,-0.06402018300375756,-0.04832328126270091,0.015696901741056646,False,False
SYN_H,2023-12-14,2023-12-21,2,ridge,-0.01860090068756342,-0.01860090068756342,0.25,-0.0873311777253866,0.014545441965905695,0.1018766196912923,low,-0.0407832334910867,-0.036583354614692976,0.004199878876393726,False,False
SYN_H,2023-12-15,2023-12-22,2,ridge,-0.01897383796891772,-0.01897383796891772,0.25,-0.0877041150067409,0.014172504684551394,0.1018766196912923,low,-0.057311757899979776,-0.040527911705604325,0.01678384619437545,False,False
SYN_H,2023-12-18,2023-12-25,2,ridge,-0.01967494112466803,-0.01967494112466803,0.25,-0.08840521816249121,0.013471401528801084,0.1018766196912923,low,-0.033721341714174624,-0.0215041183254443,0.012217223388730325,False,False
SYN_H,2023-12-19,2023-12-26,2,ridge,-0.018807010272810974,-0.018807010272810974,0.25,-0.08753728731063415,0.01433933238065814,0.1018766196912923,low,-0.041041854954580015,-0.029715792347296266,0.011326062607283749,False,False
SYN_H,2023-12-20,2023-12-27,2,ridge,-0.01903689526768318,-0.01903689526768318,0.25,-0.08776717230550636,0.014109447385785935,0.1018766196912923,low,-0.04179810012716423,-0.04031225907773217,0.0014858410494320573,False,False
SYN_H,2023-12-21,2023-12-28,2,ridge,-0.019485970925230196,-0.019485970925230196,0.25,-0.08821624796305338,0.013660371728238918,0.1018766196912923,low,-0.04635689900842643,-0.04938558069077692,-0.003028681682350487,False,False
SYN_H,2023-12-22,2023-12-29,2,ridge,-0.019437307592475413,-0.019437307592475413,0.25,-0.0881675846302986,0.013709035060993701,0.1018766196912923,low,-0.008930451286431995,-0.029834974427776384,-0.02090452314134439,False,False
SYN_H,2023-12-25,2024-01-01,2,ridge,-0.02031180472993833,-0.02031180472993833,0.18094244131857432,-0.08904208176776152,0.012834537923530783,0.1018766196912923,low,-0.03032555393208003,-0.032472528330734995,-0.002146974398654966,False,False
SYN_H,2023-12-26,2024-01-02,2,ridge,-0.017166876958560874,-0.017166876958560874,0.3015075376884422,-0.08589715399638406,0.01597946569490824,0.1018766196912923,low,-0.016121777516802216,-0.022621828613609063,-0.006500051096806847,False,False
SYN_H,2023-12-27,2024-01-03,2,ridge,-0.017216325327398686,-0.017216325327398686,0.3015075376884422,-0.08594660236522186,0.01593001732607043,0.1018766196912923,low,-0.004353741983295301,-0.02427857189696514,-0.01992482991366984,False,False
SYN_H,2023-12-28,2024-01-04,2,ridge,-0.01686226046177174,-0.01686226046177174,0.3015075376884422,-0.08559253749959492,0.016284082191697375,0.1018766196912923,low,-0.03274826318710555,-0.029470343731928472,0.0032779194551770807,False,False
SYN_H,2023-12-29,2024-01-05,2,ridge,-0.016051066323519082,-0.016051066323519082,0.3015075376884422,-0.08478134336134227,0.017095276329950032,0.1018766196912923,low,-0.053303779121299244,-0.049737390493950984,0.0035663886273482603,False,False
SYN_H,2024-01-01,2024-01-08,2,ridge,-0.01830846371255764,-0.01830846371255764,0.26324329891323006,-0.08703874075038082,0.014837878940911476,0.1018766196912923,low,-0.03921470293074325,-0.051110427380802514,-0.011895724450059264,False,False
SYN_H,2024-01-02,2024-01-09,2,ridge,-0.016531562860475506,-0.016531562860475506,0.3015075376884422,-0.08526183989829869,0.016614779792993608,0.1018766196912923,low,-0.030068176887556364,-0.04578365032675491,-0.015715473439198546,False,False
SYN_H,2024-01-03,2024-01-10,2,ridge,-0.01601833036195566,-0.01601833036195566,0.3015075376884422,-0.08474860739977884,0.017128012291513454,0.1018766196912923,low,-0.052286723697929194,-0.04725404914954878,0.005032674548380411,False,False
SYN_H,2024-01-04,2024-01-11,2,ridge,-0.016437176861339352,-0.016437176861339352,0.3015075376884422,-0.08516745389916253,0.016709165792129763,0.1018766196912923,low,-0.03633454150725335,-0.035138740318119366,0.0011958011891339826,False,False
SYN_H,2024-01-05,2024-01-12,2,ridge,-0.015491429703977218,-0.015491429703977218,0.3015075376884422,-0.0842217067418004,0.017654912949491897,0.1018766196912923,low,-0.04422900308742328,-0.035164418351510296,0.009064584735912984,False,False
SYN_H,2024-01-08,2024-01-15,2,ridge,-0.013912270462893677,-0.013912270462893677,0.3015075376884422,-0.08264254750071685,0.019234072190575435,0.1018766196912923,medium,-0.0281502305111917,-0.030400517324127407,-0.002250286812935709,False,False
SYN_H,2024-01-09,2024-01-16,2,ridge,-0.013185071010831127,-0.013185071010831127,0.3015075376884422,-0.0819153480486543,0.019961271642637987,0.1018766196912923,medium,-0.05242034500870152,-0.04225592533186773,0.010164419676833791,False,False
SYN_H,2024-01-10,2024-01-17,2,ridge,-0.014795499622552917,-0.014795499622552917,0.3015075376884422,-0.0835257766603761,0.0183508430309162,0.1018766196912923,medium,-0.0486487852822135,-0.036868652332041174,0.011780132950172328,False,False
SYN_H,2024-01-11,2024-01-18,2,ridge,-0.011896364449412862,-0.011896364449412862,0.3015075376884422,-0.08062664148723604,0.021249978204056254,0.1018766196912923,medium,-0.04148315834350558,-0.04653961241188442,-0.005056454068378846,False,False
SYN_A,2024-01-12,2024-01-19,3,ridge,-0.00312117248493833,-0.00312117248493833,0.3093220338983051,-0.06693522913589137,0.03152384988181883,0.0984590790177102,high,-0.006421568734018446,-0.0011602250348435872,0.0052613436991748586,False,False
SYN_A,2024-01-15,2024-01-22,3,ridge,-0.0030712820806692905,-0.0030712820806692905,0.3093220338983051,-0.06688533873162232,0.03157374028608787,0.0984590790177102,high,-0.007227709119907333,0.004115845485988867,0.0113435546058962,False,True
SYN_A,2024-01-16,2024-01-23,3,ridge,-0.005375427551871386,-0.005375427551871386,0.3093220338983051,-0.06918948420282442,0.02926959481488578,0.0984590790177102,high,0.023944246776242073,0.030057841537761698,0.006113594761519625,True,True
SYN_A,2024-01-17,2024-01-24,3,ridge,-0.007237174727649264,-0.007237174727649264,0.3093220338983051,-0.0710512313786023,0.0274078476391079,0.0984590790177102,medium,0.002269986406634783,-0.013811513577518864,-0.016081499984153647,True,False
SYN_A,2024-01-18,2024-01-25,3,ridge,-0.0069403564513748316,-0.0069403564513748316,0.3093220338983051,-0.07075441310232787,0.027704665915382332,0.0984590790177102,medium,0.013197171341723934,-0.00936424873995656,-0.022561420081680494,True,False
SYN_A,2024-01-19,2024-01-26,3,ridge,-0.006907027588551152,-0.006907027588551152,0.3093220338983051,-0.07072108423950418,0.027737994778206012,0.0984590790177102,medium,0.05282610727883452,0.007342736119344329,-0.045483371159490193,True,True
SYN_A,2024-01-22,2024-01-29,3,ridge,-0.006998238376618133,-0.006998238376618133,0.3093220338983051,-0.07081229502757116,0.02764678399013903,0.0984590790177102,medium,0.05417775297615923,-0.0024098164523110865,-0.05658756942847032,True,False
SYN_A,2024-01-23,2024-01-30,3,ridge,-0.006284688892768103,-0.006284688892768103,0.3093220338983051,-0.07009874554372114,0.02836033347398906,0.0984590790177102,high,0.06240573488794732,-0.006760044922414887,-0.0691657798103622,True,False
SYN_A,2024-01-24,2024-01-31,3,ridge,-0.006979811174063227,-0.006979811174063227,0.3093220338983051,-0.07079386782501626,0.027665211192693936,0.0984590790177102,medium,0.06303984206890045,0.015237051375870392,-0.04780279069303006,True,True
SYN_A,2024-01-25,2024-02-01,3,ridge,-0.006658636849727944,-0.006658636849727944,0.3093220338983051,-0.07047269350068099,0.02798638551702922,0.0984590790177102,high,0.054795061074128015,0.004110536234400053,-0.05068452483972796,True,True
SYN_A,2024-01-26,2024-02-02,3,ridge,-0.006146708094578548,-0.006146708094578548,0.3093220338983051,-0.06996076474553159,0.028498314272178617,0.0984590790177102,high,0.02889993582704775,-0.002221536524964929,-0.03112147235201268,True,False
SYN_A,2024-01-29,2024-02-05,3,ridge,-0.006464564753399661,-0.006464564753399661,0.3093220338983051,-0.0702786214043527,0.028180457613357503,0.0984590790177102,high,0.029630245055406568,0.0029938615461135853,-0.026636383509292982,True,True
SYN_A,2024-01-30,2024-02-06,3,ridge,-0.006670469725331169,-0.006670469725331169,0.3093220338983051,-0.0704845263762842,0.027974552641425995,0.0984590790177102,high,-0.00514787458900634,8.884829875999145e-05,0.005236722887766332,False,True
SYN_A,2024-01-31,2024-02-07,3,ridge,-0.005433000152074096,-0.005433000152074096,0.3093220338983051,-0.06924705680302713,0.029212022214683067,0.0984590790177102,high,-0.009400060921183173,-0.019171006966205884,-0.00977094604502271,False,False
SYN_A,2024-02-01,2024-02-08,3,ridge,-0.0055800110335960185,-0.0055800110335960185,0.3093220338983051,-0.06939406768454906,0.029065011333161146,0.0984590790177102,high,-0.02670221249340765,-0.016246673448487958,0.010455539044919693,False,False
SYN_A,2024-02-02,2024-02-09,3,ridge,-0.005815657810592696,-0.005815657810592696,0.3093220338983051,-0.06962971446154573,0.02882936455616447,0.0984590790177102,high,-0.03028565262197025,-0.02854258826428835,0.0017430643576819005,False,False
SYN_A,2024-02-05,2024-02-12,3,ridge,-0.0051292728403040805,-0.0051292728403040805,0.3093220338983051,-0.06894332949125712,0.029515749526453083,0.0984590790177102,high,-0.035236475398774725,-0.0232070995490542,0.012029375849720525,False,False
SYN_A,2024-02-06,2024-02-13,3,ridge,-0.006091738000267525,-0.006091738000267525,0.3093220338983051,-0.06990579465122056,0.02855328436648964,0.0984590790177102,high,-0.0037055084659365356,-0.014082705047134603,-0.010377196581198067,False,False
SYN_A,2024-02-07,2024-02-14,3,ridge,-0.006743676335616585,-0.006743676335616585,0.3093220338983051,-0.07055773298656962,0.027901346031140577,0.0984590790177102,high,0.013340789724531454,0.009518863684080614,-0.0038219260404508404,True,True
SYN_A,2024-02-08,2024-02-15,3,ridge,-0.006532186028755464,-0.006532186028755464,0.3093220338983051,-0.0703462426797085,0.028112836338001698,0.0984590790177102,high,0.008731713403993036,0.01795632172914896,0.009224608325155925,True,True
SYN_A,2024-02-09,2024-02-16,3,ridge,-0.006797461978168776,-0.006797461978168776,0.3093220338983051,-0.07061151862912181,0.027847560388588388,0.0984590790177102,high,0.03319239724682843,0.03135590221465079,-0.001836495032177643,True,True
SYN_A,2024-02-12,2024-02-19,3,ridge,-0.0068291582568109225,-0.0068291582568109225,0.3093220338983051,-0.07064321490776396,0.027815864109946242,0.0984590790177102,medium,0.01915216743248227,0.01578517180924388,-0.003366995623238389,True,True
SYN_A,2024-02-13,2024-02-20,3,ridge,-0.006630189470442003,-0.006630189470442003,0.3093220338983051,-0.07044424612139503,0.02801483289631516,0.0984590790177102,high,0.009993628774946917,0.018003426499504593,0.008009797724557677,True,True
SYN_A,2024-02-14,2024-02-21,3,ridge,-0.005371538034223896,-0.005371538034223896,0.3093220338983051,-0.06918559468517693,0.029273484332533267,0.0984590790177102,high,0.03468865905512564,0.028556590584603914,-0.006132068470521723,True,True
SYN_A,2024-02-15,2024-02-22,3,ridge,-0.004582850401975947,-0.004582850401975947,0.3093220338983051,-0.06839690705292899,0.03006217196478122,0.0984590790177102,high,0.05400527726412441,0.026149115539745527,-0.02785616172437888,True,True
SYN_A,2024-02-16,2024-02-23,3,ridge,-0.004575599589879968,-0.004575599589879968,0.3093220338983051,-0.068389656240833,0.030069422776877196,0.0984590790177102,high,0.04361977920261495,0.016925689555779666,-0.026694089646835284,True,True
SYN_B,2024-01-12,2024-01-19,3,ridge,-0.008694072124612288,-0.008694072124612288,0.3093220338983051,-0.07250812877556533,0.025950950242144874,0.0984590790177102,medium,0.01861266545032425,0.02387400914949911,0.0052613436991748586,True,True
SYN_B,2024-01-15,2024-01-22,3,ridge,-0.007701238567091665,-0.007701238567091665,0.3093220338983051,-0.0715152952180447,0.0269437837996655,0.0984590790177102,medium,0.024915747233507757,0.03625930183940396,0.0113435546058962,True,True
SYN_B,2024-01-16,2024-01-23,3,ridge,-0.005697464943556789,-0.005697464943556789,0.3093220338983051,-0.06951152159450982,0.028947557423200376,0.0984590790177102,high,0.02478993670836771,0.030903531469887335,0.006113594761519625,True,True
SYN_B,2024-01-17,2024-01-24,3,ridge,-0.009054955423903072,-0.009054955423903072,0.3093220338983051,-0.0728690120748561,0.02559006694285409,0.0984590790177102,medium,0.04513994550079237,0.02905844551663872,-0.016081499984153647,True,True
SYN_B,2024-01-18,2024-01-25,3,ridge,-0.006223998597109462,-0.006223998597109462,0.3093220338983051,-0.0700380552480625,0.028421023769647703,0.0984590790177102,high,0.04857728559320018,0.026015865511519687,-0.022561420081680494,True,True
SYN_B,2024-01-19,2024-01-26,3,ridge,-0.007822290913054072,-0.007822290913054072,0.3093220338983051,-0.07163634756400711,0.02682273145370309,0.0984590790177102,medium,0.059572295462595015,0.014088924303104822,-0.045483371159490193,True,True
SYN_B,2024-01-22,2024-01-29,3,ridge,-0.007025689184301173,-0.007025689184301173,0.3093220338983051,-0.07083974583525421,0.02761933318245599,0.0984590790177102,medium,0.06863289155449359,0.012045322126023272,-0.05658756942847032,True,True
SYN_B,2024-01-23,2024-01-30,3,ridge,-0.009710424964197734,-0.009710424964197734,0.3093220338983051,-0.07352448161515077,0.02493459740255943,0.0984590790177102,medium,0.09610391794441031,0.026938138134048106,-0.0691657798103622,True,True
SYN_B,2024-01-24,2024-01-31,3,ridge,-0.006536034270606064,-0.006536034270606064,0.3093220338983051,-0.0703500909215591,0.0281089880961511,0.0984590790177102,high,0.035837239913626084,-0.011965550779403977,-0.04780279069303006,True,False
SYN_B,2024-01-25,2024-02-01,3,ridge,-0.0071523506500738385,-0.0071523506500738385,0.3093220338983051,-0.07096640730102688,0.027492671716683327,0.0984590790177102,medium,0.018484881814563092,-0.03219964302516487,-0.05068452483972796,True,False
SYN_B,2024-01-26,2024-02-02,3,ridge,-0.009428607681920786,-0.009428607681920786,0.3093220338983051,-0.07324266433287382,0.025216414684836378,0.0984590790177102,medium,0.0035115221968706756,-0.027609950155142005,-0.03112147235201268,True,False
SYN_B,2024-01-29,2024-02-05,3,ridge,-0.007594641870104292,-0.007594641870104292,0.3093220338983051,-0.07140869852105733,0.02705038049665287,0.0984590790177102,medium,-0.026016052817314006,-0.05265243632660699,-0.026636383509292982,False,False
SYN_B,2024-01-30,2024-02-06,3,ridge,-0.009995599226153023,-0.009995599226153023,0.3093220338983051,-0.07380965587710606,0.024649423140604143,0.0984590790177102,medium,-0.0804178481694009,-0.07518112528163456,0.005236722887766332,False,False
SYN_B,2024-01-31,2024-02-07,3,ridge,-0.010962015587008048,-0.010962015587008048,0.3,-0.07477607223796108,0.023683006779749115,0.0984590790177102,medium,-0.05349406175061999,-0.0632650077956427,-0.00977094604502271,False,False
SYN_B,2024-02-01,2024-02-08,3,ridge,-0.013259162920229127,-0.013259162920229127,0.3,-0.07707321957118216,0.021385859446528037,0.0984590790177102,medium,-0.0594376126826931,-0.048982073637773405,0.010455539044919693,False,False
SYN_B,2024-02-02,2024-02-09,3,ridge,-0.013349035873230514,-0.013349035873230514,0.3,-0.07716309252418355,0.02129598649352665,0.0984590790177102,medium,-0.040427295576292765,-0.038684231218610865,0.0017430643576819005,False,False
SYN_B,2024-02-05,2024-02-12,3,ridge,-0.015948352729628204,-0.015948352729628204,0.3,-0.07976240938058124,0.01869666963712896,0.0984590790177102,low,-0.00391705169453771,0.008112324155182815,0.012029375849720525,False,True
SYN_B,2024-02-06,2024-02-13,3,ridge,-0.016923727765599667,-0.016923727765599667,0.3,-0.0807377844165527,0.017721294601157497,0.0984590790177102,low,0.03512739983957158,0.024750203258373515,-0.010377196581198067,True,True
SYN_B,2024-02-07,2024-02-14,3,ridge,-0.01670180991941839,-0.01670180991941839,0.3,-0.08051586657037142,0.017943212447338774,0.0984590790177102,low,0.05374147211677904,0.0499195460763282,-0.0038219260404508404,True,True
SYN_B,2024-02-08,2024-02-15,3,ridge,-0.013475735865865807,-0.013475735865865807,0.3,-0.07728979251681885,0.02116928650089136,0.0984590790177102,medium,0.04129301729496215,0.05051762562011808,0.009224608325155925,True,True
SYN_B,2024-02-09,2024-02-16,3,ridge,-0.011655229061203616,-0.011655229061203616,0.3,-0.07546928571215665,0.02298979330555355,0.0984590790177102,medium,0.052164660496380355,0.05032816546420271,-0.001836495032177643,True,True
SYN_B,2024-02-12,2024-02-19,3,ridge,-0.011843475137289339,-0.011843475137289339,0.3,-0.07565753178824237,0.022801547229467825,0.0984590790177102,medium,0.014960250624660998,0.011593255001422609,-0.003366995623238389,True,True
SYN_B,2024-02-13,2024-02-20,3,ridge,-0.010583185640598004,-0.010583185640598004,0.3,-0.07439724229155104,0.02406183672615916,0.0984590790177102,medium,-0.019379155921730007,-0.01136935819717233,0.008009797724557677,False,False
SYN_B,2024-02-14,2024-02-21,3,ridge,-0.010278655151759474,-0.010278655151759474,0.30233493576189213,-0.07409271180271251,0.02436636721499769,0.0984590790177102,medium,-0.02843269669982218,-0.0345647651703439,-0.006132068470521723,False,False
SYN_B,2024-02-15,2024-02-22,3,ridge,-0.011764554059866,-0.011764554059866,0.3,-0.07557861071081903,0.022880468306891166,0.0984590790177102,medium,-0.0047053896679059015,-0.03256155139228478,-0.02785616172437888,False,False
SYN_B,2024-02-16,2024-02-23,3,ridge,-0.011086931239953234,-0.011086931239953234,0.3,-0.07490098789090627,0.02355809112680393,0.0984590790177102,medium,0.0071761741595922635,-0.01951791548724302,-0.026694089646835284,True,False
SYN_C,2024-01-12,2024-01-19,3,ridge,0.04358454603513155,0.04358454603513155,0.68,-0.020229510615821483,0.07822956840188872,0.0984590790177102,low,0.05143713466925903,0.05669847836843389,0.0052613436991748586,True,True
SYN_C,2024-01-15,2024-01-22,3,ridge,0.04228476279265306,0.04228476279265306,0.68,-0.021529293858299978,0.07692978515941022,0.0984590790177102,low,0.05180950586588651,0.06315306047178271,0.0113435546058962,True,True
SYN_C,2024-01-16,2024-01-23,3,ridge,0.043810641361866465,0.043810641361866465,0.68,-0.02000341528908657,0.07845566372862363,0.0984590790177102,low,0.07065159827011946,0.07676519303163909,0.006113594761519625,True,True
SYN_C,2024-01-17,2024-01-24,3,ridge,0.04457634528634559,0.04457634528634559,0.68,-0.019237711364607446,0.07922136765310275,0.0984590790177102,low,0.07979688309329003,0.06371538310913638,-0.016081499984153647,True,True
SYN_C,2024-01-18,2024-01-25,3,ridge,0.045610782128479514,0.045610782128479514,0.68,-0.01820327452247352,0.08025580449523667,0.0984590790177102,low,0.08023711168512249,0.05767569160344199,-0.022561420081680494,True,True
SYN_C,2024-01-19,2024-01-26,3,ridge,0.04708577335949357,0.04708577335949357,0.68,-0.016728283291459464,0.08173079572625074,0.0984590790177102,low,0.10426523489251349,0.0587818637330233,-0.045483371159490193,True,True
SYN_C,2024-01-22,2024-01-29,3,ridge,0.04496743744166085,0.04496743744166085,0.68,-0.018846619209292183,0.07961245980841802,0.0984590790177102,low,0.12086087472611862,0.0642733052976483,-0.05658756942847032,True,True
SYN_C,2024-01-23,2024-01-30,3,ridge,0.04610151211112177,0.04610151211112177,0.68,-0.017712544539831267,0.08074653447787894,0.0984590790177102,low,0.09577243127643142,0.02660665146606922,-0.0691657798103622,True,True
SYN_C,2024-01-24,2024-01-31,3,ridge,0.047249480199513756,0.047249480199513756,0.68,-0.01656457645143928,0.08189450256627093,0.0984590790177102,low,0.07288020715252608,0.025077416459496016,-0.04780279069303006,True,True
SYN_C,2024-01-25,2024-02-01,3,ridge,0.04833514737735551,0.04833514737735551,0.68,-0.015478909273597526,0.08298016974411268,0.0984590790177102,low,0.08855043676588215,0.03786591192615418,-0.05068452483972796,True,True
SYN_C,2024-01-26,2024-02-02,3,ridge,0.048765455661488474,0.048765455661488474,0.68,-0.015048600989464561,0.08341047802824564,0.0984590790177102,low,0.06458575040151004,0.033464278049497365,-0.03112147235201268,True,True
SYN_C,2024-01-29,2024-02-05,3,ridge,0.04852742888949008,0.04852742888949008,0.68,-0.015286627761462952,0.08317245125624725,0.0984590790177102,low,0.06193545694632985,0.035299073437036865,-0.026636383509292982,True,True
SYN_C,2024-01-30,2024-02-06,3,ridge,0.04812843583471793,0.04812843583471793,0.68,-0.015685620816235105,0.0827734582014751,0.0984590790177102,low,0.05524752148744705,0.06048424437521338,0.005236722887766332,True,True
SYN_C,2024-01-31,2024-02-07,3,ridge,0.04703169728591762,0.04703169728591762,0.68,-0.016782359365035415,0.08167671965267478,0.0984590790177102,low,0.06569174921958465,0.05592080317456194,-0.00977094604502271,True,True
SYN_C,2024-02-01,2024-02-08,3,ridge,0.050549916975464744,0.050549916975464744,0.68,-0.013264139675488291,0.08519493934222191,0.0984590790177102,low,0.03431888163767538,0.04477442068259507,0.010455539044919693,True,True
SYN_C,2024-02-02,2024-02-09,3,ridge,0.04755496337845831,0.04755496337845831,0.68,-0.016259093272494723,0.08219998574521548,0.0984590790177102,low,0.033255474567704946,0.034998538925386846,0.0017430643576819005,True,True
SYN_C,2024-02-05,2024-02-12,3,ridge,0.04792119161906829,0.04792119161906829,0.68,-0.015892865031884744,0.08256621398582545,0.0984590790177102,low,0.00021893988807164533,0.01224831573779217,0.012029375849720525,True,True
SYN_C,2024-02-06,2024-02-13,3,ridge,0.04729659385282711,0.04729659385282711,0.68,-0.016517462798125923,0.08194161621958428,0.0984590790177102,low,0.03104150872674105,0.020664312145542985,-0.010377196581198067,True,True
SYN_C,2024-02-07,2024-02-14,3,ridge,0.048187980720855554,0.048187980720855554,0.68,-0.01562607593009748,0.08283300308761271,0.0984590790177102,low,0.022692688870926236,0.018870762830475396,-0.0038219260404508404,True,True
SYN_C,2024-02-08,2024-02-15,3,ridge,0.04914144381166465,0.04914144381166465,0.68,-0.014672612839288383,0.08378646617842181,0.0984590790177102,low,0.025881170153138955,0.03510577847829488,0.009224608325155925,True,True
SYN_C,2024-02-09,2024-02-16,3,ridge,0.048045710055049755,0.048045710055049755,0.68,-0.01576834659590328,0.08269073242180691,0.0984590790177102,low,0.05547081397255371,0.05363431894037607,-0.001836495032177643,True,True
SYN_C,2024-02-12,2024-02-19,3,ridge,0.04557852572477848,0.04557852572477848,0.68,-0.018235530926174554,0.08022354809153565,0.0984590790177102,low,0.07723029416154337,0.07386329853830498,-0.003366995623238389,True,True
SYN_C,2024-02-13,2024-02-20,3,ridge,0.043779488648946666,0.043779488648946666,0.68,-0.02003456800200637,0.07842451101570383,0.0984590790177102,low,0.05115247839578818,0.05916227612034586,0.008009797724557677,True,True
SYN_C,2024-02-14,2024-02-21,3,ridge,0.04494434079018477,0.04494434079018477,0.68,-0.018869715860768264,0.07958936315694193,0.0984590790177102,low,0.04806306546803141,0.041930996997509684,-0.006132068470521723,True,True
SYN_C,2024-02-15,2024-02-22,3,ridge,0.046903654989206275,0.046903654989206275,0.68,-0.01691040166174676,0.08154867735596344,0.0984590790177102,low,0.04186408589758717,0.014007924173208286,-0.02785616172437888,True,True
SYN_C,2024-02-16,2024-02-23,3,ridge,0.0462302481401244,0.0462302481401244,0.68,-0.017583808510828636,0.08087527050688156,0.0984590790177102,low,0.03791638160999433,0.011222291963159048,-0.026694089646835284,True,True
SYN_D,2024-01-12,2024-01-19,3,ridge,-0.009031916152773531,-0.009031916152773531,0.3093220338983051,-0.07284597280372657,0.025613106213983633,0.0984590790177102,medium,-0.015623318280987508,-0.01036197458181265,0.0052613436991748586,False,False
SYN_D,2024-01-15,2024-01-22,3,ridge,-0.010686406006810562,-0.010686406006810562,0.3,-0.0745004626577636,0.023958616359946602,0.0984590790177102,medium,-0.001818943904573267,0.009524610701322933,0.0113435546058962,False,True
SYN_D,2024-01-16,2024-01-23,3,ridge,-0.010295421349858896,-0.010295421349858896,0.3,-0.07410947800081193,0.024349601016898266,0.0984590790177102,medium,-0.00028374161018751565,0.0058298531513321095,0.006113594761519625,False,True
SYN_D,2024-01-17,2024-01-24,3,ridge,-0.009240671740878146,-0.009240671740878146,0.3093220338983051,-0.07305472839183118,0.025404350625879018,0.0984590790177102,medium,0.02226448958793359,0.0061829896037799426,-0.016081499984153647,True,True
SYN_D,2024-01-18,2024-01-25,3,ridge,-0.009555077796156523,-0.009555077796156523,0.3093220338983051,-0.07336913444710956,0.02508994457060064,0.0984590790177102,medium,0.029261553232237003,0.006700133150556509,-0.022561420081680494,True,True
SYN_D,2024-01-19,2024-01-26,3,ridge,-0.009316460790268894,-0.009316460790268894,0.3093220338983051,-0.07313051744122193,0.02532856157648827,0.0984590790177102,medium,0.050346133432249474,0.00486276227275928,-0.045483371159490193,True,True
SYN_D,2024-01-22,2024-01-29,3,ridge,-0.006312369887460904,-0.006312369887460904,0.3093220338983051,-0.07012642653841394,0.02833265247929626,0.0984590790177102,high,0.04968435964299123,-0.006903209785479092,-0.05658756942847032,True,False
SYN_D,2024-01-23,2024-01-30,3,ridge,-0.006536836718312875,-0.006536836718312875,0.3093220338983051,-0.07035089336926591,0.02810818564844429,0.0984590790177102,high,0.08641535008322943,0.01724957027286722,-0.0691657798103622,True,True
SYN_D,2024-01-24,2024-01-31,3,ridge,-0.00811207405091106,-0.00811207405091106,0.3093220338983051,-0.0719261307018641,0.026532948315846103,0.0984590790177102,medium,0.05375973285181579,0.005956942158785727,-0.04780279069303006,True,True
SYN_D,2024-01-25,2024-02-01,3,ridge,-0.0058749867607383755,-0.0058749867607383755,0.3093220338983051,-0.06968904341169141,0.02877003560601879,0.0984590790177102,high,0.06583781466287453,0.015153289823146565,-0.05068452483972796,True,True
SYN_D,2024-01-26,2024-02-02,3,ridge,-0.006095693855866315,-0.006095693855866315,0.3093220338983051,-0.06990975050681936,0.02854932851089085,0.0984590790177102,high,0.055189956028685816,0.024068483676673136,-0.03112147235201268,True,True
SYN_D,2024-01-29,2024-02-05,3,ridge,-0.005017490813536344,-0.005017490813536344,0.3093220338983051,-0.06883154746448938,0.029627531553220822,0.0984590790177102,high,0.036818133045394164,0.010181749536101181,-0.026636383509292982,True,True
SYN_D,2024-01-30,2024-02-06,3,ridge,-0.00585778553225627,-0.00585778553225627,0.3093220338983051,-0.0696718421832093,0.028787236834500893,0.0984590790177102,high,-0.015107923654943511,-0.00987120076717718,0.005236722887766332,False,False
SYN_D,2024-01-31,2024-02-07,3,ridge,-0.007253495449641647,-0.007253495449641647,0.3093220338983051,-0.07106755210059468,0.027391526917115515,0.0984590790177102,medium,-0.005902224424980895,-0.015673170470003606,-0.00977094604502271,False,False
SYN_D,2024-02-01,2024-02-08,3,ridge,-0.008794443038045836,-0.008794443038045836,0.3093220338983051,-0.07260849968899888,0.025850579328711328,0.0984590790177102,medium,-0.03584980959720152,-0.025394270552281828,0.010455539044919693,False,False
SYN_D,2024-02-02,2024-02-09,3,ridge,-0.007938783847481564,-0.007938783847481564,0.3093220338983051,-0.0717528404984346,0.026706238519275602,0.0984590790177102,medium,-0.032540244188715595,-0.030797179831033694,0.0017430643576819005,False,False
SYN_D,2024-02-05,2024-02-12,3,ridge,-0.006603857158256553,-0.006603857158256553,0.3093220338983051,-0.07041791380920959,0.028041165208500612,0.0984590790177102,high,-0.02557754486622843,-0.013548169016507905,0.012029375849720525,False,False
SYN_D,2024-02-06,2024-02-13,3,ridge,-0.0057300509259021245,-0.0057300509259021245,0.3093220338983051,-0.06954410757685515,0.028914971440855038,0.0984590790177102,high,0.02591260386689087,0.015535407285692804,-0.010377196581198067,True,True
SYN_D,2024-02-07,2024-02-14,3,ridge,-0.008193756495529385,-0.008193756495529385,0.3093220338983051,-0.07200781314648241,0.02645126587122778,0.0984590790177102,medium,0.04844655341339643,0.04462462737294559,-0.0038219260404508404,True,True
SYN_D,2024-02-08,2024-02-15,3,ridge,-0.008675189196946811,-0.008675189196946811,0.3093220338983051,-0.07248924584789984,0.02596983316981035,0.0984590790177102,medium,0.06239298619414835,0.07161759451930427,0.009224608325155925,True,True
SYN_D,2024-02-09,2024-02-16,3,ridge,-0.007026745558092911,-0.007026745558092911,0.3093220338983051,-0.07084080220904594,0.02761827680866425,0.0984590790177102,medium,0.06984912355983286,0.06801262852765522,-0.001836495032177643,True,True
SYN_D,2024-02-12,2024-02-19,3,ridge,-0.007569911108099266,-0.007569911108099266,0.3093220338983051,-0.0713839677590523,0.0270751112586579,0.0984590790177102,medium,0.0600339863080398,0.05666699068480141,-0.003366995623238389,True,True
SYN_D,2024-02-13,2024-02-20,3,ridge,-0.006310351811424291,-0.006310351811424291,0.3093220338983051,-0.07012440846237733,0.028334670555332873,0.0984590790177102,high,0.02130518405021742,0.029314981774775095,0.008009797724557677,True,True
SYN_D,2024-02-14,2024-02-21,3,ridge,-0.006960507749098461,-0.006960507749098461,0.3093220338983051,-0.07077456440005149,0.027684514617658702,0.0984590790177102,medium,-0.006875469825307734,-0.013007538295829457,-0.006132068470521723,False,False
SYN_D,2024-02-15,2024-02-22,3,ridge,-0.0048193770351443194,-0.0048193770351443194,0.3093220338983051,-0.06863343368609735,0.029825645331612846,0.0984590790177102,high,0.01026356760204472,-0.01759259412233416,-0.02785616172437888,True,False
SYN_D,2024-02-16,2024-02-23,3,ridge,-0.005513081378146153,-0.005513081378146153,0.3093220338983051,-0.06932713802909919,0.02913194098861101,0.0984590790177102,high,0.0031875260994567167,-0.023506563547378567,-0.026694089646835284,True,False
SYN_E,2024-01-12,2024-01-19,3,ridge,-0.016568658273647598,-0.016568658273647598,0.3,-0.08038271492460064,0.018076364093109566,0.0984590790177102,low,0.004302239295645549,0.009563582994820408,0.0052613436991748586,True,True
SYN_E,2024-01-15,2024-01-22,3,ridge,-0.012580356498889386,-0.012580356498889386,0.3,-0.07639441314984242,0.02206466586786778,0.0984590790177102,medium,-0.012634691197126013,-0.0012911365912298134,0.0113435546058962,False,False
SYN_E,2024-01-16,2024-01-23,3,ridge,-0.015313188062234567,-0.015313188062234567,0.3,-0.0791272447131876,0.019331834304522597,0.0984590790177102,low,0.005057626575418306,0.011171221336937931,0.006113594761519625,True,True
SYN_E,2024-01-17,2024-01-24,3,ridge,-0.014270952723160675,-0.014270952723160675,0.3,-0.07808500937411371,0.02037406964359649,0.0984590790177102,medium,0.010738280532306854,-0.005343219451846792,-0.016081499984153647,True,False
SYN_E,2024-01-18,2024-01-25,3,ridge,-0.013051579861451187,-0.013051579861451187,0.3,-0.07686563651240422,0.021593442505305975,0.0984590790177102,medium,0.003915774616796486,-0.01864564546488401,-0.022561420081680494,True,False
SYN_E,2024-01-19,2024-01-26,3,ridge,-0.015474738967034846,-0.015474738967034846,0.3,-0.07928879561798788,0.019170283399722318,0.0984590790177102,low,0.014422133987637364,-0.03106123717185283,-0.045483371159490193,True,False
SYN_E,2024-01-22,2024-01-29,3,ridge,-0.015525814277095795,-0.015525814277095795,0.3,-0.07933987092804883,0.019119208089661367,0.0984590790177102,low,0.038801427819101564,-0.017786141609368755,-0.05658756942847032,True,False
SYN_E,2024-01-23,2024-01-30,3,ridge,-0.012870745380733344,-0.012870745380733344,0.3,-0.07668480203168637,0.02177427698602382,0.0984590790177102,medium,0.05255035366648941,-0.01661542614387279,-0.0691657798103622,True,False
SYN_E,2024-01-24,2024-01-31,3,ridge,-0.01325788950425872,-0.01325788950425872,0.3,-0.07707194615521176,0.021387132862498444,0.0984590790177102,medium,0.03380531636626605,-0.013997474326764014,-0.04780279069303006,True,False
SYN_E,2024-01-25,2024-02-01,3,ridge,-0.015376003574501546,-0.015376003574501546,0.3,-0.07919006022545458,0.019269018792255618,0.0984590790177102,low,0.0408971783250206,-0.009787346514707362,-0.05068452483972796,True,False
SYN_E,2024-01-26,2024-02-02,3,ridge,-0.012951805633342918,-0.012951805633342918,0.3,-0.07676586228429595,0.021693216733414247,0.0984590790177102,medium,0.009745326334361981,-0.0213761460176507,-0.03112147235201268,True,False
SYN_E,2024-01-29,2024-02-05,3,ridge,-0.013485606642466256,-0.013485606642466256,0.3,-0.0772996632934193,0.021159415724290906,0.0984590790177102,medium,-0.004123494456483745,-0.030759877965776727,-0.026636383509292982,False,False
SYN_E,2024-01-30,2024-02-06,3,ridge,-0.012666787407992293,-0.012666787407992293,0.3,-0.07648084405894533,0.021978234958764872,0.0984590790177102,medium,-0.040680164662622476,-0.035443441774856144,0.005236722887766332,False,False
SYN_E,2024-01-31,2024-02-07,3,ridge,-0.013594572214637802,-0.013594572214637802,0.3,-0.07740862886559084,0.021050450152119364,0.0984590790177102,medium,-0.03011956503414004,-0.03989051107916275,-0.00977094604502271,False,False
SYN_E,2024-02-01,2024-02-08,3,ridge,-0.0135406334620513,-0.0135406334620513,0.3,-0.07735469011300433,0.021104388904705864,0.0984590790177102,medium,-0.05145363965414129,-0.0409981006092216,0.010455539044919693,False,False
SYN_E,2024-02-02,2024-02-09,3,ridge,-0.014780377364428263,-0.014780377364428263,0.3,-0.0785944340153813,0.0198646450023289,0.0984590790177102,low,-0.029327331518323785,-0.027584267160641884,0.0017430643576819005,False,False
SYN_E,2024-02-05,2024-02-12,3,ridge,-0.013408058327010308,-0.013408058327010308,0.3,-0.07722211497796334,0.021236964039746856,0.0984590790177102,medium,-0.03387790938866608,-0.021848533538945558,0.012029375849720525,False,False
SYN_E,2024-02-06,2024-02-13,3,ridge,-0.015070588158035577,-0.015070588158035577,0.3,-0.07888464480898862,0.019574434208721587,0.0984590790177102,low,-0.01392014038575895,-0.024297336966957017,-0.010377196581198067,False,False
SYN_E,2024-02-07,2024-02-14,3,ridge,-0.014454163472714655,-0.014454163472714655,0.3,-0.07826822012366769,0.02019085889404251,0.0984590790177102,low,-0.02699490267813165,-0.03081682871858249,-0.0038219260404508404,False,False
SYN_E,2024-02-08,2024-02-15,3,ridge,-0.012986971511432115,-0.012986971511432115,0.3,-0.07680102816238515,0.02165805085532505,0.0984590790177102,medium,-0.0503864732117385,-0.04116186488658258,0.009224608325155925,False,False
SYN_E,2024-02-09,2024-02-16,3,ridge,-0.014721289211368995,-0.014721289211368995,0.3,-0.07853534586232203,0.019923733155388167,0.0984590790177102,low,-0.030412574157920758,-0.0322490691900984,-0.001836495032177643,False,False
SYN_E,2024-02-12,2024-02-19,3,ridge,-0.013469997119754953,-0.013469997119754953,0.3,-0.07728405377070799,0.02117502524700221,0.0984590790177102,medium,-0.02805269589089099,-0.03141969151412938,-0.003366995623238389,False,False
SYN_E,2024-02-13,2024-02-20,3,ridge,-0.012983266311912205,-0.012983266311912205,0.3,-0.07679732296286523,0.02166175605484496,0.0984590790177102,medium,-0.0382770581298989,-0.030267260405341223,0.008009797724557677,False,False
SYN_E,2024-02-14,2024-02-21,3,ridge,-0.01475512335891195,-0.01475512335891195,0.3,-0.07856918000986499,0.019889899007845213,0.0984590790177102,low,-0.02985998635454945,-0.035992054825071174,-0.006132068470521723,False,False
SYN_E,2024-02-15,2024-02-22,3,ridge,-0.01313701675769707,-0.01313701675769707,0.3,-0.07695107340865011,0.021508005609060094,0.0984590790177102,medium,0.009524966899345566,-0.018331194825033315,-0.02785616172437888,True,False
SYN_E,2024-02-16,2024-02-23,3,ridge,-0.015214544181331495,-0.015214544181331495,0.3,-0.07902860083228452,0.01943047818542567,0.0984590790177102,low,-0.00012626038130547634,-0.02682035002814076,-0.026694089646835284,False,False
SYN_F,2024-01-12,2024-01-19,3,ridge,0.01740930877342819,0.01740930877342819,0.5641025641025641,-0.04640474787752484,0.05205433114018536,0.0984590790177102,low,-0.004291033444809411,0.0009703102543654474,0.0052613436991748586,False,True
SYN_F,2024-01-15,2024-01-22,3,ridge,0.017649768784683502,0.017649768784683502,0.5641025641025641,-0.046164287866269534,0.052294791151440666,0.0984590790177102,low,-0.007938701497538503,0.003404853108357697,0.0113435546058962,False,True
SYN_F,2024-01-16,2024-01-23,3,ridge,0.015737603726465918,0.015737603726465918,0.5641025641025641,-0.04807645292448712,0.05038262609322308,0.0984590790177102,low,-0.00773875760615661,-0.0016251628446369848,0.006113594761519625,False,False
SYN_F,2024-01-17,2024-01-24,3,ridge,0.015476101308606206,0.015476101308606206,0.5641025641025641,-0.04833795534234683,0.050121123675363366,0.0984590790177102,low,0.007342653077939354,-0.008738846906214293,-0.016081499984153647,True,False
SYN_F,2024-01-18,2024-01-25,3,ridge,0.014554644984002794,0.014554644984002794,0.5641025641025641,-0.04925941166695024,0.04919966735075996,0.0984590790177102,low,0.021564531531432785,-0.0009968885502477098,-0.022561420081680494,True,False
SYN_F,2024-01-19,2024-01-26,3,ridge,0.015009705420631632,0.015009705420631632,0.5641025641025641,-0.048804351230321404,0.049654727787388796,0.0984590790177102,low,0.03679829974099447,-0.008685071418495727,-0.045483371159490193,True,False
SYN_F,2024-01-22,2024-01-29,3,ridge,0.01292853718864596,0.01292853718864596,0.5641025641025641,-0.05088551946230707,0.04757355955540313,0.0984590790177102,medium,0.051653501323758455,-0.004934068104711864,-0.05658756942847032,True,False
SYN_F,2024-01-23,2024-01-30,3,ridge,0.014073812451522172,0.014073812451522172,0.5641025641025641,-0.049740244199430864,0.048718834818279336,0.0984590790177102,medium,0.07882997247969481,0.009664192669332605,-0.0691657798103622,True,True
SYN_F,2024-01-24,2024-01-31,3,ridge,0.011911100126217971,0.011911100126217971,0.5641025641025641,-0.05190295652473506,0.04655612249297514,0.0984590790177102,medium,0.07140855195309492,0.02360576126006486,-0.04780279069303006,True,True
SYN_F,2024-01-25,2024-02-01,3,ridge,0.012205381143621226,0.012205381143621226,0.5641025641025641,-0.05160867550733181,0.04685040351037839,0.0984590790177102,medium,0.06738464598711713,0.01670012114738917,-0.05068452483972796,True,True
SYN_F,2024-01-26,2024-02-02,3,ridge,0.011039836581603589,0.011039836581603589,0.5641025641025641,-0.052774220069349446,0.04568485894836075,0.0984590790177102,medium,0.06759983647981926,0.036478364127806584,-0.03112147235201268,True,True
SYN_F,2024-01-29,2024-02-05,3,ridge,0.01118500915511269,0.01118500915511269,0.5641025641025641,-0.052629047495840346,0.04583003152186985,0.0984590790177102,medium,0.053540658152701925,0.026904274643408943,-0.026636383509292982,True,True
SYN_F,2024-01-30,2024-02-06,3,ridge,0.012767092467315016,0.012767092467315016,0.5641025641025641,-0.05104696418363802,0.04741211483407218,0.0984590790177102,medium,0.02914764089924904,0.03438436378701537,0.005236722887766332,True,True
SYN_F,2024-01-31,2024-02-07,3,ridge,0.01437831368468603,0.01437831368468603,0.5641025641025641,-0.049435742966267,0.0490233360514432,0.0984590790177102,low,0.04395824064064746,0.03418729459562475,-0.00977094604502271,True,True
SYN_F,2024-02-01,2024-02-08,3,ridge,0.014986813844519487,0.014986813844519487,0.5641025641025641,-0.04882724280643355,0.04963183621127665,0.0984590790177102,low,0.013180628626671576,0.02363616767159127,0.010455539044919693,True,True
SYN_F,2024-02-02,2024-02-09,3,ridge,0.017782452764416864,0.017782452764416864,0.5641025641025641,-0.04603160388653617,0.05242747513117403,0.0984590790177102,low,-0.011777037223032916,-0.010033972865351015,0.0017430643576819005,False,False
SYN_F,2024-02-05,2024-02-12,3,ridge,0.014558911238780337,0.014558911238780337,0.5641025641025641,-0.0492551454121727,0.0492039336055375,0.0984590790177102,low,-0.04291706518738647,-0.030887689337665947,0.012029375849720525,False,False
SYN_F,2024-02-06,2024-02-13,3,ridge,0.016174807723875275,0.016174807723875275,0.5641025641025641,-0.04763924892707776,0.05081983009063244,0.0984590790177102,low,-0.027472438624629447,-0.037849635205827514,-0.010377196581198067,False,False
SYN_F,2024-02-07,2024-02-14,3,ridge,0.01774871166376694,0.01774871166376694,0.5641025641025641,-0.04606534498718609,0.05239373403052411,0.0984590790177102,low,-0.041123100126269074,-0.044945026166719915,-0.0038219260404508404,False,False
SYN_F,2024-02-08,2024-02-15,3,ridge,0.014815774483916265,0.014815774483916265,0.5641025641025641,-0.04899828216703677,0.04946079685067343,0.0984590790177102,low,-0.03082392770197029,-0.021599319376814363,0.009224608325155925,False,False
SYN_F,2024-02-09,2024-02-16,3,ridge,0.015190178781175092,0.015190178781175092,0.5641025641025641,-0.04862387786977794,0.04983520114793226,0.0984590790177102,low,0.003783449006840689,0.001946953974663046,-0.001836495032177643,True,True
SYN_F,2024-02-12,2024-02-19,3,ridge,0.01301327608336792,0.01301327608336792,0.5641025641025641,-0.050800780567585115,0.047658298450125085,0.0984590790177102,medium,0.025747380884090343,0.022380385260851954,-0.003366995623238389,True,True
SYN_F,2024-02-13,2024-02-20,3,ridge,0.014370222504127908,0.014370222504127908,0.5641025641025641,-0.04944383414682513,0.04901524487088507,0.0984590790177102,low,0.023028988387040483,0.03103878611159816,0.008009797724557677,True,True
SYN_F,2024-02-14,2024-02-21,3,ridge,0.01393620761079553,0.01393620761079553,0.5641025641025641,-0.049877849040157504,0.048581229977552695,0.0984590790177102,medium,0.046082324154185006,0.03995025568366328,-0.006132068470521723,True,True
SYN_F,2024-02-15,2024-02-22,3,ridge,0.010964594676094723,0.010964594676094723,0.5641025641025641,-0.05284946197485831,0.04560961704285189,0.0984590790177102,medium,0.048200590667427656,0.020344428943048776,-0.02785616172437888,True,True
SYN_F,2024-02-16,2024-02-23,3,ridge,0.010690923958459341,0.010690923958459341,0.5641025641025641,-0.05312313269249369,0.04533594632521651,0.0984590790177102,medium,0.033404415537740206,0.006710325890904922,-0.026694089646835284,True,True
SYN_G,2024-01-12,2024-01-19,3,ridge,-0.012303333950252952,-0.012303333950252952,0.3,-0.07611739060120598,0.02234168841650421,0.0984590790177102,medium,0.019693713428938775,0.024955057128113634,0.0052613436991748586,True,True
SYN_G,2024-01-15,2024-01-22,3,ridge,-0.012404532197222162,-0.012404532197222162,0.3,-0.0762185888481752,0.022240490169535002,0.0984590790177102,medium,0.033025217191205325,0.044368771797101525,0.0113435546058962,True,True
SYN_G,2024-01-16,2024-01-23,3,ridge,-0.011482679184936001,-0.011482679184936001,0.3,-0.07529673583588904,0.023162343181821164,0.0984590790177102,medium,-0.002527381060629663,0.003586213700889962,0.006113594761519625,False,True
SYN_G,2024-01-17,2024-01-24,3,ridge,-0.010276021244584717,-0.010276021244584717,0.3093220338983051,-0.07409007789553776,0.024369001122172447,0.0984590790177102,medium,-8.182975766868328e-05,-0.01616332974182233,-0.016081499984153647,False,False
SYN_G,2024-01-18,2024-01-25,3,ridge,-0.011362114999852676,-0.011362114999852676,0.3,-0.07517617165080571,0.023282907366904488,0.0984590790177102,medium,0.006415489382910589,-0.016145930698769906,-0.022561420081680494,True,False
SYN_G,2024-01-19,2024-01-26,3,ridge,-0.010068952925897335,-0.010068952925897335,0.3093220338983051,-0.07388300957685037,0.024576069440859827,0.0984590790177102,medium,0.02261740499201992,-0.022865966167470275,-0.045483371159490193,True,False
SYN_G,2024-01-22,2024-01-29,3,ridge,-0.00984125627860286,-0.00984125627860286,0.3093220338983051,-0.07365531292955589,0.024803766088154305,0.0984590790177102,medium,0.01823598513569913,-0.03835158429277119,-0.05658756942847032,True,False
SYN_G,2024-01-23,2024-01-30,3,ridge,-0.013449453327850499,-0.013449453327850499,0.3,-0.07726350997880353,0.021195569038906667,0.0984590790177102,medium,0.05079411197159056,-0.018371667838771644,-0.0691657798103622,True,False
SYN_G,2024-01-24,2024-01-31,3,ridge,-0.01486093405169715,-0.01486093405169715,0.3,-0.07867499070265019,0.019784088315060015,0.0984590790177102,low,0.029199451384027797,-0.018603339309002265,-0.04780279069303006,True,False
SYN_G,2024-01-25,2024-02-01,3,ridge,-0.014462942980941366,-0.014462942980941366,0.3,-0.0782769996318944,0.020182079385815798,0.0984590790177102,low,0.044310524315523625,-0.006374000524204337,-0.05068452483972796,True,False
SYN_G,2024-01-26,2024-02-02,3,ridge,-0.013784937913920145,-0.013784937913920145,0.3,-0.07759899456487318,0.02086008445283702,0.0984590790177102,medium,0.029714105861041284,-0.0014073664909713957,-0.03112147235201268,True,False
SYN_G,2024-01-29,2024-02-05,3,ridge,-0.014809369857636485,-0.014809369857636485,0.3,-0.07862342650858953,0.01983565250912068,0.0984590790177102,low,0.037051875830585224,0.010415492321292241,-0.026636383509292982,True,True
SYN_G,2024-01-30,2024-02-06,3,ridge,-0.013169399590203846,-0.013169399590203846,0.3,-0.07698345624115688,0.021475622776553318,0.0984590790177102,medium,0.025815799243753546,0.031052522131519877,0.005236722887766332,True,True
SYN_G,2024-01-31,2024-02-07,3,ridge,-0.01430330591192897,-0.01430330591192897,0.3,-0.078117362562882,0.020341716454828192,0.0984590790177102,medium,0.04112875784280978,0.03135781179778707,-0.00977094604502271,True,True
SYN_G,2024-02-01,2024-02-08,3,ridge,-0.014408762543554405,-0.014408762543554405,0.3,-0.07822281919450744,0.02023625982320276,0.0984590790177102,low,0.0048749319384615575,0.01533047098338125,0.010455539044919693,True,True
SYN_G,2024-02-02,2024-02-09,3,ridge,-0.013609541452935584,-0.013609541452935584,0.3,-0.07742359810388862,0.02103548091382158,0.0984590790177102,medium,-0.011305868086396997,-0.009562803728715097,0.0017430643576819005,False,False
SYN_G,2024-02-05,2024-02-12,3,ridge,-0.011723784771486856,-0.011723784771486856,0.3,-0.0755378414224399,0.02292123759527031,0.0984590790177102,medium,-0.010891462427921939,0.0011379134217985865,0.012029375849720525,False,True
SYN_G,2024-02-06,2024-02-13,3,ridge,-0.008744889414052335,-0.008744889414052335,0.3093220338983051,-0.07255894606500538,0.02590013295270483,0.0984590790177102,medium,0.008081139044862962,-0.0022960575363351055,-0.010377196581198067,True,False
SYN_G,2024-02-07,2024-02-14,3,ridge,-0.010326057477194818,-0.010326057477194818,0.3,-0.07414011412814786,0.024318964889562346,0.0984590790177102,medium,0.015552315606780276,0.011730389566329436,-0.0038219260404508404,True,True
SYN_G,2024-02-08,2024-02-15,3,ridge,-0.010606381226252362,-0.010606381226252362,0.3,-0.0744204378772054,0.0240386411405048,0.0984590790177102,medium,0.016110581097223076,0.025335189422379,0.009224608325155925,True,True
SYN_G,2024-02-09,2024-02-16,3,ridge,-0.013274526175526713,-0.013274526175526713,0.3,-0.07708858282647975,0.02137049619123045,0.0984590790177102,medium,0.05011115905877772,0.04827466402660008,-0.001836495032177643,True,True
SYN_G,2024-02-12,2024-02-19,3,ridge,-0.008496129634710402,-0.008496129634710402,0.3093220338983051,-0.07231018628566344,0.026148892732046763,0.0984590790177102,medium,0.042165890896796454,0.038798895273558065,-0.003366995623238389,True,True
SYN_G,2024-02-13,2024-02-20,3,ridge,-0.010645633601039933,-0.010645633601039933,0.3,-0.07445969025199296,0.02399938876571723,0.0984590790177102,medium,0.016426129653608346,0.024435927378166022,0.008009797724557677,True,True
SYN_G,2024-02-14,2024-02-21,3,ridge,-0.011383937482776486,-0.011383937482776486,0.3,-0.07519799413372952,0.023261084883980678,0.0984590790177102,medium,0.016386944206299825,0.010254875735778102,-0.006132068470521723,True,True
SYN_G,2024-02-15,2024-02-22,3,ridge,-0.009997765221532146,-0.009997765221532146,0.3093220338983051,-0.07381182187248518,0.02464725714522502,0.0984590790177102,medium,0.029153418801893594,0.001297257077514713,-0.02785616172437888,True,True
SYN_G,2024-02-16,2024-02-23,3,ridge,-0.007789323804787659,-0.007789323804787659,0.3093220338983051,-0.07160338045574069,0.026855698561969503,0.0984590790177102,medium,0.04019923252499713,0.013505142878161847,-0.026694089646835284,True,True
SYN_H,2024-01-12,2024-01-19,3,ridge,-0.020107160307454134,-0.020107160307454134,0.0,-0.08392121695840717,0.01453786205930303,0.0984590790177102,low,-0.03396229920046445,-0.028700955501289593,0.0052613436991748586,False,False
SYN_H,2024-01-15,2024-01-22,3,ridge,-0.022323174711772576,-0.022323174711772576,0.0,-0.08613723136272561,0.012321847654984588,0.0984590790177102,low,-0.037300324435102894,-0.025956769829206694,0.0113435546058962,False,False
SYN_H,2024-01-16,2024-01-23,3,ridge,-0.02021652248099383,-0.02021652248099383,0.0,-0.08403057913194686,0.014428499885763335,0.0984590790177102,low,-0.015599960008169544,-0.00948636524664992,0.006113594761519625,False,False
SYN_H,2024-01-17,2024-01-24,3,ridge,-0.01880512921989499,-0.01880512921989499,0.09626712459324811,-0.08261918587084803,0.015839893146862172,0.0984590790177102,low,0.009229625260973373,-0.0068518747231802735,-0.016081499984153647,True,False
SYN_H,2024-01-18,2024-01-25,3,ridge,-0.021864757891656685,-0.021864757891656685,0.0,-0.08567881454260973,0.01278026447510048,0.0984590790177102,low,0.017681976973289215,-0.004879443108391279,-0.022561420081680494,True,False
SYN_H,2024-01-19,2024-01-26,3,ridge,-0.02133846608043796,-0.02133846608043796,0.0,-0.085152522731391,0.013306556286319205,0.0984590790177102,low,0.04599836530809198,0.0005149941486017884,-0.045483371159490193,True,True
SYN_H,2024-01-22,2024-01-29,3,ridge,-0.021025065111347035,-0.021025065111347035,0.0,-0.08483912176230007,0.013619957255410129,0.0984590790177102,low,0.03906811420808043,-0.01751945522038989,-0.05658756942847032,True,False
SYN_H,2024-01-23,2024-01-30,3,ridge,-0.020155633763900463,-0.020155633763900463,0.0,-0.0839696904148535,0.014489388602856701,0.0984590790177102,low,0.02901656309069911,-0.040149216719663094,-0.0691657798103622,True,False
SYN_H,2024-01-24,2024-01-31,3,ridge,-0.018246295759314576,-0.018246295759314576,0.18182604311317888,-0.08206035241026761,0.016398726607442588,0.0984590790177102,low,0.004932131383833083,-0.04287065930919698,-0.04780279069303006,True,False
SYN_H,2024-01-25,2024-02-01,3,ridge,-0.019848066190112746,-0.019848066190112746,0.06014073117127372,-0.08366212284106578,0.014796956176644418,0.0984590790177102,low,0.027109634457199716,-0.023574890382528246,-0.05068452483972796,True,False
SYN_H,2024-01-26,2024-02-02,3,ridge,-0.02022999754858244,-0.02022999754858244,0.0,-0.08404405419953548,0.014415024818174724,0.0984590790177102,low,-0.010102545335548552,-0.04122401768756123,-0.03112147235201268,False,False
SYN_H,2024-01-29,2024-02-05,3,ridge,-0.02117322259257881,-0.02117322259257881,0.0,-0.08498727924353185,0.013471799774178353,0.0984590790177102,low,0.0056914923176970555,-0.020944891191595927,-0.026636383509292982,True,False
SYN_H,2024-01-30,2024-02-06,3,ridge,-0.021367945305215404,-0.021367945305215404,0.0,-0.08518200195616844,0.01327707706154176,0.0984590790177102,low,0.0024501223460813293,0.007686845233847661,0.005236722887766332,True,True
SYN_H,2024-01-31,2024-02-07,3,ridge,-0.018696080140432156,-0.018696080140432156,0.16666666666666666,-0.08251013679138519,0.015948942226325008,0.0984590790177102,low,0.022703389852662403,0.012932443807639693,-0.00977094604502271,True,True
SYN_H,2024-02-01,2024-02-08,3,ridge,-0.01878617630762659,-0.01878617630762659,0.1502530287026592,-0.08260023295857963,0.015858846059130575,0.0984590790177102,low,-0.01647243336278925,-0.006016894317869559,0.010455539044919693,False,False
SYN_H,2024-02-02,2024-02-09,3,ridge,-0.018676478279325608,-0.018676478279325608,0.16666666666666666,-0.08249053493027864,0.015968544087431556,0.0984590790177102,low,0.011290236322768266,0.013033300680450166,0.0017430643576819005,True,True
SYN_H,2024-02-05,2024-02-12,3,ridge,-0.018499235516281687,-0.018499235516281687,0.16666666666666666,-0.08231329216723472,0.016145786850475477,0.0984590790177102,low,-0.008788996785206837,0.0032403790645136876,0.012029375849720525,False,True
SYN_H,2024-02-06,2024-02-13,3,ridge,-0.019742865797964224,-0.019742865797964224,0.09090909090909091,-0.08355692244891726,0.01490215656879294,0.0984590790177102,low,-0.014449959752880104,-0.02482715633407817,-0.010377196581198067,False,False
SYN_H,2024-02-07,2024-02-14,3,ridge,-0.01834968716926773,-0.01834968716926773,0.16666666666666666,-0.08216374382022076,0.016295335197489432,0.0984590790177102,low,-0.016130216849267187,-0.019952142889718028,-0.0038219260404508404,False,False
SYN_H,2024-02-08,2024-02-15,3,ridge,-0.02051321295144744,-0.02051321295144744,0.0,-0.08432726960240047,0.014131809415309723,0.0984590790177102,low,-0.03158475272357808,-0.022360144398422155,0.009224608325155925,False,False
SYN_H,2024-02-09,2024-02-16,3,ridge,-0.018593095336982928,-0.018593095336982928,0.16666666666666666,-0.08240715198793597,0.016051927029774236,0.0984590790177102,low,-0.024612432521914918,-0.02644892755409256,-0.001836495032177643,False,False
SYN_H,2024-02-12,2024-02-19,3,ridge,-0.019215589036600585,-0.019215589036600585,0.09090909090909091,-0.08302964568755362,0.015429433330156579,0.0984590790177102,low,-0.013193750134379068,-0.016560745757617457,-0.003366995623238389,False,False
SYN_H,2024-02-13,2024-02-20,3,ridge,-0.01982954280277722,-0.01982954280277722,0.06999706254844257,-0.08364359945373026,0.014815479563979946,0.0984590790177102,low,-0.029567361983867668,-0.02155756425930999,0.008009797724557677,False,False
SYN_H,2024-02-14,2024-02-21,3,ridge,-0.018963245109329122,-0.018963245109329122,0.09090909090909091,-0.08277730176028215,0.01568177725742804,0.0984590790177102,low,-0.021777731596442917,-0.02790980006696464,-0.006132068470521723,False,False
SYN_H,2024-02-15,2024-02-22,3,ridge,-0.022399144674204573,-0.022399144674204573,0.0,-0.08621320132515761,0.01224587769255259,0.0984590790177102,low,0.003849937751988275,-0.024006223972390606,-0.02785616172437888,True,False
SYN_H,2024-02-16,2024-02-23,3,ridge,-0.02157415038960432,-0.02157415038960432,0.0,-0.08538820704055736,0.013070871977152843,0.0984590790177102,low,-0.015558559126750748,-0.04225264877358603,-0.026694089646835284,False,False
